This is XeTeX, Version 3.141592653-2.6-0.999998 (MiKTeX 26.5) (preloaded format=xelatex 2026.8.22)  22 AUG 2026 00:00
entering extended mode
 file:line:error style messages enabled.
 %&-line parsing enabled.
**./reader.tex
(reader.tex
LaTeX2e <2025-11-01>
L3 programming layer <2026-03-20>
(preamble.tex (stacks-project-book.cls
Document Class: stacks-project-book 
\linespacing=\dimen150
\normalparindent=\dimen151
\normaltopskip=\skip49
(C:\Users\<USER>\AppData\Local\Programs\MiKTeX\tex/latex/amsmath\amsmath.sty
Package: amsmath 2025/07/09 v2.17z AMS math features
\@mathmargin=\skip50

For additional information on amsmath, use the `?' option.
(C:\Users\<USER>\AppData\Local\Programs\MiKTeX\tex/latex/amsmath\amstext.sty
Package: amstext 2024/11/17 v2.01 AMS text

(C:\Users\<USER>\AppData\Local\Programs\MiKTeX\tex/latex/amsmath\amsgen.sty
File: amsgen.sty 1999/11/30 v2.0 generic functions
\@emptytoks=\toks17
\ex@=\dimen152
))
(C:\Users\<USER>\AppData\Local\Programs\MiKTeX\tex/latex/amsmath\amsbsy.sty
Package: amsbsy 1999/11/29 v1.2d Bold Symbols
\pmbraise@=\dimen153
)
(C:\Users\<USER>\AppData\Local\Programs\MiKTeX\tex/latex/amsmath\amsopn.sty
Package: amsopn 2022/04/08 v2.04 operator names
)
\inf@bad=\count271
LaTeX Info: Redefining \frac on input line 233.
\uproot@=\count272
\leftroot@=\count273
LaTeX Info: Redefining \overline on input line 398.
LaTeX Info: Redefining \colon on input line 409.
\classnum@=\count274
\DOTSCASE@=\count275
LaTeX Info: Redefining \ldots on input line 495.
LaTeX Info: Redefining \dots on input line 498.
LaTeX Info: Redefining \cdots on input line 619.
\Mathstrutbox@=\box53
\strutbox@=\box54
LaTeX Info: Redefining \big on input line 721.
LaTeX Info: Redefining \Big on input line 722.
LaTeX Info: Redefining \bigg on input line 723.
LaTeX Info: Redefining \Bigg on input line 724.
\big@size=\dimen154
LaTeX Font Info:    Redeclaring font encoding OML on input line 742.
LaTeX Font Info:    Redeclaring font encoding OMS on input line 743.
\macc@depth=\count276
LaTeX Info: Redefining \bmod on input line 904.
LaTeX Info: Redefining \pmod on input line 909.
LaTeX Info: Redefining \smash on input line 939.
LaTeX Info: Redefining \relbar on input line 969.
LaTeX Info: Redefining \Relbar on input line 970.
\c@MaxMatrixCols=\count277
\dotsspace@=\muskip17
\c@parentequation=\count278
\dspbrk@lvl=\count279
\tag@help=\toks18
\row@=\count280
\column@=\count281
\maxfields@=\count282
\andhelp@=\toks19
\eqnshift@=\dimen155
\alignsep@=\dimen156
\tagshift@=\dimen157
\tagwidth@=\dimen158
\totwidth@=\dimen159
\lineht@=\dimen160
\@envbody=\toks20
\multlinegap=\skip51
\multlinetaggap=\skip52
\mathdisplay@stack=\toks21
LaTeX Info: Redefining \[ on input line 2950.
LaTeX Info: Redefining \] on input line 2951.
)
LaTeX Font Info:    Trying to load font information for U+msa on input line 340
.

(C:\Users\<USER>\AppData\Local\Programs\MiKTeX\tex/latex/amsfonts\umsa.fd
File: umsa.fd 2013/01/14 v3.01 AMS symbols A
)
(C:\Users\<USER>\AppData\Local\Programs\MiKTeX\tex/latex/amsfonts\amsfonts.sty
Package: amsfonts 2013/01/14 v3.01 Basic AMSFonts support
\symAMSa=\mathgroup4
\symAMSb=\mathgroup5
LaTeX Font Info:    Redeclaring math symbol \hbar on input line 98.
LaTeX Font Info:    Overwriting math alphabet `\mathfrak' in version `bold'
(Font)                  U/euf/m/n --> U/euf/b/n on input line 106.
)
\copyins=\insert252
\abstractbox=\box55
\listisep=\skip53
\c@part=\count283
\c@chapter=\count284
\c@section=\count285
\c@subsection=\count286
\c@subsubsection=\count287
\c@paragraph=\count288
\c@subparagraph=\count289
\c@figure=\count290
\c@table=\count291
\abovecaptionskip=\skip54
\belowcaptionskip=\skip55
\captionindent=\dimen161
\thm@style=\toks22
\thm@bodyfont=\toks23
\thm@headfont=\toks24
\thm@notefont=\toks25
\thm@headpunct=\toks26
\thm@preskip=\skip56
\thm@postskip=\skip57
\thm@headsep=\skip58
\dth@everypar=\toks27
) (C:\Users\<USER>\AppData\Local\Programs\MiKTeX\tex/latex/tools\verbatim.sty
Package: verbatim 2024-01-22 v1.5x LaTeX2e package for verbatim enhancements
\every@verbatim=\toks28
\verbatim@line=\toks29
\verbatim@in@stream=\read2
)
(C:\Users\<USER>\AppData\Local\Programs\MiKTeX\tex/generic/xypic\xy.sty
(C:\Users\<USER>\AppData\Local\Programs\MiKTeX\tex/generic/xypic\xy.tex
Bootstrap'ing: catcodes, docmode,
(C:\Users\<USER>\AppData\Local\Programs\MiKTeX\tex/generic/xypic\xyrecat.tex)
(C:\Users\<USER>\AppData\Local\Programs\MiKTeX\tex/generic/xypic\xyidioms.tex)

 Xy-pic version 3.8.9 <2013/10/06>
 Copyright (c) 1991-2013 by Kristoffer H. Rose <krisrose@tug.org> and others
 Xy-pic is free software: see the User's Guide for details.

Loading kernel: messages; fonts; allocations: state,
\X@c=\dimen162
\Y@c=\dimen163
\U@c=\dimen164
\D@c=\dimen165
\L@c=\dimen166
\R@c=\dimen167
\Edge@c=\toks30
\X@p=\dimen168
\Y@p=\dimen169
\U@p=\dimen170
\D@p=\dimen171
\L@p=\dimen172
\R@p=\dimen173
\Edge@p=\toks31
\X@origin=\dimen174
\Y@origin=\dimen175
\X@xbase=\dimen176
\Y@xbase=\dimen177
\X@ybase=\dimen178
\Y@ybase=\dimen179
\X@min=\dimen180
\Y@min=\dimen181
\X@max=\dimen182
\Y@max=\dimen183
\lastobjectbox@=\box56
\zerodotbox@=\box57
\almostz@=\dimen184
 direction,
\d@X=\dimen185
\d@Y=\dimen186
\K@=\count292
\KK@=\count293
\Direction=\count294
\K@dXdY=\dimen187
\K@dYdX=\dimen188
\xyread@=\read3
\xywrite@=\write3
\csp@=\count295
\quotPTK@=\dimen189

utility macros; pictures: \xy, positions,
\swaptoks@@=\toks32
\connectobjectbox@@=\box58
 objects,
\styletoks@=\toks33
 decorations;
kernel objects: directionals, circles, text; options; algorithms: directions,
edges, connections;  Xy-pic loaded)
(C:\Users\<USER>\AppData\Local\Programs\MiKTeX\tex/generic/iftex\ifpdf.sty
Package: ifpdf 2019/10/25 v3.4 ifpdf legacy package. Use iftex instead.

(C:\Users\<USER>\AppData\Local\Programs\MiKTeX\tex/generic/iftex\iftex.sty
Package: iftex 2024/12/12 v1.0g TeX engine tests
))
Package: xy 2013/10/06 Xy-pic version 3.8.9

(C:\Users\<USER>\AppData\Local\Programs\MiKTeX\tex/generic/xypic\xyall.tex
 Xy-pic option: All features v.3.8
(C:\Users\<USER>\AppData\Local\Programs\MiKTeX\tex/generic/xypic\xycurve.tex
 Xy-pic option: Curve and Spline extension v.3.12 curve,
\crv@cnt@=\count296
\crvpts@=\toks34
\splinebox@=\box59
\splineval@=\dimen190
\splinedepth@=\dimen191
\splinetol@=\dimen192
\splinelength@=\dimen193
 circles,
\L@=\dimen194
 loaded)
(C:\Users\<USER>\AppData\Local\Programs\MiKTeX\tex/generic/xypic\xyframe.tex
 Xy-pic option: Frame and Bracket extension v.3.14 loaded)
(C:\Users\<USER>\AppData\Local\Programs\MiKTeX\tex/generic/xypic\xycmtip.tex
 Xy-pic option: Computer Modern tip extension v.3.7
(C:\Users\<USER>\AppData\Local\Programs\MiKTeX\tex/generic/xypic\xytips.tex
 Xy-pic option: More Tips extension v.3.11 loaded) loaded)
(C:\Users\<USER>\AppData\Local\Programs\MiKTeX\tex/generic/xypic\xyline.tex
 Xy-pic option: Line styles extension v.3.10
\xylinethick@=\dimen195
 loaded)
(C:\Users\<USER>\AppData\Local\Programs\MiKTeX\tex/generic/xypic\xyrotate.tex
 Xy-pic option: Rotate and Scale extension v.3.8 loaded)
(C:\Users\<USER>\AppData\Local\Programs\MiKTeX\tex/generic/xypic\xycolor.tex
 Xy-pic option: Colour extension v.3.11 loaded)
(C:\Users\<USER>\AppData\Local\Programs\MiKTeX\tex/generic/xypic\xymatrix.tex
 Xy-pic option: Matrix feature v.3.14
\Row=\count297
\Col=\count298
\queue@=\toks35
\queue@@=\toks36
\qcount@=\count299
\qcount@@=\count300
\matrixsize@=\count301
 loaded)
(C:\Users\<USER>\AppData\Local\Programs\MiKTeX\tex/generic/xypic\xyarrow.tex
 Xy-pic option: Arrow and Path feature v.3.9 path, \ar, loaded)
(C:\Users\<USER>\AppData\Local\Programs\MiKTeX\tex/generic/xypic\xygraph.tex
 Xy-pic option: Graph feature v.3.11 loaded) loaded))
(C:\Users\<USER>\AppData\Local\Programs\MiKTeX\tex/generic/xypic\xy2cell.tex
 Xy-pic option: Two-cell feature v.3.7 two-cells, loaded)
(C:\Users\<USER>\AppData\Local\Programs\MiKTeX\tex/latex/tools\multicol.sty
Package: multicol 2025/10/21 v2.0b multicolumn formatting (FMi)
\c@tracingmulticols=\count302
\mult@box=\box60
\multicol@leftmargin=\dimen196
\c@unbalance=\count303
\c@collectmore=\count304
\doublecol@number=\count305
\multicoltolerance=\count306
\multicolpretolerance=\count307
\full@width=\dimen197
\page@free=\dimen198
\premulticols=\dimen199
\postmulticols=\dimen256
\multicolsep=\skip59
\multicolbaselineskip=\skip60
\partial@page=\box61
\last@line=\box62
\mc@boxedresult=\box63
\maxbalancingoverflow=\dimen257
\mult@rightbox=\box64
\mult@grightbox=\box65
\mult@firstbox=\box66
\mult@gfirstbox=\box67
\@tempa=\box68
\@tempa=\box69
\@tempa=\box70
\@tempa=\box71
\@tempa=\box72
\@tempa=\box73
\@tempa=\box74
\@tempa=\box75
\@tempa=\box76
\@tempa=\box77
\@tempa=\box78
\@tempa=\box79
\@tempa=\box80
\@tempa=\box81
\@tempa=\box82
\@tempa=\box83
\@tempa=\box84
\@tempa=\box85
\@tempa=\box86
\@tempa=\box87
\@tempa=\box88
\@tempa=\box89
\@tempa=\box90
\@tempa=\box91
\@tempa=\box92
\@tempa=\box93
\@tempa=\box94
\@tempa=\box95
\@tempa=\box96
\@tempa=\box97
\@tempa=\box98
\@tempa=\box99
\@tempa=\box100
\@tempa=\box101
\@tempa=\box102
\@tempa=\box103
\c@minrows=\count308
\c@columnbadness=\count309
\c@finalcolumnbadness=\count310
\last@try=\dimen258
\multicolovershoot=\dimen259
\multicolundershoot=\dimen260
\mult@nat@firstbox=\box104
\colbreak@box=\box105
\mc@col@check@num=\count311
\g__mc_curr_col_int=\count312
)
(C:\Users\<USER>\AppData\Local\Programs\MiKTeX\tex/latex/graphics\graphicx.sty
Package: graphicx 2024/12/31 v1.2e Enhanced LaTeX Graphics (DPC,SPQR)

(C:\Users\<USER>\AppData\Local\Programs\MiKTeX\tex/latex/graphics\keyval.sty
Package: keyval 2022/05/29 v1.15 key=value parser (DPC)
\KV@toks@=\toks37
)
(C:\Users\<USER>\AppData\Local\Programs\MiKTeX\tex/latex/graphics\graphics.sty
Package: graphics 2024/08/06 v1.4g Standard LaTeX Graphics (DPC,SPQR)

(C:\Users\<USER>\AppData\Local\Programs\MiKTeX\tex/latex/graphics\trig.sty
Package: trig 2023/12/02 v1.11 sin cos tan (DPC)
)
(C:\Users\<USER>\AppData\Local\Programs\MiKTeX\tex/latex/graphics-cfg\graphics.
cfg
File: graphics.cfg 2016/06/04 v1.11 sample graphics configuration
)
Package graphics Info: Driver file: xetex.def on input line 106.

(C:\Users\<USER>\AppData\Local\Programs\MiKTeX\tex/latex/graphics-def\xetex.def
File: xetex.def 2025/11/01 v5.0p Graphics/color driver for xetex
))
\Gin@req@height=\dimen261
\Gin@req@width=\dimen262
)
(C:\Users\<USER>\AppData\Local\Programs\MiKTeX\tex/latex/fontspec\fontspec.sty
(C:\Users\<USER>\AppData\Local\Programs\MiKTeX\tex/latex/l3packages/xparse\xpar
se.sty
(C:\Users\<USER>\AppData\Local\Programs\MiKTeX\tex/latex/l3kernel\expl3.sty
Package: expl3 2026-03-20 L3 programming layer (loader) 

(C:\Users\<USER>\AppData\Local\Programs\MiKTeX\tex/latex/l3backend\l3backend-xe
tex.def
File: l3backend-xetex.def 2026-02-18 L3 backend support: XeTeX
\g__graphics_track_int=\count313
\g__pdfannot_backend_int=\count314
\g__pdfannot_backend_link_int=\count315
))
Package: xparse 2025-10-09 L3 Experimental document command parser
)
Package: fontspec 2025/09/29 v2.9g Font selection for XeLaTeX and LuaLaTeX

(C:\Users\<USER>\AppData\Local\Programs\MiKTeX\tex/latex/fontspec\fontspec-xete
x.sty
Package: fontspec-xetex 2025/09/29 v2.9g Font selection for XeLaTeX and LuaLaTe
X
\l__fontspec_script_int=\count316
\l__fontspec_language_int=\count317
\l__fontspec_strnum_int=\count318
\l__fontspec_tmp_int=\count319
\l__fontspec_tmpa_int=\count320
\l__fontspec_tmpb_int=\count321
\l__fontspec_tmpc_int=\count322
\l__fontspec_em_int=\count323
\l__fontspec_emdef_int=\count324
\l__fontspec_strong_int=\count325
\l__fontspec_strongdef_int=\count326
\l__fontspec_tmpa_dim=\dimen263
\l__fontspec_tmpb_dim=\dimen264
\l__fontspec_tmpc_dim=\dimen265
 (C:\Users\<USER>\AppData\Local\Programs\MiKTeX\tex/latex/base\fontenc.sty
Package: fontenc 2025/07/18 v2.1d Standard LaTeX package
)
(C:\Users\<USER>\AppData\Local\Programs\MiKTeX\tex/latex/fontspec\fontspec.cfg)
)) (C:\Users\<USER>\AppData\Local\Programs\MiKTeX\tex/xelatex/xecjk\xeCJK.sty

LaTeX Warning: You have requested release `2026/06/01' of LaTeX,
               but only release `2025-11-01' is available.

Package: xeCJK 2026/08/07 v3.10.5 Typesetting CJK scripts with XeLaTeX
(C:\Users\<USER>\AppData\Local\Programs\MiKTeX\tex/latex/ctex\ctexhook.sty

LaTeX Warning: You have requested release `2026/06/01' of LaTeX,
               but only release `2025-11-01' is available.

Package: ctexhook 2026/07/13 v2.6.4 Document and package hooks (CTEX)
) (C:\Users\<USER>\AppData\Local\Programs\MiKTeX\tex/latex/ctex\ctexpatch.sty

LaTeX Warning: You have requested release `2026/06/01' of LaTeX,
               but only release `2025-11-01' is available.

Package: ctexpatch 2026/07/13 v2.6.4 Patching commands (CTEX)
)
(C:\Users\<USER>\AppData\Local\Programs\MiKTeX\tex/latex/l3packages/xtemplate\x
template.sty
Package: xtemplate 2025-10-09 L3 Experimental prototype document functions
)
\l__xeCJK_tmp_int=\count327
\l__xeCJK_tmp_box=\box106
\l__xeCJK_tmp_dim=\dimen266
\l__xeCJK_tmp_skip=\skip61
\g__xeCJK_space_factor_int=\count328
\l__xeCJK_begin_int=\count329
\l__xeCJK_end_int=\count330
\c__xeCJK_CJK_class_int=\XeTeXcharclass1
\c__xeCJK_FullLeft_class_int=\XeTeXcharclass2
\c__xeCJK_FullRight_class_int=\XeTeXcharclass3
\c__xeCJK_HalfLeft_class_int=\XeTeXcharclass4
\c__xeCJK_HalfRight_class_int=\XeTeXcharclass5
\c__xeCJK_NormalSpace_class_int=\XeTeXcharclass6
\c__xeCJK_CM_class_int=\XeTeXcharclass7
\c__xeCJK_HangulJamo_class_int=\XeTeXcharclass8
\c__xeCJK_HangulJamoL_class_int=\XeTeXcharclass9
\c__xeCJK_HangulJamoV_class_int=\XeTeXcharclass10
\c__xeCJK_HangulJamoT_class_int=\XeTeXcharclass11
\c__xeCJK_CJStarter_class_int=\XeTeXcharclass12
\c__xeCJK_PoZheHao_class_int=\XeTeXcharclass13
\l__xeCJK_interword_dim=\dimen267
\l__xeCJK_last_skip=\skip62
\c__xeCJK_none_node=\count331
\g__xeCJK_node_int=\count332
\c__xeCJK_CJK_node_dim=\dimen268
\c__xeCJK_CJK-space_node_dim=\dimen269
\c__xeCJK_default_node_dim=\dimen270
\c__xeCJK_CJK-widow_node_dim=\dimen271
\c__xeCJK_normalspace_node_dim=\dimen272
\c__xeCJK_default-space_node_skip=\skip63
\c__xeCJK_math_node_dim=\dimen273
\c__xeCJK_math-space_node_dim=\dimen274
\c__xeCJK_math-space-frozen_node_dim=\dimen275
\g__xeCJK_boundary_capture_depth_int=\count333
\g__xeCJK_boundary_suspend_depth_int=\count334
\g__xeCJK_boundary_capture_1_box=\box107
\g__xeCJK_boundary_capture_2_box=\box108
\g__xeCJK_boundary_capture_3_box=\box109
\l__xeCJK_boundary_post_box=\box110
\l__xeCJK_boundary_math_skip=\skip64
\l__xeCJK_boundary_math_actual_skip=\skip65
\l__xeCJK_boundary_math_ecglue_skip=\skip66
\l__xeCJK_boundary_math_delta_skip=\skip67
\l__xeCJK_boundary_math_space_dim=\dimen276
\l__xeCJK_boundary_math_ecglue_dim=\dimen277
\l__xeCJK_boundary_math_stretch_dim=\dimen278
\l__xeCJK_boundary_math_shrink_dim=\dimen279
\g__xeCJK_boundary_probe_type_int=\count335
\l__xeCJK_boundary_probe_box=\box111
\l__xeCJK_ccglue_skip=\skip68
\l__xeCJK_ecglue_skip=\skip69
\g__xeCJK_par_guard_dim=\dimen280
\l__xeCJK_punct_kern_skip=\skip70
\l__xeCJK_indent_box=\box112
\l__xeCJK_last_penalty_int=\count336
\l__xeCJK_last_bound_dim=\dimen281
\l__xeCJK_last_kern_dim=\dimen282
\l__xeCJK_widow_penalty_int=\count337

LaTeX template Info: Declaring template type 'xeCJK/punctuation' taking 0
(template)           argument(s) on line 4836.

\l__xeCJK_fixed_punct_width_dim=\dimen283
\l__xeCJK_mixed_punct_width_dim=\dimen284
\l__xeCJK_middle_punct_width_dim=\dimen285
\l__xeCJK_fixed_margin_width_dim=\dimen286
\l__xeCJK_mixed_margin_width_dim=\dimen287
\l__xeCJK_middle_margin_width_dim=\dimen288
\l__xeCJK_bound_punct_width_dim=\dimen289
\l__xeCJK_bound_margin_width_dim=\dimen290
\l__xeCJK_margin_minimum_dim=\dimen291
\l__xeCJK_kerning_total_width_dim=\dimen292
\l__xeCJK_same_align_margin_dim=\dimen293
\l__xeCJK_different_align_margin_dim=\dimen294
\l__xeCJK_kerning_margin_width_dim=\dimen295
\l__xeCJK_kerning_margin_minimum_dim=\dimen296
\l__xeCJK_bound_dim=\dimen297
\l__xeCJK_reverse_bound_dim=\dimen298
\l__xeCJK_margin_dim=\dimen299
\l__xeCJK_minimum_bound_dim=\dimen300
\l__xeCJK_kerning_margin_dim=\dimen301
\g__xeCJK_family_int=\count338
\l__xeCJK_fam_int=\count339
\g__xeCJK_fam_allocation_int=\count340
\l__xeCJK_verb_case_int=\count341
\l__xeCJK_verb_exspace_skip=\skip71
\l__xeCJK_default_char_int=\count342

(C:\Users\<USER>\AppData\Local\Programs\MiKTeX\tex/xelatex/xecjk\xeCJK.cfg
File: xeCJK.cfg 2026/08/07 v3.10.5 Configuration file for xeCJK package
))

Package fontspec Info: 
(fontspec)             Font family 'LatinModernRoman(0)' created for font
(fontspec)             'Latin Modern Roman' with options
(fontspec)             [Ligatures=TeX,Ligatures=TeX].
(fontspec)              
(fontspec)              This font family consists of the following NFSS
(fontspec)             series/shapes:
(fontspec)              
(fontspec)             - 'normal' (m/n) with NFSS spec.: <->"Latin Modern
(fontspec)             Roman/OT:script=latn;language=dflt;mapping=tex-text;"
(fontspec)             - 'bold' (b/n) with NFSS spec.: <->"Latin Modern
(fontspec)             Roman/B/OT:script=latn;language=dflt;mapping=tex-text;"
(fontspec)             - 'italic' (m/it) with NFSS spec.: <->"Latin Modern
(fontspec)             Roman/I/OT:script=latn;language=dflt;mapping=tex-text;"
(fontspec)             - 'bold italic' (b/it) with NFSS spec.: <->"Latin
(fontspec)             Modern
(fontspec)             Roman/BI/OT:script=latn;language=dflt;mapping=tex-text;"



Package fontspec Info: 
(fontspec)             Font family 'LatinModernSans(0)' created for font
(fontspec)             'Latin Modern Sans' with options
(fontspec)             [Ligatures=TeX,Ligatures=TeX].
(fontspec)              
(fontspec)              This font family consists of the following NFSS
(fontspec)             series/shapes:
(fontspec)              
(fontspec)             - 'normal' (m/n) with NFSS spec.: <->"Latin Modern
(fontspec)             Sans/OT:script=latn;language=dflt;mapping=tex-text;"
(fontspec)             - 'bold' (b/n) with NFSS spec.: <->"Latin Modern
(fontspec)             Sans/B/OT:script=latn;language=dflt;mapping=tex-text;"
(fontspec)             - 'italic' (m/it) with NFSS spec.: <->"Latin Modern
(fontspec)             Sans/I/OT:script=latn;language=dflt;mapping=tex-text;"
(fontspec)             - 'bold italic' (b/it) with NFSS spec.: <->"Latin
(fontspec)             Modern
(fontspec)             Sans/BI/OT:script=latn;language=dflt;mapping=tex-text;"


Package fontspec Info: 
(fontspec)             Could not resolve font "Latin Modern Mono/B" (it
(fontspec)             probably doesn't exist).


Package fontspec Info: 
(fontspec)             Font family 'LatinModernMono(0)' created for font
(fontspec)             'Latin Modern Mono' with options
(fontspec)             [Ligatures=TeX,WordSpace={1,0,0},HyphenChar=None,Punctua
tionSpace=WordSpace].
(fontspec)              
(fontspec)              This font family consists of the following NFSS
(fontspec)             series/shapes:
(fontspec)              
(fontspec)             - 'normal' (m/n) with NFSS spec.: <->"Latin Modern
(fontspec)             Mono/OT:script=latn;language=dflt;mapping=tex-text;"
(fontspec)             - 'italic' (m/it) with NFSS spec.: <->"Latin Modern
(fontspec)             Mono/I/OT:script=latn;language=dflt;mapping=tex-text;"
(fontspec)             - 'bold italic' (b/it) with NFSS spec.: <->"Latin
(fontspec)             Modern
(fontspec)             Mono/BI/OT:script=latn;language=dflt;mapping=tex-text;"


Package fontspec Info: 
(fontspec)             Font family 'NotoSerifCJKSC(0)' created for font 'Noto
(fontspec)             Serif CJK SC' with options
(fontspec)             [Ligatures=TeX,Script={CJK},AutoFakeSlant={0.2}].
(fontspec)              
(fontspec)              This font family consists of the following NFSS
(fontspec)             series/shapes:
(fontspec)              
(fontspec)             - 'normal' (m/n) with NFSS spec.: <->"Noto Serif CJK
(fontspec)             SC/OT:script=hani;language=dflt;mapping=tex-text;"
(fontspec)             - 'bold' (b/n) with NFSS spec.: <->"Noto Serif CJK
(fontspec)             SC/B/OT:script=hani;language=dflt;mapping=tex-text;"
(fontspec)             - 'italic' (m/it) with NFSS spec.: <->"Noto Serif CJK
(fontspec)             SC/OT:script=hani;language=dflt;slant=0.2;mapping=tex-te
xt;"
(fontspec)             - 'bold italic' (b/it) with NFSS spec.: <->"Noto Serif
(fontspec)             CJK
(fontspec)             SC/B/OT:script=hani;language=dflt;mapping=tex-text;"


Package fontspec Info: 
(fontspec)             Could not resolve font "Noto Serif CJK SC/I" (it
(fontspec)             probably doesn't exist).


Package fontspec Info: 
(fontspec)             Font family 'NotoSerifCJKSC(1)' created for font 'Noto
(fontspec)             Serif CJK SC' with options [Ligatures=TeX].
(fontspec)              
(fontspec)              This font family consists of the following NFSS
(fontspec)             series/shapes:
(fontspec)              
(fontspec)             - 'normal' (m/n) with NFSS spec.: <->"Noto Serif CJK
(fontspec)             SC/OT:script=latn;language=dflt;mapping=tex-text;"
(fontspec)             - 'bold' (b/n) with NFSS spec.: <->"Noto Serif CJK
(fontspec)             SC/B/OT:script=latn;language=dflt;mapping=tex-text;"
(fontspec)             - 'bold italic' (b/it) with NFSS spec.: <->"Noto Serif
(fontspec)             CJK
(fontspec)             SC/BI/OT:script=latn;language=dflt;mapping=tex-text;"


(C:\Users\<USER>\AppData\Local\Programs\MiKTeX\tex/latex/geometry\geometry.sty
Package: geometry 2026/03/07 v6.0 Page Geometry

(C:\Users\<USER>\AppData\Local\Programs\MiKTeX\tex/generic/iftex\ifvtex.sty
Package: ifvtex 2019/10/25 v1.7 ifvtex legacy package. Use iftex instead.
)
\Gm@cnth=\count343
\Gm@cntv=\count344
\c@Gm@tempcnt=\count345
\Gm@bindingoffset=\dimen302
\Gm@wd@mp=\dimen303
\Gm@odd@mp=\dimen304
\Gm@even@mp=\dimen305
\Gm@layoutwidth=\dimen306
\Gm@layoutheight=\dimen307
\Gm@layouthoffset=\dimen308
\Gm@layoutvoffset=\dimen309
\Gm@dimlist=\toks38

(C:\Users\<USER>\AppData\Local\Programs\MiKTeX\tex/latex/geometry\geometry.cfg)
)
(C:\Users\<USER>\AppData\Local\Programs\MiKTeX\tex/latex/hyperref\hyperref.sty
Package: hyperref 2026-04-24 v7.01q Hypertext links for LaTeX

(C:\Users\<USER>\AppData\Local\Programs\MiKTeX\tex/latex/kvsetkeys\kvsetkeys.st
y
Package: kvsetkeys 2022-10-05 v1.19 Key value parser (HO)
)
(C:\Users\<USER>\AppData\Local\Programs\MiKTeX\tex/generic/kvdefinekeys\kvdefin
ekeys.sty
Package: kvdefinekeys 2019-12-19 v1.6 Define keys (HO)
)
(C:\Users\<USER>\AppData\Local\Programs\MiKTeX\tex/generic/pdfescape\pdfescape.
sty
Package: pdfescape 2019/12/09 v1.15 Implements pdfTeX's escape features (HO)

(C:\Users\<USER>\AppData\Local\Programs\MiKTeX\tex/generic/ltxcmds\ltxcmds.sty
Package: ltxcmds 2023-12-04 v1.26 LaTeX kernel commands for general use (HO)
)
(C:\Users\<USER>\AppData\Local\Programs\MiKTeX\tex/generic/pdftexcmds\pdftexcmd
s.sty
Package: pdftexcmds 2020-06-27 v0.33 Utility functions of pdfTeX for LuaTeX (HO
)

(C:\Users\<USER>\AppData\Local\Programs\MiKTeX\tex/generic/infwarerr\infwarerr.
sty
Package: infwarerr 2019/12/03 v1.5 Providing info/warning/error messages (HO)
)
Package pdftexcmds Info: \pdf@primitive is available.
Package pdftexcmds Info: \pdf@ifprimitive is available.
Package pdftexcmds Info: \pdfdraftmode not found.
))
(C:\Users\<USER>\AppData\Local\Programs\MiKTeX\tex/latex/hycolor\hycolor.sty
Package: hycolor 2020-01-27 v1.10 Color options for hyperref/bookmark (HO)
)
(C:\Users\<USER>\AppData\Local\Programs\MiKTeX\tex/latex/hyperref\nameref.sty
Package: nameref 2026-01-29 v2.58 Cross-referencing by name of section

(C:\Users\<USER>\AppData\Local\Programs\MiKTeX\tex/latex/refcount\refcount.sty
Package: refcount 2019/12/15 v3.6 Data extraction from label references (HO)
)
(C:\Users\<USER>\AppData\Local\Programs\MiKTeX\tex/generic/gettitlestring\getti
tlestring.sty
Package: gettitlestring 2019/12/15 v1.6 Cleanup title references (HO)

(C:\Users\<USER>\AppData\Local\Programs\MiKTeX\tex/latex/kvoptions\kvoptions.st
y
Package: kvoptions 2022-06-15 v3.15 Key value format for package options (HO)
))
\c@section@level=\count346
)
(C:\Users\<USER>\AppData\Local\Programs\MiKTeX\tex/latex/etoolbox\etoolbox.sty
Package: etoolbox 2025/10/02 v2.5m e-TeX tools for LaTeX (JAW)
\etb@tempcnta=\count347
)
(C:\Users\<USER>\AppData\Local\Programs\MiKTeX\tex/generic/stringenc\stringenc.
sty
Package: stringenc 2019/11/29 v1.12 Convert strings between diff. encodings (HO
)
)
\@linkdim=\dimen310
\Hy@linkcounter=\count348
\Hy@pagecounter=\count349

(C:\Users\<USER>\AppData\Local\Programs\MiKTeX\tex/latex/hyperref\pd1enc.def
File: pd1enc.def 2026-04-24 v7.01q Hyperref: PDFDocEncoding definition (HO)
)
(C:\Users\<USER>\AppData\Local\Programs\MiKTeX\tex/generic/intcalc\intcalc.sty
Package: intcalc 2019/12/15 v1.3 Expandable calculations with integers (HO)
)
\Hy@SavedSpaceFactor=\count350
(C:\Users\<USER>\AppData\Local\Programs\MiKTeX\tex/latex/hyperref\puenc.def
File: puenc.def 2026-04-24 v7.01q Hyperref: PDF Unicode definition (HO)
)
Package hyperref Info: Hyper figures OFF on input line 4199.
Package hyperref Info: Link nesting OFF on input line 4204.
Package hyperref Info: Hyper index ON on input line 4207.
Package hyperref Info: Plain pages OFF on input line 4214.
Package hyperref Info: Backreferencing OFF on input line 4219.
Package hyperref Info: Implicit mode ON; LaTeX internals redefined.
Package hyperref Info: Bookmarks ON on input line 4466.
\c@Hy@tempcnt=\count351

(C:\Users\<USER>\AppData\Local\Programs\MiKTeX\tex/latex/url\url.sty
\Urlmuskip=\muskip18
Package: url 2013/09/16  ver 3.4  Verb mode for urls, etc.
)
LaTeX Info: Redefining \url on input line 4805.
\XeTeXLinkMargin=\dimen311

(C:\Users\<USER>\AppData\Local\Programs\MiKTeX\tex/generic/bitset\bitset.sty
Package: bitset 2019/12/09 v1.3 Handle bit-vector datatype (HO)

(C:\Users\<USER>\AppData\Local\Programs\MiKTeX\tex/generic/bigintcalc\bigintcal
c.sty
Package: bigintcalc 2019/12/15 v1.5 Expandable calculations on big integers (HO
)
))
\Fld@menulength=\count352
\Field@Width=\dimen312
\Fld@charsize=\dimen313
Package hyperref Info: Hyper figures OFF on input line 6091.
Package hyperref Info: Link nesting OFF on input line 6096.
Package hyperref Info: Hyper index ON on input line 6099.
Package hyperref Info: backreferencing OFF on input line 6106.
Package hyperref Info: Link coloring OFF on input line 6111.
Package hyperref Info: Link coloring with OCG OFF on input line 6116.
Package hyperref Info: PDF/A mode OFF on input line 6121.
\Hy@abspage=\count353
\c@Item=\count354
\c@Hfootnote=\count355
)
Package hyperref Info: Driver (autodetected): hxetex.

(C:\Users\<USER>\AppData\Local\Programs\MiKTeX\tex/latex/hyperref\hxetex.def
File: hxetex.def 2026-04-24 v7.01q Hyperref driver for XeTeX
\pdfm@box=\box113
\c@Hy@AnnotLevel=\count356
\HyField@AnnotCount=\count357
\Fld@listcount=\count358
\c@bookmark@seq@number=\count359

(C:\Users\<USER>\AppData\Local\Programs\MiKTeX\tex/latex/rerunfilecheck\rerunfi
lecheck.sty
Package: rerunfilecheck 2025-06-21 v1.11 Rerun checks for auxiliary files (HO)

(C:\Users\<USER>\AppData\Local\Programs\MiKTeX\tex/generic/uniquecounter\unique
counter.sty
Package: uniquecounter 2019/12/15 v1.4 Provide unlimited unique counter (HO)
)
Package uniquecounter Info: New unique counter `rerunfilecheck' on input line 2
84.
)
\Hy@SectionHShift=\skip72
)
Package hyperref Info: Option `unicode' set `true' on input line 72.
 (tagrefs.tex))
(C:\Users\<USER>\Documents\interlanguage\03_projects\language_management\cjk\03
_working_translations\stacks_cjk_20260821\canon\zh-hans-cn\build\stacks-zh-hans
-cn-partial.aux)
\openout1 = `stacks-zh-hans-cn-partial.aux'.

LaTeX Font Info:    Checking defaults for OML/cmm/m/it on input line 2.
LaTeX Font Info:    ... okay on input line 2.
LaTeX Font Info:    Checking defaults for OMS/cmsy/m/n on input line 2.
LaTeX Font Info:    ... okay on input line 2.
LaTeX Font Info:    Checking defaults for OT1/cmr/m/n on input line 2.
LaTeX Font Info:    ... okay on input line 2.
LaTeX Font Info:    Checking defaults for T1/cmr/m/n on input line 2.
LaTeX Font Info:    ... okay on input line 2.
LaTeX Font Info:    Checking defaults for TS1/cmr/m/n on input line 2.
LaTeX Font Info:    ... okay on input line 2.
LaTeX Font Info:    Checking defaults for TU/lmr/m/n on input line 2.
LaTeX Font Info:    ... okay on input line 2.
LaTeX Font Info:    Checking defaults for OMX/cmex/m/n on input line 2.
LaTeX Font Info:    ... okay on input line 2.
LaTeX Font Info:    Checking defaults for U/cmr/m/n on input line 2.
LaTeX Font Info:    ... okay on input line 2.
LaTeX Font Info:    Checking defaults for PD1/pdf/m/n on input line 2.
LaTeX Font Info:    ... okay on input line 2.
LaTeX Font Info:    Checking defaults for PU/pdf/m/n on input line 2.
LaTeX Font Info:    ... okay on input line 2.
LaTeX Font Info:    Trying to load font information for U+msa on input line 2.

(C:\Users\<USER>\AppData\Local\Programs\MiKTeX\tex/latex/amsfonts\umsa.fd
File: umsa.fd 2013/01/14 v3.01 AMS symbols A
)
LaTeX Font Info:    Trying to load font information for U+msb on input line 2.

(C:\Users\<USER>\AppData\Local\Programs\MiKTeX\tex/latex/amsfonts\umsb.fd
File: umsb.fd 2013/01/14 v3.01 AMS symbols B
)

Package fontspec Info: 
(fontspec)             Adjusting the maths setup (use [no-math] to avoid
(fontspec)             this).

\symlegacymaths=\mathgroup6
LaTeX Font Info:    Overwriting symbol font `legacymaths' in version `bold'
(Font)                  OT1/cmr/m/n --> OT1/cmr/bx/n on input line 2.
LaTeX Font Info:    Redeclaring math accent \acute on input line 2.
LaTeX Font Info:    Redeclaring math accent \grave on input line 2.
LaTeX Font Info:    Redeclaring math accent \ddot on input line 2.
LaTeX Font Info:    Redeclaring math accent \tilde on input line 2.
LaTeX Font Info:    Redeclaring math accent \bar on input line 2.
LaTeX Font Info:    Redeclaring math accent \breve on input line 2.
LaTeX Font Info:    Redeclaring math accent \check on input line 2.
LaTeX Font Info:    Redeclaring math accent \hat on input line 2.
LaTeX Font Info:    Redeclaring math accent \dot on input line 2.
LaTeX Font Info:    Redeclaring math accent \mathring on input line 2.
LaTeX Font Info:    Redeclaring math symbol \Gamma on input line 2.
LaTeX Font Info:    Redeclaring math symbol \Delta on input line 2.
LaTeX Font Info:    Redeclaring math symbol \Theta on input line 2.
LaTeX Font Info:    Redeclaring math symbol \Lambda on input line 2.
LaTeX Font Info:    Redeclaring math symbol \Xi on input line 2.
LaTeX Font Info:    Redeclaring math symbol \Pi on input line 2.
LaTeX Font Info:    Redeclaring math symbol \Sigma on input line 2.
LaTeX Font Info:    Redeclaring math symbol \Upsilon on input line 2.
LaTeX Font Info:    Redeclaring math symbol \Phi on input line 2.
LaTeX Font Info:    Redeclaring math symbol \Psi on input line 2.
LaTeX Font Info:    Redeclaring math symbol \Omega on input line 2.
LaTeX Font Info:    Redeclaring math symbol \mathdollar on input line 2.
LaTeX Font Info:    Redeclaring symbol font `operators' on input line 2.
LaTeX Font Info:    Encoding `OT1' has changed to `TU' for symbol font
(Font)              `operators' in the math version `normal' on input line 2.
LaTeX Font Info:    Overwriting symbol font `operators' in version `normal'
(Font)                  OT1/cmr/m/n --> TU/LatinModernRoman(0)/m/n on input lin
e 2.
LaTeX Font Info:    Encoding `OT1' has changed to `TU' for symbol font
(Font)              `operators' in the math version `bold' on input line 2.
LaTeX Font Info:    Overwriting symbol font `operators' in version `bold'
(Font)                  OT1/cmr/bx/n --> TU/LatinModernRoman(0)/m/n on input li
ne 2.
LaTeX Font Info:    Overwriting symbol font `operators' in version `normal'
(Font)                  TU/LatinModernRoman(0)/m/n --> TU/LatinModernRoman(0)/m
/n on input line 2.
LaTeX Font Info:    Overwriting math alphabet `\mathit' in version `normal'
(Font)                  OT1/cmr/m/it --> TU/LatinModernRoman(0)/m/it on input l
ine 2.
LaTeX Font Info:    Overwriting math alphabet `\mathbf' in version `normal'
(Font)                  OT1/cmr/bx/n --> TU/LatinModernRoman(0)/b/n on input li
ne 2.
LaTeX Font Info:    Overwriting math alphabet `\mathsf' in version `normal'
(Font)                  OT1/cmss/m/n --> TU/LatinModernSans(0)/m/n on input lin
e 2.
LaTeX Font Info:    Overwriting math alphabet `\mathtt' in version `normal'
(Font)                  OT1/cmtt/m/n --> TU/LatinModernMono(0)/m/n on input lin
e 2.
LaTeX Font Info:    Overwriting symbol font `operators' in version `bold'
(Font)                  TU/LatinModernRoman(0)/m/n --> TU/LatinModernRoman(0)/b
/n on input line 2.
LaTeX Font Info:    Overwriting math alphabet `\mathit' in version `bold'
(Font)                  OT1/cmr/bx/it --> TU/LatinModernRoman(0)/b/it on input 
line 2.
LaTeX Font Info:    Overwriting math alphabet `\mathsf' in version `bold'
(Font)                  OT1/cmss/bx/n --> TU/LatinModernSans(0)/b/n on input li
ne 2.
LaTeX Font Info:    Overwriting math alphabet `\mathtt' in version `bold'
(Font)                  OT1/cmtt/m/n --> TU/LatinModernMono(0)/b/n on input lin
e 2.

*geometry* driver: auto-detecting
*geometry* detected driver: xetex
*geometry* verbose mode - [ preamble ] result:
* driver: xetex
* paper: a4paper
* layout: <same size as paper>
* layoutoffset:(h,v)=(0.0pt,0.0pt)
* modes: 
* h-part:(L,W,R)=(62.59605pt, 472.31577pt, 62.59605pt)
* v-part:(T,H,B)=(68.2866pt, 702.78308pt, 73.97716pt)
* \paperwidth=597.50787pt
* \paperheight=845.04684pt
* \textwidth=472.31577pt
* \textheight=702.78308pt
* \oddsidemargin=-9.67393pt
* \evensidemargin=-9.67393pt
* \topmargin=-37.9003pt
* \headheight=14.0pt
* \headsep=19.91692pt
* \topskip=10.0pt
* \footskip=39.83385pt
* \marginparwidth=90.0pt
* \marginparsep=11.0pt
* \columnsep=10.0pt
* \skip\footins=7.0pt plus 11.0pt
* \hoffset=0.0pt
* \voffset=0.0pt
* \mag=1000
* \@twocolumnfalse
* \@twosidefalse
* \@mparswitchfalse
* \@reversemarginfalse
* (1in=72.27pt=25.4mm, 1cm=28.453pt)

Package hyperref Info: Link coloring OFF on input line 2.

(C:\Users\<USER>\Documents\interlanguage\03_projects\language_management\cjk\03
_working_translations\stacks_cjk_20260821\canon\zh-hans-cn\build\stacks-zh-hans
-cn-partial.out)
(C:\Users\<USER>\Documents\interlanguage\03_projects\language_management\cjk\03
_working_translations\stacks_cjk_20260821\canon\zh-hans-cn\build\stacks-zh-hans
-cn-partial.out)
\@outlinefile=\write4
\openout4 = `stacks-zh-hans-cn-partial.out'.


Package fontspec Info: 
(fontspec)             Could not resolve font "Noto Sans CJK SC/I" (it
(fontspec)             probably doesn't exist).


Package fontspec Info: 
(fontspec)             Font family 'NotoSansCJKSC(0)' created for font 'Noto
(fontspec)             Sans CJK SC' with options [Ligatures=TeX,Script={CJK}].
(fontspec)              
(fontspec)              This font family consists of the following NFSS
(fontspec)             series/shapes:
(fontspec)              
(fontspec)             - 'normal' (m/n) with NFSS spec.: <->"Noto Sans CJK
(fontspec)             SC/OT:script=hani;language=dflt;mapping=tex-text;"
(fontspec)             - 'bold' (b/n) with NFSS spec.: <->"Noto Sans CJK
(fontspec)             SC/B/OT:script=hani;language=dflt;mapping=tex-text;"
(fontspec)             - 'bold italic' (b/it) with NFSS spec.: <->"Noto Sans
(fontspec)             CJK
(fontspec)             SC/BI/OT:script=hani;language=dflt;mapping=tex-text;"

 [0




]
版本说明
[1

] [2]
目录

(C:\Users\<USER>\Documents\interlanguage\03_projects\language_management\cjk\03
_working_translations\stacks_cjk_20260821\canon\zh-hans-cn\build\stacks-zh-hans
-cn-partial.toc [3

]
Underfull \vbox (badness 10000) has occurred while \output is active []

 [4]
Underfull \vbox (badness 10000) has occurred while \output is active []

 [5]
Underfull \vbox (badness 10000) has occurred while \output is active []

 [6]
[7]
Underfull \vbox (badness 10000) has occurred while \output is active []

 [8]
Underfull \vbox (badness 10000) has occurred while \output is active []

 [9]
Underfull \vbox (badness 10000) has occurred while \output is active []

 [10]
Underfull \vbox (badness 10000) has occurred while \output is active []

 [11]
[12]
Underfull \vbox (badness 10000) has occurred while \output is active []

 [13]
Underfull \vbox (badness 10000) has occurred while \output is active []

 [14]
Underfull \vbox (badness 10000) has occurred while \output is active []

 [15]
Underfull \vbox (badness 10000) has occurred while \output is active []

 [16]
[17]
Underfull \vbox (badness 10000) has occurred while \output is active []

 [18]
[19]
Underfull \vbox (badness 10000) has occurred while \output is active []

 [20]
Underfull \vbox (badness 10000) has occurred while \output is active []

 [21]
Underfull \vbox (badness 10000) has occurred while \output is active []

 [22]
[23] [24] [25]
Underfull \vbox (badness 10000) has occurred while \output is active []

 [26]
Underfull \vbox (badness 10000) has occurred while \output is active []

 [27]
Underfull \vbox (badness 10000) has occurred while \output is active []

 [28]
[29] [30]
Underfull \vbox (badness 10000) has occurred while \output is active []

 [31]
Underfull \vbox (badness 10000) has occurred while \output is active []

 [32]
Underfull \vbox (badness 10000) has occurred while \output is active []

 [33]
Underfull \vbox (badness 10000) has occurred while \output is active []

 [34]
[35]
Underfull \vbox (badness 10000) has occurred while \output is active []

 [36]
Underfull \vbox (badness 10000) has occurred while \output is active []

 [37]
Underfull \vbox (badness 2846) has occurred while \output is active []

 [38]
[39] [40] [41]
Underfull \vbox (badness 10000) has occurred while \output is active []

 [42]
Underfull \vbox (badness 2846) has occurred while \output is active []

 [43]
[44] [45] [46] [47]
Underfull \vbox (badness 10000) has occurred while \output is active []

 [48]
Underfull \vbox (badness 10000) has occurred while \output is active []

 [49]
[50] [51] [52] [53]
Underfull \vbox (badness 10000) has occurred while \output is active []

 [54]
[55]
Underfull \vbox (badness 2846) has occurred while \output is active []

 [56]
Underfull \vbox (badness 2846) has occurred while \output is active []

 [57]
[58]
Underfull \vbox (badness 10000) has occurred while \output is active []

 [59]
[60] [61] [62] [63] [64] [65]
Underfull \vbox (badness 10000) has occurred while \output is active []

 [66]
Underfull \vbox (badness 2846) has occurred while \output is active []

 [67]
[68] [69]
Underfull \vbox (badness 10000) has occurred while \output is active []

 [70]
Underfull \vbox (badness 10000) has occurred while \output is active []

 [71]
Underfull \vbox (badness 10000) has occurred while \output is active []

 [72]
Underfull \vbox (badness 2846) has occurred while \output is active []

 [73])
\tf@toc=\write5
\openout5 = `stacks-zh-hans-cn-partial.toc'.


[74] (introduction.tex
Chapter 1
[1



]) (conventions.tex [2]
Chapter 2
) (sets.tex [3

]
Chapter 3
[4

] [5] [6] [7] [8]
LaTeX Font Info:    Trying to load font information for U+euf on input line 594
.

(C:\Users\<USER>\AppData\Local\Programs\MiKTeX\tex/latex/amsfonts\ueuf.fd
File: ueuf.fd 2013/01/14 v3.01 Euler Fraktur
)
[9] [10] [11]) (categories.tex [12]
Chapter 4
[13

] [14] <xymatrix 2x2 182> <xymatrix 2x1 20> [15] <xymatrix 2x2 188> [16]
<xymatrix 4x3 251> [17] <xymatrix 4x3 239> <xymatrix 2x2 182> <xymatrix 4x3
333> <xymatrix 2x2 154> [18] <xymatrix 2x2 182> <xymatrix 2x2 182> <xymatrix
4x3 333> <xymatrix 4x3 333> <xymatrix 4x3 333> [19] [20] <xymatrix 2x2 161>
<xymatrix 2x2 182> <xymatrix 4x3 337> [21] <xymatrix 2x2 154> [22] <xymatrix
2x2 182> <xymatrix 2x2 182> [23] <xymatrix 3x2 145> <xymatrix 3x2 145> [24]
<xymatrix 2x2 168> <xymatrix 2x2 168> <xymatrix 2x1 94> <xymatrix 2x1 94>
[25] <xymatrix 7x2 194> [26] <xymatrix 3x2 192> <xymatrix 3x2 192> [27]
[28] [29] [30] <xymatrix 2x2 154> [31] <xymatrix 2x2 154> <xymatrix 7x2 194>
<xymatrix 3x3 166> <xymatrix 7x2 194> [32] [33] [34] <xymatrix 3x3 170>
[35] [36] <xymatrix 3x2 210> <xymatrix 4x2 361> [37] [38] [39] [40] <xymatrix
2x2 168> [41] [42] <xymatrix 2x2 161> [43] <xymatrix 3x2 124> <xymatrix 2x2
182> [44] <xymatrix 2x2 182> <xymatrix 3x3 366> <xymatrix 2x2 182> [45]
<xymatrix 3x2 299> <xymatrix 3x3 366> <xymatrix 2x2 182> <xymatrix 3x2 299>
<xymatrix 2x2 182> [46] <xymatrix 2x2 182> <xymatrix 3x3 502> <xymatrix 2x2
182> <xymatrix 2x2 182> <xymatrix 4x4 474> [47] <xymatrix 2x2 182> [48]
<xymatrix 3x3 366> <xymatrix 3x2 149> <xymatrix 2x2 182> [49] <xymatrix 2x2
182> <xymatrix 3x2 313> <xymatrix 3x2 272> [50] <xymatrix 3x3 366> <xymatrix
2x2 182> [51] <xymatrix 3x2 145> <xymatrix 2x2 182> <xymatrix 3x2 313> [52]
<xymatrix 3x3 366> <xymatrix 2x2 182> <xymatrix 2x3 227> [53] <xymatrix 3x1
76> <xymatrix 3x1 24> <xymatrix 2x2 182> [54] <xymatrix 2x2 182> <xymatrix 3x1
34> <xymatrix 3x1 24> <xymatrix 5x1 146> [55] [56] <xymatrix 5x1 42> <xymatrix
3x1 24> <xymatrix 3x2 190> <xymatrix 2x2 154> [57] <xymatrix 3x2 190>
<xymatrix 3x2 190> <xymatrix 5x2 288> <xymatrix 5x1 42> <xymatrix 2x1 20>
[58] <xymatrix 3x2 190> <xymatrix 4x3 333> <xymatrix 2x2 168> <xymatrix 2x2
182> [59] <xymatrix 3x3 325> [60] <xymatrix 1x2 44> <xymatrix 5x2 174>
<xymatrix 5x3 272> [61] <xymatrix 2x2 168> <xymatrix 2x2 168> <xymatrix 2x2
198> <xymatrix 2x2 154> [62] <xymatrix 2x2 154> [63] <xymatrix 2x2 182>
<xymatrix 3x2 292> [64] [65] <xymatrix 2x2 168> <xymatrix 2x2 161> [66]
[67] <xymatrix 3x1 139> [68] <xymatrix 3x2 285> <xymatrix 2x2 182> [69]
<xymatrix 2x2 182> <xymatrix 3x2 190> [70] <xymatrix 4x2 238> <xymatrix 3x3
434> <xymatrix 4x2 266> [71] <xymatrix 6x2 333> [72] <xymatrix 3x2 149>
[73] [74] <xymatrix 3x2 227> <xymatrix 2x2 175> [75] <xymatrix 4x2 280>
[76] <xymatrix 4x2 280> [77] [78] [79] [80] [81] [82] <xymatrix 2x2 168>
[83] <xymatrix 2x2 161> <xymatrix 2x2 154> [84] <xymatrix 2x3 192> [85]
<xymatrix 3x2 145> [86] <xymatrix 2x2 182> <xymatrix 3x2 230> [87] <xymatrix
2x2 144> <xymatrix 2x2 144> [88] <xymatrix 2x2 168> <xymatrix 3x2 272> [89]
<xymatrix 2x2 182> <xymatrix 3x2 272> <xymatrix 2x2 154> [90] <xymatrix 2x2
222> <xymatrix 3x2 145> [91] <xymatrix 3x2 319> <xymatrix 2x3 271> <xymatrix
2x2 222> <xymatrix 2x2 222> [92]) (topology.tex [93]
Chapter 5
[94

] [95] [96] [97] [98] [99] [100] [101] [102] [103] [104] [105] [106]
[107] [108] [109] [110] [111] [112] [113] [114] [115] [116] [117] <xymatrix
2x2 182> [118] [119] [120] [121] [122] [123] [124] [125] [126] <xymatrix 2x2
154> [127] [128] [129] [130] [131] [132] [133] <xymatrix 2x2 120> [134]
[135] [136] [137] [138]) (sheaves.tex [139]
Chapter 6
<xymatrix 2x2 182> [140

] [141] <xymatrix 2x2 168> [142] [143] <xymatrix 3x1
118> [144] <xymatrix 3x1 118> <xymatrix 3x1 118> [145] [146] [147] [148]
<xymatrix 2x2 120> <xymatrix 2x2 154> [149] <xymatrix 2x2 154> <xymatrix 3x2
264> [150] <xymatrix 3x2 264> <xymatrix 2x2 154> [151] <xymatrix 2x2 86>
[152] <xymatrix 2x2 154> [153] <xymatrix 2x2 161> [154] [155] <xymatrix 2x2
182> <xymatrix 3x2 145> [156] <xymatrix 2x2 168> [157] <xymatrix 4x4 722>
[158] [159] [160] [161] [162] [163] [164] [165] [166] [167] [168] [169]
<xymatrix 2x2 154> [170] [171] [172] [173] [174] [175] [176] [177] <xymatrix
3x2 145> <xymatrix 2x2 182> [178] <xymatrix 2x1 80>) (sites.tex [179]
Chapter 7
[180

] [181] <xymatrix 2x2 182> [182] [183] [184] <xymatrix 2x1 100> <xymatrix
3x1 138> [185] <xymatrix 3x1 138> <xymatrix 3x1 138> <xymatrix 2x2 154>
[186] <xymatrix 7x2 262> [187] [188] <xymatrix 2x2 168> <xymatrix 3x2 142>
[189] <xymatrix 3x1 138> <xymatrix 4x3 288> [190] <xymatrix 2x2 154> <xymatrix
3x3 180> [191] <xymatrix 2x3 234> [192] <xymatrix 3x2 264> [193] <xymatrix 3x1
118> [194] <xymatrix 3x1 118> <xymatrix 3x1 118> [195] [196] [197] [198]
[199] [200] [201] [202] <xymatrix 4x2 277> [203] [204] [205] [206] [207]
<xymatrix 5x1 126> [208] <xymatrix 3x1 118> <xymatrix 2x2 168> [209] [210]
[211] <xymatrix 3x1 96> [212] [213] [214] <xymatrix 3x1 118> <xymatrix 3x1
118> <xymatrix 2x1 80> <xymatrix 2x1 80> <xymatrix 2x1 80> <xymatrix 2x1 80>
[215] <xymatrix 2x2 154> <xymatrix 2x2 154> <xymatrix 2x2 154> <xymatrix 2x2
154> [216] <xymatrix 3x2 149> <xymatrix 3x2 149> [217] <xymatrix 3x1 58>
[218] <xymatrix 4x2 426> [219] <xymatrix 3x2 145> <xymatrix 2x2 182> [220]
<xymatrix 2x2 182> <xymatrix 3x2 203> [221] <xymatrix 2x2 154> <xymatrix 2x2
182> <xymatrix 2x2 182> [222] <xymatrix 2x2 154> <xymatrix 2x2 182> [223]
<xymatrix 3x2 299> <xymatrix 2x2 182> [224] <xymatrix 2x2 182> <xymatrix 2x2
188> <xymatrix 2x2 182> <xymatrix 2x2 185> [225] <xymatrix 2x2 185> <xymatrix
2x2 185> <xymatrix 2x2 185> <xymatrix 2x2 182> [226] <xymatrix 2x2 182>
[227] <xymatrix 2x2 185> [228] <xymatrix 2x2 178> <xymatrix 2x2 178> [229]
<xymatrix 2x1 80> [230] <xymatrix 3x1 96> <xymatrix 2x2 182> [231] [232]
<xymatrix 3x2 149> [233] <xymatrix 2x2 182> <xymatrix 2x2 182> <xymatrix 2x2
182> [234] <xymatrix 2x2 188> <xymatrix 2x2 182> [235] [236] [237] <xymatrix
3x2 183> [238] [239] [240] <xymatrix 2x2 141> [241] <xymatrix 2x2 185>
<xymatrix 4x3 378> <xymatrix 2x2 154> <xymatrix 2x2 154> [242] <xymatrix 2x2
154> <xymatrix 3x1 24> <xymatrix 2x2 168> <xymatrix 3x1 34> [243] <xymatrix
3x1 96> <xymatrix 3x1 96> <xymatrix 3x1 24> [244] [245] [246] [247] <xymatrix
7x3 392> [248] <xymatrix 2x2 226> <xymatrix 2x2 154> <xymatrix 2x2 154>
<xymatrix 2x3 264> [249] <xymatrix 2x2 154> <xymatrix 3x2 196> <xymatrix 3x3
310> <xymatrix 2x2 178> [250] <xymatrix 3x2 254> [251] [252] [253] [254]
<xymatrix 2x2 247> [255] [256] <xymatrix 3x1 118> <xymatrix 3x2 145> [257]
<xymatrix 2x2 182> <xymatrix 2x3 313> <xymatrix 3x2 313> [258] [259] [260]
<xymatrix 2x2 154> [261] [262] [263] <xymatrix 2x2 154> [264] [265] <xymatrix
3x2 264>) (stacks.tex [266]
Chapter 8
<xymatrix 3x2 190> [267

] <xymatrix 2x2 120> <xymatrix 3x2 149> [268] <xymatrix
2x2 182> [269] <xymatrix 3x2 230> [270] [271] [272] [273] [274] <xymatrix 2x2
175> [275] <xymatrix 2x2 168> [276] [277] <xymatrix 2x2 182> [278] <xymatrix
3x2 145> [279] [280] <xymatrix 3x2 145> [281] [282] [283] <xymatrix 2x2 182>
[284] <xymatrix 2x2 182> <xymatrix 3x2 169> [285] <xymatrix 3x2 124> [286]
<xymatrix 2x2 182> [287] [288] <xymatrix 3x2 108> <xymatrix 3x2 190> [289]
<xymatrix 2x2 171> [290] [291] <xymatrix 2x2 96> <xymatrix 3x1 55> [292])
(fields.tex [293]
Chapter 9
<xymatrix 2x2 130> [294

] [295] <xymatrix 3x2 128> [296] [297] [298] [299]
[300] [301] [302] [303] [304] [305] [306] [307] [308] <xymatrix 2x2 202>
[309] [310] [311] [312] [313] [314] [315] [316] [317] [318] [319] [320]
<xymatrix 2x2 154> [321] [322]) (algebra.tex [323]
Chapter 10
[324

]
Underfull \vbox (badness 10000) has occurred while \output is active []

 [325]
<xymatrix 5x2 365> [326] <xymatrix 5x2 389> <xymatrix 5x2 416> [327] [328]
<xymatrix 3x3 276> [329] <xymatrix 2x2 168> [330] <xymatrix 2x2 168> <xymatrix
3x1 96> <xymatrix 3x1 96> <xymatrix 3x1 96> [331] <xymatrix 3x2 138> [332]
[333] [334] <xymatrix 2x2 182> [335] [336] <xymatrix 3x2 145> [337] [338]
<xymatrix 2x2 182> [339] <xymatrix 4x2 399> [340] [341] [342] [343] [344]
[345] <xymatrix 2x2 168> <xymatrix 2x2 168> [346] <xymatrix 5x2 437> [347]
[348] [349] [350] <xymatrix 5x2 484> <xymatrix 5x3 810> [351] [352] [353]
[354] [355] [356] [357] [358] <xymatrix 3x2 145> [359] [360] [361] [362]
[363] [364] [365] [366] [367] <xymatrix 4x2 374> [368] [369] [370] [371]
[372]

Package amsmath Warning: Foreign command \atopwithdelims;
(amsmath)                \frac or \genfrac should be used instead
(amsmath)                 on input line 5582.

[373] [374] [375] <xymatrix 3x2 192> [376] <xymatrix 2x2 154> [377] <xymatrix
2x2 154> <xymatrix 2x2 182> [378] [379] [380] [381] [382] [383] [384] [385]
[386] [387] [388] [389] <xymatrix 5x2 382> [390] [391] [392] [393] [394]
[395] <xymatrix 3x2 128> [396] <xymatrix 3x2 264> [397] <xymatrix 2x2 154>
[398] <xymatrix 2x2 154> <xymatrix 2x5 484> [399] [400] [401] <xymatrix 2x2
154> [402] <xymatrix 2x2 154> [403] [404] [405] <xymatrix 2x2 154> [406]
[407] [408] [409] [410] [411] [412] [413] [414] [415] [416] [417] [418]
[419] [420] [421] <xymatrix 3x2 183> [422] <xymatrix 3x2 176> [423] [424]
[425] [426] [427] [428] [429] [430] [431] [432] [433] [434] [435] [436]
[437] [438] [439] [440] [441] [442] [443] [444] [445] [446] [447] [448]
[449] [450] [451] [452] <xymatrix 2x2 154> [453] [454] [455] [456] [457]
[458] <xymatrix 2x2 154> <xymatrix 4x4 804> [459] <xymatrix 5x5 1290>
<xymatrix 3x3 174> [460] <xymatrix 3x2 264>
Underfull \vbox (badness 1009) has occurred while \output is active []

 [461]
[462] [463] [464] [465] <xymatrix 5x2 314> [466] [467] [468] [469] <xymatrix
2x2 168> [470] <xymatrix 2x2 161> [471] <xymatrix 4x2 340> <xymatrix 5x2 431>
<xymatrix 2x2 223> [472] <xymatrix 5x2 416> <xymatrix 5x2 430> [473] <xymatrix
3x3 446> [474] <xymatrix 4x2 340> [475] [476] [477] <xymatrix 5x5 266> [478]
[479] [480] <xymatrix 5x2 416> <xymatrix 2x2 182> [481] <xymatrix 3x3 243>
[482] <xymatrix 2x2 223> [483] <xymatrix 2x2 154> [484] <xymatrix 2x2 161>
<xymatrix 4x2 354> [485] <xymatrix 5x2 417> <xymatrix 3x2 128> <xymatrix 2x3
278> [486] <xymatrix 2x2 163> <xymatrix 2x2 170> <xymatrix 5x2 416> <xymatrix
4x2 340> [487] <xymatrix 1x3 82> [488] [489] <xymatrix 2x2 154> <xymatrix 2x2
168> [490] [491] <xymatrix 2x2 137> [492] [493] <xymatrix 2x2 154> <xymatrix
2x2 154> [494] <xymatrix 2x2 154> [495] [496] [497] [498] <xymatrix 5x2 382>
[499] [500] [501] [502] [503] <xymatrix 3x2 264> [504] [505] <xymatrix 3x2
264> [506] <xymatrix 2x2 154> [507] [508] <xymatrix 2x2 154> <xymatrix 2x2
154> [509] [510] [511] <xymatrix 3x2 124> [512] [513] [514] [515] [516]
[517] [518] [519] [520] [521] [522] [523] [524] [525] <xymatrix 5x2 444>
<xymatrix 5x3 723> [526] [527] [528] [529] [530] [531] [532] [533] [534]
[535] [536] [537] [538] <xymatrix 2x2 154> [539] [540] [541] [542] [543]
[544] [545] [546] [547] [548] [549] [550] [551] [552] [553] [554] <xymatrix
5x2 314> [555] [556] [557] <xymatrix 4x2 306> [558] [559] [560] [561] [562]
[563] [564] [565] [566] [567] <xymatrix 4x2 374> [568] <xymatrix 4x2 374>
[569] [570] [571] [572] <xymatrix 1x4 141> [573] [574] <xymatrix 3x2 124>
[575] [576] [577] [578] <xymatrix 2x2 154> [579] <xymatrix 2x2 182> <xymatrix
2x2 175> <xymatrix 2x3 172> [580] <xymatrix 3x2 264> [581] [582] <xymatrix 2x2
154> [583] [584] <xymatrix 2x2 154> <xymatrix 4x2 396> [585] [586] <xymatrix
5x4 792> [587] <xymatrix 2x2 154> <xymatrix 4x2 340> [588] [589] [590]
<xymatrix 2x2 161> <xymatrix 3x2 278> [591] <xymatrix 2x2 315> <xymatrix 3x2
278> [592] <xymatrix 5x2 382> <xymatrix 2x2 161> [593] <xymatrix 5x2 382>
[594] [595] [596] [597] [598] <xymatrix 2x2 154> [599] <xymatrix 2x2 154>
<xymatrix 2x2 154> [600] [601] [602] [603] [604] [605] <xymatrix 2x2 154>
[606] <xymatrix 4x2 279> [607] [608] [609] [610] <xymatrix 2x2 188> <xymatrix
3x2 332> <xymatrix 2x2 188> [611] <xymatrix 2x2 188> [612] [613] [614]
<xymatrix 2x2 188> <xymatrix 3x2 298> <xymatrix 2x2 188> [615] <xymatrix 2x2
127> [616] <xymatrix 3x2 264> [617] <xymatrix 3x1 92> <xymatrix 2x2 127>
[618] [619] <xymatrix 2x2 188> [620] <xymatrix 2x2 188> [621] [622] [623]
[624]
Overfull \hbox (7.47801pt too wide) in paragraph at lines 35762--35775
[] \OT1/cmr/m/n/10.95 = []([])[]$ \TU/NotoSerifCJKSC(0)/m/n/10.95 在 $[]$ 中 可 逆。
|  任 取 一 些 提 升 $\OML/cmm/m/it/10.95 f[]$\TU/NotoSerifCJKSC(0)/m/n/10.95 ，|  并 令
 $\OML/cmm/m/it/10.95 S \OT1/cmr/m/n/10.95 = \OML/cmm/m/it/10.95 R\OT1/cmr/m/n/
10.95 [\OML/cmm/m/it/10.95 x[]; [] ; x[]; x[]\OT1/cmr/m/n/10.95 ]/(\OML/cmm/m/i
t/10.95 f[]; [] ; f[]; x[]\OT1/cmr/m/n/10.95 ^^A \OMS/cmsy/m/n/10.95 ^^@
 []

<xymatrix 5x2 416> [625] [626] [627] <xymatrix 3x2 196> [628] [629] [630]
[631] <xymatrix 3x2 226> [632] [633] <xymatrix 2x2 188> [634] <xymatrix 3x2
332> [635] <xymatrix 2x2 168> <xymatrix 2x2 161> <xymatrix 3x2 333> [636]
<xymatrix 3x2 264> <xymatrix 3x2 264> [637] <xymatrix 2x2 188> [638] <xymatrix
2x2 188> <xymatrix 2x2 188> <xymatrix 2x2 188> [639] [640] [641] [642]
<xymatrix 3x2 196> [643] [644] [645] [646] [647] [648] [649] <xymatrix 3x1 96>
[650] <xymatrix 2x2 161> [651] <xymatrix 2x2 154> [652] <xymatrix 3x2 264>
[653] <xymatrix 2x2 161> <xymatrix 2x2 161> [654] <xymatrix 2x2 168> <xymatrix
2x2 168> <xymatrix 2x2 168> [655] <xymatrix 2x2 161> [656] <xymatrix 2x2 168>
<xymatrix 2x2 154> <xymatrix 2x2 154> [657] <xymatrix 2x2 154> [658] [659]
[660] [661] [662] [663] <xymatrix 3x2 251> [664] [665] [666] <xymatrix 2x2
195> <xymatrix 2x2 195> [667] [668] [669] [670] [671] [672] [673] [674]
[675] [676] [677] [678] [679] [680] [681] <xymatrix 2x2 154> [682] [683]
<xymatrix 2x2 154> [684] [685] <xymatrix 3x2 264> <xymatrix 2x2 154> [686]
[687] [688] <xymatrix 3x2 124> <xymatrix 2x2 154> [689]) (brauer.tex [690]
Chapter 11
[691

] [692] [693] [694] [695]) (homology.tex [696]
Chapter 12
<xymatrix 3x3 284> [697

] [698] [699] [700] [701] [702] <xymatrix 2x2 182>
<xymatrix 2x2 182> <xymatrix 2x2 182> [703] <xymatrix 3x2 313> <xymatrix 5x2
393> <xymatrix 3x2 272> [704] <xymatrix 5x4 826> <xymatrix 10x4 1026> [705]
<xymatrix 6x2 610> <xymatrix 4x2 402> <xymatrix 5x2 344> <xymatrix 5x2 344>
<xymatrix 5x2 519> [706] <xymatrix 5x2 437> <xymatrix 5x2 416> <xymatrix 5x2
416> [707] <xymatrix 5x3 688> <xymatrix 4x2 238> <xymatrix 4x2 238> [708]
<xymatrix 5x2 324> <xymatrix 5x2 378> [709]
Underfull \vbox (badness 2799) has occurred while \output is active []

 [710]
<xymatrix 3x3 284> [711] <xymatrix 4x3 296> [712] [713] [714] <xymatrix 2x2
182> [715] <xymatrix 6x1 217> [716] [717] <xymatrix 4x3 370> <xymatrix 3x2
176> [718] <xymatrix 3x2 190> <xymatrix 2x2 182> <xymatrix 2x2 182> [719]
[720] <xymatrix 3x4 288> <xymatrix 5x2 369> <xymatrix 2x2 182> [721] [722]
<xymatrix 3x4 288> <xymatrix 5x2 369> [723] [724] [725] <xymatrix 6x2 458>
<xymatrix 6x2 458> <xymatrix 6x2 458> <xymatrix 6x2 458> [726] <xymatrix 6x2
458> <xymatrix 6x2 458> <xymatrix 6x2 458> <xymatrix 6x2 458> [727] [728]
[729] <xymatrix 4x4 502> [730] <xymatrix 1x2 51> [731] [732] [733] [734]
[735] <xymatrix 2x2 182> <xymatrix 2x2 182> [736] <xymatrix 5x2 437> [737]
<xymatrix 5x3 674> [738] <xymatrix 6x1 223> <xymatrix 3x2 149> [739] <xymatrix
5x1 195> <xymatrix 7x2 368> [740] <xymatrix 3x2 149> [741] [742] [743] [744]
[745] [746] [747] [748] [749] [750] [751] [752] <xymatrix 2x2 120> [753]
<xymatrix 2x2 120> [754] [755] [756] [757] [758] [759]) (derived.tex [760]
Chapter 13
<xymatrix 4x2 402> <xymatrix 4x2 437> [761

] <xymatrix 2x2 182> [762] <xymatrix
5x1 186> <xymatrix 3x2 176> <xymatrix 4x2 416> [763] <xymatrix 4x2 409>
<xymatrix 5x2 484> <xymatrix 4x2 484> [764] <xymatrix 2x2 182> <xymatrix 4x2
485> [765] <xymatrix 1x2 51> [766] [767] <xymatrix 2x2 154> [768] <xymatrix
4x4 882> <xymatrix 2x3 271> <xymatrix 3x2 271> [769] <xymatrix 4x2 395>
<xymatrix 4x2 409> <xymatrix 4x2 402> [770] <xymatrix 4x3 322> <xymatrix 4x3
329> [771] <xymatrix 2x2 182> <xymatrix 3x2 313> <xymatrix 4x3 684> <xymatrix
1x2 51> [772] [773] [774] <xymatrix 5x2 200> [775] <xymatrix 4x3 322>
<xymatrix 2x2 168> [776] <xymatrix 7x3 619> [777] [778] <xymatrix 4x2 395>
<xymatrix 4x2 374> [779] <xymatrix 2x2 182> [780] <xymatrix 2x2 168> <xymatrix
2x2 182> <xymatrix 3x1 144> [781] <xymatrix 3x1 144> [782] <xymatrix 3x2 285>
[783] <xymatrix 3x2 285> <xymatrix 3x2 285> <xymatrix 3x2 285> <xymatrix 4x2
388> <xymatrix 4x2 388> [784] <xymatrix 4x2 340> [785] [786] [787] [788]
<xymatrix 6x1 217> [789] <xymatrix 2x2 154> [790]

Package hyperref Warning: Token not allowed in a PDF string (Unicode):
(hyperref)                removing `\stackszhgreek' on input line 3412.

<xymatrix 5x2 465> [791] <xymatrix 5x2 416> <xymatrix 5x1 158> [792] [793]
<xymatrix 2x2 154> [794] [795] <xymatrix 2x2 182> <xymatrix 3x2 264> <xymatrix
2x2 182> <xymatrix 3x2 264> <xymatrix 2x2 182> [796] <xymatrix 2x2 182>
<xymatrix 3x2 305> [797] <xymatrix 2x5 484> <xymatrix 3x2 278> [798] <xymatrix
4x2 201> [799] <xymatrix 1x2 44> [800] [801] <xymatrix 6x2 445> <xymatrix 6x2
520> [802] [803] [804] [805] <xymatrix 4x2 388> [806] <xymatrix 4x3 466>
[807] <xymatrix 4x3 387> [808] <xymatrix 5x2 416> [809] <xymatrix 3x2 120>
[810] <xymatrix 2x2 137> <xymatrix 2x3 381> [811] <xymatrix 2x2 137> <xymatrix
5x2 416> <xymatrix 5x2 416> [812] [813] <xymatrix 2x2 130> <xymatrix 2x2 130>
<xymatrix 5x2 416> [814] [815] [816] [817] <xymatrix 3x2 131> [818] <xymatrix
2x2 182> <xymatrix 3x2 183> <xymatrix 5x2 424>
Overfull \hbox (38.82361pt too wide) in paragraph at lines 6699--6707
\TU/NotoSerifCJKSC(0)/m/n/10.95 某 个 特 异 三 角 同 构，|  故 由 \TU/LatinModernRoman(0)/
m/n/10.95 TR1 \TU/NotoSerifCJKSC(0)/m/n/10.95 它 本 身 就 是 特 异 三 角。|  于 是 由 引 理[] 
\TU/LatinModernRoman(0)/m/n/10.95 13.4.18[]\TU/NotoSerifCJKSC(0)/m/n/10.95 ，| $
\OT1/cmr/m/n/10.95 (\OML/cmm/m/it/10.95 j\OT1/cmr/m/n/10.95 (\OML/cmm/m/it/10.9
5 K[]\OT1/cmr/m/n/10.95 )\OML/cmm/m/it/10.95 ; j\OT1/cmr/m/n/10.95 (\OML/cmm/m/
it/10.95 L[]\OT1/cmr/m/n/10.95 )\OML/cmm/m/it/10.95 ; j\OT1/cmr/m/n/10.95 (\OML
/cmm/m/it/10.95 M[]\OT1/cmr/m/n/10.95 )\OML/cmm/m/it/10.95 ; j\OT1/cmr/m/n/10.9
5 (\OML/cmm/m/it/10.95 f\OT1/cmr/m/n/10.95 )\OML/cmm/m/it/10.95 ; j\OT1/cmr/m/n
/10.95 (\OML/cmm/m/it/10.95 g\OT1/cmr/m/n/10.95 )\OML/cmm/m/it/10.95 ; ^^X[] \O
MS/cmsy/m/n/10.95 ^^N
 []

[819] <xymatrix 3x2 196> [820] <xymatrix 3x2 138> <xymatrix 3x2 145> [821]
<xymatrix 2x2 154> [822] <xymatrix 5x2 492> <xymatrix 5x2 416> <xymatrix 5x2
540> [823] <xymatrix 5x2 430> <xymatrix 4x2 340> [824] <xymatrix 3x2 120>
<xymatrix 2x2 168> <xymatrix 2x2 168> [825] [826] <xymatrix 2x2 154> [827]
[828] <xymatrix 7x3 998> <xymatrix 6x2 238> [829] <xymatrix 5x5 716> [830]
[831] <xymatrix 3x2 230> [832] <xymatrix 4x2 374> <xymatrix 2x2 154> <xymatrix
3x2 230> [833] <xymatrix 3x3 245> <xymatrix 2x2 154> <xymatrix 3x2 230>
[834] <xymatrix 2x2 182> <xymatrix 2x2 182> [835] [836] [837] <xymatrix 5x2
416> [838]
Overfull \hbox (2.31918pt too wide) in paragraph at lines 9096--9106
\OML/cmm/m/it/10.95 H[]\OT1/cmr/m/n/10.95 (\OML/cmm/m/it/10.95 RF\OT1/cmr/m/n/1
0.95 (\OML/cmm/m/it/10.95 ^^\[]L[]\OT1/cmr/m/n/10.95 ))$ \TU/NotoSerifCJKSC(0)/
m/n/10.95 与 $\OML/cmm/m/it/10.95 H[]\OT1/cmr/m/n/10.95 (\OML/cmm/m/it/10.95 RF\
OT1/cmr/m/n/10.95 (\OML/cmm/m/it/10.95 ^^[[]L[]\OT1/cmr/m/n/10.95 ))$ \TU/NotoS
erifCJKSC(0)/m/n/10.95 相 同。|  由 于 映 射 $\OML/cmm/m/it/10.95 RF\OT1/cmr/m/n/10.95
 (\OML/cmm/m/it/10.95 ^^[[]L[]\OT1/cmr/m/n/10.95 ) \OMS/cmsy/m/n/10.95 ! \OML/c
mm/m/it/10.95 RF\OT1/cmr/m/n/10.95 (\OML/cmm/m/it/10.95 L[]\OT1/cmr/m/n/10.95 )
$ \TU/NotoSerifCJKSC(0)/m/n/10.95 由 $\OML/cmm/m/it/10.95 ^^[[]F\OT1/cmr/m/n/10.
95 (\OML/cmm/m/it/10.95 L[]\OT1/cmr/m/n/10.95 ) \OMS/cmsy/m/n/10.95 !
 []

[839] <xymatrix 2x2 161> <xymatrix 2x2 182> <xymatrix 2x2 182> [840] [841]
[842] <xymatrix 3x2 278> [843] <xymatrix 2x2 161> <xymatrix 2x2 188> [844]
[845] [846] [847] <xymatrix 4x2 374> [848] [849] [850] [851] [852] <xymatrix
2x2 154> <xymatrix 4x4 882> [853] <xymatrix 2x2 168> [854] <xymatrix 4x2 340>
[855] <xymatrix 7x2 463> [856] <xymatrix 2x2 154> <xymatrix 4x2 374> <xymatrix
5x2 298> <xymatrix 4x2 374> [857] <xymatrix 4x2 374> [858] <xymatrix 5x2 416>
[859]) (simplicial.tex [860]
Chapter 14
<xymatrix 3x3 202> <xymatrix 3x3 202>
Underfull \vbox (badness 1968) has occurred while \output is active []

 [861

]
<xymatrix 3x3 243> <xymatrix 3x3 202> <xymatrix 3x3 202> [862] <xymatrix 3x1
294> [863] [864] <xymatrix 3x1 294> [865] [866] [867] [868] <xymatrix 2x2 182>
[869] <xymatrix 2x2 182> [870] <xymatrix 2x2 182> [871] <xymatrix 3x3 200>
<xymatrix 3x3 344> [872] <xymatrix 3x2 190> <xymatrix 2x2 188> [873] [874]
<xymatrix 2x2 154> [875] [876] <xymatrix 2x2 168> <xymatrix 2x2 154> [877]
<xymatrix 2x2 182> [878] [879] [880] [881] [882] <xymatrix 3x2 306> <xymatrix
6x3 239> [883] [884] <xymatrix 2x2 154> [885] [886] <xymatrix 2x2 188>
<xymatrix 2x2 188> [887] <xymatrix 2x2 182> [888] [889] [890] <xymatrix 5x2
416> [891] <xymatrix 3x2 299> [892] <xymatrix 2x2 175> [893] <xymatrix 7x1
180> <xymatrix 2x1 54> <xymatrix 3x2 176> [894] [895] [896] [897] [898]
[899] [900] <xymatrix 5x2 416> [901] <xymatrix 5x2 260> [902] <xymatrix 5x3
688> [903] <xymatrix 2x2 188> <xymatrix 2x2 202> [904] <xymatrix 2x2 188>
<xymatrix 2x2 188> [905] <xymatrix 2x2 202> <xymatrix 2x2 202> [906] <xymatrix
2x2 168> <xymatrix 4x2 764> [907] <xymatrix 2x2 188> <xymatrix 3x2 210>
[908] <xymatrix 2x2 154> <xymatrix 2x2 154> [909] [910] [911] [912] [913]
<xymatrix 3x1 294> <xymatrix 3x1 294> [914] <xymatrix 3x2 688> <xymatrix 3x2
688> [915]) (more-algebra.tex [916]
Chapter 15
[917

] [918] <xymatrix 5x2 416> <xymatrix 2x2 168> [919] <xymatrix 3x2 158>
<xymatrix 2x2 168> <xymatrix 2x2 171> <xymatrix 2x2 154> <xymatrix 2x2 154>
[920] <xymatrix 3x1 82> <xymatrix 2x2 154> [921] <xymatrix 3x2 264> <xymatrix
3x2 271> [922] [923] [924] <xymatrix 4x4 466> <xymatrix 2x2 154> [925] [926]
<xymatrix 4x4 466> [927] [928] [929] [930] [931] [932] [933] <xymatrix 2x2
116> [934] [935] [936] <xymatrix 3x2 145> [937] [938] [939] <xymatrix 3x1 132>
[940] <xymatrix 2x2 116> <xymatrix 3x2 169> [941] <xymatrix 3x2 138> [942]
Overfull \hbox (7.35063pt too wide) in paragraph at lines 3028--3034
\TU/NotoSerifCJKSC(0)/m/n/10.95 这 里 余 极 限 取 在 对 的 范 畴 中。|  由 于 该 余 极 限 滤 过，|  在
 对 的 范 畴 中 有 $[]\OT1/cmr/m/n/10.95 (\OML/cmm/m/it/10.95 A[]; I[]\OT1/cmr/m/n/10
.95 ) = ([] \OML/cmm/m/it/10.95 A[]; [] I[]\OT1/cmr/m/n/10.95 )$\TU/NotoSerifCJ
KSC(0)/m/n/10.95 ；|
 []

[943] <xymatrix 3x2 192> [944] [945] [946] <xymatrix 6x2 445> [947] [948]
<xymatrix 4x2 302> [949] [950] [951] [952] [953] <xymatrix 3x2 124> <xymatrix
2x2 154> <xymatrix 3x2 124> [954] [955] [956] [957] <xymatrix 4x2 402>
<xymatrix 3x2 271> [958] [959] [960] [961] [962] <xymatrix 2x2 154> [963]
[964] [965] [966] <xymatrix 4x2 340> [967] [968] [969] <xymatrix 5x2 505>
[970] <xymatrix 2x2 175> <xymatrix 2x2 175>
Overfull \hbox (23.41116pt too wide) in paragraph at lines 6290--6297
\OML/cmm/m/it/10.95 K[]\OT1/cmr/m/n/10.95 (\OML/cmm/m/it/10.95 R; g[]; [] ; g[]
\OT1/cmr/m/n/10.95 )$ \TU/NotoSerifCJKSC(0)/m/n/10.95 作 为 微 分 分 次 代 数 由 $\OML/c
mm/m/it/10.95 y[]; [] ; y[]$ \TU/NotoSerifCJKSC(0)/m/n/10.95 生 成，|  且 $[]\OT1/c
mr/m/n/10.95 (\OML/cmm/m/it/10.95 y[]\OT1/cmr/m/n/10.95 ) = \OML/cmm/m/it/10.95
 g[]$\TU/NotoSerifCJKSC(0)/m/n/10.95 ，|  则 可 以 把 $\OML/cmm/m/it/10.95 K[]\OT1/c
mr/m/n/10.95 (\OML/cmm/m/it/10.95 R; f[]; [] ; f[]; g[]; [] ; g[]\OT1/cmr/m/n/1
0.95 )$
 []

[971] [972] [973] [974] [975] [976] <xymatrix 4x2 340> [977] [978] [979]
Overfull \hbox (2.27065pt too wide) in paragraph at lines 7236--7240
\TU/NotoSerifCJKSC(0)/m/n/10.95 是 $\OML/cmm/m/it/10.95 A$\TU/LatinModernRoman(0
)/m/n/10.95 -\TU/NotoSerifCJKSC(0)/m/n/10.95 模 的 复 形，|  其 中 $\OML/cmm/m/it/10.9
5 B\OT1/cmr/m/n/10.95 /\OML/cmm/m/it/10.95 J$ \TU/NotoSerifCJKSC(0)/m/n/10.95 在
 $\OML/cmm/m/it/10.95 A$ \TU/NotoSerifCJKSC(0)/m/n/10.95 上 平 坦，|  并 且 在 位 置 $\O
ML/cmm/m/it/10.95 B[]$ \TU/NotoSerifCJKSC(0)/m/n/10.95 处 的 上 同 调 群 为 $\OML/cmm/
m/it/10.95 H[] \OT1/cmr/m/n/10.95 = \OML/cmm/m/it/10.95 H[]\OT1/cmr/m/n/10.95 (
\OML/cmm/m/it/10.95 K[]\OT1/cmr/m/n/10.95 (\OML/cmm/m/it/10.95 B; f[]; [] ; f[]
\OT1/cmr/m/n/10.95 ))$\TU/NotoSerifCJKSC(0)/m/n/10.95 。|
 []

[980] [981] [982] <xymatrix 3x2 179> [983] <xymatrix 5x2 416> [984] <xymatrix
2x2 154> [985] <xymatrix 6x2 513> <xymatrix 3x2 264> <xymatrix 6x2 492>
[986] <xymatrix 5x2 437> <xymatrix 2x2 154> [987] [988] <xymatrix 2x2 188>
[989] <xymatrix 2x2 195> <xymatrix 3x3 446> [990] <xymatrix 3x2 332> <xymatrix
2x2 154> [991] <xymatrix 2x2 195> <xymatrix 2x2 188> <xymatrix 2x2 188>
<xymatrix 2x2 188> [992] [993] [994] <xymatrix 2x2 154> [995] <xymatrix 2x2
216> [996] <xymatrix 2x2 154> <xymatrix 5x2 382> [997] <xymatrix 2x2 154>
<xymatrix 2x2 154> <xymatrix 2x2 216> [998] <xymatrix 2x2 154> <xymatrix 2x2
154> <xymatrix 2x2 86> [999] <xymatrix 2x2 154> [1000] [1001] [1002] <xymatrix
2x2 154> [1003] [1004] [1005] [1006] [1007] [1008] [1009] <xymatrix 2x2 154>
[1010] <xymatrix 2x2 168> [1011] [1012] <xymatrix 2x2 168> <xymatrix 2x2 154>
[1013] <xymatrix 3x2 264> [1014] [1015] <xymatrix 3x2 264> [1016] <xymatrix
2x2 154> [1017] [1018] [1019] <xymatrix 3x2 264> <xymatrix 3x2 264> [1020]
<xymatrix 2x2 154> [1021] <xymatrix 2x2 154> [1022] [1023] [1024] [1025]
[1026] <xymatrix 2x2 154> [1027] [1028] [1029] [1030] <xymatrix 3x2 230>
<xymatrix 2x2 154> [1031] <xymatrix 4x2 374> [1032] [1033] [1034] <xymatrix
2x2 154> <xymatrix 3x2 264> [1035] [1036] <xymatrix 2x2 154> [1037] [1038]
[1039] [1040] [1041] [1042] <xymatrix 2x2 168> [1043] <xymatrix 4x2 286>
[1044] <xymatrix 5x2 403> [1045] [1046] [1047] [1048] [1049] [1050] [1051]
[1052] [1053] [1054] [1055] [1056] [1057] [1058] [1059] [1060] [1061] [1062]
[1063] <xymatrix 4x2 278> [1064] [1065] [1066] [1067] [1068] [1069]
Overfull \hbox (4.39326pt too wide) in paragraph at lines 17557--17563
\TU/NotoSerifCJKSC(0)/m/n/10.95 由 于 $\OML/cmm/m/it/10.95 K$ \TU/NotoSerifCJKSC(
0)/m/n/10.95 同 样 嵌 入 区 别 三 角 $[] \OML/cmm/m/it/10.95 K[] \OMS/cmsy/m/n/10.95 ! 
[] \OML/cmm/m/it/10.95 K[] \OMS/cmsy/m/n/10.95 ! \OML/cmm/m/it/10.95 K$\TU/Noto
SerifCJKSC(0)/m/n/10.95 ，|  只 需 证 明 $[] \OML/cmm/m/it/10.95 R [][]\OT1/cmr/m/n/
10.95 (\OML/cmm/m/it/10.95 K[]; E\OT1/cmr/m/n/10.95 ) = \OML/cmm/m/it/10.95 R [
][]\OT1/cmr/m/n/10.95 ([] \OML/cmm/m/it/10.95 K[]; E\OT1/cmr/m/n/10.95 )$\TU/No
toSerifCJKSC(0)/m/n/10.95 。|
 []

[1070] <xymatrix 8x2 610> [1071] <xymatrix 3x2 192> [1072] [1073] [1074]
[1075]
Overfull \hbox (32.69493pt too wide) in paragraph at lines 18178--18187
\TU/NotoSerifCJKSC(0)/m/n/10.95 参 见 \TU/LatinModernRoman(0)/m/n/10.95 Derived C
ategories\TU/NotoSerifCJKSC(0)/m/n/10.95 ，|  注[] \TU/LatinModernRoman(0)/m/n/10
.95 13.12.4[]\TU/NotoSerifCJKSC(0)/m/n/10.95 。|  注 意 $[][]\OT1/cmr/m/n/10.95 (\
OML/cmm/m/it/10.95 ^^\[]K; M\OT1/cmr/m/n/10.95 ) = [][](\OML/cmm/m/it/10.95 H[]
\OT1/cmr/m/n/10.95 (\OML/cmm/m/it/10.95 K\OT1/cmr/m/n/10.95 )\OML/cmm/m/it/10.9
5 ; M\OT1/cmr/m/n/10.95 )$ \TU/NotoSerifCJKSC(0)/m/n/10.95 以 及 $[][]\OT1/cmr/m/
n/10.95 (\OML/cmm/m/it/10.95 ^^\[]K; M\OT1/cmr/m/n/10.95 ) =
 []

[1076] [1077] [1078] <xymatrix 3x3 238> [1079] [1080] <xymatrix 2x5 484>
[1081] [1082]
Overfull \hbox (64.81076pt too wide) in paragraph at lines 19030--19035
\TU/NotoSerifCJKSC(0)/m/n/10.95 由 \TU/LatinModernRoman(0)/m/n/10.95 Derived Cat
egories\TU/NotoSerifCJKSC(0)/m/n/10.95 ，|  引 理[] \TU/LatinModernRoman(0)/m/n/10
.95 13.4.11[]\TU/NotoSerifCJKSC(0)/m/n/10.95 ，|  只 需 证 明 第 三 个 箭 头 为 零。|  因 此，|
  只 需 证 明 $[][]\OT1/cmr/m/n/10.95 (\OML/cmm/m/it/10.95 ^^\[]K; \OT1/cmr/m/n/10.
95 (\OML/cmm/m/it/10.95 ^^\[]K\OT1/cmr/m/n/10.95 )[1]) =
 []

[1083] <xymatrix 3x2 179>
Overfull \hbox (29.5127pt too wide) in paragraph at lines 19161--19170
\TU/NotoSerifCJKSC(0)/m/n/10.95 对 \TU/LatinModernRoman(0)/m/n/10.95 (1) \TU/Not
oSerifCJKSC(0)/m/n/10.95 与 \TU/LatinModernRoman(0)/m/n/10.95 (2) \TU/NotoSerifC
JKSC(0)/m/n/10.95 的 等 价 性 应 用 \TU/LatinModernRoman(0)/m/n/10.95 Algebra\TU/Noto
SerifCJKSC(0)/m/n/10.95 ，|  引 理[] \TU/LatinModernRoman(0)/m/n/10.95 10.6.4[] \T
U/NotoSerifCJKSC(0)/m/n/10.95 和[] \TU/LatinModernRoman(0)/m/n/10.95 10.36.23[] 
\TU/NotoSerifCJKSC(0)/m/n/10.95 即 可。|  选 取 表 示 $\OML/cmm/m/it/10.95 A[] \OT1/cm
r/m/n/10.95 = \OML/cmm/m/it/10.95 R\OT1/cmr/m/n/10.95 [\OML/cmm/m/it/10.95 x[];
 [] ; x[]\OT1/cmr/m/n/10.95 ]/(\OML/cmm/m/it/10.95 f[]; [] ; f[]\OT1/cmr/m/n/10
.95 )$\TU/NotoSerifCJKSC(0)/m/n/10.95 ，|
 []

[1084] <xymatrix 2x2 154> [1085] [1086] <xymatrix 3x2 179> [1087] <xymatrix
2x3 196> [1088]
Overfull \hbox (46.4956pt too wide) in paragraph at lines 19744--19753
[]\TU/NotoSerifCJKSC(0)/m/n/10.95 选 取 满 射 $\OML/cmm/m/it/10.95 A\OT1/cmr/m/n/10
.95 [\OML/cmm/m/it/10.95 y[]; [] ; y[]\OT1/cmr/m/n/10.95 ] \OMS/cmsy/m/n/10.95 
! \OML/cmm/m/it/10.95 B$\TU/NotoSerifCJKSC(0)/m/n/10.95 ，|  并 选 取 满 射 $\OML/cmm
/m/it/10.95 R\OT1/cmr/m/n/10.95 [\OML/cmm/m/it/10.95 x[]; [] ; x[]\OT1/cmr/m/n/
10.95 ] \OMS/cmsy/m/n/10.95 ! \OML/cmm/m/it/10.95 A$\TU/NotoSerifCJKSC(0)/m/n/1
0.95 。|  合 起 来 得 到 满 射 $\OML/cmm/m/it/10.95 R\OT1/cmr/m/n/10.95 [\OML/cmm/m/it/
10.95 x[]; [] ; x[]; y[]; [] y[]\OT1/cmr/m/n/10.95 ] \OMS/cmsy/m/n/10.95 !
 []

[1089]
Overfull \hbox (83.06853pt too wide) in paragraph at lines 19850--19864
\TU/NotoSerifCJKSC(0)/m/n/10.95 注 意，| $\OML/cmm/m/it/10.95 P$ \TU/NotoSerifCJKS
C(0)/m/n/10.95 作 为 $\OML/cmm/m/it/10.95 R\OT1/cmr/m/n/10.95 [\OML/cmm/m/it/10.9
5 x[]; [] ; x[]; y[]; [] ; y[]; z[]; [] ; z[]\OT1/cmr/m/n/10.95 ]$\TU/LatinMode
rnRoman(0)/m/n/10.95 -\TU/NotoSerifCJKSC(0)/m/n/10.95 模 是 伪 凝 聚 的，|  而 $\OML/cm
m/m/it/10.95 P\OT1/cmr/m/n/10.95 [1/\OML/cmm/m/it/10.95 y[]\OT1/cmr/m/n/10.95 ]
$ \TU/NotoSerifCJKSC(0)/m/n/10.95 作 为 $\OML/cmm/m/it/10.95 R\OT1/cmr/m/n/10.95 
[\OML/cmm/m/it/10.95 x[]; [] ; x[]; y[]; [] ; y[]; z[]; [] ; z[]; \OT1/cmr/m/n/
10.95 1/\OML/cmm/m/it/10.95 y[]\OT1/cmr/m/n/10.95 ]$\TU/LatinModernRoman(0)/m/n
/10.95 -
 []

[1090] [1091] [1092] [1093] [1094] [1095] <xymatrix 2x2 137> <xymatrix 4x2
374> [1096] [1097] [1098] <xymatrix 2x2 154> <xymatrix 2x2 154> [1099]
<xymatrix 2x2 154> [1100] <xymatrix 2x2 182> [1101] <xymatrix 3x2 278>
<xymatrix 5x2 416> [1102] <xymatrix 2x2 154> <xymatrix 2x2 93> [1103] [1104]
[1105] <xymatrix 2x2 175> <xymatrix 3x2 224> [1106] <xymatrix 3x2 149>
<xymatrix 2x2 154> <xymatrix 2x2 86> <xymatrix 2x2 154> [1107] <xymatrix 2x2
168> [1108] [1109] [1110] [1111] <xymatrix 1x2 44> [1112] <xymatrix 5x2 416>
<xymatrix 4x2 340> [1113] [1114]
Overfull \hbox (27.56104pt too wide) in paragraph at lines 22732--22740
\TU/NotoSerifCJKSC(0)/m/n/10.95 其 核 存 在，|  且 等 于 对 象 $\OT1/cmr/m/n/10.95 ([](\O
ML/cmm/m/it/10.95 '[]\OT1/cmr/m/n/10.95 )\OML/cmm/m/it/10.95 ; []\OT1/cmr/m/n/1
0.95 (\OML/cmm/m/it/10.95 '[]\OT1/cmr/m/n/10.95 )\OML/cmm/m/it/10.95 ; ^^K[]; ^
^K[]\OT1/cmr/m/n/10.95 )$\TU/NotoSerifCJKSC(0)/m/n/10.95 ；|  其 余 核 也 存 在，|  且 等
 于 对 象 $\OT1/cmr/m/n/10.95 ([](\OML/cmm/m/it/10.95 '[]\OT1/cmr/m/n/10.95 )\OML/
cmm/m/it/10.95 ; []\OT1/cmr/m/n/10.95 (\OML/cmm/m/it/10.95 '[]\OT1/cmr/m/n/10.9
5 )\OML/cmm/m/it/10.95 ; ^^L[]; ^^L[]\OT1/cmr/m/n/10.95 )$\TU/NotoSerifCJKSC(0)
/m/n/10.95 。|
 []

<xymatrix 3x2 325> [1115] <xymatrix 5x2 416> [1116] [1117] [1118] [1119]
[1120] <xymatrix 3x2 203>
Overfull \hbox (10.36115pt too wide) in paragraph at lines 23447--23451
\TU/NotoSerifCJKSC(0)/m/n/10.95 这 里 对 角 箭 头 是 单 射。|  由 引 理[] \TU/LatinModernRom
an(0)/m/n/10.95 15.92.14[]\TU/NotoSerifCJKSC(0)/m/n/10.95 ，|  第 一 个 群 $[][]\OT1
/cmr/m/n/10.95 (\OML/cmm/m/it/10.95 R[]; R\OT1/cmr/m/n/10.95 /\OML/cmm/m/it/10.
95 R\OT1/cmr/m/n/10.95 [\OML/cmm/m/it/10.95 f[]\OT1/cmr/m/n/10.95 ])$ \TU/NotoS
erifCJKSC(0)/m/n/10.95 为 零，|  故 推 出 $[][]\OT1/cmr/m/n/10.95 (\OML/cmm/m/it/10.9
5 R[]; M\OT1/cmr/m/n/10.95 /\OML/cmm/m/it/10.95 f[]M\OT1/cmr/m/n/10.95 ) =
 []

[1121] <xymatrix 5x2 382> [1122] <xymatrix 3x2 162> [1123] [1124] [1125]
<xymatrix 2x2 175> [1126] [1127] [1128] [1129] [1130] <xymatrix 2x2 185>
[1131] <xymatrix 5x5 697>
Underfull \vbox (badness 1077) has occurred while \output is active []

 [1132]
<xymatrix 2x5 416> [1133] [1134] [1135] [1136]
Overfull \hbox (31.21187pt too wide) in paragraph at lines 25238--25244
[]\TU/NotoSerifCJKSC(0)/b/n/10.95 例 \TU/LatinModernRoman(0)/b/n/10.95 15.97.1. 
\TU/NotoSerifCJKSC(0)/m/n/10.95 设 $\OML/cmm/m/it/10.95 A$ \TU/NotoSerifCJKSC(0)
/m/n/10.95 为 环，| $\OML/cmm/m/it/10.95 f \OMS/cmsy/m/n/10.95 2 \OML/cmm/m/it/10.
95 A$ \TU/NotoSerifCJKSC(0)/m/n/10.95 为 非 零 因 子。|  考 虑 函 子 $\OML/cmm/m/it/10.95
 ^^Q[] \OT1/cmr/m/n/10.95 : \OML/cmm/m/it/10.95 K\OT1/cmr/m/n/10.95 (\OML/cmm/m
/it/10.95 f[]A[]\OT1/cmr/m/n/10.95 ) \OMS/cmsy/m/n/10.95 ! \OML/cmm/m/it/10.95 
K\OT1/cmr/m/n/10.95 (\OML/cmm/m/it/10.95 f[]A[]\OT1/cmr/m/n/10.95 )$\TU/NotoSer
ifCJKSC(0)/m/n/10.95 。|
 []

<xymatrix 4x2 402> <xymatrix 4x2 402> [1137] <xymatrix 5x2 443> <xymatrix 2x2
168> <xymatrix 5x2 416> [1138] <xymatrix 2x2 134> [1139] [1140] [1141] [1142]
[1143] <xymatrix 2x2 161> <xymatrix 3x2 271> [1144] [1145] [1146] [1147]
[1148] <xymatrix 4x2 238> [1149] [1150] [1151] <xymatrix 6x3 552> <xymatrix
4x2 357> [1152] [1153] <xymatrix 5x2 416> [1154] <xymatrix 4x3 522> <xymatrix
3x2 196> [1155] <xymatrix 4x2 340> [1156] <xymatrix 3x2 124> [1157] [1158]
[1159] [1160] [1161] <xymatrix 2x2 154> [1162] [1163] <xymatrix 2x2 154>
[1164] <xymatrix 2x2 154> [1165] [1166] [1167] [1168] [1169] [1170] [1171]
[1172] [1173] [1174] [1175] [1176] [1177] [1178] [1179] <xymatrix 2x2 168>
[1180] [1181] <xymatrix 2x2 154> [1182] [1183] [1184] [1185] <xymatrix 5x2
484> [1186] <xymatrix 2x2 154> <xymatrix 2x2 181> <xymatrix 2x2 181> [1187]
[1188] <xymatrix 2x2 154> <xymatrix 2x2 154> <xymatrix 2x2 154> [1189]
<xymatrix 2x2 154> [1190] <xymatrix 2x2 154> <xymatrix 2x2 182> [1191] [1192]
<xymatrix 2x2 154> <xymatrix 3x2 264> [1193] <xymatrix 2x2 154> [1194] [1195]
[1196] [1197] [1198] [1199] [1200] [1201] [1202] <xymatrix 2x2 154> [1203]
[1204] <xymatrix 2x2 154> <xymatrix 2x2 168> <xymatrix 2x2 154> <xymatrix 2x2
168> [1205] <xymatrix 2x2 168> <xymatrix 2x2 168> [1206] <xymatrix 5x2 280>
[1207] [1208] [1209] <xymatrix 5x2 437> <xymatrix 2x2 188> <xymatrix 2x2 154>
<xymatrix 2x2 168> [1210] [1211] [1212] [1213] [1214] <xymatrix 3x2 145>
<xymatrix 5x2 437> <xymatrix 5x2 451> [1215] <xymatrix 2x2 168> [1216]
<xymatrix 3x2 145> <xymatrix 3x2 145> <xymatrix 3x2 124> <xymatrix 3x2 124>
<xymatrix 5x3 322> <xymatrix 2x2 154> [1217] <xymatrix 3x2 124> <xymatrix 2x2
168> [1218] [1219] [1220] [1221] [1222] [1223] <xymatrix 5x2 446> [1224]
[1225] [1226] [1227] <xymatrix 4x2 275> [1228] [1229] [1230] [1231] [1232])
(smoothing.tex [1233]
Chapter 16
[1234

] [1235]
Overfull \hbox (26.76814pt too wide) in paragraph at lines 262--267
[]\TU/NotoSerifCJKSC(0)/m/n/10.95 若 $\OML/cmm/m/it/10.95 A \OT1/cmr/m/n/10.95 =
 \OML/cmm/m/it/10.95 R\OT1/cmr/m/n/10.95 [\OML/cmm/m/it/10.95 x[]; [] ; x[]\OT1
/cmr/m/n/10.95 ]/(\OML/cmm/m/it/10.95 f[]; [] ; f[]\OT1/cmr/m/n/10.95 )$ \TU/No
toSerifCJKSC(0)/m/n/10.95 是 $\OML/cmm/m/it/10.95 A$ \TU/NotoSerifCJKSC(0)/m/n/1
0.95 在 $\OML/cmm/m/it/10.95 R$ \TU/NotoSerifCJKSC(0)/m/n/10.95 上 的 一 个 表 示，|  则
 $\OML/cmm/m/it/10.95 A \OMS/cmsy/m/n/10.95 
[] \OML/cmm/m/it/10.95 R[] \OT1/cmr/m/n/10.95 = \OML/cmm/m/it/10.95 R[]\OT1/cmr
/m/n/10.95 [\OML/cmm/m/it/10.95 x[]; [] ; x[]\OT1/cmr/m/n/10.95 ]/(\OML/cmm/m/i
t/10.95 f[]; [] ; f[]\OT1/cmr/m/n/10.95 )$
 []


Overfull \hbox (4.77971pt too wide) in paragraph at lines 277--284
[]\TU/NotoSerifCJKSC(0)/m/n/10.95 选 取 $\OML/cmm/m/it/10.95 f[]; [] ; f[] \OMS/c
msy/m/n/10.95 2 \OML/cmm/m/it/10.95 H[]$ \TU/NotoSerifCJKSC(0)/m/n/10.95 和 $\OM
L/cmm/m/it/10.95 ^^U[]; [] ; ^^U[] \OMS/cmsy/m/n/10.95 2 \OT1/cmr/m/n/10.95 ^^C
$\TU/NotoSerifCJKSC(0)/m/n/10.95 ，|  使 得 在 $\OT1/cmr/m/n/10.95 ^^C$ \TU/NotoSer
ifCJKSC(0)/m/n/10.95 中 $[] \OML/cmm/m/it/10.95 f[]^^U[] \OT1/cmr/m/n/10.95 = 1$
\TU/NotoSerifCJKSC(0)/m/n/10.95 。|  令 $\OML/cmm/m/it/10.95 B \OT1/cmr/m/n/10.95
 = \OML/cmm/m/it/10.95 A\OT1/cmr/m/n/10.95 [\OML/cmm/m/it/10.95 x[]; [] ; x[]\O
T1/cmr/m/n/10.95 ]/(\OML/cmm/m/it/10.95 f[]x[] \OT1/cmr/m/n/10.95 +
 []

[1236] <xymatrix 5x2 423> [1237] [1238]
Overfull \hbox (2.83823pt too wide) in paragraph at lines 574--593
\TU/NotoSerifCJKSC(0)/m/n/10.95 由 于 $\OT1/cmr/m/n/10.95 
[]$ \TU/NotoSerifCJKSC(0)/m/n/10.95 是 有 限 $\OML/cmm/m/it/10.95 B[]$\TU/LatinMod
ernRoman(0)/m/n/10.95 -\TU/NotoSerifCJKSC(0)/m/n/10.95 模，| \TU/LatinModernRoman
(0)/m/n/10.95 Nakayama \TU/NotoSerifCJKSC(0)/m/n/10.95 引 理 给 出 某 个 $\OML/cmm/m/
it/10.95 g \OMS/cmsy/m/n/10.95 2 \OT1/cmr/m/n/10.95 1 + (\OML/cmm/m/it/10.95 y[
]; [] ; y[]\OT1/cmr/m/n/10.95 )$\TU/NotoSerifCJKSC(0)/m/n/10.95 ，|  使 得 $\OT1/c
mr/m/n/10.95 (
[])[] =
 []

[1239] [1240] [1241] <xymatrix 5x2 416> <xymatrix 3x2 230> <xymatrix 5x2 416>
[1242] <xymatrix 5x2 416> [1243] [1244] <xymatrix 3x2 145> <xymatrix 3x2 264>
[1245]
Overfull \hbox (7.7149pt too wide) in paragraph at lines 1380--1386
\TU/NotoSerifCJKSC(0)/m/n/10.95 最 后 所 得 表 达 式 属 于 由 $\OML/cmm/m/it/10.95 f[] \O
MS/cmsy/m/n/10.95 ^^@ \OML/cmm/m/it/10.95 ^^Yz[]$ \TU/NotoSerifCJKSC(0)/m/n/10.
95 生 成 的 理 想。|  特 别 地，| $\OML/cmm/m/it/10.95 D\OT1/cmr/m/n/10.95 [1/\OML/cmm/m/
it/10.95 ^^Y\OT1/cmr/m/n/10.95 ]$ \TU/NotoSerifCJKSC(0)/m/n/10.95 同 构 于 $\OML/c
mm/m/it/10.95 R\OT1/cmr/m/n/10.95 [1/\OML/cmm/m/it/10.95 ^^Y\OT1/cmr/m/n/10.95 
][\OML/cmm/m/it/10.95 x[]; [] ; x[]; z[]; [] ; z[]\OT1/cmr/m/n/10.95 ]/(\OML/cm
m/m/it/10.95 f[] \OMS/cmsy/m/n/10.95 ^^@
 []

[1246] [1247] [1248] [1249] [1250] [1251] [1252] <xymatrix 3x2 226> [1253]
[1254] [1255] [1256] [1257] <xymatrix 2x2 154> <xymatrix 2x2 188> [1258]
<xymatrix 2x2 188> [1259]) (modules.tex [1260]
Chapter 17
[1261

] [1262] [1263] [1264] <xymatrix 5x2 416> [1265] <xymatrix 2x2 182>
[1266] [1267] <xymatrix 2x2 188> [1268] [1269] [1270] [1271] <xymatrix 5x2
437> <xymatrix 5x2 416> [1272] [1273] [1274] <xymatrix 4x2 198> [1275] [1276]
[1277] [1278] [1279] <xymatrix 4x2 278> <xymatrix 2x1 80> [1280] <xymatrix 2x1
80> <xymatrix 2x1 80> [1281] [1282] [1283] [1284]

LaTeX Font Warning: Command \small invalid in math mode on input line 3263.

<xymatrix 4x2 340> [1285] <xymatrix 2x2 116> [1286] [1287] [1288] [1289]
[1290] [1291] [1292] <xymatrix 2x2 161> [1293] <xymatrix 2x2 182> <xymatrix
2x2 154> [1294] <xymatrix 3x2 278> [1295] <xymatrix 2x2 154> <xymatrix 4x2
340> [1296] [1297] <xymatrix 2x2 154> <xymatrix 2x2 182> <xymatrix 2x2 154>
[1298] <xymatrix 2x2 154> <xymatrix 3x2 264> [1299] <xymatrix 4x2 234>
<xymatrix 2x2 182> <xymatrix 2x2 182> <xymatrix 2x2 161> [1300] <xymatrix 4x2
234>) (sites-modules.tex [1301]
Chapter 18
[1302

] [1303] [1304] <xymatrix 3x2 190> [1305] <xymatrix 3x2 145> <xymatrix
3x1 24> <xymatrix 3x2 145> <xymatrix 2x2 168> [1306] <xymatrix 2x2 154>
[1307] [1308] <xymatrix 2x2 154> [1309] [1310] [1311] [1312]
Overfull \hbox (8.1967pt too wide) in paragraph at lines 1408--1417
\TU/NotoSerifCJKSC(0)/m/n/10.95 注 意，|  存 在 阿 贝 尔 预 层 的 典 范 映 射 $\OML/cmm/m/it/1
0.95 g[]u[]\OMS/cmsy/m/n/10.95 G ! G$\TU/NotoSerifCJKSC(0)/m/n/10.95 ；|  它 在 $\
OML/cmm/m/it/10.95 V$ \TU/NotoSerifCJKSC(0)/m/n/10.95 上 的 截 面 中 是 自 然 映 射 $[][]
 \OMS/cmsy/m/n/10.95 G\OT1/cmr/m/n/10.95 (\OML/cmm/m/it/10.95 u\OT1/cmr/m/n/10.
95 (\OML/cmm/m/it/10.95 U\OT1/cmr/m/n/10.95 )) \OMS/cmsy/m/n/10.95 !
 []

[1313] [1314] [1315] [1316] <xymatrix 3x2 149> <xymatrix 2x2 182> [1317]
<xymatrix 2x2 182> <xymatrix 3x2 190> <xymatrix 3x2 190> [1318] <xymatrix 2x2
188> <xymatrix 3x2 190> [1319] <xymatrix 3x2 149> <xymatrix 3x2 190> [1320]
<xymatrix 3x2 190> <xymatrix 2x2 188> <xymatrix 3x2 190> [1321] <xymatrix 2x2
154> <xymatrix 2x2 154> [1322] [1323] <xymatrix 2x2 154> [1324] <xymatrix 5x2
484> [1325] <xymatrix 2x2 154> <xymatrix 3x2 264> [1326] [1327] [1328] [1329]
[1330] <xymatrix 4x2 340> [1331] [1332] [1333] [1334] <xymatrix 4x2 340>
[1335] <xymatrix 4x2 278> [1336] [1337] <xymatrix 2x1 80> <xymatrix 2x1 80>
[1338] <xymatrix 2x2 154> <xymatrix 2x2 154> [1339] <xymatrix 4x2 340> [1340]
<xymatrix 4x2 340> [1341] [1342] [1343] <xymatrix 2x2 161> [1344] <xymatrix
2x2 161> <xymatrix 5x1 152> [1345] <xymatrix 5x1 152> [1346] <xymatrix 2x2
154> <xymatrix 4x2 340> [1347] <xymatrix 2x2 154> [1348] [1349] [1350] [1351]
[1352] [1353] [1354] <xymatrix 2x2 174> <xymatrix 2x2 154> <xymatrix 2x2 174>
[1355] <xymatrix 3x2 186> <xymatrix 3x2 186> [1356] <xymatrix 2x2 182>
<xymatrix 2x2 185> [1357] <xymatrix 2x2 182> <xymatrix 2x2 182> <xymatrix 2x2
182> [1358] [1359] [1360] <xymatrix 5x2 416> [1361] [1362]) (injectives.tex
[1363]
Chapter 19
[1364

] <xymatrix 2x2 116> <xymatrix 2x2 154> [1365] <xymatrix 2x2 154>
<xymatrix 2x2 168> <xymatrix 4x3 283> [1366]

Package hyperref Warning: Token not allowed in a PDF string (Unicode):
(hyperref)                removing `math shift' on input line 347.


Package hyperref Warning: Token not allowed in a PDF string (Unicode):
(hyperref)                removing `math shift' on input line 347.

[1367] [1368] <xymatrix 2x2 154> [1369] [1370] [1371] [1372] [1373] <xymatrix
2x2 116> [1374] <xymatrix 2x2 154> [1375] [1376] <xymatrix 2x2 154> [1377]
<xymatrix 3x2 292> [1378] [1379] <xymatrix 2x2 175> <xymatrix 2x2 175>
<xymatrix 2x3 224> [1380] [1381] <xymatrix 2x2 137> <xymatrix 2x2 182> [1382]
<xymatrix 3x2 192> [1383] [1384] [1385]) (cohomology.tex [1386]
Chapter 20
[1387

] <xymatrix 5x2 423> [1388] <xymatrix 5x1 158> <xymatrix 5x2 423> [1389]
[1390] [1391] [1392] [1393] [1394] [1395] [1396] [1397] <xymatrix 4x3 288>
[1398] <xymatrix 4x3 288> [1399] [1400] <xymatrix 3x2 196> [1401] <xymatrix
3x2 196> [1402] [1403] <xymatrix 3x2 203> <xymatrix 4x2 150> [1404] <xymatrix
2x2 161> <xymatrix 2x2 161> <xymatrix 5x3 545> [1405] <xymatrix 5x2 416>
[1406] <xymatrix 5x2 416> <xymatrix 5x2 416> [1407] <xymatrix 2x2 182>
<xymatrix 2x2 168> [1408] <xymatrix 2x2 185> <xymatrix 2x2 185> [1409]
<xymatrix 4x2 374> [1410] [1411] [1412] [1413] [1414] [1415] <xymatrix 4x2
340> [1416] [1417] [1418] [1419] [1420] [1421] [1422] <xymatrix 2x2 161>
<xymatrix 3x2 271> [1423]
Underfull \vbox (badness 10000) has occurred while \output is active []

 [1424]
[1425] [1426] <xymatrix 2x2 171> [1427] <xymatrix 2x2 171> [1428] [1429]
<xymatrix 3x2 230> [1430] <xymatrix 2x2 154> <xymatrix 4x2 234> [1431]
<xymatrix 4x2 374> [1432] <xymatrix 2x3 230> <xymatrix 2x3 264> [1433]
<xymatrix 2x2 182> [1434] <xymatrix 2x3 313> <xymatrix 3x2 313> <xymatrix 2x2
154> <xymatrix 2x2 154> [1435] <xymatrix 3x2 264> [1436] <xymatrix 4x1 332>
<xymatrix 4x1 332> [1437] [1438] <xymatrix 2x3 244> [1439] <xymatrix 3x5 506>
Underfull \vbox (badness 1242) has occurred while \output is active []

 [1440]
<xymatrix 2x3 250> <xymatrix 2x2 161> <xymatrix 2x3 244>
Underfull \vbox (badness 1270) has occurred while \output is active []

 [1441]
<xymatrix 2x3 271> <xymatrix 2x2 154> [1442] <xymatrix 2x2 168> <xymatrix 3x2
196> <xymatrix 2x2 182> <xymatrix 2x3 230> [1443] [1444] [1445] <xymatrix 3x2
162> [1446] <xymatrix 2x4 374> [1447] <xymatrix 2x5 416>
Underfull \vbox (badness 4120) has occurred while \output is active []

 [1448]
[1449] [1450] <xymatrix 3x2 264> [1451] <xymatrix 2x2 154> <xymatrix 3x2 124>
<xymatrix 2x2 154> [1452]
Overfull \hbox (23.56363pt too wide) in paragraph at lines 8310--8316
\TU/NotoSerifCJKSC(0)/m/it/10.95 其 中 上 方 水 平 箭 头 来 自 如 下 等 同：| $\OML/cmm/m/it/1
0.95 H[]\OT1/cmr/m/n/10.95 (\OML/cmm/m/it/10.95 X; K\OT1/cmr/m/n/10.95 ) = \OML
/cmm/m/it/10.95 H[]\OT1/cmr/m/n/10.95 (\OML/cmm/m/it/10.95 Z; R\OMS/cmsy/m/n/10
.95 H[]\OT1/cmr/m/n/10.95 (\OML/cmm/m/it/10.95 K\OT1/cmr/m/n/10.95 ))$ \TU/Noto
SerifCJKSC(0)/m/it/10.95 与 $\OML/cmm/m/it/10.95 H[]\OT1/cmr/m/n/10.95 (\OML/cmm
/m/it/10.95 X[]; Lf[]K\OT1/cmr/m/n/10.95 ) = \OML/cmm/m/it/10.95 H[]\OT1/cmr/m/
n/10.95 (\OML/cmm/m/it/10.95 Z[]; R\OMS/cmsy/m/n/10.95 H[]\OT1/cmr/m/n/10.95 (\
OML/cmm/m/it/10.95 K[]\OT1/cmr/m/n/10.95 ))$\TU/NotoSerifCJKSC(0)/m/it/10.95 、|

 []

<xymatrix 5x2 437> [1453] <xymatrix 5x2 437> <xymatrix 5x2 416> [1454] [1455]
[1456] <xymatrix 3x2 196> [1457] [1458] [1459] <xymatrix 3x2 230> [1460]
<xymatrix 5x5 697> [1461] <xymatrix 2x2 185> <xymatrix 5x5 697> [1462] [1463]
[1464] [1465]
Overfull \hbox (5.6014pt too wide) in paragraph at lines 9995--10006
\TU/NotoSerifCJKSC(0)/m/n/10.95 这 些 $\OMS/cmsy/m/n/10.95 O[]$\TU/LatinModernRom
an(0)/m/n/10.95 -\TU/NotoSerifCJKSC(0)/m/n/10.95 模 复 形 $[][]\OT1/cmr/m/n/10.95 
(\OMS/cmsy/m/n/10.95 J[]\OML/cmm/m/it/10.95 ; \OMS/cmsy/m/n/10.95 I[]\OT1/cmr/m
/n/10.95 )$\TU/NotoSerifCJKSC(0)/m/n/10.95 、| $[][]\OT1/cmr/m/n/10.95 (\OMS/cms
y/m/n/10.95 K[]\OML/cmm/m/it/10.95 ; \OMS/cmsy/m/n/10.95 J[]\OT1/cmr/m/n/10.95 
)$ \TU/NotoSerifCJKSC(0)/m/n/10.95 与 $[][]\OT1/cmr/m/n/10.95 (\OMS/cmsy/m/n/10.
95 K[]\OML/cmm/m/it/10.95 ; \OMS/cmsy/m/n/10.95 I[]\OT1/cmr/m/n/10.95 )$ \TU/No
toSerifCJKSC(0)/m/n/10.95 分 别 表 示 $\OML/cmm/m/it/10.95 R []\OT1/cmr/m/n/10.95 (
\OML/cmm/m/it/10.95 L; M\OT1/cmr/m/n/10.95 )$\TU/NotoSerifCJKSC(0)/m/n/10.95 、|
 $\OML/cmm/m/it/10.95 R []\OT1/cmr/m/n/10.95 (\OML/cmm/m/it/10.95 K; L\OT1/cmr/
m/n/10.95 )$
 []

[1466]
Overfull \hbox (5.56195pt too wide) in paragraph at lines 10132--10137
\TU/NotoSerifCJKSC(0)/m/n/10.95 定 义。|  根 据 我 们 对 复 形 的 特 定 选 取，|  左 端 表 示 $\OML
/cmm/m/it/10.95 R []\OT1/cmr/m/n/10.95 (\OML/cmm/m/it/10.95 L; M\OT1/cmr/m/n/10
.95 ) \OMS/cmsy/m/n/10.95 
[] \OML/cmm/m/it/10.95 K$\TU/NotoSerifCJKSC(0)/m/n/10.95 ，|  右 端 表 示 $\OML/cmm/
m/it/10.95 R []\OT1/cmr/m/n/10.95 (\OML/cmm/m/it/10.95 R []\OT1/cmr/m/n/10.95 (
\OML/cmm/m/it/10.95 K; L\OT1/cmr/m/n/10.95 )\OML/cmm/m/it/10.95 ; M\OT1/cmr/m/n
/10.95 )$\TU/NotoSerifCJKSC(0)/m/n/10.95 。|
 []

[1467] <xymatrix 2x2 154> <xymatrix 2x2 182> [1468] [1469] [1470] <xymatrix
3x2 145> [1471] [1472] <xymatrix 2x2 182> [1473] <xymatrix 2x2 127> <xymatrix
2x2 134> [1474] [1475] [1476] <xymatrix 2x2 175> [1477] [1478] [1479] [1480]
[1481] [1482] [1483] <xymatrix 4x2 275> [1484] <xymatrix 4x2 374> <xymatrix
3x2 251> <xymatrix 4x3 635> <xymatrix 3x3 446>
Overfull \hbox (3.16968pt too wide) in paragraph at lines 12385--12398
\TU/NotoSerifCJKSC(0)/m/n/10.95 由 于 左 列 和 右 列 中 的 竖 直 复 合 都 是 恒 等 态 射，|  可 知 中 
间 的 竖 直 复 合 $\OML/cmm/m/it/10.95 H[]\OT1/cmr/m/n/10.95 (\OMS/cmsy/m/n/10.95 L[]
\OT1/cmr/m/n/10.95 ) \OMS/cmsy/m/n/10.95 ! \OML/cmm/m/it/10.95 H[]\OT1/cmr/m/n/
10.95 (\OML/cmm/m/it/10.95 ^^[[]\OMS/cmsy/m/n/10.95 K[]\OT1/cmr/m/n/10.95 ) \OM
S/cmsy/m/n/10.95 !
 []

[1485] <xymatrix 2x2 154> [1486] [1487] [1488] [1489] [1490] <xymatrix 2x2
182> <xymatrix 2x4 321> [1491] [1492] <xymatrix 5x2 416> <xymatrix 3x2 271>
<xymatrix 2x2 134> [1493] [1494]) (sites-cohomology.tex [1495]
Chapter 21
[1496

] [1497] <xymatrix 5x2 423> <xymatrix 5x1 158> <xymatrix 5x2 423> [1498]
<xymatrix 5x2 423> <xymatrix 5x2 423> [1499] [1500] [1501] [1502] <xymatrix
1x5 158> <xymatrix 1x5 158> <xymatrix 1x5 158> [1503] [1504] [1505] [1506]
<xymatrix 4x3 288> [1507] [1508] [1509] [1510] [1511] [1512] <xymatrix 2x2
182> <xymatrix 2x2 168> [1513] <xymatrix 4x2 374> [1514] [1515] [1516] [1517]
<xymatrix 3x2 230> [1518] <xymatrix 2x2 154> <xymatrix 4x2 234> [1519]
<xymatrix 4x2 374> <xymatrix 3x2 230> [1520] [1521] <xymatrix 2x3 230> [1522]
<xymatrix 2x3 264> [1523] <xymatrix 2x2 182> <xymatrix 2x3 313> <xymatrix 3x2
313> [1524] <xymatrix 2x2 154> <xymatrix 2x2 154> <xymatrix 3x2 264> [1525]
[1526] [1527] <xymatrix 2x2 154> [1528] <xymatrix 2x2 154> <xymatrix 5x2 437>
[1529] <xymatrix 5x2 437> <xymatrix 5x2 416> [1530] [1531] [1532] <xymatrix
2x2 182> <xymatrix 3x2 196> [1533] [1534] [1535] <xymatrix 3x2 230> [1536]
[1537] [1538]
Overfull \hbox (1.88756pt too wide) in paragraph at lines 5328--5333
\TU/NotoSerifCJKSC(0)/m/n/10.95 为 单 射。|  由 于 $\OML/cmm/m/it/10.95 V[] \OMS/cmsy
/m/n/10.95 2 B[]$ \TU/NotoSerifCJKSC(0)/m/n/10.95 中 的 对 象 覆 盖 $\OMS/cmsy/m/n/10
.95 C[]$ \TU/NotoSerifCJKSC(0)/m/n/10.95 的 每 个 对 象，|  我 们 得 到 映 射 $\OML/cmm/m/i
t/10.95 H[]\OT1/cmr/m/n/10.95 (\OML/cmm/m/it/10.95 Rf[]K\OT1/cmr/m/n/10.95 ) \O
MS/cmsy/m/n/10.95 ! [] \OML/cmm/m/it/10.95 H[]\OT1/cmr/m/n/10.95 (\OML/cmm/m/it
/10.95 Rf[]\OT1/cmr/m/n/10.95 (\OML/cmm/m/it/10.95 ^^\[]K\OT1/cmr/m/n/10.95 ))$

 []

<xymatrix 2x2 154> [1539] <xymatrix 2x2 154> [1540] [1541] [1542] [1543]
<xymatrix 5x2 484> <xymatrix 2x2 154> [1544] <xymatrix 2x2 154> <xymatrix 2x2
182> [1545] [1546] <xymatrix 2x1 80> [1547] <xymatrix 2x2 182> [1548] [1549]
[1550] [1551] [1552] <xymatrix 2x2 182> <xymatrix 2x2 182> [1553] <xymatrix
2x2 182> <xymatrix 2x2 182> [1554] [1555] <xymatrix 2x3 244> [1556] <xymatrix
3x5 506> <xymatrix 2x2 154> [1557] <xymatrix 2x2 168> <xymatrix 3x2 196>
<xymatrix 2x2 182> <xymatrix 2x3 230> [1558] [1559] [1560]
Overfull \hbox (1.87001pt too wide) in paragraph at lines 8234--8239
[]\TU/LatinModernRoman(0)/m/n/10.95 21.34.5[] \TU/NotoSerifCJKSC(0)/m/n/10.95 中
 的 映 射 定 义。|  由 所 选 复 形，|  左 端 表 示 $\OML/cmm/m/it/10.95 R []\OT1/cmr/m/n/10.95 
(\OML/cmm/m/it/10.95 L; M\OT1/cmr/m/n/10.95 ) \OMS/cmsy/m/n/10.95 
[] \OML/cmm/m/it/10.95 K$\TU/NotoSerifCJKSC(0)/m/n/10.95 ，|  右 端 表 示 $\OML/cmm/
m/it/10.95 R []\OT1/cmr/m/n/10.95 (\OML/cmm/m/it/10.95 R []\OT1/cmr/m/n/10.95 (
\OML/cmm/m/it/10.95 K; L\OT1/cmr/m/n/10.95 )\OML/cmm/m/it/10.95 ; M\OT1/cmr/m/n
/10.95 )$\TU/NotoSerifCJKSC(0)/m/n/10.95 。|
 []

[1561] [1562] <xymatrix 2x2 182> [1563] [1564] <xymatrix 2x2 182> [1565]
<xymatrix 2x2 182> <xymatrix 2x2 182> <xymatrix 2x2 182> [1566] <xymatrix 3x2
145> [1567] <xymatrix 3x2 145> <xymatrix 2x2 168> <xymatrix 2x2 168> [1568]
[1569] <xymatrix 3x2 145> [1570] <xymatrix 2x2 182> [1571] <xymatrix 3x3 160>
[1572] [1573] [1574] <xymatrix 3x1 139> [1575] [1576] [1577] [1578] [1579]
<xymatrix 2x2 154> [1580] <xymatrix 3x2 183> [1581] [1582] <xymatrix 2x2 127>
[1583] <xymatrix 2x2 134> [1584] [1585] <xymatrix 2x2 175> [1586] [1587]
[1588] [1589] [1590] [1591] [1592] <xymatrix 4x2 275> [1593] <xymatrix 4x2
374> <xymatrix 3x2 251> <xymatrix 4x3 635> <xymatrix 3x3 446> [1594] [1595]
[1596] <xymatrix 2x2 182> <xymatrix 2x4 321> [1597] [1598] [1599] [1600]
[1601]) (dga.tex [1602]
Chapter 22
[1603

] [1604] [1605] <xymatrix 2x2 182> [1606] <xymatrix 2x2 182> <xymatrix
3x1 144> <xymatrix 4x2 340> <xymatrix 3x2 285> <xymatrix 3x2 285> [1607]
Overfull \hbox (22.5177pt too wide) in paragraph at lines 664--666
[]\TU/NotoSerifCJKSC(0)/b/n/10.95 引 理 \TU/LatinModernRoman(0)/b/n/10.95 22.9.1.
 \TU/NotoSerifCJKSC(0)/m/it/10.95 设 $\OT1/cmr/m/n/10.95 (\OML/cmm/m/it/10.95 A;
 []\OT1/cmr/m/n/10.95 )$ \TU/NotoSerifCJKSC(0)/m/it/10.95 是 微 分 分 次 代 数。|  设 $\
OML/cmm/m/it/10.95 f \OT1/cmr/m/n/10.95 : \OML/cmm/m/it/10.95 K \OMS/cmsy/m/n/1
0.95 ! \OML/cmm/m/it/10.95 L$ \TU/NotoSerifCJKSC(0)/m/it/10.95 是 微 分 分 次 模 的 同 
态。|  三 角 $\OT1/cmr/m/n/10.95 (\OML/cmm/m/it/10.95 L; C\OT1/cmr/m/n/10.95 (\OML/
cmm/m/it/10.95 f\OT1/cmr/m/n/10.95 )\OML/cmm/m/it/10.95 ; K\OT1/cmr/m/n/10.95 [
1]\OML/cmm/m/it/10.95 ; i; p; f\OT1/cmr/m/n/10.95 [1])$
 []

[1608] <xymatrix 3x2 285> <xymatrix 4x2 402> <xymatrix 4x2 388> [1609] [1610]
[1611] <xymatrix 4x2 204> <xymatrix 4x2 204> [1612] [1613] [1614] [1615]
[1616] [1617] [1618] [1619] [1620] [1621] [1622] [1623] [1624]
Overfull \hbox (25.30942pt too wide) in paragraph at lines 2446--2451
\TU/NotoSerifCJKSC(0)/m/n/10.95 是 $\OML/cmm/m/it/10.95 K\OT1/cmr/m/n/10.95 ([][
])$ \TU/NotoSerifCJKSC(0)/m/n/10.95 中 的 有 区 别 三 角。|  由 于 局 部 化 函 子 $\OML/cmm/m/
it/10.95 K\OT1/cmr/m/n/10.95 ([][]) \OMS/cmsy/m/n/10.95 ! \OML/cmm/m/it/10.95 D
\OT1/cmr/m/n/10.95 (\OML/cmm/m/it/10.95 A; []\OT1/cmr/m/n/10.95 )$ \TU/NotoSeri
fCJKSC(0)/m/n/10.95 是 正 合 的，| $\OT1/cmr/m/n/10.95 (\OML/cmm/m/it/10.95 K; L; C\
OT1/cmr/m/n/10.95 (\OML/cmm/m/it/10.95 a\OT1/cmr/m/n/10.95 )\OML/cmm/m/it/10.95
 ; a; i; \OMS/cmsy/m/n/10.95 ^^@\OML/cmm/m/it/10.95 p\OT1/cmr/m/n/10.95 )$
 []

[1625] [1626] [1627] [1628] [1629] [1630] <xymatrix 3x3 284> [1631] <xymatrix
2x2 182> [1632] <xymatrix 3x1 182> <xymatrix 2x2 182> <xymatrix 3x1 139>
[1633] <xymatrix 3x1 182> <xymatrix 3x1 139> <xymatrix 3x1 154> <xymatrix 3x1
89> <xymatrix 4x2 340> <xymatrix 3x2 285> <xymatrix 3x2 285> [1634] <xymatrix
4x1 127> <xymatrix 3x1 182> <xymatrix 3x1 82> <xymatrix 3x1 82> [1635]
<xymatrix 4x2 609> <xymatrix 3x2 313> [1636] <xymatrix 3x2 285> <xymatrix 3x2
285> <xymatrix 4x2 423> <xymatrix 3x1 89> <xymatrix 4x2 409> <xymatrix 5x2
769> [1637] <xymatrix 3x1 89> [1638] <xymatrix 4x3 705> <xymatrix 4x1 227>
<xymatrix 4x1 227> <xymatrix 4x1 227> <xymatrix 4x4 771> [1639] [1640] [1641]
[1642] [1643] [1644] <xymatrix 3x2 210> [1645] [1646] <xymatrix 3x2 210>
[1647] [1648] <xymatrix 2x2 182> [1649] <xymatrix 5x1 104> [1650] <xymatrix
5x1 104> [1651] [1652] [1653] [1654] [1655] [1656] [1657] [1658] [1659]
[1660] <xymatrix 5x1 104> [1661] [1662]) (dpa.tex [1663]
Chapter 23
[1664

] [1665] [1666] <xymatrix 2x2 154> [1667] <xymatrix 2x2 154> [1668]
[1669] [1670] [1671] [1672] [1673] [1674] [1675] [1676] [1677] <xymatrix 2x2
154> [1678] <xymatrix 2x2 154> <xymatrix 2x2 154> [1679] <xymatrix 2x2 120>
[1680] [1681] <xymatrix 2x2 154> <xymatrix 2x2 120> [1682] [1683] [1684]
<xymatrix 2x2 154> [1685] <xymatrix 2x2 168> <xymatrix 4x3 560> [1686] [1687])
(sdga.tex [1688]
Chapter 24
[1689

] [1690] [1691] [1692] [1693] [1694] <xymatrix 2x2 168> <xymatrix 2x2
168> [1695] [1696] [1697] [1698] [1699] [1700] [1701] [1702] [1703] [1704]
[1705] [1706] [1707] <xymatrix 3x2 190> [1708] [1709] [1710] [1711] <xymatrix
4x2 320> <xymatrix 4x2 374> [1712] <xymatrix 2x2 182> <xymatrix 2x2 182>
[1713] <xymatrix 2x2 116> <xymatrix 2x3 196> [1714] <xymatrix 2x2 116>
<xymatrix 2x2 116> <xymatrix 2x2 116> [1715] <xymatrix 2x2 130> <xymatrix 2x2
130> [1716] <xymatrix 2x2 116> [1717] <xymatrix 2x2 161> <xymatrix 2x2 154>
[1718] <xymatrix 2x2 154> [1719] <xymatrix 4x2 194> [1720]

Package hyperref Warning: Token not allowed in a PDF string (Unicode):
(hyperref)                removing `math shift' on input line 3992.


Package hyperref Warning: Token not allowed in a PDF string (Unicode):
(hyperref)                removing `\delta' on input line 3992.


Package hyperref Warning: Token not allowed in a PDF string (Unicode):
(hyperref)                removing `math shift' on input line 3992.

<xymatrix 2x2 168>
Overfull \hbox (4.51593pt too wide) in paragraph at lines 4035--4044
\TU/NotoSerifCJKSC(0)/m/n/10.95 是 $\OML/cmm/m/it/10.95 K\OT1/cmr/m/n/10.95 ([](
\OMS/cmsy/m/n/10.95 A\OML/cmm/m/it/10.95 ; []\OT1/cmr/m/n/10.95 ))$ \TU/NotoSer
ifCJKSC(0)/m/n/10.95 中 的 杰 出 三 角。|  由 于 局 部 化 函 子 $\OML/cmm/m/it/10.95 K\OT1/cm
r/m/n/10.95 ([](\OMS/cmsy/m/n/10.95 A\OML/cmm/m/it/10.95 ; []\OT1/cmr/m/n/10.95
 )) \OMS/cmsy/m/n/10.95 ! \OML/cmm/m/it/10.95 D\OT1/cmr/m/n/10.95 (\OMS/cmsy/m/
n/10.95 A\OML/cmm/m/it/10.95 ; []\OT1/cmr/m/n/10.95 )$ \TU/NotoSerifCJKSC(0)/m/
n/10.95 正 合，| $\OT1/cmr/m/n/10.95 (\OMS/cmsy/m/n/10.95 K\OML/cmm/m/it/10.95 ; \
OMS/cmsy/m/n/10.95 L\OML/cmm/m/it/10.95 ; C\OT1/cmr/m/n/10.95 (\OML/cmm/m/it/10
.95 a\OT1/cmr/m/n/10.95 )\OML/cmm/m/it/10.95 ; a; i; \OMS/cmsy/m/n/10.95 ^^@\OM
L/cmm/m/it/10.95 p\OT1/cmr/m/n/10.95 )$
 []

[1721] [1722] [1723] [1724] [1725] <xymatrix 3x2 190> [1726] [1727] [1728]
<xymatrix 3x2 196> [1729] <xymatrix 3x2 196> <xymatrix 3x2 182> <xymatrix 3x2
196> <xymatrix 4x2 409> [1730] <xymatrix 3x2 196> <xymatrix 2x2 168> [1731]
<xymatrix 3x2 183> [1732] [1733] <xymatrix 4x2 361> <xymatrix 4x2 361> [1734]
<xymatrix 4x3 560> [1735]) (hypercovering.tex [1736]
Chapter 25
[1737

] <xymatrix 2x2 168> [1738] [1739] [1740] [1741] [1742] [1743] [1744]
<xymatrix 3x1 118> [1745] <xymatrix 3x3 283> <xymatrix 4x3 465> [1746]
<xymatrix 3x2 284> <xymatrix 2x2 154> [1747] [1748] <xymatrix 2x2 154> [1749]
<xymatrix 2x2 154> <xymatrix 2x2 154> [1750] <xymatrix 3x2 254> [1751] [1752]
[1753] [1754] [1755] [1756] [1757] [1758]) (schemes.tex [1759]
Chapter 26
[1760

] <xymatrix 2x2 196> [1761] <xymatrix 2x2 168> [1762] <xymatrix 2x2 182>
[1763] [1764] <xymatrix 2x2 154> [1765] [1766] [1767] <xymatrix 5x1 104>
[1768] <xymatrix 3x2 145> <xymatrix 2x1 80> [1769] <xymatrix 5x2 416> [1770]
[1771] [1772] [1773] [1774] [1775] <xymatrix 2x2 154> <xymatrix 2x2 168>
[1776] <xymatrix 2x2 154> <xymatrix 3x2 264> <xymatrix 3x2 145> [1777]
<xymatrix 3x2 149> [1778] [1779] [1780] <xymatrix 3x3 276> [1781] <xymatrix
2x2 182> <xymatrix 4x3 284> [1782] <xymatrix 4x4 488> [1783] <xymatrix 2x3
305> [1784] <xymatrix 2x2 154> <xymatrix 2x2 154> <xymatrix 2x2 154> [1785]
<xymatrix 2x2 188> [1786] <xymatrix 3x2 332> <xymatrix 3x2 230> [1787]
<xymatrix 2x2 168> <xymatrix 2x2 168> [1788] <xymatrix 2x2 171> [1789]
<xymatrix 2x2 195> [1790] [1791] <xymatrix 2x2 188> [1792] [1793] [1794])
(constructions.tex [1795]
Chapter 27
<xymatrix 5x1 145> [1796

] <xymatrix 5x1 145> [1797] <xymatrix 2x2 154>
<xymatrix 5x1 145> [1798] <xymatrix 3x1 96> [1799] [1800] [1801] [1802]
<xymatrix 3x2 264>
Overfull \hbox (51.89545pt too wide) in paragraph at lines 889--893
[]\TU/NotoSerifCJKSC(0)/m/it/10.95 设 $\OML/cmm/m/it/10.95 g[]; [] ; g[] \OMS/cm
sy/m/n/10.95 2 \OML/cmm/m/it/10.95 S$ \TU/NotoSerifCJKSC(0)/m/it/10.95 为 正 次 数 
齐 次 元。|  则 $\OML/cmm/m/it/10.95 D[]\OT1/cmr/m/n/10.95 (\OML/cmm/m/it/10.95 f\OT
1/cmr/m/n/10.95 ) \OMS/cmsy/m/n/10.95 ^^Z [] \OML/cmm/m/it/10.95 D[]\OT1/cmr/m/
n/10.95 (\OML/cmm/m/it/10.95 g[]\OT1/cmr/m/n/10.95 )$ \TU/NotoSerifCJKSC(0)/m/i
t/10.95 当 且 仅 当 $\OML/cmm/m/it/10.95 g[]\OT1/cmr/m/n/10.95 /\OML/cmm/m/it/10.95
 f[]; [] ; g[]\OT1/cmr/m/n/10.95 /\OML/cmm/m/it/10.95 f[]$
 []

[1803] [1804] [1805] <xymatrix 2x2 154> <xymatrix 2x2 161> [1806] [1807]
<xymatrix 2x2 154> [1808] [1809] [1810] <xymatrix 3x2 213> [1811] [1812]
<xymatrix 2x2 161> [1813] <xymatrix 2x2 168> <xymatrix 3x2 278> [1814]
<xymatrix 3x2 278> [1815] [1816] [1817] [1818] [1819] <xymatrix 2x2 182>
[1820] <xymatrix 2x2 154> [1821] <xymatrix 5x1 145> <xymatrix 3x2 155> [1822]
[1823] [1824] [1825] <xymatrix 3x2 151> [1826] [1827] [1828] <xymatrix 2x2
182> [1829] <xymatrix 3x2 149> <xymatrix 2x3 230> [1830] <xymatrix 3x2 183>
[1831] [1832] [1833]
Overfull \hbox (11.72908pt too wide) in paragraph at lines 4578--4584
\TU/NotoSerifCJKSC(0)/m/n/10.95 反 过 来，|  给 定 元 素 $\OML/cmm/m/it/10.95 q \OT1/cm
r/m/n/10.95 : \OMS/cmsy/m/n/10.95 O[] ! Q$\TU/NotoSerifCJKSC(0)/m/n/10.95 ，|  它
 属 于 $\OML/cmm/m/it/10.95 G\OT1/cmr/m/n/10.95 (\OML/cmm/m/it/10.95 n; n \OT1/cm
r/m/n/10.95 + 1)(\OML/cmm/m/it/10.95 S\OT1/cmr/m/n/10.95 )$\TU/NotoSerifCJKSC(0
)/m/n/10.95 ，|  便 得 到 这 样 的 偶 对，|  即 $\OT1/cmr/m/n/10.95 (\OMS/cmsy/m/n/10.95 Q
\OML/cmm/m/it/10.95 ; \OT1/cmr/m/n/10.95 (\OML/cmm/m/it/10.95 q\OT1/cmr/m/n/10.
95 (\OML/cmm/m/it/10.95 e[]\OT1/cmr/m/n/10.95 )\OML/cmm/m/it/10.95 ; [] ; q\OT1
/cmr/m/n/10.95 (\OML/cmm/m/it/10.95 e[]\OT1/cmr/m/n/10.95 )))$\TU/NotoSerifCJKS
C(0)/m/n/10.95 。|
 []

) (properties.tex [1834]
Chapter 28
[1835

] [1836] [1837] [1838] [1839] [1840] [1841] [1842] [1843] [1844] [1845]
[1846] [1847] [1848] [1849] [1850] [1851] [1852] <xymatrix 3x2 216> [1853]
[1854] [1855] [1856] <xymatrix 2x2 154> <xymatrix 2x2 154> [1857] [1858]
<xymatrix 2x2 154> [1859] [1860] [1861] [1862] [1863] [1864] [1865] [1866]
[1867] [1868] [1869] [1870] <xymatrix 2x2 175> [1871]
Overfull \hbox (5.41325pt too wide) in paragraph at lines 4686--4698
[]\TU/NotoSerifCJKSC(0)/b/n/10.95 注 \TU/LatinModernRoman(0)/b/n/10.95 28.30.2. 
\TU/NotoSerifCJKSC(0)/m/n/10.95 若 $\OML/cmm/m/it/10.95 X$ \TU/NotoSerifCJKSC(0)
/m/n/10.95 不 拟 分 离，|  则 上 面 的 引 理[] \TU/LatinModernRoman(0)/m/n/10.95 28.30.1[]
 \TU/NotoSerifCJKSC(0)/m/n/10.95 不 成 立。|  下 面 给 出 一 例。|  取 $\OML/cmm/m/it/10.95
 R \OT1/cmr/m/n/10.95 = [][\OML/cmm/m/it/10.95 x; y[]; y[]; []\OT1/cmr/m/n/10.9
5 ]/((\OML/cmm/m/it/10.95 x \OMS/cmsy/m/n/10.95 ^^@
 []

[1872]) (morphisms.tex [1873]
Chapter 29
[1874

] <xymatrix 3x2 230> [1875] [1876] <xymatrix 2x2 154> [1877] <xymatrix
2x2 154> [1878] [1879] <xymatrix 3x2 230> <xymatrix 2x2 168> <xymatrix 3x2
264> [1880] [1881] [1882] [1883] <xymatrix 2x2 182> <xymatrix 3x2 145> [1884]
<xymatrix 2x2 154> [1885] [1886] [1887] [1888] <xymatrix 3x2 128> [1889]
<xymatrix 3x2 203> [1890] [1891] [1892] [1893] [1894] [1895] [1896] [1897]
[1898] [1899] [1900] [1901] [1902] [1903] [1904] [1905] [1906] [1907] [1908]
[1909] [1910] [1911] <xymatrix 2x2 182> [1912] [1913] [1914] [1915] [1916]
<xymatrix 3x2 145> <xymatrix 3x2 264> [1917] <xymatrix 2x2 182> <xymatrix 2x2
182> [1918] [1919] [1920] <xymatrix 2x2 161> [1921] <xymatrix 2x2 134> [1922]
<xymatrix 3x2 236> [1923] [1924] [1925] <xymatrix 2x2 182> [1926] <xymatrix
2x2 134> <xymatrix 3x2 145> [1927] [1928] [1929] [1930] [1931] [1932] [1933]
<xymatrix 2x2 182> [1934] <xymatrix 2x2 154> <xymatrix 3x2 145> [1935]
<xymatrix 3x2 236> [1936] [1937] [1938] [1939] <xymatrix 3x1 92> [1940]
[1941] [1942] [1943] [1944] <xymatrix 3x2 128> [1945] <xymatrix 3x2 145>
[1946] <xymatrix 3x2 176> <xymatrix 2x2 188> <xymatrix 3x2 244> [1947]
<xymatrix 2x2 154> <xymatrix 2x2 154> <xymatrix 3x2 230> <xymatrix 3x2 244>
[1948] <xymatrix 2x2 161> [1949] <xymatrix 2x2 175> [1950] <xymatrix 5x3 420>
[1951] [1952] [1953] <xymatrix 3x2 278> [1954] [1955] [1956] <xymatrix 3x2
292> <xymatrix 3x3 427> [1957] [1958] [1959] [1960] [1961] [1962] <xymatrix
3x2 285> [1963] [1964] <xymatrix 3x2 237> <xymatrix 3x2 265> [1965] [1966]
[1967] [1968] [1969] [1970] [1971] [1972] [1973] [1974] [1975] <xymatrix 3x2
128> <xymatrix 2x2 223> [1976] <xymatrix 2x2 168> <xymatrix 2x3 292> [1977]
<xymatrix 3x2 142> [1978] [1979] [1980] [1981] [1982] <xymatrix 2x2 154>
[1983] [1984] [1985] <xymatrix 3x2 149> [1986] <xymatrix 3x2 149> <xymatrix
3x2 149> [1987] [1988] <xymatrix 3x2 149> <xymatrix 3x2 149> [1989])
(coherent.tex [1990]
Chapter 30
[1991

] [1992] <xymatrix 6x1 169> <xymatrix 3x1 55> [1993] [1994] [1995]
[1996] <xymatrix 4x2 198> <xymatrix 2x2 182> [1997] <xymatrix 2x2 175> [1998]
[1999] [2000] <xymatrix 2x2 182> [2001] [2002] [2003] [2004] [2005] [2006]
[2007] [2008] <xymatrix 2x2 154> [2009] [2010] [2011] [2012] [2013] [2014]
<xymatrix 2x2 182> [2015] [2016] [2017] <xymatrix 2x2 120> <xymatrix 3x2 233>
[2018] [2019] [2020] [2021]
Overfull \hbox (29.22725pt too wide) in paragraph at lines 4100--4107
\TU/NotoSerifCJKSC(0)/m/n/10.95 对 所 有 $\OML/cmm/m/it/10.95 n \OMS/cmsy/m/n/10.9
5 2 []$ \TU/NotoSerifCJKSC(0)/m/n/10.95 成 立。|  由 引 理[] \TU/LatinModernRoman(0)/
m/n/10.95 30.14.1[]\TU/NotoSerifCJKSC(0)/m/n/10.95 ，|  可 知 $[][] \OML/cmm/m/it/
10.95 A[]$ \TU/NotoSerifCJKSC(0)/m/n/10.95 是 有 限 分 次 $\OML/cmm/m/it/10.95 S$\TU
/LatinModernRoman(0)/m/n/10.95 -\TU/NotoSerifCJKSC(0)/m/n/10.95 模。|  由 于 $\OML/
cmm/m/it/10.95 A \OT1/cmr/m/n/10.95 = [][] [][] \OML/cmm/m/it/10.95 A[]$\TU/Not
oSerifCJKSC(0)/m/n/10.95 ，|
 []

[2022] [2023] <xymatrix 3x2 264> [2024] [2025] <xymatrix 3x2 203> [2026]
<xymatrix 2x2 127> <xymatrix 2x2 120> [2027] <xymatrix 3x2 227> [2028]
<xymatrix 2x2 178> [2029] <xymatrix 2x2 154> <xymatrix 3x2 264> [2030]
<xymatrix 5x2 416> <xymatrix 4x2 419> [2031] <xymatrix 2x2 188> [2032] [2033]
[2034] [2035] [2036] [2037] <xymatrix 2x2 86> [2038] [2039] [2040] [2041]
[2042] <xymatrix 2x2 182> [2043] [2044] <xymatrix 2x2 182> [2045] [2046]
<xymatrix 5x2 396> <xymatrix 4x2 354> [2047] <xymatrix 4x2 354> <xymatrix 5x3
366> [2048] <xymatrix 4x2 354> [2049]
Overfull \hbox (1.10895pt too wide) in paragraph at lines 7425--7432
$\OML/cmm/m/it/10.95 H[]\OT1/cmr/m/n/10.95 (\OML/cmm/m/it/10.95 X; \OMS/cmsy/m/
n/10.95 F[] 
 L[]\OT1/cmr/m/n/10.95 )$ \TU/NotoSerifCJKSC(0)/m/n/10.95 的 消 失 使 我 们 能 够 归 纳 地
 把 $\OML/cmm/m/it/10.95 s[]; [] ; s[] \OMS/cmsy/m/n/10.95 2 \OT1/cmr/m/n/10.95 
^^@(\OML/cmm/m/it/10.95 X[]; \OMS/cmsy/m/n/10.95 L[]\OT1/cmr/m/n/10.95 )$ \TU/N
otoSerifCJKSC(0)/m/n/10.95 提 升 为 截 面 $\OML/cmm/m/it/10.95 s[]; [] ; s[] \OMS/cm
sy/m/n/10.95 2
 []

<xymatrix 4x2 375>) (divisors.tex [2050]
Chapter 31
[2051

] [2052] [2053] [2054] [2055] [2056] [2057] <xymatrix 2x2 168> [2058]
[2059] [2060] [2061] [2062] [2063] [2064] [2065] [2066] [2067] [2068] [2069]
[2070] [2071] [2072] [2073] [2074] [2075] [2076] [2077] <xymatrix 2x2 154>
[2078] [2079] <xymatrix 5x2 430> [2080] [2081] <xymatrix 2x2 182> [2082]
<xymatrix 2x2 182> [2083] [2084] [2085] [2086] [2087] [2088] [2089]
Overfull \hbox (8.20628pt too wide) in paragraph at lines 4920--4936
\TU/NotoSerifCJKSC(0)/m/n/10.95 考 察 仿 射 概 形 的 态 射 $\OML/cmm/m/it/10.95 X[] \OMS
/cmsy/m/n/10.95 ! \OML/cmm/m/it/10.95 S[]$\TU/NotoSerifCJKSC(0)/m/n/10.95 ，|  它
 等 于 $[]$，|  取 自 环 映 射 $\OML/cmm/m/it/10.95 A[] \OMS/cmsy/m/n/10.95 ! \OML/cmm/
m/it/10.95 B[]$\TU/NotoSerifCJKSC(0)/m/n/10.95 ，|  并 令 $\OML/cmm/m/it/10.95 Z[]
 \OT1/cmr/m/n/10.95 = [](\OML/cmm/m/it/10.95 B[]\OT1/cmr/m/n/10.95 /(\OML/cmm/m
/it/10.95 f[]; [] ; f[]\OT1/cmr/m/n/10.95 ))$\TU/NotoSerifCJKSC(0)/m/n/10.95 。|

 []

[2090] <xymatrix 3x2 138> [2091] <xymatrix 3x2 131> <xymatrix 3x2 131>
<xymatrix 3x2 138> [2092] [2093] <xymatrix 2x2 168> [2094] [2095] [2096]
[2097] [2098] [2099] [2100] [2101] [2102] [2103] [2104] [2105] [2106]
<xymatrix 2x2 168> [2107] [2108] [2109] [2110] [2111] <xymatrix 2x2 154>
[2112] [2113] [2114] <xymatrix 3x2 288> [2115] <xymatrix 2x2 154> [2116]
<xymatrix 3x2 299> [2117] [2118] [2119] [2120]) (limits.tex [2121]
Chapter 32
[2122

] [2123] [2124] [2125] [2126] <xymatrix 2x2 154> [2127] [2128] <xymatrix
2x2 168> [2129] <xymatrix 2x2 116> <xymatrix 2x2 154> <xymatrix 2x2 100>
[2130] <xymatrix 2x2 168> <xymatrix 4x3 450> [2131] [2132] [2133] <xymatrix
2x2 154> [2134] [2135] [2136] [2137] <xymatrix 3x2 230> [2138] [2139] [2140]
[2141] [2142] [2143] <xymatrix 3x2 203> [2144] <xymatrix 3x2 203> <xymatrix
4x2 272> <xymatrix 3x2 203> [2145] <xymatrix 4x3 390> <xymatrix 3x2 203>
<xymatrix 3x2 203> [2146] <xymatrix 2x2 175> [2147] <xymatrix 2x2 175> [2148]
<xymatrix 2x2 168> <xymatrix 2x2 168> [2149] <xymatrix 2x2 161> <xymatrix 4x2
238> <xymatrix 2x2 188> [2150] <xymatrix 2x2 188> <xymatrix 2x2 195> <xymatrix
2x2 188> [2151] <xymatrix 3x2 332> [2152] <xymatrix 3x2 264> <xymatrix 3x2
244> <xymatrix 2x2 202> <xymatrix 3x2 251> <xymatrix 2x2 216> [2153] <xymatrix
3x2 244> <xymatrix 3x2 251> <xymatrix 3x2 244> <xymatrix 2x2 195> [2154]
<xymatrix 2x2 195> [2155] <xymatrix 2x2 195> <xymatrix 2x2 195> <xymatrix 3x2
210> <xymatrix 2x2 195> <xymatrix 2x2 195> [2156] <xymatrix 2x2 195> [2157]
<xymatrix 2x2 182> <xymatrix 3x2 313> [2158] [2159] [2160] <xymatrix 3x2 264>
<xymatrix 3x2 264> <xymatrix 1x2 44> <xymatrix 3x2 264> <xymatrix 3x2 264>
[2161] [2162] <xymatrix 2x2 154> <xymatrix 2x2 154> [2163] <xymatrix 2x2 154>
<xymatrix 2x2 154> <xymatrix 3x3 504> [2164] <xymatrix 2x2 182> <xymatrix 2x2
154> [2165]) (topologies.tex [2166]
Chapter 34
[2167

] [2168] [2169] [2170] <xymatrix 2x2 182> <xymatrix 2x2 182> [2171]
[2172] [2173] [2174] <xymatrix 2x2 182> [2175] <xymatrix 2x2 182> [2176]
Underfull \hbox (badness 10000) in paragraph at lines 1288--1292
[]\TU/NotoSerifCJKSC(0)/b/n/10.95 引 理 \TU/LatinModernRoman(0)/b/n/10.95 34.5.7.
 \TU/NotoSerifCJKSC(0)/m/it/10.95 设 $[][]$ 是 \TU/LatinModernRoman(0)/m/it/10.95
 Definition []34.5.6[] \TU/NotoSerifCJKSC(0)/m/it/10.95 所 述 的 大 光 滑 位 点，|
 []

[2177]
Underfull \hbox (badness 10000) in paragraph at lines 1342--1347
[]\TU/NotoSerifCJKSC(0)/b/n/10.95 引 理 \TU/LatinModernRoman(0)/b/n/10.95 34.5.9.
 \TU/NotoSerifCJKSC(0)/m/it/10.95 设 $\OML/cmm/m/it/10.95 S$ \TU/NotoSerifCJKSC(
0)/m/it/10.95 为 概 形，| $[][]$ 为 包 含 $\OML/cmm/m/it/10.95 S$ \TU/NotoSerifCJKSC(0
)/m/it/10.95 的 大 光 滑 位 点。|  函 子
 []

[2178] [2179] [2180] [2181] [2182] [2183] [2184] [2185] [2186] [2187] [2188]
[2189] [2190] <xymatrix 2x2 161> <xymatrix 2x2 154> <xymatrix 3x2 203>
<xymatrix 3x2 278> [2191] <xymatrix 2x2 154> [2192] [2193] <xymatrix 2x2 154>
<xymatrix 3x2 226> <xymatrix 3x2 196> <xymatrix 2x2 154> [2194] [2195] [2196]
[2197] [2198]
Underfull \hbox (badness 10000) in paragraph at lines 3723--3728
\TU/NotoSerifCJKSC(0)/m/it/10.95 示 该 引 理 中 构 造 的 唯 一 延 拓。|  设
 []

<xymatrix 2x1 80> <xymatrix 2x1 80> <xymatrix 2x1 80> <xymatrix 2x1 80>
<xymatrix 2x1 80> <xymatrix 2x1 80> [2199]) (descent.tex [2200]
Chapter 35
<xymatrix 3x2 149> <xymatrix 2x2 182> [2201

] <xymatrix 3x1 294> [2202]
<xymatrix 3x2 149> <xymatrix 2x2 182> [2203] [2204] <xymatrix 5x1 186> [2205]
[2206] <xymatrix 3x2 267> <xymatrix 3x1 139> [2207] <xymatrix 3x1 118>
<xymatrix 3x1 118> [2208] <xymatrix 2x2 182> [2209] <xymatrix 3x1 139>
<xymatrix 3x1 139> <xymatrix 3x1 139> <xymatrix 3x1 132> <xymatrix 3x1 139>
[2210] <xymatrix 3x3 644> <xymatrix 3x1 139> [2211] [2212] [2213] <xymatrix
3x2 264> [2214] [2215] [2216] [2217] [2218] [2219] [2220] [2221] [2222]
<xymatrix 3x2 190> [2223] [2224] <xymatrix 5x2 382> [2225] [2226]
Underfull \hbox (badness 1248) in paragraph at lines 3085--3085
[][][][]\TU/NotoSerifCJKSC(0)/m/n/9 在 本 节 中，|  正 如 \TU/LatinModernRoman(0)/m/n/
9 Topologies, Section []34.11[] \TU/NotoSerifCJKSC(0)/m/n/9 中 一 样，|  我 们 选 择 各 
位 点 $\OT1/cmr/m/n/9 ([]/\OML/cmm/m/it/9 S\OT1/cmr/m/n/9 )[]$\TU/NotoSerifCJKSC(
0)/m/n/9 ，|  使 得 当 $\OML/cmm/m/it/9 ^^\ \OMS/cmsy/m/n/9 2
 []

[2227] [2228] [2229] <xymatrix 2x1 80> [2230] [2231] [2232] <xymatrix 3x2 274>
<xymatrix 3x2 264> <xymatrix 3x2 145> [2233] <xymatrix 3x2 145> <xymatrix 3x2
145> <xymatrix 3x2 145> [2234] [2235] [2236] <xymatrix 3x2 128> [2237] [2238]
[2239] <xymatrix 2x2 182>
Underfull \hbox (badness 10000) in paragraph at lines 4625--4630
[]\TU/NotoSerifCJKSC(0)/b/n/10.95 定 义 \TU/LatinModernRoman(0)/b/n/10.95 35.22.1
. \TU/NotoSerifCJKSC(0)/m/n/10.95 设 $\OMS/cmsy/m/n/10.95 P$ \TU/NotoSerifCJKSC(
0)/m/n/10.95 为 基 底 上 概 形 态 射 的 一 项 性 质，|  并 设
 []

[2240] [2241] <xymatrix 3x2 264> [2242] <xymatrix 3x3 316> [2243] [2244]
[2245] [2246] [2247] [2248] [2249] [2250] [2251] <xymatrix 2x2 182> [2252]
<xymatrix 2x2 182> [2253] <xymatrix 2x2 182> <xymatrix 2x2 182> [2254]
<xymatrix 3x2 295> <xymatrix 3x2 291> [2255] <xymatrix 2x2 182> <xymatrix 2x2
182> <xymatrix 2x2 154> [2256] <xymatrix 2x2 182> <xymatrix 2x2 154> [2257]
<xymatrix 2x3 278> <xymatrix 2x2 175> <xymatrix 2x2 182> <xymatrix 2x2 182>
[2258] <xymatrix 2x2 182> <xymatrix 2x2 182> [2259] <xymatrix 2x2 154>
<xymatrix 2x2 154> <xymatrix 2x2 154> [2260] <xymatrix 3x2 145> <xymatrix 2x2
182> [2261] <xymatrix 3x2 145> <xymatrix 2x2 182> [2262] <xymatrix 2x2 182>
<xymatrix 3x2 203> [2263] <xymatrix 3x2 278> [2264] <xymatrix 2x2 182>
<xymatrix 4x1 137> <xymatrix 2x2 182> [2265] <xymatrix 2x2 168> [2266]
<xymatrix 3x2 128> [2267]
Underfull \hbox (badness 10000) in paragraph at lines 7680--7687
[]\TU/NotoSerifCJKSC(0)/b/n/10.95 定 义 \TU/LatinModernRoman(0)/b/n/10.95 35.36.1
. \TU/NotoSerifCJKSC(0)/m/n/10.95 设 $\OMS/cmsy/m/n/10.95 P$ \TU/NotoSerifCJKSC(
0)/m/n/10.95 为 基 底 上 概 形 态 射 的 一 条 性 质，|  并 设
 []

[2268] <xymatrix 3x2 128> [2269] [2270] <xymatrix 4x1 142>) (perfect.tex
[2271]
Chapter 36
[2272

] <xymatrix 3x2 145> [2273] <xymatrix 2x1 80> <xymatrix 2x2 161> [2274]
<xymatrix 2x2 168> <xymatrix 2x2 168> [2275] [2276] [2277] [2278] <xymatrix
3x2 124> [2279] [2280] <xymatrix 2x2 174> [2281] <xymatrix 2x3 230> <xymatrix
2x2 168> [2282] <xymatrix 2x2 182> [2283] <xymatrix 2x2 168> [2284] <xymatrix
2x2 168> [2285] [2286] [2287] [2288] [2289] [2290] [2291] <xymatrix 2x2 154>
[2292] [2293] [2294] [2295] <xymatrix 4x2 286> <xymatrix 5x2 410> <xymatrix
4x2 381> [2296] [2297] [2298] <xymatrix 3x2 285> [2299] [2300] <xymatrix 4x2
374> <xymatrix 4x2 374> [2301] [2302] <xymatrix 3x2 251> [2303] [2304] [2305]
[2306] [2307] [2308]
Overfull \hbox (24.62903pt too wide) in paragraph at lines 4145--4154
[]\TU/NotoSerifCJKSC(0)/m/n/10.95 我 们 使 用 \TU/LatinModernRoman(0)/m/n/10.95 Coh
omology of Schemes, Lemma []30.4.1[] \TU/NotoSerifCJKSC(0)/m/n/10.95 中 的 归 纳 原 
理 来 证 明。|  若 $\OML/cmm/m/it/10.95 D\OT1/cmr/m/n/10.95 ([](\OMS/cmsy/m/n/10.95 O
[]\OT1/cmr/m/n/10.95 )) \OMS/cmsy/m/n/10.95 !
 []

[2309] [2310] <xymatrix 2x2 182> [2311] <xymatrix 2x2 182>
Overfull \hbox (21.435pt too wide) in paragraph at lines 4483--4489
[]\TU/NotoSerifCJKSC(0)/m/n/10.95 由 \TU/LatinModernRoman(0)/m/n/10.95 Cohomolog
y, Section []20.44[]\TU/NotoSerifCJKSC(0)/m/n/10.95 ，|  在 整 体 \TU/LatinModernRo
man(0)/m/n/10.95 Hom \TU/NotoSerifCJKSC(0)/m/n/10.95 复 形 的 $\OML/cmm/m/it/10.95
 D\OT1/cmr/m/n/10.95 (^^@(\OML/cmm/m/it/10.95 X; \OMS/cmsy/m/n/10.95 O[]\OT1/cm
r/m/n/10.95 ))$ \TU/NotoSerifCJKSC(0)/m/n/10.95 中 有 典 范 映 射 $\OML/cmm/m/it/10.9
5 R [][]\OT1/cmr/m/n/10.95 (\OML/cmm/m/it/10.95 M; K\OT1/cmr/m/n/10.95 ) \OMS/c
msy/m/n/10.95 !
 []

[2312] <xymatrix 2x2 168> <xymatrix 2x2 182> <xymatrix 2x2 182> <xymatrix 3x3
235> [2313] [2314] [2315] [2316] [2317] <xymatrix 3x2 182> <xymatrix 4x4 502>
[2318] <xymatrix 2x4 374> [2319] <xymatrix 3x3 235> [2320] <xymatrix 2x2 182>
<xymatrix 2x2 182> [2321] <xymatrix 2x2 182> <xymatrix 2x4 374> [2322]
<xymatrix 2x2 182> <xymatrix 2x2 182> [2323] <xymatrix 2x2 182> [2324] [2325]
<xymatrix 2x2 168> <xymatrix 2x2 168> [2326] <xymatrix 3x2 124> <xymatrix 2x2
182> [2327] [2328] [2329] [2330] <xymatrix 2x2 182> [2331] [2332] [2333]
<xymatrix 2x2 182> [2334] [2335] [2336] [2337] <xymatrix 4x2 279> <xymatrix
7x2 589> <xymatrix 5x2 410> <xymatrix 4x2 381> [2338] [2339] [2340] [2341]
<xymatrix 2x2 182> [2342] [2343] [2344] [2345] <xymatrix 5x2 416> [2346]
[2347] [2348] [2349] [2350] [2351] [2352] [2353] [2354] [2355])
(more-morphisms.tex [2356]
Chapter 37
[2357

] <xymatrix 2x2 154> <xymatrix 5x2 416> [2358] [2359] <xymatrix 5x2 416>
[2360] <xymatrix 4x3 508> [2361] <xymatrix 2x2 175> <xymatrix 2x2 175> [2362]
<xymatrix 2x2 154> <xymatrix 2x2 188> <xymatrix 2x2 202> <xymatrix 2x2 202>
[2363] <xymatrix 2x2 209> [2364] <xymatrix 5x3 275> <xymatrix 2x2 175>
<xymatrix 2x2 175> [2365] <xymatrix 2x2 175> <xymatrix 2x2 202> <xymatrix 2x2
182> [2366] <xymatrix 4x3 376> <xymatrix 2x2 182> <xymatrix 2x2 182> [2367]
<xymatrix 2x2 134> <xymatrix 3x2 244> [2368] <xymatrix 2x2 188> <xymatrix 2x2
202> <xymatrix 2x2 202> <xymatrix 2x2 209> [2369] [2370] <xymatrix 5x2 466>
[2371] <xymatrix 3x2 145> <xymatrix 2x2 178> [2372] <xymatrix 2x2 161>
<xymatrix 3x2 190> <xymatrix 2x2 154> <xymatrix 4x1 130> <xymatrix 3x2 176>
<xymatrix 3x2 190> <xymatrix 3x2 162> [2373] <xymatrix 3x2 190> <xymatrix 5x2
416> <xymatrix 3x2 131> [2374] <xymatrix 3x2 131> [2375] <xymatrix 5x2 416>
[2376] <xymatrix 3x2 131> <xymatrix 3x2 131> [2377] <xymatrix 5x2 416> [2378]
<xymatrix 2x2 182> [2379] [2380] <xymatrix 2x2 188> <xymatrix 2x2 202>
<xymatrix 2x2 209> [2381] <xymatrix 2x2 209> [2382] <xymatrix 2x2 209> [2383]
<xymatrix 2x2 141> <xymatrix 3x2 272> <xymatrix 2x2 202> [2384] <xymatrix 2x2
222> <xymatrix 2x2 222> [2385]
Underfull \hbox (badness 1888) in paragraph at lines 3350--3367
[]\TU/NotoSerifCJKSC(0)/m/n/10.95 由 模 章 第[] \TU/LatinModernRoman(0)/m/n/10.95 1
7.31[] \TU/NotoSerifCJKSC(0)/m/n/10.95 节 中 $[][]$ 的 构 造，|  有 $\OML/cmm/m/it/10.
95 A \OT1/cmr/m/n/10.95 = \OMS/cmsy/m/n/10.95 O[]\OT1/cmr/m/n/10.95 (\OML/cmm/m
/it/10.95 U\OT1/cmr/m/n/10.95 )$\TU/LatinModernRoman(0)/m/n/10.95 -\TU/NotoSeri
fCJKSC(0)/m/n/10.95 模 复 形 的 典 范 映 射
 []

[2386] [2387] <xymatrix 2x2 161> <xymatrix 2x2 161> <xymatrix 2x2 161> [2388]
<xymatrix 2x2 182> <xymatrix 2x2 154> <xymatrix 2x2 168> [2389] [2390]
<xymatrix 2x2 182> [2391] <xymatrix 2x2 154> <xymatrix 3x2 131> <xymatrix 3x2
131> [2392] [2393] <xymatrix 2x2 154> [2394] <xymatrix 3x2 281> [2395]
<xymatrix 2x2 182> [2396] <xymatrix 2x2 219> [2397] <xymatrix 2x2 154>
<xymatrix 2x2 175> [2398] [2399] [2400] [2401] [2402] <xymatrix 2x2 154>
[2403] [2404] <xymatrix 2x2 168> [2405] <xymatrix 3x2 196> [2406] <xymatrix
3x2 138> [2407] [2408] <xymatrix 3x2 292> <xymatrix 3x2 292> [2409] [2410]
[2411] <xymatrix 3x2 292> [2412]
Underfull \hbox (badness 10000) in paragraph at lines 6418--6420
[]\TU/NotoSerifCJKSC(0)/b/n/10.95 引 理 \TU/LatinModernRoman(0)/b/n/10.95 37.26.7
. \TU/NotoSerifCJKSC(0)/m/it/10.95 设 $\OML/cmm/m/it/10.95 f \OT1/cmr/m/n/10.95 
: \OML/cmm/m/it/10.95 X \OMS/cmsy/m/n/10.95 ! \OML/cmm/m/it/10.95 Y$ \TU/NotoSe
rifCJKSC(0)/m/it/10.95 是 有 限 表 示 平 坦 固 有 态 射。|  则 集 合
 []

[2413] <xymatrix 3x2 196> <xymatrix 3x1 82> [2414] <xymatrix 3x2 292>
<xymatrix 5x2 344> [2415] <xymatrix 3x2 196> [2416] [2417] <xymatrix 3x2 196>
<xymatrix 3x1 82> <xymatrix 3x2 292> [2418] [2419] <xymatrix 2x2 278> [2420]
[2421] [2422] [2423] [2424] [2425] [2426] <xymatrix 2x2 182> [2427] [2428]
<xymatrix 3x2 138> [2429] <xymatrix 4x2 375> <xymatrix 3x2 138> [2430]
<xymatrix 4x2 375> [2431] <xymatrix 2x2 175> [2432] <xymatrix 2x2 182>
<xymatrix 2x2 182> <xymatrix 2x2 182> [2433] <xymatrix 2x2 182> <xymatrix 2x2
168> <xymatrix 2x2 168> <xymatrix 2x2 168> <xymatrix 2x2 154> <xymatrix 2x2
154> [2434] <xymatrix 2x2 171> [2435] [2436] [2437] [2438] <xymatrix 3x2 145>
[2439] <xymatrix 3x2 196> <xymatrix 3x2 236> [2440] [2441] <xymatrix 2x2 168>
<xymatrix 3x2 131> <xymatrix 3x2 131> [2442] <xymatrix 2x2 86> <xymatrix 2x2
86> <xymatrix 5x2 355> [2443] <xymatrix 3x2 192> <xymatrix 5x2 416> <xymatrix
2x2 120> <xymatrix 2x2 120> <xymatrix 5x2 433> <xymatrix 2x2 168> [2444]
<xymatrix 4x2 327> <xymatrix 2x2 120> <xymatrix 2x2 120> <xymatrix 4x2 357>
<xymatrix 4x3 461> [2445] <xymatrix 5x3 636> <xymatrix 3x2 271> <xymatrix 4x2
306> [2446] [2447] <xymatrix 3x2 264> <xymatrix 2x2 168> [2448] <xymatrix 4x2
248> <xymatrix 3x3 188> [2449] <xymatrix 3x2 244> [2450] [2451] [2452]
<xymatrix 3x2 149> <xymatrix 2x2 154> [2453] <xymatrix 3x2 149> <xymatrix 3x2
149> [2454] <xymatrix 3x2 145> [2455] <xymatrix 3x2 128> [2456] <xymatrix 2x2
168> [2457] <xymatrix 3x2 138> [2458] <xymatrix 2x2 127> [2459] <xymatrix 2x2
120> <xymatrix 3x2 230> [2460] <xymatrix 4x3 411> [2461] <xymatrix 3x1 89>
<xymatrix 4x3 418> <xymatrix 4x3 411> [2462] <xymatrix 6x3 782> [2463] [2464]
[2465] <xymatrix 2x2 154> <xymatrix 3x2 237> [2466] [2467] <xymatrix 2x2 161>
[2468] <xymatrix 3x2 278> <xymatrix 3x2 291> [2469] <xymatrix 3x2 281> [2470]
<xymatrix 3x2 281> [2471] [2472] [2473] <xymatrix 3x2 230> [2474] <xymatrix
3x2 149> [2475] <xymatrix 3x2 149> [2476] <xymatrix 3x2 149> [2477] [2478]
<xymatrix 2x2 154> [2479] [2480] <xymatrix 3x2 264> [2481] [2482] <xymatrix
2x2 154> <xymatrix 5x2 474> [2483] <xymatrix 3x2 247> <xymatrix 3x2 247>
[2484] <xymatrix 6x4 704> [2485] [2486] <xymatrix 3x2 179> <xymatrix 2x2 154>
[2487] <xymatrix 3x2 226> [2488] <xymatrix 2x2 154>
Underfull \hbox (badness 2689) in paragraph at lines 14462--14467
\TU/NotoSerifCJKSC(0)/m/n/10.95 它 蕴 含 $\OML/cmm/m/it/10.95 E$ \TU/NotoSerifCJKS
C(0)/m/n/10.95 到 $\OML/cmm/m/it/10.95 T$ \TU/NotoSerifCJKSC(0)/m/n/10.95 的 推 前 
在 $\OML/cmm/m/it/10.95 W[]$ \TU/NotoSerifCJKSC(0)/m/n/10.95 上 的 限 制，|  正 是 $\OM
L/cmm/m/it/10.95 E\OMS/cmsy/m/n/10.95 j[]$ \TU/NotoSerifCJKSC(0)/m/n/10.95 到 $\
OML/cmm/m/it/10.95 W[]$ \TU/NotoSerifCJKSC(0)/m/n/10.95 的 推 前。|  由 于
 []

[2489] <xymatrix 3x2 226> <xymatrix 3x2 226> [2490] <xymatrix 3x2 254> [2491]
<xymatrix 3x2 254> <xymatrix 3x2 131> [2492] [2493] <xymatrix 2x2 154>
<xymatrix 2x2 161> <xymatrix 2x2 154> [2494] [2495] <xymatrix 3x2 131> [2496]
<xymatrix 3x2 131> [2497] <xymatrix 3x2 209> [2498] <xymatrix 4x3 369> [2499]
<xymatrix 3x2 131> <xymatrix 3x2 131> <xymatrix 2x3 226> <xymatrix 3x2 264>
[2500] <xymatrix 3x2 131> [2501] <xymatrix 2x2 154> <xymatrix 2x2 161>
<xymatrix 3x2 233> [2502] <xymatrix 3x2 278> <xymatrix 2x2 161> [2503] [2504]
<xymatrix 2x2 154> [2505] <xymatrix 2x2 154> [2506] <xymatrix 3x2 237> [2507]
<xymatrix 3x2 254> <xymatrix 3x2 264> [2508] <xymatrix 3x2 254> [2509] [2510]
<xymatrix 2x2 185> [2511] <xymatrix 3x2 299> <xymatrix 3x2 264> [2512]
<xymatrix 2x2 185> [2513] <xymatrix 6x2 257> <xymatrix 4x2 251> [2514]
<xymatrix 2x2 154> <xymatrix 2x2 154> [2515] <xymatrix 2x2 168> [2516] [2517]
[2518] <xymatrix 2x2 182> [2519] [2520] <xymatrix 3x2 131> [2521] <xymatrix
3x2 278> <xymatrix 3x2 131> <xymatrix 3x2 131> [2522] <xymatrix 3x2 131>
[2523] [2524] [2525] <xymatrix 2x2 154> [2526] <xymatrix 3x2 196> <xymatrix
2x2 154> <xymatrix 2x2 154> [2527] <xymatrix 2x2 154> [2528] <xymatrix 2x2
182> <xymatrix 2x2 182> [2529] <xymatrix 2x2 182> <xymatrix 2x2 168> [2530]
[2531] <xymatrix 3x2 251> [2532] <xymatrix 3x2 251> [2533] [2534] [2535]
[2536] [2537] [2538] [2539] <xymatrix 2x2 195> <xymatrix 2x2 216> <xymatrix
2x2 195> [2540] <xymatrix 2x2 195> <xymatrix 2x2 195> <xymatrix 3x2 305>
<xymatrix 2x2 219> [2541]) (flat.tex [2542]
Chapter 38
<xymatrix 2x2 154> [2543

] [2544] [2545] <xymatrix 3x3 352> <xymatrix 2x3 224>
[2546] <xymatrix 3x3 352> <xymatrix 3x1 82> <xymatrix 3x3 338> [2547]
<xymatrix 4x2 280> [2548] <xymatrix 3x1 96> <xymatrix 2x2 168> [2549]
<xymatrix 2x2 154> <xymatrix 4x3 450> [2550] [2551] <xymatrix 5x5 378> [2552]
<xymatrix 2x2 161> [2553] <xymatrix 2x2 161> <xymatrix 2x2 161> <xymatrix 4x3
450> [2554] <xymatrix 2x2 161> <xymatrix 2x2 161> <xymatrix 2x2 154> <xymatrix
2x2 154> <xymatrix 9x2 342> [2555] [2556] <xymatrix 2x2 154> [2557] [2558]
[2559] <xymatrix 2x2 154> [2560] [2561] <xymatrix 3x3 352> <xymatrix 3x3 273>
[2562] <xymatrix 2x2 161> [2563] [2564] [2565] <xymatrix 2x2 154> [2566]
[2567] <xymatrix 2x2 161> [2568] <xymatrix 2x2 161> <xymatrix 2x2 161>
<xymatrix 2x2 161> <xymatrix 2x2 161> [2569] <xymatrix 2x2 161> <xymatrix 2x2
161> <xymatrix 2x2 161> [2570] <xymatrix 2x2 161> <xymatrix 2x2 161> <xymatrix
2x2 161> [2571] <xymatrix 2x2 161> <xymatrix 3x2 230> <xymatrix 3x2 230>
[2572] [2573] [2574] [2575] [2576] <xymatrix 3x2 169> [2577] <xymatrix 3x2
124> <xymatrix 2x2 161> <xymatrix 2x2 175> <xymatrix 3x2 278> [2578] <xymatrix
2x2 175> <xymatrix 3x2 226> [2579] [2580] [2581] <xymatrix 3x2 149> [2582]
<xymatrix 2x2 161> [2583] <xymatrix 2x2 161> <xymatrix 3x2 135> [2584]
<xymatrix 2x2 161> <xymatrix 2x2 161> [2585] <xymatrix 3x2 135> [2586]
<xymatrix 3x2 135> [2587] [2588] [2589] [2590] <xymatrix 2x2 154> [2591]
[2592] [2593] <xymatrix 3x2 135> [2594] [2595] [2596] <xymatrix 5x2 403>
[2597] [2598] [2599] <xymatrix 2x2 154> [2600] [2601] [2602] [2603] [2604]
[2605] [2606] [2607] [2608] [2609] <xymatrix 3x2 210> [2610] <xymatrix 2x2
188> [2611] [2612] [2613] <xymatrix 3x1 82> <xymatrix 2x2 168> <xymatrix 2x2
100> [2614] <xymatrix 2x2 182> [2615] <xymatrix 3x2 332> <xymatrix 2x2 154>
[2616] <xymatrix 2x2 154> <xymatrix 3x2 161> [2617] <xymatrix 3x2 332> [2618]
<xymatrix 2x2 195> [2619] <xymatrix 3x2 196> [2620] [2621] [2622] [2623]
[2624] <xymatrix 2x2 161> <xymatrix 2x2 154> [2625] <xymatrix 2x2 161>
<xymatrix 2x2 154> [2626] <xymatrix 2x2 154> <xymatrix 2x2 161> [2627]
<xymatrix 2x2 154> <xymatrix 2x2 154> <xymatrix 4x4 466> <xymatrix 2x2 154>
[2628] <xymatrix 2x2 154> <xymatrix 2x2 154> [2629] <xymatrix 2x2 154>
<xymatrix 2x2 154> <xymatrix 4x4 466> [2630] <xymatrix 2x2 154> <xymatrix 2x2
154> <xymatrix 2x2 154> <xymatrix 2x2 154> <xymatrix 2x2 154> [2631] <xymatrix
2x2 154> <xymatrix 2x2 154> <xymatrix 2x2 154> <xymatrix 2x2 154> <xymatrix
2x2 154> [2632] <xymatrix 2x2 154> <xymatrix 2x2 154> <xymatrix 2x2 154>
[2633] [2634] [2635] [2636] [2637] <xymatrix 2x2 154> [2638] [2639] [2640]
[2641] [2642] [2643] [2644] [2645] [2646] [2647] [2648] [2649] [2650]
<xymatrix 3x2 247>) (groupoids.tex [2651]
Chapter 39
[2652

] <xymatrix 2x2 154> <xymatrix 6x2 535> [2653] <xymatrix 2x2 185> [2654]
[2655] <xymatrix 2x2 178> [2656] <xymatrix 5x2 226> <xymatrix 4x2 198> [2657]
[2658] [2659] [2660] [2661] [2662] <xymatrix 3x2 217> [2663] [2664] [2665]
[2666] <xymatrix 2x2 185> <xymatrix 2x2 140> [2667] <xymatrix 2x2 185>
Overfull \hbox (71.18004pt too wide) in paragraph at lines 1902--1912
\TU/NotoSerifCJKSC(0)/m/n/10.95 在  |《位 点 上 同 调》|  定 义[] \TU/LatinModernRoman(0)
/m/n/10.95 21.4.1[] \TU/NotoSerifCJKSC(0)/m/n/10.95 中，|  我 们 定 义 了 一 个 位 点 上 群 
层 的 扭 子。|  设 $\OML/cmm/m/it/10.95 ^^\ \OMS/cmsy/m/n/10.95 2 f\OML/cmm/m/it/10.9
5 Zariski; []; smooth; syntomic; fppf\OMS/cmsy/m/n/10.95 g$
 []

[2668] <xymatrix 2x2 178> [2669] <xymatrix 2x2 185> [2670] <xymatrix 3x3 413>
<xymatrix 3x3 585> [2671] <xymatrix 4x3 274> [2672] <xymatrix 2x2 182>
<xymatrix 2x2 182> <xymatrix 2x2 182> [2673] <xymatrix 3x2 193> [2674]
<xymatrix 2x2 154> <xymatrix 2x2 154> [2675] <xymatrix 2x2 154> [2676] [2677]
<xymatrix 2x2 171> [2678] <xymatrix 3x3 498> [2679] [2680] <xymatrix 3x1 118>
<xymatrix 3x1 132> [2681] <xymatrix 3x1 147> <xymatrix 2x2 182> <xymatrix 2x2
161> [2682] <xymatrix 2x2 182> [2683] <xymatrix 5x2 301> [2684] <xymatrix 2x2
168> <xymatrix 3x3 413> [2685] [2686] <xymatrix 3x3 301> [2687] <xymatrix 2x2
182> <xymatrix 2x2 182> <xymatrix 2x2 168> [2688] <xymatrix 3x2 391> <xymatrix
3x1 145> <xymatrix 3x2 391> [2689] [2690] <xymatrix 2x2 99> [2691])
(more-groupoids.tex [2692]
Chapter 40
<xymatrix 2x2 154> <xymatrix 3x3 413> <xymatrix 3x3 585> [2693

] <xymatrix 4x2
234> <xymatrix 3x3 227> [2694] <xymatrix 3x1 99> <xymatrix 3x2 291> <xymatrix
3x2 291> [2695] [2696] [2697] <xymatrix 3x3 498> [2698] <xymatrix 3x2 292>
<xymatrix 3x1 99> <xymatrix 3x1 102> [2699] <xymatrix 4x1 147> [2700]
<xymatrix 3x3 518> <xymatrix 3x3 324> [2701] [2702] [2703] <xymatrix 3x3 227>
<xymatrix 3x3 231> <xymatrix 2x2 188> [2704] <xymatrix 2x2 182> <xymatrix 2x2
154> [2705] <xymatrix 2x2 161> <xymatrix 2x2 175> [2706] <xymatrix 2x2 175>
[2707] <xymatrix 2x2 96> <xymatrix 2x2 96> [2708] <xymatrix 3x1 92> [2709]
<xymatrix 3x3 444> [2710] [2711] [2712] [2713] [2714] [2715] [2716] <xymatrix
2x2 154> <xymatrix 2x2 154> <xymatrix 2x2 154> <xymatrix 2x2 154> <xymatrix
2x2 161> [2717] <xymatrix 5x4 475>) (etale.tex [2718]
Chapter 41
[2719

] [2720] <xymatrix 3x2 131> [2721] <xymatrix 3x2 210> [2722] [2723]
[2724] [2725] [2726] [2727] [2728] <xymatrix 3x2 274> <xymatrix 4x2 346>
[2729] [2730] [2731] <xymatrix 3x2 237> [2732] [2733] [2734] [2735] [2736]
[2737] [2738] [2739]) (chow.tex [2740]
Chapter 42
<xymatrix 6x1 217> [2741

] <xymatrix 6x1 217> [2742] [2743] [2744] [2745]
[2746] [2747] [2748] [2749] [2750] [2751] [2752] [2753] [2754] <xymatrix 4x1
120> [2755] <xymatrix 2x2 182> [2756] <xymatrix 2x2 154> <xymatrix 4x1 134>
[2757] [2758] <xymatrix 2x2 182> [2759] [2760] [2761] <xymatrix 2x2 185>
[2762] <xymatrix 4x1 134> <xymatrix 4x1 120> [2763] [2764] <xymatrix 2x2 182>
<xymatrix 2x2 168> [2765] [2766] [2767] [2768] [2769] <xymatrix 3x2 285>
[2770] [2771] [2772] [2773] [2774] <xymatrix 2x2 168> [2775] <xymatrix 2x2
188> [2776] [2777] [2778] [2779] [2780] <xymatrix 2x2 182> <xymatrix 2x2 182>
<xymatrix 2x2 182> [2781] <xymatrix 2x2 182> [2782] <xymatrix 2x2 182> [2783]
<xymatrix 2x2 168> [2784] <xymatrix 3x2 313> [2785] <xymatrix 2x2 182> [2786]
<xymatrix 5x2 450> [2787] [2788] [2789] [2790] <xymatrix 4x4 548> [2791]
[2792] <xymatrix 3x2 411> <xymatrix 3x2 411> <xymatrix 2x2 182> <xymatrix 2x2
182> [2793] <xymatrix 2x1 54> [2794] <xymatrix 2x2 182> [2795] [2796]
<xymatrix 3x2 299> [2797] <xymatrix 2x2 185> <xymatrix 2x2 185> [2798]
<xymatrix 2x2 185> [2799] [2800] <xymatrix 3x2 149> [2801] [2802] [2803]
[2804] [2805] [2806] [2807] [2808] [2809] [2810] [2811] [2812] [2813]
<xymatrix 3x2 145> [2814] [2815] [2816] [2817] [2818] [2819] <xymatrix 5x3
319> <xymatrix 5x2 465> [2820] [2821] [2822] [2823] [2824] <xymatrix 2x2 96>
[2825] [2826] <xymatrix 3x2 271> [2827] [2828]
Overfull \hbox (19.54213pt too wide) detected at line 9657
[]
 []

[2829] [2830] <xymatrix 2x2 223> [2831] <xymatrix 2x2 223> [2832] <xymatrix
2x2 168> [2833] [2834] <xymatrix 2x2 168> [2835] <xymatrix 4x2 374> <xymatrix
2x2 154> <xymatrix 2x2 168> <xymatrix 2x2 154> [2836] [2837] [2838] <xymatrix
3x2 264> [2839] <xymatrix 3x2 199> <xymatrix 2x2 171> [2840] [2841] [2842]
[2843] [2844] <xymatrix 3x2 138> <xymatrix 3x2 138> [2845] [2846] [2847]
<xymatrix 3x2 145> <xymatrix 3x2 227> <xymatrix 3x2 272> [2848] <xymatrix 3x3
326> <xymatrix 3x2 271> [2849] <xymatrix 2x2 168> <xymatrix 2x2 182> [2850]
<xymatrix 3x2 278> <xymatrix 2x2 182> [2851] [2852] <xymatrix 2x2 182>
<xymatrix 2x2 164> <xymatrix 3x3 416> [2853] <xymatrix 2x2 154> [2854] [2855]
[2856] [2857] <xymatrix 2x2 154> [2858] [2859] [2860] [2861] [2862] <xymatrix
2x2 182> <xymatrix 2x2 182> <xymatrix 2x2 182> <xymatrix 2x2 182> [2863]
<xymatrix 2x2 182> <xymatrix 2x2 182> [2864] [2865] [2866] [2867] [2868]
[2869] <xymatrix 5x2 437> <xymatrix 5x5 918> <xymatrix 4x3 261> [2870] [2871]
[2872] [2873] <xymatrix 5x5 918> <xymatrix 2x4 450> [2874] [2875] [2876]
<xymatrix 5x1 110> [2877]
Overfull \hbox (2.07085pt too wide) in paragraph at lines 15207--15215
\TU/NotoSerifCJKSC(0)/m/n/10.95 由 上 面 的 讨 论，| $\OML/cmm/m/it/10.95 ^^Kx[]; [] ;
 ^^Kx[]; 'w[]; [] ; 'w[]$ \TU/NotoSerifCJKSC(0)/m/n/10.95 是 生 成 $\OML/cmm/m/it/
10.95 I[]$ \TU/NotoSerifCJKSC(0)/m/n/10.95 的 容 许 序 列，|  而 $\OML/cmm/m/it/10.95 
^^Ky[]; [] ; ^^Ky[];  w[]; [] ;  w[]$
 []

[2878] [2879] [2880] [2881] <xymatrix 5x2 416> [2882] <xymatrix 2x2 168>
[2883] [2884] [2885] [2886] <xymatrix 6x1 217> [2887] [2888] [2889])
(intersection.tex [2890]
Chapter 43
[2891

] [2892] [2893] <xymatrix 2x2 168> [2894] <xymatrix 2x2 168> <xymatrix
4x2 340> <xymatrix 3x2 131> [2895] [2896] [2897] [2898] [2899] [2900] [2901]
[2902] <xymatrix 2x2 154> [2903] [2904] [2905] [2906] [2907] [2908] [2909]
[2910] [2911] [2912] [2913] [2914] [2915] [2916] <xymatrix 2x2 154> [2917])
(pic.tex [2918]
Chapter 44
[2919

] [2920] [2921] [2922] <xymatrix 4x2 162> [2923] <xymatrix 2x2 154>
[2924] [2925] [2926] <xymatrix 2x2 154> [2927] [2928] [2929]) (weil.tex
[2930]
Chapter 45
[2931

] [2932] [2933] [2934] <xymatrix 3x2 272> [2935] <xymatrix 1x2 44>
[2936]
Overfull \hbox (2.36234pt too wide) in paragraph at lines 655--665
[]\TU/NotoSerifCJKSC(0)/m/n/10.95 以 下 不 再 特 别 说 明 地 使 用 引 理[] \TU/LatinModernRo
man(0)/m/n/10.95 45.3.4[]\TU/NotoSerifCJKSC(0)/m/n/10.95 。|  结 构 态 射 $\OML/cmm/
m/it/10.95 X \OMS/cmsy/m/n/10.95 ! []\OT1/cmr/m/n/10.95 (\OML/cmm/m/it/10.95 k\
OT1/cmr/m/n/10.95 )$ \TU/NotoSerifCJKSC(0)/m/n/10.95 给 出 对 应 $\OML/cmm/m/it/10.
95 a \OMS/cmsy/m/n/10.95 2 [][]\OT1/cmr/m/n/10.95 ([](\OML/cmm/m/it/10.95 k\OT1
/cmr/m/n/10.95 )\OML/cmm/m/it/10.95 ; X\OT1/cmr/m/n/10.95 )$\TU/NotoSerifCJKSC(
0)/m/n/10.95 。|
 []

[2937] [2938] [2939] <xymatrix 2x1 54> [2940] [2941] [2942] <xymatrix 2x2 178>
[2943] [2944] [2945] [2946] [2947] [2948] [2949] [2950] [2951] [2952] [2953]
[2954] [2955] [2956] <xymatrix 2x2 178> [2957] [2958] [2959] [2960] [2961]
[2962] [2963] [2964] [2965] [2966] [2967] <xymatrix 2x2 182> [2968] [2969]
[2970] [2971] <xymatrix 2x2 154> [2972] <xymatrix 2x2 182> <xymatrix 2x2 168>
[2973] <xymatrix 2x2 181> [2974]) (adequate.tex [2975]
Chapter 46
[2976

] <xymatrix 4x2 340> <xymatrix 2x2 161> [2977] <xymatrix 2x2 154>
<xymatrix 2x2 185> [2978] <xymatrix 4x2 203> <xymatrix 4x2 196> <xymatrix 2x2
154> [2979] [2980] [2981] [2982] <xymatrix 3x2 264> [2983] <xymatrix 3x1 118>
<xymatrix 3x1 118> <xymatrix 3x1 118> [2984] <xymatrix 5x4 754> <xymatrix 5x4
758> [2985] <xymatrix 7x2 616> [2986] [2987] [2988] [2989] [2990] [2991]
<xymatrix 3x2 226> [2992] [2993] [2994] [2995] [2996] <xymatrix 3x2 230>
[2997]) (dualizing.tex [2998]
Chapter 47
[2999

] [3000] [3001] <xymatrix 2x2 168> [3002] [3003] [3004] [3005] [3006]
<xymatrix 6x2 540> [3007] [3008] [3009] [3010] [3011]
Overfull \hbox (7.01543pt too wide) in paragraph at lines 1572--1578
\TU/NotoSerifCJKSC(0)/m/n/10.95 此 时 $[][]\OT1/cmr/m/n/10.95 (\OML/cmm/m/it/10.9
5 N; M\OT1/cmr/m/n/10.95 ) \OMS/cmsy/m/n/10.95 ^^Z [][]\OT1/cmr/m/n/10.95 ((\OM
L/cmm/m/it/10.95 A\OT1/cmr/m/n/10.95 /\OML/cmm/m/it/10.95 I[]\OT1/cmr/m/n/10.95
 )[]\OML/cmm/m/it/10.95 ; M\OT1/cmr/m/n/10.95 )$\TU/NotoSerifCJKSC(0)/m/n/10.95
 ，|  并 且 当 $\OML/cmm/m/it/10.95 i < [][]\OT1/cmr/m/n/10.95 (\OML/cmm/m/it/10.95
 M\OT1/cmr/m/n/10.95 )$ \TU/NotoSerifCJKSC(0)/m/n/10.95 时，| $[][]\OT1/cmr/m/n/1
0.95 (\OML/cmm/m/it/10.95 N; M\OT1/cmr/m/n/10.95 ) \OMS/cmsy/m/n/10.95 ^^Z [][]
\OT1/cmr/m/n/10.95 (\OML/cmm/m/it/10.95 N[]; M\OT1/cmr/m/n/10.95 )$\TU/NotoSeri
fCJKSC(0)/m/n/10.95 。|
 []

[3012] [3013] [3014] [3015] <xymatrix 3x2 124> <xymatrix 3x2 145> [3016]
<xymatrix 2x2 182> [3017] [3018] [3019] [3020] [3021] [3022] [3023] [3024]
[3025] [3026]
Overfull \hbox (19.34569pt too wide) in paragraph at lines 3325--3329
[]\TU/NotoSerifCJKSC(0)/b/n/10.95 引 理 \TU/LatinModernRoman(0)/b/n/10.95 47.20.5
. \TU/NotoSerifCJKSC(0)/m/it/10.95 设 $\OML/cmm/m/it/10.95 A$ \TU/NotoSerifCJKSC
(0)/m/it/10.95 为 \TU/LatinModernRoman(0)/m/it/10.95 Noetherian \TU/NotoSerifCJK
SC(0)/m/it/10.95 环。|  若 $\OML/cmm/m/it/10.95 A$ \TU/NotoSerifCJKSC(0)/m/it/10.9
5 具 有 对 偶 复 形 $\OML/cmm/m/it/10.95 ![]$\TU/NotoSerifCJKSC(0)/m/it/10.95 ，|  则 $
\OMS/cmsy/m/n/10.95 f\U/euf/m/n/10.95 p \OMS/cmsy/m/n/10.95 2 []\OT1/cmr/m/n/10
.95 (\OML/cmm/m/it/10.95 A\OT1/cmr/m/n/10.95 ) \OMS/cmsy/m/n/10.95 j \OML/cmm/m
/it/10.95 A[][]\OMS/cmsy/m/n/10.95 g$
 []

[3027] [3028] [3029] [3030] [3031] <xymatrix 3x2 179>
Overfull \hbox (42.47475pt too wide) in paragraph at lines 3977--3992
[]\TU/NotoSerifCJKSC(0)/m/n/10.95 按 $\OML/cmm/m/it/10.95 '[]$ \TU/NotoSerifCJKS
C(0)/m/n/10.95 的 定 义 选 取 分 解 $\OML/cmm/m/it/10.95 R \OMS/cmsy/m/n/10.95 ! \OML/
cmm/m/it/10.95 P \OMS/cmsy/m/n/10.95 ! \OML/cmm/m/it/10.95 A$\TU/NotoSerifCJKSC
(0)/m/n/10.95 。|  函 子 $\OMS/cmsy/m/n/10.95 ^^@
[] \OT1/cmr/m/n/10.95 : \OML/cmm/m/it/10.95 D\OT1/cmr/m/n/10.95 (\OML/cmm/m/it/
10.95 R\OT1/cmr/m/n/10.95 ) \OMS/cmsy/m/n/10.95 ! \OML/cmm/m/it/10.95 D\OT1/cmr
/m/n/10.95 (\OML/cmm/m/it/10.95 P\OT1/cmr/m/n/10.95 )$ \TU/NotoSerifCJKSC(0)/m/
n/10.95 保 持 子 范 畴 $\OML/cmm/m/it/10.95 D[]; D[]; D[]; D[]; D[]$\TU/NotoSerifCJK
SC(0)/m/n/10.95 。|
 []

[3032] <xymatrix 4x2 255> [3033] [3034] [3035] [3036] [3037] [3038] [3039]
[3040]) (duality.tex [3041]
Chapter 48
[3042

] <xymatrix 2x2 168> [3043] [3044] [3045] [3046] <xymatrix 2x2 182>
<xymatrix 2x2 182> [3047] [3048] <xymatrix 2x2 182> <xymatrix 2x3 313> [3049]
<xymatrix 3x7 699> <xymatrix 2x3 217> [3050] <xymatrix 3x3 194> <xymatrix 2x2
154> <xymatrix 2x2 154> <xymatrix 3x2 313> [3051] <xymatrix 2x7 562> <xymatrix
3x3 530> [3052] <xymatrix 2x2 182> <xymatrix 2x2 182> <xymatrix 2x2 154>
<xymatrix 2x2 154> <xymatrix 2x2 154> [3053] [3054] <xymatrix 3x4 652>
<xymatrix 3x2 230> <xymatrix 3x2 131> [3055] <xymatrix 2x2 185> <xymatrix 4x3
465> <xymatrix 2x2 171> [3056] <xymatrix 2x2 188> <xymatrix 3x4 465> <xymatrix
2x2 168> [3057] <xymatrix 2x2 154> [3058] <xymatrix 3x2 230> [3059] <xymatrix
2x2 168> [3060] <xymatrix 3x2 206> <xymatrix 2x2 182> [3061] [3062] <xymatrix
3x2 145> <xymatrix 2x2 164> [3063] <xymatrix 4x2 221> [3064] [3065] <xymatrix
2x2 182> [3066] [3067] [3068] [3069] [3070]
Overfull \hbox (20.07872pt too wide) in paragraph at lines 3210--3215
[]\TU/NotoSerifCJKSC(0)/m/n/10.95 由 引 理[] \TU/LatinModernRoman(0)/m/n/10.95 48.
9.7[] \TU/NotoSerifCJKSC(0)/m/n/10.95 和[] \TU/LatinModernRoman(0)/m/n/10.95 48.
9.3[]\TU/NotoSerifCJKSC(0)/m/n/10.95 ，|  回 忆 $\OML/cmm/m/it/10.95 a\OT1/cmr/m/n
/10.95 (\OMS/cmsy/m/n/10.95 O[]\OT1/cmr/m/n/10.95 )$ \TU/NotoSerifCJKSC(0)/m/n/
10.95 是 $\OML/cmm/m/it/10.95 D[]\OT1/cmr/m/n/10.95 (\OMS/cmsy/m/n/10.95 O[]\OT1
/cmr/m/n/10.95 )$ \TU/NotoSerifCJKSC(0)/m/n/10.95 的 对 象，|  其 到 $\OML/cmm/m/it/1
0.95 Y$ \TU/NotoSerifCJKSC(0)/m/n/10.95 的 推 前 为 $\OML/cmm/m/it/10.95 R [][]\OT1
/cmr/m/n/10.95 (\OML/cmm/m/it/10.95 i[]\OMS/cmsy/m/n/10.95 O[]\OML/cmm/m/it/10.
95 ; \OMS/cmsy/m/n/10.95 O[]\OT1/cmr/m/n/10.95 )$\TU/NotoSerifCJKSC(0)/m/n/10.9
5 。|
 []

[3071] [3072] <xymatrix 2x2 154> <xymatrix 2x2 154> [3073] <xymatrix 3x3 319>
<xymatrix 3x3 319> <xymatrix 3x3 319> <xymatrix 5x5 763> [3074] <xymatrix 2x2
195> <xymatrix 2x2 195> <xymatrix 2x2 195> <xymatrix 2x2 195> <xymatrix 2x2
195> <xymatrix 2x2 182> <xymatrix 2x2 195> <xymatrix 2x2 154> [3075] <xymatrix
2x2 182> <xymatrix 4x4 1026> <xymatrix 3x2 270> [3076] <xymatrix 3x2 250>
<xymatrix 3x2 206> <xymatrix 2x2 182> [3077] <xymatrix 2x2 182> [3078] [3079]
<xymatrix 2x2 182> [3080] <xymatrix 2x2 182> <xymatrix 2x2 182> <xymatrix 2x2
182> [3081] [3082] [3083] [3084] [3085] <xymatrix 2x2 154> [3086] <xymatrix
2x2 182> [3087] [3088] [3089] [3090] [3091] [3092] <xymatrix 2x2 154>
Overfull \hbox (5.88391pt too wide) in paragraph at lines 5736--5739
[]\TU/NotoSerifCJKSC(0)/b/n/10.95 引 理 \TU/LatinModernRoman(0)/b/n/10.95 48.25.9
. \TU/NotoSerifCJKSC(0)/m/it/10.95 设 $\OML/cmm/m/it/10.95 f \OT1/cmr/m/n/10.95 
: \OML/cmm/m/it/10.95 X \OMS/cmsy/m/n/10.95 ! \OML/cmm/m/it/10.95 Y$ \TU/NotoSe
rifCJKSC(0)/m/it/10.95 是 平 坦 且 局 部 有 限 型 的 概 形 态 射。|  则 集 合 $\OMS/cmsy/m/n/10.9
5 f\OML/cmm/m/it/10.95 x \OMS/cmsy/m/n/10.95 2 \OML/cmm/m/it/10.95 X \OMS/cmsy/
m/n/10.95 j \OML/cmm/m/it/10.95 f[]x\OMS/cmsy/m/n/10.95 g$
 []

[3093] [3094] [3095] [3096] [3097] <xymatrix 2x2 154> [3098] <xymatrix 2x2
182> <xymatrix 2x2 175> [3099] [3100] <xymatrix 4x3 449> <xymatrix 4x3 449>
[3101] [3102] <xymatrix 5x2 416> [3103] <xymatrix 3x2 264> [3104] <xymatrix
5x2 416> [3105] <xymatrix 2x5 484>
Overfull \hbox (38.9606pt too wide) detected at line 7190
[]
 []

[3106] <xymatrix 2x2 182> [3107] <xymatrix 3x3 243> [3108] [3109] <xymatrix
4x2 361> [3110] [3111] <xymatrix 3x2 145> <xymatrix 3x2 145> [3112] <xymatrix
3x2 162> [3113] <xymatrix 3x2 162> <xymatrix 2x2 154> [3114] [3115])
(discriminant.tex [3116]
Chapter 49
<xymatrix 2x2 182> [3117

] <xymatrix 2x2 154> <xymatrix 2x2 154> [3118] [3119]
<xymatrix 2x2 154> [3120] [3121] [3122] <xymatrix 3x2 281> [3123] [3124]
[3125] <xymatrix 2x2 154> <xymatrix 2x2 154> <xymatrix 3x2 138> [3126]
<xymatrix 2x2 175> [3127] [3128] <xymatrix 2x2 175> <xymatrix 2x2 154> [3129]
[3130] [3131] <xymatrix 3x2 264> <xymatrix 2x2 154> [3132] [3133] [3134]
<xymatrix 4x2 381>
Overfull \hbox (9.75027pt too wide) in paragraph at lines 2134--2138
[]\TU/NotoSerifCJKSC(0)/b/n/10.95 引 理 \TU/LatinModernRoman(0)/b/n/10.95 49.12.2
. \TU/NotoSerifCJKSC(0)/m/it/10.95 设 $\OML/cmm/m/it/10.95 A$ \TU/NotoSerifCJKSC
(0)/m/it/10.95 是 环，| $\OML/cmm/m/it/10.95 n \OMS/cmsy/m/n/10.95 ^^U \OT1/cmr/m/
n/10.95 1$\TU/NotoSerifCJKSC(0)/m/it/10.95 ，|  且 $\OML/cmm/m/it/10.95 h; f[]; [
] ; f[] \OMS/cmsy/m/n/10.95 2 \OML/cmm/m/it/10.95 A\OT1/cmr/m/n/10.95 [\OML/cmm
/m/it/10.95 x[]; [] ; x[]\OT1/cmr/m/n/10.95 ]$\TU/NotoSerifCJKSC(0)/m/it/10.95 
。|  令 $\OML/cmm/m/it/10.95 B \OT1/cmr/m/n/10.95 = \OML/cmm/m/it/10.95 A\OT1/cmr
/m/n/10.95 [\OML/cmm/m/it/10.95 x[]; [] ; x[]; \OT1/cmr/m/n/10.95 1/\OML/cmm/m/
it/10.95 h\OT1/cmr/m/n/10.95 ]/(\OML/cmm/m/it/10.95 f[]; [] ; f[]\OT1/cmr/m/n/1
0.95 )$\TU/NotoSerifCJKSC(0)/m/it/10.95 ，|
 []

[3135]
Overfull \hbox (14.72449pt too wide) in paragraph at lines 2177--2185
\TU/NotoSerifCJKSC(0)/m/n/10.95 显 然 同 构 于 $\OML/cmm/m/it/10.95 B$\TU/NotoSerifC
JKSC(0)/m/n/10.95 。|  因 此 仿 照 上 述 论 证，| $\OML/cmm/m/it/10.95 f[]\OT1/cmr/m/n/10
.95 (\OML/cmm/m/it/10.95 z\OT1/cmr/m/n/10.95 )\OML/cmm/m/it/10.95 ; [] ; f[]\OT
1/cmr/m/n/10.95 (\OML/cmm/m/it/10.95 z\OT1/cmr/m/n/10.95 )\OML/cmm/m/it/10.95 ;
 y[] \OMS/cmsy/m/n/10.95 ^^@ \OML/cmm/m/it/10.95 z[]; [] ; y[] \OMS/cmsy/m/n/10
.95 ^^@ \OML/cmm/m/it/10.95 z[]$ \TU/NotoSerifCJKSC(0)/m/n/10.95 是 $\OML/cmm/m/
it/10.95 A\OT1/cmr/m/n/10.95 [\OML/cmm/m/it/10.95 y[]; [] ; y[]; z[]; [] ; z[];
 []\OT1/cmr/m/n/10.95 ]$
 []


Overfull \hbox (9.75027pt too wide) in paragraph at lines 2238--2243
[]\TU/NotoSerifCJKSC(0)/b/n/10.95 引 理 \TU/LatinModernRoman(0)/b/n/10.95 49.12.4
. \TU/NotoSerifCJKSC(0)/m/it/10.95 设 $\OML/cmm/m/it/10.95 A$ \TU/NotoSerifCJKSC
(0)/m/it/10.95 是 环，| $\OML/cmm/m/it/10.95 n \OMS/cmsy/m/n/10.95 ^^U \OT1/cmr/m/
n/10.95 1$\TU/NotoSerifCJKSC(0)/m/it/10.95 ，|  且 $\OML/cmm/m/it/10.95 h; f[]; [
] ; f[] \OMS/cmsy/m/n/10.95 2 \OML/cmm/m/it/10.95 A\OT1/cmr/m/n/10.95 [\OML/cmm
/m/it/10.95 x[]; [] ; x[]\OT1/cmr/m/n/10.95 ]$\TU/NotoSerifCJKSC(0)/m/it/10.95 
。|  令 $\OML/cmm/m/it/10.95 B \OT1/cmr/m/n/10.95 = \OML/cmm/m/it/10.95 A\OT1/cmr
/m/n/10.95 [\OML/cmm/m/it/10.95 x[]; [] ; x[]; \OT1/cmr/m/n/10.95 1/\OML/cmm/m/
it/10.95 h\OT1/cmr/m/n/10.95 ]/(\OML/cmm/m/it/10.95 f[]; [] ; f[]\OT1/cmr/m/n/1
0.95 )$\TU/NotoSerifCJKSC(0)/m/it/10.95 ，|
 []

[3136] <xymatrix 2x2 161> [3137] <xymatrix 2x2 161> <xymatrix 2x2 168> [3138]
<xymatrix 3x2 264> <xymatrix 3x2 264> <xymatrix 5x3 350> [3139] <xymatrix 3x4
208> <xymatrix 2x2 154> [3140] <xymatrix 2x2 161> [3141] [3142] [3143])
(derham.tex [3144]
Chapter 50
<xymatrix 2x2 161> <xymatrix 2x2 161> <xymatrix 2x2 161> [3145

] <xymatrix 2x2
161> [3146] <xymatrix 2x2 161> <xymatrix 2x2 182> [3147] <xymatrix 2x2 188>
<xymatrix 2x2 161> <xymatrix 4x3 526> [3148] <xymatrix 4x3 220> <xymatrix 2x2
161> [3149] <xymatrix 3x3 235> [3150] <xymatrix 2x5 461> <xymatrix 2x2 161>
[3151] <xymatrix 2x2 182> <xymatrix 2x2 182> [3152] [3153] [3154] <xymatrix
5x2 423> [3155] [3156] [3157] <xymatrix 3x2 145> [3158] [3159] [3160] [3161]
<xymatrix 2x2 182> [3162] [3163] <xymatrix 2x2 161> <xymatrix 5x2 416>
<xymatrix 2x2 209> <xymatrix 5x2 416> [3164] <xymatrix 5x2 416> <xymatrix 3x2
281> [3165] <xymatrix 3x2 309> [3166] [3167] <xymatrix 2x2 182> [3168]
<xymatrix 4x2 374> [3169] <xymatrix 2x2 185> [3170] <xymatrix 5x2 283> [3171]
<xymatrix 5x2 283> <xymatrix 2x2 174> <xymatrix 3x2 196> <xymatrix 2x2 182>
[3172] <xymatrix 4x2 224> <xymatrix 2x2 182> <xymatrix 2x2 161> [3173]
<xymatrix 2x2 182> [3174] <xymatrix 3x2 264> <xymatrix 3x2 264> <xymatrix 5x3
350> [3175] <xymatrix 3x4 208> [3176] <xymatrix 3x2 264> <xymatrix 2x2 154>
[3177] <xymatrix 4x2 374> <xymatrix 3x2 264> [3178] <xymatrix 2x2 161>
<xymatrix 2x2 182> [3179] [3180] <xymatrix 3x2 278> <xymatrix 2x2 154> [3181]
[3182] <xymatrix 1x5 186> <xymatrix 1x5 186> <xymatrix 2x2 171> <xymatrix 2x2
171> <xymatrix 2x2 154> [3183] [3184] <xymatrix 2x2 168> [3185] <xymatrix 2x2
171> [3186] <xymatrix 4x2 201> [3187] [3188] <xymatrix 3x2 224> <xymatrix 3x2
278> <xymatrix 3x2 179> [3189] <xymatrix 3x2 179> <xymatrix 3x2 278> <xymatrix
3x2 179> [3190] [3191] <xymatrix 2x2 175> [3192] [3193] [3194] [3195]
<xymatrix 1x5 186> <xymatrix 1x5 186> <xymatrix 2x2 168> <xymatrix 2x2 168>
[3196] <xymatrix 2x2 171> <xymatrix 2x2 171> <xymatrix 2x2 154>)
(local-cohomology.tex [3197]
Chapter 51
[3198

] [3199] [3200] [3201] [3202] [3203] [3204] [3205] [3206] [3207] [3208]
[3209] <xymatrix 2x2 182> [3210] [3211] [3212] [3213] [3214] [3215] <xymatrix
3x2 264> [3216] [3217] [3218] [3219] [3220] [3221] [3222] [3223] [3224]
[3225] [3226] [3227] <xymatrix 5x2 416> [3228] <xymatrix 5x2 437> <xymatrix
5x2 416> [3229] [3230] [3231] <xymatrix 3x3 215> [3232] [3233] <xymatrix 2x2
161> [3234] <xymatrix 5x2 416> [3235] <xymatrix 3x3 408> [3236] [3237]
<xymatrix 2x2 175> [3238] <xymatrix 3x2 127> <xymatrix 3x2 154>)
(algebraization.tex [3239]
Chapter 52
[3240

] [3241] <xymatrix 5x5 697> [3242] [3243] [3244] [3245] [3246] [3247]
<xymatrix 2x2 154> [3248] <xymatrix 2x2 161> <xymatrix 2x2 154> [3249]
<xymatrix 1x2 44> [3250] [3251] [3252] [3253] [3254] [3255] [3256] [3257]
<xymatrix 4x2 340> [3258] [3259] <xymatrix 4x2 340> [3260] [3261] [3262]
[3263] [3264] <xymatrix 3x2 278> <xymatrix 4x2 381> [3265]
Overfull \hbox (4.3557pt too wide) in paragraph at lines 3058--3065
\TU/NotoSerifCJKSC(0)/m/n/10.95 现 在 容 易 看 出，|  若 逆 系 统 $\OMS/cmsy/m/n/10.95 f\O
ML/cmm/m/it/10.95 H[]\OT1/cmr/m/n/10.95 (\OML/cmm/m/it/10.95 M[]\OT1/cmr/m/n/10
.95 /\OML/cmm/m/it/10.95 I[]M[]\OT1/cmr/m/n/10.95 )\OMS/cmsy/m/n/10.95 g[]$ \TU
/NotoSerifCJKSC(0)/m/n/10.95 满 足 \TU/LatinModernRoman(0)/m/n/10.95 Mittag-Leffl
er \TU/NotoSerifCJKSC(0)/m/n/10.95 条 件，|  则 逆 系 统 $\OMS/cmsy/m/n/10.95 f\OML/cm
m/m/it/10.95 H[]\OT1/cmr/m/n/10.95 (\OML/cmm/m/it/10.95 M\OT1/cmr/m/n/10.95 /\O
ML/cmm/m/it/10.95 I[]M\OT1/cmr/m/n/10.95 )\OMS/cmsy/m/n/10.95 g[]$
 []

<xymatrix 4x4 366> [3266]
Overfull \hbox (18.50388pt too wide) in paragraph at lines 3145--3160
$\OML/cmm/m/it/10.95 ^^X$ \TU/NotoSerifCJKSC(0)/m/n/10.95 在 $\OML/cmm/m/it/10.9
5 H[]\OT1/cmr/m/n/10.95 (\OML/cmm/m/it/10.95 I[]\OT1/cmr/m/n/10.95 (\OML/cmm/m/
it/10.95 I[]M\OT1/cmr/m/n/10.95 )[])$ \TU/NotoSerifCJKSC(0)/m/n/10.95 中 的 像 映 为
 $\OML/cmm/m/it/10.95 H[]\OT1/cmr/m/n/10.95 ((\OML/cmm/m/it/10.95 I[]M\OT1/cmr/
m/n/10.95 )[])$ \TU/NotoSerifCJKSC(0)/m/n/10.95 中 的 零，|  因 而 它 也 映 为 $\OML/cmm/
m/it/10.95 H[]\OT1/cmr/m/n/10.95 (\OML/cmm/m/it/10.95 I[]\OT1/cmr/m/n/10.95 (\O
ML/cmm/m/it/10.95 I[]M\OT1/cmr/m/n/10.95 )[])$
 []


Overfull \hbox (5.31056pt too wide) in paragraph at lines 3145--3160
\TU/NotoSerifCJKSC(0)/m/n/10.95 中 的 零，|  这 是 由 $\OML/cmm/m/it/10.95 m[]\OT1/cmr
/m/n/10.95 (\OMS/cmsy/m/n/10.95 ^^@\OT1/cmr/m/n/10.95 )$ \TU/NotoSerifCJKSC(0)/
m/n/10.95 的 选 取 得 到 的。|  因 此，|  像 $\OML/cmm/m/it/10.95 ^^X[] \OMS/cmsy/m/n/10.9
5 2 \OML/cmm/m/it/10.95 H[]\OT1/cmr/m/n/10.95 (\OML/cmm/m/it/10.95 F[]M\OT1/cmr
/m/n/10.95 )$ \TU/NotoSerifCJKSC(0)/m/n/10.95 映 为 $\OML/cmm/m/it/10.95 H[]\OT1/
cmr/m/n/10.95 (\OML/cmm/m/it/10.95 I[]\OT1/cmr/m/n/10.95 (\OML/cmm/m/it/10.95 I
[]M\OT1/cmr/m/n/10.95 )[])$
 []

<xymatrix 2x4 374> [3267] [3268] <xymatrix 3x2 264> [3269] <xymatrix 4x3 628>
<xymatrix 6x3 890> [3270] [3271] [3272] [3273] [3274] [3275] [3276] [3277]
[3278] [3279] [3280] <xymatrix 2x2 154> [3281] [3282] [3283] <xymatrix 7x2
194> [3284] [3285] <xymatrix 3x2 264> [3286] [3287] [3288] [3289] [3290]
[3291] [3292] [3293] [3294] [3295] [3296] <xymatrix 3x3 241> [3297] <xymatrix
4x3 445> [3298] [3299] [3300] [3301] [3302] <xymatrix 2x2 168> [3303]
<xymatrix 5x2 430> <xymatrix 5x2 437> <xymatrix 4x2 388> [3304] <xymatrix 5x2
416> [3305] [3306] <xymatrix 2x2 168> [3307] [3308] [3309] [3310] <xymatrix
3x2 230> [3311] [3312] [3313]) (curves.tex [3314]
Chapter 53
[3315

] [3316] <xymatrix 2x2 154> [3317] [3318] [3319] [3320] [3321] [3322]
[3323] [3324] [3325] [3326] [3327] [3328] [3329] <xymatrix 3x2 271> [3330]
[3331] [3332] [3333] [3334] [3335] [3336] <xymatrix 2x2 154> <xymatrix 2x2
175> [3337] <xymatrix 2x2 154> <xymatrix 2x2 154> [3338] [3339] [3340] [3341]
[3342] [3343] [3344] [3345] [3346] [3347] [3348] [3349] [3350] [3351] [3352]
[3353] [3354] <xymatrix 5x2 348> [3355] [3356] [3357] [3358] <xymatrix 5x2
416> <xymatrix 2x2 168> [3359] [3360] [3361] <xymatrix 2x2 161> <xymatrix 4x2
350> [3362] [3363] <xymatrix 3x2 145> [3364] [3365] [3366] [3367]) (resolve.tex
[3368]
Chapter 54
[3369

] <xymatrix 2x2 168> [3370] [3371] [3372] [3373] <xymatrix 5x2 416>
[3374] <xymatrix 5x2 204> [3375] <xymatrix 2x2 154> [3376] <xymatrix 5x2 280>
[3377] <xymatrix 2x2 168> [3378] [3379] [3380] <xymatrix 3x2 265> [3381]
<xymatrix 3x2 145> [3382] [3383] <xymatrix 3x2 196> <xymatrix 2x2 181> [3384]
[3385] <xymatrix 2x2 181> [3386] [3387] [3388] <xymatrix 2x2 141> <xymatrix
5x2 326> [3389] [3390] [3391] [3392] [3393] [3394] [3395] [3396] <xymatrix 2x2
154> [3397] [3398] <xymatrix 4x2 200> <xymatrix 6x2 318> [3399] <xymatrix 2x2
154> [3400] [3401] [3402] [3403] [3404] [3405] [3406] [3407] <xymatrix 2x2
168> <xymatrix 3x2 285> [3408]) (models.tex [3409]
Chapter 55
[3410

] [3411] [3412] [3413] [3414] [3415] [3416] [3417] <xymatrix 7x2 460>
<xymatrix 3x2 190> [3418] <xymatrix 2x1 44> [3419] <xymatrix 3x1 82> [3420]
[3421] <xymatrix 4x1 120> [3422] <xymatrix 3x2 124> [3423] <xymatrix 5x1 158>
[3424] <xymatrix 3x2 158> <xymatrix 4x2 166> [3425] <xymatrix 6x1 196>
<xymatrix 5x2 208> [3426] <xymatrix 5x2 204> <xymatrix 4x2 200> [3427]
<xymatrix 5x3 250> <xymatrix 6x2 246> <xymatrix 7x2 288> [3428] <xymatrix 7x2
284> <xymatrix 7x2 288> <xymatrix 7x2 284> <xymatrix 8x2 330> [3429] <xymatrix
8x2 330> [3430] [3431] [3432] [3433] [3434] [3435] <xymatrix 6x1 196>
<xymatrix 6x2 250> [3436] [3437] [3438] [3439] [3440] [3441] [3442] [3443]
[3444] [3445] [3446] [3447] <xymatrix 2x2 168> [3448] [3449] <xymatrix 4x2
361> [3450] [3451] <xymatrix 3x2 226> <xymatrix 5x2 348> [3452] <xymatrix 3x2
226> <xymatrix 3x2 264> <xymatrix 3x2 264> [3453] [3454] [3455] [3456] [3457])
(functors.tex [3458]
Chapter 56
[3459

] [3460] <xymatrix 4x2 375> <xymatrix 4x2 375> [3461] <xymatrix 4x2 368>
[3462] <xymatrix 4x2 340> [3463] [3464] [3465] <xymatrix 3x3 272> <xymatrix
3x3 286> [3466] <xymatrix 4x2 306> [3467] [3468] <xymatrix 2x2 154> [3469]
<xymatrix 3x2 264> [3470] [3471] [3472] <xymatrix 2x2 168> [3473] [3474])
(equiv.tex [3475]
Chapter 57
[3476

] [3477] <xymatrix 5x2 553> <xymatrix 5x2 491>
Overfull \hbox (43.05212pt too wide) detected at line 314
[]
 []

[3478] [3479] [3480] <xymatrix 3x2 271> [3481] [3482] [3483] <xymatrix 2x2
168> [3484] [3485] [3486] [3487] [3488] [3489] [3490] [3491] <xymatrix 2x2
154> [3492] <xymatrix 2x2 182> [3493] <xymatrix 2x2 182> [3494] <xymatrix 4x2
499> <xymatrix 4x2 402> [3495] [3496] [3497] [3498] [3499] [3500] [3501]
[3502] [3503] <xymatrix 2x2 168> [3504] <xymatrix 2x2 168> [3505] <xymatrix
3x2 131> <xymatrix 3x2 131> [3506] [3507] [3508] <xymatrix 2x2 168> [3509]
[3510]) (crystalline.tex [3511]
Chapter 60
[3512

] [3513] <xymatrix 3x3 460> [3514] [3515] [3516] <xymatrix 2x2 154>
<xymatrix 2x3 196> [3517] <xymatrix 2x2 154> <xymatrix 2x2 154> [3518] [3519]
<xymatrix 2x2 154> [3520] [3521] <xymatrix 2x2 161> [3522] <xymatrix 2x2 161>
<xymatrix 2x2 182> [3523] <xymatrix 2x2 168> [3524] <xymatrix 2x3 196>
<xymatrix 2x2 154> [3525] <xymatrix 2x2 161> <xymatrix 3x3 228> <xymatrix 2x2
154> [3526] <xymatrix 2x2 161> [3527] <xymatrix 2x2 168> <xymatrix 3x3 228>
<xymatrix 2x2 154> [3528] [3529] [3530] [3531] <xymatrix 3x2 227> [3532]
<xymatrix 3x1 189> [3533] <xymatrix 3x2 145> [3534] [3535] [3536] [3537]
[3538] <xymatrix 2x2 154> [3539] [3540] [3541] [3542] [3543] [3544] [3545]
[3546] [3547] <xymatrix 2x2 161> <xymatrix 2x2 154> [3548] [3549] [3550]
[3551] [3552] [3553] [3554] [3555] [3556] <xymatrix 2x2 154> <xymatrix 2x2
168> [3557] <xymatrix 2x2 161>) (proetale.tex [3558]
Chapter 61
<xymatrix 2x2 134> [3559

] <xymatrix 2x2 154> [3560] [3561] [3562] [3563]
[3564] [3565] <xymatrix 2x2 154> <xymatrix 2x2 154> [3566] <xymatrix 2x2 154>
[3567] <xymatrix 2x2 154> [3568] [3569] <xymatrix 2x2 154> <xymatrix 2x2 154>
[3570] <xymatrix 2x2 154> [3571] <xymatrix 2x2 154> [3572] <xymatrix 2x2 161>
[3573] <xymatrix 2x1 80> <xymatrix 2x1 80> <xymatrix 2x1 80> <xymatrix 2x1 80>
<xymatrix 2x1 80> <xymatrix 2x1 80> [3574] <xymatrix 2x2 154> <xymatrix 2x2
154> [3575] [3576] [3577] [3578] [3579] <xymatrix 2x2 182> <xymatrix 2x2 182>
[3580] [3581] [3582] [3583] [3584] [3585] <xymatrix 2x2 182> [3586] <xymatrix
2x2 137> [3587] [3588] [3589] [3590] [3591] [3592] [3593] [3594] [3595]
<xymatrix 2x2 182> [3596] [3597] [3598]
Overfull \hbox (2.7894pt too wide) in paragraph at lines 4248--4252
[]\TU/NotoSerifCJKSC(0)/m/n/10.95 限 制 函 子 $\OML/cmm/m/it/10.95 j[] \OT1/cmr/m/n
/10.95 : [](\OML/cmm/m/it/10.95 X[]\OT1/cmr/m/n/10.95 ) \OMS/cmsy/m/n/10.95 ! [
]\OT1/cmr/m/n/10.95 (\OML/cmm/m/it/10.95 U[]\OT1/cmr/m/n/10.95 )$ \TU/NotoSerif
CJKSC(0)/m/n/10.95 有 左 伴 随 $\OML/cmm/m/it/10.95 j[] \OT1/cmr/m/n/10.95 : [](\OM
L/cmm/m/it/10.95 X[]\OT1/cmr/m/n/10.95 ) \OMS/cmsy/m/n/10.95 ! []\OT1/cmr/m/n/1
0.95 (\OML/cmm/m/it/10.95 U[]\OT1/cmr/m/n/10.95 )$\TU/LatinModernRoman(0)/m/n/1
0.95 . 
 []


Overfull \hbox (15.63266pt too wide) in paragraph at lines 4257--4264
[]\TU/NotoSerifCJKSC(0)/m/n/10.95 设 $\OT1/cmr/m/n/10.95 ^^C$ \TU/NotoSerifCJKSC
(0)/m/n/10.95 为 环。|  函 子 $\OML/cmm/m/it/10.95 j[] \OT1/cmr/m/n/10.95 : [](\OML/
cmm/m/it/10.95 X[]; \OT1/cmr/m/n/10.95 ^^C) \OMS/cmsy/m/n/10.95 ! []\OT1/cmr/m/
n/10.95 (\OML/cmm/m/it/10.95 U[]; \OT1/cmr/m/n/10.95 ^^C)$ \TU/NotoSerifCJKSC(0
)/m/n/10.95 有 左 伴 随 $\OML/cmm/m/it/10.95 j[] \OT1/cmr/m/n/10.95 : [](\OML/cmm/m
/it/10.95 U[]; \OT1/cmr/m/n/10.95 ^^C) \OMS/cmsy/m/n/10.95 !
 []

[3599] [3600] <xymatrix 5x2 416> [3601] <xymatrix 2x2 154> [3602] [3603]
[3604] [3605] [3606] <xymatrix 2x2 182> [3607] <xymatrix 3x1 96> [3608])
(relative-cycles.tex [3609]
Chapter 62
[3610

] <xymatrix 3x2 176> [3611] <xymatrix 3x2 176> <xymatrix 3x2 176>
<xymatrix 2x2 168> [3612] <xymatrix 2x2 168> <xymatrix 3x2 131> [3613] [3614]
[3615] [3616] [3617] [3618] <xymatrix 4x3 411> [3619] [3620] <xymatrix 2x2
182> [3621] [3622] [3623] [3624] <xymatrix 3x2 264> [3625] <xymatrix 2x2 154>
[3626] <xymatrix 2x2 168> [3627] <xymatrix 2x2 154> <xymatrix 2x2 154>
<xymatrix 2x2 154> <xymatrix 2x2 182> <xymatrix 2x2 168> <xymatrix 3x2 190>
[3628] [3629] [3630] <xymatrix 2x2 168> [3631] [3632] <xymatrix 2x2 154>
[3633]) (more-etale.tex [3634]
Chapter 63
[3635

] [3636] <xymatrix 2x2 154> [3637] <xymatrix 2x2 154> <xymatrix 2x2 154>
[3638] <xymatrix 2x2 182> <xymatrix 2x2 154> <xymatrix 4x4 466> [3639]
<xymatrix 2x2 154> <xymatrix 2x3 313> <xymatrix 3x2 196> [3640] [3641] [3642]
<xymatrix 2x2 154> [3643] [3644] <xymatrix 2x2 171> <xymatrix 2x2 182>
<xymatrix 3x2 230> [3645] <xymatrix 2x3 402> <xymatrix 3x3 248> <xymatrix 2x3
409> [3646] <xymatrix 3x3 392> <xymatrix 3x2 196> [3647] <xymatrix 2x2 154>
<xymatrix 2x3 313> <xymatrix 3x2 196> <xymatrix 4x3 450> [3648] <xymatrix 2x2
164> [3649] [3650] <xymatrix 2x2 182> <xymatrix 3x2 182> [3651] [3652]
<xymatrix 2x2 154> <xymatrix 2x2 182> [3653] <xymatrix 2x2 182> [3654]
<xymatrix 3x2 264> [3655] <xymatrix 2x3 313> <xymatrix 3x2 313> [3656]
<xymatrix 3x3 530> <xymatrix 2x2 182> <xymatrix 2x2 182> <xymatrix 2x2 182>
<xymatrix 3x2 230> [3657] <xymatrix 3x2 196> <xymatrix 3x2 230> <xymatrix 2x2
154> <xymatrix 4x2 306> <xymatrix 2x2 141> [3658] [3659] <xymatrix 3x3 354>
<xymatrix 3x3 340> <xymatrix 3x3 340> [3660] <xymatrix 5x5 784> <xymatrix 2x2
223> <xymatrix 2x2 223> <xymatrix 2x2 223> <xymatrix 2x2 223> <xymatrix 2x2
223> [3661] <xymatrix 3x2 190> <xymatrix 2x2 223> <xymatrix 2x2 154> <xymatrix
2x2 182> [3662] <xymatrix 4x4 1026> <xymatrix 2x2 182> [3663] [3664] <xymatrix
2x2 182> <xymatrix 2x2 182> [3665] [3666] <xymatrix 2x2 182> <xymatrix 2x2
182> [3667] [3668] [3669] [3670] <xymatrix 5x2 474> [3671] [3672] <xymatrix
3x2 145> [3673]) (trace.tex [3674]
Chapter 64
<xymatrix 3x2 148> [3675

] <xymatrix 3x3 327> <xymatrix 3x2 148> <xymatrix 3x2
131> [3676] [3677] [3678] <xymatrix 2x2 168> <xymatrix 2x2 168> [3679]
<xymatrix 2x2 168> <xymatrix 2x2 168> <xymatrix 2x2 182> [3680] <xymatrix 4x2
262> [3681] [3682] [3683] [3684] [3685] [3686] [3687] <xymatrix 3x2 145>
[3688] [3689] <xymatrix 2x2 168> [3690] [3691] [3692] [3693]

Package amsmath Warning: Foreign command \atop;
(amsmath)                \frac or \genfrac should be used instead
(amsmath)                 on input line 2128.

[3694] <xymatrix 2x2 182> [3695] [3696] [3697] [3698] [3699] [3700] [3701]
[3702] [3703] [3704] [3705] [3706] [3707] [3708] [3709]) (spaces.tex [3710]
Chapter 65
<xymatrix 3x2 285> [3711

] <xymatrix 2x2 185> [3712] [3713] [3714] <xymatrix
2x2 185> <xymatrix 2x2 185> [3715] <xymatrix 2x2 154> [3716] <xymatrix 2x3
285> [3717] <xymatrix 2x2 168> [3718] [3719] <xymatrix 3x1 118> [3720]
<xymatrix 2x2 168> <xymatrix 3x3 372> <xymatrix 3x2 258> [3721] <xymatrix 2x2
168> [3722] <xymatrix 4x4 481> [3723] <xymatrix 2x2 161> <xymatrix 4x2 302>
[3724] <xymatrix 2x2 182> [3725] <xymatrix 2x2 168> [3726] [3727] <xymatrix
2x2 154> [3728] [3729] [3730] <xymatrix 3x2 264> [3731] [3732])
(spaces-properties.tex [3733]
Chapter 66
[3734

] <xymatrix 2x2 168> [3735] <xymatrix 2x2 154> <xymatrix 3x2 274> [3736]
<xymatrix 2x2 154> <xymatrix 2x2 154> <xymatrix 2x2 182> <xymatrix 2x2 182>
[3737] [3738] <xymatrix 2x2 154> [3739] <xymatrix 2x2 168> <xymatrix 2x2 164>
[3740] [3741] [3742] [3743] [3744] <xymatrix 2x2 182> [3745] [3746] <xymatrix
2x2 164> [3747] <xymatrix 2x2 174> [3748] <xymatrix 2x2 154> <xymatrix 3x2
264> <xymatrix 2x2 154> [3749] <xymatrix 2x2 154> <xymatrix 2x2 154> <xymatrix
2x2 161> [3750] <xymatrix 2x2 229> [3751] <xymatrix 3x2 210> [3752] <xymatrix
3x1 118> [3753] <xymatrix 2x2 154> <xymatrix 2x2 168> <xymatrix 3x2 285>
<xymatrix 3x2 190> <xymatrix 2x2 182> [3754] <xymatrix 3x2 350> <xymatrix 2x2
223> [3755] <xymatrix 2x2 175> <xymatrix 2x2 182> <xymatrix 4x3 274>
Overfull \vbox (2.88617pt too high) has occurred while \output is active []


[3756] <xymatrix 3x1 118> <xymatrix 2x2 141> [3757] <xymatrix 2x2 171>
<xymatrix 2x2 188> [3758] [3759] <xymatrix 2x2 209> [3760] [3761] <xymatrix
2x2 168> [3762] [3763] [3764] [3765] <xymatrix 2x2 175> [3766] <xymatrix 2x2
182> [3767] [3768] <xymatrix 3x1 118> <xymatrix 3x1 118> <xymatrix 2x2 161>
<xymatrix 2x2 154> [3769] <xymatrix 3x2 145> <xymatrix 3x1 99> <xymatrix 3x2
325> <xymatrix 2x2 182> <xymatrix 2x2 171> [3770] <xymatrix 2x2 182> <xymatrix
3x2 186> [3771] <xymatrix 2x2 182> <xymatrix 2x2 188> <xymatrix 3x2 248>
[3772] [3773] <xymatrix 2x2 182> [3774] <xymatrix 2x2 168> [3775] [3776]
[3777] <xymatrix 2x2 141> [3778]) (spaces-morphisms.tex [3779]
Chapter 67
[3780

] <xymatrix 3x2 264> [3781] <xymatrix 2x2 205> [3782] [3783] <xymatrix
2x2 154> [3784] <xymatrix 2x2 154> <xymatrix 2x2 154> [3785] <xymatrix 4x2
336> <xymatrix 3x2 230> [3786] <xymatrix 2x2 154> [3787] <xymatrix 3x2 145>
[3788] <xymatrix 2x2 154> [3789] <xymatrix 4x2 336> <xymatrix 3x2 230> [3790]
<xymatrix 3x2 258> <xymatrix 3x2 176> [3791] [3792] <xymatrix 2x2 182> [3793]
[3794] <xymatrix 3x2 230> [3795] <xymatrix 2x2 168> [3796] [3797] [3798]
<xymatrix 2x2 154> <xymatrix 2x2 154> [3799] [3800] [3801] <xymatrix 3x2 230>
<xymatrix 4x2 374> <xymatrix 2x2 168> <xymatrix 3x2 264> [3802] <xymatrix 2x2
168> [3803] [3804] <xymatrix 4x3 411> <xymatrix 2x2 185> [3805] [3806]
<xymatrix 2x2 168> <xymatrix 2x2 168> [3807] [3808] <xymatrix 2x2 182>
<xymatrix 2x2 168> <xymatrix 2x2 168> <xymatrix 3x2 285> <xymatrix 2x2 154>
[3809] <xymatrix 2x2 182> <xymatrix 2x2 154> [3810] <xymatrix 2x2 154>
<xymatrix 2x2 154> [3811] <xymatrix 2x2 154> <xymatrix 3x2 264> <xymatrix 2x2
137> [3812] <xymatrix 2x2 154> [3813] <xymatrix 2x2 154> [3814] [3815]
<xymatrix 2x2 154> [3816] <xymatrix 2x2 154> <xymatrix 2x2 154> <xymatrix 3x2
230> [3817] <xymatrix 2x2 154> <xymatrix 2x2 154> <xymatrix 3x2 264> [3818]
[3819] <xymatrix 2x2 154> <xymatrix 2x2 154> [3820] [3821] <xymatrix 2x2 182>
<xymatrix 2x2 154> <xymatrix 2x2 154> <xymatrix 2x2 161> [3822] <xymatrix 2x2
154> <xymatrix 2x2 182> <xymatrix 2x2 154> [3823] <xymatrix 2x2 182> <xymatrix
2x2 154> [3824] <xymatrix 2x2 182> [3825] [3826] <xymatrix 2x2 182> <xymatrix
2x2 154> [3827] <xymatrix 3x2 264> <xymatrix 3x2 264> [3828] <xymatrix 3x2
264> <xymatrix 2x2 182> <xymatrix 2x2 168> [3829] <xymatrix 2x2 168> <xymatrix
2x2 168> <xymatrix 2x2 161> [3830] [3831] <xymatrix 2x2 154> <xymatrix 2x2
154> [3832] <xymatrix 2x2 154> <xymatrix 2x2 154> [3833] <xymatrix 2x2 154>
<xymatrix 2x2 154> [3834] <xymatrix 4x2 299> <xymatrix 3x2 145> [3835]
<xymatrix 2x2 154> <xymatrix 3x2 264> <xymatrix 2x2 154> <xymatrix 2x2 154>
[3836] [3837] <xymatrix 3x2 128> <xymatrix 3x2 145> [3838] <xymatrix 2x2 188>
<xymatrix 3x2 264> [3839] <xymatrix 2x2 188> <xymatrix 3x2 271> <xymatrix 3x2
264> <xymatrix 3x2 264> [3840] <xymatrix 4x3 397> <xymatrix 3x2 264> <xymatrix
3x2 298> <xymatrix 3x2 264> [3841] <xymatrix 2x2 188> <xymatrix 2x2 154>
<xymatrix 3x2 264> [3842] <xymatrix 2x2 195> <xymatrix 3x2 332> <xymatrix 4x2
340> <xymatrix 2x3 278> [3843] <xymatrix 4x3 438> <xymatrix 2x2 171> [3844]
<xymatrix 2x2 154> <xymatrix 3x2 264> <xymatrix 2x2 205> <xymatrix 2x2 154>
<xymatrix 2x2 188> [3845] <xymatrix 2x2 154> <xymatrix 3x2 230> <xymatrix 4x2
306> <xymatrix 2x2 154> [3846] <xymatrix 2x2 154> <xymatrix 2x2 154> <xymatrix
4x2 340> <xymatrix 3x2 230> [3847] <xymatrix 2x2 188> <xymatrix 2x2 188>
[3848] <xymatrix 2x2 188> [3849] [3850] [3851] [3852] [3853] <xymatrix 2x2
223> [3854] <xymatrix 3x2 142> [3855] [3856] <xymatrix 2x2 182> [3857]
<xymatrix 3x2 316> [3858] <xymatrix 3x2 305> <xymatrix 3x2 230> [3859]
<xymatrix 3x2 244> [3860] [3861] <xymatrix 3x2 149> <xymatrix 3x2 149>
<xymatrix 3x2 149> [3862]) (decent-spaces.tex [3863]
Chapter 68
[3864

] <xymatrix 2x2 154> <xymatrix 3x2 149> <xymatrix 2x2 161> [3865]
<xymatrix 2x2 185> <xymatrix 2x2 185> <xymatrix 2x2 182> [3866] <xymatrix 3x2
264> <xymatrix 2x2 154> [3867] <xymatrix 2x2 154> [3868] <xymatrix 2x2 182>
[3869] <xymatrix 7x3 350> <xymatrix 2x2 171> [3870] <xymatrix 2x2 174> [3871]
<xymatrix 4x3 186> [3872] [3873] <xymatrix 3x4 500> [3874] [3875] [3876]
[3877] <xymatrix 3x2 138> [3878] <xymatrix 3x2 138> [3879] [3880] [3881]
<xymatrix 2x2 181> [3882] [3883] <xymatrix 5x2 484> [3884] <xymatrix 2x2 154>
[3885] [3886] [3887] [3888] <xymatrix 3x2 124> <xymatrix 3x2 124> [3889]
[3890] <xymatrix 2x2 154> <xymatrix 2x2 120> <xymatrix 2x3 230> [3891]
<xymatrix 2x3 162> <xymatrix 5x3 232> [3892] <xymatrix 2x2 175> [3893]
<xymatrix 4x2 323>
Underfull \hbox (badness 2020) in paragraph at lines 3258--3261
[]\TU/NotoSerifCJKSC(0)/b/n/10.95 引 理 \TU/LatinModernRoman(0)/b/n/10.95 68.17.9
. \TU/NotoSerifCJKSC(0)/m/it/10.95 设 $\OML/cmm/m/it/10.95 S$ \TU/NotoSerifCJKSC
(0)/m/it/10.95 为 概 形，| $\OML/cmm/m/it/10.95 f \OT1/cmr/m/n/10.95 : \OML/cmm/m/i
t/10.95 X \OMS/cmsy/m/n/10.95 ! \OML/cmm/m/it/10.95 Y$ \TU/NotoSerifCJKSC(0)/m/
it/10.95 为 $\OML/cmm/m/it/10.95 S$ \TU/NotoSerifCJKSC(0)/m/it/10.95 上 代 数 空 间 的
 态 射，|  并 设
 []

<xymatrix 2x2 168> [3894] <xymatrix 3x2 264> <xymatrix 2x2 182> <xymatrix 2x2
182> [3895] <xymatrix 2x2 154> <xymatrix 3x3 446> [3896] [3897] <xymatrix 5x1
165> <xymatrix 6x1 203> [3898] [3899] [3900] [3901] [3902] <xymatrix 2x2 154>
<xymatrix 2x2 154> <xymatrix 2x2 154> [3903] [3904] [3905] [3906])
(spaces-cohomology.tex [3907]
Chapter 69
[3908

] <xymatrix 2x2 141> [3909] [3910] [3911] [3912] [3913] [3914] [3915]
[3916] [3917] [3918] [3919] <xymatrix 4x2 198> <xymatrix 2x2 182> [3920]
<xymatrix 2x2 185> [3921] [3922] [3923] [3924] [3925] [3926] [3927] <xymatrix
2x2 161> <xymatrix 2x2 168> [3928] [3929] <xymatrix 2x2 168> [3930] [3931]
<xymatrix 2x2 154> [3932] <xymatrix 2x2 168> <xymatrix 2x2 188> <xymatrix 2x2
188> [3933] <xymatrix 2x2 188> <xymatrix 3x2 278> <xymatrix 2x2 188> <xymatrix
2x2 154> <xymatrix 3x2 264> <xymatrix 3x2 264> [3934] <xymatrix 2x2 134>
[3935] <xymatrix 3x2 227> <xymatrix 2x2 178> [3936] [3937] <xymatrix 3x2 196>
[3938] <xymatrix 5x2 416> <xymatrix 4x2 395> [3939] <xymatrix 2x2 188> [3940]
[3941]) (spaces-limits.tex [3942]
Chapter 70
[3943

] <xymatrix 2x2 168> <xymatrix 2x3 292> <xymatrix 2x3 292> <xymatrix 2x2
185> [3944] <xymatrix 2x2 154> <xymatrix 2x1 80> <xymatrix 2x1 80> <xymatrix
2x1 80> <xymatrix 2x1 80> <xymatrix 2x1 80> <xymatrix 2x1 80> [3945] [3946]
<xymatrix 3x3 389> [3947] [3948] <xymatrix 2x2 154> [3949] [3950] [3951]
<xymatrix 2x2 154> [3952] [3953] <xymatrix 2x2 154> <xymatrix 2x2 154>
<xymatrix 2x2 154> [3954] <xymatrix 2x2 154> <xymatrix 2x2 154> <xymatrix 2x2
154> <xymatrix 2x2 154> <xymatrix 2x2 154> <xymatrix 2x2 154> [3955] [3956]
<xymatrix 2x2 154> <xymatrix 2x2 154> <xymatrix 2x2 154> <xymatrix 3x2 203>
[3957] <xymatrix 2x2 154> <xymatrix 2x2 154> <xymatrix 2x2 154> [3958] [3959]
<xymatrix 2x2 161> <xymatrix 2x2 168> <xymatrix 2x2 154> [3960] [3961]
<xymatrix 2x2 154> [3962] <xymatrix 2x2 154> [3963] [3964] <xymatrix 3x2 230>
<xymatrix 3x2 203> [3965] [3966] [3967] [3968] [3969] <xymatrix 2x2 154>
[3970] [3971] [3972] [3973] [3974] <xymatrix 2x2 175> [3975] <xymatrix 2x2
175> <xymatrix 4x2 300> <xymatrix 2x2 175> <xymatrix 3x2 271> [3976] <xymatrix
2x2 154> <xymatrix 2x2 154> <xymatrix 2x2 161> [3977] <xymatrix 2x2 188>
<xymatrix 2x2 188> [3978] <xymatrix 3x2 332> <xymatrix 3x2 278> <xymatrix 3x2
264> [3979] <xymatrix 3x2 264> <xymatrix 2x2 161> <xymatrix 3x2 244> [3980]
<xymatrix 3x2 244> <xymatrix 3x2 244> <xymatrix 3x2 251> <xymatrix 3x2 244>
[3981] <xymatrix 2x2 154> <xymatrix 2x2 154> <xymatrix 2x2 154> <xymatrix 2x2
154> <xymatrix 3x3 504> [3982] <xymatrix 2x2 182> [3983] <xymatrix 2x2 154>)
(spaces-divisors.tex [3984]
Chapter 71
[3985

] [3986] [3987] <xymatrix 3x2 264> <xymatrix 3x2 264> <xymatrix 3x2 226>
[3988] [3989] <xymatrix 2x2 182> [3990] [3991] [3992] [3993] [3994] [3995]
[3996] [3997] <xymatrix 2x2 154> <xymatrix 2x2 168> [3998] [3999] [4000]
<xymatrix 3x3 221> [4001] [4002] [4003] <xymatrix 2x2 185> <xymatrix 2x2 182>
[4004] <xymatrix 3x2 284> [4005] [4006]
Overfull \hbox (1.81512pt too wide) in paragraph at lines 2784--2792
\TU/NotoSerifCJKSC(0)/m/n/10.95 对 所 有 $\OML/cmm/m/it/10.95 p > \OT1/cmr/m/n/10.
95 0$\TU/NotoSerifCJKSC(0)/m/n/10.95 、| $\OML/cmm/m/it/10.95 d \OMS/cmsy/m/n/10
.95 ^^U \OML/cmm/m/it/10.95 d[]$ \TU/NotoSerifCJKSC(0)/m/n/10.95 及 $\OML/cmm/m/
it/10.95 n \OMS/cmsy/m/n/10.95 ^^U \OT1/cmr/m/n/10.95 0$ \TU/NotoSerifCJKSC(0)/
m/n/10.95 成 立。|  由  |《空 间 的 上 同 调》|  引 理[] \TU/LatinModernRoman(0)/m/n/10.95 69
.8.3[]\TU/NotoSerifCJKSC(0)/m/n/10.95 ，|  这 等 价 于 $\OML/cmm/m/it/10.95 H[]\OT1/
cmr/m/n/10.95 (\OML/cmm/m/it/10.95 X; \U/euf/m/n/10.95 m[]\OMS/cmsy/m/n/10.95 F
\OT1/cmr/m/n/10.95 /\U/euf/m/n/10.95 m[]\OMS/cmsy/m/n/10.95 F 
[]
 []

[4007] [4008] <xymatrix 2x2 154> [4009] [4010] [4011] <xymatrix 3x2 288>
<xymatrix 2x2 154> <xymatrix 2x2 154> [4012] [4013]) (spaces-over-fields.tex
[4014]
Chapter 72
<xymatrix 2x2 168> [4015

] [4016] [4017] [4018] [4019] [4020] [4021] [4022]
[4023] [4024] [4025] [4026] [4027] [4028] [4029] [4030] [4031] [4032]
<xymatrix 2x2 161> [4033] [4034] [4035] [4036] [4037]) (spaces-topologies.tex
[4038]
Chapter 73
[4039

] [4040] [4041] <xymatrix 2x2 188> <xymatrix 2x2 182> [4042] [4043]
[4044] [4045] [4046] [4047] [4048]) (spaces-descent.tex [4049]
Chapter 74
<xymatrix 3x2 149> <xymatrix 2x2 182> [4050

] [4051] [4052] [4053] <xymatrix
3x1 118> <xymatrix 3x2 145> [4054] <xymatrix 3x2 145> <xymatrix 3x2 145>
<xymatrix 3x2 145> [4055] <xymatrix 2x2 154> [4056]
Overfull \hbox (57.4309pt too wide) in paragraph at lines 941--950
[]\TU/NotoSerifCJKSC(0)/b/n/10.95 定 义 \TU/LatinModernRoman(0)/b/n/10.95 74.10.1
. \TU/NotoSerifCJKSC(0)/m/n/10.95 设 $\OML/cmm/m/it/10.95 S$ \TU/NotoSerifCJKSC(
0)/m/n/10.95 为 概 形。|  设 $\OMS/cmsy/m/n/10.95 P$ \TU/NotoSerifCJKSC(0)/m/n/10.95
 为 $\OML/cmm/m/it/10.95 S$ \TU/NotoSerifCJKSC(0)/m/n/10.95 上 代 数 空 间 态 射 的 一 个 
性 质。|  设 $\OML/cmm/m/it/10.95 ^^\ \OMS/cmsy/m/n/10.95 2 f\OML/cmm/m/it/10.95 fp
qc; fppf; syntomic; smooth; []\OMS/cmsy/m/n/10.95 g$\TU/NotoSerifCJKSC(0)/m/n/1
0.95 。|
 []

[4057] <xymatrix 4x4 502> [4058] <xymatrix 3x3 316> [4059] <xymatrix 2x2 154>
<xymatrix 2x3 353> [4060] <xymatrix 2x2 154> [4061] <xymatrix 2x2 154> [4062]
<xymatrix 2x2 182> [4063] [4064] [4065] [4066] [4067] <xymatrix 2x2 182>
[4068] <xymatrix 2x2 182> <xymatrix 2x2 182> <xymatrix 2x2 182> [4069]
<xymatrix 2x2 182> [4070] <xymatrix 2x2 168> <xymatrix 2x2 182> <xymatrix 2x2
182> [4071] <xymatrix 2x2 182> [4072] <xymatrix 3x2 145> <xymatrix 2x2 182>
<xymatrix 3x2 145> [4073] <xymatrix 2x2 182> <xymatrix 2x2 182> <xymatrix 3x2
203> [4074] [4075] <xymatrix 4x1 142> [4076]) (spaces-perfect.tex [4077]
Chapter 75
[4078

] [4079] <xymatrix 2x2 182> [4080] [4081] <xymatrix 7x2 222> [4082]
<xymatrix 2x2 182> <xymatrix 7x2 222> [4083] <xymatrix 2x2 182> [4084]
<xymatrix 2x2 182> [4085] [4086] <xymatrix 2x2 168> [4087] [4088] [4089]
[4090] <xymatrix 3x2 162> [4091] [4092] <xymatrix 4x2 374> <xymatrix 2x2 168>
[4093] <xymatrix 2x1 94> [4094] <xymatrix 2x2 182> [4095] <xymatrix 2x4 374>
[4096] <xymatrix 2x2 168> [4097] [4098] <xymatrix 2x2 168> [4099] [4100]
[4101] [4102] [4103] [4104] <xymatrix 4x2 374> [4105] [4106] <xymatrix 3x2
251> [4107] [4108] [4109] [4110] [4111] [4112] <xymatrix 2x2 212> [4113]
<xymatrix 3x2 264> [4114] <xymatrix 2x2 182> <xymatrix 2x2 182> [4115]
<xymatrix 2x2 168> <xymatrix 2x2 182> <xymatrix 2x2 182> [4116] <xymatrix 2x2
182> <xymatrix 3x3 307> <xymatrix 2x2 154> [4117] <xymatrix 2x2 182> <xymatrix
2x4 374> [4118] <xymatrix 2x2 182> <xymatrix 2x2 182> [4119] <xymatrix 2x2
182> [4120] [4121] <xymatrix 2x2 168> <xymatrix 2x2 168> [4122] <xymatrix 3x2
124> <xymatrix 2x2 182> [4123] [4124] [4125] [4126] [4127] [4128] [4129]
[4130] [4131] [4132] [4133] [4134]) (spaces-more-morphisms.tex [4135]
Chapter 76
[4136

] [4137] [4138] <xymatrix 2x2 182> <xymatrix 5x2 416> <xymatrix 2x3 313>
[4139] <xymatrix 2x2 182> <xymatrix 2x2 154> [4140] <xymatrix 2x2 182>
<xymatrix 5x2 416> <xymatrix 2x2 182> [4141] [4142] <xymatrix 2x2 182>
<xymatrix 2x2 161> [4143] <xymatrix 3x2 278> [4144] [4145] <xymatrix 2x2 154>
[4146] <xymatrix 2x2 154> <xymatrix 2x2 222> <xymatrix 2x2 222> [4147] [4148]
<xymatrix 2x2 161> <xymatrix 5x2 416> [4149] [4150] [4151] [4152] <xymatrix
4x3 508> <xymatrix 2x2 175> [4153] <xymatrix 2x2 175> <xymatrix 2x2 154>
<xymatrix 2x2 188> <xymatrix 2x2 202> [4154] <xymatrix 2x2 185> <xymatrix 2x2
202> <xymatrix 2x2 195> [4155] <xymatrix 2x2 202> <xymatrix 3x2 271> <xymatrix
3x2 271> [4156] <xymatrix 2x2 168> <xymatrix 2x2 202> [4157] <xymatrix 2x2
168> [4158] <xymatrix 5x3 275> [4159] <xymatrix 2x2 154> <xymatrix 2x2 202>
[4160] <xymatrix 2x2 182> <xymatrix 4x3 376> <xymatrix 2x2 182> <xymatrix 2x2
182> [4161] <xymatrix 2x2 154> <xymatrix 2x2 134> [4162] <xymatrix 2x2 168>
<xymatrix 2x2 209> [4163] <xymatrix 5x2 466> [4164] [4165] <xymatrix 3x2 145>
<xymatrix 3x2 190> <xymatrix 2x2 154> <xymatrix 4x1 130> <xymatrix 3x2 176>
[4166] <xymatrix 3x2 131> <xymatrix 3x2 124> <xymatrix 3x2 131> [4167]
<xymatrix 3x2 124> [4168] <xymatrix 3x2 131> <xymatrix 3x2 124> <xymatrix 3x2
131> [4169] <xymatrix 3x2 124> [4170] <xymatrix 2x2 168> <xymatrix 2x2 168>
<xymatrix 2x2 209> [4171] <xymatrix 2x2 168> <xymatrix 2x2 188> <xymatrix 2x2
154> <xymatrix 3x2 298> [4172] <xymatrix 2x2 168> <xymatrix 2x2 168> [4173]
<xymatrix 2x2 209> <xymatrix 2x2 168> <xymatrix 2x2 168> [4174] <xymatrix 2x2
141> <xymatrix 3x2 272> <xymatrix 2x2 202> [4175] <xymatrix 2x2 222> <xymatrix
2x2 154> <xymatrix 3x2 291> <xymatrix 2x2 222> <xymatrix 3x2 196> [4176]
<xymatrix 3x2 325> <xymatrix 2x2 182> [4177] <xymatrix 2x2 182> [4178]
<xymatrix 2x2 182> <xymatrix 2x2 182> <xymatrix 3x2 145> [4179] <xymatrix 6x3
409> [4180] <xymatrix 6x3 409> <xymatrix 3x2 264> [4181] [4182] <xymatrix 2x2
154> [4183] <xymatrix 2x2 168> [4184] <xymatrix 2x2 154> [4185] <xymatrix 2x2
154> <xymatrix 2x2 154> [4186] <xymatrix 2x2 154> [4187] [4188] <xymatrix 2x2
154> <xymatrix 2x2 161> [4189] <xymatrix 2x2 168> [4190] [4191] <xymatrix 3x2
196> <xymatrix 3x1 82> <xymatrix 2x2 154> [4192] [4193] [4194] <xymatrix 3x2
149> [4195] <xymatrix 2x2 154> <xymatrix 3x2 149> [4196] <xymatrix 3x2 149>
[4197] <xymatrix 3x2 145> <xymatrix 3x2 149> [4198] [4199] <xymatrix 3x2 149>
<xymatrix 3x2 149> [4200] <xymatrix 3x2 192> [4201] [4202] [4203] [4204]
[4205] [4206] <xymatrix 3x2 332> <xymatrix 2x2 154> <xymatrix 2x2 154> [4207]
<xymatrix 4x3 446> <xymatrix 3x2 332> <xymatrix 4x3 446> [4208] <xymatrix 3x2
192> <xymatrix 3x2 192> <xymatrix 4x3 446> [4209] <xymatrix 3x2 192> <xymatrix
3x2 192> [4210] <xymatrix 4x1 226> <xymatrix 2x2 154> [4211] [4212] [4213]
[4214] <xymatrix 5x2 396> <xymatrix 4x2 354> <xymatrix 4x2 354> [4215]
<xymatrix 5x3 366> [4216] <xymatrix 4x2 354> [4217] <xymatrix 2x2 161>
<xymatrix 2x2 161> <xymatrix 2x2 161> <xymatrix 3x2 264> [4218] [4219]
<xymatrix 2x2 154> <xymatrix 2x2 154> <xymatrix 2x2 154> [4220] [4221] [4222]
<xymatrix 3x2 199> <xymatrix 3x2 131> [4223] <xymatrix 3x2 145> [4224]
<xymatrix 2x2 154> <xymatrix 3x2 145> <xymatrix 3x2 145> [4225] <xymatrix 3x2
145> <xymatrix 2x2 154> <xymatrix 3x2 145> [4226] <xymatrix 3x2 145> <xymatrix
3x2 145> [4227] <xymatrix 2x2 154> <xymatrix 3x2 145> <xymatrix 3x2 145>
[4228] <xymatrix 2x2 154> [4229] <xymatrix 2x2 168> [4230] [4231] <xymatrix
2x2 168> [4232] [4233] <xymatrix 2x2 182> [4234] [4235] <xymatrix 2x2 182>
[4236] [4237] <xymatrix 2x2 182> [4238] <xymatrix 2x2 154> <xymatrix 2x2 154>
<xymatrix 2x2 168> [4239] <xymatrix 3x2 145> [4240] [4241] <xymatrix 3x2 176>
[4242] <xymatrix 3x2 203> [4243]) (spaces-flat.tex [4244]
Chapter 77
<xymatrix 3x2 158> <xymatrix 2x2 175> [4245

] [4246] [4247] <xymatrix 2x2 168>
[4248] <xymatrix 2x2 161> <xymatrix 2x2 161> <xymatrix 3x2 278> [4249]
<xymatrix 2x2 161> <xymatrix 2x2 168> [4250] [4251] [4252] [4253] [4254]
<xymatrix 2x2 161> [4255] <xymatrix 2x2 161> <xymatrix 3x2 131> [4256] [4257]
<xymatrix 2x2 161> <xymatrix 2x2 161> [4258] [4259] [4260] [4261] [4262]
[4263]) (spaces-groupoids.tex [4264]
Chapter 78
[4265

] <xymatrix 2x2 185> [4266] <xymatrix 2x2 178> [4267] <xymatrix 2x2 185>
<xymatrix 2x2 140> [4268] <xymatrix 2x2 185> [4269] <xymatrix 2x2 178> [4270]
<xymatrix 3x3 413> [4271] <xymatrix 3x3 585> <xymatrix 4x3 274> [4272]
<xymatrix 2x2 182> <xymatrix 2x2 182> <xymatrix 2x2 182> [4273] <xymatrix 3x2
193> [4274] <xymatrix 2x2 154> [4275] <xymatrix 2x2 154> <xymatrix 2x2 154>
[4276] [4277] <xymatrix 3x5 406> [4278] <xymatrix 2x2 171> <xymatrix 3x3 498>
[4279] [4280] <xymatrix 3x2 149> <xymatrix 3x1 118> [4281] [4282] <xymatrix
3x1 147> [4283] <xymatrix 2x2 185> <xymatrix 2x2 185> <xymatrix 2x2 185>
[4284] <xymatrix 2x2 168> <xymatrix 2x2 168> [4285] <xymatrix 2x2 185>
<xymatrix 2x1 72> [4286] <xymatrix 3x3 296> <xymatrix 2x3 272> [4287]
<xymatrix 6x2 295> <xymatrix 3x2 145> <xymatrix 4x3 274> [4288] [4289]
<xymatrix 3x1 147> <xymatrix 3x2 272> [4290] <xymatrix 2x2 182> <xymatrix 2x2
161> <xymatrix 2x2 182> <xymatrix 2x2 154> [4291] <xymatrix 2x2 154> [4292]
<xymatrix 3x3 407> [4293] <xymatrix 5x2 301> [4294]) (bootstrap.tex [4295]
Chapter 80
<xymatrix 2x2 168> [4296

] <xymatrix 3x1 96> [4297] [4298] <xymatrix 2x2 168>
<xymatrix 3x1 96> [4299] <xymatrix 2x2 182> [4300] <xymatrix 2x2 154> [4301]
<xymatrix 3x1 147> [4302] [4303] <xymatrix 4x1 185> [4304] [4305] [4306]
<xymatrix 3x2 237> [4307] [4308] [4309] [4310] [4311] [4312])
(spaces-pushouts.tex [4313]
Chapter 81
<xymatrix 2x2 161> <xymatrix 2x2 154> [4314

] <xymatrix 2x2 154> [4315] [4316]
<xymatrix 3x2 145> [4317] <xymatrix 3x2 145> [4318] <xymatrix 2x2 182> [4319]
<xymatrix 2x2 182> [4320] <xymatrix 2x2 168> <xymatrix 2x2 154> <xymatrix 2x2
168> [4321] <xymatrix 2x2 168> <xymatrix 2x2 168> <xymatrix 3x2 264> [4322]
<xymatrix 4x4 492> <xymatrix 2x2 266> <xymatrix 4x4 492> [4323] [4324]
<xymatrix 2x2 182> [4325] <xymatrix 2x2 154> <xymatrix 2x2 161> [4326]
<xymatrix 2x2 161> <xymatrix 2x2 182> [4327] [4328] <xymatrix 2x2 182> [4329]
<xymatrix 2x2 270> [4330] <xymatrix 3x2 264> [4331] <xymatrix 2x2 154>
<xymatrix 3x2 264> [4332] [4333] <xymatrix 2x2 154> <xymatrix 5x3 394> [4334]
[4335] [4336] <xymatrix 4x1 156> <xymatrix 2x1 80> <xymatrix 2x1 80> [4337]
[4338] <xymatrix 3x2 278> <xymatrix 3x2 124> <xymatrix 3x2 124> [4339]
<xymatrix 3x2 161> [4340] [4341] <xymatrix 3x2 196> <xymatrix 3x2 332>
<xymatrix 2x2 195> [4342]) (spaces-chow.tex [4343]
Chapter 82
[4344

] [4345] [4346] [4347] <xymatrix 2x2 161> [4348] [4349] <xymatrix 2x2
182> [4350] <xymatrix 2x2 154> [4351] <xymatrix 4x1 134> <xymatrix 3x2 264>
[4352] <xymatrix 2x2 154> <xymatrix 2x2 182> [4353] [4354] <xymatrix 2x2 154>
[4355] <xymatrix 2x2 182> [4356] <xymatrix 4x1 134> [4357] <xymatrix 2x2 182>
[4358] <xymatrix 2x2 182> <xymatrix 2x2 175> [4359] [4360] <xymatrix 2x2 188>
[4361] [4362] <xymatrix 2x2 182> [4363] <xymatrix 2x2 168> <xymatrix 2x2 182>
[4364] <xymatrix 2x2 188> [4365] <xymatrix 2x2 181> [4366] [4367] [4368]
<xymatrix 2x2 182> <xymatrix 2x2 182> [4369] <xymatrix 2x2 182> [4370]
<xymatrix 2x2 182> <xymatrix 2x2 168> [4371] [4372] <xymatrix 2x2 168> [4373]
[4374] <xymatrix 2x1 54> [4375] <xymatrix 2x2 168> [4376] [4377] [4378]
[4379] [4380] [4381]) (groupoids-quotients.tex [4382]
Chapter 83
<xymatrix 2x2 182> <xymatrix 4x4 488> [4383

] <xymatrix 3x1 118> <xymatrix 2x2
154> <xymatrix 3x2 217> <xymatrix 3x2 217> [4384] <xymatrix 2x2 168> <xymatrix
2x2 168> [4385] [4386] [4387] [4388] <xymatrix 2x2 182> [4389] <xymatrix 3x2
291> <xymatrix 2x2 154> <xymatrix 3x2 298> [4390] <xymatrix 2x2 185> <xymatrix
2x2 185> [4391] [4392] <xymatrix 3x1 98> [4393]) (spaces-more-cohomology.tex
[4394]
Chapter 84
<xymatrix 3x2 176> [4395

] <xymatrix 3x2 336> [4396] <xymatrix 2x2 154>
<xymatrix 2x2 154> <xymatrix 2x2 182> [4397] <xymatrix 2x2 182> [4398]
<xymatrix 2x2 182> [4399]
Overfull \hbox (32.5979pt too wide) in paragraph at lines 623--628
[]\TU/NotoSerifCJKSC(0)/m/it/10.95 对 $\OML/cmm/m/it/10.95 D\OT1/cmr/m/n/10.95 (
([]/\OML/cmm/m/it/10.95 Y\OT1/cmr/m/n/10.95 )[]\OML/cmm/m/it/10.95 ; \OMS/cmsy/
m/n/10.95 O\OT1/cmr/m/n/10.95 )$ \TU/NotoSerifCJKSC(0)/m/it/10.95 中 的 $\OML/cmm
/m/it/10.95 K$\TU/NotoSerifCJKSC(0)/m/it/10.95 ，|  有 $\OT1/cmr/m/n/10.95 (\OML/
cmm/m/it/10.95 Rf[]K\OT1/cmr/m/n/10.95 )\OMS/cmsy/m/n/10.95 j[] \OT1/cmr/m/n/10
.95 = \OML/cmm/m/it/10.95 Rf[]\OT1/cmr/m/n/10.95 (\OML/cmm/m/it/10.95 K\OMS/cms
y/m/n/10.95 j[]\OT1/cmr/m/n/10.95 )$ \TU/NotoSerifCJKSC(0)/m/it/10.95 在 $\OML/c
mm/m/it/10.95 D\OT1/cmr/m/n/10.95 ([](\OML/cmm/m/it/10.95 X[]; \OMS/cmsy/m/n/10
.95 O[]\OT1/cmr/m/n/10.95 ))$
 []

<xymatrix 2x2 182>
Overfull \hbox (2.4184pt too wide) in paragraph at lines 642--645
[]\TU/NotoSerifCJKSC(0)/m/it/10.95 对 $\OML/cmm/m/it/10.95 D\OT1/cmr/m/n/10.95 (
([]/\OML/cmm/m/it/10.95 Y\OT1/cmr/m/n/10.95 )[]\OML/cmm/m/it/10.95 ; \OMS/cmsy/
m/n/10.95 O\OT1/cmr/m/n/10.95 )$ \TU/NotoSerifCJKSC(0)/m/it/10.95 中 的 $\OML/cmm
/m/it/10.95 K$\TU/NotoSerifCJKSC(0)/m/it/10.95 ，|  有 $\OML/cmm/m/it/10.95 i[]\O
T1/cmr/m/n/10.95 (\OML/cmm/m/it/10.95 Rf[]K\OT1/cmr/m/n/10.95 ) = \OML/cmm/m/it
/10.95 Rf[]\OT1/cmr/m/n/10.95 (\OML/cmm/m/it/10.95 i[]K\OT1/cmr/m/n/10.95 )$ \T
U/NotoSerifCJKSC(0)/m/it/10.95 在 $\OML/cmm/m/it/10.95 D\OT1/cmr/m/n/10.95 ([](\
OML/cmm/m/it/10.95 X[]; \OMS/cmsy/m/n/10.95 O[]\OT1/cmr/m/n/10.95 ))$
 []


Overfull \hbox (6.77257pt too wide) in paragraph at lines 645--648
[]\TU/NotoSerifCJKSC(0)/m/it/10.95 对 $\OML/cmm/m/it/10.95 D\OT1/cmr/m/n/10.95 (
([]/\OML/cmm/m/it/10.95 Y\OT1/cmr/m/n/10.95 )[])$ \TU/NotoSerifCJKSC(0)/m/it/10
.95 中 的 $\OML/cmm/m/it/10.95 K$\TU/NotoSerifCJKSC(0)/m/it/10.95 ，|  有 $\OML/cmm
/m/it/10.95 g[]\OT1/cmr/m/n/10.95 (\OML/cmm/m/it/10.95 Rf[]K\OT1/cmr/m/n/10.95 
) = \OML/cmm/m/it/10.95 Rf[]\OT1/cmr/m/n/10.95 ((\OML/cmm/m/it/10.95 g[]\OT1/cm
r/m/n/10.95 )[]\OML/cmm/m/it/10.95 K\OT1/cmr/m/n/10.95 )$ \TU/NotoSerifCJKSC(0)
/m/it/10.95 在 $\OML/cmm/m/it/10.95 D\OT1/cmr/m/n/10.95 (([]/\OML/cmm/m/it/10.95
 X[]\OT1/cmr/m/n/10.95 )[])$
 []


Overfull \hbox (18.58582pt too wide) in paragraph at lines 648--651
[]\TU/NotoSerifCJKSC(0)/m/it/10.95 对 $\OML/cmm/m/it/10.95 D\OT1/cmr/m/n/10.95 (
([]/\OML/cmm/m/it/10.95 Y\OT1/cmr/m/n/10.95 )[]\OML/cmm/m/it/10.95 ; \OMS/cmsy/
m/n/10.95 O\OT1/cmr/m/n/10.95 )$ \TU/NotoSerifCJKSC(0)/m/it/10.95 中 的 $\OML/cmm
/m/it/10.95 K$\TU/NotoSerifCJKSC(0)/m/it/10.95 ，|  有 $\OML/cmm/m/it/10.95 g[]\O
T1/cmr/m/n/10.95 (\OML/cmm/m/it/10.95 Rf[]K\OT1/cmr/m/n/10.95 ) = \OML/cmm/m/it
/10.95 Rf[]\OT1/cmr/m/n/10.95 ((\OML/cmm/m/it/10.95 g[]\OT1/cmr/m/n/10.95 )[]\O
ML/cmm/m/it/10.95 K\OT1/cmr/m/n/10.95 )$ \TU/NotoSerifCJKSC(0)/m/it/10.95 在 $\O
ML/cmm/m/it/10.95 D\OT1/cmr/m/n/10.95 ([](\OML/cmm/m/it/10.95 X[]; \OMS/cmsy/m/
n/10.95 O[]\OT1/cmr/m/n/10.95 ))$
 []

[4400] <xymatrix 2x2 182> [4401] [4402] <xymatrix 3x2 190> <xymatrix 3x2 190>
[4403] [4404] [4405] [4406] [4407] [4408] <xymatrix 3x2 190> <xymatrix 3x2
190> [4409]) (spaces-simplicial.tex [4410]
Chapter 85
<xymatrix 3x1 294> [4411

] <xymatrix 2x2 168> [4412] [4413] [4414] [4415]
<xymatrix 3x2 145> <xymatrix 3x2 145> [4416] [4417] <xymatrix 3x1 118>
<xymatrix 2x2 182> [4418] <xymatrix 2x2 182> <xymatrix 2x2 182> [4419] [4420]
<xymatrix 2x2 182> <xymatrix 3x2 145> [4421] [4422] [4423] <xymatrix 3x2 145>
[4424] [4425] [4426] <xymatrix 4x3 274> [4427] <xymatrix 4x2 245> [4428]
[4429] <xymatrix 4x2 245> [4430] [4431] <xymatrix 2x2 127> [4432] <xymatrix
4x2 340> <xymatrix 2x2 182> [4433] <xymatrix 4x3 609> [4434] <xymatrix 4x2
245> [4435] [4436] [4437] <xymatrix 2x2 171> [4438] [4439] <xymatrix 3x1 118>
<xymatrix 3x1 189> <xymatrix 2x1 114> [4440] <xymatrix 3x2 176> [4441] [4442]
<xymatrix 2x2 154> [4443] [4444] [4445] <xymatrix 2x2 168> [4446] [4447]
[4448] [4449] [4450] [4451] [4452] <xymatrix 2x2 188> <xymatrix 2x1 80>
<xymatrix 2x1 80> <xymatrix 2x1 80> <xymatrix 2x1 80> <xymatrix 2x1 80>
<xymatrix 2x1 80> <xymatrix 2x1 80> <xymatrix 2x1 80> [4453] <xymatrix 3x1
294> [4454] <xymatrix 2x2 182> <xymatrix 2x2 182> <xymatrix 2x2 182> [4455]
<xymatrix 4x3 274> <xymatrix 5x1 110> [4456] <xymatrix 2x2 161> <xymatrix 3x2
233> [4457] <xymatrix 1x3 350> [4458] <xymatrix 3x3 588> [4459] <xymatrix 3x2
210> <xymatrix 3x1 294> [4460] <xymatrix 2x2 168> <xymatrix 2x2 182> [4461]
<xymatrix 2x2 182> <xymatrix 2x2 188> [4462] [4463] <xymatrix 2x2 188> [4464]
[4465] [4466] <xymatrix 2x2 188> [4467] <xymatrix 2x1 80> <xymatrix 2x1 80>
<xymatrix 2x1 80> <xymatrix 2x1 80> <xymatrix 2x1 80> <xymatrix 2x1 80>
<xymatrix 2x1 80> <xymatrix 2x1 80> [4468]) (spaces-duality.tex [4469]
Chapter 86
[4470

] <xymatrix 2x2 168> [4471] [4472] [4473] <xymatrix 2x2 182> <xymatrix
2x3 313> [4474] <xymatrix 3x7 699> <xymatrix 2x3 217> [4475] <xymatrix 3x3
194> <xymatrix 2x2 154> <xymatrix 2x2 154> <xymatrix 3x2 313> [4476] <xymatrix
2x7 562> <xymatrix 3x3 530>
Overfull \hbox (21.07617pt too wide) in paragraph at lines 818--824
\TU/NotoSerifCJKSC(0)/m/n/10.95 ，|  其 中 各 对 象 均 为 $\OML/cmm/m/it/10.95 S$ \TU/N
otoSerifCJKSC(0)/m/n/10.95 上 拟 紧 且 拟 分 离 的 代 数 空 间，|  所 有 方 块 均 为 笛 卡 尔 的，|  并 
且 $\OT1/cmr/m/n/10.95 (\OML/cmm/m/it/10.95 f; l\OT1/cmr/m/n/10.95 )\OML/cmm/m/i
t/10.95 ; \OT1/cmr/m/n/10.95 (\OML/cmm/m/it/10.95 g; m\OT1/cmr/m/n/10.95 )\OML/
cmm/m/it/10.95 ; \OT1/cmr/m/n/10.95 (\OML/cmm/m/it/10.95 f[]; l[]\OT1/cmr/m/n/1
0.95 )\OML/cmm/m/it/10.95 ; \OT1/cmr/m/n/10.95 (\OML/cmm/m/it/10.95 g[]; m[]\OT
1/cmr/m/n/10.95 )$
 []

[4477] <xymatrix 2x2 182> [4478] <xymatrix 3x4 652> <xymatrix 3x2 230> [4479]
<xymatrix 3x2 131> <xymatrix 2x2 185> <xymatrix 4x3 465> [4480] <xymatrix 2x2
171> <xymatrix 2x2 188> <xymatrix 3x4 465> [4481] <xymatrix 2x2 168> <xymatrix
2x2 154> [4482] [4483] [4484] <xymatrix 2x2 182>
Overfull \hbox (15.4716pt too wide) in paragraph at lines 1632--1638
[]\TU/NotoSerifCJKSC(0)/m/n/10.95 考 虑 相 对 对 偶 复 形 $\OT1/cmr/m/n/10.95 (\OML/cmm
/m/it/10.95 ![]; ^^\\OT1/cmr/m/n/10.95 )$ \TU/NotoSerifCJKSC(0)/m/n/10.95 与 定 义
[] \TU/LatinModernRoman(0)/m/n/10.95 86.9.1[] \TU/NotoSerifCJKSC(0)/m/n/10.95 中
 的 笛 卡 尔 方 块。|  我 们 把 同 构 $\OT1/cmr/m/n/10.95 (\OML/cmm/m/it/10.95 L\OT1/cmr/m/
n/10.95 (\OML/cmm/m/it/10.95 g[]\OT1/cmr/m/n/10.95 )[]\OML/cmm/m/it/10.95 ![]; 
Lg[]^^\\OT1/cmr/m/n/10.95 ) []
 []

<xymatrix 3x2 145> [4485] <xymatrix 2x2 182> <xymatrix 2x2 182> [4486]
<xymatrix 2x2 182> <xymatrix 7x2 222>) (formal-spaces.tex [4487]
Chapter 87
<xymatrix 3x1 118> [4488

] [4489] <xymatrix 2x2 168> [4490] [4491] [4492]
[4493] [4494] [4495] [4496] [4497] <xymatrix 2x6 306> [4498] [4499] [4500]
[4501] [4502] [4503] <xymatrix 3x2 196> <xymatrix 2x2 154> [4504] [4505]
[4506] [4507] <xymatrix 2x2 154> [4508] <xymatrix 2x2 154> [4509] [4510]
<xymatrix 2x2 161> [4511] [4512] [4513] [4514] [4515] <xymatrix 2x2 154>
[4516] <xymatrix 2x2 154> <xymatrix 2x2 154> [4517] [4518] <xymatrix 2x2 154>
<xymatrix 2x2 154> [4519] [4520] <xymatrix 3x2 305> [4521] [4522] <xymatrix
2x2 154> [4523] <xymatrix 2x2 154> [4524] <xymatrix 2x2 168> <xymatrix 2x2
154> [4525] <xymatrix 7x3 720> <xymatrix 2x2 154> [4526] [4527] <xymatrix 5x2
450> [4528] <xymatrix 2x2 154> [4529] <xymatrix 2x2 154> <xymatrix 2x2 154>
[4530] <xymatrix 2x2 154> <xymatrix 2x2 154> [4531] [4532] [4533] [4534]
[4535] [4536] <xymatrix 5x2 450> <xymatrix 2x2 168> [4537] <xymatrix 5x2 416>
<xymatrix 2x2 154> [4538] <xymatrix 2x2 205> [4539] <xymatrix 2x2 154> [4540]
<xymatrix 2x2 229> [4541] <xymatrix 3x2 210> [4542] <xymatrix 2x2 174>
<xymatrix 2x2 168> [4543] [4544] [4545] [4546] [4547] <xymatrix 2x2 154>
[4548] <xymatrix 2x2 161> [4549] <xymatrix 2x2 161> [4550]) (restricted.tex
[4551]
Chapter 88
[4552

] [4553] [4554]
Overfull \hbox (6.74683pt too wide) in paragraph at lines 368--377
\TU/NotoSerifCJKSC(0)/m/n/10.95 由 \TU/LatinModernRoman(0)/m/n/10.95 (1)\TU/Noto
SerifCJKSC(0)/m/n/10.95 ，|  且 同 构 的 \TU/LatinModernRoman(0)/m/n/10.95 pro-\TU/N
otoSerifCJKSC(0)/m/n/10.95 系 统 具 有 相 同 的 $\OML/cmm/m/it/10.95 R []$\TU/NotoSeri
fCJKSC(0)/m/n/10.95 ，|  为 证 明 \TU/LatinModernRoman(0)/m/n/10.95 (2) \TU/NotoSer
ifCJKSC(0)/m/n/10.95 只 需 说 明 $[][]$ 等 于 $\OML/cmm/m/it/10.95 R [] [][] \OMS/cms
y/m/n/10.95 
[]\OML/cmm/m/it/10.95 B\OT1/cmr/m/n/10.95 /\OML/cmm/m/it/10.95 I[]B$\TU/NotoSer
ifCJKSC(0)/m/n/10.95 。|
 []

[4555] <xymatrix 3x2 216> <xymatrix 4x2 234> <xymatrix 5x2 382> [4556] [4557]
<xymatrix 2x2 168> [4558] [4559] [4560] <xymatrix 5x2 416> [4561] [4562]
[4563]
Overfull \hbox (2.19156pt too wide) detected at line 1365
\OML/cmm/m/it/10.95 H[]\OT1/cmr/m/n/10.95 ([][] \OMS/cmsy/m/n/10.95 
[]\OML/cmm/m/it/10.95 B\OT1/cmr/m/n/10.95 ) \OMS/cmsy/m/n/10.95 ! \OML/cmm/m/it
/10.95 H[]\OT1/cmr/m/n/10.95 ([][]) \OMS/cmsy/m/n/10.95 ! \OML/cmm/m/it/10.95 H
[]\OT1/cmr/m/n/10.95 ([][]) \OMS/cmsy/m/n/10.95 ! \OML/cmm/m/it/10.95 H[]\OT1/c
mr/m/n/10.95 ([][] \OMS/cmsy/m/n/10.95 
[]\OML/cmm/m/it/10.95 B\OT1/cmr/m/n/10.95 ) \OMS/cmsy/m/n/10.95 ! \OML/cmm/m/it
/10.95 H[]\OT1/cmr/m/n/10.95 ([][]) \OMS/cmsy/m/n/10.95 ! \OT1/cmr/m/n/10.95 0
 []

[4564]

Package hyperref Warning: Token not allowed in a PDF string (Unicode):
(hyperref)                removing `\leavevmode@ifvmode' on input line 1399.


Package hyperref Warning: Token not allowed in a PDF string (Unicode):
(hyperref)                \kern 1.82538pt
(hyperref)                removed on input line 1399.

[4565] [4566] <xymatrix 3x3 272> [4567] <xymatrix 2x3 264> <xymatrix 2x3 196>
<xymatrix 2x3 196> <xymatrix 2x2 154> <xymatrix 2x2 154> <xymatrix 2x2 154>
[4568]

Package hyperref Warning: Token not allowed in a PDF string (Unicode):
(hyperref)                removing `\leavevmode@ifvmode' on input line 1843.


Package hyperref Warning: Token not allowed in a PDF string (Unicode):
(hyperref)                \kern 1.82538pt
(hyperref)                removed on input line 1843.

<xymatrix 3x3 310> [4569] [4570] <xymatrix 2x2 154> [4571] <xymatrix 2x2 168>
<xymatrix 2x2 154> <xymatrix 2x2 175> [4572] <xymatrix 2x2 154> [4573]
<xymatrix 2x2 168> [4574] <xymatrix 2x2 154> <xymatrix 2x2 154> [4575]
<xymatrix 2x2 154> <xymatrix 2x2 154> [4576] [4577] <xymatrix 2x2 168>
<xymatrix 3x2 192> [4578] [4579] <xymatrix 2x2 154> [4580] <xymatrix 2x2 154>
<xymatrix 2x2 154> <xymatrix 2x2 168> <xymatrix 2x2 161> [4581] <xymatrix 2x2
154> <xymatrix 2x2 154> <xymatrix 2x2 154> <xymatrix 2x2 168> <xymatrix 2x2
161> [4582] <xymatrix 2x2 168> <xymatrix 2x2 154> <xymatrix 2x2 154> [4583]
<xymatrix 2x2 168> [4584] [4585] <xymatrix 4x2 234> <xymatrix 2x3 264> [4586]
<xymatrix 2x2 154> [4587] <xymatrix 2x2 154>

Package hyperref Warning: Token not allowed in a PDF string (Unicode):
(hyperref)                removing `\leavevmode@ifvmode' on input line 4161.


Package hyperref Warning: Token not allowed in a PDF string (Unicode):
(hyperref)                \kern 1.82538pt
(hyperref)                removed on input line 4161.

[4588] <xymatrix 2x2 168> [4589] <xymatrix 4x2 234> <xymatrix 4x2 234> [4590]

Package hyperref Warning: Token not allowed in a PDF string (Unicode):
(hyperref)                removing `\leavevmode@ifvmode' on input line 4413.


Package hyperref Warning: Token not allowed in a PDF string (Unicode):
(hyperref)                \kern 1.82538pt
(hyperref)                removed on input line 4413.

<xymatrix 2x2 154> <xymatrix 2x2 154> [4591] <xymatrix 2x2 171> [4592] [4593]
<xymatrix 3x2 264> <xymatrix 2x2 154> [4594] <xymatrix 3x2 264> [4595]
<xymatrix 5x2 276> [4596] <xymatrix 2x2 154> <xymatrix 2x2 154> <xymatrix 3x2
244> [4597] <xymatrix 2x2 161> <xymatrix 3x2 271> <xymatrix 2x2 168> [4598]
[4599] <xymatrix 3x2 264> [4600] [4601] [4602]

Package hyperref Warning: Token not allowed in a PDF string (Unicode):
(hyperref)                removing `\leavevmode@ifvmode' on input line 5941.


Package hyperref Warning: Token not allowed in a PDF string (Unicode):
(hyperref)                \kern 1.82538pt
(hyperref)                removed on input line 5941.

[4603] <xymatrix 2x2 154> [4604] <xymatrix 3x2 244> [4605] [4606] <xymatrix
2x2 195> [4607] <xymatrix 2x2 202> [4608] [4609]) (spaces-resolve.tex [4610]
Chapter 89
[4611

] [4612] [4613] <xymatrix 5x2 280> [4614] [4615] [4616] [4617] <xymatrix
3x3 166> [4618]) (formal-defos.tex [4619]
Chapter 90
[4620

] [4621] <xymatrix 4x2 340> [4622] [4623] <xymatrix 5x2 464> [4624]
[4625] [4626] [4627] [4628] <xymatrix 3x2 128> [4629] <xymatrix 2x2 182>
<xymatrix 2x2 168> [4630] <xymatrix 2x2 182> <xymatrix 4x2 184> [4631] [4632]
<xymatrix 3x2 145> <xymatrix 3x2 254> <xymatrix 2x2 161> <xymatrix 2x2 120>
[4633] <xymatrix 2x2 130> <xymatrix 2x3 240> <xymatrix 2x2 168> [4634]
<xymatrix 2x2 188> [4635] <xymatrix 2x2 168> <xymatrix 2x2 86> <xymatrix 2x2
120> [4636] <xymatrix 2x2 188> [4637] <xymatrix 2x2 86> <xymatrix 2x2 86>
<xymatrix 2x2 154> <xymatrix 2x2 154> <xymatrix 2x2 86> [4638] <xymatrix 2x2
182> <xymatrix 2x2 182> <xymatrix 2x2 154> <xymatrix 2x2 185> <xymatrix 2x2
86> <xymatrix 2x2 86> [4639] <xymatrix 2x2 154> <xymatrix 2x2 154> <xymatrix
2x2 86> <xymatrix 2x2 86> <xymatrix 2x2 154> <xymatrix 2x2 154> <xymatrix 2x2
154> <xymatrix 2x2 154> <xymatrix 2x2 154> <xymatrix 2x2 154> <xymatrix 2x2
154> <xymatrix 2x2 154> <xymatrix 2x2 154> <xymatrix 2x2 154> <xymatrix 2x2
154> <xymatrix 2x2 154> [4640] <xymatrix 2x2 154> <xymatrix 2x2 154> <xymatrix
2x2 154> <xymatrix 2x2 182> <xymatrix 2x2 182> <xymatrix 2x2 154> <xymatrix
3x2 299> [4641] <xymatrix 2x2 175> <xymatrix 2x2 154> <xymatrix 2x2 168>
<xymatrix 2x2 168> <xymatrix 2x2 168> <xymatrix 2x2 154> <xymatrix 2x2 154>
[4642] <xymatrix 3x2 149> <xymatrix 3x2 149> [4643] [4644] [4645] <xymatrix
2x2 182> <xymatrix 2x2 144> <xymatrix 2x2 188> [4646] <xymatrix 2x2 86>
<xymatrix 2x2 154> <xymatrix 2x2 86> <xymatrix 2x2 93> <xymatrix 2x2 127>
<xymatrix 2x2 120> [4647] <xymatrix 2x2 154> <xymatrix 2x2 168> <xymatrix 3x2
264> <xymatrix 3x2 271> [4648] <xymatrix 2x2 86> <xymatrix 2x2 93> <xymatrix
2x2 86> <xymatrix 2x2 93> <xymatrix 2x2 161> <xymatrix 2x2 127> [4649]
<xymatrix 2x2 205> <xymatrix 2x2 86> <xymatrix 2x2 154> [4650] <xymatrix 2x2
154> <xymatrix 2x2 154> <xymatrix 2x2 154> <xymatrix 2x2 154> <xymatrix 2x2
168> [4651] <xymatrix 2x2 120> <xymatrix 2x2 120> <xymatrix 3x2 138> [4652]
<xymatrix 2x2 182> <xymatrix 2x2 182> <xymatrix 2x2 154> <xymatrix 2x2 182>
[4653] <xymatrix 3x3 207> <xymatrix 2x2 154> <xymatrix 2x2 154> [4654]
<xymatrix 2x2 86> <xymatrix 2x2 86> <xymatrix 2x2 154> <xymatrix 2x2 154>
[4655] <xymatrix 2x2 154> <xymatrix 2x2 154> <xymatrix 2x2 154> <xymatrix 2x2
154> [4656] <xymatrix 2x2 182> <xymatrix 2x2 182> [4657] <xymatrix 2x2 168>
<xymatrix 2x2 86> <xymatrix 2x2 86> <xymatrix 2x2 154> <xymatrix 2x2 154>
[4658] <xymatrix 2x2 154> <xymatrix 2x2 154> <xymatrix 3x2 264> [4659]
<xymatrix 3x2 264> <xymatrix 6x2 176> <xymatrix 2x2 168> [4660] <xymatrix 2x2
175> [4661] <xymatrix 3x2 142> [4662] [4663] [4664] [4665] [4666] [4667]
<xymatrix 2x2 100> <xymatrix 3x2 193> [4668] <xymatrix 3x2 190> [4669]
<xymatrix 2x2 185> [4670] <xymatrix 3x3 266> [4671] [4672] <xymatrix 2x2 182>
[4673] [4674] <xymatrix 2x2 86> <xymatrix 2x2 86> [4675] <xymatrix 3x2 264>)
(defos.tex [4676]
Chapter 91
<xymatrix 5x2 423> <xymatrix 6x4 1057>
Overfull \hbox (1.1631pt too wide) in paragraph at lines 70--73
[]\TU/NotoSerifCJKSC(0)/m/it/10.95 如 果 存 在 使 图 表 交 换 的 同 态 $\OML/cmm/m/it/10.95
 B[] \OMS/cmsy/m/n/10.95 ! \OML/cmm/m/it/10.95 B[]$\TU/NotoSerifCJKSC(0)/m/it/1
0.95 ，|  那 么 所 有 这 类 同 态 组 成 的 集 合 是 $[][]\OT1/cmr/m/n/10.95 (
[]\OML/cmm/m/it/10.95 ; N[]\OT1/cmr/m/n/10.95 )$
 []

[4677

] [4678] <xymatrix 5x2 430> <xymatrix 5x2 423> <xymatrix 6x4 1043>
[4679] <xymatrix 5x2 423> <xymatrix 5x2 416> <xymatrix 2x2 175> [4680] [4681]
<xymatrix 2x2 182> <xymatrix 2x2 188> [4682] <xymatrix 2x2 188> <xymatrix 5x2
437> [4683] <xymatrix 2x2 171> <xymatrix 5x2 423> [4684] <xymatrix 5x2 416>
<xymatrix 3x2 135> <xymatrix 2x2 174> [4685] <xymatrix 5x2 416> <xymatrix 2x2
174> <xymatrix 3x2 162> <xymatrix 2x2 174> <xymatrix 2x2 174> [4686] <xymatrix
5x2 423> <xymatrix 5x2 416> [4687] [4688] <xymatrix 2x2 182> [4689] <xymatrix
3x2 292> <xymatrix 5x2 423> [4690] <xymatrix 3x4 486> <xymatrix 6x4 1057>
[4691] [4692] <xymatrix 2x2 154> <xymatrix 5x2 430> <xymatrix 5x2 423> [4693]
<xymatrix 2x2 130> <xymatrix 6x4 1043> [4694] <xymatrix 5x2 423> <xymatrix 5x2
416> <xymatrix 2x2 130> <xymatrix 3x2 254> [4695]
Overfull \hbox (29.14694pt too wide) in paragraph at lines 2192--2195
[]$\OML/cmm/m/it/10.95 S[]$ \TU/NotoSerifCJKSC(0)/m/it/10.95 上 在 $\OML/cmm/m/it
/10.95 X[] \OMS/cmsy/m/n/10.95 ^^B[] \OML/cmm/m/it/10.95 S$ \TU/NotoSerifCJKSC(
0)/m/it/10.95 上 约 化 为 恒 等 态 射 的 自 同 构 $\OML/cmm/m/it/10.95 ' \OT1/cmr/m/n/10.95
 : \OML/cmm/m/it/10.95 X[] \OMS/cmsy/m/n/10.95 ! \OML/cmm/m/it/10.95 X[]$ \TU/N
otoSerifCJKSC(0)/m/it/10.95 所 成 的 集 合 为 $[][]\OT1/cmr/m/n/10.95 ([][]\OML/cmm/m
/it/10.95 ; f[]\OMS/cmsy/m/n/10.95 C[]\OT1/cmr/m/n/10.95 )$\TU/NotoSerifCJKSC(0
)/m/it/10.95 。| 
 []

<xymatrix 5x2 416> <xymatrix 2x2 182> [4696] <xymatrix 2x2 188> <xymatrix 2x2
188> [4697] <xymatrix 5x2 437> [4698] <xymatrix 2x2 171> <xymatrix 5x2 423>
<xymatrix 5x2 416> [4699] <xymatrix 3x2 135> <xymatrix 2x2 174> <xymatrix 5x2
416> <xymatrix 2x2 174> [4700] <xymatrix 3x2 162> <xymatrix 2x2 174> <xymatrix
5x2 416> <xymatrix 6x2 526> [4701] <xymatrix 2x2 174> <xymatrix 2x2 174>
<xymatrix 5x2 423> [4702] <xymatrix 5x2 416> [4703] [4704] <xymatrix 2x2 182>
[4705] <xymatrix 2x2 175> <xymatrix 3x2 292> [4706] <xymatrix 5x2 423>
<xymatrix 3x4 486> <xymatrix 6x4 1057> [4707] [4708] <xymatrix 2x2 154>
<xymatrix 5x2 430> <xymatrix 5x2 423> [4709] <xymatrix 2x2 130> <xymatrix 6x4
1043> [4710] <xymatrix 5x2 423> <xymatrix 5x2 416> <xymatrix 2x2 130>
<xymatrix 3x2 254> [4711] <xymatrix 5x2 416> <xymatrix 5x2 416> [4712] [4713]
<xymatrix 3x2 182>
Overfull \hbox (13.7935pt too wide) in paragraph at lines 4575--4584
\TU/NotoSerifCJKSC(0)/m/n/10.95 下 面 证 明 此 构 造 与 有 上 界 自 由 $\OML/cmm/m/it/10.95 
R$\TU/LatinModernRoman(0)/m/n/10.95 -\TU/NotoSerifCJKSC(0)/m/n/10.95 模 复 形 同 态 
$\OML/cmm/m/it/10.95 ^^K[] \OT1/cmr/m/n/10.95 : \OML/cmm/m/it/10.95 K[] \OMS/cm
sy/m/n/10.95 ! \OML/cmm/m/it/10.95 L[]$ \TU/NotoSerifCJKSC(0)/m/n/10.95 及 给 定 的
 提 升 选 取 $\OT1/cmr/m/n/10.95 (\OML/cmm/m/it/10.95 K[]\OT1/cmr/m/n/10.95 )[]\OML
/cmm/m/it/10.95 ; \OT1/cmr/m/n/10.95 (\OML/cmm/m/it/10.95 L[]\OT1/cmr/m/n/10.95
 )[]\OML/cmm/m/it/10.95 ; \OT1/cmr/m/n/10.95 (\OML/cmm/m/it/10.95 d[]\OT1/cmr/m
/n/10.95 )[]\OML/cmm/m/it/10.95 ; \OT1/cmr/m/n/10.95 (\OML/cmm/m/it/10.95 d[]\O
T1/cmr/m/n/10.95 )[]$
 []

<xymatrix 3x2 182> [4714] <xymatrix 2x2 154> <xymatrix 5x3 668> [4715]
<xymatrix 3x2 182> <xymatrix 2x2 154> [4716] <xymatrix 2x2 154> <xymatrix 2x2
154> [4717] <xymatrix 5x2 437> <xymatrix 5x2 505> [4718] [4719]) (cotangent.tex
[4720]
Chapter 92
[4721

] <xymatrix 2x2 224> <xymatrix 2x2 116> <xymatrix 2x2 96> [4722]
<xymatrix 2x2 168> [4723] <xymatrix 2x2 154> [4724] <xymatrix 2x2 154>
<xymatrix 2x2 154> [4725] [4726] [4727] <xymatrix 2x2 154> <xymatrix 3x2 306>
[4728] <xymatrix 2x2 209> <xymatrix 5x1 174> [4729] <xymatrix 2x3 226> [4730]
[4731] <xymatrix 5x2 772> [4732] <xymatrix 3x2 192> [4733] [4734] <xymatrix
2x2 168> [4735] <xymatrix 5x2 382> [4736] [4737] [4738] [4739] [4740]
<xymatrix 4x2 395> [4741] <xymatrix 2x2 154> <xymatrix 3x2 264> <xymatrix 4x2
306> <xymatrix 2x2 154> [4742] <xymatrix 3x3 378> [4743] <xymatrix 3x2 285>
<xymatrix 5x2 423> [4744] [4745] <xymatrix 2x2 154> <xymatrix 2x2 238>
<xymatrix 2x2 238> [4746] <xymatrix 5x2 382> [4747] [4748] <xymatrix 5x2 423>
[4749] <xymatrix 5x2 423> [4750] <xymatrix 2x2 154> [4751] <xymatrix 2x2 96>
[4752] <xymatrix 2x2 182> <xymatrix 2x2 182> [4753] <xymatrix 2x2 154>
<xymatrix 2x2 96> [4754] <xymatrix 3x3 378> [4755]) (examples-defos.tex
[4756]
Chapter 93
[4757

] [4758] [4759] [4760] [4761] [4762] [4763] [4764]
Overfull \hbox (10.02571pt too wide) in paragraph at lines 1009--1014
\TU/NotoSerifCJKSC(0)/m/n/10.95 它 在 $\OML/cmm/m/it/10.95 k$ \TU/NotoSerifCJKSC(
0)/m/n/10.95 上 有 限 维，|  当 且 仅 当 其 支 集 是 $\OML/cmm/m/it/10.95 k\OT1/cmr/m/n/10.9
5 [[\OML/cmm/m/it/10.95 x[]; [] ; x[]\OT1/cmr/m/n/10.95 ]]$ \TU/NotoSerifCJKSC(
0)/m/n/10.95 的 闭 点；|  这 又 当 且 仅 当 $[] \OT1/cmr/m/n/10.95 =
 []

<xymatrix 2x2 168> [4765] <xymatrix 2x2 154> [4766] <xymatrix 2x3 285> [4767]
<xymatrix 2x2 154> <xymatrix 4x2 238> [4768] [4769] <xymatrix 2x2 168>
<xymatrix 2x2 154> [4770] <xymatrix 3x2 264> [4771] [4772] <xymatrix 5x2 430>
<xymatrix 5x2 245> [4773] [4774] [4775] [4776] [4777] [4778] [4779] [4780])
(algebraic.tex [4781]
Chapter 94
[4782

] <xymatrix 3x2 288> <xymatrix 2x2 168> [4783] <xymatrix 2x2 185> [4784]
<xymatrix 3x2 305> [4785] <xymatrix 2x2 168> <xymatrix 2x2 185> [4786]
<xymatrix 3x2 288> [4787] <xymatrix 2x2 168> <xymatrix 2x2 185> <xymatrix 2x2
185> [4788] [4789] [4790] <xymatrix 2x2 182> <xymatrix 2x2 182> [4791] [4792]
<xymatrix 3x2 179> [4793] <xymatrix 2x2 182> [4794] <xymatrix 4x4 488>
<xymatrix 2x2 154> [4795] <xymatrix 3x1 96> [4796] [4797] [4798] [4799])
(examples-stacks.tex [4800]
Chapter 95
[4801

] [4802] <xymatrix 2x2 168> <xymatrix 2x2 168> [4803] [4804] [4805]
<xymatrix 2x2 168> [4806] [4807] <xymatrix 2x2 168> [4808] <xymatrix 2x2 168>
[4809] <xymatrix 2x2 168> <xymatrix 4x3 390> [4810] <xymatrix 3x2 227>
<xymatrix 2x2 168> [4811] [4812] [4813] <xymatrix 2x2 181> <xymatrix 3x1 24>
<xymatrix 3x2 190> [4814] <xymatrix 3x2 158> <xymatrix 3x2 193>)
(stacks-sheaves.tex [4815]
Chapter 96
[4816

] <xymatrix 3x2 196> [4817] <xymatrix 2x2 168> [4818] [4819] <xymatrix
2x2 182> <xymatrix 3x2 145> <xymatrix 3x2 169> <xymatrix 3x2 176> [4820]
[4821] <xymatrix 3x2 145> [4822] <xymatrix 3x2 210> <xymatrix 2x2 168>
<xymatrix 2x2 161> [4823] [4824] <xymatrix 3x1 118> <xymatrix 3x1 118>
<xymatrix 3x3 325> [4825] <xymatrix 3x2 190> <xymatrix 3x1 118> <xymatrix 3x1
118>
Overfull \hbox (14.422pt too wide) in paragraph at lines 1298--1304
\TU/NotoSerifCJKSC(0)/m/n/10.95 由 于 还 有 $\OML/cmm/m/it/10.95 ^^Y[]\OMS/cmsy/m/n
/10.95 G\OT1/cmr/m/n/10.95 (\OML/cmm/m/it/10.95 U\OT1/cmr/m/n/10.95 /\OML/cmm/m
/it/10.95 F\OT1/cmr/m/n/10.95 ) = \OMS/cmsy/m/n/10.95 G\OT1/cmr/m/n/10.95 (\OML
/cmm/m/it/10.95 U\OT1/cmr/m/n/10.95 /\OML/cmm/m/it/10.95 F\OT1/cmr/m/n/10.95 )$
 \TU/NotoSerifCJKSC(0)/m/n/10.95 以 及 $\OML/cmm/m/it/10.95 ^^Y[]\OMS/cmsy/m/n/10
.95 G\OT1/cmr/m/n/10.95 (\OML/cmm/m/it/10.95 U\OT1/cmr/m/n/10.95 /\OML/cmm/m/it
/10.95 F\OT1/cmr/m/n/10.95 ) = \OMS/cmsy/m/n/10.95 G\OT1/cmr/m/n/10.95 (\OML/cm
m/m/it/10.95 U\OT1/cmr/m/n/10.95 /\OML/cmm/m/it/10.95 F\OT1/cmr/m/n/10.95 )$\TU
/NotoSerifCJKSC(0)/m/n/10.95 ，|  我 们 得 到 典 范 同 一 化 $\OML/cmm/m/it/10.95 f[]^^Y[
]\OMS/cmsy/m/n/10.95 G\OT1/cmr/m/n/10.95 (\OML/cmm/m/it/10.95 V\OT1/cmr/m/n/10.
95 ) =
 []

[4826] <xymatrix 2x2 151> [4827] <xymatrix 2x2 154> [4828] [4829] [4830]
<xymatrix 2x2 182> [4831] <xymatrix 3x2 244> [4832] [4833] [4834] <xymatrix
3x2 385> [4835] <xymatrix 3x2 145> <xymatrix 3x1 189> [4836] <xymatrix 3x1
189> <xymatrix 2x2 182> [4837] <xymatrix 3x1 189> <xymatrix 3x2 145> <xymatrix
2x2 182> [4838] <xymatrix 3x2 288> <xymatrix 2x2 182> [4839] [4840] [4841]
[4842] [4843] <xymatrix 2x2 182> [4844] <xymatrix 2x2 182> [4845] [4846]
[4847] [4848] [4849] [4850] [4851]) (criteria.tex [4852]
Chapter 97
[4853

] <xymatrix 4x4 488> <xymatrix 2x2 154> [4854] <xymatrix 3x2 183> [4855]
[4856] <xymatrix 3x2 183> [4857] [4858] <xymatrix 2x2 168> [4859] [4860]
[4861] <xymatrix 6x2 264> <xymatrix 4x2 258> [4862] [4863] <xymatrix 2x3 244>
[4864] <xymatrix 2x2 161> <xymatrix 2x2 182> [4865] <xymatrix 2x2 154>
<xymatrix 3x2 264> [4866] [4867] <xymatrix 3x2 319> <xymatrix 3x2 237> [4868]
[4869] [4870] <xymatrix 2x2 161> [4871] <xymatrix 2x2 127> <xymatrix 3x2 254>
<xymatrix 3x2 131> [4872] [4873] [4874] [4875] [4876] [4877]) (artin.tex
[4878]
Chapter 98
[4879

] [4880] <xymatrix 3x2 124> <xymatrix 2x2 154> [4881] <xymatrix 2x2 154>
<xymatrix 2x2 154> [4882] <xymatrix 2x2 154> <xymatrix 2x2 154> [4883]
<xymatrix 2x2 154> <xymatrix 2x2 154> <xymatrix 2x2 154> [4884] [4885]
<xymatrix 4x2 238> <xymatrix 2x2 182> [4886] [4887] <xymatrix 2x2 154>
<xymatrix 2x2 168> [4888] [4889] [4890] <xymatrix 2x2 120> <xymatrix 2x2 120>
<xymatrix 3x3 242> <xymatrix 3x3 242> [4891] [4892] <xymatrix 2x2 168>
<xymatrix 3x2 196> [4893] <xymatrix 2x2 120> <xymatrix 2x2 120> [4894] [4895]
[4896] [4897] [4898] [4899] <xymatrix 2x2 154> <xymatrix 2x2 120> <xymatrix
2x2 120> [4900] <xymatrix 3x3 242> <xymatrix 3x3 242> <xymatrix 5x2 416>
<xymatrix 2x2 154> [4901] <xymatrix 3x3 282> [4902] [4903] <xymatrix 3x3 282>
[4904] <xymatrix 2x2 154> <xymatrix 2x2 154> [4905] <xymatrix 6x2 176> [4906]
<xymatrix 2x2 154> <xymatrix 2x2 154> <xymatrix 4x2 238> [4907] [4908] [4909]
[4910] [4911] [4912] <xymatrix 2x2 168> [4913] [4914] [4915] [4916]
Overfull \hbox (7.36414pt too wide) in paragraph at lines 4178--4182
[]\TU/NotoSerifCJKSC(0)/m/it/10.95 对 $\OT1/cmr/m/n/10.95 ([]/\OML/cmm/m/it/10.9
5 S\OT1/cmr/m/n/10.95 )[]$ \TU/NotoSerifCJKSC(0)/m/it/10.95 的 每 个 对 象 $\OML/cmm
/m/it/10.95 V$ \TU/NotoSerifCJKSC(0)/m/it/10.95 和 每 个 映 射 $\OML/cmm/m/it/10.95 
V \OMS/cmsy/m/n/10.95 ! \OML/cmm/m/it/10.95 G$\TU/NotoSerifCJKSC(0)/m/it/10.95 
，|  纤 维 积 $\OML/cmm/m/it/10.95 F \OMS/cmsy/m/n/10.95 ^^B[] \OML/cmm/m/it/10.95 
V \OT1/cmr/m/n/10.95 : ([]/\OML/cmm/m/it/10.95 S\OT1/cmr/m/n/10.95 )[] \OMS/cms
y/m/n/10.95 !
 []

[4917] [4918] <xymatrix 2x2 175> <xymatrix 4x2 409> [4919] <xymatrix 3x2 190>
[4920] <xymatrix 2x2 161> [4921] <xymatrix 3x2 264> [4922] [4923] [4924]
[4925] <xymatrix 2x2 168> [4926] [4927] [4928] [4929]) (quot.tex [4930]
Chapter 99
[4931

] [4932] <xymatrix 3x1 138> [4933] [4934] [4935] [4936] [4937] <xymatrix
2x2 154> <xymatrix 2x2 154> [4938] <xymatrix 2x2 154> <xymatrix 2x2 154>
<xymatrix 2x2 154> <xymatrix 2x2 161> [4939] [4940] [4941] [4942] [4943]
<xymatrix 3x1 138> [4944] <xymatrix 2x2 154> [4945] <xymatrix 5x5 910> [4946]
[4947] [4948] [4949] [4950] [4951] [4952] [4953] <xymatrix 2x2 168> <xymatrix
2x2 161> [4954] <xymatrix 4x1 226> [4955] <xymatrix 2x2 154> <xymatrix 2x2
154> [4956] [4957] <xymatrix 2x2 168> [4958] <xymatrix 2x2 154> [4959]
<xymatrix 2x2 154> [4960] <xymatrix 4x2 354> [4961] [4962] <xymatrix 2x2 168>
[4963] <xymatrix 2x2 154> <xymatrix 2x2 154> <xymatrix 2x2 154> [4964]
<xymatrix 2x2 154> [4965] [4966] <xymatrix 2x2 161> [4967] [4968] <xymatrix
2x2 154> <xymatrix 2x2 154> [4969] <xymatrix 2x2 154> <xymatrix 2x2 154>
<xymatrix 2x2 154> [4970] <xymatrix 2x2 154> [4971] [4972])
(stacks-properties.tex [4973]
Chapter 100
[4974

] [4975] <xymatrix 2x2 154> <xymatrix 3x2 264> [4976] <xymatrix 2x2 168>
<xymatrix 2x2 182> [4977] <xymatrix 3x2 145> <xymatrix 2x2 168> <xymatrix 3x2
313> [4978] <xymatrix 3x3 444> <xymatrix 2x2 154> <xymatrix 2x2 154> <xymatrix
2x2 154> [4979] <xymatrix 3x2 274> <xymatrix 2x2 154> <xymatrix 2x2 182>
[4980] <xymatrix 2x2 182> <xymatrix 3x2 272> [4981] [4982] [4983] <xymatrix
2x2 154> [4984] <xymatrix 3x2 131> <xymatrix 3x2 124> [4985] <xymatrix 2x2
154> [4986] <xymatrix 3x2 278> <xymatrix 2x2 161> <xymatrix 3x2 264> [4987]
<xymatrix 3x2 278> <xymatrix 2x2 154> [4988] [4989] <xymatrix 2x2 154> [4990]
[4991] [4992] [4993] <xymatrix 2x2 161> [4994] [4995]) (stacks-morphisms.tex
[4996]
Chapter 101
<xymatrix 2x2 164> [4997

] [4998] [4999] <xymatrix 2x2 205> [5000] [5001]
<xymatrix 3x3 374> [5002] <xymatrix 2x2 161> [5003] <xymatrix 3x2 281>
<xymatrix 2x2 161> [5004] <xymatrix 2x2 161> <xymatrix 3x2 292> <xymatrix 2x2
154> [5005] <xymatrix 2x2 154> [5006] <xymatrix 2x2 161> <xymatrix 2x2 161>
[5007] <xymatrix 2x2 154> [5008] <xymatrix 3x2 145> <xymatrix 2x2 154> [5009]
<xymatrix 2x2 168> <xymatrix 3x2 264> [5010] <xymatrix 3x2 145> [5011]
<xymatrix 2x2 154> [5012] <xymatrix 2x2 154> <xymatrix 2x2 154> [5013]
<xymatrix 4x2 336> <xymatrix 3x2 230> [5014] <xymatrix 2x2 154> [5015] [5016]
<xymatrix 2x2 154> <xymatrix 3x2 271> <xymatrix 2x2 182> [5017] <xymatrix 2x2
168> <xymatrix 2x2 168> <xymatrix 3x3 406> <xymatrix 2x2 154> <xymatrix 2x2
154> [5018] <xymatrix 3x2 264> <xymatrix 2x2 154> [5019] <xymatrix 3x2 264>
[5020] [5021] <xymatrix 2x2 161> <xymatrix 3x2 271> [5022] <xymatrix 2x2 154>
[5023] <xymatrix 2x2 161> <xymatrix 3x2 284> [5024] <xymatrix 2x2 161>
<xymatrix 2x3 271> [5025] [5026] <xymatrix 3x2 237> <xymatrix 2x2 161> [5027]
<xymatrix 2x2 164> <xymatrix 3x2 236> [5028] <xymatrix 2x2 154> <xymatrix 2x2
154> [5029] <xymatrix 2x2 161> [5030] [5031] <xymatrix 2x2 154> [5032]
<xymatrix 2x2 154> <xymatrix 2x2 182> <xymatrix 1x2 44> [5033] <xymatrix 3x2
264> [5034] [5035] <xymatrix 3x2 237> [5036] <xymatrix 2x2 154> [5037]
<xymatrix 2x2 154> [5038] <xymatrix 3x2 264> [5039] <xymatrix 3x2 264>
<xymatrix 2x2 154> [5040] <xymatrix 3x2 196> [5041] [5042] [5043] [5044]
<xymatrix 2x2 154> [5045] [5046] <xymatrix 2x2 161> [5047] <xymatrix 2x2 182>
[5048] <xymatrix 2x2 182> <xymatrix 2x2 168> <xymatrix 2x2 168> <xymatrix 3x2
285> <xymatrix 4x2 306> [5049] <xymatrix 2x2 168> <xymatrix 2x2 154> [5050]
<xymatrix 3x2 264> [5051] [5052] [5053] <xymatrix 3x2 264> <xymatrix 2x2 154>
<xymatrix 2x2 154> <xymatrix 2x2 154> [5054] <xymatrix 3x2 128> [5055]
<xymatrix 2x2 168> [5056] <xymatrix 3x2 264> [5057] <xymatrix 2x2 222>
<xymatrix 3x2 145> <xymatrix 3x2 224> [5058] <xymatrix 2x2 229> <xymatrix 3x2
319> <xymatrix 2x3 237> <xymatrix 2x2 188> [5059] <xymatrix 2x2 188> <xymatrix
3x2 401> <xymatrix 2x2 154> [5060] <xymatrix 2x2 182> [5061] <xymatrix 3x2
227> <xymatrix 2x2 222> <xymatrix 2x2 195> [5062] <xymatrix 2x2 222> <xymatrix
3x2 190> [5063] <xymatrix 2x2 154> <xymatrix 4x2 415> <xymatrix 2x2 222>
<xymatrix 2x2 212> [5064] <xymatrix 2x2 154> <xymatrix 3x2 131> [5065]
<xymatrix 2x2 161> <xymatrix 2x2 168> [5066] <xymatrix 2x2 175> [5067]
Overfull \hbox (14.54662pt too wide) in paragraph at lines 8390--8402
\TU/NotoSerifCJKSC(0)/m/n/10.95 考 虑 代 数 叠 $\OMS/cmsy/m/n/10.95 X[] \OT1/cmr/m/n
/10.95 = [\OML/cmm/m/it/10.95 U[]\OT1/cmr/m/n/10.95 /\OML/cmm/m/it/10.95 R[]\OT
1/cmr/m/n/10.95 ]$ |\TU/NotoSerifCJKSC(0)/m/n/10.95 （ 《代 数 叠》|  定 理[] \TU/Latin
ModernRoman(0)/m/n/10.95 94.17.3[]). \TU/NotoSerifCJKSC(0)/m/n/10.95 由 于 有 代 数 
空 间 中 群 胚 的 态 射 $\OT1/cmr/m/n/10.95 (\OML/cmm/m/it/10.95 U[]; R[]; s[]; t[]; c[
]\OT1/cmr/m/n/10.95 ) \OMS/cmsy/m/n/10.95 !
 []

[5068] <xymatrix 3x2 210> [5069] [5070]) (stacks-limits.tex [5071]
Chapter 102
<xymatrix 2x2 168> [5072

] <xymatrix 3x2 217> [5073] <xymatrix 3x2 217>
<xymatrix 2x2 182> <xymatrix 2x2 182> [5074] [5075] [5076] <xymatrix 2x2 182>
[5077] <xymatrix 2x2 154> <xymatrix 2x2 154> <xymatrix 2x2 154> [5078]
<xymatrix 2x2 175> <xymatrix 2x2 175> <xymatrix 4x2 300> [5079] <xymatrix 2x2
175> <xymatrix 3x2 271> <xymatrix 2x2 154> <xymatrix 2x2 154>)
(stacks-cohomology.tex [5080]
Chapter 103
<xymatrix 2x2 168> [5081

] <xymatrix 2x2 154> [5082] [5083] <xymatrix 2x2 216>
[5084] <xymatrix 3x2 145> [5085] <xymatrix 3x2 302> [5086] <xymatrix 3x2 313>
[5087] [5088] [5089] [5090] <xymatrix 2x2 168> [5091] <xymatrix 5x2 437>
[5092] <xymatrix 3x2 124> [5093] [5094] <xymatrix 2x2 161> [5095] [5096]
[5097] [5098] [5099] [5100] [5101] <xymatrix 3x2 152> <xymatrix 2x2 168>
[5102] <xymatrix 2x2 182> <xymatrix 2x2 182> [5103] [5104] <xymatrix 2x1 100>
[5105] <xymatrix 2x1 100> [5106] [5107] [5108]) (stacks-perfect.tex [5109]
Chapter 104
[5110

] [5111] [5112] [5113] <xymatrix 3x2 285> <xymatrix 2x1 100> [5114]
<xymatrix 2x1 100> <xymatrix 3x2 187> [5115] <xymatrix 3x2 285> <xymatrix 2x2
168> [5116] [5117] [5118]
Overfull \hbox (2.81703pt too wide) in paragraph at lines 1314--1321
\TU/NotoSerifCJKSC(0)/m/n/10.95 类 似 地，|  由 引 理[] \TU/LatinModernRoman(0)/m/n/10
.95 104.5.4[] \TU/NotoSerifCJKSC(0)/m/n/10.95 和 评 注[] \TU/LatinModernRoman(0)/m
/n/10.95 104.5.5[]\TU/NotoSerifCJKSC(0)/m/n/10.95 ，|  可 将 $\OML/cmm/m/it/10.95 
D[]\OT1/cmr/m/n/10.95 (\OMS/cmsy/m/n/10.95 O[]\OT1/cmr/m/n/10.95 )$ \TU/NotoSer
ifCJKSC(0)/m/n/10.95 视 为 左 可 容 许 子 范 畴 $\OML/cmm/m/it/10.95 D[]\OT1/cmr/m/n/10.
95 (\OMS/cmsy/m/n/10.95 O[]\OT1/cmr/m/n/10.95 )$
 []

[5119]) (stacks-introduction.tex [5120]
Chapter 105
<xymatrix 3x2 286> <xymatrix 3x2 145> [5121

] <xymatrix 7x2 251> <xymatrix 3x2
145> <xymatrix 3x2 145> <xymatrix 3x3 180> [5122] <xymatrix 3x2 145> [5123]
[5124] [5125]) (stacks-more-morphisms.tex [5126]
Chapter 106
[5127

] <xymatrix 2x2 174> [5128] [5129] <xymatrix 3x2 131> <xymatrix 3x2 124>
<xymatrix 3x2 131> [5130] <xymatrix 3x2 124> <xymatrix 3x2 124> <xymatrix 2x2
154> [5131] <xymatrix 2x2 89> <xymatrix 2x3 224> <xymatrix 4x4 453> [5132]
<xymatrix 2x2 154> [5133] <xymatrix 3x3 302> [5134] <xymatrix 3x2 285>
<xymatrix 4x2 153> <xymatrix 3x2 265> [5135] <xymatrix 4x2 153> <xymatrix 2x2
141> [5136] <xymatrix 2x2 154> [5137] [5138] <xymatrix 4x2 340> [5139]
<xymatrix 3x1 118> <xymatrix 2x2 222> <xymatrix 3x2 145> [5140] <xymatrix 3x2
264> [5141] <xymatrix 2x2 161> <xymatrix 2x2 161> [5142] <xymatrix 3x2 227>
<xymatrix 2x2 168> [5143] <xymatrix 3x2 192> [5144] <xymatrix 2x2 154>
<xymatrix 3x2 196> <xymatrix 4x2 374> <xymatrix 3x2 220> [5145] <xymatrix 3x2
230> [5146] <xymatrix 2x2 161> <xymatrix 2x2 216> [5147] <xymatrix 3x2 367>
<xymatrix 3x2 237> <xymatrix 2x2 222> <xymatrix 3x2 230> [5148] <xymatrix 3x2
271> <xymatrix 3x2 271> <xymatrix 2x2 188> [5149] <xymatrix 2x2 222> <xymatrix
2x2 161> [5150] <xymatrix 3x2 233> [5151] [5152] <xymatrix 2x3 206> <xymatrix
2x2 154> <xymatrix 2x2 182> <xymatrix 2x2 182> <xymatrix 2x2 168> [5153]
<xymatrix 2x2 154> <xymatrix 2x2 154> <xymatrix 2x2 154> <xymatrix 2x2 154>
[5154] <xymatrix 5x2 355> <xymatrix 2x2 154> [5155] <xymatrix 3x2 285>
<xymatrix 2x2 154> <xymatrix 2x2 175> [5156] <xymatrix 2x2 154> <xymatrix 2x2
168> [5157] <xymatrix 2x2 130> <xymatrix 2x2 154> <xymatrix 2x2 175> <xymatrix
2x2 175> <xymatrix 2x2 154> [5158] <xymatrix 2x2 182> [5159] <xymatrix 3x2
271> <xymatrix 3x2 278> <xymatrix 3x2 278> [5160] <xymatrix 3x2 196> [5161]
[5162] <xymatrix 2x2 168> <xymatrix 3x2 199> [5163] <xymatrix 2x3 336>)
(stacks-geometry.tex [5164]
Chapter 107
[5165

] [5166] [5167] [5168] [5169] <xymatrix 2x2 185> [5170] [5171] [5172]
<xymatrix 2x2 154> [5173] [5174] [5175] [5176] <xymatrix 2x2 154> [5177]
<xymatrix 3x2 230> [5178] [5179] [5180]) (moduli.tex [5181]
Chapter 108
[5182

] [5183] [5184] <xymatrix 2x2 154> [5185] [5186] <xymatrix 2x2 154>
[5187] [5188] [5189] [5190] [5191] [5192] [5193] [5194] [5195])
(moduli-curves.tex [5196]
Chapter 109
[5197

] <xymatrix 2x2 154> <xymatrix 2x2 168> [5198] [5199] <xymatrix 2x2 168>
<xymatrix 2x2 168> [5200] <xymatrix 2x2 154> <xymatrix 3x1 118> [5201] [5202]
[5203] [5204] [5205] [5206] [5207] [5208] [5209] <xymatrix 2x2 182> [5210]
<xymatrix 2x2 182> [5211] [5212] [5213] [5214] [5215] [5216] [5217] <xymatrix
5x3 674> [5218] [5219] [5220] <xymatrix 3x2 230> [5221] <xymatrix 3x2 203>
<xymatrix 2x2 195>) (examples.tex [5222]
Chapter 110
[5223

] <xymatrix 3x3 235> [5224] [5225] [5226] [5227] <xymatrix 2x2 182>
[5228] [5229] [5230] <xymatrix 3x2 271> [5231] [5232] [5233] [5234] [5235]
[5236] <xymatrix 4x1 143> [5237] [5238] [5239] [5240] [5241] [5242] [5243]
[5244] [5245] [5246] [5247] <xymatrix 2x2 195> <xymatrix 2x2 161> [5248]
[5249] [5250] [5251] [5252] [5253] [5254] <xymatrix 2x2 154> [5255] [5256]
[5257] [5258] [5259] <xymatrix 3x2 174> [5260] [5261] [5262] [5263] <xymatrix
3x2 285> <xymatrix 3x2 285> <xymatrix 2x2 168> [5264] [5265] <xymatrix 2x3
264> [5266] <xymatrix 3x2 192> [5267] <xymatrix 3x2 226> [5268] [5269] [5270]
[5271] [5272] [5273] [5274] [5275] [5276] [5277] [5278] <xymatrix 2x1 80>
<xymatrix 3x3 554> [5279] <xymatrix 2x1 80> [5280]) (exercises.tex [5281]
Chapter 111
[5282

] [5283] [5284] [5285] [5286] [5287] [5288] [5289] [5290] [5291] [5292]
[5293] [5294] [5295] [5296] [5297] [5298] <xymatrix 2x2 127> [5299] <xymatrix
2x2 137> [5300] <xymatrix 2x2 137> [5301] [5302] [5303] [5304] <xymatrix 3x2
271> <xymatrix 2x2 154> [5305] [5306] [5307] [5308] [5309] [5310] [5311]
[5312] [5313] [5314] [5315] [5316] [5317] [5318] [5319] [5320] [5321]
<xymatrix 6x1 216> [5322] [5323] [5324] [5325] [5326] [5327] [5328] [5329]
[5330] <xymatrix 3x2 192> [5331] [5332] [5333] [5334]) (guide.tex [5335]
Chapter 112
[5336

] [5337] [5338] [5339] [5340] [5341] [5342] [5343] [5344]) (desirables.tex [534
5]
Chapter 113
[5346

] [5347]) (coding.tex [5348]
Chapter 114
[5349

]) (obsolete.tex [5350]
Chapter 115
[5351

] <xymatrix 3x2 186> [5352] <xymatrix 5x2 437> [5353] [5354]
Overfull \hbox (4.77014pt too wide) in paragraph at lines 494--500
\TU/NotoSerifCJKSC(0)/m/it/10.95 则 \TU/LatinModernRoman(0)/m/it/10.95 Algebraic
 and Formal Geometry\TU/NotoSerifCJKSC(0)/m/it/10.95 ，|  引 理[] \TU/LatinModernR
oman(0)/m/it/10.95 52.10.4[] \TU/NotoSerifCJKSC(0)/m/it/10.95 对 $\OML/cmm/m/it/
10.95 A; I; \U/euf/m/n/10.95 m\OML/cmm/m/it/10.95 ; M$ \TU/NotoSerifCJKSC(0)/m/
it/10.95 成 立，|  并 且 $\OML/cmm/m/it/10.95 H[]\OT1/cmr/m/n/10.95 (\OML/cmm/m/it/1
0.95 M\OT1/cmr/m/n/10.95 ) \OMS/cmsy/m/n/10.95 ! [] \OML/cmm/m/it/10.95 H[]\OT1
/cmr/m/n/10.95 (\OML/cmm/m/it/10.95 M\OT1/cmr/m/n/10.95 /\OML/cmm/m/it/10.95 I[
]M\OT1/cmr/m/n/10.95 )$
 []

[5355] <xymatrix 3x3 310> [5356] [5357] <xymatrix 2x2 154> [5358] [5359]
[5360] [5361] [5362] [5363] [5364] <xymatrix 2x2 154> [5365] [5366] <xymatrix
3x2 138> [5367] [5368] <xymatrix 3x2 233> [5369] <xymatrix 2x2 96> <xymatrix
3x1 82> <xymatrix 3x2 210> [5370] [5371] [5372] <xymatrix 3x2 285> [5373]
[5374] <xymatrix 2x2 182> [5375] [5376] [5377] [5378] <xymatrix 4x4 288>
[5379] [5380] [5381] [5382] [5383] <xymatrix 2x2 182> [5384] [5385] [5386])
(fdl-zh.tex [5387]
Chapter 116
[5388

] [5389] [5390] [5391]) (index.tex [5392]
附录 A
[5393

] [5394] [5395] [5396] [5397] [5398] [5399] [5400] [5401] [5402] [5403]
[5404] [5405] [5406] [5407] [5408] [5409] [5410] [5411] [5412] [5413] [5414]
[5415] [5416] [5417] [5418] [5419] [5420] [5421] [5422] [5423] [5424] [5425]
[5426] [5427] [5428] [5429] [5430] [5431] [5432] [5433] [5434] [5435] [5436]
[5437] [5438] [5439] [5440] [5441] [5442] [5443] [5444] [5445] [5446] [5447]
[5448] [5449]) (fdl-body.tex [5450]
附录 B
[5451

] [5452] [5453] [5454] [5455]) [5456]
(C:\Users\<USER>\Documents\interlanguage\03_projects\language_management\cjk\03
_working_translations\stacks_cjk_20260821\canon\zh-hans-cn\build\stacks-zh-hans
-cn-partial.bbl
参考文献
[5457


] [5458] [5459] [5460] [5461] [5462] [5463]
Underfull \hbox (badness 1565) in paragraph at lines 1079--1082
[]\TU/LatinModernRoman(0)/m/n/9 Reinhardt Kiehl, \TU/LatinModernRoman(0)/m/it/9
 Ein “Descente”-Lemma und Grothendiecks Projektionssatz für nichtnoethersche
 []

[5464] [5465] [5466] [5467] [5468] [5469] [5470]) [5471]
(C:\Users\<USER>\Documents\interlanguage\03_projects\language_management\cjk\03
_working_translations\stacks_cjk_20260821\canon\zh-hans-cn\build\stacks-zh-hans
-cn-partial.aux)
 ***********
LaTeX2e <2025-11-01>
L3 programming layer <2026/08/07>
 ***********
Package rerunfilecheck Info: File `stacks-zh-hans-cn-partial.out' has not chang
ed.
(rerunfilecheck)             Checksum: B22DA6B3D0E7E363FADC4A5F20285D64;498767.

 ) 
Here is how much of TeX's memory you used:
 41751 strings out of 402807
 1375364 string characters out of 5444928
 2485522 words of memory out of 5000000
 69819 multiletter control sequences out of 15000+600000
 640456 words of font info for 194 fonts, out of 8000000 for 9000
 1509 hyphenation exceptions out of 8191
 78i,23n,96p,724b,1102s stack positions out of 10000i,1000n,20000p,200000b,200000s

Output written on C:\Users\<USER>\Documents\interlanguage\03_projects\language_
management\cjk\03_working_translations\stacks_cjk_20260821\canon\zh-hans-cn\bui
ld\stacks-zh-hans-cn-partial.pdf (5546 pages).
