\BOOKMARK [0][-]{chapter*.1}{\376\377\162\110\147\054\213\364\146\016}{}% 1
\BOOKMARK [0][-]{chapter*.1}{\376\377\162\110\147\054\213\364\146\016}{}% 2
\BOOKMARK [0][-]{chapter.1}{\376\377\000C\000h\000a\000p\000t\000e\000r\000\040\0001\000.\000\040\137\025\212\000}{}% 3
\BOOKMARK [1][-]{section.1.1}{\376\377\0001\000.\0001\000.\000\040\151\202\217\360}{chapter.1}% 4
\BOOKMARK [1][-]{section.1.2}{\376\377\0001\000.\0002\000.\000\040\215\041\163\056\213\364\146\016}{chapter.1}% 5
\BOOKMARK [0][-]{chapter.2}{\376\377\000C\000h\000a\000p\000t\000e\000r\000\040\0002\000.\000\040\176\246\133\232}{}% 6
\BOOKMARK [1][-]{section.2.1}{\376\377\0002\000.\0001\000.\000\040\213\364\146\016}{chapter.2}% 7
\BOOKMARK [1][-]{section.2.2}{\376\377\0002\000.\0002\000.\000\040\226\306\124\010\213\272}{chapter.2}% 8
\BOOKMARK [1][-]{section.2.3}{\376\377\0002\000.\0003\000.\000\040\203\003\165\164}{chapter.2}% 9
\BOOKMARK [1][-]{section.2.4}{\376\377\0002\000.\0004\000.\000\040\116\343\145\160}{chapter.2}% 10
\BOOKMARK [1][-]{section.2.5}{\376\377\0002\000.\0005\000.\000\040\213\260\123\367}{chapter.2}% 11
\BOOKMARK [0][-]{chapter.3}{\376\377\000C\000h\000a\000p\000t\000e\000r\000\040\0003\000.\000\040\226\306\124\010\213\272}{}% 12
\BOOKMARK [1][-]{section.3.1}{\376\377\0003\000.\0001\000.\000\040\137\025\212\000}{chapter.3}% 13
\BOOKMARK [1][-]{section.3.2}{\376\377\0003\000.\0002\000.\000\040\116\007\162\151\166\206\226\306\124\010}{chapter.3}% 14
\BOOKMARK [1][-]{section.3.3}{\376\377\0003\000.\0003\000.\000\040\174\173}{chapter.3}% 15
\BOOKMARK [1][-]{section.3.4}{\376\377\0003\000.\0004\000.\000\040\136\217\145\160}{chapter.3}% 16
\BOOKMARK [1][-]{section.3.5}{\376\377\0003\000.\0005\000.\000\040\226\306\124\010\166\204\134\102\176\247}{chapter.3}% 17
\BOOKMARK [1][-]{section.3.6}{\376\377\0003\000.\0006\000.\000\040\127\372\145\160}{chapter.3}% 18
\BOOKMARK [1][-]{section.3.7}{\376\377\0003\000.\0007\000.\000\040\121\161\134\076\140\047}{chapter.3}% 19
\BOOKMARK [1][-]{section.3.8}{\376\377\0003\000.\0008\000.\000\040\123\315\134\004\123\237\164\006}{chapter.3}% 20
\BOOKMARK [1][-]{section.3.9}{\376\377\0003\000.\0009\000.\000\040\147\204\220\040\151\202\137\142\166\204\203\003\165\164}{chapter.3}% 21
\BOOKMARK [1][-]{section.3.10}{\376\377\0003\000.\0001\0000\000.\000\040\136\046\177\244\117\134\165\050\166\204\226\306\124\010}{chapter.3}% 22
\BOOKMARK [1][-]{section.3.11}{\376\377\0003\000.\0001\0001\000.\000\040\117\115\160\271\166\204\211\206\166\326}{chapter.3}% 23
\BOOKMARK [1][-]{section.3.12}{\376\377\0003\000.\0001\0002\000.\000\040\226\077\215\035\134\024\203\003\165\164\116\016\121\205\134\004\133\371\214\141}{chapter.3}% 24
\BOOKMARK [0][-]{chapter.4}{\376\377\000C\000h\000a\000p\000t\000e\000r\000\040\0004\000.\000\040\203\003\165\164}{}% 25
\BOOKMARK [1][-]{section.4.1}{\376\377\0004\000.\0001\000.\000\040\137\025\212\000}{chapter.4}% 26
\BOOKMARK [1][-]{section.4.2}{\376\377\0004\000.\0002\000.\000\040\133\232\116\111}{chapter.4}% 27
\BOOKMARK [1][-]{section.4.3}{\376\377\0004\000.\0003\000.\000\040\133\371\120\166\203\003\165\164\116\016\000\040\000Y\000o\000n\000e\000d\000a\000\040\137\025\164\006}{chapter.4}% 28
\BOOKMARK [1][-]{section.4.4}{\376\377\0004\000.\0004\000.\000\040\133\371\214\141\133\371\166\204\116\130\171\357}{chapter.4}% 29
\BOOKMARK [1][-]{section.4.5}{\376\377\0004\000.\0005\000.\000\040\133\371\214\141\133\371\166\204\117\131\171\357}{chapter.4}% 30
\BOOKMARK [1][-]{section.4.6}{\376\377\0004\000.\0006\000.\000\040\176\244\176\364\171\357}{chapter.4}% 31
\BOOKMARK [1][-]{section.4.7}{\376\377\0004\000.\0007\000.\000\040\176\244\176\364\171\357\166\204\117\213}{chapter.4}% 32
\BOOKMARK [1][-]{section.4.8}{\376\377\0004\000.\0008\000.\000\040\176\244\176\364\171\357\116\016\123\357\210\150\140\047}{chapter.4}% 33
\BOOKMARK [1][-]{section.4.9}{\376\377\0004\000.\0009\000.\000\040\143\250\121\372}{chapter.4}% 34
\BOOKMARK [1][-]{section.4.10}{\376\377\0004\000.\0001\0000\000.\000\040\173\111\123\026\133\120}{chapter.4}% 35
\BOOKMARK [1][-]{section.4.11}{\376\377\0004\000.\0001\0001\000.\000\040\117\131\173\111\123\026\133\120}{chapter.4}% 36
\BOOKMARK [1][-]{section.4.12}{\376\377\0004\000.\0001\0002\000.\000\040\131\313\133\371\214\141\116\016\176\310\133\371\214\141}{chapter.4}% 37
\BOOKMARK [1][-]{section.4.13}{\376\377\0004\000.\0001\0003\000.\000\040\123\125\140\001\134\004\116\016\156\341\140\001\134\004}{chapter.4}% 38
\BOOKMARK [1][-]{section.4.14}{\376\377\0004\000.\0001\0004\000.\000\040\147\201\226\120\116\016\117\131\147\201\226\120}{chapter.4}% 39
\BOOKMARK [1][-]{section.4.15}{\376\377\0004\000.\0001\0005\000.\000\040\226\306\124\010\203\003\165\164\116\055\166\204\147\201\226\120\116\016\117\131\147\201\226\120}{chapter.4}% 40
\BOOKMARK [1][-]{section.4.16}{\376\377\0004\000.\0001\0006\000.\000\040\217\336\220\032\147\201\226\120}{chapter.4}% 41
\BOOKMARK [1][-]{section.4.17}{\376\377\0004\000.\0001\0007\000.\000\040\121\161\134\076\203\003\165\164\116\016\131\313\203\003\165\164}{chapter.4}% 42
\BOOKMARK [1][-]{section.4.18}{\376\377\0004\000.\0001\0008\000.\000\040\147\011\226\120\147\201\226\120\116\016\117\131\147\201\226\120}{chapter.4}% 43
\BOOKMARK [1][-]{section.4.19}{\376\377\0004\000.\0001\0009\000.\000\040\156\344\217\307\117\131\147\201\226\120}{chapter.4}% 44
\BOOKMARK [1][-]{section.4.20}{\376\377\0004\000.\0002\0000\000.\000\040\117\131\156\344\217\307\147\201\226\120}{chapter.4}% 45
\BOOKMARK [1][-]{section.4.21}{\376\377\0004\000.\0002\0001\000.\000\040\230\204\136\217\226\306\116\012\166\204\147\201\226\120\116\016\117\131\147\201\226\120}{chapter.4}% 46
\BOOKMARK [1][-]{section.4.22}{\376\377\0004\000.\0002\0002\000.\000\040\147\054\215\050\136\070\120\074\174\373}{chapter.4}% 47
\BOOKMARK [1][-]{section.4.23}{\376\377\0004\000.\0002\0003\000.\000\040\153\143\124\010\121\375\133\120}{chapter.4}% 48
\BOOKMARK [1][-]{section.4.24}{\376\377\0004\000.\0002\0004\000.\000\040\117\064\226\217\121\375\133\120}{chapter.4}% 49
\BOOKMARK [1][-]{section.4.25}{\376\377\0004\000.\0002\0005\000.\000\040\116\000\116\052\123\357\210\150\140\047\122\044\143\156}{chapter.4}% 50
\BOOKMARK [1][-]{section.4.26}{\376\377\0004\000.\0002\0006\000.\000\040\203\003\165\164\175\047\201\364\133\371\214\141}{chapter.4}% 51
\BOOKMARK [1][-]{section.4.27}{\376\377\0004\000.\0002\0007\000.\000\040\203\003\165\164\116\055\166\204\134\100\220\350\123\026}{chapter.4}% 52
\BOOKMARK [1][-]{section.4.28}{\376\377\0004\000.\0002\0008\000.\000\040\137\142\137\017\140\047\215\050}{chapter.4}% 53
\BOOKMARK [1][-]{section.4.29}{\376\377\0004\000.\0002\0009\000.\000\040\0002\000-\203\003\165\164}{chapter.4}% 54
\BOOKMARK [1][-]{section.4.30}{\376\377\0004\000.\0003\0000\000.\000\040\000\050\0002\000,\000\040\0001\000\051\000-\203\003\165\164}{chapter.4}% 55
\BOOKMARK [1][-]{section.4.31}{\376\377\0004\000.\0003\0001\000.\000\040\0002\000-\176\244\176\364\171\357}{chapter.4}% 56
\BOOKMARK [1][-]{section.4.32}{\376\377\0004\000.\0003\0002\000.\000\040\203\003\165\164\116\012\166\204\203\003\165\164}{chapter.4}% 57
\BOOKMARK [1][-]{section.4.33}{\376\377\0004\000.\0003\0003\000.\000\040\176\244\176\364\123\026\203\003\165\164}{chapter.4}% 58
\BOOKMARK [1][-]{section.4.34}{\376\377\0004\000.\0003\0004\000.\000\040\140\357\140\047}{chapter.4}% 59
\BOOKMARK [1][-]{section.4.35}{\376\377\0004\000.\0003\0005\000.\000\040\177\244\200\332\176\244\176\364\123\026\203\003\165\164}{chapter.4}% 60
\BOOKMARK [1][-]{section.4.36}{\376\377\0004\000.\0003\0006\000.\000\040\203\003\165\164\230\204\134\102}{chapter.4}% 61
\BOOKMARK [1][-]{section.4.37}{\376\377\0004\000.\0003\0007\000.\000\040\177\244\200\332\230\204\134\102}{chapter.4}% 62
\BOOKMARK [1][-]{section.4.38}{\376\377\0004\000.\0003\0008\000.\000\040\226\306\124\010\176\244\176\364\123\026\203\003\165\164}{chapter.4}% 63
\BOOKMARK [1][-]{section.4.39}{\376\377\0004\000.\0003\0009\000.\000\040\226\306\124\010\200\332\176\244\176\364\123\026\203\003\165\164}{chapter.4}% 64
\BOOKMARK [1][-]{section.4.40}{\376\377\0004\000.\0004\0000\000.\000\040\123\357\210\150\177\244\200\332\176\244\176\364\123\026\203\003\165\164}{chapter.4}% 65
\BOOKMARK [1][-]{section.4.41}{\376\377\0004\000.\0004\0001\000.\000\040\0002\000-\174\163\165\060\137\025\164\006}{chapter.4}% 66
\BOOKMARK [1][-]{section.4.42}{\376\377\0004\000.\0004\0002\000.\000\040\123\357\210\150\000\040\0001\000-\140\001\134\004}{chapter.4}% 67
\BOOKMARK [1][-]{section.4.43}{\376\377\0004\000.\0004\0003\000.\000\040\136\172\123\112\203\003\165\164}{chapter.4}% 68
\BOOKMARK [1][-]{section.4.44}{\376\377\0004\000.\0004\0004\000.\000\040\160\271\176\277\173\255\131\064\203\003\165\164}{chapter.4}% 69
\BOOKMARK [0][-]{chapter.5}{\376\377\000C\000h\000a\000p\000t\000e\000r\000\040\0005\000.\000\040\142\323\142\121}{}% 70
\BOOKMARK [1][-]{section.5.1}{\376\377\0005\000.\0001\000.\000\040\137\025\212\000}{chapter.5}% 71
\BOOKMARK [1][-]{section.5.2}{\376\377\0005\000.\0002\000.\000\040\127\372\147\054\151\202\137\365}{chapter.5}% 72
\BOOKMARK [1][-]{section.5.3}{\376\377\0005\000.\0003\000.\000\040\000H\000a\000u\000s\000d\000o\000r\000f\000f\000\040\172\172\225\364}{chapter.5}% 73
\BOOKMARK [1][-]{section.5.4}{\376\377\0005\000.\0004\000.\000\040\122\006\171\273\146\040\134\004}{chapter.5}% 74
\BOOKMARK [1][-]{section.5.5}{\376\377\0005\000.\0005\000.\000\040\127\372}{chapter.5}% 75
\BOOKMARK [1][-]{section.5.6}{\376\377\0005\000.\0006\000.\000\040\155\170\154\241\146\040\134\004}{chapter.5}% 76
\BOOKMARK [1][-]{section.5.7}{\376\377\0005\000.\0007\000.\000\040\217\336\220\032\122\006\145\057}{chapter.5}% 77
\BOOKMARK [1][-]{section.5.8}{\376\377\0005\000.\0008\000.\000\040\116\015\123\357\176\246\122\006\145\057}{chapter.5}% 78
\BOOKMARK [1][-]{section.5.9}{\376\377\0005\000.\0009\000.\000\040\000N\000o\000e\000t\000h\000e\000r\000\040\142\323\142\121\172\172\225\364}{chapter.5}% 79
\BOOKMARK [1][-]{section.5.10}{\376\377\0005\000.\0001\0000\000.\000\040\000K\000r\000u\000l\000l\000\040\176\364\145\160}{chapter.5}% 80
\BOOKMARK [1][-]{section.5.11}{\376\377\0005\000.\0001\0001\000.\000\040\117\131\176\364\145\160\116\016\224\376\162\266\172\172\225\364}{chapter.5}% 81
\BOOKMARK [1][-]{section.5.12}{\376\377\0005\000.\0001\0002\000.\000\040\142\337\175\047\172\172\225\364\116\016\142\337\175\047\146\040\134\004}{chapter.5}% 82
\BOOKMARK [1][-]{section.5.13}{\376\377\0005\000.\0001\0003\000.\000\040\134\100\220\350\142\337\175\047\172\172\225\364}{chapter.5}% 83
\BOOKMARK [1][-]{section.5.14}{\376\377\0005\000.\0001\0004\000.\000\040\172\172\225\364\166\204\147\201\226\120}{chapter.5}% 84
\BOOKMARK [1][-]{section.5.15}{\376\377\0005\000.\0001\0005\000.\000\040\123\357\147\204\220\040\226\306}{chapter.5}% 85
\BOOKMARK [1][-]{section.5.16}{\376\377\0005\000.\0001\0006\000.\000\040\123\357\147\204\220\040\226\306\116\016\000\040\000N\000o\000e\000t\000h\000e\000r\000\040\172\172\225\364}{chapter.5}% 86
\BOOKMARK [1][-]{section.5.17}{\376\377\0005\000.\0001\0007\000.\000\040\126\372\147\011\146\040\134\004\166\204\122\073\165\073}{chapter.5}% 87
\BOOKMARK [1][-]{section.5.18}{\376\377\0005\000.\0001\0008\000.\000\040\000J\000a\000c\000o\000b\000s\000o\000n\000\040\172\172\225\364}{chapter.5}% 88
\BOOKMARK [1][-]{section.5.19}{\376\377\0005\000.\0001\0009\000.\000\040\162\171\123\026}{chapter.5}% 89
\BOOKMARK [1][-]{section.5.20}{\376\377\0005\000.\0002\0000\000.\000\040\176\364\145\160\121\375\145\160}{chapter.5}% 90
\BOOKMARK [1][-]{section.5.21}{\376\377\0005\000.\0002\0001\000.\000\040\145\340\131\004\172\040\133\306\226\306}{chapter.5}% 91
\BOOKMARK [1][-]{section.5.22}{\376\377\0005\000.\0002\0002\000.\000\040\116\377\147\011\226\120\172\172\225\364}{chapter.5}% 92
\BOOKMARK [1][-]{section.5.23}{\376\377\0005\000.\0002\0003\000.\000\040\214\061\172\172\225\364}{chapter.5}% 93
\BOOKMARK [1][-]{section.5.24}{\376\377\0005\000.\0002\0004\000.\000\040\214\061\172\172\225\364\166\204\147\201\226\120}{chapter.5}% 94
\BOOKMARK [1][-]{section.5.25}{\376\377\0005\000.\0002\0005\000.\000\040\000S\000t\000o\000n\000e\000-\001\014\000e\000c\000h\000\040\175\047\123\026}{chapter.5}% 95
\BOOKMARK [1][-]{section.5.26}{\376\377\0005\000.\0002\0006\000.\000\040\147\201\172\357\116\015\217\336\220\032\172\172\225\364}{chapter.5}% 96
\BOOKMARK [1][-]{section.5.27}{\376\377\0005\000.\0002\0007\000.\000\040\147\102\230\171}{chapter.5}% 97
\BOOKMARK [1][-]{section.5.28}{\376\377\0005\000.\0002\0008\000.\000\040\122\006\122\022\116\016\122\006\134\102}{chapter.5}% 98
\BOOKMARK [1][-]{section.5.29}{\376\377\0005\000.\0002\0009\000.\000\040\172\172\225\364\166\204\117\131\147\201\226\120}{chapter.5}% 99
\BOOKMARK [1][-]{section.5.30}{\376\377\0005\000.\0003\0000\000.\000\040\142\323\142\121\177\244\060\001\163\257\116\016\152\041}{chapter.5}% 100
\BOOKMARK [0][-]{chapter.6}{\376\377\000C\000h\000a\000p\000t\000e\000r\000\040\0006\000.\000\040\172\172\225\364\116\012\166\204\134\102}{}% 101
\BOOKMARK [1][-]{section.6.1}{\376\377\0006\000.\0001\000.\000\040\137\025\212\000}{chapter.6}% 102
\BOOKMARK [1][-]{section.6.2}{\376\377\0006\000.\0002\000.\000\040\127\372\147\054\151\202\137\365}{chapter.6}% 103
\BOOKMARK [1][-]{section.6.3}{\376\377\0006\000.\0003\000.\000\040\230\204\134\102}{chapter.6}% 104
\BOOKMARK [1][-]{section.6.4}{\376\377\0006\000.\0004\000.\000\040\226\077\215\035\134\024\230\204\134\102}{chapter.6}% 105
\BOOKMARK [1][-]{section.6.5}{\376\377\0006\000.\0005\000.\000\040\116\343\145\160\176\323\147\204\230\204\134\102}{chapter.6}% 106
\BOOKMARK [1][-]{section.6.6}{\376\377\0006\000.\0006\000.\000\040\152\041\230\204\134\102}{chapter.6}% 107
\BOOKMARK [1][-]{section.6.7}{\376\377\0006\000.\0007\000.\000\040\134\102}{chapter.6}% 108
\BOOKMARK [1][-]{section.6.8}{\376\377\0006\000.\0008\000.\000\040\226\077\215\035\134\024\134\102}{chapter.6}% 109
\BOOKMARK [1][-]{section.6.9}{\376\377\0006\000.\0009\000.\000\040\116\343\145\160\176\323\147\204\134\102}{chapter.6}% 110
\BOOKMARK [1][-]{section.6.10}{\376\377\0006\000.\0001\0000\000.\000\040\152\041\134\102}{chapter.6}% 111
\BOOKMARK [1][-]{section.6.11}{\376\377\0006\000.\0001\0001\000.\000\040\203\016}{chapter.6}% 112
\BOOKMARK [1][-]{section.6.12}{\376\377\0006\000.\0001\0002\000.\000\040\226\077\215\035\134\024\230\204\134\102\166\204\203\016}{chapter.6}% 113
\BOOKMARK [1][-]{section.6.13}{\376\377\0006\000.\0001\0003\000.\000\040\116\343\145\160\176\323\147\204\230\204\134\102\166\204\203\016}{chapter.6}% 114
\BOOKMARK [1][-]{section.6.14}{\376\377\0006\000.\0001\0004\000.\000\040\152\041\230\204\134\102\166\204\203\016}{chapter.6}% 115
\BOOKMARK [1][-]{section.6.15}{\376\377\0006\000.\0001\0005\000.\000\040\116\343\145\160\176\323\147\204}{chapter.6}% 116
\BOOKMARK [1][-]{section.6.16}{\376\377\0006\000.\0001\0006\000.\000\040\153\143\124\010\140\047\116\016\160\271}{chapter.6}% 117
\BOOKMARK [1][-]{section.6.17}{\376\377\0006\000.\0001\0007\000.\000\040\134\102\123\026}{chapter.6}% 118
\BOOKMARK [1][-]{section.6.18}{\376\377\0006\000.\0001\0008\000.\000\040\226\077\215\035\134\024\230\204\134\102\166\204\134\102\123\026}{chapter.6}% 119
\BOOKMARK [1][-]{section.6.19}{\376\377\0006\000.\0001\0009\000.\000\040\116\343\145\160\176\323\147\204\230\204\134\102\166\204\134\102\123\026}{chapter.6}% 120
\BOOKMARK [1][-]{section.6.20}{\376\377\0006\000.\0002\0000\000.\000\040\152\041\230\204\134\102\166\204\134\102\123\026}{chapter.6}% 121
\BOOKMARK [1][-]{section.6.21}{\376\377\0006\000.\0002\0001\000.\000\040\217\336\176\355\146\040\134\004\116\016\134\102}{chapter.6}% 122
\BOOKMARK [1][-]{section.6.22}{\376\377\0006\000.\0002\0002\000.\000\040\217\336\176\355\146\040\134\004\116\016\226\077\215\035\134\024\134\102}{chapter.6}% 123
\BOOKMARK [1][-]{section.6.23}{\376\377\0006\000.\0002\0003\000.\000\040\217\336\176\355\146\040\134\004\116\016\116\343\145\160\176\323\147\204\134\102}{chapter.6}% 124
\BOOKMARK [1][-]{section.6.24}{\376\377\0006\000.\0002\0004\000.\000\040\217\336\176\355\146\040\134\004\116\016\152\041\134\102}{chapter.6}% 125
\BOOKMARK [1][-]{section.6.25}{\376\377\0006\000.\0002\0005\000.\000\040\215\113\163\257\172\172\225\364}{chapter.6}% 126
\BOOKMARK [1][-]{section.6.26}{\376\377\0006\000.\0002\0006\000.\000\040\215\113\163\257\172\172\225\364\140\001\134\004\116\016\152\041}{chapter.6}% 127
\BOOKMARK [1][-]{section.6.27}{\376\377\0006\000.\0002\0007\000.\000\040\144\151\131\051\151\174\134\102\116\016\203\016}{chapter.6}% 128
\BOOKMARK [1][-]{section.6.28}{\376\377\0006\000.\0002\0008\000.\000\040\230\204\134\102\166\204\147\201\226\120\116\016\117\131\147\201\226\120}{chapter.6}% 129
\BOOKMARK [1][-]{section.6.29}{\376\377\0006\000.\0002\0009\000.\000\040\134\102\166\204\147\201\226\120\116\016\117\131\147\201\226\120}{chapter.6}% 130
\BOOKMARK [1][-]{section.6.30}{\376\377\0006\000.\0003\0000\000.\000\040\127\372\116\016\134\102}{chapter.6}% 131
\BOOKMARK [1][-]{section.6.31}{\376\377\0006\000.\0003\0001\000.\000\040\137\000\155\170\121\145\116\016\377\010\230\204\377\011\134\102}{chapter.6}% 132
\BOOKMARK [1][-]{section.6.32}{\376\377\0006\000.\0003\0002\000.\000\040\225\355\155\170\121\145\116\016\377\010\230\204\377\011\134\102}{chapter.6}% 133
\BOOKMARK [1][-]{section.6.33}{\376\377\0006\000.\0003\0003\000.\000\040\134\102\166\204\174\230\124\010}{chapter.6}% 134
\BOOKMARK [0][-]{chapter.7}{\376\377\000C\000h\000a\000p\000t\000e\000r\000\040\0007\000.\000\040\117\115\160\271\116\016\134\102}{}% 135
\BOOKMARK [1][-]{section.7.1}{\376\377\0007\000.\0001\000.\000\040\137\025\212\000}{chapter.7}% 136
\BOOKMARK [1][-]{section.7.2}{\376\377\0007\000.\0002\000.\000\040\230\204\134\102}{chapter.7}% 137
\BOOKMARK [1][-]{section.7.3}{\376\377\0007\000.\0003\000.\000\040\230\204\134\102\166\204\123\125\134\004\116\016\156\341\134\004}{chapter.7}% 138
\BOOKMARK [1][-]{section.7.4}{\376\377\0007\000.\0004\000.\000\040\230\204\134\102\166\204\147\201\226\120\116\016\117\131\147\201\226\120}{chapter.7}% 139
\BOOKMARK [1][-]{section.7.5}{\376\377\0007\000.\0005\000.\000\040\230\204\134\102\203\003\165\164\166\204\121\375\133\120\140\047}{chapter.7}% 140
\BOOKMARK [1][-]{section.7.6}{\376\377\0007\000.\0006\000.\000\040\117\115\160\271}{chapter.7}% 141
\BOOKMARK [1][-]{section.7.7}{\376\377\0007\000.\0007\000.\000\040\134\102}{chapter.7}% 142
\BOOKMARK [1][-]{section.7.8}{\376\377\0007\000.\0008\000.\000\040\121\167\147\011\126\372\133\232\227\166\166\204\140\001\134\004\145\317}{chapter.7}% 143
\BOOKMARK [1][-]{section.7.9}{\376\377\0007\000.\0009\000.\000\040\000G\000-\226\306\124\010\166\204\117\213\133\120}{chapter.7}% 144
\BOOKMARK [1][-]{section.7.10}{\376\377\0007\000.\0001\0000\000.\000\040\134\102\123\026}{chapter.7}% 145
\BOOKMARK [1][-]{section.7.11}{\376\377\0007\000.\0001\0001\000.\000\040\134\102\166\204\123\125\134\004\116\016\156\341\134\004}{chapter.7}% 146
\BOOKMARK [1][-]{section.7.12}{\376\377\0007\000.\0001\0002\000.\000\040\123\357\210\150\134\102}{chapter.7}% 147
\BOOKMARK [1][-]{section.7.13}{\376\377\0007\000.\0001\0003\000.\000\040\217\336\176\355\121\375\133\120}{chapter.7}% 148
\BOOKMARK [1][-]{section.7.14}{\376\377\0007\000.\0001\0004\000.\000\040\117\115\160\271\140\001\134\004}{chapter.7}% 149
\BOOKMARK [1][-]{section.7.15}{\376\377\0007\000.\0001\0005\000.\000\040\142\130\142\121\145\257}{chapter.7}% 150
\BOOKMARK [1][-]{section.7.16}{\376\377\0007\000.\0001\0006\000.\000\040\000G\000-\226\306\124\010\116\016\140\001\134\004}{chapter.7}% 151
\BOOKMARK [1][-]{section.7.17}{\376\377\0007\000.\0001\0007\000.\000\040\142\337\175\047\133\371\214\141\116\016\117\131\147\201\226\120}{chapter.7}% 152
\BOOKMARK [1][-]{section.7.18}{\376\377\0007\000.\0001\0008\000.\000\040\117\115\160\271\166\204\117\131\147\201\226\120}{chapter.7}% 153
\BOOKMARK [1][-]{section.7.19}{\376\377\0007\000.\0001\0009\000.\000\040\230\204\134\102\166\204\217\333\116\000\153\145\121\375\133\120\140\047}{chapter.7}% 154
\BOOKMARK [1][-]{section.7.20}{\376\377\0007\000.\0002\0000\000.\000\040\117\131\217\336\176\355\121\375\133\120}{chapter.7}% 155
\BOOKMARK [1][-]{section.7.21}{\376\377\0007\000.\0002\0001\000.\000\040\117\131\217\336\176\355\121\375\133\120\116\016\142\130\142\121\145\257\140\001\134\004}{chapter.7}% 156
\BOOKMARK [1][-]{section.7.22}{\376\377\0007\000.\0002\0002\000.\000\040\121\167\147\011\123\363\117\064\226\217\166\204\117\131\217\336\176\355\121\375\133\120}{chapter.7}% 157
\BOOKMARK [1][-]{section.7.23}{\376\377\0007\000.\0002\0003\000.\000\040\121\167\147\011\135\346\117\064\226\217\166\204\117\131\217\336\176\355\121\375\133\120}{chapter.7}% 158
\BOOKMARK [1][-]{section.7.24}{\376\377\0007\000.\0002\0004\000.\000\040\116\013\140\312\123\371\123\367\166\204\133\130\127\050\140\047}{chapter.7}% 159
\BOOKMARK [1][-]{section.7.25}{\376\377\0007\000.\0002\0005\000.\000\040\134\100\220\350\123\026}{chapter.7}% 160
\BOOKMARK [1][-]{section.7.26}{\376\377\0007\000.\0002\0006\000.\000\040\134\102\166\204\174\230\124\010}{chapter.7}% 161
\BOOKMARK [1][-]{section.7.27}{\376\377\0007\000.\0002\0007\000.\000\040\217\333\116\000\153\145\166\204\134\100\220\350\123\026}{chapter.7}% 162
\BOOKMARK [1][-]{section.7.28}{\376\377\0007\000.\0002\0008\000.\000\040\134\100\220\350\123\026\116\016\140\001\134\004}{chapter.7}% 163
\BOOKMARK [1][-]{section.7.29}{\376\377\0007\000.\0002\0009\000.\000\040\142\323\142\121\145\257\166\204\140\001\134\004}{chapter.7}% 164
\BOOKMARK [1][-]{section.7.30}{\376\377\0007\000.\0003\0000\000.\000\040\142\323\142\121\145\257\166\204\134\100\220\350\123\026}{chapter.7}% 165
\BOOKMARK [1][-]{section.7.31}{\376\377\0007\000.\0003\0001\000.\000\040\134\100\220\350\123\026\116\016\142\323\142\121\145\257\140\001\134\004}{chapter.7}% 166
\BOOKMARK [1][-]{section.7.32}{\376\377\0007\000.\0003\0002\000.\000\040\160\271}{chapter.7}% 167
\BOOKMARK [1][-]{section.7.33}{\376\377\0007\000.\0003\0003\000.\000\040\147\204\220\040\160\271}{chapter.7}% 168
\BOOKMARK [1][-]{section.7.34}{\376\377\0007\000.\0003\0004\000.\000\040\160\271\116\016\142\323\142\121\145\257\140\001\134\004}{chapter.7}% 169
\BOOKMARK [1][-]{section.7.35}{\376\377\0007\000.\0003\0005\000.\000\040\134\100\220\350\123\026\116\016\160\271}{chapter.7}% 170
\BOOKMARK [1][-]{section.7.36}{\376\377\0007\000.\0003\0006\000.\000\040\142\323\142\121\145\257\166\204\000\040\0002\000-\140\001\134\004}{chapter.7}% 171
\BOOKMARK [1][-]{section.7.37}{\376\377\0007\000.\0003\0007\000.\000\040\160\271\116\113\225\364\166\204\140\001\134\004}{chapter.7}% 172
\BOOKMARK [1][-]{section.7.38}{\376\377\0007\000.\0003\0008\000.\000\040\147\011\215\263\131\037\131\032\160\271\166\204\117\115\160\271}{chapter.7}% 173
\BOOKMARK [1][-]{section.7.39}{\376\377\0007\000.\0003\0009\000.\000\040\160\271\166\204\133\130\127\050\140\047\122\044\143\156}{chapter.7}% 174
\BOOKMARK [1][-]{section.7.40}{\376\377\0007\000.\0004\0000\000.\000\040\137\061\123\357\177\051\133\371\214\141}{chapter.7}% 175
\BOOKMARK [1][-]{section.7.41}{\376\377\0007\000.\0004\0001\000.\000\040\153\143\120\317\166\204\153\143\124\010\140\047}{chapter.7}% 176
\BOOKMARK [1][-]{section.7.42}{\376\377\0007\000.\0004\0002\000.\000\040\121\340\116\116\117\131\217\336\176\355\166\204\121\375\133\120}{chapter.7}% 177
\BOOKMARK [1][-]{section.7.43}{\376\377\0007\000.\0004\0003\000.\000\040\133\120\142\323\142\121\145\257}{chapter.7}% 178
\BOOKMARK [1][-]{section.7.44}{\376\377\0007\000.\0004\0004\000.\000\040\116\343\145\160\176\323\147\204\134\102}{chapter.7}% 179
\BOOKMARK [1][-]{section.7.45}{\376\377\0007\000.\0004\0005\000.\000\040\142\311\126\336\146\040\134\004}{chapter.7}% 180
\BOOKMARK [1][-]{section.7.46}{\376\377\0007\000.\0004\0006\000.\000\040\116\016\000\040\000S\000G\000A\0004\000\040\166\204\153\324\217\203}{chapter.7}% 181
\BOOKMARK [1][-]{section.7.47}{\376\377\0007\000.\0004\0007\000.\000\040\142\323\142\121}{chapter.7}% 182
\BOOKMARK [1][-]{section.7.48}{\376\377\0007\000.\0004\0008\000.\000\040\117\115\160\271\133\232\116\111\166\204\142\323\142\121}{chapter.7}% 183
\BOOKMARK [1][-]{section.7.49}{\376\377\0007\000.\0004\0009\000.\000\040\142\323\142\121\116\055\166\204\134\102\123\026}{chapter.7}% 184
\BOOKMARK [1][-]{section.7.50}{\376\377\0007\000.\0005\0000\000.\000\040\142\323\142\121\116\016\134\102}{chapter.7}% 185
\BOOKMARK [1][-]{section.7.51}{\376\377\0007\000.\0005\0001\000.\000\040\142\323\142\121\116\016\217\336\176\355\121\375\133\120}{chapter.7}% 186
\BOOKMARK [1][-]{section.7.52}{\376\377\0007\000.\0005\0002\000.\000\040\160\271\116\016\142\323\142\121}{chapter.7}% 187
\BOOKMARK [0][-]{chapter.8}{\376\377\000C\000h\000a\000p\000t\000e\000r\000\040\0008\000.\000\040\150\010}{}% 188
\BOOKMARK [1][-]{section.8.1}{\376\377\0008\000.\0001\000.\000\040\137\025\212\000}{chapter.8}% 189
\BOOKMARK [1][-]{section.8.2}{\376\377\0008\000.\0002\000.\000\040\116\016\176\244\176\364\123\026\203\003\165\164\166\370\121\163\166\204\140\001\134\004\230\204\134\102}{chapter.8}% 190
\BOOKMARK [1][-]{section.8.3}{\376\377\0008\000.\0003\000.\000\040\176\244\176\364\123\026\203\003\165\164\116\055\166\204\116\013\226\115\145\160\143\156}{chapter.8}% 191
\BOOKMARK [1][-]{section.8.4}{\376\377\0008\000.\0004\000.\000\040\150\010}{chapter.8}% 192
\BOOKMARK [1][-]{section.8.5}{\376\377\0008\000.\0005\000.\000\040\177\244\200\332\116\055\166\204\150\010}{chapter.8}% 193
\BOOKMARK [1][-]{section.8.6}{\376\377\0008\000.\0006\000.\000\040\174\173\226\306\124\010\116\055\166\204\150\010}{chapter.8}% 194
\BOOKMARK [1][-]{section.8.7}{\376\377\0008\000.\0007\000.\000\040\140\357\140\047\150\010}{chapter.8}% 195
\BOOKMARK [1][-]{section.8.8}{\376\377\0008\000.\0008\000.\000\040\176\244\176\364\123\026\203\003\165\164\166\204\150\010\123\026}{chapter.8}% 196
\BOOKMARK [1][-]{section.8.9}{\376\377\0008\000.\0009\000.\000\040\176\244\176\364\123\026\116\216\177\244\200\332\166\204\203\003\165\164\166\204\150\010\123\026}{chapter.8}% 197
\BOOKMARK [1][-]{section.8.10}{\376\377\0008\000.\0001\0000\000.\000\040\176\347\142\177\142\323\142\121}{chapter.8}% 198
\BOOKMARK [1][-]{section.8.11}{\376\377\0008\000.\0001\0001\000.\000\040\000G\000e\000r\000b\000e\377\010\200\332\377\011}{chapter.8}% 199
\BOOKMARK [1][-]{section.8.12}{\376\377\0008\000.\0001\0002\000.\000\040\150\010\166\204\121\375\133\120\140\047}{chapter.8}% 200
\BOOKMARK [1][-]{section.8.13}{\376\377\0008\000.\0001\0003\000.\000\040\150\010\116\016\134\100\220\350\123\026}{chapter.8}% 201
\BOOKMARK [0][-]{chapter.9}{\376\377\000C\000h\000a\000p\000t\000e\000r\000\040\0009\000.\000\040\127\337}{}% 202
\BOOKMARK [1][-]{section.9.1}{\376\377\0009\000.\0001\000.\000\040\137\025\212\000}{chapter.9}% 203
\BOOKMARK [1][-]{section.9.2}{\376\377\0009\000.\0002\000.\000\040\127\372\147\054\133\232\116\111}{chapter.9}% 204
\BOOKMARK [1][-]{section.9.3}{\376\377\0009\000.\0003\000.\000\040\127\337\166\204\117\213}{chapter.9}% 205
\BOOKMARK [1][-]{section.9.4}{\376\377\0009\000.\0004\000.\000\040\124\021\221\317\172\172\225\364}{chapter.9}% 206
\BOOKMARK [1][-]{section.9.5}{\376\377\0009\000.\0005\000.\000\040\127\337\166\204\162\171\137\201}{chapter.9}% 207
\BOOKMARK [1][-]{section.9.6}{\376\377\0009\000.\0006\000.\000\040\127\337\142\151\137\040}{chapter.9}% 208
\BOOKMARK [1][-]{section.9.7}{\376\377\0009\000.\0007\000.\000\040\147\011\226\120\142\151\137\040}{chapter.9}% 209
\BOOKMARK [1][-]{section.9.8}{\376\377\0009\000.\0008\000.\000\040\116\343\145\160\142\151\137\040}{chapter.9}% 210
\BOOKMARK [1][-]{section.9.9}{\376\377\0009\000.\0009\000.\000\040\147\000\134\017\131\032\230\171\137\017}{chapter.9}% 211
\BOOKMARK [1][-]{section.9.10}{\376\377\0009\000.\0001\0000\000.\000\040\116\343\145\160\225\355\123\005}{chapter.9}% 212
\BOOKMARK [1][-]{section.9.11}{\376\377\0009\000.\0001\0001\000.\000\040\116\222\175\040\131\032\230\171\137\017}{chapter.9}% 213
\BOOKMARK [1][-]{section.9.12}{\376\377\0009\000.\0001\0002\000.\000\040\123\357\122\006\116\343\145\160\142\151\137\040}{chapter.9}% 214
\BOOKMARK [1][-]{section.9.13}{\376\377\0009\000.\0001\0003\000.\000\040\162\171\137\201\150\007\166\204\176\277\140\047\145\340\121\163\140\047}{chapter.9}% 215
\BOOKMARK [1][-]{section.9.14}{\376\377\0009\000.\0001\0004\000.\000\040\176\257\116\015\123\357\122\006\142\151\137\040}{chapter.9}% 216
\BOOKMARK [1][-]{section.9.15}{\376\377\0009\000.\0001\0005\000.\000\040\153\143\211\304\142\151\137\040}{chapter.9}% 217
\BOOKMARK [1][-]{section.9.16}{\376\377\0009\000.\0001\0006\000.\000\040\122\006\210\302\127\337}{chapter.9}% 218
\BOOKMARK [1][-]{section.9.17}{\376\377\0009\000.\0001\0007\000.\000\040\123\125\117\115\150\071}{chapter.9}% 219
\BOOKMARK [1][-]{section.9.18}{\376\377\0009\000.\0001\0008\000.\000\040\147\011\226\120\127\337}{chapter.9}% 220
\BOOKMARK [1][-]{section.9.19}{\376\377\0009\000.\0001\0009\000.\000\040\147\054\123\237\121\103}{chapter.9}% 221
\BOOKMARK [1][-]{section.9.20}{\376\377\0009\000.\0002\0000\000.\000\040\217\371\116\016\203\003\145\160}{chapter.9}% 222
\BOOKMARK [1][-]{section.9.21}{\376\377\0009\000.\0002\0001\000.\000\040\000G\000a\000l\000o\000i\000s\000\040\164\006\213\272}{chapter.9}% 223
\BOOKMARK [1][-]{section.9.22}{\376\377\0009\000.\0002\0002\000.\000\040\145\340\226\120\000\040\000G\000a\000l\000o\000i\000s\000\040\164\006\213\272}{chapter.9}% 224
\BOOKMARK [1][-]{section.9.23}{\376\377\0009\000.\0002\0003\000.\000\040\131\015\145\160}{chapter.9}% 225
\BOOKMARK [1][-]{section.9.24}{\376\377\0009\000.\0002\0004\000.\000\040\000K\000u\000m\000m\000e\000r\000\040\142\151\137\040}{chapter.9}% 226
\BOOKMARK [1][-]{section.9.25}{\376\377\0009\000.\0002\0005\000.\000\040\000A\000r\000t\000i\000n\040\023\000S\000c\000h\000r\000e\000i\000e\000r\000\040\142\151\137\040}{chapter.9}% 227
\BOOKMARK [1][-]{section.9.26}{\376\377\0009\000.\0002\0006\000.\000\040\215\205\215\212\140\047}{chapter.9}% 228
\BOOKMARK [1][-]{section.9.27}{\376\377\0009\000.\0002\0007\000.\000\040\176\277\140\047\145\340\116\244\142\151\137\040}{chapter.9}% 229
\BOOKMARK [1][-]{section.9.28}{\376\377\0009\000.\0002\0008\000.\000\040\126\336\230\176}{chapter.9}% 230
\BOOKMARK [0][-]{chapter.10}{\376\377\000C\000h\000a\000p\000t\000e\000r\000\040\0001\0000\000.\000\040\116\244\143\142\116\343\145\160}{}% 231
\BOOKMARK [1][-]{section.10.1}{\376\377\0001\0000\000.\0001\000.\000\040\137\025\212\000}{chapter.10}% 232
\BOOKMARK [1][-]{section.10.2}{\376\377\0001\0000\000.\0002\000.\000\040\176\246\133\232}{chapter.10}% 233
\BOOKMARK [1][-]{section.10.3}{\376\377\0001\0000\000.\0003\000.\000\040\127\372\147\054\151\202\137\365}{chapter.10}% 234
\BOOKMARK [1][-]{section.10.4}{\376\377\0001\0000\000.\0004\000.\000\040\206\307\137\142\137\025\164\006}{chapter.10}% 235
\BOOKMARK [1][-]{section.10.5}{\376\377\0001\0000\000.\0005\000.\000\040\147\011\226\120\152\041\116\016\147\011\226\120\210\150\171\072\152\041}{chapter.10}% 236
\BOOKMARK [1][-]{section.10.6}{\376\377\0001\0000\000.\0006\000.\000\040\147\011\226\120\127\213\116\016\147\011\226\120\210\150\171\072\166\204\163\257\124\014\140\001}{chapter.10}% 237
\BOOKMARK [1][-]{section.10.7}{\376\377\0001\0000\000.\0007\000.\000\040\147\011\226\120\163\257\124\014\140\001}{chapter.10}% 238
\BOOKMARK [1][-]{section.10.8}{\376\377\0001\0000\000.\0008\000.\000\040\117\131\147\201\226\120}{chapter.10}% 239
\BOOKMARK [1][-]{section.10.9}{\376\377\0001\0000\000.\0009\000.\000\040\134\100\220\350\123\026}{chapter.10}% 240
\BOOKMARK [1][-]{section.10.10}{\376\377\0001\0000\000.\0001\0000\000.\000\040\121\205\000\040\000H\000o\000m}{chapter.10}% 241
\BOOKMARK [1][-]{section.10.11}{\376\377\0001\0000\000.\0001\0001\000.\000\040\147\011\226\120\152\041\116\016\147\011\226\120\210\150\171\072\152\041\166\204\122\073\165\073}{chapter.10}% 242
\BOOKMARK [1][-]{section.10.12}{\376\377\0001\0000\000.\0001\0002\000.\000\040\137\040\221\317\171\357}{chapter.10}% 243
\BOOKMARK [1][-]{section.10.13}{\376\377\0001\0000\000.\0001\0003\000.\000\040\137\040\221\317\116\343\145\160}{chapter.10}% 244
\BOOKMARK [1][-]{section.10.14}{\376\377\0001\0000\000.\0001\0004\000.\000\040\127\372\123\330\143\142}{chapter.10}% 245
\BOOKMARK [1][-]{section.10.15}{\376\377\0001\0000\000.\0001\0005\000.\000\040\147\102\230\171}{chapter.10}% 246
\BOOKMARK [1][-]{section.10.16}{\376\377\0001\0000\000.\0001\0006\000.\000\040\121\357\203\261\040\023\124\310\133\306\230\177}{chapter.10}% 247
\BOOKMARK [1][-]{section.10.17}{\376\377\0001\0000\000.\0001\0007\000.\000\040\163\257\166\204\214\061}{chapter.10}% 248
\BOOKMARK [1][-]{section.10.18}{\376\377\0001\0000\000.\0001\0008\000.\000\040\134\100\220\350\163\257}{chapter.10}% 249
\BOOKMARK [1][-]{section.10.19}{\376\377\0001\0000\000.\0001\0009\000.\000\040\163\257\166\204\226\305\123\357\136\003\150\356\150\071}{chapter.10}% 250
\BOOKMARK [1][-]{section.10.20}{\376\377\0001\0000\000.\0002\0000\000.\000\040\116\055\134\161\137\025\164\006}{chapter.10}% 251
\BOOKMARK [1][-]{section.10.21}{\376\377\0001\0000\000.\0002\0001\000.\000\040\214\061\166\204\137\000\225\355\133\120\226\306}{chapter.10}% 252
\BOOKMARK [1][-]{section.10.22}{\376\377\0001\0000\000.\0002\0002\000.\000\040\214\061\166\204\217\336\220\032\122\006\145\057}{chapter.10}% 253
\BOOKMARK [1][-]{section.10.23}{\376\377\0001\0000\000.\0002\0003\000.\000\040\174\230\124\010\140\047\215\050}{chapter.10}% 254
\BOOKMARK [1][-]{section.10.24}{\376\377\0001\0000\000.\0002\0004\000.\000\040\121\375\145\160\166\204\174\230\124\010}{chapter.10}% 255
\BOOKMARK [1][-]{section.10.25}{\376\377\0001\0000\000.\0002\0005\000.\000\040\226\366\126\340\133\120\116\016\121\150\122\006\137\017\163\257}{chapter.10}% 256
\BOOKMARK [1][-]{section.10.26}{\376\377\0001\0000\000.\0002\0006\000.\000\040\214\061\166\204\116\015\123\357\176\246\122\006\145\057}{chapter.10}% 257
\BOOKMARK [1][-]{section.10.27}{\376\377\0001\0000\000.\0002\0007\000.\000\040\163\257\214\061\166\204\117\213}{chapter.10}% 258
\BOOKMARK [1][-]{section.10.28}{\376\377\0001\0000\000.\0002\0008\000.\000\040\121\163\116\216\175\040\164\006\140\363\166\204\116\000\122\031\121\103\211\302\133\337}{chapter.10}% 259
\BOOKMARK [1][-]{section.10.29}{\376\377\0001\0000\000.\0002\0009\000.\000\040\147\011\226\120\210\150\171\072\163\257\146\040\134\004\166\204\120\317}{chapter.10}% 260
\BOOKMARK [1][-]{section.10.30}{\376\377\0001\0000\000.\0003\0000\000.\000\040\121\163\116\216\120\317\166\204\217\333\116\000\153\145\176\323\147\234}{chapter.10}% 261
\BOOKMARK [1][-]{section.10.31}{\376\377\0001\0000\000.\0003\0001\000.\000\040\213\372\162\171\163\257}{chapter.10}% 262
\BOOKMARK [1][-]{section.10.32}{\376\377\0001\0000\000.\0003\0002\000.\000\040\134\100\220\350\136\102\226\366\164\006\140\363}{chapter.10}% 263
\BOOKMARK [1][-]{section.10.33}{\376\377\0001\0000\000.\0003\0003\000.\000\040\116\000\116\052\147\011\215\243\166\204\225\356\230\230}{chapter.10}% 264
\BOOKMARK [1][-]{section.10.34}{\376\377\0001\0000\000.\0003\0004\000.\000\040\136\014\134\024\117\057\162\171\226\366\160\271\133\232\164\006}{chapter.10}% 265
\BOOKMARK [1][-]{section.10.35}{\376\377\0001\0000\000.\0003\0005\000.\000\040\226\305\123\357\136\003\150\356\163\257}{chapter.10}% 266
\BOOKMARK [1][-]{section.10.36}{\376\377\0001\0000\000.\0003\0006\000.\000\040\147\011\226\120\163\257\142\151\137\040\116\016\145\164\163\257\142\151\137\040}{chapter.10}% 267
\BOOKMARK [1][-]{section.10.37}{\376\377\0001\0000\000.\0003\0007\000.\000\040\153\143\211\304\163\257}{chapter.10}% 268
\BOOKMARK [1][-]{section.10.38}{\376\377\0001\0000\000.\0003\0008\000.\000\040\153\143\211\304\163\257\116\012\145\164\142\151\137\040\166\204\116\013\226\115}{chapter.10}% 269
\BOOKMARK [1][-]{section.10.39}{\376\377\0001\0000\000.\0003\0009\000.\000\040\136\163\127\146\152\041\116\016\136\163\127\146\163\257\146\040\134\004}{chapter.10}% 270
\BOOKMARK [1][-]{section.10.40}{\376\377\0001\0000\000.\0004\0000\000.\000\040\145\057\226\306\116\016\156\156\154\241\133\120}{chapter.10}% 271
\BOOKMARK [1][-]{section.10.41}{\376\377\0001\0000\000.\0004\0001\000.\000\040\116\012\123\107\116\016\116\013\226\115}{chapter.10}% 272
\BOOKMARK [1][-]{section.10.42}{\376\377\0001\0000\000.\0004\0002\000.\000\040\123\357\122\006\142\151\137\040}{chapter.10}% 273
\BOOKMARK [1][-]{section.10.43}{\376\377\0001\0000\000.\0004\0003\000.\000\040\121\340\117\125\176\246\123\026\116\343\145\160}{chapter.10}% 274
\BOOKMARK [1][-]{section.10.44}{\376\377\0001\0000\000.\0004\0004\000.\000\040\123\357\122\006\142\151\137\040\377\010\176\355\377\011}{chapter.10}% 275
\BOOKMARK [1][-]{section.10.45}{\376\377\0001\0000\000.\0004\0005\000.\000\040\133\214\177\216\127\337}{chapter.10}% 276
\BOOKMARK [1][-]{section.10.46}{\376\377\0001\0000\000.\0004\0006\000.\000\040\116\007\147\011\124\014\200\332}{chapter.10}% 277
\BOOKMARK [1][-]{section.10.47}{\376\377\0001\0000\000.\0004\0007\000.\000\040\121\340\117\125\116\015\123\357\176\246\116\343\145\160}{chapter.10}% 278
\BOOKMARK [1][-]{section.10.48}{\376\377\0001\0000\000.\0004\0008\000.\000\040\121\340\117\125\217\336\220\032\116\343\145\160}{chapter.10}% 279
\BOOKMARK [1][-]{section.10.49}{\376\377\0001\0000\000.\0004\0009\000.\000\040\121\340\117\125\145\164\116\343\145\160}{chapter.10}% 280
\BOOKMARK [1][-]{section.10.50}{\376\377\0001\0000\000.\0005\0000\000.\000\040\215\113\120\074\163\257}{chapter.10}% 281
\BOOKMARK [1][-]{section.10.51}{\376\377\0001\0000\000.\0005\0001\000.\000\040\121\215\213\272\213\372\162\171\163\257}{chapter.10}% 282
\BOOKMARK [1][-]{section.10.52}{\376\377\0001\0000\000.\0005\0002\000.\000\040\225\177\136\246}{chapter.10}% 283
\BOOKMARK [1][-]{section.10.53}{\376\377\0001\0000\000.\0005\0003\000.\000\040\226\077\136\367\163\257}{chapter.10}% 284
\BOOKMARK [1][-]{section.10.54}{\376\377\0001\0000\000.\0005\0004\000.\000\040\147\054\215\050\147\011\226\120\127\213\124\014\140\001}{chapter.10}% 285
\BOOKMARK [1][-]{section.10.55}{\376\377\0001\0000\000.\0005\0005\000.\000\040\000K\000-\177\244}{chapter.10}% 286
\BOOKMARK [1][-]{section.10.56}{\376\377\0001\0000\000.\0005\0006\000.\000\040\122\006\153\041\163\257}{chapter.10}% 287
\BOOKMARK [1][-]{section.10.57}{\376\377\0001\0000\000.\0005\0007\000.\000\040\122\006\153\041\163\257\166\204\000\040\000P\000r\000o\000j}{chapter.10}% 288
\BOOKMARK [1][-]{section.10.58}{\376\377\0001\0000\000.\0005\0008\000.\000\040\213\372\162\171\122\006\153\041\163\257}{chapter.10}% 289
\BOOKMARK [1][-]{section.10.59}{\376\377\0001\0000\000.\0005\0009\000.\000\040\213\372\162\171\134\100\220\350\163\257}{chapter.10}% 290
\BOOKMARK [1][-]{section.10.60}{\376\377\0001\0000\000.\0006\0000\000.\000\040\176\364\145\160}{chapter.10}% 291
\BOOKMARK [1][-]{section.10.61}{\376\377\0001\0000\000.\0006\0001\000.\000\040\176\364\145\160\164\006\213\272\166\204\136\224\165\050}{chapter.10}% 292
\BOOKMARK [1][-]{section.10.62}{\376\377\0001\0000\000.\0006\0002\000.\000\040\152\041\166\204\145\057\226\306\116\016\176\364\145\160}{chapter.10}% 293
\BOOKMARK [1][-]{section.10.63}{\376\377\0001\0000\000.\0006\0003\000.\000\040\166\370\117\064\175\040\164\006\140\363}{chapter.10}% 294
\BOOKMARK [1][-]{section.10.64}{\376\377\0001\0000\000.\0006\0004\000.\000\040\173\046\123\367\136\102}{chapter.10}% 295
\BOOKMARK [1][-]{section.10.65}{\376\377\0001\0000\000.\0006\0005\000.\000\040\166\370\133\371\166\370\117\064\175\040\164\006\140\363\226\306}{chapter.10}% 296
\BOOKMARK [1][-]{section.10.66}{\376\377\0001\0000\000.\0006\0006\000.\000\040\137\061\166\370\117\064\175\040\164\006\140\363}{chapter.10}% 297
\BOOKMARK [1][-]{section.10.67}{\376\377\0001\0000\000.\0006\0007\000.\000\040\135\114\121\145\175\040\164\006\140\363}{chapter.10}% 298
\BOOKMARK [1][-]{section.10.68}{\376\377\0001\0000\000.\0006\0008\000.\000\040\153\143\122\031\136\217\122\027}{chapter.10}% 299
\BOOKMARK [1][-]{section.10.69}{\376\377\0001\0000\000.\0006\0009\000.\000\040\142\337\153\143\122\031\136\217\122\027}{chapter.10}% 300
\BOOKMARK [1][-]{section.10.70}{\376\377\0001\0000\000.\0007\0000\000.\000\040\162\006\170\064\116\343\145\160}{chapter.10}% 301
\BOOKMARK [1][-]{section.10.71}{\376\377\0001\0000\000.\0007\0001\000.\000\040\000E\000x\000t\000\040\177\244}{chapter.10}% 302
\BOOKMARK [1][-]{section.10.72}{\376\377\0001\0000\000.\0007\0002\000.\000\040\155\361\136\246}{chapter.10}% 303
\BOOKMARK [1][-]{section.10.73}{\376\377\0001\0000\000.\0007\0003\000.\000\040\000E\000x\000t\000\040\166\204\121\375\133\120\140\047}{chapter.10}% 304
\BOOKMARK [1][-]{section.10.74}{\376\377\0001\0000\000.\0007\0004\000.\000\040\000E\000x\000t\000\040\177\244\166\204\116\000\116\052\136\224\165\050}{chapter.10}% 305
\BOOKMARK [1][-]{section.10.75}{\376\377\0001\0000\000.\0007\0005\000.\000\040\000T\000o\000r\000\040\177\244\116\016\136\163\127\146\140\047}{chapter.10}% 306
\BOOKMARK [1][-]{section.10.76}{\376\377\0001\0000\000.\0007\0006\000.\000\040\000T\000o\000r\000\040\166\204\121\375\133\120\140\047}{chapter.10}% 307
\BOOKMARK [1][-]{section.10.77}{\376\377\0001\0000\000.\0007\0007\000.\000\040\142\225\134\004\152\041}{chapter.10}% 308
\BOOKMARK [1][-]{section.10.78}{\376\377\0001\0000\000.\0007\0008\000.\000\040\147\011\226\120\142\225\134\004\152\041}{chapter.10}% 309
\BOOKMARK [1][-]{section.10.79}{\376\377\0001\0000\000.\0007\0009\000.\000\040\165\061\152\041\146\040\134\004\133\232\116\111\166\204\137\000\226\306}{chapter.10}% 310
\BOOKMARK [1][-]{section.10.80}{\376\377\0001\0000\000.\0008\0000\000.\000\040\152\041\142\225\134\004\140\047\166\204\137\340\133\236\136\163\127\146\116\013\226\115}{chapter.10}% 311
\BOOKMARK [1][-]{section.10.81}{\376\377\0001\0000\000.\0008\0001\000.\000\040\136\163\127\146\140\047\166\204\122\073\165\073}{chapter.10}% 312
\BOOKMARK [1][-]{section.10.82}{\376\377\0001\0000\000.\0008\0002\000.\000\040\146\156\220\115\123\125\134\004\152\041\146\040\134\004}{chapter.10}% 313
\BOOKMARK [1][-]{section.10.83}{\376\377\0001\0000\000.\0008\0003\000.\000\040\147\011\226\120\142\225\134\004\152\041\166\204\116\013\226\115}{chapter.10}% 314
\BOOKMARK [1][-]{section.10.84}{\376\377\0001\0000\000.\0008\0004\000.\000\040\152\041\166\204\215\205\226\120\000\040\000d\000\351\000v\000i\000s\000s\000a\000g\000e}{chapter.10}% 315
\BOOKMARK [1][-]{section.10.85}{\376\377\0001\0000\000.\0008\0005\000.\000\040\134\100\220\350\163\257\116\012\166\204\142\225\134\004\152\041}{chapter.10}% 316
\BOOKMARK [1][-]{section.10.86}{\376\377\0001\0000\000.\0008\0006\000.\000\040\000M\000i\000t\000t\000a\000g\000-\000L\000e\000f\000f\000l\000e\000r\000\040\174\373\176\337}{chapter.10}% 317
\BOOKMARK [1][-]{section.10.87}{\376\377\0001\0000\000.\0008\0007\000.\000\040\220\006\174\373}{chapter.10}% 318
\BOOKMARK [1][-]{section.10.88}{\376\377\0001\0000\000.\0008\0008\000.\000\040\000M\000i\000t\000t\000a\000g\000-\000L\000e\000f\000f\000l\000e\000r\000\040\152\041}{chapter.10}% 319
\BOOKMARK [1][-]{section.10.89}{\376\377\0001\0000\000.\0008\0009\000.\000\040\166\364\171\357\116\016\137\040\221\317\171\357\166\204\116\244\143\142}{chapter.10}% 320
\BOOKMARK [1][-]{section.10.90}{\376\377\0001\0000\000.\0009\0000\000.\000\040\121\335\200\132\163\257}{chapter.10}% 321
\BOOKMARK [1][-]{section.10.91}{\376\377\0001\0000\000.\0009\0001\000.\000\040\000M\000i\000t\000t\000a\000g\000-\000L\000e\000f\000f\000l\000e\000r\000\040\152\041\166\204\117\213\116\016\123\315\117\213}{chapter.10}% 322
\BOOKMARK [1][-]{section.10.92}{\376\377\0001\0000\000.\0009\0002\000.\000\040\123\357\145\160\165\037\142\020\166\204\000\040\000M\000i\000t\000t\000a\000g\000-\000L\000e\000f\000f\000l\000e\000r\000\040\152\041}{chapter.10}% 323
\BOOKMARK [1][-]{section.10.93}{\376\377\0001\0000\000.\0009\0003\000.\000\040\142\225\134\004\152\041\166\204\122\073\165\073}{chapter.10}% 324
\BOOKMARK [1][-]{section.10.94}{\376\377\0001\0000\000.\0009\0004\000.\000\040\152\041\166\204\140\047\215\050\166\204\116\012\123\107}{chapter.10}% 325
\BOOKMARK [1][-]{section.10.95}{\376\377\0001\0000\000.\0009\0005\000.\000\040\152\041\166\204\140\047\215\050\166\204\116\013\226\115}{chapter.10}% 326
\BOOKMARK [1][-]{section.10.96}{\376\377\0001\0000\000.\0009\0006\000.\000\040\133\214\131\007\123\026}{chapter.10}% 327
\BOOKMARK [1][-]{section.10.97}{\376\377\0001\0000\000.\0009\0007\000.\000\040\000N\000o\000e\000t\000h\000e\000r\000\040\163\257\166\204\133\214\131\007\123\026}{chapter.10}% 328
\BOOKMARK [1][-]{section.10.98}{\376\377\0001\0000\000.\0009\0008\000.\000\040\152\041\166\204\147\201\226\120}{chapter.10}% 329
\BOOKMARK [1][-]{section.10.99}{\376\377\0001\0000\000.\0009\0009\000.\000\040\136\163\127\146\140\047\122\044\143\156}{chapter.10}% 330
\BOOKMARK [1][-]{section.10.100}{\376\377\0001\0000\000.\0001\0000\0000\000.\000\040\127\372\123\330\143\142\116\016\136\163\127\146\140\047}{chapter.10}% 331
\BOOKMARK [1][-]{section.10.101}{\376\377\0001\0000\000.\0001\0000\0001\000.\000\040\000A\000r\000t\000i\000n\000\040\163\257\116\012\166\204\136\163\127\146\140\047\122\044\143\156}{chapter.10}% 332
\BOOKMARK [1][-]{section.10.102}{\376\377\0001\0000\000.\0001\0000\0002\000.\000\040\131\015\137\142\117\125\145\366\153\143\124\010\377\037}{chapter.10}% 333
\BOOKMARK [1][-]{section.10.103}{\376\377\0001\0000\000.\0001\0000\0003\000.\000\040\000C\000o\000h\000e\000n\040\023\000M\000a\000c\000a\000u\000l\000a\000y\000\040\152\041}{chapter.10}% 334
\BOOKMARK [1][-]{section.10.104}{\376\377\0001\0000\000.\0001\0000\0004\000.\000\040\000C\000o\000h\000e\000n\040\023\000M\000a\000c\000a\000u\000l\000a\000y\000\040\163\257}{chapter.10}% 335
\BOOKMARK [1][-]{section.10.105}{\376\377\0001\0000\000.\0001\0000\0005\000.\000\040\224\376\162\266\163\257}{chapter.10}% 336
\BOOKMARK [1][-]{section.10.106}{\376\377\0001\0000\000.\0001\0000\0006\000.\000\040\153\143\122\031\134\100\220\350\163\257}{chapter.10}% 337
\BOOKMARK [1][-]{section.10.107}{\376\377\0001\0000\000.\0001\0000\0007\000.\000\040\163\257\166\204\156\341\140\001\134\004}{chapter.10}% 338
\BOOKMARK [1][-]{section.10.108}{\376\377\0001\0000\000.\0001\0000\0008\000.\000\040\176\257\164\006\140\363}{chapter.10}% 339
\BOOKMARK [1][-]{section.10.109}{\376\377\0001\0000\000.\0001\0000\0009\000.\000\040\147\011\226\120\145\164\117\123\176\364\145\160\166\204\163\257}{chapter.10}% 340
\BOOKMARK [1][-]{section.10.110}{\376\377\0001\0000\000.\0001\0001\0000\000.\000\040\153\143\122\031\163\257\116\016\145\164\117\123\176\364\145\160}{chapter.10}% 341
\BOOKMARK [1][-]{section.10.111}{\376\377\0001\0000\000.\0001\0001\0001\000.\000\040\000A\000u\000s\000l\000a\000n\000d\000e\000r\040\023\000B\000u\000c\000h\000s\000b\000a\000u\000m\000\040\121\154\137\017}{chapter.10}% 342
\BOOKMARK [1][-]{section.10.112}{\376\377\0001\0000\000.\0001\0001\0002\000.\000\040\124\014\140\001\116\016\176\364\145\160}{chapter.10}% 343
\BOOKMARK [1][-]{section.10.113}{\376\377\0001\0000\000.\0001\0001\0003\000.\000\040\176\364\145\160\121\154\137\017}{chapter.10}% 344
\BOOKMARK [1][-]{section.10.114}{\376\377\0001\0000\000.\0001\0001\0004\000.\000\040\127\337\116\012\147\011\226\120\127\213\116\343\145\160\166\204\176\364\145\160}{chapter.10}% 345
\BOOKMARK [1][-]{section.10.115}{\376\377\0001\0000\000.\0001\0001\0005\000.\000\040\000N\000o\000e\000t\000h\000e\000r\000\040\153\143\211\304\123\026}{chapter.10}% 346
\BOOKMARK [1][-]{section.10.116}{\376\377\0001\0000\000.\0001\0001\0006\000.\000\040\127\337\116\012\147\011\226\120\127\213\116\343\145\160\166\204\176\364\145\160\377\010\121\215\213\272\377\011}{chapter.10}% 347
\BOOKMARK [1][-]{section.10.117}{\376\377\0001\0000\000.\0001\0001\0007\000.\000\040\127\337\116\012\122\006\153\041\116\343\145\160\166\204\176\364\145\160}{chapter.10}% 348
\BOOKMARK [1][-]{section.10.118}{\376\377\0001\0000\000.\0001\0001\0008\000.\000\040\116\000\202\054\136\163\127\146\140\047}{chapter.10}% 349
\BOOKMARK [1][-]{section.10.119}{\376\377\0001\0000\000.\0001\0001\0009\000.\000\040\000K\000r\000u\000l\000l\040\023\000A\000k\000i\000z\000u\000k\000i\000\040\133\232\164\006\123\312\166\370\121\163\176\323\147\234}{chapter.10}% 350
\BOOKMARK [1][-]{section.10.120}{\376\377\0001\0000\000.\0001\0002\0000\000.\000\040\126\340\133\120\122\006\211\343}{chapter.10}% 351
\BOOKMARK [1][-]{section.10.121}{\376\377\0001\0000\000.\0001\0002\0001\000.\000\040\155\210\131\061\226\066}{chapter.10}% 352
\BOOKMARK [1][-]{section.10.122}{\376\377\0001\0000\000.\0001\0002\0002\000.\000\040\142\337\147\011\226\120\146\040\134\004}{chapter.10}% 353
\BOOKMARK [1][-]{section.10.123}{\376\377\0001\0000\000.\0001\0002\0003\000.\000\040\000Z\000a\000r\000i\000s\000k\000i\000\040\116\073\133\232\164\006}{chapter.10}% 354
\BOOKMARK [1][-]{section.10.124}{\376\377\0001\0000\000.\0001\0002\0004\000.\000\040\000Z\000a\000r\000i\000s\000k\000i\000\040\116\073\133\232\164\006\166\204\136\224\165\050}{chapter.10}% 355
\BOOKMARK [1][-]{section.10.125}{\376\377\0001\0000\000.\0001\0002\0005\000.\000\040\176\244\176\364\166\204\176\364\145\160}{chapter.10}% 356
\BOOKMARK [1][-]{section.10.126}{\376\377\0001\0000\000.\0001\0002\0006\000.\000\040\147\011\226\120\210\150\171\072\166\204\116\343\145\160\116\016\152\041}{chapter.10}% 357
\BOOKMARK [1][-]{section.10.127}{\376\377\0001\0000\000.\0001\0002\0007\000.\000\040\117\131\147\201\226\120\116\016\147\011\226\120\210\150\171\072\146\040\134\004}{chapter.10}% 358
\BOOKMARK [1][-]{section.10.128}{\376\377\0001\0000\000.\0001\0002\0008\000.\000\040\146\364\131\032\136\163\127\146\140\047\121\306\122\031}{chapter.10}% 359
\BOOKMARK [1][-]{section.10.129}{\376\377\0001\0000\000.\0001\0002\0009\000.\000\040\136\163\127\146\217\150\217\371\166\204\137\000\140\047}{chapter.10}% 360
\BOOKMARK [1][-]{section.10.130}{\376\377\0001\0000\000.\0001\0003\0000\000.\000\040\000C\000o\000h\000e\000n\040\023\000M\000a\000c\000a\000u\000l\000a\000y\000\040\217\150\217\371\166\204\137\000\140\047}{chapter.10}% 361
\BOOKMARK [1][-]{section.10.131}{\376\377\0001\0000\000.\0001\0003\0001\000.\000\040\137\256\122\006}{chapter.10}% 362
\BOOKMARK [1][-]{section.10.132}{\376\377\0001\0000\000.\0001\0003\0002\000.\000\040\000d\000e\000\040\000R\000h\000a\000m\000\040\131\015\137\142}{chapter.10}% 363
\BOOKMARK [1][-]{section.10.133}{\376\377\0001\0000\000.\0001\0003\0003\000.\000\040\147\011\226\120\226\066\137\256\122\006\173\227\133\120}{chapter.10}% 364
\BOOKMARK [1][-]{section.10.134}{\376\377\0001\0000\000.\0001\0003\0004\000.\000\040\147\064\175\040\117\131\122\007\131\015\137\142}{chapter.10}% 365
\BOOKMARK [1][-]{section.10.135}{\376\377\0001\0000\000.\0001\0003\0005\000.\000\040\134\100\220\350\133\214\121\150\116\244}{chapter.10}% 366
\BOOKMARK [1][-]{section.10.136}{\376\377\0001\0000\000.\0001\0003\0006\000.\000\040\000s\000y\000n\000t\000o\000m\000i\000c\000\040\140\001\134\004}{chapter.10}% 367
\BOOKMARK [1][-]{section.10.137}{\376\377\0001\0000\000.\0001\0003\0007\000.\000\040\121\111\156\321\163\257\146\040\134\004}{chapter.10}% 368
\BOOKMARK [1][-]{section.10.138}{\376\377\0001\0000\000.\0001\0003\0008\000.\000\040\137\142\137\017\121\111\156\321\146\040\134\004}{chapter.10}% 369
\BOOKMARK [1][-]{section.10.139}{\376\377\0001\0000\000.\0001\0003\0009\000.\000\040\121\111\156\321\140\047\116\016\137\256\122\006}{chapter.10}% 370
\BOOKMARK [1][-]{section.10.140}{\376\377\0001\0000\000.\0001\0004\0000\000.\000\040\127\337\116\012\166\204\121\111\156\321\116\343\145\160}{chapter.10}% 371
\BOOKMARK [1][-]{section.10.141}{\376\377\0001\0000\000.\0001\0004\0001\000.\000\040\000N\000o\000e\000t\000h\000e\000r\000\040\140\305\137\142\166\204\121\111\156\321\163\257\146\040\134\004}{chapter.10}% 372
\BOOKMARK [1][-]{section.10.142}{\376\377\0001\0000\000.\0001\0004\0002\000.\000\040\121\111\156\321\163\257\146\040\134\004\176\323\147\234\151\202\211\310}{chapter.10}% 373
\BOOKMARK [1][-]{section.10.143}{\376\377\0001\0000\000.\0001\0004\0003\000.\000\040\136\163\134\125\163\257\146\040\134\004}{chapter.10}% 374
\BOOKMARK [1][-]{section.10.144}{\376\377\0001\0000\000.\0001\0004\0004\000.\000\040\136\163\134\125\163\257\146\040\134\004\166\204\134\100\220\350\176\323\147\204}{chapter.10}% 375
\BOOKMARK [1][-]{section.10.145}{\376\377\0001\0000\000.\0001\0004\0005\000.\000\040\142\337\147\011\226\120\163\257\146\040\134\004\166\204\136\163\134\125\134\100\220\350\176\323\147\204}{chapter.10}% 376
\BOOKMARK [1][-]{section.10.146}{\376\377\0001\0000\000.\0001\0004\0006\000.\000\040\134\100\220\350\124\014\140\001}{chapter.10}% 377
\BOOKMARK [1][-]{section.10.147}{\376\377\0001\0000\000.\0001\0004\0007\000.\000\040\145\164\225\355\123\005\116\016\121\111\156\321\127\372\123\330\143\142}{chapter.10}% 378
\BOOKMARK [1][-]{section.10.148}{\376\377\0001\0000\000.\0001\0004\0008\000.\000\040\137\142\137\017\227\136\122\006\153\147\146\040\134\004}{chapter.10}% 379
\BOOKMARK [1][-]{section.10.149}{\376\377\0001\0000\000.\0001\0004\0009\000.\000\040\117\131\154\325\152\041\116\016\154\333\122\240\123\232}{chapter.10}% 380
\BOOKMARK [1][-]{section.10.150}{\376\377\0001\0000\000.\0001\0005\0000\000.\000\040\137\142\137\017\136\163\134\125\146\040\134\004}{chapter.10}% 381
\BOOKMARK [1][-]{section.10.151}{\376\377\0001\0000\000.\0001\0005\0001\000.\000\040\227\136\122\006\153\147\163\257\146\040\134\004}{chapter.10}% 382
\BOOKMARK [1][-]{section.10.152}{\376\377\0001\0000\000.\0001\0005\0002\000.\000\040\227\136\122\006\153\147\163\257\146\040\134\004\166\204\134\100\220\350\176\323\147\204}{chapter.10}% 383
\BOOKMARK [1][-]{section.10.153}{\376\377\0001\0000\000.\0001\0005\0003\000.\000\040\000H\000e\000n\000s\000e\000l\000\040\134\100\220\350\163\257}{chapter.10}% 384
\BOOKMARK [1][-]{section.10.154}{\376\377\0001\0000\000.\0001\0005\0004\000.\000\040\136\163\134\125\163\257\146\040\134\004\166\204\156\344\217\307\117\131\147\201\226\120}{chapter.10}% 385
\BOOKMARK [1][-]{section.10.155}{\376\377\0001\0000\000.\0001\0005\0005\000.\000\040\000H\000e\000n\000s\000e\000l\000\040\123\026\116\016\116\045\150\074\000\040\000H\000e\000n\000s\000e\000l\000\040\123\026}{chapter.10}% 386
\BOOKMARK [1][-]{section.10.156}{\376\377\0001\0000\000.\0001\0005\0006\000.\000\040\000H\000e\000n\000s\000e\000l\000\040\123\026\116\016\142\337\147\011\226\120\163\257\146\040\134\004}{chapter.10}% 387
\BOOKMARK [1][-]{section.10.157}{\376\377\0001\0000\000.\0001\0005\0007\000.\000\040\000S\000e\000r\000r\000e\000\040\153\143\211\304\140\047\122\044\143\156}{chapter.10}% 388
\BOOKMARK [1][-]{section.10.158}{\376\377\0001\0000\000.\0001\0005\0008\000.\000\040\127\337\166\204\137\142\137\017\121\111\156\321\140\047}{chapter.10}% 389
\BOOKMARK [1][-]{section.10.159}{\376\377\0001\0000\000.\0001\0005\0009\000.\000\040\147\204\220\040\136\163\127\146\163\257\146\040\134\004}{chapter.10}% 390
\BOOKMARK [1][-]{section.10.160}{\376\377\0001\0000\000.\0001\0006\0000\000.\000\040\000C\000o\000h\000e\000n\000\040\176\323\147\204\133\232\164\006}{chapter.10}% 391
\BOOKMARK [1][-]{section.10.161}{\376\377\0001\0000\000.\0001\0006\0001\000.\000\040\145\345\147\054\127\213\163\257}{chapter.10}% 392
\BOOKMARK [1][-]{section.10.162}{\376\377\0001\0000\000.\0001\0006\0002\000.\000\040\000N\000a\000g\000a\000t\000a\000\040\163\257}{chapter.10}% 393
\BOOKMARK [1][-]{section.10.163}{\376\377\0001\0000\000.\0001\0006\0003\000.\000\040\140\047\215\050\166\204\116\012\123\107}{chapter.10}% 394
\BOOKMARK [1][-]{section.10.164}{\376\377\0001\0000\000.\0001\0006\0004\000.\000\040\140\047\215\050\166\204\116\013\226\115}{chapter.10}% 395
\BOOKMARK [1][-]{section.10.165}{\376\377\0001\0000\000.\0001\0006\0005\000.\000\040\121\340\117\125\153\143\211\304\116\343\145\160}{chapter.10}% 396
\BOOKMARK [1][-]{section.10.166}{\376\377\0001\0000\000.\0001\0006\0006\000.\000\040\121\340\117\125\153\143\122\031\116\343\145\160}{chapter.10}% 397
\BOOKMARK [1][-]{section.10.167}{\376\377\0001\0000\000.\0001\0006\0007\000.\000\040\121\340\117\125\000\040\000C\000o\000h\000e\000n\040\023\000M\000a\000c\000a\000u\000l\000a\000y\000\040\116\343\145\160}{chapter.10}% 398
\BOOKMARK [1][-]{section.10.168}{\376\377\0001\0000\000.\0001\0006\0008\000.\000\040\117\131\147\201\226\120\116\016\147\011\226\120\210\150\171\072\146\040\134\004\377\010\116\214\377\011}{chapter.10}% 399
\BOOKMARK [0][-]{chapter.11}{\376\377\000C\000h\000a\000p\000t\000e\000r\000\040\0001\0001\000.\000\040\000B\000r\000a\000u\000e\000r\000\040\177\244}{}% 400
\BOOKMARK [1][-]{section.11.1}{\376\377\0001\0001\000.\0001\000.\000\040\137\025\212\000}{chapter.11}% 401
\BOOKMARK [1][-]{section.11.2}{\376\377\0001\0001\000.\0002\000.\000\040\227\136\116\244\143\142\116\343\145\160}{chapter.11}% 402
\BOOKMARK [1][-]{section.11.3}{\376\377\0001\0001\000.\0003\000.\000\040\000W\000e\000d\000d\000e\000r\000b\000u\000r\000n\000\040\133\232\164\006}{chapter.11}% 403
\BOOKMARK [1][-]{section.11.4}{\376\377\0001\0001\000.\0004\000.\000\040\116\343\145\160\166\204\202\345\136\162\137\025\164\006}{chapter.11}% 404
\BOOKMARK [1][-]{section.11.5}{\376\377\0001\0001\000.\0005\000.\000\040\127\337\166\204\000\040\000B\000r\000a\000u\000e\000r\000\040\177\244}{chapter.11}% 405
\BOOKMARK [1][-]{section.11.6}{\376\377\0001\0001\000.\0006\000.\000\040\000S\000k\000o\000l\000e\000m\040\023\000N\000o\000e\000t\000h\000e\000r\000\040\133\232\164\006}{chapter.11}% 406
\BOOKMARK [1][-]{section.11.7}{\376\377\0001\0001\000.\0007\000.\000\040\116\055\137\303\123\026\133\120\133\232\164\006}{chapter.11}% 407
\BOOKMARK [1][-]{section.11.8}{\376\377\0001\0001\000.\0008\000.\000\040\122\006\210\302\127\337}{chapter.11}% 408
\BOOKMARK [0][-]{chapter.12}{\376\377\000C\000h\000a\000p\000t\000e\000r\000\040\0001\0002\000.\000\040\124\014\214\003\116\343\145\160}{}% 409
\BOOKMARK [1][-]{section.12.1}{\376\377\0001\0002\000.\0001\000.\000\040\137\025\212\000}{chapter.12}% 410
\BOOKMARK [1][-]{section.12.2}{\376\377\0001\0002\000.\0002\000.\000\040\127\372\147\054\151\202\137\365}{chapter.12}% 411
\BOOKMARK [1][-]{section.12.3}{\376\377\0001\0002\000.\0003\000.\000\040\230\204\122\240\140\047\203\003\165\164\116\016\122\240\140\047\203\003\165\164}{chapter.12}% 412
\BOOKMARK [1][-]{section.12.4}{\376\377\0001\0002\000.\0004\000.\000\040\000K\000a\000r\000o\000u\000b\000i\000a\000n\000\040\203\003\165\164}{chapter.12}% 413
\BOOKMARK [1][-]{section.12.5}{\376\377\0001\0002\000.\0005\000.\000\040\226\077\215\035\134\024\203\003\165\164}{chapter.12}% 414
\BOOKMARK [1][-]{section.12.6}{\376\377\0001\0002\000.\0006\000.\000\040\142\151\137\040}{chapter.12}% 415
\BOOKMARK [1][-]{section.12.7}{\376\377\0001\0002\000.\0007\000.\000\040\122\240\140\047\121\375\133\120}{chapter.12}% 416
\BOOKMARK [1][-]{section.12.8}{\376\377\0001\0002\000.\0008\000.\000\040\134\100\220\350\123\026}{chapter.12}% 417
\BOOKMARK [1][-]{section.12.9}{\376\377\0001\0002\000.\0009\000.\000\040\000J\000o\000r\000d\000a\000n\040\023\000H\000\366\000l\000d\000e\000r\000\040\133\232\164\006}{chapter.12}% 418
\BOOKMARK [1][-]{section.12.10}{\376\377\0001\0002\000.\0001\0000\000.\000\040\000S\000e\000r\000r\000e\000\040\133\120\203\003\165\164}{chapter.12}% 419
\BOOKMARK [1][-]{section.12.11}{\376\377\0001\0002\000.\0001\0001\000.\000\040\000K\000\040\177\244}{chapter.12}% 420
\BOOKMARK [1][-]{section.12.12}{\376\377\0001\0002\000.\0001\0002\000.\000\040\116\012\124\014\214\003\000\040\003\264\000-\121\375\133\120}{chapter.12}% 421
\BOOKMARK [1][-]{section.12.13}{\376\377\0001\0002\000.\0001\0003\000.\000\040\131\015\137\142}{chapter.12}% 422
\BOOKMARK [1][-]{section.12.14}{\376\377\0001\0002\000.\0001\0004\000.\000\040\124\014\117\046\116\016\136\163\171\373\121\375\133\120}{chapter.12}% 423
\BOOKMARK [1][-]{section.12.15}{\376\377\0001\0002\000.\0001\0005\000.\000\040\131\015\137\142\166\204\142\052\145\255}{chapter.12}% 424
\BOOKMARK [1][-]{section.12.16}{\376\377\0001\0002\000.\0001\0006\000.\000\040\122\006\153\041\133\371\214\141}{chapter.12}% 425
\BOOKMARK [1][-]{section.12.17}{\376\377\0001\0002\000.\0001\0007\000.\000\040\122\240\140\047\136\172\123\112\203\003\165\164}{chapter.12}% 426
\BOOKMARK [1][-]{section.12.18}{\376\377\0001\0002\000.\0001\0008\000.\000\040\123\314\131\015\137\142\123\312\121\166\166\370\117\064\140\073\131\015\137\142}{chapter.12}% 427
\BOOKMARK [1][-]{section.12.19}{\376\377\0001\0002\000.\0001\0009\000.\000\040\156\344\217\307}{chapter.12}% 428
\BOOKMARK [1][-]{section.12.20}{\376\377\0001\0002\000.\0002\0000\000.\000\040\214\061\136\217\122\027}{chapter.12}% 429
\BOOKMARK [1][-]{section.12.21}{\376\377\0001\0002\000.\0002\0001\000.\000\040\214\061\136\217\122\027\377\032\153\143\124\010\120\166}{chapter.12}% 430
\BOOKMARK [1][-]{section.12.22}{\376\377\0001\0002\000.\0002\0002\000.\000\040\214\061\136\217\122\027\377\032\137\256\122\006\133\371\214\141}{chapter.12}% 431
\BOOKMARK [1][-]{section.12.23}{\376\377\0001\0002\000.\0002\0003\000.\000\040\214\061\136\217\122\027\377\032\156\344\217\307\137\256\122\006\133\371\214\141}{chapter.12}% 432
\BOOKMARK [1][-]{section.12.24}{\376\377\0001\0002\000.\0002\0004\000.\000\040\214\061\136\217\122\027\377\032\156\344\217\307\131\015\137\142}{chapter.12}% 433
\BOOKMARK [1][-]{section.12.25}{\376\377\0001\0002\000.\0002\0005\000.\000\040\214\061\136\217\122\027\377\032\123\314\131\015\137\142}{chapter.12}% 434
\BOOKMARK [1][-]{section.12.26}{\376\377\0001\0002\000.\0002\0006\000.\000\040\226\077\215\035\134\024\177\244\166\204\123\314\131\015\137\142}{chapter.12}% 435
\BOOKMARK [1][-]{section.12.27}{\376\377\0001\0002\000.\0002\0007\000.\000\040\121\205\134\004\133\371\214\141}{chapter.12}% 436
\BOOKMARK [1][-]{section.12.28}{\376\377\0001\0002\000.\0002\0008\000.\000\040\142\225\134\004\133\371\214\141}{chapter.12}% 437
\BOOKMARK [1][-]{section.12.29}{\376\377\0001\0002\000.\0002\0009\000.\000\040\121\205\134\004\133\371\214\141\116\016\117\064\226\217\121\375\133\120}{chapter.12}% 438
\BOOKMARK [1][-]{section.12.30}{\376\377\0001\0002\000.\0003\0000\000.\000\040\147\054\215\050\136\070\120\074\174\373\176\337}{chapter.12}% 439
\BOOKMARK [1][-]{section.12.31}{\376\377\0001\0002\000.\0003\0001\000.\000\040\220\006\174\373\176\337}{chapter.12}% 440
\BOOKMARK [1][-]{section.12.32}{\376\377\0001\0002\000.\0003\0002\000.\000\040\171\357\166\204\153\143\124\010\140\047}{chapter.12}% 441
\BOOKMARK [0][-]{chapter.13}{\376\377\000C\000h\000a\000p\000t\000e\000r\000\040\0001\0003\000.\000\040\133\374\121\372\203\003\165\164}{}% 442
\BOOKMARK [1][-]{section.13.1}{\376\377\0001\0003\000.\0001\000.\000\040\137\025\212\000}{chapter.13}% 443
\BOOKMARK [1][-]{section.13.2}{\376\377\0001\0003\000.\0002\000.\000\040\116\011\211\322\203\003\165\164}{chapter.13}% 444
\BOOKMARK [1][-]{section.13.3}{\376\377\0001\0003\000.\0003\000.\000\040\116\011\211\322\203\003\165\164\166\204\133\232\116\111}{chapter.13}% 445
\BOOKMARK [1][-]{section.13.4}{\376\377\0001\0003\000.\0004\000.\000\040\116\011\211\322\203\003\165\164\166\204\122\035\153\145\176\323\147\234}{chapter.13}% 446
\BOOKMARK [1][-]{section.13.5}{\376\377\0001\0003\000.\0005\000.\000\040\116\011\211\322\203\003\165\164\166\204\134\100\220\350\123\026}{chapter.13}% 447
\BOOKMARK [1][-]{section.13.6}{\376\377\0001\0003\000.\0006\000.\000\040\116\011\211\322\203\003\165\164\166\204\125\106}{chapter.13}% 448
\BOOKMARK [1][-]{section.13.7}{\376\377\0001\0003\000.\0007\000.\000\040\153\143\124\010\121\375\133\120\166\204\117\064\226\217}{chapter.13}% 449
\BOOKMARK [1][-]{section.13.8}{\376\377\0001\0003\000.\0008\000.\000\040\124\014\117\046\203\003\165\164}{chapter.13}% 450
\BOOKMARK [1][-]{section.13.9}{\376\377\0001\0003\000.\0009\000.\000\040\225\045\116\016\220\020\230\171\122\006\210\302\136\217\122\027}{chapter.13}% 451
\BOOKMARK [1][-]{section.13.10}{\376\377\0001\0003\000.\0001\0000\000.\000\040\124\014\117\046\203\003\165\164\116\055\166\204\162\171\137\002\116\011\211\322}{chapter.13}% 452
\BOOKMARK [1][-]{section.13.11}{\376\377\0001\0003\000.\0001\0001\000.\000\040\133\374\121\372\203\003\165\164}{chapter.13}% 453
\BOOKMARK [1][-]{section.13.12}{\376\377\0001\0003\000.\0001\0002\000.\000\040\121\170\203\003\000\040\003\264\000-\121\375\133\120}{chapter.13}% 454
\BOOKMARK [1][-]{section.13.13}{\376\377\0001\0003\000.\0001\0003\000.\000\040\217\307\156\344\133\374\121\372\203\003\165\164}{chapter.13}% 455
\BOOKMARK [1][-]{section.13.14}{\376\377\0001\0003\000.\0001\0004\000.\000\040\116\000\202\054\133\374\121\372\121\375\133\120}{chapter.13}% 456
\BOOKMARK [1][-]{section.13.15}{\376\377\0001\0003\000.\0001\0005\000.\000\040\133\374\121\372\203\003\165\164\116\012\166\204\133\374\121\372\121\375\133\120}{chapter.13}% 457
\BOOKMARK [1][-]{section.13.16}{\376\377\0001\0003\000.\0001\0006\000.\000\040\232\330\226\066\133\374\121\372\121\375\133\120}{chapter.13}% 458
\BOOKMARK [1][-]{section.13.17}{\376\377\0001\0003\000.\0001\0007\000.\000\040\133\374\121\372\203\003\165\164\166\204\116\011\211\322\133\120\203\003\165\164}{chapter.13}% 459
\BOOKMARK [1][-]{section.13.18}{\376\377\0001\0003\000.\0001\0008\000.\000\040\121\205\134\004\155\210\211\343}{chapter.13}% 460
\BOOKMARK [1][-]{section.13.19}{\376\377\0001\0003\000.\0001\0009\000.\000\040\142\225\134\004\155\210\211\343}{chapter.13}% 461
\BOOKMARK [1][-]{section.13.20}{\376\377\0001\0003\000.\0002\0000\000.\000\040\123\363\133\374\121\372\121\375\133\120\116\016\121\205\134\004\155\210\211\343}{chapter.13}% 462
\BOOKMARK [1][-]{section.13.21}{\376\377\0001\0003\000.\0002\0001\000.\000\040\000C\000a\000r\000t\000a\000n\040\023\000E\000i\000l\000e\000n\000b\000e\000r\000g\000\040\155\210\211\343}{chapter.13}% 463
\BOOKMARK [1][-]{section.13.22}{\376\377\0001\0003\000.\0002\0002\000.\000\040\123\363\133\374\121\372\121\375\133\120\166\204\131\015\124\010}{chapter.13}% 464
\BOOKMARK [1][-]{section.13.23}{\376\377\0001\0003\000.\0002\0003\000.\000\040\155\210\211\343\121\375\133\120}{chapter.13}% 465
\BOOKMARK [1][-]{section.13.24}{\376\377\0001\0003\000.\0002\0004\000.\000\040\121\375\133\120\140\047\121\205\134\004\135\114\121\145\116\016\155\210\211\343\121\375\133\120}{chapter.13}% 466
\BOOKMARK [1][-]{section.13.25}{\376\377\0001\0003\000.\0002\0005\000.\000\040\220\032\217\307\155\210\211\343\121\375\133\120\137\227\122\060\123\363\133\374\121\372\121\375\133\120}{chapter.13}% 467
\BOOKMARK [1][-]{section.13.26}{\376\377\0001\0003\000.\0002\0006\000.\000\040\217\307\156\344\133\374\121\372\203\003\165\164\116\016\121\205\134\004\155\210\211\343}{chapter.13}% 468
\BOOKMARK [1][-]{section.13.27}{\376\377\0001\0003\000.\0002\0007\000.\000\040\000E\000x\000t\000\040\177\244}{chapter.13}% 469
\BOOKMARK [1][-]{section.13.28}{\376\377\0001\0003\000.\0002\0008\000.\000\040\000K\000-\177\244}{chapter.13}% 470
\BOOKMARK [1][-]{section.13.29}{\376\377\0001\0003\000.\0002\0009\000.\000\040\145\340\165\114\131\015\137\142}{chapter.13}% 471
\BOOKMARK [1][-]{section.13.30}{\376\377\0001\0003\000.\0003\0000\000.\000\040\133\374\121\372\117\064\226\217\121\375\133\120}{chapter.13}% 472
\BOOKMARK [1][-]{section.13.31}{\376\377\0001\0003\000.\0003\0001\000.\000\040\000K\000-\121\205\134\004\131\015\137\142}{chapter.13}% 473
\BOOKMARK [1][-]{section.13.32}{\376\377\0001\0003\000.\0003\0002\000.\000\040\147\011\165\114\116\012\124\014\214\003\176\364\145\160}{chapter.13}% 474
\BOOKMARK [1][-]{section.13.33}{\376\377\0001\0003\000.\0003\0003\000.\000\040\133\374\121\372\117\131\147\201\226\120}{chapter.13}% 475
\BOOKMARK [1][-]{section.13.34}{\376\377\0001\0003\000.\0003\0004\000.\000\040\133\374\121\372\147\201\226\120}{chapter.13}% 476
\BOOKMARK [1][-]{section.13.35}{\376\377\0001\0003\000.\0003\0005\000.\000\040\121\150\133\120\203\003\165\164\116\012\166\204\217\320\173\227}{chapter.13}% 477
\BOOKMARK [1][-]{section.13.36}{\376\377\0001\0003\000.\0003\0006\000.\000\040\116\011\211\322\203\003\165\164\166\204\165\037\142\020\121\103}{chapter.13}% 478
\BOOKMARK [1][-]{section.13.37}{\376\377\0001\0003\000.\0003\0007\000.\000\040\175\047\133\371\214\141}{chapter.13}% 479
\BOOKMARK [1][-]{section.13.38}{\376\377\0001\0003\000.\0003\0008\000.\000\040\000B\000r\000o\000w\000n\000\040\123\357\210\150\140\047}{chapter.13}% 480
\BOOKMARK [1][-]{section.13.39}{\376\377\0001\0003\000.\0003\0009\000.\000\040\000B\000r\000o\000w\000n\000\040\123\357\210\150\140\047\116\113\116\214}{chapter.13}% 481
\BOOKMARK [1][-]{section.13.40}{\376\377\0001\0003\000.\0004\0000\000.\000\040\133\271\213\270\133\120\203\003\165\164}{chapter.13}% 482
\BOOKMARK [1][-]{section.13.41}{\376\377\0001\0003\000.\0004\0001\000.\000\040\000P\000o\000s\000t\000n\000i\000k\000o\000v\000\040\174\373\176\337}{chapter.13}% 483
\BOOKMARK [1][-]{section.13.42}{\376\377\0001\0003\000.\0004\0002\000.\000\040\147\054\215\050\136\070\120\074\174\373\176\337}{chapter.13}% 484
\BOOKMARK [0][-]{chapter.14}{\376\377\000C\000h\000a\000p\000t\000e\000r\000\040\0001\0004\000.\000\040\123\125\176\257\145\271\154\325}{}% 485
\BOOKMARK [1][-]{section.14.1}{\376\377\0001\0004\000.\0001\000.\000\040\137\025\212\000}{chapter.14}% 486
\BOOKMARK [1][-]{section.14.2}{\376\377\0001\0004\000.\0002\000.\000\040\147\011\226\120\121\150\136\217\226\306\166\204\203\003\165\164}{chapter.14}% 487
\BOOKMARK [1][-]{section.14.3}{\376\377\0001\0004\000.\0003\000.\000\040\123\125\176\257\133\371\214\141}{chapter.14}% 488
\BOOKMARK [1][-]{section.14.4}{\376\377\0001\0004\000.\0004\000.\000\040\117\134\116\072\230\204\134\102\166\204\123\125\176\257\133\371\214\141}{chapter.14}% 489
\BOOKMARK [1][-]{section.14.5}{\376\377\0001\0004\000.\0005\000.\000\040\117\131\123\125\176\257\133\371\214\141}{chapter.14}% 490
\BOOKMARK [1][-]{section.14.6}{\376\377\0001\0004\000.\0006\000.\000\040\123\125\176\257\133\371\214\141\166\204\171\357}{chapter.14}% 491
\BOOKMARK [1][-]{section.14.7}{\376\377\0001\0004\000.\0007\000.\000\040\123\125\176\257\133\371\214\141\166\204\176\244\176\364\171\357}{chapter.14}% 492
\BOOKMARK [1][-]{section.14.8}{\376\377\0001\0004\000.\0008\000.\000\040\123\125\176\257\133\371\214\141\166\204\143\250\121\372}{chapter.14}% 493
\BOOKMARK [1][-]{section.14.9}{\376\377\0001\0004\000.\0009\000.\000\040\117\131\123\125\176\257\133\371\214\141\166\204\171\357}{chapter.14}% 494
\BOOKMARK [1][-]{section.14.10}{\376\377\0001\0004\000.\0001\0000\000.\000\040\117\131\123\125\176\257\133\371\214\141\166\204\176\244\176\364\171\357}{chapter.14}% 495
\BOOKMARK [1][-]{section.14.11}{\376\377\0001\0004\000.\0001\0001\000.\000\040\123\125\176\257\226\306}{chapter.14}% 496
\BOOKMARK [1][-]{section.14.12}{\376\377\0001\0004\000.\0001\0002\000.\000\040\142\052\145\255\123\125\176\257\133\371\214\141\116\016\232\250\147\266\121\375\133\120}{chapter.14}% 497
\BOOKMARK [1][-]{section.14.13}{\376\377\0001\0004\000.\0001\0003\000.\000\040\116\016\123\125\176\257\226\306\166\204\171\357}{chapter.14}% 498
\BOOKMARK [1][-]{section.14.14}{\376\377\0001\0004\000.\0001\0004\000.\000\040\116\316\123\125\176\257\226\306\122\060\117\131\123\125\176\257\133\371\214\141\166\204\000\040\000H\000o\000m}{chapter.14}% 499
\BOOKMARK [1][-]{section.14.15}{\376\377\0001\0004\000.\0001\0005\000.\000\040\116\316\117\131\123\125\176\257\226\306\122\060\123\125\176\257\133\371\214\141\166\204\000\040\000H\000o\000m}{chapter.14}% 500
\BOOKMARK [1][-]{section.14.16}{\376\377\0001\0004\000.\0001\0006\000.\000\040\121\205\220\350\000\040\000H\000o\000m}{chapter.14}% 501
\BOOKMARK [1][-]{section.14.17}{\376\377\0001\0004\000.\0001\0007\000.\000\040\116\316\123\125\176\257\226\306\122\060\123\125\176\257\133\371\214\141\166\204\000\040\000H\000o\000m}{chapter.14}% 502
\BOOKMARK [1][-]{section.14.18}{\376\377\0001\0004\000.\0001\0008\000.\000\040\123\125\176\257\133\371\214\141\166\204\122\006\210\302}{chapter.14}% 503
\BOOKMARK [1][-]{section.14.19}{\376\377\0001\0004\000.\0001\0009\000.\000\040\117\131\232\250\147\266\121\375\133\120}{chapter.14}% 504
\BOOKMARK [1][-]{section.14.20}{\376\377\0001\0004\000.\0002\0000\000.\000\040\130\236\136\177}{chapter.14}% 505
\BOOKMARK [1][-]{section.14.21}{\376\377\0001\0004\000.\0002\0001\000.\000\040\232\250\147\266\121\375\133\120\166\204\135\346\117\064\226\217}{chapter.14}% 506
\BOOKMARK [1][-]{section.14.22}{\376\377\0001\0004\000.\0002\0002\000.\000\040\226\077\215\035\134\024\203\003\165\164\116\055\166\204\123\125\176\257\133\371\214\141}{chapter.14}% 507
\BOOKMARK [1][-]{section.14.23}{\376\377\0001\0004\000.\0002\0003\000.\000\040\123\125\176\257\133\371\214\141\116\016\224\376\131\015\137\142}{chapter.14}% 508
\BOOKMARK [1][-]{section.14.24}{\376\377\0001\0004\000.\0002\0004\000.\000\040\000D\000o\000l\000d\040\023\000K\000a\000n}{chapter.14}% 509
\BOOKMARK [1][-]{section.14.25}{\376\377\0001\0004\000.\0002\0005\000.\000\040\117\131\123\125\176\257\133\371\214\141\166\204\000\040\000D\000o\000l\000d\040\023\000K\000a\000n\000\040\133\371\136\224}{chapter.14}% 510
\BOOKMARK [1][-]{section.14.26}{\376\377\0001\0004\000.\0002\0006\000.\000\040\124\014\117\046}{chapter.14}% 511
\BOOKMARK [1][-]{section.14.27}{\376\377\0001\0004\000.\0002\0007\000.\000\040\226\077\215\035\134\024\203\003\165\164\116\055\166\204\124\014\117\046}{chapter.14}% 512
\BOOKMARK [1][-]{section.14.28}{\376\377\0001\0004\000.\0002\0008\000.\000\040\124\014\117\046\116\016\117\131\123\125\176\257\133\371\214\141}{chapter.14}% 513
\BOOKMARK [1][-]{section.14.29}{\376\377\0001\0004\000.\0002\0009\000.\000\040\226\077\215\035\134\024\203\003\165\164\116\055\166\204\146\364\131\032\124\014\117\046}{chapter.14}% 514
\BOOKMARK [1][-]{section.14.30}{\376\377\0001\0004\000.\0003\0000\000.\000\040\136\163\121\341\000\040\000K\000a\000n\000\040\176\244\176\364\123\026}{chapter.14}% 515
\BOOKMARK [1][-]{section.14.31}{\376\377\0001\0004\000.\0003\0001\000.\000\040\000K\000a\000n\000\040\176\244\176\364\123\026}{chapter.14}% 516
\BOOKMARK [1][-]{section.14.32}{\376\377\0001\0004\000.\0003\0002\000.\000\040\116\000\116\052\124\014\117\046\173\111\116\367}{chapter.14}% 517
\BOOKMARK [1][-]{section.14.33}{\376\377\0001\0004\000.\0003\0003\000.\000\040\150\007\121\306\230\204\211\343\137\017\166\204\121\306\131\007}{chapter.14}% 518
\BOOKMARK [1][-]{section.14.34}{\376\377\0001\0004\000.\0003\0004\000.\000\040\150\007\121\306\230\204\211\343\137\017}{chapter.14}% 519
\BOOKMARK [0][-]{chapter.15}{\376\377\000C\000h\000a\000p\000t\000e\000r\000\040\0001\0005\000.\000\040\116\343\145\160\217\333\226\066}{}% 520
\BOOKMARK [1][-]{section.15.1}{\376\377\0001\0005\000.\0001\000.\000\040\137\025\212\000}{chapter.15}% 521
\BOOKMARK [1][-]{section.15.2}{\376\377\0001\0005\000.\0002\000.\000\040\176\331\213\373\200\005\166\204\136\372\213\256}{chapter.15}% 522
\BOOKMARK [1][-]{section.15.3}{\376\377\0001\0005\000.\0003\000.\000\040\172\063\133\232\201\352\165\061\152\041}{chapter.15}% 523
\BOOKMARK [1][-]{section.15.4}{\376\377\0001\0005\000.\0004\000.\000\040\121\163\116\216\000\040\000A\000r\000t\000i\000n\040\023\000R\000e\000e\000s\000\040\140\047\215\050\166\204\116\000\160\271\213\364\146\016}{chapter.15}% 524
\BOOKMARK [1][-]{section.15.5}{\376\377\0001\0005\000.\0005\000.\000\040\163\257\166\204\176\244\176\364\171\357\000\040\000I}{chapter.15}% 525
\BOOKMARK [1][-]{section.15.6}{\376\377\0001\0005\000.\0006\000.\000\040\163\257\166\204\176\244\176\364\171\357\000\040\000I\000I}{chapter.15}% 526
\BOOKMARK [1][-]{section.15.7}{\376\377\0001\0005\000.\0007\000.\000\040\163\257\166\204\176\244\176\364\171\357\000\040\000I\000I\000I}{chapter.15}% 527
\BOOKMARK [1][-]{section.15.8}{\376\377\0001\0005\000.\0008\000.\000\040\000F\000i\000t\000t\000i\000n\000g\000\040\164\006\140\363}{chapter.15}% 528
\BOOKMARK [1][-]{section.15.9}{\376\377\0001\0005\000.\0009\000.\000\040\143\320\123\107}{chapter.15}% 529
\BOOKMARK [1][-]{section.15.10}{\376\377\0001\0005\000.\0001\0000\000.\000\040\000Z\000a\000r\000i\000s\000k\000i\000\040\133\371}{chapter.15}% 530
\BOOKMARK [1][-]{section.15.11}{\376\377\0001\0005\000.\0001\0001\000.\000\040\000H\000e\000n\000s\000e\000l\000\040\133\371}{chapter.15}% 531
\BOOKMARK [1][-]{section.15.12}{\376\377\0001\0005\000.\0001\0002\000.\000\040\133\371\166\204\000\040\000H\000e\000n\000s\000e\000l\000\040\123\026}{chapter.15}% 532
\BOOKMARK [1][-]{section.15.13}{\376\377\0001\0005\000.\0001\0003\000.\000\040\143\320\123\107\116\016\000\040\000H\000e\000n\000s\000e\000l\000\040\133\371}{chapter.15}% 533
\BOOKMARK [1][-]{section.15.14}{\376\377\0001\0005\000.\0001\0004\000.\000\040\176\335\133\371\145\164\225\355\123\005}{chapter.15}% 534
\BOOKMARK [1][-]{section.15.15}{\376\377\0001\0005\000.\0001\0005\000.\000\040\201\352\117\064\226\217\163\257}{chapter.15}% 535
\BOOKMARK [1][-]{section.15.16}{\376\377\0001\0005\000.\0001\0006\000.\000\040\136\163\127\146\123\026\122\006\134\102}{chapter.15}% 536
\BOOKMARK [1][-]{section.15.17}{\376\377\0001\0005\000.\0001\0007\000.\000\040\000A\000r\000t\000i\000n\000\040\163\257\116\012\166\204\136\163\127\146\123\026}{chapter.15}% 537
\BOOKMARK [1][-]{section.15.18}{\376\377\0001\0005\000.\0001\0008\000.\000\040\127\372\166\204\225\355\133\120\226\306\116\012\166\204\136\163\127\146\123\026}{chapter.15}% 538
\BOOKMARK [1][-]{section.15.19}{\376\377\0001\0005\000.\0001\0009\000.\000\040\156\220\116\016\127\372\166\204\225\355\133\120\226\306\116\012\166\204\136\163\127\146\123\026}{chapter.15}% 539
\BOOKMARK [1][-]{section.15.20}{\376\377\0001\0005\000.\0002\0000\000.\000\040\000N\000o\000e\000t\000h\000e\000r\000\040\133\214\131\007\134\100\220\350\163\257\116\012\166\204\136\163\127\146\123\026}{chapter.15}% 540
\BOOKMARK [1][-]{section.15.21}{\376\377\0001\0005\000.\0002\0001\000.\000\040\154\277\145\164\146\040\134\004\166\204\136\163\127\146\140\047\116\013\226\115}{chapter.15}% 541
\BOOKMARK [1][-]{section.15.22}{\376\377\0001\0005\000.\0002\0002\000.\000\040\145\340\143\040\152\041}{chapter.15}% 542
\BOOKMARK [1][-]{section.15.23}{\376\377\0001\0005\000.\0002\0003\000.\000\040\152\041\166\204\171\351}{chapter.15}% 543
\BOOKMARK [1][-]{section.15.24}{\376\377\0001\0005\000.\0002\0004\000.\000\040\201\352\123\315\152\041}{chapter.15}% 544
\BOOKMARK [1][-]{section.15.25}{\376\377\0001\0005\000.\0002\0005\000.\000\040\121\205\133\271\164\006\140\363}{chapter.15}% 545
\BOOKMARK [1][-]{section.15.26}{\376\377\0001\0005\000.\0002\0006\000.\000\040\136\163\127\146\140\047\116\016\147\011\226\120\140\047\147\141\116\366}{chapter.15}% 546
\BOOKMARK [1][-]{section.15.27}{\376\377\0001\0005\000.\0002\0007\000.\000\040\162\006\170\064\116\016\136\163\127\146\140\047}{chapter.15}% 547
\BOOKMARK [1][-]{section.15.28}{\376\377\0001\0005\000.\0002\0008\000.\000\040\133\214\131\007\123\026\116\016\136\163\127\146\140\047}{chapter.15}% 548
\BOOKMARK [1][-]{section.15.29}{\376\377\0001\0005\000.\0002\0009\000.\000\040\000K\000o\000s\000z\000u\000l\000\040\131\015\137\142}{chapter.15}% 549
\BOOKMARK [1][-]{section.15.30}{\376\377\0001\0005\000.\0003\0000\000.\000\040\142\151\137\040\116\244\225\031\000\040\001\014\000e\000c\000h\000\040\131\015\137\142}{chapter.15}% 550
\BOOKMARK [1][-]{section.15.31}{\376\377\0001\0005\000.\0003\0001\000.\000\040\000K\000o\000s\000z\000u\000l\000\040\153\143\122\031\136\217\122\027}{chapter.15}% 551
\BOOKMARK [1][-]{section.15.32}{\376\377\0001\0005\000.\0003\0002\000.\000\040\000K\000o\000s\000z\000u\000l\000\040\153\143\122\031\136\217\122\027\166\204\217\333\116\000\153\145\176\323\147\234}{chapter.15}% 552
\BOOKMARK [1][-]{section.15.33}{\376\377\0001\0005\000.\0003\0003\000.\000\040\153\143\122\031\164\006\140\363}{chapter.15}% 553
\BOOKMARK [1][-]{section.15.34}{\376\377\0001\0005\000.\0003\0004\000.\000\040\134\100\220\350\133\214\121\150\116\244\146\040\134\004}{chapter.15}% 554
\BOOKMARK [1][-]{section.15.35}{\376\377\0001\0005\000.\0003\0005\000.\000\040\000C\000a\000r\000t\000i\000e\000r\000\040\173\111\137\017\116\016\121\340\117\125\153\143\122\031\140\047}{chapter.15}% 555
\BOOKMARK [1][-]{section.15.36}{\376\377\0001\0005\000.\0003\0006\000.\000\040\121\340\117\125\153\143\122\031\140\047}{chapter.15}% 556
\BOOKMARK [1][-]{section.15.37}{\376\377\0001\0005\000.\0003\0007\000.\000\040\142\323\142\121\163\257\116\016\142\323\142\121\152\041}{chapter.15}% 557
\BOOKMARK [1][-]{section.15.38}{\376\377\0001\0005\000.\0003\0008\000.\000\040\142\323\142\121\163\257\166\204\137\142\137\017\121\111\156\321\146\040\134\004}{chapter.15}% 558
\BOOKMARK [1][-]{section.15.39}{\376\377\0001\0005\000.\0003\0009\000.\000\040\134\100\220\350\163\257\166\204\137\142\137\017\121\111\156\321\146\040\134\004}{chapter.15}% 559
\BOOKMARK [1][-]{section.15.40}{\376\377\0001\0005\000.\0004\0000\000.\000\040\136\102\176\247\145\160\163\257\166\204\116\000\116\233\176\323\147\234}{chapter.15}% 560
\BOOKMARK [1][-]{section.15.41}{\376\377\0001\0005\000.\0004\0001\000.\000\040\121\340\117\125\153\143\122\031\140\047\116\016\137\142\137\017\121\111\156\321\140\047}{chapter.15}% 561
\BOOKMARK [1][-]{section.15.42}{\376\377\0001\0005\000.\0004\0002\000.\000\040\153\143\122\031\163\257\146\040\134\004}{chapter.15}% 562
\BOOKMARK [1][-]{section.15.43}{\376\377\0001\0005\000.\0004\0003\000.\000\040\154\277\153\143\122\031\163\257\146\040\134\004\116\012\123\107\166\204\140\047\215\050}{chapter.15}% 563
\BOOKMARK [1][-]{section.15.44}{\376\377\0001\0005\000.\0004\0004\000.\000\040\140\047\215\050\127\050\133\214\131\007\123\026\116\013\166\204\117\335\143\001\140\047}{chapter.15}% 564
\BOOKMARK [1][-]{section.15.45}{\376\377\0001\0005\000.\0004\0005\000.\000\040\140\047\215\050\127\050\000\040\000\351\000t\000a\000l\000e\000\040\146\040\134\004\116\013\166\204\117\335\143\001\140\047}{chapter.15}% 565
\BOOKMARK [1][-]{section.15.46}{\376\377\0001\0005\000.\0004\0006\000.\000\040\140\047\215\050\127\050\000\040\000H\000e\000n\000s\000e\000l\000\040\123\026\116\013\166\204\117\335\143\001\140\047}{chapter.15}% 566
\BOOKMARK [1][-]{section.15.47}{\376\377\0001\0005\000.\0004\0007\000.\000\040\121\215\213\272\127\337\142\151\137\040}{chapter.15}% 567
\BOOKMARK [1][-]{section.15.48}{\376\377\0001\0005\000.\0004\0008\000.\000\040\131\107\137\002\217\150\217\371}{chapter.15}% 568
\BOOKMARK [1][-]{section.15.49}{\376\377\0001\0005\000.\0004\0009\000.\000\040\153\143\122\031\140\047\116\016\133\374\133\120}{chapter.15}% 569
\BOOKMARK [1][-]{section.15.50}{\376\377\0001\0005\000.\0005\0000\000.\000\040\137\142\137\017\121\111\156\321\140\047\116\016\153\143\122\031\140\047}{chapter.15}% 570
\BOOKMARK [1][-]{section.15.51}{\376\377\0001\0005\000.\0005\0001\000.\000\040\000G\000-\163\257}{chapter.15}% 571
\BOOKMARK [1][-]{section.15.52}{\376\377\0001\0005\000.\0005\0002\000.\000\040\137\142\137\017\176\244\176\364\166\204\140\047\215\050}{chapter.15}% 572
\BOOKMARK [1][-]{section.15.53}{\376\377\0001\0005\000.\0005\0003\000.\000\040\117\030\163\257}{chapter.15}% 573
\BOOKMARK [1][-]{section.15.54}{\376\377\0001\0005\000.\0005\0004\000.\000\040\152\041\166\204\000\040\000A\000b\000e\000l\000\040\203\003\165\164}{chapter.15}% 574
\BOOKMARK [1][-]{section.15.55}{\376\377\0001\0005\000.\0005\0005\000.\000\040\121\205\134\004\000\040\000A\000b\000e\000l\000\040\177\244}{chapter.15}% 575
\BOOKMARK [1][-]{section.15.56}{\376\377\0001\0005\000.\0005\0006\000.\000\040\121\205\134\004\152\041}{chapter.15}% 576
\BOOKMARK [1][-]{section.15.57}{\376\377\0001\0005\000.\0005\0007\000.\000\040\152\041\166\204\133\374\121\372\203\003\165\164}{chapter.15}% 577
\BOOKMARK [1][-]{section.15.58}{\376\377\0001\0005\000.\0005\0008\000.\000\040\000T\000o\000r\000\040\166\204\213\241\173\227}{chapter.15}% 578
\BOOKMARK [1][-]{section.15.59}{\376\377\0001\0005\000.\0005\0009\000.\000\040\131\015\137\142\166\204\137\040\221\317\171\357}{chapter.15}% 579
\BOOKMARK [1][-]{section.15.60}{\376\377\0001\0005\000.\0006\0000\000.\000\040\133\374\121\372\137\040\221\317\171\357}{chapter.15}% 580
\BOOKMARK [1][-]{section.15.61}{\376\377\0001\0005\000.\0006\0001\000.\000\040\133\374\121\372\143\142\163\257}{chapter.15}% 581
\BOOKMARK [1][-]{section.15.62}{\376\377\0001\0005\000.\0006\0002\000.\000\040\000T\000o\000r\000\040\145\340\121\163\140\047}{chapter.15}% 582
\BOOKMARK [1][-]{section.15.63}{\376\377\0001\0005\000.\0006\0003\000.\000\040\000T\000o\000r\000\040\166\204\214\061\136\217\122\027}{chapter.15}% 583
\BOOKMARK [1][-]{section.15.64}{\376\377\0001\0005\000.\0006\0004\000.\000\040\116\130\171\357\116\016\000\040\000T\000o\000r}{chapter.15}% 584
\BOOKMARK [1][-]{section.15.65}{\376\377\0001\0005\000.\0006\0005\000.\000\040\000K\000"\000u\000n\000n\000e\000t\000h\000\040\214\061\136\217\122\027}{chapter.15}% 585
\BOOKMARK [1][-]{section.15.66}{\376\377\0001\0005\000.\0006\0006\000.\000\040\142\337\166\370\136\162\152\041\377\014\000I}{chapter.15}% 586
\BOOKMARK [1][-]{section.15.67}{\376\377\0001\0005\000.\0006\0007\000.\000\040\142\337\166\370\136\162\152\041\377\014\000I\000I}{chapter.15}% 587
\BOOKMARK [1][-]{section.15.68}{\376\377\0001\0005\000.\0006\0008\000.\000\040\000T\000o\000r\000\040\176\364\145\160}{chapter.15}% 588
\BOOKMARK [1][-]{section.15.69}{\376\377\0001\0005\000.\0006\0009\000.\000\040\000E\000x\000t\000\040\166\204\214\061\136\217\122\027}{chapter.15}% 589
\BOOKMARK [1][-]{section.15.70}{\376\377\0001\0005\000.\0007\0000\000.\000\040\142\225\134\004\176\364\145\160}{chapter.15}% 590
\BOOKMARK [1][-]{section.15.71}{\376\377\0001\0005\000.\0007\0001\000.\000\040\121\205\134\004\176\364\145\160}{chapter.15}% 591
\BOOKMARK [1][-]{section.15.72}{\376\377\0001\0005\000.\0007\0002\000.\000\040\143\245\217\321\142\225\134\004\166\204\152\041}{chapter.15}% 592
\BOOKMARK [1][-]{section.15.73}{\376\377\0001\0005\000.\0007\0003\000.\000\040\000H\000o\000m\000\040\131\015\137\142}{chapter.15}% 593
\BOOKMARK [1][-]{section.15.74}{\376\377\0001\0005\000.\0007\0004\000.\000\040\173\046\123\367\211\304\122\031}{chapter.15}% 594
\BOOKMARK [1][-]{section.15.75}{\376\377\0001\0005\000.\0007\0005\000.\000\040\133\374\121\372\000\040\000H\000o\000m}{chapter.15}% 595
\BOOKMARK [1][-]{section.15.76}{\376\377\0001\0005\000.\0007\0006\000.\000\040\133\214\177\216\131\015\137\142}{chapter.15}% 596
\BOOKMARK [1][-]{section.15.77}{\376\377\0001\0005\000.\0007\0007\000.\000\040\131\015\137\142\166\204\143\320\123\107}{chapter.15}% 597
\BOOKMARK [1][-]{section.15.78}{\376\377\0001\0005\000.\0007\0008\000.\000\040\131\015\137\142\166\204\122\006\210\302}{chapter.15}% 598
\BOOKMARK [1][-]{section.15.79}{\376\377\0001\0005\000.\0007\0009\000.\000\040\213\306\122\053\133\214\177\216\131\015\137\142}{chapter.15}% 599
\BOOKMARK [1][-]{section.15.80}{\376\377\0001\0005\000.\0008\0000\000.\000\040\133\214\177\216\131\015\137\142\166\204\122\073\165\073}{chapter.15}% 600
\BOOKMARK [1][-]{section.15.81}{\376\377\0001\0005\000.\0008\0001\000.\000\040\137\072\165\037\142\020\121\103\116\016\153\143\122\031\163\257}{chapter.15}% 601
\BOOKMARK [1][-]{section.15.82}{\376\377\0001\0005\000.\0008\0002\000.\000\040\166\370\133\371\147\011\226\120\210\150\171\072\152\041}{chapter.15}% 602
\BOOKMARK [1][-]{section.15.83}{\376\377\0001\0005\000.\0008\0003\000.\000\040\166\370\133\371\117\052\121\335\200\132\152\041}{chapter.15}% 603
\BOOKMARK [1][-]{section.15.84}{\376\377\0001\0005\000.\0008\0004\000.\000\040\117\052\121\335\200\132\116\016\133\214\177\216\163\257\124\014\140\001}{chapter.15}% 604
\BOOKMARK [1][-]{section.15.85}{\376\377\0001\0005\000.\0008\0005\000.\000\040\166\370\133\371\133\214\177\216\152\041}{chapter.15}% 605
\BOOKMARK [1][-]{section.15.86}{\376\377\0001\0005\000.\0008\0006\000.\000\040\116\214\230\171\131\015\137\142}{chapter.15}% 606
\BOOKMARK [1][-]{section.15.87}{\376\377\0001\0005\000.\0008\0007\000.\000\040\147\064\175\040\117\131\122\007\131\015\137\142}{chapter.15}% 607
\BOOKMARK [1][-]{section.15.88}{\376\377\0001\0005\000.\0008\0008\000.\000\040\000A\000b\000e\000l\000\040\177\244\166\204\000\040\000R\000l\000i\000m}{chapter.15}% 608
\BOOKMARK [1][-]{section.15.89}{\376\377\0001\0005\000.\0008\0009\000.\000\040\152\041\166\204\000\040\000R\000l\000i\000m}{chapter.15}% 609
\BOOKMARK [1][-]{section.15.90}{\376\377\0001\0005\000.\0009\0000\000.\000\040\143\040\152\041}{chapter.15}% 610
\BOOKMARK [1][-]{section.15.91}{\376\377\0001\0005\000.\0009\0001\000.\000\040\152\041\203\003\165\164\166\204\137\142\137\017\174\230\124\010}{chapter.15}% 611
\BOOKMARK [1][-]{section.15.92}{\376\377\0001\0005\000.\0009\0002\000.\000\040\000B\000e\000a\000u\000v\000i\000l\000l\000e\040\023\000L\000a\000s\000z\000l\000o\000\040\133\232\164\006}{chapter.15}% 612
\BOOKMARK [1][-]{section.15.93}{\376\377\0001\0005\000.\0009\0003\000.\000\040\133\374\121\372\133\214\131\007\123\026}{chapter.15}% 613
\BOOKMARK [1][-]{section.15.94}{\376\377\0001\0005\000.\0009\0004\000.\000\040\133\374\121\372\133\214\131\007\152\041\166\204\203\003\165\164}{chapter.15}% 614
\BOOKMARK [1][-]{section.15.95}{\376\377\0001\0005\000.\0009\0005\000.\000\040\116\073\164\006\140\363\166\204\133\374\121\372\133\214\131\007\123\026}{chapter.15}% 615
\BOOKMARK [1][-]{section.15.96}{\376\377\0001\0005\000.\0009\0006\000.\000\040\000N\000o\000e\000t\000h\000e\000r\000\040\163\257\166\204\133\374\121\372\133\214\131\007\123\026}{chapter.15}% 616
\BOOKMARK [1][-]{section.15.97}{\376\377\0001\0005\000.\0009\0007\000.\000\040\000B\000e\000r\000t\000h\000e\000l\000o\000t\000\040\116\016\000\040\000O\000g\000u\000s\000\040\137\025\121\145\166\204\173\227\133\120}{chapter.15}% 617
\BOOKMARK [1][-]{section.15.98}{\376\377\0001\0005\000.\0009\0008\000.\000\040\133\214\177\216\131\015\137\142\116\016\000\040\000e\000t\000a\000\040\173\227\133\120}{chapter.15}% 618
\BOOKMARK [1][-]{section.15.99}{\376\377\0001\0005\000.\0009\0009\000.\000\040\131\015\137\142\166\204\147\201\226\120}{chapter.15}% 619
\BOOKMARK [1][-]{section.15.100}{\376\377\0001\0005\000.\0001\0000\0000\000.\000\040\202\345\136\162\154\102\120\074\146\040\134\004}{chapter.15}% 620
\BOOKMARK [1][-]{section.15.101}{\376\377\0001\0005\000.\0001\0000\0001\000.\000\040\133\374\121\372\000\040\000H\000o\000m\000\040\166\204\127\372\123\330\143\142}{chapter.15}% 621
\BOOKMARK [1][-]{section.15.102}{\376\377\0001\0005\000.\0001\0000\0002\000.\000\040\152\041\166\204\174\373\176\337}{chapter.15}% 622
\BOOKMARK [1][-]{section.15.103}{\376\377\0001\0005\000.\0001\0000\0003\000.\000\040\152\041\166\204\174\373\176\337\377\010\176\355\377\011}{chapter.15}% 623
\BOOKMARK [1][-]{section.15.104}{\376\377\0001\0005\000.\0001\0000\0004\000.\000\040\147\102\230\171}{chapter.15}% 624
\BOOKMARK [1][-]{section.15.105}{\376\377\0001\0005\000.\0001\0000\0005\000.\000\040\123\314\131\015\137\142\166\204\202\345\136\162\142\200\135\347}{chapter.15}% 625
\BOOKMARK [1][-]{section.15.106}{\376\377\0001\0005\000.\0001\0000\0006\000.\000\040\137\061\000\040\000\351\000t\000a\000l\000e\000\040\163\257\146\040\134\004}{chapter.15}% 626
\BOOKMARK [1][-]{section.15.107}{\376\377\0001\0005\000.\0001\0000\0007\000.\000\040\127\337\116\012\166\204\137\061\000\040\000\351\000t\000a\000l\000e\000\040\116\343\145\160}{chapter.15}% 627
\BOOKMARK [1][-]{section.15.108}{\376\377\0001\0005\000.\0001\0000\0008\000.\000\040\134\100\220\350\116\015\123\357\176\246\140\047}{chapter.15}% 628
\BOOKMARK [1][-]{section.15.109}{\376\377\0001\0005\000.\0001\0000\0009\000.\000\040\122\006\145\057\147\102\213\272}{chapter.15}% 629
\BOOKMARK [1][-]{section.15.110}{\376\377\0001\0005\000.\0001\0001\0000\000.\000\040\133\214\131\007\123\026\166\204\122\006\145\057}{chapter.15}% 630
\BOOKMARK [1][-]{section.15.111}{\376\377\0001\0005\000.\0001\0001\0001\000.\000\040\137\142\137\017\224\376\163\257}{chapter.15}% 631
\BOOKMARK [1][-]{section.15.112}{\376\377\0001\0005\000.\0001\0001\0002\000.\000\040\177\244\117\134\165\050\116\016\145\164\225\355\123\005}{chapter.15}% 632
\BOOKMARK [1][-]{section.15.113}{\376\377\0001\0005\000.\0001\0001\0003\000.\000\040\171\273\145\143\215\113\120\074\163\257\166\204\142\151\137\040}{chapter.15}% 633
\BOOKMARK [1][-]{section.15.114}{\376\377\0001\0005\000.\0001\0001\0004\000.\000\040\000G\000a\000l\000o\000i\000s\000\040\142\151\137\040\116\016\122\006\153\147}{chapter.15}% 634
\BOOKMARK [1][-]{section.15.115}{\376\377\0001\0005\000.\0001\0001\0005\000.\000\040\000K\000r\000a\000s\000n\000e\000r\000\040\137\025\164\006}{chapter.15}% 635
\BOOKMARK [1][-]{section.15.116}{\376\377\0001\0005\000.\0001\0001\0006\000.\000\040\000A\000b\000h\000y\000a\000n\000k\000a\000r\000\040\137\025\164\006\116\016\232\157\122\006\153\147}{chapter.15}% 636
\BOOKMARK [1][-]{section.15.117}{\376\377\0001\0005\000.\0001\0001\0007\000.\000\040\155\210\226\144\122\006\153\147}{chapter.15}% 637
\BOOKMARK [1][-]{section.15.118}{\376\377\0001\0005\000.\0001\0001\0008\000.\000\040\155\210\226\144\122\006\153\147\377\014\000I\000I}{chapter.15}% 638
\BOOKMARK [1][-]{section.15.119}{\376\377\0001\0005\000.\0001\0001\0009\000.\000\040\163\257\166\204\000\040\000P\000i\000c\000a\000r\000d\000\040\177\244}{chapter.15}% 639
\BOOKMARK [1][-]{section.15.120}{\376\377\0001\0005\000.\0001\0002\0000\000.\000\040\210\114\122\027\137\017}{chapter.15}% 640
\BOOKMARK [1][-]{section.15.121}{\376\377\0001\0005\000.\0001\0002\0001\000.\000\040\133\214\177\216\131\015\137\142\116\016\000\040\000K\000-\177\244}{chapter.15}% 641
\BOOKMARK [1][-]{section.15.122}{\376\377\0001\0005\000.\0001\0002\0002\000.\000\040\147\011\226\120\225\177\136\246\152\041\166\204\201\352\124\014\140\001\166\204\210\114\122\027\137\017}{chapter.15}% 642
\BOOKMARK [1][-]{section.15.123}{\376\377\0001\0005\000.\0001\0002\0003\000.\000\040\153\143\122\031\134\100\220\350\163\257\146\057\125\057\116\000\122\006\211\343\145\164\163\257}{chapter.15}% 643
\BOOKMARK [1][-]{section.15.124}{\376\377\0001\0005\000.\0001\0002\0004\000.\000\040\131\015\137\142\166\204\210\114\122\027\137\017}{chapter.15}% 644
\BOOKMARK [1][-]{section.15.125}{\376\377\0001\0005\000.\0001\0002\0005\000.\000\040\215\113\120\074\163\257\166\204\142\151\137\040}{chapter.15}% 645
\BOOKMARK [1][-]{section.15.126}{\376\377\0001\0005\000.\0001\0002\0006\000.\000\040\116\073\164\006\140\363\145\164\163\257\116\012\152\041\166\204\176\323\147\204}{chapter.15}% 646
\BOOKMARK [1][-]{section.15.127}{\376\377\0001\0005\000.\0001\0002\0007\000.\000\040\116\073\150\071\164\006\140\363}{chapter.15}% 647
\BOOKMARK [1][-]{section.15.128}{\376\377\0001\0005\000.\0001\0002\0008\000.\000\040\133\374\121\372\203\003\165\164\116\055\166\204\123\357\220\006\133\371\214\141}{chapter.15}% 648
\BOOKMARK [1][-]{section.15.129}{\376\377\0001\0005\000.\0001\0002\0009\000.\000\040\122\006\210\302\121\372\116\000\116\052\201\352\165\061\152\041}{chapter.15}% 649
\BOOKMARK [1][-]{section.15.130}{\376\377\0001\0005\000.\0001\0003\0000\000.\000\040\131\047\142\225\134\004\152\041\146\057\201\352\165\061\152\041}{chapter.15}% 650
\BOOKMARK [0][-]{chapter.16}{\376\377\000C\000h\000a\000p\000t\000e\000r\000\040\0001\0006\000.\000\040\163\257\124\014\140\001\166\204\121\111\156\321\123\026}{}% 651
\BOOKMARK [1][-]{section.16.1}{\376\377\0001\0006\000.\0001\000.\000\040\137\025\212\000}{chapter.16}% 652
\BOOKMARK [1][-]{section.16.2}{\376\377\0001\0006\000.\0002\000.\000\040\131\107\137\002\164\006\140\363}{chapter.16}% 653
\BOOKMARK [1][-]{section.16.3}{\376\377\0001\0006\000.\0003\000.\000\040\116\343\145\160\166\204\210\150\171\072}{chapter.16}% 654
\BOOKMARK [1][-]{section.16.4}{\376\377\0001\0006\000.\0004\000.\000\040\143\322\146\362\377\032\000N\000\351\000r\000o\000n\000\040\155\210\131\107\137\002\123\026}{chapter.16}% 655
\BOOKMARK [1][-]{section.16.5}{\376\377\0001\0006\000.\0005\000.\000\040\143\320\123\107\225\356\230\230}{chapter.16}% 656
\BOOKMARK [1][-]{section.16.6}{\376\377\0001\0006\000.\0006\000.\000\040\143\320\123\107\137\025\164\006}{chapter.16}% 657
\BOOKMARK [1][-]{section.16.7}{\376\377\0001\0006\000.\0007\000.\000\040\155\210\131\107\137\002\123\026\137\025\164\006}{chapter.16}% 658
\BOOKMARK [1][-]{section.16.8}{\376\377\0001\0006\000.\0008\000.\000\040\230\204\131\007\377\032\176\246\123\026\122\060\127\372\127\337}{chapter.16}% 659
\BOOKMARK [1][-]{section.16.9}{\376\377\0001\0006\000.\0009\000.\000\040\134\100\220\350\142\200\135\347}{chapter.16}% 660
\BOOKMARK [1][-]{section.16.10}{\376\377\0001\0006\000.\0001\0000\000.\000\040\123\357\122\006\122\151\117\131\127\337}{chapter.16}% 661
\BOOKMARK [1][-]{section.16.11}{\376\377\0001\0006\000.\0001\0001\000.\000\040\116\015\123\357\122\006\122\151\117\131\127\337}{chapter.16}% 662
\BOOKMARK [1][-]{section.16.12}{\376\377\0001\0006\000.\0001\0002\000.\000\040\116\073\133\232\164\006}{chapter.16}% 663
\BOOKMARK [1][-]{section.16.13}{\376\377\0001\0006\000.\0001\0003\000.\000\040\000G\000-\163\257\166\204\220\074\217\321\140\047\215\050}{chapter.16}% 664
\BOOKMARK [1][-]{section.16.14}{\376\377\0001\0006\000.\0001\0004\000.\000\040\000H\000e\000n\000s\000e\000l\000\040\133\371\166\204\220\074\217\321}{chapter.16}% 665
\BOOKMARK [0][-]{chapter.17}{\376\377\000C\000h\000a\000p\000t\000e\000r\000\040\0001\0007\000.\000\040\152\041\134\102}{}% 666
\BOOKMARK [1][-]{section.17.1}{\376\377\0001\0007\000.\0001\000.\000\040\137\025\212\000}{chapter.17}% 667
\BOOKMARK [1][-]{section.17.2}{\376\377\0001\0007\000.\0002\000.\000\040\220\000\123\026\140\305\137\142}{chapter.17}% 668
\BOOKMARK [1][-]{section.17.3}{\376\377\0001\0007\000.\0003\000.\000\040\152\041\134\102\166\204\226\077\215\035\134\024\203\003\165\164}{chapter.17}% 669
\BOOKMARK [1][-]{section.17.4}{\376\377\0001\0007\000.\0004\000.\000\040\152\041\134\102\166\204\142\052\227\142}{chapter.17}% 670
\BOOKMARK [1][-]{section.17.5}{\376\377\0001\0007\000.\0005\000.\000\040\152\041\134\102\116\016\142\052\227\142\166\204\145\057\226\306}{chapter.17}% 671
\BOOKMARK [1][-]{section.17.6}{\376\377\0001\0007\000.\0006\000.\000\040\225\355\155\170\121\145\116\016\226\077\215\035\134\024\177\244\134\102}{chapter.17}% 672
\BOOKMARK [1][-]{section.17.7}{\376\377\0001\0007\000.\0007\000.\000\040\116\000\116\052\121\170\203\003\153\143\124\010\122\027}{chapter.17}% 673
\BOOKMARK [1][-]{section.17.8}{\376\377\0001\0007\000.\0008\000.\000\040\134\100\220\350\165\061\142\052\227\142\165\037\142\020\166\204\152\041\134\102}{chapter.17}% 674
\BOOKMARK [1][-]{section.17.9}{\376\377\0001\0007\000.\0009\000.\000\040\147\011\226\120\127\213\152\041\134\102}{chapter.17}% 675
\BOOKMARK [1][-]{section.17.10}{\376\377\0001\0007\000.\0001\0000\000.\000\040\142\337\121\335\200\132\152\041\134\102}{chapter.17}% 676
\BOOKMARK [1][-]{section.17.11}{\376\377\0001\0007\000.\0001\0001\000.\000\040\147\011\226\120\210\150\171\072\152\041\134\102}{chapter.17}% 677
\BOOKMARK [1][-]{section.17.12}{\376\377\0001\0007\000.\0001\0002\000.\000\040\121\335\200\132\152\041\134\102}{chapter.17}% 678
\BOOKMARK [1][-]{section.17.13}{\376\377\0001\0007\000.\0001\0003\000.\000\040\163\257\172\172\225\364\166\204\225\355\155\170\121\145}{chapter.17}% 679
\BOOKMARK [1][-]{section.17.14}{\376\377\0001\0007\000.\0001\0004\000.\000\040\134\100\220\350\201\352\165\061\134\102}{chapter.17}% 680
\BOOKMARK [1][-]{section.17.15}{\376\377\0001\0007\000.\0001\0005\000.\000\040\123\314\176\277\140\047\146\040\134\004}{chapter.17}% 681
\BOOKMARK [1][-]{section.17.16}{\376\377\0001\0007\000.\0001\0006\000.\000\040\137\040\221\317\171\357}{chapter.17}% 682
\BOOKMARK [1][-]{section.17.17}{\376\377\0001\0007\000.\0001\0007\000.\000\040\136\163\127\146\152\041\134\102}{chapter.17}% 683
\BOOKMARK [1][-]{section.17.18}{\376\377\0001\0007\000.\0001\0008\000.\000\040\133\371\120\166}{chapter.17}% 684
\BOOKMARK [1][-]{section.17.19}{\376\377\0001\0007\000.\0001\0009\000.\000\040\123\357\147\204\220\040\226\306\124\010\134\102}{chapter.17}% 685
\BOOKMARK [1][-]{section.17.20}{\376\377\0001\0007\000.\0002\0000\000.\000\040\163\257\172\172\225\364\166\204\136\163\127\146\140\001\134\004}{chapter.17}% 686
\BOOKMARK [1][-]{section.17.21}{\376\377\0001\0007\000.\0002\0001\000.\000\040\133\371\171\360\136\102\116\016\131\026\136\102}{chapter.17}% 687
\BOOKMARK [1][-]{section.17.22}{\376\377\0001\0007\000.\0002\0002\000.\000\040\121\205\000\040\000H\000o\000m}{chapter.17}% 688
\BOOKMARK [1][-]{section.17.23}{\376\377\0001\0007\000.\0002\0003\000.\000\040\152\041\134\102\166\204\226\366\123\026\133\120}{chapter.17}% 689
\BOOKMARK [1][-]{section.17.24}{\376\377\0001\0007\000.\0002\0004\000.\000\040\000K\000o\000s\000z\000u\000l\000\040\131\015\137\142}{chapter.17}% 690
\BOOKMARK [1][-]{section.17.25}{\376\377\0001\0007\000.\0002\0005\000.\000\040\123\357\220\006\152\041\134\102}{chapter.17}% 691
\BOOKMARK [1][-]{section.17.26}{\376\377\0001\0007\000.\0002\0006\000.\000\040\171\351\116\016\210\114\122\027\137\017}{chapter.17}% 692
\BOOKMARK [1][-]{section.17.27}{\376\377\0001\0007\000.\0002\0007\000.\000\040\163\257\134\102\166\204\134\100\220\350\123\026}{chapter.17}% 693
\BOOKMARK [1][-]{section.17.28}{\376\377\0001\0007\000.\0002\0008\000.\000\040\137\256\122\006\152\041}{chapter.17}% 694
\BOOKMARK [1][-]{section.17.29}{\376\377\0001\0007\000.\0002\0009\000.\000\040\147\011\226\120\226\066\137\256\122\006\173\227\133\120}{chapter.17}% 695
\BOOKMARK [1][-]{section.17.30}{\376\377\0001\0007\000.\0003\0000\000.\000\040\000d\000e\000\040\000R\000h\000a\000m\000\040\131\015\137\142}{chapter.17}% 696
\BOOKMARK [1][-]{section.17.31}{\376\377\0001\0007\000.\0003\0001\000.\000\040\147\064\175\040\117\131\122\007\131\015\137\142}{chapter.17}% 697
\BOOKMARK [0][-]{chapter.18}{\376\377\000C\000h\000a\000p\000t\000e\000r\000\040\0001\0008\000.\000\040\172\331\160\271\116\012\166\204\152\041}{}% 698
\BOOKMARK [1][-]{section.18.1}{\376\377\0001\0008\000.\0001\000.\000\040\137\025\212\000}{chapter.18}% 699
\BOOKMARK [1][-]{section.18.2}{\376\377\0001\0008\000.\0002\000.\000\040\226\077\215\035\134\024\230\204\134\102}{chapter.18}% 700
\BOOKMARK [1][-]{section.18.3}{\376\377\0001\0008\000.\0003\000.\000\040\226\077\215\035\134\024\134\102}{chapter.18}% 701
\BOOKMARK [1][-]{section.18.4}{\376\377\0001\0008\000.\0004\000.\000\040\201\352\165\061\226\077\215\035\134\024\230\204\134\102}{chapter.18}% 702
\BOOKMARK [1][-]{section.18.5}{\376\377\0001\0008\000.\0005\000.\000\040\201\352\165\061\226\077\215\035\134\024\134\102}{chapter.18}% 703
\BOOKMARK [1][-]{section.18.6}{\376\377\0001\0008\000.\0006\000.\000\040\163\257\172\331\160\271}{chapter.18}% 704
\BOOKMARK [1][-]{section.18.7}{\376\377\0001\0008\000.\0007\000.\000\040\163\257\142\323\142\121\145\257}{chapter.18}% 705
\BOOKMARK [1][-]{section.18.8}{\376\377\0001\0008\000.\0008\000.\000\040\163\257\142\323\142\121\145\257\166\204\000\040\0002\000-\140\001\134\004}{chapter.18}% 706
\BOOKMARK [1][-]{section.18.9}{\376\377\0001\0008\000.\0009\000.\000\040\152\041\230\204\134\102}{chapter.18}% 707
\BOOKMARK [1][-]{section.18.10}{\376\377\0001\0008\000.\0001\0000\000.\000\040\152\041\134\102}{chapter.18}% 708
\BOOKMARK [1][-]{section.18.11}{\376\377\0001\0008\000.\0001\0001\000.\000\040\152\041\230\204\134\102\166\204\134\102\123\026}{chapter.18}% 709
\BOOKMARK [1][-]{section.18.12}{\376\377\0001\0008\000.\0001\0002\000.\000\040\142\323\142\121\145\257\140\001\134\004\116\016\152\041\134\102}{chapter.18}% 710
\BOOKMARK [1][-]{section.18.13}{\376\377\0001\0008\000.\0001\0003\000.\000\040\163\257\142\323\142\121\145\257\140\001\134\004\116\016\152\041}{chapter.18}% 711
\BOOKMARK [1][-]{section.18.14}{\376\377\0001\0008\000.\0001\0004\000.\000\040\152\041\134\102\166\204\226\077\215\035\134\024\203\003\165\164}{chapter.18}% 712
\BOOKMARK [1][-]{section.18.15}{\376\377\0001\0008\000.\0001\0005\000.\000\040\166\364\120\317\166\204\153\143\124\010\140\047}{chapter.18}% 713
\BOOKMARK [1][-]{section.18.16}{\376\377\0001\0008\000.\0001\0006\000.\000\040\116\013\123\371\123\367\121\375\133\120\166\204\153\143\124\010\140\047}{chapter.18}% 714
\BOOKMARK [1][-]{section.18.17}{\376\377\0001\0008\000.\0001\0007\000.\000\040\152\041\166\204\145\164\117\123\174\173\127\213}{chapter.18}% 715
\BOOKMARK [1][-]{section.18.18}{\376\377\0001\0008\000.\0001\0008\000.\000\040\152\041\166\204\121\205\205\164\140\047\215\050}{chapter.18}% 716
\BOOKMARK [1][-]{section.18.19}{\376\377\0001\0008\000.\0001\0009\000.\000\040\163\257\172\331\160\271\166\204\134\100\220\350\123\026}{chapter.18}% 717
\BOOKMARK [1][-]{section.18.20}{\376\377\0001\0008\000.\0002\0000\000.\000\040\163\257\172\331\160\271\140\001\134\004\166\204\134\100\220\350\123\026}{chapter.18}% 718
\BOOKMARK [1][-]{section.18.21}{\376\377\0001\0008\000.\0002\0001\000.\000\040\163\257\142\323\142\121\145\257\166\204\134\100\220\350\123\026}{chapter.18}% 719
\BOOKMARK [1][-]{section.18.22}{\376\377\0001\0008\000.\0002\0002\000.\000\040\163\257\142\323\142\121\145\257\140\001\134\004\166\204\134\100\220\350\123\026}{chapter.18}% 720
\BOOKMARK [1][-]{section.18.23}{\376\377\0001\0008\000.\0002\0003\000.\000\040\152\041\166\204\134\100\220\350\174\173\127\213}{chapter.18}% 721
\BOOKMARK [1][-]{section.18.24}{\376\377\0001\0008\000.\0002\0004\000.\000\040\152\041\166\204\134\100\220\350\174\173\127\213\166\204\127\372\147\054\176\323\147\234}{chapter.18}% 722
\BOOKMARK [1][-]{section.18.25}{\376\377\0001\0008\000.\0002\0005\000.\000\040\163\257\142\323\142\121\145\257\166\204\225\355\155\170\121\145}{chapter.18}% 723
\BOOKMARK [1][-]{section.18.26}{\376\377\0001\0008\000.\0002\0006\000.\000\040\137\040\221\317\171\357}{chapter.18}% 724
\BOOKMARK [1][-]{section.18.27}{\376\377\0001\0008\000.\0002\0007\000.\000\040\121\205\000\040\000H\000o\000m}{chapter.18}% 725
\BOOKMARK [1][-]{section.18.28}{\376\377\0001\0008\000.\0002\0008\000.\000\040\136\163\127\146\152\041}{chapter.18}% 726
\BOOKMARK [1][-]{section.18.29}{\376\377\0001\0008\000.\0002\0009\000.\000\040\133\371\120\166}{chapter.18}% 727
\BOOKMARK [1][-]{section.18.30}{\376\377\0001\0008\000.\0003\0000\000.\000\040\215\160\124\021\123\357\147\204\220\040\152\041\134\102}{chapter.18}% 728
\BOOKMARK [1][-]{section.18.31}{\376\377\0001\0008\000.\0003\0001\000.\000\040\136\163\127\146\140\001\134\004}{chapter.18}% 729
\BOOKMARK [1][-]{section.18.32}{\376\377\0001\0008\000.\0003\0002\000.\000\040\123\357\220\006\152\041}{chapter.18}% 730
\BOOKMARK [1][-]{section.18.33}{\376\377\0001\0008\000.\0003\0003\000.\000\040\137\256\122\006\152\041}{chapter.18}% 731
\BOOKMARK [1][-]{section.18.34}{\376\377\0001\0008\000.\0003\0004\000.\000\040\147\011\226\120\226\066\137\256\122\006\173\227\133\120}{chapter.18}% 732
\BOOKMARK [1][-]{section.18.35}{\376\377\0001\0008\000.\0003\0005\000.\000\040\147\064\175\040\117\131\122\007\131\015\137\142}{chapter.18}% 733
\BOOKMARK [1][-]{section.18.36}{\376\377\0001\0008\000.\0003\0006\000.\000\040\152\041\166\204\203\016}{chapter.18}% 734
\BOOKMARK [1][-]{section.18.37}{\376\377\0001\0008\000.\0003\0007\000.\000\040\144\151\131\051\151\174\134\102}{chapter.18}% 735
\BOOKMARK [1][-]{section.18.38}{\376\377\0001\0008\000.\0003\0008\000.\000\040\134\100\220\350\123\026\116\016\160\271}{chapter.18}% 736
\BOOKMARK [1][-]{section.18.39}{\376\377\0001\0008\000.\0003\0009\000.\000\040\136\163\127\146\152\041\166\204\142\311\126\336}{chapter.18}% 737
\BOOKMARK [1][-]{section.18.40}{\376\377\0001\0008\000.\0004\0000\000.\000\040\134\100\220\350\163\257\142\323\142\121\145\257}{chapter.18}% 738
\BOOKMARK [1][-]{section.18.41}{\376\377\0001\0008\000.\0004\0001\000.\000\040\152\041\166\204\116\013\123\371\123\367\121\375\133\120}{chapter.18}% 739
\BOOKMARK [1][-]{section.18.42}{\376\377\0001\0008\000.\0004\0002\000.\000\040\136\070\120\074\134\102}{chapter.18}% 740
\BOOKMARK [1][-]{section.18.43}{\376\377\0001\0008\000.\0004\0003\000.\000\040\134\100\220\350\136\070\120\074\134\102}{chapter.18}% 741
\BOOKMARK [1][-]{section.18.44}{\376\377\0001\0008\000.\0004\0004\000.\000\040\163\257\134\102\166\204\134\100\220\350\123\026}{chapter.18}% 742
\BOOKMARK [1][-]{section.18.45}{\376\377\0001\0008\000.\0004\0005\000.\000\040\136\046\127\372\160\271\226\306\124\010\134\102}{chapter.18}% 743
\BOOKMARK [0][-]{chapter.19}{\376\377\000C\000h\000a\000p\000t\000e\000r\000\040\0001\0009\000.\000\040\121\205\134\004\133\371\214\141}{}% 744
\BOOKMARK [1][-]{section.19.1}{\376\377\0001\0009\000.\0001\000.\000\040\137\025\212\000}{chapter.19}% 745
\BOOKMARK [1][-]{section.19.2}{\376\377\0001\0009\000.\0002\000.\000\040\152\041\166\204\000\040\000B\000a\000e\000r\000\040\213\272\213\301}{chapter.19}% 746
\BOOKMARK [1][-]{section.19.3}{\376\377\0001\0009\000.\0003\000.\000\040\000G\000-\152\041}{chapter.19}% 747
\BOOKMARK [1][-]{section.19.4}{\376\377\0001\0009\000.\0004\000.\000\040\172\172\225\364\116\012\166\204\226\077\215\035\134\024\134\102}{chapter.19}% 748
\BOOKMARK [1][-]{section.19.5}{\376\377\0001\0009\000.\0005\000.\000\040\163\257\172\172\225\364\116\012\166\204\152\041\134\102}{chapter.19}% 749
\BOOKMARK [1][-]{section.19.6}{\376\377\0001\0009\000.\0006\000.\000\040\203\003\165\164\116\012\166\204\226\077\215\035\134\024\230\204\134\102}{chapter.19}% 750
\BOOKMARK [1][-]{section.19.7}{\376\377\0001\0009\000.\0007\000.\000\040\172\331\160\271\116\012\166\204\226\077\215\035\134\024\134\102}{chapter.19}% 751
\BOOKMARK [1][-]{section.19.8}{\376\377\0001\0009\000.\0008\000.\000\040\163\257\172\331\160\271\116\012\166\204\152\041}{chapter.19}% 752
\BOOKMARK [1][-]{section.19.9}{\376\377\0001\0009\000.\0009\000.\000\040\226\077\215\035\134\024\203\003\165\164\166\204\135\114\121\145}{chapter.19}% 753
\BOOKMARK [1][-]{section.19.10}{\376\377\0001\0009\000.\0001\0000\000.\000\040\000G\000r\000o\000t\000h\000e\000n\000d\000i\000e\000c\000k\000\040\166\204\000\040\000A\000B\000\040\147\141\116\366}{chapter.19}% 754
\BOOKMARK [1][-]{section.19.11}{\376\377\0001\0009\000.\0001\0001\000.\000\040\000G\000r\000o\000t\000h\000e\000n\000d\000i\000e\000c\000k\000\040\203\003\165\164\116\055\166\204\121\205\134\004\133\371\214\141}{chapter.19}% 755
\BOOKMARK [1][-]{section.19.12}{\376\377\0001\0009\000.\0001\0002\000.\000\040\000G\000r\000o\000t\000h\000e\000n\000d\000i\000e\000c\000k\000\040\203\003\165\164\116\055\166\204\000\040\000K\000-\121\205\134\004\133\371\214\141}{chapter.19}% 756
\BOOKMARK [1][-]{section.19.13}{\376\377\0001\0009\000.\0001\0003\000.\000\040\000G\000r\000o\000t\000h\000e\000n\000d\000i\000e\000c\000k\000\040\226\077\215\035\134\024\203\003\165\164\166\204\210\145\121\105\213\364\146\016}{chapter.19}% 757
\BOOKMARK [1][-]{section.19.14}{\376\377\0001\0009\000.\0001\0004\000.\000\040\000G\000a\000b\000r\000i\000e\000l\040\023\000P\000o\000p\000e\000s\000c\000u\000\040\133\232\164\006}{chapter.19}% 758
\BOOKMARK [1][-]{section.19.15}{\376\377\0001\0009\000.\0001\0005\000.\000\040\000B\000r\000o\000w\000n\000\040\123\357\210\150\140\047\116\016\000\040\000G\000r\000o\000t\000h\000e\000n\000d\000i\000e\000c\000k\000\040\226\077\215\035\134\024\203\003\165\164}{chapter.19}% 759
\BOOKMARK [0][-]{chapter.20}{\376\377\000C\000h\000a\000p\000t\000e\000r\000\040\0002\0000\000.\000\040\134\102\116\012\124\014\214\003}{}% 760
\BOOKMARK [1][-]{section.20.1}{\376\377\0002\0000\000.\0001\000.\000\040\137\025\212\000}{chapter.20}% 761
\BOOKMARK [1][-]{section.20.2}{\376\377\0002\0000\000.\0002\000.\000\040\134\102\116\012\124\014\214\003}{chapter.20}% 762
\BOOKMARK [1][-]{section.20.3}{\376\377\0002\0000\000.\0003\000.\000\040\133\374\121\372\121\375\133\120}{chapter.20}% 763
\BOOKMARK [1][-]{section.20.4}{\376\377\0002\0000\000.\0004\000.\000\040\173\054\116\000\116\012\124\014\214\003\116\016\143\040\133\120}{chapter.20}% 764
\BOOKMARK [1][-]{section.20.5}{\376\377\0002\0000\000.\0005\000.\000\040\173\054\116\000\116\012\124\014\214\003\116\016\142\151\137\040}{chapter.20}% 765
\BOOKMARK [1][-]{section.20.6}{\376\377\0002\0000\000.\0006\000.\000\040\173\054\116\000\116\012\124\014\214\003\116\016\123\357\220\006\152\041\134\102}{chapter.20}% 766
\BOOKMARK [1][-]{section.20.7}{\376\377\0002\0000\000.\0007\000.\000\040\116\012\124\014\214\003\166\204\134\100\220\350\140\047}{chapter.20}% 767
\BOOKMARK [1][-]{section.20.8}{\376\377\0002\0000\000.\0008\000.\000\040\000M\000a\000y\000e\000r\040\023\000V\000i\000e\000t\000o\000r\000i\000s\000\040\136\217\122\027}{chapter.20}% 768
\BOOKMARK [1][-]{section.20.9}{\376\377\0002\0000\000.\0009\000.\000\040\001\014\000e\000c\000h\000\040\131\015\137\142\116\016\000\040\001\014\000e\000c\000h\000\040\116\012\124\014\214\003}{chapter.20}% 769
\BOOKMARK [1][-]{section.20.10}{\376\377\0002\0000\000.\0001\0000\000.\000\040\001\014\000e\000c\000h\000\040\116\012\124\014\214\003\117\134\116\072\230\204\134\102\116\012\166\204\121\375\133\120}{chapter.20}% 770
\BOOKMARK [1][-]{section.20.11}{\376\377\0002\0000\000.\0001\0001\000.\000\040\001\014\000e\000c\000h\000\040\116\012\124\014\214\003\116\016\134\102\116\012\124\014\214\003}{chapter.20}% 771
\BOOKMARK [1][-]{section.20.12}{\376\377\0002\0000\000.\0001\0002\000.\000\040\147\176\137\033\134\102}{chapter.20}% 772
\BOOKMARK [1][-]{section.20.13}{\376\377\0002\0000\000.\0001\0003\000.\000\040\000L\000e\000r\000a\000y\000\040\214\061\136\217\122\027}{chapter.20}% 773
\BOOKMARK [1][-]{section.20.14}{\376\377\0002\0000\000.\0001\0004\000.\000\040\116\012\124\014\214\003\166\204\121\375\133\120\140\047}{chapter.20}% 774
\BOOKMARK [1][-]{section.20.15}{\376\377\0002\0000\000.\0001\0005\000.\000\040\122\240\176\306\116\016\000\040\001\014\000e\000c\000h\000\040\116\012\124\014\214\003}{chapter.20}% 775
\BOOKMARK [1][-]{section.20.16}{\376\377\0002\0000\000.\0001\0006\000.\000\040\000H\000a\000u\000s\000d\000o\000r\000f\000f\000\040\142\337\175\047\172\172\225\364\116\012\166\204\116\012\124\014\214\003}{chapter.20}% 776
\BOOKMARK [1][-]{section.20.17}{\376\377\0002\0000\000.\0001\0007\000.\000\040\127\372\123\330\143\142\146\040\134\004}{chapter.20}% 777
\BOOKMARK [1][-]{section.20.18}{\376\377\0002\0000\000.\0001\0008\000.\000\040\142\323\142\121\116\055\166\204\167\037\127\372\123\330\143\142}{chapter.20}% 778
\BOOKMARK [1][-]{section.20.19}{\376\377\0002\0000\000.\0001\0009\000.\000\040\116\012\124\014\214\003\116\016\117\131\147\201\226\120}{chapter.20}% 779
\BOOKMARK [1][-]{section.20.20}{\376\377\0002\0000\000.\0002\0000\000.\000\040\213\372\162\171\142\323\142\121\172\172\225\364\116\012\166\204\155\210\131\061}{chapter.20}% 780
\BOOKMARK [1][-]{section.20.21}{\376\377\0002\0000\000.\0002\0001\000.\000\040\145\057\144\221\127\050\225\355\133\120\226\306\116\012\166\204\116\012\124\014\214\003}{chapter.20}% 781
\BOOKMARK [1][-]{section.20.22}{\376\377\0002\0000\000.\0002\0002\000.\000\040\214\061\142\323\142\121\172\172\225\364\116\012\166\204\116\012\124\014\214\003}{chapter.20}% 782
\BOOKMARK [1][-]{section.20.23}{\376\377\0002\0000\000.\0002\0003\000.\000\040\116\244\146\377\000\040\001\014\000e\000c\000h\000\040\131\015\137\142}{chapter.20}% 783
\BOOKMARK [1][-]{section.20.24}{\376\377\0002\0000\000.\0002\0004\000.\000\040\001\014\000e\000c\000h\000\040\131\015\137\142\166\204\123\346\116\000\171\315\167\013\154\325}{chapter.20}% 784
\BOOKMARK [1][-]{section.20.25}{\376\377\0002\0000\000.\0002\0005\000.\000\040\131\015\137\142\166\204\000\040\001\014\000e\000c\000h\000\040\116\012\124\014\214\003}{chapter.20}% 785
\BOOKMARK [1][-]{section.20.26}{\376\377\0002\0000\000.\0002\0006\000.\000\040\136\163\127\146\155\210\211\343}{chapter.20}% 786
\BOOKMARK [1][-]{section.20.27}{\376\377\0002\0000\000.\0002\0007\000.\000\040\133\374\121\372\142\311\126\336}{chapter.20}% 787
\BOOKMARK [1][-]{section.20.28}{\376\377\0002\0000\000.\0002\0008\000.\000\040\145\340\165\114\131\015\137\142\166\204\116\012\124\014\214\003}{chapter.20}% 788
\BOOKMARK [1][-]{section.20.29}{\376\377\0002\0000\000.\0002\0009\000.\000\040\156\344\217\307\131\015\137\142\166\204\116\012\124\014\214\003}{chapter.20}% 789
\BOOKMARK [1][-]{section.20.30}{\376\377\0002\0000\000.\0003\0000\000.\000\040\000G\000o\000d\000e\000m\000e\000n\000t\000\040\155\210\211\343}{chapter.20}% 790
\BOOKMARK [1][-]{section.20.31}{\376\377\0002\0000\000.\0003\0001\000.\000\040\147\157\171\357}{chapter.20}% 791
\BOOKMARK [1][-]{section.20.32}{\376\377\0002\0000\000.\0003\0002\000.\000\040\000K\000-\121\205\134\004\131\015\137\142\166\204\116\000\116\233\140\047\215\050}{chapter.20}% 792
\BOOKMARK [1][-]{section.20.33}{\376\377\0002\0000\000.\0003\0003\000.\000\040\145\340\165\114\000\040\000M\000a\000y\000e\000r\040\023\000V\000i\000e\000t\000o\000r\000i\000s}{chapter.20}% 793
\BOOKMARK [1][-]{section.20.34}{\376\377\0002\0000\000.\0003\0004\000.\000\040\145\057\144\221\127\050\225\355\133\120\226\306\116\012\166\204\116\012\124\014\214\003\377\014\000I\000I}{chapter.20}% 794
\BOOKMARK [1][-]{section.20.35}{\376\377\0002\0000\000.\0003\0005\000.\000\040\220\006\174\373\176\337\116\016\116\012\124\014\214\003\377\014\000I}{chapter.20}% 795
\BOOKMARK [1][-]{section.20.36}{\376\377\0002\0000\000.\0003\0006\000.\000\040\220\006\174\373\176\337\116\016\116\012\124\014\214\003\377\014\000I\000I}{chapter.20}% 796
\BOOKMARK [1][-]{section.20.37}{\376\377\0002\0000\000.\0003\0007\000.\000\040\133\374\121\372\147\201\226\120}{chapter.20}% 797
\BOOKMARK [1][-]{section.20.38}{\376\377\0002\0000\000.\0003\0008\000.\000\040\147\204\220\040\000\040\000K\000-\121\205\134\004\155\210\211\343}{chapter.20}% 798
\BOOKMARK [1][-]{section.20.39}{\376\377\0002\0000\000.\0003\0009\000.\000\040\220\006\174\373\176\337\116\016\116\012\124\014\214\003\377\014\000I\000I\000I}{chapter.20}% 799
\BOOKMARK [1][-]{section.20.40}{\376\377\0002\0000\000.\0004\0000\000.\000\040\145\340\165\114\131\015\137\142\166\204\000\040\001\014\000e\000c\000h\000\040\116\012\124\014\214\003}{chapter.20}% 800
\BOOKMARK [1][-]{section.20.41}{\376\377\0002\0000\000.\0004\0001\000.\000\040\000H\000o\000m\000\040\131\015\137\142}{chapter.20}% 801
\BOOKMARK [1][-]{section.20.42}{\376\377\0002\0000\000.\0004\0002\000.\000\040\133\374\121\372\203\003\165\164\116\055\166\204\121\205\000\040\000H\000o\000m}{chapter.20}% 802
\BOOKMARK [1][-]{section.20.43}{\376\377\0002\0000\000.\0004\0003\000.\000\040\000E\000x\000t\000\040\134\102}{chapter.20}% 803
\BOOKMARK [1][-]{section.20.44}{\376\377\0002\0000\000.\0004\0004\000.\000\040\145\164\117\123\133\374\121\372\000\040\000H\000o\000m}{chapter.20}% 804
\BOOKMARK [1][-]{section.20.45}{\376\377\0002\0000\000.\0004\0005\000.\000\040\131\015\137\142\166\204\174\230\124\010}{chapter.20}% 805
\BOOKMARK [1][-]{section.20.46}{\376\377\0002\0000\000.\0004\0006\000.\000\040\116\045\150\074\133\214\177\216\131\015\137\142}{chapter.20}% 806
\BOOKMARK [1][-]{section.20.47}{\376\377\0002\0000\000.\0004\0007\000.\000\040\117\052\121\335\200\132\152\041}{chapter.20}% 807
\BOOKMARK [1][-]{section.20.48}{\376\377\0002\0000\000.\0004\0008\000.\000\040\000T\000o\000r\000\040\176\364\145\160}{chapter.20}% 808
\BOOKMARK [1][-]{section.20.49}{\376\377\0002\0000\000.\0004\0009\000.\000\040\133\214\177\216\131\015\137\142}{chapter.20}% 809
\BOOKMARK [1][-]{section.20.50}{\376\377\0002\0000\000.\0005\0000\000.\000\040\133\371\120\166}{chapter.20}% 810
\BOOKMARK [1][-]{section.20.51}{\376\377\0002\0000\000.\0005\0001\000.\000\040\147\102\230\171}{chapter.20}% 811
\BOOKMARK [1][-]{section.20.52}{\376\377\0002\0000\000.\0005\0002\000.\000\040\133\374\121\372\203\003\165\164\116\055\166\204\123\357\220\006\133\371\214\141}{chapter.20}% 812
\BOOKMARK [1][-]{section.20.53}{\376\377\0002\0000\000.\0005\0003\000.\000\040\175\047\133\371\214\141}{chapter.20}% 813
\BOOKMARK [1][-]{section.20.54}{\376\377\0002\0000\000.\0005\0004\000.\000\040\142\225\137\161\121\154\137\017}{chapter.20}% 814
\BOOKMARK [1][-]{section.20.55}{\376\377\0002\0000\000.\0005\0005\000.\000\040\000B\000e\000r\000t\000h\000e\000l\000o\000t\000\040\116\016\000\040\000O\000g\000u\000s\000\040\137\025\121\145\166\204\173\227\133\120}{chapter.20}% 815
\BOOKMARK [0][-]{chapter.21}{\376\377\000C\000h\000a\000p\000t\000e\000r\000\040\0002\0001\000.\000\040\172\331\160\271\116\012\166\204\116\012\124\014\214\003}{}% 816
\BOOKMARK [1][-]{section.21.1}{\376\377\0002\0001\000.\0001\000.\000\040\137\025\212\000}{chapter.21}% 817
\BOOKMARK [1][-]{section.21.2}{\376\377\0002\0001\000.\0002\000.\000\040\134\102\116\012\124\014\214\003}{chapter.21}% 818
\BOOKMARK [1][-]{section.21.3}{\376\377\0002\0001\000.\0003\000.\000\040\133\374\121\372\121\375\133\120}{chapter.21}% 819
\BOOKMARK [1][-]{section.21.4}{\376\377\0002\0001\000.\0004\000.\000\040\173\054\116\000\116\012\124\014\214\003\116\016\143\040\133\120}{chapter.21}% 820
\BOOKMARK [1][-]{section.21.5}{\376\377\0002\0001\000.\0005\000.\000\040\173\054\116\000\116\012\124\014\214\003\116\016\142\151\137\040}{chapter.21}% 821
\BOOKMARK [1][-]{section.21.6}{\376\377\0002\0001\000.\0006\000.\000\040\173\054\116\000\116\012\124\014\214\003\116\016\123\357\220\006\134\102}{chapter.21}% 822
\BOOKMARK [1][-]{section.21.7}{\376\377\0002\0001\000.\0007\000.\000\040\116\012\124\014\214\003\166\204\134\100\220\350\140\047}{chapter.21}% 823
\BOOKMARK [1][-]{section.21.8}{\376\377\0002\0001\000.\0008\000.\000\040\001\014\000e\000c\000h\000\040\131\015\137\142\116\016\000\040\001\014\000e\000c\000h\000\040\116\012\124\014\214\003}{chapter.21}% 824
\BOOKMARK [1][-]{section.21.9}{\376\377\0002\0001\000.\0009\000.\000\040\001\014\000e\000c\000h\000\040\116\012\124\014\214\003\117\134\116\072\230\204\134\102\116\012\166\204\121\375\133\120}{chapter.21}% 825
\BOOKMARK [1][-]{section.21.10}{\376\377\0002\0001\000.\0001\0000\000.\000\040\001\014\000e\000c\000h\000\040\116\012\124\014\214\003\116\016\116\012\124\014\214\003}{chapter.21}% 826
\BOOKMARK [1][-]{section.21.11}{\376\377\0002\0001\000.\0001\0001\000.\000\040\173\054\116\214\116\012\124\014\214\003\116\016\000\040\000g\000e\000r\000b\000e}{chapter.21}% 827
\BOOKMARK [1][-]{section.21.12}{\376\377\0002\0001\000.\0001\0002\000.\000\040\152\041\166\204\116\012\124\014\214\003}{chapter.21}% 828
\BOOKMARK [1][-]{section.21.13}{\376\377\0002\0001\000.\0001\0003\000.\000\040\133\214\121\150\145\340\163\257\134\102}{chapter.21}% 829
\BOOKMARK [1][-]{section.21.14}{\376\377\0002\0001\000.\0001\0004\000.\000\040\000L\000e\000r\000a\000y\000\040\214\061\136\217\122\027}{chapter.21}% 830
\BOOKMARK [1][-]{section.21.15}{\376\377\0002\0001\000.\0001\0005\000.\000\040\127\372\123\330\143\142\146\040\134\004}{chapter.21}% 831
\BOOKMARK [1][-]{section.21.16}{\376\377\0002\0001\000.\0001\0006\000.\000\040\116\012\124\014\214\003\116\016\117\131\147\201\226\120}{chapter.21}% 832
\BOOKMARK [1][-]{section.21.17}{\376\377\0002\0001\000.\0001\0007\000.\000\040\136\163\127\146\122\006\217\250}{chapter.21}% 833
\BOOKMARK [1][-]{section.21.18}{\376\377\0002\0001\000.\0001\0008\000.\000\040\133\374\121\372\142\311\126\336}{chapter.21}% 834
\BOOKMARK [1][-]{section.21.19}{\376\377\0002\0001\000.\0001\0009\000.\000\040\145\340\165\114\131\015\137\142\166\204\116\012\124\014\214\003}{chapter.21}% 835
\BOOKMARK [1][-]{section.21.20}{\376\377\0002\0001\000.\0002\0000\000.\000\040\000K\000-\121\205\134\004\131\015\137\142\166\204\116\000\116\233\140\047\215\050}{chapter.21}% 836
\BOOKMARK [1][-]{section.21.21}{\376\377\0002\0001\000.\0002\0001\000.\000\040\134\100\220\350\123\026\116\016\116\012\124\014\214\003}{chapter.21}% 837
\BOOKMARK [1][-]{section.21.22}{\376\377\0002\0001\000.\0002\0002\000.\000\040\220\006\174\373\176\337\116\016\116\012\124\014\214\003}{chapter.21}% 838
\BOOKMARK [1][-]{section.21.23}{\376\377\0002\0001\000.\0002\0003\000.\000\040\133\374\121\372\147\201\226\120\116\016\124\014\117\046\147\201\226\120}{chapter.21}% 839
\BOOKMARK [1][-]{section.21.24}{\376\377\0002\0001\000.\0002\0004\000.\000\040\147\204\220\040\000\040\000K\000-\121\205\134\004\122\006\217\250}{chapter.21}% 840
\BOOKMARK [1][-]{section.21.25}{\376\377\0002\0001\000.\0002\0005\000.\000\040\147\011\165\114\116\012\124\014\214\003\176\364\145\160}{chapter.21}% 841
\BOOKMARK [1][-]{section.21.26}{\376\377\0002\0001\000.\0002\0006\000.\000\040\000M\000a\000y\000e\000r\000-\000V\000i\000e\000t\000o\000r\000i\000s}{chapter.21}% 842
\BOOKMARK [1][-]{section.21.27}{\376\377\0002\0001\000.\0002\0007\000.\000\040\153\324\217\203\116\044\116\052\142\323\142\121}{chapter.21}% 843
\BOOKMARK [1][-]{section.21.28}{\376\377\0002\0001\000.\0002\0008\000.\000\040\116\012\124\014\214\003\116\013\226\115\166\204\137\142\137\017\140\047}{chapter.21}% 844
\BOOKMARK [1][-]{section.21.29}{\376\377\0002\0001\000.\0002\0009\000.\000\040\153\324\217\203\116\044\116\052\142\323\142\121\377\014\000I\000I}{chapter.21}% 845
\BOOKMARK [1][-]{section.21.30}{\376\377\0002\0001\000.\0003\0000\000.\000\040\153\324\217\203\116\012\124\014\214\003}{chapter.21}% 846
\BOOKMARK [1][-]{section.21.31}{\376\377\0002\0001\000.\0003\0001\000.\000\040\214\152\145\257\131\032\131\053\116\024\134\100\220\350\142\337\175\047\172\172\225\364\116\012\166\204\116\012\124\014\214\003}{chapter.21}% 847
\BOOKMARK [1][-]{section.21.32}{\376\377\0002\0001\000.\0003\0002\000.\000\040\000E\000x\000t\000\040\166\204\214\061\136\217\122\027}{chapter.21}% 848
\BOOKMARK [1][-]{section.21.33}{\376\377\0002\0001\000.\0003\0003\000.\000\040\147\157\171\357}{chapter.21}% 849
\BOOKMARK [1][-]{section.21.34}{\376\377\0002\0001\000.\0003\0004\000.\000\040\000H\000o\000m\000\040\131\015\137\142}{chapter.21}% 850
\BOOKMARK [1][-]{section.21.35}{\376\377\0002\0001\000.\0003\0005\000.\000\040\133\374\121\372\203\003\165\164\116\055\166\204\121\205\220\350\000\040\000H\000o\000m}{chapter.21}% 851
\BOOKMARK [1][-]{section.21.36}{\376\377\0002\0001\000.\0003\0006\000.\000\040\121\150\134\100\133\374\121\372\000\040\000H\000o\000m}{chapter.21}% 852
\BOOKMARK [1][-]{section.21.37}{\376\377\0002\0001\000.\0003\0007\000.\000\040\133\374\121\372\116\013\000\040\000s\000h\000r\000i\000e\000k}{chapter.21}% 853
\BOOKMARK [1][-]{section.21.38}{\376\377\0002\0001\000.\0003\0008\000.\000\040\176\244\176\364\123\026\203\003\165\164\166\204\133\374\121\372\116\013\000\040\000s\000h\000r\000i\000e\000k}{chapter.21}% 854
\BOOKMARK [1][-]{section.21.39}{\376\377\0002\0001\000.\0003\0009\000.\000\040\203\003\165\164\116\012\166\204\124\014\214\003}{chapter.21}% 855
\BOOKMARK [1][-]{section.21.40}{\376\377\0002\0001\000.\0004\0000\000.\000\040\213\241\173\227\133\374\121\372\116\013\000\040\000s\000h\000r\000i\000e\000k}{chapter.21}% 856
\BOOKMARK [1][-]{section.21.41}{\376\377\0002\0001\000.\0004\0001\000.\000\040\123\125\176\257\152\041}{chapter.21}% 857
\BOOKMARK [1][-]{section.21.42}{\376\377\0002\0001\000.\0004\0002\000.\000\040\203\003\165\164\116\012\166\204\116\012\124\014\214\003}{chapter.21}% 858
\BOOKMARK [1][-]{section.21.43}{\376\377\0002\0001\000.\0004\0003\000.\000\040\203\003\165\164\116\012\166\204\152\041}{chapter.21}% 859
\BOOKMARK [1][-]{section.21.44}{\376\377\0002\0001\000.\0004\0004\000.\000\040\116\045\150\074\133\214\177\216\131\015\137\142}{chapter.21}% 860
\BOOKMARK [1][-]{section.21.45}{\376\377\0002\0001\000.\0004\0005\000.\000\040\117\052\121\335\200\132\152\041}{chapter.21}% 861
\BOOKMARK [1][-]{section.21.46}{\376\377\0002\0001\000.\0004\0006\000.\000\040\000T\000o\000r\000\040\176\364\145\160}{chapter.21}% 862
\BOOKMARK [1][-]{section.21.47}{\376\377\0002\0001\000.\0004\0007\000.\000\040\133\214\177\216\131\015\137\142}{chapter.21}% 863
\BOOKMARK [1][-]{section.21.48}{\376\377\0002\0001\000.\0004\0008\000.\000\040\133\371\120\166}{chapter.21}% 864
\BOOKMARK [1][-]{section.21.49}{\376\377\0002\0001\000.\0004\0009\000.\000\040\133\374\121\372\203\003\165\164\116\055\166\204\123\357\220\006\133\371\214\141}{chapter.21}% 865
\BOOKMARK [1][-]{section.21.50}{\376\377\0002\0001\000.\0005\0000\000.\000\040\142\225\137\161\121\154\137\017}{chapter.21}% 866
\BOOKMARK [1][-]{section.21.51}{\376\377\0002\0001\000.\0005\0001\000.\000\040\137\061\123\357\177\051\133\371\214\141}{chapter.21}% 867
\BOOKMARK [1][-]{section.21.52}{\376\377\0002\0001\000.\0005\0002\000.\000\040\175\047\133\371\214\141}{chapter.21}% 868
\BOOKMARK [1][-]{section.21.53}{\376\377\0002\0001\000.\0005\0003\000.\000\040\116\012\124\014\214\003\134\102\134\100\220\350\136\070\120\074\166\204\131\015\137\142}{chapter.21}% 869
\BOOKMARK [0][-]{chapter.22}{\376\377\000C\000h\000a\000p\000t\000e\000r\000\040\0002\0002\000.\000\040\137\256\122\006\122\006\153\041\116\343\145\160}{}% 870
\BOOKMARK [1][-]{section.22.1}{\376\377\0002\0002\000.\0001\000.\000\040\137\025\212\000}{chapter.22}% 871
\BOOKMARK [1][-]{section.22.2}{\376\377\0002\0002\000.\0002\000.\000\040\176\246\133\232}{chapter.22}% 872
\BOOKMARK [1][-]{section.22.3}{\376\377\0002\0002\000.\0003\000.\000\040\137\256\122\006\122\006\153\041\116\343\145\160}{chapter.22}% 873
\BOOKMARK [1][-]{section.22.4}{\376\377\0002\0002\000.\0004\000.\000\040\137\256\122\006\122\006\153\041\152\041}{chapter.22}% 874
\BOOKMARK [1][-]{section.22.5}{\376\377\0002\0002\000.\0005\000.\000\040\124\014\117\046\203\003\165\164}{chapter.22}% 875
\BOOKMARK [1][-]{section.22.6}{\376\377\0002\0002\000.\0006\000.\000\040\225\045}{chapter.22}% 876
\BOOKMARK [1][-]{section.22.7}{\376\377\0002\0002\000.\0007\000.\000\040\133\271\213\270\167\355\153\143\124\010\122\027}{chapter.22}% 877
\BOOKMARK [1][-]{section.22.8}{\376\377\0002\0002\000.\0008\000.\000\040\147\011\123\072\122\053\116\011\211\322}{chapter.22}% 878
\BOOKMARK [1][-]{section.22.9}{\376\377\0002\0002\000.\0009\000.\000\040\225\045\116\016\147\011\123\072\122\053\116\011\211\322}{chapter.22}% 879
\BOOKMARK [1][-]{section.22.10}{\376\377\0002\0002\000.\0001\0000\000.\000\040\124\014\117\046\203\003\165\164\146\057\116\011\211\322\203\003\165\164}{chapter.22}% 880
\BOOKMARK [1][-]{section.22.11}{\376\377\0002\0002\000.\0001\0001\000.\000\040\135\346\152\041}{chapter.22}% 881
\BOOKMARK [1][-]{section.22.12}{\376\377\0002\0002\000.\0001\0002\000.\000\040\137\040\221\317\171\357}{chapter.22}% 882
\BOOKMARK [1][-]{section.22.13}{\376\377\0002\0002\000.\0001\0003\000.\000\040\000H\000o\000m\000\040\131\015\137\142\116\016\137\256\122\006\122\006\153\041\152\041}{chapter.22}% 883
\BOOKMARK [1][-]{section.22.14}{\376\377\0002\0002\000.\0001\0004\000.\000\040\116\343\145\160\116\012\166\204\142\225\134\004\152\041}{chapter.22}% 884
\BOOKMARK [1][-]{section.22.15}{\376\377\0002\0002\000.\0001\0005\000.\000\040\122\006\153\041\116\343\145\160\116\012\166\204\142\225\134\004\152\041}{chapter.22}% 885
\BOOKMARK [1][-]{section.22.16}{\376\377\0002\0002\000.\0001\0006\000.\000\040\142\225\134\004\152\041\116\016\137\256\122\006\122\006\153\041\116\343\145\160}{chapter.22}% 886
\BOOKMARK [1][-]{section.22.17}{\376\377\0002\0002\000.\0001\0007\000.\000\040\116\343\145\160\116\012\166\204\121\205\134\004\152\041}{chapter.22}% 887
\BOOKMARK [1][-]{section.22.18}{\376\377\0002\0002\000.\0001\0008\000.\000\040\122\006\153\041\116\343\145\160\116\012\166\204\121\205\134\004\152\041}{chapter.22}% 888
\BOOKMARK [1][-]{section.22.19}{\376\377\0002\0002\000.\0001\0009\000.\000\040\121\205\134\004\152\041\116\016\137\256\122\006\122\006\153\041\116\343\145\160}{chapter.22}% 889
\BOOKMARK [1][-]{section.22.20}{\376\377\0002\0002\000.\0002\0000\000.\000\040\000P\000-\122\006\217\250}{chapter.22}% 890
\BOOKMARK [1][-]{section.22.21}{\376\377\0002\0002\000.\0002\0001\000.\000\040\000I\000-\122\006\217\250}{chapter.22}% 891
\BOOKMARK [1][-]{section.22.22}{\376\377\0002\0002\000.\0002\0002\000.\000\040\133\374\121\372\203\003\165\164}{chapter.22}% 892
\BOOKMARK [1][-]{section.22.23}{\376\377\0002\0002\000.\0002\0003\000.\000\040\121\170\203\003\000\040\000d\000e\000l\000t\000a\000-\121\375\133\120}{chapter.22}% 893
\BOOKMARK [1][-]{section.22.24}{\376\377\0002\0002\000.\0002\0004\000.\000\040\176\277\140\047\203\003\165\164}{chapter.22}% 894
\BOOKMARK [1][-]{section.22.25}{\376\377\0002\0002\000.\0002\0005\000.\000\040\122\006\153\041\203\003\165\164}{chapter.22}% 895
\BOOKMARK [1][-]{section.22.26}{\376\377\0002\0002\000.\0002\0006\000.\000\040\137\256\122\006\122\006\153\041\203\003\165\164}{chapter.22}% 896
\BOOKMARK [1][-]{section.22.27}{\376\377\0002\0002\000.\0002\0007\000.\000\040\137\227\122\060\116\011\211\322\203\003\165\164}{chapter.22}% 897
\BOOKMARK [1][-]{section.22.28}{\376\377\0002\0002\000.\0002\0008\000.\000\040\123\314\152\041}{chapter.22}% 898
\BOOKMARK [1][-]{section.22.29}{\376\377\0002\0002\000.\0002\0009\000.\000\040\123\314\152\041\116\016\137\040\221\317\171\357}{chapter.22}% 899
\BOOKMARK [1][-]{section.22.30}{\376\377\0002\0002\000.\0003\0000\000.\000\040\123\314\152\041\116\016\121\205\220\350\000\040\000H\000o\000m}{chapter.22}% 900
\BOOKMARK [1][-]{section.22.31}{\376\377\0002\0002\000.\0003\0001\000.\000\040\133\374\121\372\000\040\000H\000o\000m}{chapter.22}% 901
\BOOKMARK [1][-]{section.22.32}{\376\377\0002\0002\000.\0003\0002\000.\000\040\133\374\121\372\000\040\000H\000o\000m\000\040\166\204\116\000\171\315\123\330\117\123}{chapter.22}% 902
\BOOKMARK [1][-]{section.22.33}{\376\377\0002\0002\000.\0003\0003\000.\000\040\133\374\121\372\137\040\221\317\171\357}{chapter.22}% 903
\BOOKMARK [1][-]{section.22.34}{\376\377\0002\0002\000.\0003\0004\000.\000\040\133\374\121\372\137\040\221\317\171\357\166\204\131\015\124\010}{chapter.22}% 904
\BOOKMARK [1][-]{section.22.35}{\376\377\0002\0002\000.\0003\0005\000.\000\040\133\374\121\372\137\040\221\317\171\357\166\204\116\000\171\315\123\330\117\123}{chapter.22}% 905
\BOOKMARK [1][-]{section.22.36}{\376\377\0002\0002\000.\0003\0006\000.\000\040\175\047\133\371\214\141\166\204\122\073\165\073}{chapter.22}% 906
\BOOKMARK [1][-]{section.22.37}{\376\377\0002\0002\000.\0003\0007\000.\000\040\133\374\121\372\203\003\165\164\166\204\173\111\116\367}{chapter.22}% 907
\BOOKMARK [1][-]{section.22.38}{\376\377\0002\0002\000.\0003\0008\000.\000\040\137\256\122\006\122\006\153\041\116\343\145\160\166\204\122\006\217\250}{chapter.22}% 908
\BOOKMARK [0][-]{chapter.23}{\376\377\000C\000h\000a\000p\000t\000e\000r\000\040\0002\0003\000.\000\040\226\144\136\102\116\343\145\160}{}% 909
\BOOKMARK [1][-]{section.23.1}{\376\377\0002\0003\000.\0001\000.\000\040\137\025\212\000}{chapter.23}% 910
\BOOKMARK [1][-]{section.23.2}{\376\377\0002\0003\000.\0002\000.\000\040\226\144\136\102}{chapter.23}% 911
\BOOKMARK [1][-]{section.23.3}{\376\377\0002\0003\000.\0003\000.\000\040\226\144\136\102\163\257}{chapter.23}% 912
\BOOKMARK [1][-]{section.23.4}{\376\377\0002\0003\000.\0004\000.\000\040\226\144\136\102\176\323\147\204\166\204\136\366\142\323}{chapter.23}% 913
\BOOKMARK [1][-]{section.23.5}{\376\377\0002\0003\000.\0005\000.\000\040\226\144\136\102\131\032\230\171\137\017\116\343\145\160}{chapter.23}% 914
\BOOKMARK [1][-]{section.23.6}{\376\377\0002\0003\000.\0006\000.\000\040\000T\000a\000t\000e\000\040\122\006\217\250}{chapter.23}% 915
\BOOKMARK [1][-]{section.23.7}{\376\377\0002\0003\000.\0007\000.\000\040\127\050\133\214\121\150\116\244\116\055\166\204\136\224\165\050}{chapter.23}% 916
\BOOKMARK [1][-]{section.23.8}{\376\377\0002\0003\000.\0008\000.\000\040\134\100\220\350\133\214\121\150\116\244\163\257}{chapter.23}% 917
\BOOKMARK [1][-]{section.23.9}{\376\377\0002\0003\000.\0009\000.\000\040\134\100\220\350\133\214\121\150\116\244\124\014\140\001}{chapter.23}% 918
\BOOKMARK [1][-]{section.23.10}{\376\377\0002\0003\000.\0001\0000\000.\000\040\121\111\156\321\163\257\124\014\140\001\116\016\133\371\211\322}{chapter.23}% 919
\BOOKMARK [1][-]{section.23.11}{\376\377\0002\0003\000.\0001\0001\000.\000\040\117\131\154\325\152\041\166\204\201\352\165\061\140\047}{chapter.23}% 920
\BOOKMARK [1][-]{section.23.12}{\376\377\0002\0003\000.\0001\0002\000.\000\040\000K\000o\000s\000z\000u\000l\000\040\131\015\137\142\116\016\000\040\000T\000a\000t\000e\000\040\122\006\217\250}{chapter.23}% 921
\BOOKMARK [0][-]{chapter.24}{\376\377\000C\000h\000a\000p\000t\000e\000r\000\040\0002\0004\000.\000\040\137\256\122\006\122\006\153\041\134\102}{}% 922
\BOOKMARK [1][-]{section.24.1}{\376\377\0002\0004\000.\0001\000.\000\040\137\025\212\000}{chapter.24}% 923
\BOOKMARK [1][-]{section.24.2}{\376\377\0002\0004\000.\0002\000.\000\040\176\246\133\232}{chapter.24}% 924
\BOOKMARK [1][-]{section.24.3}{\376\377\0002\0004\000.\0003\000.\000\040\122\006\153\041\116\343\145\160\134\102}{chapter.24}% 925
\BOOKMARK [1][-]{section.24.4}{\376\377\0002\0004\000.\0004\000.\000\040\122\006\153\041\152\041\134\102}{chapter.24}% 926
\BOOKMARK [1][-]{section.24.5}{\376\377\0002\0004\000.\0005\000.\000\040\122\006\153\041\152\041\134\102\166\204\122\006\153\041\203\003\165\164}{chapter.24}% 927
\BOOKMARK [1][-]{section.24.6}{\376\377\0002\0004\000.\0006\000.\000\040\122\006\153\041\152\041\134\102\166\204\137\040\221\317\171\357}{chapter.24}% 928
\BOOKMARK [1][-]{section.24.7}{\376\377\0002\0004\000.\0007\000.\000\040\122\006\153\041\152\041\134\102\166\204\121\205\000\040\000H\000o\000m}{chapter.24}% 929
\BOOKMARK [1][-]{section.24.8}{\376\377\0002\0004\000.\0008\000.\000\040\122\006\153\041\123\314\152\041\134\102\116\016\137\040\221\317\040\023\000H\000o\000m\000\040\117\064\226\217}{chapter.24}% 930
\BOOKMARK [1][-]{section.24.9}{\376\377\0002\0004\000.\0009\000.\000\040\122\006\153\041\152\041\134\102\166\204\142\311\126\336\116\016\166\364\120\317}{chapter.24}% 931
\BOOKMARK [1][-]{section.24.10}{\376\377\0002\0004\000.\0001\0000\000.\000\040\134\100\220\350\123\026\116\016\122\006\153\041\152\041\134\102}{chapter.24}% 932
\BOOKMARK [1][-]{section.24.11}{\376\377\0002\0004\000.\0001\0001\000.\000\040\122\006\153\041\152\041\134\102\116\012\166\204\136\163\171\373\121\375\133\120}{chapter.24}% 933
\BOOKMARK [1][-]{section.24.12}{\376\377\0002\0004\000.\0001\0002\000.\000\040\137\256\122\006\122\006\153\041\116\343\145\160\134\102}{chapter.24}% 934
\BOOKMARK [1][-]{section.24.13}{\376\377\0002\0004\000.\0001\0003\000.\000\040\137\256\122\006\122\006\153\041\152\041\134\102}{chapter.24}% 935
\BOOKMARK [1][-]{section.24.14}{\376\377\0002\0004\000.\0001\0004\000.\000\040\152\041\166\204\137\256\122\006\122\006\153\041\203\003\165\164}{chapter.24}% 936
\BOOKMARK [1][-]{section.24.15}{\376\377\0002\0004\000.\0001\0005\000.\000\040\137\256\122\006\122\006\153\041\152\041\134\102\166\204\137\040\221\317\171\357}{chapter.24}% 937
\BOOKMARK [1][-]{section.24.16}{\376\377\0002\0004\000.\0001\0006\000.\000\040\137\256\122\006\122\006\153\041\152\041\134\102\166\204\121\205\000\040\000H\000o\000m}{chapter.24}% 938
\BOOKMARK [1][-]{section.24.17}{\376\377\0002\0004\000.\0001\0007\000.\000\040\137\256\122\006\122\006\153\041\123\314\152\041\134\102\116\016\137\040\221\317\040\023\000H\000o\000m\000\040\117\064\226\217}{chapter.24}% 939
\BOOKMARK [1][-]{section.24.18}{\376\377\0002\0004\000.\0001\0008\000.\000\040\137\256\122\006\122\006\153\041\152\041\134\102\166\204\142\311\126\336\116\016\166\364\120\317}{chapter.24}% 940
\BOOKMARK [1][-]{section.24.19}{\376\377\0002\0004\000.\0001\0009\000.\000\040\134\100\220\350\123\026\116\016\137\256\122\006\122\006\153\041\152\041\134\102}{chapter.24}% 941
\BOOKMARK [1][-]{section.24.20}{\376\377\0002\0004\000.\0002\0000\000.\000\040\137\256\122\006\122\006\153\041\152\041\134\102\116\012\166\204\136\163\171\373\121\375\133\120}{chapter.24}% 942
\BOOKMARK [1][-]{section.24.21}{\376\377\0002\0004\000.\0002\0001\000.\000\040\124\014\117\046\203\003\165\164}{chapter.24}% 943
\BOOKMARK [1][-]{section.24.22}{\376\377\0002\0004\000.\0002\0002\000.\000\040\225\045\116\016\116\011\211\322}{chapter.24}% 944
\BOOKMARK [1][-]{section.24.23}{\376\377\0002\0004\000.\0002\0003\000.\000\040\136\163\127\146\155\210\211\343}{chapter.24}% 945
\BOOKMARK [1][-]{section.24.24}{\376\377\0002\0004\000.\0002\0004\000.\000\040\122\006\153\041\152\041\166\204\137\256\122\006\122\006\153\041\123\005}{chapter.24}% 946
\BOOKMARK [1][-]{section.24.25}{\376\377\0002\0004\000.\0002\0005\000.\000\040\000K\000-\121\205\134\004\137\256\122\006\122\006\153\041\152\041}{chapter.24}% 947
\BOOKMARK [1][-]{section.24.26}{\376\377\0002\0004\000.\0002\0006\000.\000\040\133\374\121\372\203\003\165\164}{chapter.24}% 948
\BOOKMARK [1][-]{section.24.27}{\376\377\0002\0004\000.\0002\0007\000.\000\040\121\170\203\003\000\040\000-\121\375\133\120}{chapter.24}% 949
\BOOKMARK [1][-]{section.24.28}{\376\377\0002\0004\000.\0002\0008\000.\000\040\133\374\121\372\142\311\126\336}{chapter.24}% 950
\BOOKMARK [1][-]{section.24.29}{\376\377\0002\0004\000.\0002\0009\000.\000\040\133\374\121\372\166\364\120\317}{chapter.24}% 951
\BOOKMARK [1][-]{section.24.30}{\376\377\0002\0004\000.\0003\0000\000.\000\040\133\374\121\372\203\003\165\164\166\204\173\111\116\367}{chapter.24}% 952
\BOOKMARK [1][-]{section.24.31}{\376\377\0002\0004\000.\0003\0001\000.\000\040\137\256\122\006\122\006\153\041\116\343\145\160\166\204\122\006\217\250}{chapter.24}% 953
\BOOKMARK [1][-]{section.24.32}{\376\377\0002\0004\000.\0003\0002\000.\000\040\147\102\230\171}{chapter.24}% 954
\BOOKMARK [1][-]{section.24.33}{\376\377\0002\0004\000.\0003\0003\000.\000\040\203\003\165\164\116\012\166\204\137\256\122\006\122\006\153\041\152\041}{chapter.24}% 955
\BOOKMARK [1][-]{section.24.34}{\376\377\0002\0004\000.\0003\0004\000.\000\040\203\003\165\164\116\012\166\204\137\256\122\006\122\006\153\041\152\041\377\010\176\355\377\011}{chapter.24}% 956
\BOOKMARK [1][-]{section.24.35}{\376\377\0002\0004\000.\0003\0005\000.\000\040\137\256\122\006\122\006\153\041\116\343\145\160\166\204\220\006\174\373\176\337}{chapter.24}% 957
\BOOKMARK [0][-]{chapter.25}{\376\377\000C\000h\000a\000p\000t\000e\000r\000\040\0002\0005\000.\000\040\215\205\211\206\166\326}{}% 958
\BOOKMARK [1][-]{section.25.1}{\376\377\0002\0005\000.\0001\000.\000\040\137\025\212\000}{chapter.25}% 959
\BOOKMARK [1][-]{section.25.2}{\376\377\0002\0005\000.\0002\000.\000\040\123\112\123\357\210\150\133\371\214\141}{chapter.25}% 960
\BOOKMARK [1][-]{section.25.3}{\376\377\0002\0005\000.\0003\000.\000\040\215\205\211\206\166\326}{chapter.25}% 961
\BOOKMARK [1][-]{section.25.4}{\376\377\0002\0005\000.\0004\000.\000\040\145\340\163\257\140\047}{chapter.25}% 962
\BOOKMARK [1][-]{section.25.5}{\376\377\0002\0005\000.\0005\000.\000\040\001\014\000e\000c\000h\000\040\116\012\124\014\214\003\116\016\215\205\211\206\166\326}{chapter.25}% 963
\BOOKMARK [1][-]{section.25.6}{\376\377\0002\0005\000.\0006\000.\000\040\000V\000e\000r\000d\000i\000e\000r\000\040\141\017\116\111\116\013\166\204\215\205\211\206\166\326}{chapter.25}% 964
\BOOKMARK [1][-]{section.25.7}{\376\377\0002\0005\000.\0007\000.\000\040\215\205\211\206\166\326\166\204\211\206\166\326\176\306\123\026}{chapter.25}% 965
\BOOKMARK [1][-]{section.25.8}{\376\377\0002\0005\000.\0008\000.\000\040\155\373\122\240\123\125\137\142}{chapter.25}% 966
\BOOKMARK [1][-]{section.25.9}{\376\377\0002\0005\000.\0009\000.\000\040\124\014\117\046}{chapter.25}% 967
\BOOKMARK [1][-]{section.25.10}{\376\377\0002\0005\000.\0001\0000\000.\000\040\116\012\124\014\214\003\116\016\215\205\211\206\166\326}{chapter.25}% 968
\BOOKMARK [1][-]{section.25.11}{\376\377\0002\0005\000.\0001\0001\000.\000\040\172\172\225\364\166\204\215\205\211\206\166\326}{chapter.25}% 969
\BOOKMARK [1][-]{section.25.12}{\376\377\0002\0005\000.\0001\0002\000.\000\040\147\204\220\040\215\205\211\206\166\326}{chapter.25}% 970
\BOOKMARK [0][-]{chapter.26}{\376\377\000C\000h\000a\000p\000t\000e\000r\000\040\0002\0006\000.\000\040\151\202\137\142}{}% 971
\BOOKMARK [1][-]{section.26.1}{\376\377\0002\0006\000.\0001\000.\000\040\137\025\212\000}{chapter.26}% 972
\BOOKMARK [1][-]{section.26.2}{\376\377\0002\0006\000.\0002\000.\000\040\134\100\220\350\163\257\134\102\172\172\225\364}{chapter.26}% 973
\BOOKMARK [1][-]{section.26.3}{\376\377\0002\0006\000.\0003\000.\000\040\134\100\220\350\163\257\134\102\172\172\225\364\166\204\137\000\155\170\121\145}{chapter.26}% 974
\BOOKMARK [1][-]{section.26.4}{\376\377\0002\0006\000.\0004\000.\000\040\134\100\220\350\163\257\134\102\172\172\225\364\166\204\225\355\155\170\121\145}{chapter.26}% 975
\BOOKMARK [1][-]{section.26.5}{\376\377\0002\0006\000.\0005\000.\000\040\116\377\134\004\151\202\137\142}{chapter.26}% 976
\BOOKMARK [1][-]{section.26.6}{\376\377\0002\0006\000.\0006\000.\000\040\116\377\134\004\151\202\137\142\203\003\165\164}{chapter.26}% 977
\BOOKMARK [1][-]{section.26.7}{\376\377\0002\0006\000.\0007\000.\000\040\116\377\134\004\151\202\137\142\116\012\166\204\142\337\121\335\200\132\134\102}{chapter.26}% 978
\BOOKMARK [1][-]{section.26.8}{\376\377\0002\0006\000.\0008\000.\000\040\116\377\134\004\151\202\137\142\166\204\225\355\133\120\172\172\225\364}{chapter.26}% 979
\BOOKMARK [1][-]{section.26.9}{\376\377\0002\0006\000.\0009\000.\000\040\151\202\137\142}{chapter.26}% 980
\BOOKMARK [1][-]{section.26.10}{\376\377\0002\0006\000.\0001\0000\000.\000\040\151\202\137\142\166\204\155\170\121\145}{chapter.26}% 981
\BOOKMARK [1][-]{section.26.11}{\376\377\0002\0006\000.\0001\0001\000.\000\040\151\202\137\142\166\204\000\040\000Z\000a\000r\000i\000s\000k\000i\000\040\142\323\142\121}{chapter.26}% 982
\BOOKMARK [1][-]{section.26.12}{\376\377\0002\0006\000.\0001\0002\000.\000\040\176\246\123\026\151\202\137\142}{chapter.26}% 983
\BOOKMARK [1][-]{section.26.13}{\376\377\0002\0006\000.\0001\0003\000.\000\040\151\202\137\142\166\204\160\271}{chapter.26}% 984
\BOOKMARK [1][-]{section.26.14}{\376\377\0002\0006\000.\0001\0004\000.\000\040\151\202\137\142\166\204\174\230\124\010}{chapter.26}% 985
\BOOKMARK [1][-]{section.26.15}{\376\377\0002\0006\000.\0001\0005\000.\000\040\116\000\116\052\123\357\210\150\140\047\122\044\143\156}{chapter.26}% 986
\BOOKMARK [1][-]{section.26.16}{\376\377\0002\0006\000.\0001\0006\000.\000\040\151\202\137\142\176\244\176\364\171\357\166\204\133\130\127\050\140\047}{chapter.26}% 987
\BOOKMARK [1][-]{section.26.17}{\376\377\0002\0006\000.\0001\0007\000.\000\040\151\202\137\142\166\204\176\244\176\364\171\357}{chapter.26}% 988
\BOOKMARK [1][-]{section.26.18}{\376\377\0002\0006\000.\0001\0008\000.\000\040\116\343\145\160\121\340\117\125\116\055\166\204\127\372\123\330\143\142}{chapter.26}% 989
\BOOKMARK [1][-]{section.26.19}{\376\377\0002\0006\000.\0001\0009\000.\000\040\142\337\175\047\140\001\134\004}{chapter.26}% 990
\BOOKMARK [1][-]{section.26.20}{\376\377\0002\0006\000.\0002\0000\000.\000\040\116\007\147\011\225\355\140\047\166\204\215\113\120\074\122\044\143\156}{chapter.26}% 991
\BOOKMARK [1][-]{section.26.21}{\376\377\0002\0006\000.\0002\0001\000.\000\040\122\006\171\273\121\154\164\006}{chapter.26}% 992
\BOOKMARK [1][-]{section.26.22}{\376\377\0002\0006\000.\0002\0002\000.\000\040\122\006\171\273\140\047\166\204\215\113\120\074\122\044\143\156}{chapter.26}% 993
\BOOKMARK [1][-]{section.26.23}{\376\377\0002\0006\000.\0002\0003\000.\000\040\123\125\140\001\134\004}{chapter.26}% 994
\BOOKMARK [1][-]{section.26.24}{\376\377\0002\0006\000.\0002\0004\000.\000\040\142\337\121\335\200\132\152\041\166\204\121\375\133\120\140\047}{chapter.26}% 995
\BOOKMARK [0][-]{chapter.27}{\376\377\000C\000h\000a\000p\000t\000e\000r\000\040\0002\0007\000.\000\040\151\202\137\142\166\204\147\204\220\040}{}% 996
\BOOKMARK [1][-]{section.27.1}{\376\377\0002\0007\000.\0001\000.\000\040\137\025\212\000}{chapter.27}% 997
\BOOKMARK [1][-]{section.27.2}{\376\377\0002\0007\000.\0002\000.\000\040\166\370\133\371\174\230\124\010}{chapter.27}% 998
\BOOKMARK [1][-]{section.27.3}{\376\377\0002\0007\000.\0003\000.\000\040\220\032\217\307\174\230\124\010\147\204\220\040\166\370\133\371\214\061}{chapter.27}% 999
\BOOKMARK [1][-]{section.27.4}{\376\377\0002\0007\000.\0004\000.\000\040\117\134\116\072\121\375\133\120\166\204\166\370\133\371\214\061}{chapter.27}% 1000
\BOOKMARK [1][-]{section.27.5}{\376\377\0002\0007\000.\0005\000.\000\040\116\377\134\004\000\040\000n\000\040\176\364\172\172\225\364}{chapter.27}% 1001
\BOOKMARK [1][-]{section.27.6}{\376\377\0002\0007\000.\0006\000.\000\040\124\021\221\317\116\033}{chapter.27}% 1002
\BOOKMARK [1][-]{section.27.7}{\376\377\0002\0007\000.\0007\000.\000\040\225\045}{chapter.27}% 1003
\BOOKMARK [1][-]{section.27.8}{\376\377\0002\0007\000.\0008\000.\000\040\122\006\153\041\163\257\166\204\000\040\000P\000r\000o\000j}{chapter.27}% 1004
\BOOKMARK [1][-]{section.27.9}{\376\377\0002\0007\000.\0009\000.\000\040\000P\000r\000o\000j\000\040\116\012\166\204\142\337\121\335\200\132\134\102}{chapter.27}% 1005
\BOOKMARK [1][-]{section.27.10}{\376\377\0002\0007\000.\0001\0000\000.\000\040\000P\000r\000o\000j\000\040\116\012\166\204\123\357\220\006\134\102}{chapter.27}% 1006
\BOOKMARK [1][-]{section.27.11}{\376\377\0002\0007\000.\0001\0001\000.\000\040\000P\000r\000o\000j\000\040\166\204\121\375\133\120\140\047}{chapter.27}% 1007
\BOOKMARK [1][-]{section.27.12}{\376\377\0002\0007\000.\0001\0002\000.\000\040\122\060\000\040\000P\000r\000o\000j\000\040\166\204\140\001\134\004}{chapter.27}% 1008
\BOOKMARK [1][-]{section.27.13}{\376\377\0002\0007\000.\0001\0003\000.\000\040\134\004\137\161\172\172\225\364}{chapter.27}% 1009
\BOOKMARK [1][-]{section.27.14}{\376\377\0002\0007\000.\0001\0004\000.\000\040\123\357\220\006\134\102\116\016\122\060\000\040\000P\000r\000o\000j\000\040\166\204\140\001\134\004}{chapter.27}% 1010
\BOOKMARK [1][-]{section.27.15}{\376\377\0002\0007\000.\0001\0005\000.\000\040\220\032\217\307\236\317\124\010\147\204\220\040\166\370\133\371\000\040\000P\000r\000o\000j}{chapter.27}% 1011
\BOOKMARK [1][-]{section.27.16}{\376\377\0002\0007\000.\0001\0006\000.\000\040\117\134\116\072\121\375\133\120\166\204\166\370\133\371\000\040\000P\000r\000o\000j}{chapter.27}% 1012
\BOOKMARK [1][-]{section.27.17}{\376\377\0002\0007\000.\0001\0007\000.\000\040\166\370\133\371\000\040\000P\000r\000o\000j\000\040\116\012\166\204\142\337\121\335\200\132\134\102}{chapter.27}% 1013
\BOOKMARK [1][-]{section.27.18}{\376\377\0002\0007\000.\0001\0008\000.\000\040\166\370\133\371\000\040\000P\000r\000o\000j\000\040\166\204\121\375\133\120\140\047}{chapter.27}% 1014
\BOOKMARK [1][-]{section.27.19}{\376\377\0002\0007\000.\0001\0009\000.\000\040\123\357\220\006\134\102\116\016\146\040\121\145\166\370\133\371\000\040\000P\000r\000o\000j\000\040\166\204\140\001\134\004}{chapter.27}% 1015
\BOOKMARK [1][-]{section.27.20}{\376\377\0002\0007\000.\0002\0000\000.\000\040\123\357\220\006\134\102\142\155\146\362\116\016\166\370\133\371\000\040\000P\000r\000o\000j}{chapter.27}% 1016
\BOOKMARK [1][-]{section.27.21}{\376\377\0002\0007\000.\0002\0001\000.\000\040\134\004\137\161\116\033}{chapter.27}% 1017
\BOOKMARK [1][-]{section.27.22}{\376\377\0002\0007\000.\0002\0002\000.\000\040\150\074\142\311\145\257\146\374\151\202\137\142}{chapter.27}% 1018
\BOOKMARK [0][-]{chapter.28}{\376\377\000C\000h\000a\000p\000t\000e\000r\000\040\0002\0008\000.\000\040\151\202\137\142\166\204\140\047\215\050}{}% 1019
\BOOKMARK [1][-]{section.28.1}{\376\377\0002\0008\000.\0001\000.\000\040\137\025\212\000}{chapter.28}% 1020
\BOOKMARK [1][-]{section.28.2}{\376\377\0002\0008\000.\0002\000.\000\040\123\357\147\204\220\040\226\306}{chapter.28}% 1021
\BOOKMARK [1][-]{section.28.3}{\376\377\0002\0008\000.\0003\000.\000\040\145\164\151\202\137\142\060\001\116\015\123\357\176\246\151\202\137\142\116\016\176\246\123\026\151\202\137\142}{chapter.28}% 1022
\BOOKMARK [1][-]{section.28.4}{\376\377\0002\0008\000.\0004\000.\000\040\165\061\163\257\166\204\140\047\215\050\133\232\116\111\166\204\151\202\137\142\174\173\127\213}{chapter.28}% 1023
\BOOKMARK [1][-]{section.28.5}{\376\377\0002\0008\000.\0005\000.\000\040\000N\000o\000e\000t\000h\000e\000r\000\040\151\202\137\142}{chapter.28}% 1024
\BOOKMARK [1][-]{section.28.6}{\376\377\0002\0008\000.\0006\000.\000\040\000J\000a\000c\000o\000b\000s\000o\000n\000\040\151\202\137\142}{chapter.28}% 1025
\BOOKMARK [1][-]{section.28.7}{\376\377\0002\0008\000.\0007\000.\000\040\153\143\211\304\151\202\137\142}{chapter.28}% 1026
\BOOKMARK [1][-]{section.28.8}{\376\377\0002\0008\000.\0008\000.\000\040\000C\000o\000h\000e\000n\000-\000M\000a\000c\000a\000u\000l\000a\000y\000\040\151\202\137\142}{chapter.28}% 1027
\BOOKMARK [1][-]{section.28.9}{\376\377\0002\0008\000.\0009\000.\000\040\153\143\122\031\151\202\137\142}{chapter.28}% 1028
\BOOKMARK [1][-]{section.28.10}{\376\377\0002\0008\000.\0001\0000\000.\000\040\176\364\145\160}{chapter.28}% 1029
\BOOKMARK [1][-]{section.28.11}{\376\377\0002\0008\000.\0001\0001\000.\000\040\224\376\162\266\151\202\137\142}{chapter.28}% 1030
\BOOKMARK [1][-]{section.28.12}{\376\377\0002\0008\000.\0001\0002\000.\000\040\000S\000e\000r\000r\000e\000\040\147\141\116\366}{chapter.28}% 1031
\BOOKMARK [1][-]{section.28.13}{\376\377\0002\0008\000.\0001\0003\000.\000\040\000J\000a\000p\000a\000n\000e\000s\000e\000\040\151\202\137\142\116\016\000\040\000N\000a\000g\000a\000t\000a\000\040\151\202\137\142}{chapter.28}% 1032
\BOOKMARK [1][-]{section.28.14}{\376\377\0002\0008\000.\0001\0004\000.\000\040\000G\000-\151\202\137\142}{chapter.28}% 1033
\BOOKMARK [1][-]{section.28.15}{\376\377\0002\0008\000.\0001\0005\000.\000\040\131\107\137\002\217\150\217\371}{chapter.28}% 1034
\BOOKMARK [1][-]{section.28.16}{\376\377\0002\0008\000.\0001\0006\000.\000\040\134\100\220\350\116\015\123\357\176\246\140\047}{chapter.28}% 1035
\BOOKMARK [1][-]{section.28.17}{\376\377\0002\0008\000.\0001\0007\000.\000\040\147\011\226\120\127\213\116\016\147\011\226\120\210\150\163\260\152\041\166\204\122\073\165\073}{chapter.28}% 1036
\BOOKMARK [1][-]{section.28.18}{\376\377\0002\0008\000.\0001\0008\000.\000\040\116\073\137\000\226\306\116\012\166\204\142\052\227\142}{chapter.28}% 1037
\BOOKMARK [1][-]{section.28.19}{\376\377\0002\0008\000.\0001\0009\000.\000\040\142\337\116\377\134\004\151\202\137\142}{chapter.28}% 1038
\BOOKMARK [1][-]{section.28.20}{\376\377\0002\0008\000.\0002\0000\000.\000\040\136\163\127\146\152\041}{chapter.28}% 1039
\BOOKMARK [1][-]{section.28.21}{\376\377\0002\0008\000.\0002\0001\000.\000\040\134\100\220\350\201\352\165\061\152\041}{chapter.28}% 1040
\BOOKMARK [1][-]{section.28.22}{\376\377\0002\0008\000.\0002\0002\000.\000\040\134\100\220\350\142\225\134\004\152\041}{chapter.28}% 1041
\BOOKMARK [1][-]{section.28.23}{\376\377\0002\0008\000.\0002\0003\000.\000\040\121\306\121\335\200\132\134\102\166\204\136\366\142\323}{chapter.28}% 1042
\BOOKMARK [1][-]{section.28.24}{\376\377\0002\0008\000.\0002\0004\000.\000\040\000G\000a\000b\000b\000e\000r\000\040\166\204\176\323\147\234}{chapter.28}% 1043
\BOOKMARK [1][-]{section.28.25}{\376\377\0002\0008\000.\0002\0005\000.\000\040\145\057\226\306\123\005\124\053\116\216\225\355\133\120\226\306\166\204\142\052\227\142}{chapter.28}% 1044
\BOOKMARK [1][-]{section.28.26}{\376\377\0002\0008\000.\0002\0006\000.\000\040\121\306\121\335\200\132\134\102\166\204\142\052\227\142}{chapter.28}% 1045
\BOOKMARK [1][-]{section.28.27}{\376\377\0002\0008\000.\0002\0007\000.\000\040\116\060\154\233\123\357\220\006\134\102}{chapter.28}% 1046
\BOOKMARK [1][-]{section.28.28}{\376\377\0002\0008\000.\0002\0008\000.\000\040\116\377\134\004\151\202\137\142\116\016\142\337\116\377\134\004\151\202\137\142}{chapter.28}% 1047
\BOOKMARK [1][-]{section.28.29}{\376\377\0002\0008\000.\0002\0009\000.\000\040\121\306\121\335\200\132\134\102\116\016\116\060\154\233\123\357\220\006\134\102}{chapter.28}% 1048
\BOOKMARK [1][-]{section.28.30}{\376\377\0002\0008\000.\0003\0000\000.\000\040\133\373\142\176\220\002\137\123\166\204\116\377\134\004\137\000\226\306}{chapter.28}% 1049
\BOOKMARK [0][-]{chapter.29}{\376\377\000C\000h\000a\000p\000t\000e\000r\000\040\0002\0009\000.\000\040\151\202\137\142\166\204\140\001\134\004}{}% 1050
\BOOKMARK [1][-]{section.29.1}{\376\377\0002\0009\000.\0001\000.\000\040\137\025\212\000}{chapter.29}% 1051
\BOOKMARK [1][-]{section.29.2}{\376\377\0002\0009\000.\0002\000.\000\040\225\355\155\170\121\145}{chapter.29}% 1052
\BOOKMARK [1][-]{section.29.3}{\376\377\0002\0009\000.\0003\000.\000\040\155\170\121\145}{chapter.29}% 1053
\BOOKMARK [1][-]{section.29.4}{\376\377\0002\0009\000.\0004\000.\000\040\225\355\155\170\121\145\116\016\121\306\121\335\200\132\134\102}{chapter.29}% 1054
\BOOKMARK [1][-]{section.29.5}{\376\377\0002\0009\000.\0005\000.\000\040\152\041\166\204\145\057\226\306}{chapter.29}% 1055
\BOOKMARK [1][-]{section.29.6}{\376\377\0002\0009\000.\0006\000.\000\040\151\202\137\142\213\272\120\317}{chapter.29}% 1056
\BOOKMARK [1][-]{section.29.7}{\376\377\0002\0009\000.\0007\000.\000\040\151\202\137\142\213\272\225\355\123\005\116\016\172\040\133\306\140\047}{chapter.29}% 1057
\BOOKMARK [1][-]{section.29.8}{\376\377\0002\0009\000.\0008\000.\000\040\145\057\221\115\140\001\134\004}{chapter.29}% 1058
\BOOKMARK [1][-]{section.29.9}{\376\377\0002\0009\000.\0009\000.\000\040\156\341\134\004\140\001\134\004}{chapter.29}% 1059
\BOOKMARK [1][-]{section.29.10}{\376\377\0002\0009\000.\0001\0000\000.\000\040\150\071\140\001\134\004\116\016\154\333\123\125\134\004\140\001\134\004}{chapter.29}% 1060
\BOOKMARK [1][-]{section.29.11}{\376\377\0002\0009\000.\0001\0001\000.\000\040\116\377\134\004\140\001\134\004}{chapter.29}% 1061
\BOOKMARK [1][-]{section.29.12}{\376\377\0002\0009\000.\0001\0002\000.\000\040\116\060\154\233\123\357\220\006\152\041\145\317}{chapter.29}% 1062
\BOOKMARK [1][-]{section.29.13}{\376\377\0002\0009\000.\0001\0003\000.\000\040\142\337\116\377\134\004\140\001\134\004}{chapter.29}% 1063
\BOOKMARK [1][-]{section.29.14}{\376\377\0002\0009\000.\0001\0004\000.\000\040\165\061\163\257\124\014\140\001\140\047\215\050\133\232\116\111\166\204\140\001\134\004\174\173\127\213}{chapter.29}% 1064
\BOOKMARK [1][-]{section.29.15}{\376\377\0002\0009\000.\0001\0005\000.\000\040\147\011\226\120\127\213\140\001\134\004}{chapter.29}% 1065
\BOOKMARK [1][-]{section.29.16}{\376\377\0002\0009\000.\0001\0006\000.\000\040\147\011\226\120\127\213\160\271\116\016\000\040\000J\000a\000c\000o\000b\000s\000o\000n\000\040\151\202\137\142}{chapter.29}% 1066
\BOOKMARK [1][-]{section.29.17}{\376\377\0002\0009\000.\0001\0007\000.\000\040\146\156\220\115\224\376\162\266\151\202\137\142}{chapter.29}% 1067
\BOOKMARK [1][-]{section.29.18}{\376\377\0002\0009\000.\0001\0008\000.\000\040\121\215\213\272\000\040\000N\000a\000g\000a\000t\000a\000\040\151\202\137\142}{chapter.29}% 1068
\BOOKMARK [1][-]{section.29.19}{\376\377\0002\0009\000.\0001\0009\000.\000\040\121\215\213\272\131\107\137\002\217\150\217\371}{chapter.29}% 1069
\BOOKMARK [1][-]{section.29.20}{\376\377\0002\0009\000.\0002\0000\000.\000\040\117\030\171\300\151\202\137\142}{chapter.29}% 1070
\BOOKMARK [1][-]{section.29.21}{\376\377\0002\0009\000.\0002\0001\000.\000\040\142\337\147\011\226\120\140\001\134\004}{chapter.29}% 1071
\BOOKMARK [1][-]{section.29.22}{\376\377\0002\0009\000.\0002\0002\000.\000\040\147\011\226\120\210\150\171\072\140\001\134\004}{chapter.29}% 1072
\BOOKMARK [1][-]{section.29.23}{\376\377\0002\0009\000.\0002\0003\000.\000\040\123\357\147\204\220\040\226\306}{chapter.29}% 1073
\BOOKMARK [1][-]{section.29.24}{\376\377\0002\0009\000.\0002\0004\000.\000\040\137\000\140\001\134\004}{chapter.29}% 1074
\BOOKMARK [1][-]{section.29.25}{\376\377\0002\0009\000.\0002\0005\000.\000\040\125\106\140\001\134\004}{chapter.29}% 1075
\BOOKMARK [1][-]{section.29.26}{\376\377\0002\0009\000.\0002\0006\000.\000\040\136\163\127\146\140\001\134\004}{chapter.29}% 1076
\BOOKMARK [1][-]{section.29.27}{\376\377\0002\0009\000.\0002\0007\000.\000\040\136\163\127\146\225\355\155\170\121\145}{chapter.29}% 1077
\BOOKMARK [1][-]{section.29.28}{\376\377\0002\0009\000.\0002\0008\000.\000\040\116\000\202\054\136\163\127\146\140\047}{chapter.29}% 1078
\BOOKMARK [1][-]{section.29.29}{\376\377\0002\0009\000.\0002\0009\000.\000\040\140\001\134\004\116\016\176\244\176\364\166\204\176\364\145\160}{chapter.29}% 1079
\BOOKMARK [1][-]{section.29.30}{\376\377\0002\0009\000.\0003\0000\000.\000\040\143\007\133\232\166\370\133\371\176\364\145\160\166\204\140\001\134\004}{chapter.29}% 1080
\BOOKMARK [1][-]{section.29.31}{\376\377\0002\0009\000.\0003\0001\000.\000\040\000S\000y\000n\000t\000o\000m\000i\000c\000\040\140\001\134\004}{chapter.29}% 1081
\BOOKMARK [1][-]{section.29.32}{\376\377\0002\0009\000.\0003\0002\000.\000\040\155\170\121\145\166\204\117\131\154\325\134\102}{chapter.29}% 1082
\BOOKMARK [1][-]{section.29.33}{\376\377\0002\0009\000.\0003\0003\000.\000\040\140\001\134\004\166\204\137\256\122\006\134\102}{chapter.29}% 1083
\BOOKMARK [1][-]{section.29.34}{\376\377\0002\0009\000.\0003\0004\000.\000\040\147\011\226\120\226\066\137\256\122\006\173\227\133\120}{chapter.29}% 1084
\BOOKMARK [1][-]{section.29.35}{\376\377\0002\0009\000.\0003\0005\000.\000\040\121\111\156\321\140\001\134\004}{chapter.29}% 1085
\BOOKMARK [1][-]{section.29.36}{\376\377\0002\0009\000.\0003\0006\000.\000\040\227\136\122\006\153\147\140\001\134\004}{chapter.29}% 1086
\BOOKMARK [1][-]{section.29.37}{\376\377\0002\0009\000.\0003\0007\000.\000\040\136\163\134\125\140\001\134\004}{chapter.29}% 1087
\BOOKMARK [1][-]{section.29.38}{\376\377\0002\0009\000.\0003\0008\000.\000\040\166\370\133\371\116\060\154\233\134\102}{chapter.29}% 1088
\BOOKMARK [1][-]{section.29.39}{\376\377\0002\0009\000.\0003\0009\000.\000\040\166\370\133\371\165\032\116\060\154\233\134\102}{chapter.29}% 1089
\BOOKMARK [1][-]{section.29.40}{\376\377\0002\0009\000.\0004\0000\000.\000\040\166\370\133\371\116\216\147\011\226\120\127\213\140\001\134\004\166\204\116\060\154\233\134\102\116\016\165\032\116\060\154\233\134\102}{chapter.29}% 1090
\BOOKMARK [1][-]{section.29.41}{\376\377\0002\0009\000.\0004\0001\000.\000\040\142\337\134\004\137\161\140\001\134\004}{chapter.29}% 1091
\BOOKMARK [1][-]{section.29.42}{\376\377\0002\0009\000.\0004\0002\000.\000\040\126\372\147\011\140\001\134\004}{chapter.29}% 1092
\BOOKMARK [1][-]{section.29.43}{\376\377\0002\0009\000.\0004\0003\000.\000\040\215\113\120\074\122\044\143\156}{chapter.29}% 1093
\BOOKMARK [1][-]{section.29.44}{\376\377\0002\0009\000.\0004\0004\000.\000\040\134\004\137\161\140\001\134\004}{chapter.29}% 1094
\BOOKMARK [1][-]{section.29.45}{\376\377\0002\0009\000.\0004\0005\000.\000\040\145\164\140\001\134\004\116\016\147\011\226\120\140\001\134\004}{chapter.29}% 1095
\BOOKMARK [1][-]{section.29.46}{\376\377\0002\0009\000.\0004\0006\000.\000\040\154\333\124\014\200\332}{chapter.29}% 1096
\BOOKMARK [1][-]{section.29.47}{\376\377\0002\0009\000.\0004\0007\000.\000\040\116\377\134\004\151\202\137\142\166\204\154\333\124\014\200\332}{chapter.29}% 1097
\BOOKMARK [1][-]{section.29.48}{\376\377\0002\0009\000.\0004\0008\000.\000\040\176\335\133\371\137\061\153\143\211\304\123\026\116\016\123\112\153\143\211\304\123\026}{chapter.29}% 1098
\BOOKMARK [1][-]{section.29.49}{\376\377\0002\0009\000.\0004\0009\000.\000\040\147\011\226\120\134\100\220\350\201\352\165\061\140\001\134\004}{chapter.29}% 1099
\BOOKMARK [1][-]{section.29.50}{\376\377\0002\0009\000.\0005\0000\000.\000\040\147\011\164\006\146\040\134\004}{chapter.29}% 1100
\BOOKMARK [1][-]{section.29.51}{\376\377\0002\0009\000.\0005\0001\000.\000\040\123\314\147\011\164\006\140\001\134\004}{chapter.29}% 1101
\BOOKMARK [1][-]{section.29.52}{\376\377\0002\0009\000.\0005\0002\000.\000\040\151\202\137\142\140\001\134\004\166\204\154\333\147\011\226\120\140\047}{chapter.29}% 1102
\BOOKMARK [1][-]{section.29.53}{\376\377\0002\0009\000.\0005\0003\000.\000\040\176\364\145\160\121\154\137\017}{chapter.29}% 1103
\BOOKMARK [1][-]{section.29.54}{\376\377\0002\0009\000.\0005\0004\000.\000\040\166\370\133\371\153\143\211\304\123\026}{chapter.29}% 1104
\BOOKMARK [1][-]{section.29.55}{\376\377\0002\0009\000.\0005\0005\000.\000\040\153\143\211\304\123\026}{chapter.29}% 1105
\BOOKMARK [1][-]{section.29.56}{\376\377\0002\0009\000.\0005\0006\000.\000\040\000W\000e\000a\000k\000\040\000n\000o\000r\000m\000a\000l\000i\000z\000a\000t\000i\000o\000n}{chapter.29}% 1106
\BOOKMARK [1][-]{section.29.57}{\376\377\0002\0009\000.\0005\0007\000.\000\040\000Z\000a\000r\000i\000s\000k\000i\000\040\116\073\133\232\164\006\377\010\116\343\145\160\162\110\147\054\377\011}{chapter.29}% 1107
\BOOKMARK [1][-]{section.29.58}{\376\377\0002\0009\000.\0005\0008\000.\000\040\154\333\116\000\201\364\147\011\165\114\166\204\176\244\176\364}{chapter.29}% 1108
\BOOKMARK [1][-]{section.29.59}{\376\377\0002\0009\000.\0005\0009\000.\000\040\147\102\230\171}{chapter.29}% 1109
\BOOKMARK [0][-]{chapter.30}{\376\377\000C\000h\000a\000p\000t\000e\000r\000\040\0003\0000\000.\000\040\151\202\137\142\166\204\116\012\124\014\214\003}{}% 1110
\BOOKMARK [1][-]{section.30.1}{\376\377\0003\0000\000.\0001\000.\000\040\137\025\212\000}{chapter.30}% 1111
\BOOKMARK [1][-]{section.30.2}{\376\377\0003\0000\000.\0002\000.\000\040\121\306\121\335\200\132\134\102\166\204\000\040\001\014\000e\000c\000h\000\040\116\012\124\014\214\003}{chapter.30}% 1112
\BOOKMARK [1][-]{section.30.3}{\376\377\0003\0000\000.\0003\000.\000\040\116\012\124\014\214\003\166\204\155\210\131\061}{chapter.30}% 1113
\BOOKMARK [1][-]{section.30.4}{\376\377\0003\0000\000.\0004\000.\000\040\232\330\226\066\166\364\120\317\166\204\121\306\121\335\200\132\140\047}{chapter.30}% 1114
\BOOKMARK [1][-]{section.30.5}{\376\377\0003\0000\000.\0005\000.\000\040\116\012\124\014\214\003\116\016\127\372\123\330\143\142\377\010\116\000\377\011}{chapter.30}% 1115
\BOOKMARK [1][-]{section.30.6}{\376\377\0003\0000\000.\0006\000.\000\040\117\131\147\201\226\120\116\016\232\330\226\066\166\364\120\317}{chapter.30}% 1116
\BOOKMARK [1][-]{section.30.7}{\376\377\0003\0000\000.\0007\000.\000\040\116\012\124\014\214\003\116\016\127\372\123\330\143\142\377\010\116\214\377\011}{chapter.30}% 1117
\BOOKMARK [1][-]{section.30.8}{\376\377\0003\0000\000.\0008\000.\000\040\134\004\137\161\172\172\225\364\166\204\116\012\124\014\214\003}{chapter.30}% 1118
\BOOKMARK [1][-]{section.30.9}{\376\377\0003\0000\000.\0009\000.\000\040\134\100\220\350\000\040\000N\000o\000e\000t\000h\000e\000r\000\040\151\202\137\142\116\012\166\204\121\335\200\132\134\102}{chapter.30}% 1119
\BOOKMARK [1][-]{section.30.10}{\376\377\0003\0000\000.\0001\0000\000.\000\040\000N\000o\000e\000t\000h\000e\000r\000\040\151\202\137\142\116\012\166\204\121\335\200\132\134\102}{chapter.30}% 1120
\BOOKMARK [1][-]{section.30.11}{\376\377\0003\0000\000.\0001\0001\000.\000\040\155\361\136\246}{chapter.30}% 1121
\BOOKMARK [1][-]{section.30.12}{\376\377\0003\0000\000.\0001\0002\000.\000\040\121\335\200\132\134\102\166\204\220\020\134\102\122\145\171\273}{chapter.30}% 1122
\BOOKMARK [1][-]{section.30.13}{\376\377\0003\0000\000.\0001\0003\000.\000\040\147\011\226\120\140\001\134\004\116\016\116\377\134\004\140\047}{chapter.30}% 1123
\BOOKMARK [1][-]{section.30.14}{\376\377\0003\0000\000.\0001\0004\000.\000\040\000P\000r\000o\000j\000\040\116\012\166\204\121\335\200\132\134\102\377\014\000I}{chapter.30}% 1124
\BOOKMARK [1][-]{section.30.15}{\376\377\0003\0000\000.\0001\0005\000.\000\040\000P\000r\000o\000j\000\040\116\012\166\204\121\335\200\132\134\102\377\014\000I\000I}{chapter.30}% 1125
\BOOKMARK [1][-]{section.30.16}{\376\377\0003\0000\000.\0001\0006\000.\000\040\154\277\134\004\137\161\140\001\134\004\166\204\232\330\226\066\166\364\120\317}{chapter.30}% 1126
\BOOKMARK [1][-]{section.30.17}{\376\377\0003\0000\000.\0001\0007\000.\000\040\116\060\154\233\123\357\220\006\134\102\116\016\116\012\124\014\214\003}{chapter.30}% 1127
\BOOKMARK [1][-]{section.30.18}{\376\377\0003\0000\000.\0001\0008\000.\000\040\000C\000h\000o\000w\000\040\137\025\164\006}{chapter.30}% 1128
\BOOKMARK [1][-]{section.30.19}{\376\377\0003\0000\000.\0001\0009\000.\000\040\121\335\200\132\134\102\166\204\232\330\226\066\166\364\120\317}{chapter.30}% 1129
\BOOKMARK [1][-]{section.30.20}{\376\377\0003\0000\000.\0002\0000\000.\000\040\137\142\137\017\121\375\145\160\133\232\164\006}{chapter.30}% 1130
\BOOKMARK [1][-]{section.30.21}{\376\377\0003\0000\000.\0002\0001\000.\000\040\137\142\137\017\121\375\145\160\133\232\164\006\166\204\136\224\165\050}{chapter.30}% 1131
\BOOKMARK [1][-]{section.30.22}{\376\377\0003\0000\000.\0002\0002\000.\000\040\116\012\124\014\214\003\116\016\127\372\123\330\143\142\377\010\116\011\377\011}{chapter.30}% 1132
\BOOKMARK [1][-]{section.30.23}{\376\377\0003\0000\000.\0002\0003\000.\000\040\121\335\200\132\137\142\137\017\152\041}{chapter.30}% 1133
\BOOKMARK [1][-]{section.30.24}{\376\377\0003\0000\000.\0002\0004\000.\000\040\000G\000r\000o\000t\000h\000e\000n\000d\000i\000e\000c\000k\000\040\133\130\127\050\133\232\164\006\377\010\116\000\377\011}{chapter.30}% 1134
\BOOKMARK [1][-]{section.30.25}{\376\377\0003\0000\000.\0002\0005\000.\000\040\000G\000r\000o\000t\000h\000e\000n\000d\000i\000e\000c\000k\000\040\133\130\127\050\133\232\164\006\377\010\116\214\377\011}{chapter.30}% 1135
\BOOKMARK [1][-]{section.30.26}{\376\377\0003\0000\000.\0002\0006\000.\000\040\127\050\127\372\136\225\116\012\116\072\126\372\147\011}{chapter.30}% 1136
\BOOKMARK [1][-]{section.30.27}{\376\377\0003\0000\000.\0002\0007\000.\000\040\000G\000r\000o\000t\000h\000e\000n\000d\000i\000e\000c\000k\000\040\133\130\127\050\133\232\164\006\377\010\116\011\377\011}{chapter.30}% 1137
\BOOKMARK [1][-]{section.30.28}{\376\377\0003\0000\000.\0002\0008\000.\000\040\000G\000r\000o\000t\000h\000e\000n\000d\000i\000e\000c\000k\000\040\116\343\145\160\123\026\133\232\164\006}{chapter.30}% 1138
\BOOKMARK [0][-]{chapter.31}{\376\377\000C\000h\000a\000p\000t\000e\000r\000\040\0003\0001\000.\000\040\226\144\133\120}{}% 1139
\BOOKMARK [1][-]{section.31.1}{\376\377\0003\0001\000.\0001\000.\000\040\137\025\212\000}{chapter.31}% 1140
\BOOKMARK [1][-]{section.31.2}{\376\377\0003\0001\000.\0002\000.\000\040\117\064\226\217\160\271}{chapter.31}% 1141
\BOOKMARK [1][-]{section.31.3}{\376\377\0003\0001\000.\0003\000.\000\040\140\001\134\004\116\016\117\064\226\217\160\271}{chapter.31}% 1142
\BOOKMARK [1][-]{section.31.4}{\376\377\0003\0001\000.\0004\000.\000\040\135\114\121\145\160\271}{chapter.31}% 1143
\BOOKMARK [1][-]{section.31.5}{\376\377\0003\0001\000.\0005\000.\000\040\137\061\117\064\226\217\160\271}{chapter.31}% 1144
\BOOKMARK [1][-]{section.31.6}{\376\377\0003\0001\000.\0006\000.\000\040\140\001\134\004\116\016\137\061\117\064\226\217\160\271}{chapter.31}% 1145
\BOOKMARK [1][-]{section.31.7}{\376\377\0003\0001\000.\0007\000.\000\040\166\370\133\371\117\064\226\217\160\271\226\306}{chapter.31}% 1146
\BOOKMARK [1][-]{section.31.8}{\376\377\0003\0001\000.\0008\000.\000\040\166\370\133\371\137\061\117\064\226\217\160\271\226\306}{chapter.31}% 1147
\BOOKMARK [1][-]{section.31.9}{\376\377\0003\0001\000.\0009\000.\000\040\000F\000i\000t\000t\000i\000n\000g\000\040\164\006\140\363}{chapter.31}% 1148
\BOOKMARK [1][-]{section.31.10}{\376\377\0003\0001\000.\0001\0000\000.\000\040\140\001\134\004\166\204\131\107\137\002\160\271\226\306}{chapter.31}% 1149
\BOOKMARK [1][-]{section.31.11}{\376\377\0003\0001\000.\0001\0001\000.\000\040\145\340\143\040\152\041}{chapter.31}% 1150
\BOOKMARK [1][-]{section.31.12}{\376\377\0003\0001\000.\0001\0002\000.\000\040\152\041\166\204\171\351}{chapter.31}% 1151
\BOOKMARK [1][-]{section.31.13}{\376\377\0003\0001\000.\0001\0003\000.\000\040\201\352\123\315\152\041}{chapter.31}% 1152
\BOOKMARK [1][-]{section.31.14}{\376\377\0003\0001\000.\0001\0004\000.\000\040\147\011\145\110\000\040\000C\000a\000r\000t\000i\000e\000r\000\040\226\144\133\120}{chapter.31}% 1153
\BOOKMARK [1][-]{section.31.15}{\376\377\0003\0001\000.\0001\0005\000.\000\040\147\011\145\110\000\040\000C\000a\000r\000t\000i\000e\000r\000\040\226\144\133\120\116\016\123\357\220\006\134\102}{chapter.31}% 1154
\BOOKMARK [1][-]{section.31.16}{\376\377\0003\0001\000.\0001\0006\000.\000\040\213\372\162\171\151\202\137\142\116\012\166\204\147\011\145\110\000\040\000C\000a\000r\000t\000i\000e\000r\000\040\226\144\133\120}{chapter.31}% 1155
\BOOKMARK [1][-]{section.31.17}{\376\377\0003\0001\000.\0001\0007\000.\000\040\116\377\134\004\137\000\226\306\166\204\210\145\226\306}{chapter.31}% 1156
\BOOKMARK [1][-]{section.31.18}{\376\377\0003\0001\000.\0001\0008\000.\000\040\203\003\145\160}{chapter.31}% 1157
\BOOKMARK [1][-]{section.31.19}{\376\377\0003\0001\000.\0001\0009\000.\000\040\166\370\133\371\147\011\145\110\000\040\000C\000a\000r\000t\000i\000e\000r\000\040\226\144\133\120}{chapter.31}% 1158
\BOOKMARK [1][-]{section.31.20}{\376\377\0003\0001\000.\0002\0000\000.\000\040\155\170\121\145\166\204\154\325\225\045}{chapter.31}% 1159
\BOOKMARK [1][-]{section.31.21}{\376\377\0003\0001\000.\0002\0001\000.\000\040\153\143\122\031\164\006\140\363\134\102}{chapter.31}% 1160
\BOOKMARK [1][-]{section.31.22}{\376\377\0003\0001\000.\0002\0002\000.\000\040\153\143\122\031\155\170\121\145}{chapter.31}% 1161
\BOOKMARK [1][-]{section.31.23}{\376\377\0003\0001\000.\0002\0003\000.\000\040\166\370\133\371\153\143\122\031\155\170\121\145}{chapter.31}% 1162
\BOOKMARK [1][-]{section.31.24}{\376\377\0003\0001\000.\0002\0004\000.\000\040\116\232\176\257\121\375\145\160\116\016\116\232\176\257\142\052\227\142}{chapter.31}% 1163
\BOOKMARK [1][-]{section.31.25}{\376\377\0003\0001\000.\0002\0005\000.\000\040\116\232\176\257\121\375\145\160\116\016\116\232\176\257\142\052\227\142\377\032\000N\000o\000e\000t\000h\000e\000r\000\040\140\305\137\142}{chapter.31}% 1164
\BOOKMARK [1][-]{section.31.26}{\376\377\0003\0001\000.\0002\0006\000.\000\040\116\232\176\257\121\375\145\160\116\016\116\232\176\257\142\052\227\142\377\032\176\246\123\026\140\305\137\142}{chapter.31}% 1165
\BOOKMARK [1][-]{section.31.27}{\376\377\0003\0001\000.\0002\0007\000.\000\040\000W\000e\000i\000l\000\040\226\144\133\120}{chapter.31}% 1166
\BOOKMARK [1][-]{section.31.28}{\376\377\0003\0001\000.\0002\0008\000.\000\040\116\016\123\357\220\006\152\041\166\370\117\064\166\204\000\040\000W\000e\000i\000l\000\040\226\144\133\120\174\173}{chapter.31}% 1167
\BOOKMARK [1][-]{section.31.29}{\376\377\0003\0001\000.\0002\0009\000.\000\040\121\163\116\216\123\357\220\006\152\041\166\204\217\333\116\000\153\145\176\323\147\234}{chapter.31}% 1168
\BOOKMARK [1][-]{section.31.30}{\376\377\0003\0001\000.\0003\0000\000.\000\040\153\143\211\304\151\202\137\142\116\012\166\204\000\040\000W\000e\000i\000l\000\040\226\144\133\120}{chapter.31}% 1169
\BOOKMARK [1][-]{section.31.31}{\376\377\0003\0001\000.\0003\0001\000.\000\040\166\370\133\371\000\040\000P\000r\000o\000j}{chapter.31}% 1170
\BOOKMARK [1][-]{section.31.32}{\376\377\0003\0001\000.\0003\0002\000.\000\040\166\370\133\371\000\040\000P\000r\000o\000j\000\040\166\204\225\355\133\120\151\202\137\142}{chapter.31}% 1171
\BOOKMARK [1][-]{section.31.33}{\376\377\0003\0001\000.\0003\0003\000.\000\040\162\006\170\064}{chapter.31}% 1172
\BOOKMARK [1][-]{section.31.34}{\376\377\0003\0001\000.\0003\0004\000.\000\040\116\045\150\074\123\330\143\142}{chapter.31}% 1173
\BOOKMARK [1][-]{section.31.35}{\376\377\0003\0001\000.\0003\0005\000.\000\040\133\271\213\270\162\006\170\064}{chapter.31}% 1174
\BOOKMARK [1][-]{section.31.36}{\376\377\0003\0001\000.\0003\0006\000.\000\040\162\006\170\064\116\016\136\163\127\146\140\047}{chapter.31}% 1175
\BOOKMARK [1][-]{section.31.37}{\376\377\0003\0001\000.\0003\0007\000.\000\040\117\356\145\071}{chapter.31}% 1176
\BOOKMARK [0][-]{chapter.32}{\376\377\000C\000h\000a\000p\000t\000e\000r\000\040\0003\0002\000.\000\040\151\202\137\142\166\204\147\201\226\120}{}% 1177
\BOOKMARK [1][-]{section.32.1}{\376\377\0003\0002\000.\0001\000.\000\040\137\025\212\000}{chapter.32}% 1178
\BOOKMARK [1][-]{section.32.2}{\376\377\0003\0002\000.\0002\000.\000\040\136\046\116\377\134\004\217\307\156\041\140\001\134\004\166\204\151\202\137\142\147\011\124\021\147\201\226\120}{chapter.32}% 1179
\BOOKMARK [1][-]{section.32.3}{\376\377\0003\0002\000.\0003\000.\000\040\145\340\226\120\116\130\171\357}{chapter.32}% 1180
\BOOKMARK [1][-]{section.32.4}{\376\377\0003\0002\000.\0004\000.\000\040\140\047\215\050\166\204\116\013\226\115}{chapter.32}% 1181
\BOOKMARK [1][-]{section.32.5}{\376\377\0003\0002\000.\0005\000.\000\040\176\335\133\371\000\040\000N\000o\000e\000t\000h\000e\000r\000\040\220\074\217\321}{chapter.32}% 1182
\BOOKMARK [1][-]{section.32.6}{\376\377\0003\0002\000.\0006\000.\000\040\147\201\226\120\116\016\147\011\226\120\124\110\171\072\140\001\134\004}{chapter.32}% 1183
\BOOKMARK [1][-]{section.32.7}{\376\377\0003\0002\000.\0007\000.\000\040\166\370\133\371\220\074\217\321}{chapter.32}% 1184
\BOOKMARK [1][-]{section.32.8}{\376\377\0003\0002\000.\0008\000.\000\040\140\001\134\004\140\047\215\050\166\204\116\013\226\115}{chapter.32}% 1185
\BOOKMARK [1][-]{section.32.9}{\376\377\0003\0002\000.\0009\000.\000\040\147\011\226\120\127\213\151\202\137\142\225\355\135\114\121\145\147\011\226\120\124\110\171\072\151\202\137\142}{chapter.32}% 1186
\BOOKMARK [1][-]{section.32.10}{\376\377\0003\0002\000.\0001\0000\000.\000\040\166\370\133\371\133\371\214\141\166\204\116\013\226\115}{chapter.32}% 1187
\BOOKMARK [1][-]{section.32.11}{\376\377\0003\0002\000.\0001\0001\000.\000\040\116\377\134\004\151\202\137\142\166\204\122\073\165\073}{chapter.32}% 1188
\BOOKMARK [1][-]{section.32.12}{\376\377\0003\0002\000.\0001\0002\000.\000\040\000C\000h\000o\000w\000\040\137\025\164\006\166\204\123\330\117\123}{chapter.32}% 1189
\BOOKMARK [1][-]{section.32.13}{\376\377\0003\0002\000.\0001\0003\000.\000\040\000C\000h\000o\000w\000\040\137\025\164\006\166\204\136\224\165\050}{chapter.32}% 1190
\BOOKMARK [1][-]{section.32.14}{\376\377\0003\0002\000.\0001\0004\000.\000\040\116\007\147\011\225\355\140\001\134\004}{chapter.32}% 1191
\BOOKMARK [1][-]{section.32.15}{\376\377\0003\0002\000.\0001\0005\000.\000\040\000N\000o\000e\000t\000h\000e\000r\000\040\127\213\215\113\120\074\122\044\143\156}{chapter.32}% 1192
\BOOKMARK [1][-]{section.32.16}{\376\377\0003\0002\000.\0001\0006\000.\000\040\174\276\176\306\123\026\166\204\000\040\000N\000o\000e\000t\000h\000e\000r\000\040\127\213\215\113\120\074\122\044\143\156}{chapter.32}% 1193
\BOOKMARK [1][-]{section.32.17}{\376\377\0003\0002\000.\0001\0007\000.\000\040\000N\000a\000g\000a\000t\000a\000\040\127\372\116\012\166\204\215\113\120\074\122\044\143\156}{chapter.32}% 1194
\BOOKMARK [1][-]{section.32.18}{\376\377\0003\0002\000.\0001\0008\000.\000\040\147\201\226\120\116\016\176\244\176\364\176\364\145\160}{chapter.32}% 1195
\BOOKMARK [1][-]{section.32.19}{\376\377\0003\0002\000.\0001\0009\000.\000\040\147\000\232\330\153\041\166\204\127\372\123\330\143\142}{chapter.32}% 1196
\BOOKMARK [1][-]{section.32.20}{\376\377\0003\0002\000.\0002\0000\000.\000\040\225\355\176\244\176\364\116\012\166\204\236\317\124\010}{chapter.32}% 1197
\BOOKMARK [1][-]{section.32.21}{\376\377\0003\0002\000.\0002\0001\000.\000\040\117\356\145\071\166\204\136\224\165\050}{chapter.32}% 1198
\BOOKMARK [1][-]{section.32.22}{\376\377\0003\0002\000.\0002\0002\000.\000\040\147\011\226\120\127\213\151\202\137\142\166\204\116\013\226\115}{chapter.32}% 1199
\BOOKMARK [0][-]{chapter.34}{\376\377\000C\000h\000a\000p\000t\000e\000r\000\040\0003\0004\000.\000\040\151\202\137\142\116\012\166\204\142\323\142\121}{}% 1200
\BOOKMARK [1][-]{section.34.1}{\376\377\0003\0004\000.\0001\000.\000\040\137\025\212\000}{chapter.34}% 1201
\BOOKMARK [1][-]{section.34.2}{\376\377\0003\0004\000.\0002\000.\000\040\116\000\202\054\147\204\220\040\153\145\232\244}{chapter.34}% 1202
\BOOKMARK [1][-]{section.34.3}{\376\377\0003\0004\000.\0003\000.\000\040\000Z\000a\000r\000i\000s\000k\000i\000\040\142\323\142\121}{chapter.34}% 1203
\BOOKMARK [1][-]{section.34.4}{\376\377\0003\0004\000.\0004\000.\000\040\136\163\134\125\142\323\142\121}{chapter.34}% 1204
\BOOKMARK [1][-]{section.34.5}{\376\377\0003\0004\000.\0005\000.\000\040\121\111\156\321\142\323\142\121}{chapter.34}% 1205
\BOOKMARK [1][-]{section.34.6}{\376\377\0003\0004\000.\0006\000.\000\040\000s\000y\000n\000t\000o\000m\000i\000c\000\040\142\323\142\121}{chapter.34}% 1206
\BOOKMARK [1][-]{section.34.7}{\376\377\0003\0004\000.\0007\000.\000\040\000f\000p\000p\000f\000\040\142\323\142\121}{chapter.34}% 1207
\BOOKMARK [1][-]{section.34.8}{\376\377\0003\0004\000.\0008\000.\000\040\000p\000h\000\040\142\323\142\121}{chapter.34}% 1208
\BOOKMARK [1][-]{section.34.9}{\376\377\0003\0004\000.\0009\000.\000\040\000f\000p\000q\000c\000\040\142\323\142\121}{chapter.34}% 1209
\BOOKMARK [1][-]{section.34.10}{\376\377\0003\0004\000.\0001\0000\000.\000\040\000V\000\040\142\323\142\121}{chapter.34}% 1210
\BOOKMARK [1][-]{section.34.11}{\376\377\0003\0004\000.\0001\0001\000.\000\040\142\323\142\121\166\204\123\330\143\142}{chapter.34}% 1211
\BOOKMARK [1][-]{section.34.12}{\376\377\0003\0004\000.\0001\0002\000.\000\040\131\047\117\115\160\271\166\204\123\330\143\142}{chapter.34}% 1212
\BOOKMARK [1][-]{section.34.13}{\376\377\0003\0004\000.\0001\0003\000.\000\040\121\375\133\120\166\204\136\366\142\323}{chapter.34}% 1213
\BOOKMARK [0][-]{chapter.35}{\376\377\000C\000h\000a\000p\000t\000e\000r\000\040\0003\0005\000.\000\040\116\013\226\115}{}% 1214
\BOOKMARK [1][-]{section.35.1}{\376\377\0003\0005\000.\0001\000.\000\040\137\025\212\000}{chapter.35}% 1215
\BOOKMARK [1][-]{section.35.2}{\376\377\0003\0005\000.\0002\000.\000\040\142\337\121\335\200\132\134\102\166\204\116\013\226\115\145\160\143\156}{chapter.35}% 1216
\BOOKMARK [1][-]{section.35.3}{\376\377\0003\0005\000.\0003\000.\000\040\152\041\166\204\116\013\226\115}{chapter.35}% 1217
\BOOKMARK [1][-]{section.35.4}{\376\377\0003\0005\000.\0004\000.\000\040\146\156\220\115\123\125\134\004\140\001\134\004\166\204\116\013\226\115}{chapter.35}% 1218
\BOOKMARK [1][-]{section.35.5}{\376\377\0003\0005\000.\0005\000.\000\040\142\337\121\335\200\132\134\102\166\204\000\040\000f\000p\000q\000c\000\040\116\013\226\115}{chapter.35}% 1219
\BOOKMARK [1][-]{section.35.6}{\376\377\0003\0005\000.\0006\000.\000\040\142\337\121\335\200\132\134\102\166\204\000\040\000G\000a\000l\000o\000i\000s\000\040\116\013\226\115}{chapter.35}% 1220
\BOOKMARK [1][-]{section.35.7}{\376\377\0003\0005\000.\0007\000.\000\040\152\041\166\204\147\011\226\120\140\047\140\047\215\050\166\204\116\013\226\115}{chapter.35}% 1221
\BOOKMARK [1][-]{section.35.8}{\376\377\0003\0005\000.\0008\000.\000\040\142\337\121\335\200\132\134\102\116\016\142\323\142\121\377\010\116\000\377\011}{chapter.35}% 1222
\BOOKMARK [1][-]{section.35.9}{\376\377\0003\0005\000.\0009\000.\000\040\142\337\121\335\200\132\152\041\166\204\116\012\124\014\214\003\116\016\142\323\142\121}{chapter.35}% 1223
\BOOKMARK [1][-]{section.35.10}{\376\377\0003\0005\000.\0001\0000\000.\000\040\142\337\121\335\200\132\134\102\116\016\142\323\142\121\377\014\000I\000I}{chapter.35}% 1224
\BOOKMARK [1][-]{section.35.11}{\376\377\0003\0005\000.\0001\0001\000.\000\040\142\337\121\335\200\132\152\041\116\016\116\377\134\004\151\202\137\142}{chapter.35}% 1225
\BOOKMARK [1][-]{section.35.12}{\376\377\0003\0005\000.\0001\0002\000.\000\040\133\304\165\037\152\041}{chapter.35}% 1226
\BOOKMARK [1][-]{section.35.13}{\376\377\0003\0005\000.\0001\0003\000.\000\040\000F\000p\000q\000c\000\040\211\206\166\326\146\057\146\156\220\115\147\011\145\110\156\341\140\001\134\004}{chapter.35}% 1227
\BOOKMARK [1][-]{section.35.14}{\376\377\0003\0005\000.\0001\0004\000.\000\040\140\001\134\004\147\011\226\120\140\047\116\016\121\111\156\321\140\047\140\047\215\050\166\204\116\013\226\115}{chapter.35}% 1228
\BOOKMARK [1][-]{section.35.15}{\376\377\0003\0005\000.\0001\0005\000.\000\040\151\202\137\142\166\204\134\100\220\350\140\047\215\050}{chapter.35}% 1229
\BOOKMARK [1][-]{section.35.16}{\376\377\0003\0005\000.\0001\0006\000.\000\040\127\050\000\040\000f\000p\000p\000f\000\040\142\323\142\121\116\055\116\072\134\100\220\350\166\204\151\202\137\142\140\047\215\050}{chapter.35}% 1230
\BOOKMARK [1][-]{section.35.17}{\376\377\0003\0005\000.\0001\0007\000.\000\040\127\050\000\040\000s\000y\000n\000t\000o\000m\000i\000c\000\040\142\323\142\121\116\055\116\072\134\100\220\350\166\204\151\202\137\142\140\047\215\050}{chapter.35}% 1231
\BOOKMARK [1][-]{section.35.18}{\376\377\0003\0005\000.\0001\0008\000.\000\040\127\050\000\040\000s\000m\000o\000o\000t\000h\000\040\142\323\142\121\116\055\116\072\134\100\220\350\166\204\151\202\137\142\140\047\215\050}{chapter.35}% 1232
\BOOKMARK [1][-]{section.35.19}{\376\377\0003\0005\000.\0001\0009\000.\000\040\116\013\226\115\140\047\215\050\166\204\123\330\117\123}{chapter.35}% 1233
\BOOKMARK [1][-]{section.35.20}{\376\377\0003\0005\000.\0002\0000\000.\000\040\151\202\137\142\202\275}{chapter.35}% 1234
\BOOKMARK [1][-]{section.35.21}{\376\377\0003\0005\000.\0002\0001\000.\000\040\202\275\166\204\134\100\220\350\140\047\215\050}{chapter.35}% 1235
\BOOKMARK [1][-]{section.35.22}{\376\377\0003\0005\000.\0002\0002\000.\000\040\127\050\166\356\150\007\116\012\116\072\134\100\220\350\166\204\140\001\134\004\140\047\215\050}{chapter.35}% 1236
\BOOKMARK [1][-]{section.35.23}{\376\377\0003\0005\000.\0002\0003\000.\000\040\127\050\166\356\150\007\166\204\000\040\000f\000p\000q\000c\000\040\142\323\142\121\116\055\116\072\134\100\220\350\166\204\140\001\134\004\140\047\215\050}{chapter.35}% 1237
\BOOKMARK [1][-]{section.35.24}{\376\377\0003\0005\000.\0002\0004\000.\000\040\127\050\166\356\150\007\116\012\166\204\000\040\000f\000p\000p\000f\000\040\142\323\142\121\116\055\134\100\220\350\166\204\140\001\134\004\140\047\215\050}{chapter.35}% 1238
\BOOKMARK [1][-]{section.35.25}{\376\377\0003\0005\000.\0002\0005\000.\000\040\140\001\134\004\140\047\215\050\166\204\000\040\000f\000p\000q\000c\000\040\116\013\226\115\166\204\136\224\165\050}{chapter.35}% 1239
\BOOKMARK [1][-]{section.35.26}{\376\377\0003\0005\000.\0002\0006\000.\000\040\127\050\156\220\116\012\134\100\220\350\166\204\140\001\134\004\140\047\215\050}{chapter.35}% 1240
\BOOKMARK [1][-]{section.35.27}{\376\377\0003\0005\000.\0002\0007\000.\000\040\127\050\156\220\116\012\166\204\000\040\000f\000p\000q\000c\000\040\142\323\142\121\116\055\134\100\220\350\166\204\140\001\134\004\140\047\215\050}{chapter.35}% 1241
\BOOKMARK [1][-]{section.35.28}{\376\377\0003\0005\000.\0002\0008\000.\000\040\127\050\156\220\116\012\166\204\000\040\000f\000p\000p\000f\000\040\142\323\142\121\116\055\134\100\220\350\166\204\140\001\134\004\140\047\215\050}{chapter.35}% 1242
\BOOKMARK [1][-]{section.35.29}{\376\377\0003\0005\000.\0002\0009\000.\000\040\127\050\156\220\116\012\166\204\000\040\000s\000y\000n\000t\000o\000m\000i\000c\000\040\142\323\142\121\116\055\134\100\220\350\166\204\140\001\134\004\140\047\215\050}{chapter.35}% 1243
\BOOKMARK [1][-]{section.35.30}{\376\377\0003\0005\000.\0003\0000\000.\000\040\127\050\156\220\116\012\166\204\121\111\156\321\142\323\142\121\116\055\134\100\220\350\166\204\140\001\134\004\140\047\215\050}{chapter.35}% 1244
\BOOKMARK [1][-]{section.35.31}{\376\377\0003\0005\000.\0003\0001\000.\000\040\127\050\156\220\116\012\166\204\000\040\000\351\000t\000a\000l\000e\000\040\142\323\142\121\116\055\134\100\220\350\166\204\140\001\134\004\140\047\215\050}{chapter.35}% 1245
\BOOKMARK [1][-]{section.35.32}{\376\377\0003\0005\000.\0003\0002\000.\000\040\127\050\156\220\116\016\166\356\150\007\116\012\000\040\000\351\000t\000a\000l\000e\000\040\134\100\220\350\166\204\140\001\134\004\140\047\215\050}{chapter.35}% 1246
\BOOKMARK [1][-]{section.35.33}{\376\377\0003\0005\000.\0003\0003\000.\000\040\127\050\156\220\116\016\166\356\150\007\116\012\134\100\220\350\166\204\202\275\140\001\134\004\140\047\215\050}{chapter.35}% 1247
\BOOKMARK [1][-]{section.35.34}{\376\377\0003\0005\000.\0003\0004\000.\000\040\151\202\137\142\116\012\151\202\137\142\166\204\116\013\226\115\145\160\143\156}{chapter.35}% 1248
\BOOKMARK [1][-]{section.35.35}{\376\377\0003\0005\000.\0003\0005\000.\000\040\142\311\126\336\121\375\133\120\166\204\121\150\137\340\133\236\140\047}{chapter.35}% 1249
\BOOKMARK [1][-]{section.35.36}{\376\377\0003\0005\000.\0003\0006\000.\000\040\140\001\134\004\174\173\127\213\166\204\116\013\226\115}{chapter.35}% 1250
\BOOKMARK [1][-]{section.35.37}{\376\377\0003\0005\000.\0003\0007\000.\000\040\116\377\134\004\140\001\134\004\166\204\116\013\226\115}{chapter.35}% 1251
\BOOKMARK [1][-]{section.35.38}{\376\377\0003\0005\000.\0003\0008\000.\000\040\142\337\116\377\134\004\140\001\134\004\166\204\116\013\226\115}{chapter.35}% 1252
\BOOKMARK [1][-]{section.35.39}{\376\377\0003\0005\000.\0003\0009\000.\000\040\116\345\134\102\210\150\217\360\116\013\226\115\145\160\143\156}{chapter.35}% 1253
\BOOKMARK [0][-]{chapter.36}{\376\377\000C\000h\000a\000p\000t\000e\000r\000\040\0003\0006\000.\000\040\151\202\137\142\166\204\133\374\121\372\203\003\165\164}{}% 1254
\BOOKMARK [1][-]{section.36.1}{\376\377\0003\0006\000.\0001\000.\000\040\137\025\212\000}{chapter.36}% 1255
\BOOKMARK [1][-]{section.36.2}{\376\377\0003\0006\000.\0002\000.\000\040\176\246\133\232}{chapter.36}% 1256
\BOOKMARK [1][-]{section.36.3}{\376\377\0003\0006\000.\0003\000.\000\040\142\337\121\335\200\132\152\041\166\204\133\374\121\372\203\003\165\164}{chapter.36}% 1257
\BOOKMARK [1][-]{section.36.4}{\376\377\0003\0006\000.\0004\000.\000\040\121\150\166\364\120\317}{chapter.36}% 1258
\BOOKMARK [1][-]{section.36.5}{\376\377\0003\0006\000.\0005\000.\000\040\116\377\134\004\140\001\134\004}{chapter.36}% 1259
\BOOKMARK [1][-]{section.36.6}{\376\377\0003\0006\000.\0006\000.\000\040\116\345\225\355\133\120\226\306\116\072\145\057\226\306\166\204\116\012\124\014\214\003}{chapter.36}% 1260
\BOOKMARK [1][-]{section.36.7}{\376\377\0003\0006\000.\0007\000.\000\040\142\337\121\335\200\132\123\026\133\120}{chapter.36}% 1261
\BOOKMARK [1][-]{section.36.8}{\376\377\0003\0006\000.\0008\000.\000\040\213\372\162\171\151\202\137\142\166\204\142\337\121\335\200\132\123\026\133\120}{chapter.36}% 1262
\BOOKMARK [1][-]{section.36.9}{\376\377\0003\0006\000.\0009\000.\000\040\000K\000o\000s\000z\000u\000l\000\040\131\015\137\142}{chapter.36}% 1263
\BOOKMARK [1][-]{section.36.10}{\376\377\0003\0006\000.\0001\0000\000.\000\040\117\052\121\335\200\132\131\015\137\142\116\016\133\214\177\216\131\015\137\142}{chapter.36}% 1264
\BOOKMARK [1][-]{section.36.11}{\376\377\0003\0006\000.\0001\0001\000.\000\040\121\335\200\132\152\041\166\204\133\374\121\372\203\003\165\164}{chapter.36}% 1265
\BOOKMARK [1][-]{section.36.12}{\376\377\0003\0006\000.\0001\0002\000.\000\040\131\015\137\142\147\011\226\120\140\047\140\047\215\050\166\204\116\013\226\115}{chapter.36}% 1266
\BOOKMARK [1][-]{section.36.13}{\376\377\0003\0006\000.\0001\0003\000.\000\040\131\015\137\142\166\204\143\320\123\107}{chapter.36}% 1267
\BOOKMARK [1][-]{section.36.14}{\376\377\0003\0006\000.\0001\0004\000.\000\040\165\050\133\214\177\216\131\015\137\142\220\074\217\321}{chapter.36}% 1268
\BOOKMARK [1][-]{section.36.15}{\376\377\0003\0006\000.\0001\0005\000.\000\040\165\037\142\020\133\374\121\372\203\003\165\164}{chapter.36}% 1269
\BOOKMARK [1][-]{section.36.16}{\376\377\0003\0006\000.\0001\0006\000.\000\040\116\000\116\052\165\037\142\020\121\103\117\213\133\120}{chapter.36}% 1270
\BOOKMARK [1][-]{section.36.17}{\376\377\0003\0006\000.\0001\0007\000.\000\040\175\047\133\371\214\141\116\016\133\214\177\216\133\371\214\141}{chapter.36}% 1271
\BOOKMARK [1][-]{section.36.18}{\376\377\0003\0006\000.\0001\0008\000.\000\040\117\134\116\072\152\041\203\003\165\164\166\204\133\374\121\372\203\003\165\164}{chapter.36}% 1272
\BOOKMARK [1][-]{section.36.19}{\376\377\0003\0006\000.\0001\0009\000.\000\040\117\052\121\335\200\132\131\015\137\142\166\204\122\073\165\073\377\014\000I}{chapter.36}% 1273
\BOOKMARK [1][-]{section.36.20}{\376\377\0003\0006\000.\0002\0000\000.\000\040\116\000\116\052\173\111\116\367\166\204\117\213\133\120}{chapter.36}% 1274
\BOOKMARK [1][-]{section.36.21}{\376\377\0003\0006\000.\0002\0001\000.\000\040\121\215\213\272\142\337\121\335\200\132\123\026\133\120}{chapter.36}% 1275
\BOOKMARK [1][-]{section.36.22}{\376\377\0003\0006\000.\0002\0002\000.\000\040\116\012\124\014\214\003\116\016\127\372\123\330\143\142\377\014\000I\000V}{chapter.36}% 1276
\BOOKMARK [1][-]{section.36.23}{\376\377\0003\0006\000.\0002\0003\000.\000\040\000K\000\374\000n\000n\000e\000t\000h\000\040\121\154\137\017\377\014\000I\000I}{chapter.36}% 1277
\BOOKMARK [1][-]{section.36.24}{\376\377\0003\0006\000.\0002\0004\000.\000\040\000K\000\374\000n\000n\000e\000t\000h\000\040\121\154\137\017\377\014\000I\000I\000I}{chapter.36}% 1278
\BOOKMARK [1][-]{section.36.25}{\376\377\0003\0006\000.\0002\0005\000.\000\040\000E\000x\000t\000\040\166\204\000\040\000K\000\374\000n\000n\000e\000t\000h\000\040\121\154\137\017}{chapter.36}% 1279
\BOOKMARK [1][-]{section.36.26}{\376\377\0003\0006\000.\0002\0006\000.\000\040\116\012\124\014\214\003\116\016\127\372\123\330\143\142\377\014\000V}{chapter.36}% 1280
\BOOKMARK [1][-]{section.36.27}{\376\377\0003\0006\000.\0002\0007\000.\000\040\147\204\220\040\133\214\177\216\131\015\137\142}{chapter.36}% 1281
\BOOKMARK [1][-]{section.36.28}{\376\377\0003\0006\000.\0002\0008\000.\000\040\000E\000x\000t\000\040\166\204\142\225\137\161\121\154\137\017}{chapter.36}% 1282
\BOOKMARK [1][-]{section.36.29}{\376\377\0003\0006\000.\0002\0009\000.\000\040\147\201\226\120\116\016\133\374\121\372\203\003\165\164}{chapter.36}% 1283
\BOOKMARK [1][-]{section.36.30}{\376\377\0003\0006\000.\0003\0000\000.\000\040\116\012\124\014\214\003\116\016\127\372\123\330\143\142\000\040\000V\000I}{chapter.36}% 1284
\BOOKMARK [1][-]{section.36.31}{\376\377\0003\0006\000.\0003\0001\000.\000\040\133\214\177\216\131\015\137\142}{chapter.36}% 1285
\BOOKMARK [1][-]{section.36.32}{\376\377\0003\0006\000.\0003\0002\000.\000\040\136\224\165\050}{chapter.36}% 1286
\BOOKMARK [1][-]{section.36.33}{\376\377\0003\0006\000.\0003\0003\000.\000\040\121\166\116\326\136\224\165\050}{chapter.36}% 1287
\BOOKMARK [1][-]{section.36.34}{\376\377\0003\0006\000.\0003\0004\000.\000\040\117\052\121\335\200\132\131\015\137\142\166\204\122\073\165\073\000\040\000I\000I}{chapter.36}% 1288
\BOOKMARK [1][-]{section.36.35}{\376\377\0003\0006\000.\0003\0005\000.\000\040\166\370\133\371\133\214\177\216\133\371\214\141}{chapter.36}% 1289
\BOOKMARK [1][-]{section.36.36}{\376\377\0003\0006\000.\0003\0006\000.\000\040\155\210\211\343\140\047\215\050}{chapter.36}% 1290
\BOOKMARK [1][-]{section.36.37}{\376\377\0003\0006\000.\0003\0007\000.\000\040\155\210\211\343\140\047\215\050\116\016\133\214\177\216\131\015\137\142}{chapter.36}% 1291
\BOOKMARK [1][-]{section.36.38}{\376\377\0003\0006\000.\0003\0008\000.\000\040\000K\000-\177\244}{chapter.36}% 1292
\BOOKMARK [1][-]{section.36.39}{\376\377\0003\0006\000.\0003\0009\000.\000\040\131\015\137\142\166\204\210\114\122\027\137\017}{chapter.36}% 1293
\BOOKMARK [1][-]{section.36.40}{\376\377\0003\0006\000.\0004\0000\000.\000\040\122\044\133\232\147\011\165\114\140\047}{chapter.36}% 1294
\BOOKMARK [1][-]{section.36.41}{\376\377\0003\0006\000.\0004\0001\000.\000\040\133\374\121\372\203\003\165\164\116\055\166\204\142\337\121\335\200\132\133\371\214\141}{chapter.36}% 1295
\BOOKMARK [0][-]{chapter.37}{\376\377\000C\000h\000a\000p\000t\000e\000r\000\040\0003\0007\000.\000\040\140\001\134\004\176\355\173\307}{}% 1296
\BOOKMARK [1][-]{section.37.1}{\376\377\0003\0007\000.\0001\000.\000\040\137\025\212\000}{chapter.37}% 1297
\BOOKMARK [1][-]{section.37.2}{\376\377\0003\0007\000.\0002\000.\000\040\122\240\123\232}{chapter.37}% 1298
\BOOKMARK [1][-]{section.37.3}{\376\377\0003\0007\000.\0003\000.\000\040\122\240\123\232\166\204\140\001\134\004}{chapter.37}% 1299
\BOOKMARK [1][-]{section.37.4}{\376\377\0003\0007\000.\0004\000.\000\040\122\240\123\232\166\204\000\040\000P\000i\000c\000a\000r\000d\000\040\177\244}{chapter.37}% 1300
\BOOKMARK [1][-]{section.37.5}{\376\377\0003\0007\000.\0005\000.\000\040\145\340\172\167\134\017\220\273\127\337}{chapter.37}% 1301
\BOOKMARK [1][-]{section.37.6}{\376\377\0003\0007\000.\0006\000.\000\040\137\142\137\017\227\136\122\006\153\147\140\001\134\004}{chapter.37}% 1302
\BOOKMARK [1][-]{section.37.7}{\376\377\0003\0007\000.\0007\000.\000\040\154\333\116\000\226\066\122\240\123\232}{chapter.37}% 1303
\BOOKMARK [1][-]{section.37.8}{\376\377\0003\0007\000.\0008\000.\000\040\137\142\137\017\136\163\134\125\140\001\134\004}{chapter.37}% 1304
\BOOKMARK [1][-]{section.37.9}{\376\377\0003\0007\000.\0009\000.\000\040\146\040\134\004\166\204\145\340\172\167\134\017\137\142\123\330}{chapter.37}% 1305
\BOOKMARK [1][-]{section.37.10}{\376\377\0003\0007\000.\0001\0000\000.\000\040\151\202\137\142\166\204\145\340\172\167\134\017\137\142\123\330}{chapter.37}% 1306
\BOOKMARK [1][-]{section.37.11}{\376\377\0003\0007\000.\0001\0001\000.\000\040\137\142\137\017\121\111\156\321\140\001\134\004}{chapter.37}% 1307
\BOOKMARK [1][-]{section.37.12}{\376\377\0003\0007\000.\0001\0002\000.\000\040\000N\000o\000e\000t\000h\000e\000r\000\040\127\372\136\225\116\012\166\204\121\111\156\321\140\047}{chapter.37}% 1308
\BOOKMARK [1][-]{section.37.13}{\376\377\0003\0007\000.\0001\0003\000.\000\040\147\064\175\040\117\131\122\007\131\015\137\142}{chapter.37}% 1309
\BOOKMARK [1][-]{section.37.14}{\376\377\0003\0007\000.\0001\0004\000.\000\040\151\202\137\142\203\003\165\164\116\055\166\204\143\250\121\372\377\014\000I}{chapter.37}% 1310
\BOOKMARK [1][-]{section.37.15}{\376\377\0003\0007\000.\0001\0005\000.\000\040\136\163\127\146\217\150\217\371\166\204\137\000\140\047}{chapter.37}% 1311
\BOOKMARK [1][-]{section.37.16}{\376\377\0003\0007\000.\0001\0006\000.\000\040\143\011\176\244\176\364\122\044\122\053\136\163\127\146\140\047}{chapter.37}% 1312
\BOOKMARK [1][-]{section.37.17}{\376\377\0003\0007\000.\0001\0007\000.\000\040\121\111\156\321\151\202\137\142\116\113\225\364\166\204\225\355\155\170\121\145}{chapter.37}% 1313
\BOOKMARK [1][-]{section.37.18}{\376\377\0003\0007\000.\0001\0008\000.\000\040\136\163\127\146\152\041\116\016\166\370\133\371\117\064\226\217\160\271}{chapter.37}% 1314
\BOOKMARK [1][-]{section.37.19}{\376\377\0003\0007\000.\0001\0009\000.\000\040\121\215\213\272\153\143\211\304\123\026}{chapter.37}% 1315
\BOOKMARK [1][-]{section.37.20}{\376\377\0003\0007\000.\0002\0000\000.\000\040\153\143\211\304\140\001\134\004}{chapter.37}% 1316
\BOOKMARK [1][-]{section.37.21}{\376\377\0003\0007\000.\0002\0001\000.\000\040\153\143\122\031\140\001\134\004}{chapter.37}% 1317
\BOOKMARK [1][-]{section.37.22}{\376\377\0003\0007\000.\0002\0002\000.\000\040\000C\000o\000h\000e\000n\040\023\000M\000a\000c\000a\000u\000l\000a\000y\000\040\140\001\134\004}{chapter.37}% 1318
\BOOKMARK [1][-]{section.37.23}{\376\377\0003\0007\000.\0002\0003\000.\000\040\122\007\122\162\000\040\000C\000o\000h\000e\000n\040\023\000M\000a\000c\000a\000u\000l\000a\000y\000\040\140\001\134\004}{chapter.37}% 1319
\BOOKMARK [1][-]{section.37.24}{\376\377\0003\0007\000.\0002\0004\000.\000\040\154\333\176\244\176\364}{chapter.37}% 1320
\BOOKMARK [1][-]{section.37.25}{\376\377\0003\0007\000.\0002\0005\000.\000\040\166\370\133\371\117\064\226\217\160\271}{chapter.37}% 1321
\BOOKMARK [1][-]{section.37.26}{\376\377\0003\0007\000.\0002\0006\000.\000\040\176\246\123\026\176\244\176\364}{chapter.37}% 1322
\BOOKMARK [1][-]{section.37.27}{\376\377\0003\0007\000.\0002\0007\000.\000\040\176\244\176\364\166\204\116\015\123\357\176\246\122\006\145\057}{chapter.37}% 1323
\BOOKMARK [1][-]{section.37.28}{\376\377\0003\0007\000.\0002\0008\000.\000\040\176\244\176\364\166\204\217\336\220\032\122\006\145\057}{chapter.37}% 1324
\BOOKMARK [1][-]{section.37.29}{\376\377\0003\0007\000.\0002\0009\000.\000\040\116\016\142\052\227\142\166\370\116\244\166\204\217\336\220\032\122\006\145\057}{chapter.37}% 1325
\BOOKMARK [1][-]{section.37.30}{\376\377\0003\0007\000.\0003\0000\000.\000\040\176\244\176\364\166\204\176\364\145\160}{chapter.37}% 1326
\BOOKMARK [1][-]{section.37.31}{\376\377\0003\0007\000.\0003\0001\000.\000\040\137\061\166\370\133\371\000\040\000N\000o\000e\000t\000h\000e\000r\000\040\153\143\211\304\123\026}{chapter.37}% 1327
\BOOKMARK [1][-]{section.37.32}{\376\377\0003\0007\000.\0003\0002\000.\000\040\000B\000e\000r\000t\000i\000n\000i\000\040\133\232\164\006}{chapter.37}% 1328
\BOOKMARK [1][-]{section.37.33}{\376\377\0003\0007\000.\0003\0003\000.\000\040\172\313\145\271\117\123\133\232\164\006}{chapter.37}% 1329
\BOOKMARK [1][-]{section.37.34}{\376\377\0003\0007\000.\0003\0004\000.\000\040\147\201\226\120\213\272\213\301}{chapter.37}% 1330
\BOOKMARK [1][-]{section.37.35}{\376\377\0003\0007\000.\0003\0005\000.\000\040\000\311\000t\000a\000l\000e\000\040\220\273\127\337}{chapter.37}% 1331
\BOOKMARK [1][-]{section.37.36}{\376\377\0003\0007\000.\0003\0006\000.\000\040\000\311\000t\000a\000l\000e\000\040\220\273\127\337\116\016\122\006\145\057}{chapter.37}% 1332
\BOOKMARK [1][-]{section.37.37}{\376\377\0003\0007\000.\0003\0007\000.\000\040\227\136\122\006\153\147\140\001\134\004\116\016\000\040\000\351\000t\000a\000l\000e\000\040\140\001\134\004}{chapter.37}% 1333
\BOOKMARK [1][-]{section.37.38}{\376\377\0003\0007\000.\0003\0008\000.\000\040\121\111\156\321\140\001\134\004\166\204\122\007\162\107}{chapter.37}% 1334
\BOOKMARK [1][-]{section.37.39}{\376\377\0003\0007\000.\0003\0009\000.\000\040\000\311\000t\000a\000l\000e\000\040\220\273\127\337\116\016\000\040\000A\000r\000t\000i\000n\000\040\220\074\217\321}{chapter.37}% 1335
\BOOKMARK [1][-]{section.37.40}{\376\377\0003\0007\000.\0004\0000\000.\000\040\147\011\226\120\201\352\165\061\211\206\166\326\127\050\134\100\220\350\116\012\145\057\221\115\000\040\000\351\000t\000a\000l\000e\000\040\211\206\166\326}{chapter.37}% 1336
\BOOKMARK [1][-]{section.37.41}{\376\377\0003\0007\000.\0004\0001\000.\000\040\142\337\147\011\226\120\140\001\134\004\166\204\000\040\000\351\000t\000a\000l\000e\000\040\134\100\220\350\123\026}{chapter.37}% 1337
\BOOKMARK [1][-]{section.37.42}{\376\377\0003\0007\000.\0004\0002\000.\000\040\145\164\140\001\134\004\166\204\000\040\000\351\000t\000a\000l\000e\000\040\134\100\220\350\123\026}{chapter.37}% 1338
\BOOKMARK [1][-]{section.37.43}{\376\377\0003\0007\000.\0004\0003\000.\000\040\000Z\000a\000r\000i\000s\000k\000i\000\040\116\073\133\232\164\006}{chapter.37}% 1339
\BOOKMARK [1][-]{section.37.44}{\376\377\0003\0007\000.\0004\0004\000.\000\040\000Z\000a\000r\000i\000s\000k\000i\000\040\116\073\133\232\164\006\166\204\136\224\165\050\377\014\000I}{chapter.37}% 1340
\BOOKMARK [1][-]{section.37.45}{\376\377\0003\0007\000.\0004\0005\000.\000\040\000Z\000a\000r\000i\000s\000k\000i\000\040\116\073\133\232\164\006\166\204\136\224\165\050\377\014\000I\000I}{chapter.37}% 1341
\BOOKMARK [1][-]{section.37.46}{\376\377\0003\0007\000.\0004\0006\000.\000\040\217\336\220\032\176\244\176\364\140\001\134\004\166\204\136\224\165\050}{chapter.37}% 1342
\BOOKMARK [1][-]{section.37.47}{\376\377\0003\0007\000.\0004\0007\000.\000\040\147\011\226\120\127\213\140\001\134\004\176\323\147\204\166\204\136\224\165\050}{chapter.37}% 1343
\BOOKMARK [1][-]{section.37.48}{\376\377\0003\0007\000.\0004\0008\000.\000\040\000f\000p\000p\000f\000\040\142\323\142\121\166\204\136\224\165\050}{chapter.37}% 1344
\BOOKMARK [1][-]{section.37.49}{\376\377\0003\0007\000.\0004\0009\000.\000\040\142\337\142\225\134\004\151\202\137\142}{chapter.37}% 1345
\BOOKMARK [1][-]{section.37.50}{\376\377\0003\0007\000.\0005\0000\000.\000\040\142\225\134\004\151\202\137\142}{chapter.37}% 1346
\BOOKMARK [1][-]{section.37.51}{\376\377\0003\0007\000.\0005\0001\000.\000\040\000P\000r\000o\000j\000\040\116\016\000\040\000S\000p\000e\000c}{chapter.37}% 1347
\BOOKMARK [1][-]{section.37.52}{\376\377\0003\0007\000.\0005\0002\000.\000\040\176\244\176\364\116\055\166\204\225\355\160\271}{chapter.37}% 1348
\BOOKMARK [1][-]{section.37.53}{\376\377\0003\0007\000.\0005\0003\000.\000\040\000S\000t\000e\000i\000n\000\040\122\006\211\343}{chapter.37}% 1349
\BOOKMARK [1][-]{section.37.54}{\376\377\0003\0007\000.\0005\0004\000.\000\040\154\333\136\163\127\146\140\047\122\006\134\102}{chapter.37}% 1350
\BOOKMARK [1][-]{section.37.55}{\376\377\0003\0007\000.\0005\0005\000.\000\040\133\371\140\001\134\004\122\006\134\102}{chapter.37}% 1351
\BOOKMARK [1][-]{section.37.56}{\376\377\0003\0007\000.\0005\0006\000.\000\040\145\071\217\333\166\370\133\371\176\364\145\160\116\072\116\000\166\204\140\001\134\004}{chapter.37}% 1352
\BOOKMARK [1][-]{section.37.57}{\376\377\0003\0007\000.\0005\0007\000.\000\040\122\006\171\273\116\024\134\100\220\350\142\337\147\011\226\120\140\001\134\004\166\204\116\013\226\115}{chapter.37}% 1353
\BOOKMARK [1][-]{section.37.58}{\376\377\0003\0007\000.\0005\0008\000.\000\040\166\370\133\371\147\011\226\120\210\150\163\260}{chapter.37}% 1354
\BOOKMARK [1][-]{section.37.59}{\376\377\0003\0007\000.\0005\0009\000.\000\040\166\370\133\371\117\052\121\335\200\132\140\047}{chapter.37}% 1355
\BOOKMARK [1][-]{section.37.60}{\376\377\0003\0007\000.\0006\0000\000.\000\040\117\052\121\335\200\132\140\001\134\004}{chapter.37}% 1356
\BOOKMARK [1][-]{section.37.61}{\376\377\0003\0007\000.\0006\0001\000.\000\040\133\214\177\216\140\001\134\004}{chapter.37}% 1357
\BOOKMARK [1][-]{section.37.62}{\376\377\0003\0007\000.\0006\0002\000.\000\040\134\100\220\350\133\214\121\150\116\244\140\001\134\004}{chapter.37}% 1358
\BOOKMARK [1][-]{section.37.63}{\376\377\0003\0007\000.\0006\0003\000.\000\040\137\256\122\006\134\102\116\016\117\131\154\325\134\102\166\204\153\143\124\010\122\027}{chapter.37}% 1359
\BOOKMARK [1][-]{section.37.64}{\376\377\0003\0007\000.\0006\0004\000.\000\040\137\061\000\040\000\351\000t\000a\000l\000e\000\040\140\001\134\004}{chapter.37}% 1360
\BOOKMARK [1][-]{section.37.65}{\376\377\0003\0007\000.\0006\0005\000.\000\040\176\246\123\026\176\244\176\364\133\232\164\006}{chapter.37}% 1361
\BOOKMARK [1][-]{section.37.66}{\376\377\0003\0007\000.\0006\0006\000.\000\040\000I\000n\000d\000-\142\337\116\377\134\004\140\001\134\004}{chapter.37}% 1362
\BOOKMARK [1][-]{section.37.67}{\376\377\0003\0007\000.\0006\0007\000.\000\040\151\202\137\142\203\003\165\164\116\055\166\204\143\250\121\372\377\014\000I\000I}{chapter.37}% 1363
\BOOKMARK [1][-]{section.37.68}{\376\377\0003\0007\000.\0006\0008\000.\000\040\166\370\133\371\140\001\134\004}{chapter.37}% 1364
\BOOKMARK [1][-]{section.37.69}{\376\377\0003\0007\000.\0006\0009\000.\000\040\117\052\121\335\200\132\131\015\137\142\166\204\122\073\165\073\377\014\000I\000I\000I}{chapter.37}% 1365
\BOOKMARK [1][-]{section.37.70}{\376\377\0003\0007\000.\0007\0000\000.\000\040\131\015\137\142\147\011\226\120\140\047\140\047\215\050\166\204\116\013\226\115}{chapter.37}% 1366
\BOOKMARK [1][-]{section.37.71}{\376\377\0003\0007\000.\0007\0001\000.\000\040\166\370\133\371\133\214\177\216\133\371\214\141}{chapter.37}% 1367
\BOOKMARK [1][-]{section.37.72}{\376\377\0003\0007\000.\0007\0002\000.\000\040\145\066\177\051\147\011\164\006\146\362\176\277}{chapter.37}% 1368
\BOOKMARK [1][-]{section.37.73}{\376\377\0003\0007\000.\0007\0003\000.\000\040\116\377\134\004\122\006\134\102}{chapter.37}% 1369
\BOOKMARK [1][-]{section.37.74}{\376\377\0003\0007\000.\0007\0004\000.\000\040\146\156\220\115\137\000\140\001\134\004}{chapter.37}% 1370
\BOOKMARK [1][-]{section.37.75}{\376\377\0003\0007\000.\0007\0005\000.\000\040\215\113\147\103}{chapter.37}% 1371
\BOOKMARK [1][-]{section.37.76}{\376\377\0003\0007\000.\0007\0006\000.\000\040\215\113\147\103\166\204\217\333\116\000\153\145\140\047\215\050}{chapter.37}% 1372
\BOOKMARK [1][-]{section.37.77}{\376\377\0003\0007\000.\0007\0007\000.\000\040\215\113\147\103\116\016\116\377\134\004\122\006\134\102\145\160}{chapter.37}% 1373
\BOOKMARK [1][-]{section.37.78}{\376\377\0003\0007\000.\0007\0008\000.\000\040\133\214\121\150\122\006\211\343\140\001\134\004}{chapter.37}% 1374
\BOOKMARK [1][-]{section.37.79}{\376\377\0003\0007\000.\0007\0009\000.\000\040\116\060\133\314\123\357\220\006\152\041\145\317}{chapter.37}% 1375
\BOOKMARK [1][-]{section.37.80}{\376\377\0003\0007\000.\0008\0000\000.\000\040\124\071\215\167\116\016\116\060\133\314\123\357\220\006\152\041\145\317}{chapter.37}% 1376
\BOOKMARK [1][-]{section.37.81}{\376\377\0003\0007\000.\0008\0001\000.\000\040\225\355\155\170\121\145\166\204\136\177\136\366\122\044\143\156}{chapter.37}% 1377
\BOOKMARK [0][-]{chapter.38}{\376\377\000C\000h\000a\000p\000t\000e\000r\000\040\0003\0008\000.\000\040\136\163\127\146\140\047\176\355\173\307}{}% 1378
\BOOKMARK [1][-]{section.38.1}{\376\377\0003\0008\000.\0001\000.\000\040\137\025\212\000}{chapter.38}% 1379
\BOOKMARK [1][-]{section.38.2}{\376\377\0003\0008\000.\0002\000.\000\040\121\163\116\216\000\040\000\351\000t\000a\000l\000e\000\040\134\100\220\350\123\026\166\204\137\025\164\006}{chapter.38}% 1380
\BOOKMARK [1][-]{section.38.3}{\376\377\0003\0008\000.\0003\000.\000\040\147\011\226\120\127\213\152\041\166\204\134\100\220\350\176\323\147\204}{chapter.38}% 1381
\BOOKMARK [1][-]{section.38.4}{\376\377\0003\0008\000.\0004\000.\000\040\116\000\153\145\000\040\000d\000\351\000v\000i\000s\000s\000a\000g\000e}{chapter.38}% 1382
\BOOKMARK [1][-]{section.38.5}{\376\377\0003\0008\000.\0005\000.\000\040\133\214\121\150\000\040\000d\000\351\000v\000i\000s\000s\000a\000g\000e}{chapter.38}% 1383
\BOOKMARK [1][-]{section.38.6}{\376\377\0003\0008\000.\0006\000.\000\040\116\343\145\160\210\150\217\360}{chapter.38}% 1384
\BOOKMARK [1][-]{section.38.7}{\376\377\0003\0008\000.\0007\000.\000\040\134\100\220\350\123\026\116\016\146\156\220\115\123\125\134\004\124\014\140\001}{chapter.38}% 1385
\BOOKMARK [1][-]{section.38.8}{\376\377\0003\0008\000.\0008\000.\000\040\133\214\131\007\123\026\116\016\000\040\000M\000i\000t\000t\000a\000g\000-\000L\000e\000f\000f\000l\000e\000r\000\040\152\041}{chapter.38}% 1386
\BOOKMARK [1][-]{section.38.9}{\376\377\0003\0008\000.\0009\000.\000\040\142\225\134\004\152\041}{chapter.38}% 1387
\BOOKMARK [1][-]{section.38.10}{\376\377\0003\0008\000.\0001\0000\000.\000\040\147\011\226\120\127\213\136\163\127\146\152\041\377\014\173\054\116\000\220\350\122\006}{chapter.38}% 1388
\BOOKMARK [1][-]{section.38.11}{\376\377\0003\0008\000.\0001\0001\000.\000\040\116\316\137\000\226\306\136\366\142\323\140\047\215\050}{chapter.38}% 1389
\BOOKMARK [1][-]{section.38.12}{\376\377\0003\0008\000.\0001\0002\000.\000\040\147\011\226\120\210\150\171\072\136\163\127\146\152\041}{chapter.38}% 1390
\BOOKMARK [1][-]{section.38.13}{\376\377\0003\0008\000.\0001\0003\000.\000\040\147\011\226\120\127\213\136\163\127\146\152\041\377\014\173\054\116\214\220\350\122\006}{chapter.38}% 1391
\BOOKMARK [1][-]{section.38.14}{\376\377\0003\0008\000.\0001\0004\000.\000\040\166\370\133\371\176\257\152\041\166\204\117\213\133\120}{chapter.38}% 1392
\BOOKMARK [1][-]{section.38.15}{\376\377\0003\0008\000.\0001\0005\000.\000\040\227\136\176\257\140\047}{chapter.38}% 1393
\BOOKMARK [1][-]{section.38.16}{\376\377\0003\0008\000.\0001\0006\000.\000\040\166\370\133\371\176\257\152\041}{chapter.38}% 1394
\BOOKMARK [1][-]{section.38.17}{\376\377\0003\0008\000.\0001\0007\000.\000\040\166\370\133\371\176\257\134\102\166\204\117\213\133\120}{chapter.38}% 1395
\BOOKMARK [1][-]{section.38.18}{\376\377\0003\0008\000.\0001\0008\000.\000\040\176\257\140\047\166\204\116\000\116\052\122\044\143\156}{chapter.38}% 1396
\BOOKMARK [1][-]{section.38.19}{\376\377\0003\0008\000.\0001\0009\000.\000\040\176\257\140\047\166\204\136\224\165\050}{chapter.38}% 1397
\BOOKMARK [1][-]{section.38.20}{\376\377\0003\0008\000.\0002\0000\000.\000\040\142\101\136\163\123\026\121\375\133\120}{chapter.38}% 1398
\BOOKMARK [1][-]{section.38.21}{\376\377\0003\0008\000.\0002\0001\000.\000\040\142\101\136\163\123\026\122\006\134\102}{chapter.38}% 1399
\BOOKMARK [1][-]{section.38.22}{\376\377\0003\0008\000.\0002\0002\000.\000\040\000A\000r\000t\000i\000n\000\040\163\257\116\012\166\204\142\101\136\163\123\026\122\006\134\102}{chapter.38}% 1400
\BOOKMARK [1][-]{section.38.23}{\376\377\0003\0008\000.\0002\0003\000.\000\040\140\001\134\004\166\204\142\101\136\163\123\026}{chapter.38}% 1401
\BOOKMARK [1][-]{section.38.24}{\376\377\0003\0008\000.\0002\0004\000.\000\040\134\100\220\350\140\305\137\142\116\013\166\204\142\101\136\163\123\026}{chapter.38}% 1402
\BOOKMARK [1][-]{section.38.25}{\376\377\0003\0008\000.\0002\0005\000.\000\040\116\000\116\052\137\025\164\006\166\204\123\330\117\123}{chapter.38}% 1403
\BOOKMARK [1][-]{section.38.26}{\376\377\0003\0008\000.\0002\0006\000.\000\040\147\011\226\120\127\213\136\163\127\146\152\041\377\014\173\054\116\011\220\350\122\006}{chapter.38}% 1404
\BOOKMARK [1][-]{section.38.27}{\376\377\0003\0008\000.\0002\0007\000.\000\040\154\333\142\101\136\163\123\026}{chapter.38}% 1405
\BOOKMARK [1][-]{section.38.28}{\376\377\0003\0008\000.\0002\0008\000.\000\040\000G\000r\000o\000t\000h\000e\000n\000d\000i\000e\000c\000k\000\040\133\130\127\050\133\232\164\006\000\040\000I\000V}{chapter.38}% 1406
\BOOKMARK [1][-]{section.38.29}{\376\377\0003\0008\000.\0002\0009\000.\000\040\000G\000r\000o\000t\000h\000e\000n\000d\000i\000e\000c\000k\000\040\133\130\127\050\133\232\164\006\000\040\000V}{chapter.38}% 1407
\BOOKMARK [1][-]{section.38.30}{\376\377\0003\0008\000.\0003\0000\000.\000\040\162\006\170\064\116\016\136\163\127\146\140\047}{chapter.38}% 1408
\BOOKMARK [1][-]{section.38.31}{\376\377\0003\0008\000.\0003\0001\000.\000\040\136\224\165\050}{chapter.38}% 1409
\BOOKMARK [1][-]{section.38.32}{\376\377\0003\0008\000.\0003\0002\000.\000\040\175\047\123\026}{chapter.38}% 1410
\BOOKMARK [1][-]{section.38.33}{\376\377\0003\0008\000.\0003\0003\000.\000\040\000N\000a\000g\000a\000t\000a\000\040\175\047\123\026}{chapter.38}% 1411
\BOOKMARK [1][-]{section.38.34}{\376\377\0003\0008\000.\0003\0004\000.\000\040\000h\000\040\142\323\142\121}{chapter.38}% 1412
\BOOKMARK [1][-]{section.38.35}{\376\377\0003\0008\000.\0003\0005\000.\000\040\000h\000\040\142\323\142\121\166\204\217\333\116\000\153\145\176\323\147\234}{chapter.38}% 1413
\BOOKMARK [1][-]{section.38.36}{\376\377\0003\0008\000.\0003\0006\000.\000\040\162\006\170\064\145\271\127\127\116\016\000\040\000p\000h\000\040\142\323\142\121}{chapter.38}% 1414
\BOOKMARK [1][-]{section.38.37}{\376\377\0003\0008\000.\0003\0007\000.\000\040\121\340\116\116\162\006\170\064\145\271\127\127\116\016\000\040\000h\000\040\142\323\142\121}{chapter.38}% 1415
\BOOKMARK [1][-]{section.38.38}{\376\377\0003\0008\000.\0003\0008\000.\000\040\176\335\133\371\137\061\153\143\211\304\123\026\116\016\000\040\000h\000\040\211\206\166\326}{chapter.38}% 1416
\BOOKMARK [1][-]{section.38.39}{\376\377\0003\0008\000.\0003\0009\000.\000\040\153\143\162\171\137\201\116\013\124\021\221\317\116\033\166\204\116\013\226\115}{chapter.38}% 1417
\BOOKMARK [1][-]{section.38.40}{\376\377\0003\0008\000.\0004\0000\000.\000\040\131\015\137\142\166\204\162\006\170\064}{chapter.38}% 1418
\BOOKMARK [1][-]{section.38.41}{\376\377\0003\0008\000.\0004\0001\000.\000\040\133\214\177\216\152\041\166\204\162\006\170\064}{chapter.38}% 1419
\BOOKMARK [1][-]{section.38.42}{\376\377\0003\0008\000.\0004\0002\000.\000\040\000B\000e\000r\000t\000h\000e\000l\000o\000t\000\040\116\016\000\040\000O\000g\000u\000s\000\040\137\025\121\145\166\204\173\227\133\120}{chapter.38}% 1420
\BOOKMARK [1][-]{section.38.43}{\376\377\0003\0008\000.\0004\0003\000.\000\040\131\015\137\142\166\204\162\006\170\064\377\014\000I\000I}{chapter.38}% 1421
\BOOKMARK [1][-]{section.38.44}{\376\377\0003\0008\000.\0004\0004\000.\000\040\131\015\137\142\166\204\162\006\170\064\377\014\000I\000I\000I}{chapter.38}% 1422
\BOOKMARK [0][-]{chapter.39}{\376\377\000C\000h\000a\000p\000t\000e\000r\000\040\0003\0009\000.\000\040\177\244\200\332\151\202\137\142}{}% 1423
\BOOKMARK [1][-]{section.39.1}{\376\377\0003\0009\000.\0001\000.\000\040\137\025\212\000}{chapter.39}% 1424
\BOOKMARK [1][-]{section.39.2}{\376\377\0003\0009\000.\0002\000.\000\040\213\260\123\367}{chapter.39}% 1425
\BOOKMARK [1][-]{section.39.3}{\376\377\0003\0009\000.\0003\000.\000\040\173\111\116\367\121\163\174\373}{chapter.39}% 1426
\BOOKMARK [1][-]{section.39.4}{\376\377\0003\0009\000.\0004\000.\000\040\177\244\151\202\137\142}{chapter.39}% 1427
\BOOKMARK [1][-]{section.39.5}{\376\377\0003\0009\000.\0005\000.\000\040\177\244\151\202\137\142\166\204\117\213\133\120}{chapter.39}% 1428
\BOOKMARK [1][-]{section.39.6}{\376\377\0003\0009\000.\0006\000.\000\040\177\244\151\202\137\142\166\204\140\047\215\050}{chapter.39}% 1429
\BOOKMARK [1][-]{section.39.7}{\376\377\0003\0009\000.\0007\000.\000\040\127\337\116\012\177\244\151\202\137\142\166\204\140\047\215\050}{chapter.39}% 1430
\BOOKMARK [1][-]{section.39.8}{\376\377\0003\0009\000.\0008\000.\000\040\116\343\145\160\177\244\151\202\137\142\166\204\140\047\215\050}{chapter.39}% 1431
\BOOKMARK [1][-]{section.39.9}{\376\377\0003\0009\000.\0009\000.\000\040\226\077\215\035\134\024\174\007}{chapter.39}% 1432
\BOOKMARK [1][-]{section.39.10}{\376\377\0003\0009\000.\0001\0000\000.\000\040\177\244\151\202\137\142\166\204\117\134\165\050}{chapter.39}% 1433
\BOOKMARK [1][-]{section.39.11}{\376\377\0003\0009\000.\0001\0001\000.\000\040\116\073\237\120\140\047\172\172\225\364}{chapter.39}% 1434
\BOOKMARK [1][-]{section.39.12}{\376\377\0003\0009\000.\0001\0002\000.\000\040\173\111\123\330\142\337\121\335\200\132\134\102}{chapter.39}% 1435
\BOOKMARK [1][-]{section.39.13}{\376\377\0003\0009\000.\0001\0003\000.\000\040\177\244\200\332}{chapter.39}% 1436
\BOOKMARK [1][-]{section.39.14}{\376\377\0003\0009\000.\0001\0004\000.\000\040\177\244\200\332\116\012\166\204\142\337\121\335\200\132\134\102}{chapter.39}% 1437
\BOOKMARK [1][-]{section.39.15}{\376\377\0003\0009\000.\0001\0005\000.\000\040\142\337\121\335\200\132\152\041\166\204\117\131\147\201\226\120}{chapter.39}% 1438
\BOOKMARK [1][-]{section.39.16}{\376\377\0003\0009\000.\0001\0006\000.\000\040\177\244\200\332\116\016\177\244\151\202\137\142}{chapter.39}% 1439
\BOOKMARK [1][-]{section.39.17}{\376\377\0003\0009\000.\0001\0007\000.\000\040\172\063\133\232\133\120\177\244\151\202\137\142}{chapter.39}% 1440
\BOOKMARK [1][-]{section.39.18}{\376\377\0003\0009\000.\0001\0008\000.\000\040\177\244\200\332\166\204\226\120\122\066}{chapter.39}% 1441
\BOOKMARK [1][-]{section.39.19}{\376\377\0003\0009\000.\0001\0009\000.\000\040\116\015\123\330\133\120\151\202\137\142}{chapter.39}% 1442
\BOOKMARK [1][-]{section.39.20}{\376\377\0003\0009\000.\0002\0000\000.\000\040\125\106\134\102}{chapter.39}% 1443
\BOOKMARK [1][-]{section.39.21}{\376\377\0003\0009\000.\0002\0001\000.\000\040\165\050\177\244\200\332\210\150\217\360\116\013\226\115}{chapter.39}% 1444
\BOOKMARK [1][-]{section.39.22}{\376\377\0003\0009\000.\0002\0002\000.\000\040\122\006\171\273\140\047\147\141\116\366}{chapter.39}% 1445
\BOOKMARK [1][-]{section.39.23}{\376\377\0003\0009\000.\0002\0003\000.\000\040\147\011\226\120\136\163\127\146\177\244\200\332\377\032\116\377\134\004\140\305\137\142}{chapter.39}% 1446
\BOOKMARK [1][-]{section.39.24}{\376\377\0003\0009\000.\0002\0004\000.\000\040\147\011\226\120\136\163\127\146\177\244\200\332}{chapter.39}% 1447
\BOOKMARK [1][-]{section.39.25}{\376\377\0003\0009\000.\0002\0005\000.\000\040\142\337\134\004\137\161\151\202\137\142\166\204\116\013\226\115}{chapter.39}% 1448
\BOOKMARK [0][-]{chapter.40}{\376\377\000C\000h\000a\000p\000t\000e\000r\000\040\0004\0000\000.\000\040\177\244\200\332\151\202\137\142\217\333\226\066}{}% 1449
\BOOKMARK [1][-]{section.40.1}{\376\377\0004\0000\000.\0001\000.\000\040\137\025\212\000}{chapter.40}% 1450
\BOOKMARK [1][-]{section.40.2}{\376\377\0004\0000\000.\0002\000.\000\040\213\260\123\367}{chapter.40}% 1451
\BOOKMARK [1][-]{section.40.3}{\376\377\0004\0000\000.\0003\000.\000\040\202\345\136\162\136\070\165\050\126\376}{chapter.40}% 1452
\BOOKMARK [1][-]{section.40.4}{\376\377\0004\0000\000.\0004\000.\000\040\137\256\122\006\134\102}{chapter.40}% 1453
\BOOKMARK [1][-]{section.40.5}{\376\377\0004\0000\000.\0005\000.\000\040\134\100\220\350\176\323\147\204}{chapter.40}% 1454
\BOOKMARK [1][-]{section.40.6}{\376\377\0004\0000\000.\0006\000.\000\040\177\244\200\332\166\204\140\047\215\050}{chapter.40}% 1455
\BOOKMARK [1][-]{section.40.7}{\376\377\0004\0000\000.\0007\000.\000\040\176\244\176\364\166\204\153\324\217\203}{chapter.40}% 1456
\BOOKMARK [1][-]{section.40.8}{\376\377\0004\0000\000.\0008\000.\000\040\000C\000o\000h\000e\000n\040\023\000M\000a\000c\000a\000u\000l\000a\000y\000\040\124\110\171\072}{chapter.40}% 1457
\BOOKMARK [1][-]{section.40.9}{\376\377\0004\0000\000.\0009\000.\000\040\177\244\200\332\166\204\226\120\122\066}{chapter.40}% 1458
\BOOKMARK [1][-]{section.40.10}{\376\377\0004\0000\000.\0001\0000\000.\000\040\127\337\116\012\177\244\200\332\166\204\140\047\215\050}{chapter.40}% 1459
\BOOKMARK [1][-]{section.40.11}{\376\377\0004\0000\000.\0001\0001\000.\000\040\127\337\116\012\177\244\200\332\166\204\140\001\134\004}{chapter.40}% 1460
\BOOKMARK [1][-]{section.40.12}{\376\377\0004\0000\000.\0001\0002\000.\000\040\177\244\200\332\166\204\122\007\162\107}{chapter.40}% 1461
\BOOKMARK [1][-]{section.40.13}{\376\377\0004\0000\000.\0001\0003\000.\000\040\177\244\200\332\166\204\136\163\134\125\377\010\000\311\000t\000a\000l\000e\377\011\134\100\220\350\123\026}{chapter.40}% 1462
\BOOKMARK [1][-]{section.40.14}{\376\377\0004\0000\000.\0001\0004\000.\000\040\147\011\226\120\177\244\200\332}{chapter.40}% 1463
\BOOKMARK [1][-]{section.40.15}{\376\377\0004\0000\000.\0001\0005\000.\000\040\000i\000n\000d\000-\142\337\116\377\134\004\140\001\134\004\166\204\116\013\226\115}{chapter.40}% 1464
\BOOKMARK [0][-]{chapter.41}{\376\377\000C\000h\000a\000p\000t\000e\000r\000\040\0004\0001\000.\000\040\151\202\137\142\166\204\136\163\134\125\377\010\000\311\000t\000a\000l\000e\377\011\140\001\134\004}{}% 1465
\BOOKMARK [1][-]{section.41.1}{\376\377\0004\0001\000.\0001\000.\000\040\137\025\212\000}{chapter.41}% 1466
\BOOKMARK [1][-]{section.41.2}{\376\377\0004\0001\000.\0002\000.\000\040\176\246\133\232}{chapter.41}% 1467
\BOOKMARK [1][-]{section.41.3}{\376\377\0004\0001\000.\0003\000.\000\040\227\136\122\006\153\147\140\001\134\004}{chapter.41}% 1468
\BOOKMARK [1][-]{section.41.4}{\376\377\0004\0001\000.\0004\000.\000\040\227\136\122\006\153\147\140\001\134\004\166\204\123\346\131\026\116\011\171\315\122\073\165\073}{chapter.41}% 1469
\BOOKMARK [1][-]{section.41.5}{\376\377\0004\0001\000.\0005\000.\000\040\227\136\122\006\153\147\140\001\134\004\166\204\121\375\133\120\140\047\122\073\165\073}{chapter.41}% 1470
\BOOKMARK [1][-]{section.41.6}{\376\377\0004\0001\000.\0006\000.\000\040\227\136\122\006\153\147\140\001\134\004\166\204\142\323\142\121\140\047\215\050}{chapter.41}% 1471
\BOOKMARK [1][-]{section.41.7}{\376\377\0004\0001\000.\0007\000.\000\040\154\333\123\125\134\004\166\204\227\136\122\006\153\147\140\001\134\004}{chapter.41}% 1472
\BOOKMARK [1][-]{section.41.8}{\376\377\0004\0001\000.\0008\000.\000\040\227\136\122\006\153\147\140\001\134\004\166\204\117\213\133\120}{chapter.41}% 1473
\BOOKMARK [1][-]{section.41.9}{\376\377\0004\0001\000.\0009\000.\000\040\136\163\127\146\140\001\134\004}{chapter.41}% 1474
\BOOKMARK [1][-]{section.41.10}{\376\377\0004\0001\000.\0001\0000\000.\000\040\136\163\127\146\140\001\134\004\166\204\142\323\142\121\140\047\215\050}{chapter.41}% 1475
\BOOKMARK [1][-]{section.41.11}{\376\377\0004\0001\000.\0001\0001\000.\000\040\136\163\134\125\377\010\000\311\000t\000a\000l\000e\377\011\140\001\134\004}{chapter.41}% 1476
\BOOKMARK [1][-]{section.41.12}{\376\377\0004\0001\000.\0001\0002\000.\000\040\176\323\147\204\133\232\164\006}{chapter.41}% 1477
\BOOKMARK [1][-]{section.41.13}{\376\377\0004\0001\000.\0001\0003\000.\000\040\136\163\134\125\377\010\000\311\000t\000a\000l\000e\377\011\140\001\134\004\116\016\121\111\156\321\140\001\134\004}{chapter.41}% 1478
\BOOKMARK [1][-]{section.41.14}{\376\377\0004\0001\000.\0001\0004\000.\000\040\136\163\134\125\377\010\000\311\000t\000a\000l\000e\377\011\140\001\134\004\166\204\142\323\142\121\140\047\215\050}{chapter.41}% 1479
\BOOKMARK [1][-]{section.41.15}{\376\377\0004\0001\000.\0001\0005\000.\000\040\136\163\134\125\377\010\000\351\000t\000a\000l\000e\377\011\142\323\142\121\166\204\142\323\142\121\116\015\123\330\140\047}{chapter.41}% 1480
\BOOKMARK [1][-]{section.41.16}{\376\377\0004\0001\000.\0001\0006\000.\000\040\121\375\133\120\122\073\165\073}{chapter.41}% 1481
\BOOKMARK [1][-]{section.41.17}{\376\377\0004\0001\000.\0001\0007\000.\000\040\227\136\122\006\153\147\140\001\134\004\166\204\136\163\134\125\377\010\000\311\000t\000a\000l\000e\377\011\134\100\220\350\176\323\147\204}{chapter.41}% 1482
\BOOKMARK [1][-]{section.41.18}{\376\377\0004\0001\000.\0001\0008\000.\000\040\136\163\134\125\377\010\000\311\000t\000a\000l\000e\377\011\140\001\134\004\166\204\136\163\134\125\377\010\000\351\000t\000a\000l\000e\377\011\134\100\220\350\176\323\147\204}{chapter.41}% 1483
\BOOKMARK [1][-]{section.41.19}{\376\377\0004\0001\000.\0001\0009\000.\000\040\117\335\143\001\140\047\215\050}{chapter.41}% 1484
\BOOKMARK [1][-]{section.41.20}{\376\377\0004\0001\000.\0002\0000\000.\000\040\136\163\134\125\377\010\000\351\000t\000a\000l\000e\377\011\140\001\134\004\166\204\116\013\226\115}{chapter.41}% 1485
\BOOKMARK [1][-]{section.41.21}{\376\377\0004\0001\000.\0002\0001\000.\000\040\153\143\211\304\116\244\123\311\226\144\133\120}{chapter.41}% 1486
\BOOKMARK [0][-]{chapter.42}{\376\377\000C\000h\000a\000p\000t\000e\000r\000\040\0004\0002\000.\000\040\000C\000h\000o\000w\000\040\124\014\214\003\116\016\226\110\174\173}{}% 1487
\BOOKMARK [1][-]{section.42.1}{\376\377\0004\0002\000.\0001\000.\000\040\137\025\212\000}{chapter.42}% 1488
\BOOKMARK [1][-]{section.42.2}{\376\377\0004\0002\000.\0002\000.\000\040\124\150\147\037\131\015\137\142\116\016\000\040\000H\000e\000r\000b\000r\000a\000n\000d\000\040\125\106}{chapter.42}% 1489
\BOOKMARK [1][-]{section.42.3}{\376\377\0004\0002\000.\0003\000.\000\040\202\345\136\162\221\315\145\160\166\204\213\241\173\227}{chapter.42}% 1490
\BOOKMARK [1][-]{section.42.4}{\376\377\0004\0002\000.\0004\000.\000\040\232\157\230\172\173\046\123\367\166\204\121\306\131\007\135\345\117\134}{chapter.42}% 1491
\BOOKMARK [1][-]{section.42.5}{\376\377\0004\0002\000.\0005\000.\000\040\232\157\230\172\173\046\123\367}{chapter.42}% 1492
\BOOKMARK [1][-]{section.42.6}{\376\377\0004\0002\000.\0006\000.\000\040\116\000\116\052\121\163\225\056\137\025\164\006}{chapter.42}% 1493
\BOOKMARK [1][-]{section.42.7}{\376\377\0004\0002\000.\0007\000.\000\040\127\372\147\054\213\276\177\156}{chapter.42}% 1494
\BOOKMARK [1][-]{section.42.8}{\376\377\0004\0002\000.\0008\000.\000\040\137\252\163\257}{chapter.42}% 1495
\BOOKMARK [1][-]{section.42.9}{\376\377\0004\0002\000.\0009\000.\000\040\116\016\225\355\133\120\151\202\137\142\166\370\117\064\166\204\137\252\163\257}{chapter.42}% 1496
\BOOKMARK [1][-]{section.42.10}{\376\377\0004\0002\000.\0001\0000\000.\000\040\116\016\121\335\200\132\134\102\166\370\117\064\166\204\137\252\163\257}{chapter.42}% 1497
\BOOKMARK [1][-]{section.42.11}{\376\377\0004\0002\000.\0001\0001\000.\000\040\126\372\147\011\143\250\122\115\166\204\121\306\131\007\135\345\117\134}{chapter.42}% 1498
\BOOKMARK [1][-]{section.42.12}{\376\377\0004\0002\000.\0001\0002\000.\000\040\126\372\147\011\143\250\122\115}{chapter.42}% 1499
\BOOKMARK [1][-]{section.42.13}{\376\377\0004\0002\000.\0001\0003\000.\000\040\136\163\127\146\142\311\126\336\166\204\121\306\131\007\135\345\117\134}{chapter.42}% 1500
\BOOKMARK [1][-]{section.42.14}{\376\377\0004\0002\000.\0001\0004\000.\000\040\136\163\127\146\142\311\126\336}{chapter.42}% 1501
\BOOKMARK [1][-]{section.42.15}{\376\377\0004\0002\000.\0001\0005\000.\000\040\143\250\122\115\116\016\142\311\126\336}{chapter.42}% 1502
\BOOKMARK [1][-]{section.42.16}{\376\377\0004\0002\000.\0001\0006\000.\000\040\116\073\226\144\133\120\166\204\121\306\131\007}{chapter.42}% 1503
\BOOKMARK [1][-]{section.42.17}{\376\377\0004\0002\000.\0001\0007\000.\000\040\116\073\226\144\133\120}{chapter.42}% 1504
\BOOKMARK [1][-]{section.42.18}{\376\377\0004\0002\000.\0001\0008\000.\000\040\116\073\226\144\133\120\116\016\143\250\122\115}{chapter.42}% 1505
\BOOKMARK [1][-]{section.42.19}{\376\377\0004\0002\000.\0001\0009\000.\000\040\147\011\164\006\173\111\116\367}{chapter.42}% 1506
\BOOKMARK [1][-]{section.42.20}{\376\377\0004\0002\000.\0002\0000\000.\000\040\147\011\164\006\173\111\116\367\116\016\143\250\122\115\060\001\142\311\126\336}{chapter.42}% 1507
\BOOKMARK [1][-]{section.42.21}{\376\377\0004\0002\000.\0002\0001\000.\000\040\147\011\164\006\173\111\116\367\116\016\134\004\137\161\166\364\176\277}{chapter.42}% 1508
\BOOKMARK [1][-]{section.42.22}{\376\377\0004\0002\000.\0002\0002\000.\000\040\000C\000h\000o\000w\000\040\177\244\116\016\123\005\176\334}{chapter.42}% 1509
\BOOKMARK [1][-]{section.42.23}{\376\377\0004\0002\000.\0002\0003\000.\000\040\000C\000h\000o\000w\000\040\177\244\116\016\000\040\000K\000-\177\244}{chapter.42}% 1510
\BOOKMARK [1][-]{section.42.24}{\376\377\0004\0002\000.\0002\0004\000.\000\040\116\016\123\357\220\006\134\102\166\370\117\064\166\204\226\144\133\120}{chapter.42}% 1511
\BOOKMARK [1][-]{section.42.25}{\376\377\0004\0002\000.\0002\0005\000.\000\040\116\016\123\357\220\006\134\102\166\370\116\244}{chapter.42}% 1512
\BOOKMARK [1][-]{section.42.26}{\376\377\0004\0002\000.\0002\0006\000.\000\040\116\016\123\357\220\006\134\102\166\370\116\244\123\312\143\250\122\115\060\001\142\311\126\336}{chapter.42}% 1513
\BOOKMARK [1][-]{section.42.27}{\376\377\0004\0002\000.\0002\0007\000.\000\040\121\163\225\056\121\154\137\017}{chapter.42}% 1514
\BOOKMARK [1][-]{section.42.28}{\376\377\0004\0002\000.\0002\0008\000.\000\040\116\016\123\357\220\006\134\102\166\370\116\244\123\312\147\011\164\006\173\111\116\367}{chapter.42}% 1515
\BOOKMARK [1][-]{section.42.29}{\376\377\0004\0002\000.\0002\0009\000.\000\040\000G\000y\000s\000i\000n\000\040\124\014\140\001}{chapter.42}% 1516
\BOOKMARK [1][-]{section.42.30}{\376\377\0004\0002\000.\0003\0000\000.\000\040\000G\000y\000s\000i\000n\000\040\124\014\140\001\116\016\147\011\164\006\173\111\116\367}{chapter.42}% 1517
\BOOKMARK [1][-]{section.42.31}{\376\377\0004\0002\000.\0003\0001\000.\000\040\166\370\133\371\147\011\145\110\000\040\000C\000a\000r\000t\000i\000e\000r\000\040\226\144\133\120}{chapter.42}% 1518
\BOOKMARK [1][-]{section.42.32}{\376\377\0004\0002\000.\0003\0002\000.\000\040\116\377\134\004\116\033}{chapter.42}% 1519
\BOOKMARK [1][-]{section.42.33}{\376\377\0004\0002\000.\0003\0003\000.\000\040\123\314\123\330\166\370\116\244\164\006\213\272}{chapter.42}% 1520
\BOOKMARK [1][-]{section.42.34}{\376\377\0004\0002\000.\0003\0004\000.\000\040\000C\000h\000o\000w\000\040\116\012\124\014\214\003\116\016\173\054\116\000\226\110\174\173}{chapter.42}% 1521
\BOOKMARK [1][-]{section.42.35}{\376\377\0004\0002\000.\0003\0005\000.\000\040\121\163\116\216\123\314\123\330\174\173\166\204\137\025\164\006}{chapter.42}% 1522
\BOOKMARK [1][-]{section.42.36}{\376\377\0004\0002\000.\0003\0006\000.\000\040\134\004\137\161\172\172\225\364\116\033\121\154\137\017}{chapter.42}% 1523
\BOOKMARK [1][-]{section.42.37}{\376\377\0004\0002\000.\0003\0007\000.\000\040\124\021\221\317\116\033\166\204\226\110\174\173}{chapter.42}% 1524
\BOOKMARK [1][-]{section.42.38}{\376\377\0004\0002\000.\0003\0008\000.\000\040\116\016\226\110\174\173\166\370\116\244}{chapter.42}% 1525
\BOOKMARK [1][-]{section.42.39}{\376\377\0004\0002\000.\0003\0009\000.\000\040\226\110\174\173\116\113\225\364\166\204\131\032\230\171\137\017\121\163\174\373}{chapter.42}% 1526
\BOOKMARK [1][-]{section.42.40}{\376\377\0004\0002\000.\0004\0000\000.\000\040\226\110\174\173\166\204\123\357\122\240\140\047}{chapter.42}% 1527
\BOOKMARK [1][-]{section.42.41}{\376\377\0004\0002\000.\0004\0001\000.\000\040\226\366\176\364\137\252\163\257\166\204\153\041\145\160}{chapter.42}% 1528
\BOOKMARK [1][-]{section.42.42}{\376\377\0004\0002\000.\0004\0002\000.\000\040\176\331\133\232\117\131\176\364\145\160\166\204\137\252\163\257}{chapter.42}% 1529
\BOOKMARK [1][-]{section.42.43}{\376\377\0004\0002\000.\0004\0003\000.\000\040\122\006\210\302\123\237\164\006}{chapter.42}% 1530
\BOOKMARK [1][-]{section.42.44}{\376\377\0004\0002\000.\0004\0004\000.\000\040\226\110\174\173\116\016\142\052\227\142}{chapter.42}% 1531
\BOOKMARK [1][-]{section.42.45}{\376\377\0004\0002\000.\0004\0005\000.\000\040\226\110\162\171\137\201\116\016\137\040\221\317\171\357}{chapter.42}% 1532
\BOOKMARK [1][-]{section.42.46}{\376\377\0004\0002\000.\0004\0006\000.\000\040\226\110\174\173\116\016\133\374\121\372\203\003\165\164}{chapter.42}% 1533
\BOOKMARK [1][-]{section.42.47}{\376\377\0004\0002\000.\0004\0007\000.\000\040\134\100\220\350\123\026\226\110\174\173\166\204\116\000\116\052\173\200\123\125\140\305\137\142}{chapter.42}% 1534
\BOOKMARK [1][-]{section.42.48}{\376\377\0004\0002\000.\0004\0008\000.\000\040\145\340\172\167\217\334\131\004\166\204\000\040\000G\000y\000s\000i\000n\000\040\174\173}{chapter.42}% 1535
\BOOKMARK [1][-]{section.42.49}{\376\377\0004\0002\000.\0004\0009\000.\000\040\134\100\220\350\123\026\226\110\174\173\166\204\121\306\131\007}{chapter.42}% 1536
\BOOKMARK [1][-]{section.42.50}{\376\377\0004\0002\000.\0005\0000\000.\000\040\134\100\220\350\123\026\226\110\174\173}{chapter.42}% 1537
\BOOKMARK [1][-]{section.42.51}{\376\377\0004\0002\000.\0005\0001\000.\000\040\116\044\116\052\142\200\147\057\137\025\164\006}{chapter.42}% 1538
\BOOKMARK [1][-]{section.42.52}{\376\377\0004\0002\000.\0005\0002\000.\000\040\134\100\220\350\123\026\226\110\174\173\166\204\140\047\215\050}{chapter.42}% 1539
\BOOKMARK [1][-]{section.42.53}{\376\377\0004\0002\000.\0005\0003\000.\000\040\145\340\172\167\217\334\131\004\166\204\162\006\170\064}{chapter.42}% 1540
\BOOKMARK [1][-]{section.42.54}{\376\377\0004\0002\000.\0005\0004\000.\000\040\232\330\117\131\176\364\000\040\000G\000y\000s\000i\000n\000\040\124\014\140\001}{chapter.42}% 1541
\BOOKMARK [1][-]{section.42.55}{\376\377\0004\0002\000.\0005\0005\000.\000\040\213\241\173\227\202\345\136\162\174\173}{chapter.42}% 1542
\BOOKMARK [1][-]{section.42.56}{\376\377\0004\0002\000.\0005\0006\000.\000\040\116\000\116\052\000\040\000A\000d\000a\000m\000s\000\040\173\227\133\120}{chapter.42}% 1543
\BOOKMARK [1][-]{section.42.57}{\376\377\0004\0002\000.\0005\0007\000.\000\040\221\315\213\277\000\040\000C\000h\000o\000w\000\040\177\244\116\016\000\040\000K\000\040\177\244}{chapter.42}% 1544
\BOOKMARK [1][-]{section.42.58}{\376\377\0004\0002\000.\0005\0008\000.\000\040\153\143\122\031\151\202\137\142\116\012\166\204\147\011\164\006\116\244\116\130\171\357}{chapter.42}% 1545
\BOOKMARK [1][-]{section.42.59}{\376\377\0004\0002\000.\0005\0009\000.\000\040\134\100\220\350\133\214\121\150\116\244\140\001\134\004\166\204\000\040\000G\000y\000s\000i\000n\000\040\146\040\134\004}{chapter.42}% 1546
\BOOKMARK [1][-]{section.42.60}{\376\377\0004\0002\000.\0006\0000\000.\000\040\133\371\211\322\140\001\134\004\166\204\000\040\000G\000y\000s\000i\000n\000\040\146\040\134\004}{chapter.42}% 1547
\BOOKMARK [1][-]{section.42.61}{\376\377\0004\0002\000.\0006\0001\000.\000\040\131\026\171\357}{chapter.42}% 1548
\BOOKMARK [1][-]{section.42.62}{\376\377\0004\0002\000.\0006\0002\000.\000\040\116\244\116\130\171\357}{chapter.42}% 1549
\BOOKMARK [1][-]{section.42.63}{\376\377\0004\0002\000.\0006\0003\000.\000\040\000D\000e\000d\000e\000k\000i\000n\000d\000\040\145\164\163\257\116\012\166\204\131\026\171\357}{chapter.42}% 1550
\BOOKMARK [1][-]{section.42.64}{\376\377\0004\0002\000.\0006\0004\000.\000\040\000D\000e\000d\000e\000k\000i\000n\000d\000\040\145\164\163\257\116\012\166\204\116\244\116\130\171\357}{chapter.42}% 1551
\BOOKMARK [1][-]{section.42.65}{\376\377\0004\0002\000.\0006\0005\000.\000\040\000T\000o\000d\000d\000\040\174\173}{chapter.42}% 1552
\BOOKMARK [1][-]{section.42.66}{\376\377\0004\0002\000.\0006\0006\000.\000\040\000G\000r\000o\000t\000h\000e\000n\000d\000i\000e\000c\000k\040\023\000R\000i\000e\000m\000a\000n\000n\040\023\000R\000o\000c\000h}{chapter.42}% 1553
\BOOKMARK [1][-]{section.42.67}{\376\377\0004\0002\000.\0006\0007\000.\000\040\127\372\151\202\137\142\166\204\123\330\143\142}{chapter.42}% 1554
\BOOKMARK [1][-]{section.42.68}{\376\377\0004\0002\000.\0006\0008\000.\000\040\226\104\137\125\000\040\000A\377\032\121\163\225\056\137\025\164\006\166\204\123\346\116\000\171\315\131\004\164\006\145\271\154\325}{chapter.42}% 1555
\BOOKMARK [1][-]{section.42.69}{\376\377\0004\0002\000.\0006\0009\000.\000\040\226\104\137\125\000\040\000B\377\032\121\166\116\326\145\271\154\325}{chapter.42}% 1556
\BOOKMARK [0][-]{chapter.43}{\376\377\000C\000h\000a\000p\000t\000e\000r\000\040\0004\0003\000.\000\040\166\370\116\244\164\006\213\272}{}% 1557
\BOOKMARK [1][-]{section.43.1}{\376\377\0004\0003\000.\0001\000.\000\040\137\025\212\000}{chapter.43}% 1558
\BOOKMARK [1][-]{section.43.2}{\376\377\0004\0003\000.\0002\000.\000\040\176\246\133\232}{chapter.43}% 1559
\BOOKMARK [1][-]{section.43.3}{\376\377\0004\0003\000.\0003\000.\000\040\137\252\163\257}{chapter.43}% 1560
\BOOKMARK [1][-]{section.43.4}{\376\377\0004\0003\000.\0004\000.\000\040\225\355\133\120\151\202\137\142\142\100\133\371\136\224\166\204\137\252\163\257}{chapter.43}% 1561
\BOOKMARK [1][-]{section.43.5}{\376\377\0004\0003\000.\0005\000.\000\040\121\335\200\132\134\102\142\100\133\371\136\224\166\204\137\252\163\257}{chapter.43}% 1562
\BOOKMARK [1][-]{section.43.6}{\376\377\0004\0003\000.\0006\000.\000\040\126\372\147\011\143\250\122\115}{chapter.43}% 1563
\BOOKMARK [1][-]{section.43.7}{\376\377\0004\0003\000.\0007\000.\000\040\136\163\127\146\142\311\126\336}{chapter.43}% 1564
\BOOKMARK [1][-]{section.43.8}{\376\377\0004\0003\000.\0008\000.\000\040\147\011\164\006\173\111\116\367}{chapter.43}% 1565
\BOOKMARK [1][-]{section.43.9}{\376\377\0004\0003\000.\0009\000.\000\040\147\011\164\006\173\111\116\367\116\016\147\011\164\006\121\375\145\160}{chapter.43}% 1566
\BOOKMARK [1][-]{section.43.10}{\376\377\0004\0003\000.\0001\0000\000.\000\040\126\372\147\011\143\250\122\115\116\016\147\011\164\006\173\111\116\367}{chapter.43}% 1567
\BOOKMARK [1][-]{section.43.11}{\376\377\0004\0003\000.\0001\0001\000.\000\040\136\163\127\146\142\311\126\336\116\016\147\011\164\006\173\111\116\367}{chapter.43}% 1568
\BOOKMARK [1][-]{section.43.12}{\376\377\0004\0003\000.\0001\0002\000.\000\040\137\000\133\120\174\007\166\204\167\355\153\143\124\010\122\027}{chapter.43}% 1569
\BOOKMARK [1][-]{section.43.13}{\376\377\0004\0003\000.\0001\0003\000.\000\040\153\143\136\070\166\370\116\244}{chapter.43}% 1570
\BOOKMARK [1][-]{section.43.14}{\376\377\0004\0003\000.\0001\0004\000.\000\040\165\050\000\040\000T\000o\000r\000\040\121\154\137\017\133\232\116\111\166\370\116\244\221\315\145\160}{chapter.43}% 1571
\BOOKMARK [1][-]{section.43.15}{\376\377\0004\0003\000.\0001\0005\000.\000\040\116\343\145\160\221\315\145\160}{chapter.43}% 1572
\BOOKMARK [1][-]{section.43.16}{\376\377\0004\0003\000.\0001\0006\000.\000\040\166\370\116\244\221\315\145\160\166\204\213\241\173\227}{chapter.43}% 1573
\BOOKMARK [1][-]{section.43.17}{\376\377\0004\0003\000.\0001\0007\000.\000\040\165\050\000\040\000T\000o\000r\000\040\121\154\137\017\133\232\116\111\116\244\171\357}{chapter.43}% 1574
\BOOKMARK [1][-]{section.43.18}{\376\377\0004\0003\000.\0001\0008\000.\000\040\131\026\171\357}{chapter.43}% 1575
\BOOKMARK [1][-]{section.43.19}{\376\377\0004\0003\000.\0001\0009\000.\000\040\123\026\137\122\122\060\133\371\211\322\176\277}{chapter.43}% 1576
\BOOKMARK [1][-]{section.43.20}{\376\377\0004\0003\000.\0002\0000\000.\000\040\116\244\166\204\176\323\124\010\140\047}{chapter.43}% 1577
\BOOKMARK [1][-]{section.43.21}{\376\377\0004\0003\000.\0002\0001\000.\000\040\136\163\127\146\142\311\126\336\116\016\116\244\171\357}{chapter.43}% 1578
\BOOKMARK [1][-]{section.43.22}{\376\377\0004\0003\000.\0002\0002\000.\000\040\136\163\127\146\126\372\147\011\140\001\134\004\166\204\142\225\137\161\121\154\137\017}{chapter.43}% 1579
\BOOKMARK [1][-]{section.43.23}{\376\377\0004\0003\000.\0002\0003\000.\000\040\142\225\137\161}{chapter.43}% 1580
\BOOKMARK [1][-]{section.43.24}{\376\377\0004\0003\000.\0002\0004\000.\000\040\171\373\122\250\137\025\164\006}{chapter.43}% 1581
\BOOKMARK [1][-]{section.43.25}{\376\377\0004\0003\000.\0002\0005\000.\000\040\116\244\171\357\116\016\147\011\164\006\173\111\116\367}{chapter.43}% 1582
\BOOKMARK [1][-]{section.43.26}{\376\377\0004\0003\000.\0002\0006\000.\000\040\000C\000h\000o\000w\000\040\163\257}{chapter.43}% 1583
\BOOKMARK [1][-]{section.43.27}{\376\377\0004\0003\000.\0002\0007\000.\000\040\116\000\202\054\140\001\134\004\166\204\142\311\126\336}{chapter.43}% 1584
\BOOKMARK [1][-]{section.43.28}{\376\377\0004\0003\000.\0002\0008\000.\000\040\137\252\163\257\166\204\142\311\126\336}{chapter.43}% 1585
\BOOKMARK [0][-]{chapter.44}{\376\377\000C\000h\000a\000p\000t\000e\000r\000\040\0004\0004\000.\000\040\146\362\176\277\166\204\000\040\000P\000i\000c\000a\000r\000d\000\040\151\202\137\142}{}% 1586
\BOOKMARK [1][-]{section.44.1}{\376\377\0004\0004\000.\0001\000.\000\040\137\025\212\000}{chapter.44}% 1587
\BOOKMARK [1][-]{section.44.2}{\376\377\0004\0004\000.\0002\000.\000\040\160\271\166\204\000\040\000H\000i\000l\000b\000e\000r\000t\000\040\151\202\137\142}{chapter.44}% 1588
\BOOKMARK [1][-]{section.44.3}{\376\377\0004\0004\000.\0003\000.\000\040\121\111\156\321\146\362\176\277\116\012\166\204\226\144\133\120\152\041\172\172\225\364}{chapter.44}% 1589
\BOOKMARK [1][-]{section.44.4}{\376\377\0004\0004\000.\0004\000.\000\040\000P\000i\000c\000a\000r\000d\000\040\121\375\133\120}{chapter.44}% 1590
\BOOKMARK [1][-]{section.44.5}{\376\377\0004\0004\000.\0005\000.\000\040\116\000\116\052\123\357\210\150\171\072\140\047\122\044\143\156}{chapter.44}% 1591
\BOOKMARK [1][-]{section.44.6}{\376\377\0004\0004\000.\0006\000.\000\040\146\362\176\277\166\204\000\040\000P\000i\000c\000a\000r\000d\000\040\151\202\137\142}{chapter.44}% 1592
\BOOKMARK [1][-]{section.44.7}{\376\377\0004\0004\000.\0007\000.\000\040\121\163\116\216\000\040\000P\000i\000c\000a\000r\000d\000\040\177\244\166\204\116\000\116\233\154\350\213\260}{chapter.44}% 1593
\BOOKMARK [0][-]{chapter.45}{\376\377\000C\000h\000a\000p\000t\000e\000r\000\040\0004\0005\000.\000\040\000W\000e\000i\000l\000\040\116\012\124\014\214\003\164\006\213\272}{}% 1594
\BOOKMARK [1][-]{section.45.1}{\376\377\0004\0005\000.\0001\000.\000\040\137\025\212\000}{chapter.45}% 1595
\BOOKMARK [1][-]{section.45.2}{\376\377\0004\0005\000.\0002\000.\000\040\176\246\133\232\116\016\213\260\123\367}{chapter.45}% 1596
\BOOKMARK [1][-]{section.45.3}{\376\377\0004\0005\000.\0003\000.\000\040\133\371\136\224}{chapter.45}% 1597
\BOOKMARK [1][-]{section.45.4}{\376\377\0004\0005\000.\0004\000.\000\040\000C\000h\000o\000w\000\040\122\250\147\072}{chapter.45}% 1598
\BOOKMARK [1][-]{section.45.5}{\376\377\0004\0005\000.\0005\000.\000\040\122\250\147\072\166\204\000\040\000C\000h\000o\000w\000\040\177\244}{chapter.45}% 1599
\BOOKMARK [1][-]{section.45.6}{\376\377\0004\0005\000.\0006\000.\000\040\134\004\137\161\172\172\225\364\116\033\121\154\137\017}{chapter.45}% 1600
\BOOKMARK [1][-]{section.45.7}{\376\377\0004\0005\000.\0007\000.\000\040\176\317\121\170\000\040\000W\000e\000i\000l\000\040\116\012\124\014\214\003\164\006\213\272}{chapter.45}% 1601
\BOOKMARK [1][-]{section.45.8}{\376\377\0004\0005\000.\0008\000.\000\040\227\136\225\355\127\337\116\012\166\204\124\150\147\037}{chapter.45}% 1602
\BOOKMARK [1][-]{section.45.9}{\376\377\0004\0005\000.\0009\000.\000\040\000W\000e\000i\000l\000\040\116\012\124\014\214\003\164\006\213\272\377\010\116\000\377\011}{chapter.45}% 1603
\BOOKMARK [1][-]{section.45.10}{\376\377\0004\0005\000.\0001\0000\000.\000\040\217\333\116\000\153\145\166\204\140\047\215\050}{chapter.45}% 1604
\BOOKMARK [1][-]{section.45.11}{\376\377\0004\0005\000.\0001\0001\000.\000\040\000W\000e\000i\000l\000\040\116\012\124\014\214\003\164\006\213\272\377\010\116\214\377\011}{chapter.45}% 1605
\BOOKMARK [1][-]{section.45.12}{\376\377\0004\0005\000.\0001\0002\000.\000\040\000C\000h\000e\000r\000n\000\040\174\173}{chapter.45}% 1606
\BOOKMARK [1][-]{section.45.13}{\376\377\0004\0005\000.\0001\0003\000.\000\040\131\026\136\102\116\016\000\040\000K\000-\177\244}{chapter.45}% 1607
\BOOKMARK [1][-]{section.45.14}{\376\377\0004\0005\000.\0001\0004\000.\000\040\000W\000e\000i\000l\000\040\116\012\124\014\214\003\164\006\213\272\377\014\000I\000I\000I}{chapter.45}% 1608
\BOOKMARK [0][-]{chapter.46}{\376\377\000C\000h\000a\000p\000t\000e\000r\000\040\0004\0006\000.\000\040\220\002\215\263\152\041}{}% 1609
\BOOKMARK [1][-]{section.46.1}{\376\377\0004\0006\000.\0001\000.\000\040\137\025\212\000}{chapter.46}% 1610
\BOOKMARK [1][-]{section.46.2}{\376\377\0004\0006\000.\0002\000.\000\040\176\246\133\232}{chapter.46}% 1611
\BOOKMARK [1][-]{section.46.3}{\376\377\0004\0006\000.\0003\000.\000\040\220\002\215\263\121\375\133\120}{chapter.46}% 1612
\BOOKMARK [1][-]{section.46.4}{\376\377\0004\0006\000.\0004\000.\000\040\220\002\215\263\121\375\133\120\166\204\232\330\226\066\000\040\000E\000x\000t\000\040\177\244}{chapter.46}% 1613
\BOOKMARK [1][-]{section.46.5}{\376\377\0004\0006\000.\0005\000.\000\040\220\002\215\263\152\041}{chapter.46}% 1614
\BOOKMARK [1][-]{section.46.6}{\376\377\0004\0006\000.\0006\000.\000\040\133\304\165\037\220\002\215\263\152\041}{chapter.46}% 1615
\BOOKMARK [1][-]{section.46.7}{\376\377\0004\0006\000.\0007\000.\000\040\220\002\215\263\152\041\166\204\133\374\121\372\203\003\165\164\000\040\000I}{chapter.46}% 1616
\BOOKMARK [1][-]{section.46.8}{\376\377\0004\0006\000.\0008\000.\000\040\176\257\142\151\137\040}{chapter.46}% 1617
\BOOKMARK [1][-]{section.46.9}{\376\377\0004\0006\000.\0009\000.\000\040\131\047\172\331\160\271\116\012\142\337\121\335\200\132\134\102\166\204\232\330\226\066\000\040\000E\000x\000t}{chapter.46}% 1618
\BOOKMARK [1][-]{section.46.10}{\376\377\0004\0006\000.\0001\0000\000.\000\040\220\002\215\263\152\041\166\204\133\374\121\372\203\003\165\164\000\040\000I\000I}{chapter.46}% 1619
\BOOKMARK [0][-]{chapter.47}{\376\377\000C\000h\000a\000p\000t\000e\000r\000\040\0004\0007\000.\000\040\133\371\120\166\123\026\131\015\137\142}{}% 1620
\BOOKMARK [1][-]{section.47.1}{\376\377\0004\0007\000.\0001\000.\000\040\137\025\212\000}{chapter.47}% 1621
\BOOKMARK [1][-]{section.47.2}{\376\377\0004\0007\000.\0002\000.\000\040\147\054\215\050\156\341\134\004\116\016\147\054\215\050\123\125\134\004}{chapter.47}% 1622
\BOOKMARK [1][-]{section.47.3}{\376\377\0004\0007\000.\0003\000.\000\040\121\205\134\004\152\041}{chapter.47}% 1623
\BOOKMARK [1][-]{section.47.4}{\376\377\0004\0007\000.\0004\000.\000\040\134\004\137\161\211\206\166\326}{chapter.47}% 1624
\BOOKMARK [1][-]{section.47.5}{\376\377\0004\0007\000.\0005\000.\000\040\121\205\134\004\123\005}{chapter.47}% 1625
\BOOKMARK [1][-]{section.47.6}{\376\377\0004\0007\000.\0006\000.\000\040\000A\000r\000t\000i\000n\000i\000a\000n\000\040\134\100\220\350\163\257\116\012\166\204\133\371\120\166}{chapter.47}% 1626
\BOOKMARK [1][-]{section.47.7}{\376\377\0004\0007\000.\0007\000.\000\040\122\151\117\131\127\337\166\204\121\205\134\004\123\005}{chapter.47}% 1627
\BOOKMARK [1][-]{section.47.8}{\376\377\0004\0007\000.\0008\000.\000\040\133\374\121\372\143\040\220\350\122\006}{chapter.47}% 1628
\BOOKMARK [1][-]{section.47.9}{\376\377\0004\0007\000.\0009\000.\000\040\134\100\220\350\116\012\124\014\214\003}{chapter.47}% 1629
\BOOKMARK [1][-]{section.47.10}{\376\377\0004\0007\000.\0001\0000\000.\000\040\000N\000o\000e\000t\000h\000e\000r\000i\000a\000n\000\040\163\257\116\012\166\204\134\100\220\350\116\012\124\014\214\003}{chapter.47}% 1630
\BOOKMARK [1][-]{section.47.11}{\376\377\0004\0007\000.\0001\0001\000.\000\040\155\361\136\246}{chapter.47}% 1631
\BOOKMARK [1][-]{section.47.12}{\376\377\0004\0007\000.\0001\0002\000.\000\040\143\040\152\041\116\016\133\214\131\007\152\041}{chapter.47}% 1632
\BOOKMARK [1][-]{section.47.13}{\376\377\0004\0007\000.\0001\0003\000.\000\040\163\257\124\014\140\001\166\204\136\163\121\341\133\371\120\166}{chapter.47}% 1633
\BOOKMARK [1][-]{section.47.14}{\376\377\0004\0007\000.\0001\0004\000.\000\040\136\163\121\341\133\371\120\166\166\204\143\142\127\372}{chapter.47}% 1634
\BOOKMARK [1][-]{section.47.15}{\376\377\0004\0007\000.\0001\0005\000.\000\040\133\371\120\166\131\015\137\142}{chapter.47}% 1635
\BOOKMARK [1][-]{section.47.16}{\376\377\0004\0007\000.\0001\0006\000.\000\040\134\100\220\350\163\257\116\012\166\204\133\371\120\166\131\015\137\142}{chapter.47}% 1636
\BOOKMARK [1][-]{section.47.17}{\376\377\0004\0007\000.\0001\0007\000.\000\040\133\371\120\166\131\015\137\142\116\016\176\364\145\160\121\375\145\160}{chapter.47}% 1637
\BOOKMARK [1][-]{section.47.18}{\376\377\0004\0007\000.\0001\0008\000.\000\040\134\100\220\350\133\371\120\166\133\232\164\006}{chapter.47}% 1638
\BOOKMARK [1][-]{section.47.19}{\376\377\0004\0007\000.\0001\0009\000.\000\040\133\371\120\166\152\041}{chapter.47}% 1639
\BOOKMARK [1][-]{section.47.20}{\376\377\0004\0007\000.\0002\0000\000.\000\040\000C\000o\000h\000e\000n\040\023\000M\000a\000c\000a\000u\000l\000a\000y\000\040\163\257}{chapter.47}% 1640
\BOOKMARK [1][-]{section.47.21}{\376\377\0004\0007\000.\0002\0001\000.\000\040\000G\000o\000r\000e\000n\000s\000t\000e\000i\000n\000\040\163\257}{chapter.47}% 1641
\BOOKMARK [1][-]{section.47.22}{\376\377\0004\0007\000.\0002\0002\000.\000\040\133\371\120\166\131\015\137\142\166\204\146\156\220\115\133\130\127\050\140\047}{chapter.47}% 1642
\BOOKMARK [1][-]{section.47.23}{\376\377\0004\0007\000.\0002\0003\000.\000\040\137\142\137\017\176\244\176\364}{chapter.47}% 1643
\BOOKMARK [1][-]{section.47.24}{\376\377\0004\0007\000.\0002\0004\000.\000\040\116\343\145\160\141\017\116\111\116\013\166\204\116\012\123\371\123\367\121\375\133\120}{chapter.47}% 1644
\BOOKMARK [1][-]{section.47.25}{\376\377\0004\0007\000.\0002\0005\000.\000\040\000N\000o\000e\000t\000h\000e\000r\000i\000a\000n\000\040\140\305\137\142\116\055\166\204\166\370\133\371\133\371\120\166\131\015\137\142}{chapter.47}% 1645
\BOOKMARK [1][-]{section.47.26}{\376\377\0004\0007\000.\0002\0006\000.\000\040\121\163\116\216\133\371\120\166\131\015\137\142\166\204\146\364\131\032\176\323\147\234}{chapter.47}% 1646
\BOOKMARK [1][-]{section.47.27}{\376\377\0004\0007\000.\0002\0007\000.\000\040\166\370\133\371\133\371\120\166\131\015\137\142}{chapter.47}% 1647
\BOOKMARK [0][-]{chapter.48}{\376\377\000C\000h\000a\000p\000t\000e\000r\000\040\0004\0008\000.\000\040\151\202\137\142\166\204\133\371\120\166\164\006\213\272}{}% 1648
\BOOKMARK [1][-]{section.48.1}{\376\377\0004\0008\000.\0001\000.\000\040\137\025\212\000}{chapter.48}% 1649
\BOOKMARK [1][-]{section.48.2}{\376\377\0004\0008\000.\0002\000.\000\040\151\202\137\142\116\012\166\204\133\371\120\166\131\015\137\142}{chapter.48}% 1650
\BOOKMARK [1][-]{section.48.3}{\376\377\0004\0008\000.\0003\000.\000\040\143\250\122\115\166\204\123\363\117\064\226\217}{chapter.48}% 1651
\BOOKMARK [1][-]{section.48.4}{\376\377\0004\0008\000.\0004\000.\000\040\143\250\122\115\166\204\123\363\117\064\226\217\116\016\137\000\226\306\226\120\122\066}{chapter.48}% 1652
\BOOKMARK [1][-]{section.48.5}{\376\377\0004\0008\000.\0005\000.\000\040\143\250\122\115\166\204\123\363\117\064\226\217\116\016\127\372\123\330\143\142\377\014\000I}{chapter.48}% 1653
\BOOKMARK [1][-]{section.48.6}{\376\377\0004\0008\000.\0006\000.\000\040\143\250\122\115\166\204\123\363\117\064\226\217\116\016\127\372\123\330\143\142\377\014\000I\000I}{chapter.48}% 1654
\BOOKMARK [1][-]{section.48.7}{\376\377\0004\0008\000.\0007\000.\000\040\143\250\122\115\166\204\123\363\117\064\226\217\116\016\217\371\146\040\134\004}{chapter.48}% 1655
\BOOKMARK [1][-]{section.48.8}{\376\377\0004\0008\000.\0008\000.\000\040\143\250\122\115\166\204\123\363\117\064\226\217\116\016\142\311\126\336}{chapter.48}% 1656
\BOOKMARK [1][-]{section.48.9}{\376\377\0004\0008\000.\0009\000.\000\040\225\355\155\170\121\145\166\204\143\250\122\115\123\363\117\064\226\217}{chapter.48}% 1657
\BOOKMARK [1][-]{section.48.10}{\376\377\0004\0008\000.\0001\0000\000.\000\040\225\355\155\170\121\145\166\204\143\250\122\115\123\363\117\064\226\217\116\016\127\372\123\330\143\142}{chapter.48}% 1658
\BOOKMARK [1][-]{section.48.11}{\376\377\0004\0008\000.\0001\0001\000.\000\040\147\011\226\120\140\001\134\004\166\204\143\250\122\115\123\363\117\064\226\217}{chapter.48}% 1659
\BOOKMARK [1][-]{section.48.12}{\376\377\0004\0008\000.\0001\0002\000.\000\040\167\037\136\163\127\146\140\001\134\004\166\204\143\250\122\115\123\363\117\064\226\217}{chapter.48}% 1660
\BOOKMARK [1][-]{section.48.13}{\376\377\0004\0008\000.\0001\0003\000.\000\040\133\214\177\216\167\037\140\001\134\004\166\204\143\250\122\115\123\363\117\064\226\217}{chapter.48}% 1661
\BOOKMARK [1][-]{section.48.14}{\376\377\0004\0008\000.\0001\0004\000.\000\040\147\011\145\110\000\040\000C\000a\000r\000t\000i\000e\000r\000\040\226\144\133\120\166\204\143\250\122\115\123\363\117\064\226\217}{chapter.48}% 1662
\BOOKMARK [1][-]{section.48.15}{\376\377\0004\0008\000.\0001\0005\000.\000\040\117\213\116\055\166\204\143\250\122\115\123\363\117\064\226\217}{chapter.48}% 1663
\BOOKMARK [1][-]{section.48.16}{\376\377\0004\0008\000.\0001\0006\000.\000\040\116\012\123\371\123\367\121\375\133\120}{chapter.48}% 1664
\BOOKMARK [1][-]{section.48.17}{\376\377\0004\0008\000.\0001\0007\000.\000\040\116\012\123\371\123\367\121\375\133\120\166\204\140\047\215\050}{chapter.48}% 1665
\BOOKMARK [1][-]{section.48.18}{\376\377\0004\0008\000.\0001\0008\000.\000\040\116\012\123\371\123\367\166\204\127\372\123\330\143\142}{chapter.48}% 1666
\BOOKMARK [1][-]{section.48.19}{\376\377\0004\0008\000.\0001\0009\000.\000\040\116\000\171\315\133\371\120\166\140\047\164\006\213\272}{chapter.48}% 1667
\BOOKMARK [1][-]{section.48.20}{\376\377\0004\0008\000.\0002\0000\000.\000\040\133\371\120\166\131\015\137\142\166\204\236\317\124\010}{chapter.48}% 1668
\BOOKMARK [1][-]{section.48.21}{\376\377\0004\0008\000.\0002\0001\000.\000\040\176\364\145\160\121\375\145\160}{chapter.48}% 1669
\BOOKMARK [1][-]{section.48.22}{\376\377\0004\0008\000.\0002\0002\000.\000\040\133\371\120\166\152\041}{chapter.48}% 1670
\BOOKMARK [1][-]{section.48.23}{\376\377\0004\0008\000.\0002\0003\000.\000\040\000C\000o\000h\000e\000n\000-\000M\000a\000c\000a\000u\000l\000a\000y\000\040\151\202\137\142}{chapter.48}% 1671
\BOOKMARK [1][-]{section.48.24}{\376\377\0004\0008\000.\0002\0004\000.\000\040\000G\000o\000r\000e\000n\000s\000t\000e\000i\000n\000\040\151\202\137\142}{chapter.48}% 1672
\BOOKMARK [1][-]{section.48.25}{\376\377\0004\0008\000.\0002\0005\000.\000\040\000G\000o\000r\000e\000n\000s\000t\000e\000i\000n\000\040\140\001\134\004}{chapter.48}% 1673
\BOOKMARK [1][-]{section.48.26}{\376\377\0004\0008\000.\0002\0006\000.\000\040\133\371\120\166\131\015\137\142\217\333\226\066}{chapter.48}% 1674
\BOOKMARK [1][-]{section.48.27}{\376\377\0004\0008\000.\0002\0007\000.\000\040\127\337\116\012\126\372\147\011\151\202\137\142\166\204\133\371\120\166\140\047}{chapter.48}% 1675
\BOOKMARK [1][-]{section.48.28}{\376\377\0004\0008\000.\0002\0008\000.\000\040\166\370\133\371\133\371\120\166\131\015\137\142}{chapter.48}% 1676
\BOOKMARK [1][-]{section.48.29}{\376\377\0004\0008\000.\0002\0009\000.\000\040\000l\000c\000i\000\040\140\001\134\004\166\204\127\372\147\054\174\173}{chapter.48}% 1677
\BOOKMARK [1][-]{section.48.30}{\376\377\0004\0008\000.\0003\0000\000.\000\040\166\370\136\162\152\041\166\204\226\366\136\366\142\323}{chapter.48}% 1678
\BOOKMARK [1][-]{section.48.31}{\376\377\0004\0008\000.\0003\0001\000.\000\040\175\047\145\057\144\221\116\012\124\014\214\003\166\204\230\204\131\007\167\345\213\306}{chapter.48}% 1679
\BOOKMARK [1][-]{section.48.32}{\376\377\0004\0008\000.\0003\0002\000.\000\040\166\370\136\162\152\041\166\204\175\047\145\057\144\221\116\012\124\014\214\003}{chapter.48}% 1680
\BOOKMARK [1][-]{section.48.33}{\376\377\0004\0008\000.\0003\0003\000.\000\040\175\047\145\057\144\221\116\012\124\014\214\003\166\204\133\371\120\166\140\047}{chapter.48}% 1681
\BOOKMARK [1][-]{section.48.34}{\376\377\0004\0008\000.\0003\0004\000.\000\040\000L\000i\000c\000h\000t\000e\000n\000b\000a\000u\000m\000\040\133\232\164\006}{chapter.48}% 1682
\BOOKMARK [0][-]{chapter.49}{\376\377\000C\000h\000a\000p\000t\000e\000r\000\040\0004\0009\000.\000\040\122\044\122\053\137\017\116\016\116\015\124\014}{}% 1683
\BOOKMARK [1][-]{section.49.1}{\376\377\0004\0009\000.\0001\000.\000\040\137\025\212\000}{chapter.49}% 1684
\BOOKMARK [1][-]{section.49.2}{\376\377\0004\0009\000.\0002\000.\000\040\142\337\147\011\226\120\163\257\124\014\140\001\166\204\133\371\120\166\123\026\152\041}{chapter.49}% 1685
\BOOKMARK [1][-]{section.49.3}{\376\377\0004\0009\000.\0003\000.\000\040\147\011\226\120\134\100\220\350\201\352\165\061\140\001\134\004\166\204\122\044\122\053\137\017}{chapter.49}% 1686
\BOOKMARK [1][-]{section.49.4}{\376\377\0004\0009\000.\0004\000.\000\040\136\163\127\146\142\337\147\011\226\120\163\257\124\014\140\001\166\204\217\371}{chapter.49}% 1687
\BOOKMARK [1][-]{section.49.5}{\376\377\0004\0009\000.\0005\000.\000\040\147\011\226\120\140\001\134\004}{chapter.49}% 1688
\BOOKMARK [1][-]{section.49.6}{\376\377\0004\0009\000.\0006\000.\000\040\000N\000o\000e\000t\000h\000e\000r\000\040\116\015\124\014\164\006\140\363}{chapter.49}% 1689
\BOOKMARK [1][-]{section.49.7}{\376\377\0004\0009\000.\0007\000.\000\040\000K\000\344\000h\000l\000e\000r\000\040\116\015\124\014\164\006\140\363}{chapter.49}% 1690
\BOOKMARK [1][-]{section.49.8}{\376\377\0004\0009\000.\0008\000.\000\040\000D\000e\000d\000e\000k\000i\000n\000d\000\040\116\015\124\014\164\006\140\363}{chapter.49}% 1691
\BOOKMARK [1][-]{section.49.9}{\376\377\0004\0009\000.\0009\000.\000\040\116\015\124\014\164\006\140\363}{chapter.49}% 1692
\BOOKMARK [1][-]{section.49.10}{\376\377\0004\0009\000.\0001\0000\000.\000\040\142\337\147\011\226\120\000\040\000s\000y\000n\000t\000o\000m\000i\000c\000\040\140\001\134\004}{chapter.49}% 1693
\BOOKMARK [1][-]{section.49.11}{\376\377\0004\0009\000.\0001\0001\000.\000\040\147\011\226\120\000\040\000s\000y\000n\000t\000o\000m\000i\000c\000\040\140\001\134\004}{chapter.49}% 1694
\BOOKMARK [1][-]{section.49.12}{\376\377\0004\0009\000.\0001\0002\000.\000\040\116\015\124\014\164\006\140\363\166\204\116\000\116\052\121\154\137\017}{chapter.49}% 1695
\BOOKMARK [1][-]{section.49.13}{\376\377\0004\0009\000.\0001\0003\000.\000\040\000T\000a\000t\000e\000\040\146\040\134\004}{chapter.49}% 1696
\BOOKMARK [1][-]{section.49.14}{\376\377\0004\0009\000.\0001\0004\000.\000\040\116\015\124\014\164\006\140\363\166\204\116\000\171\315\143\250\136\177}{chapter.49}% 1697
\BOOKMARK [1][-]{section.49.15}{\376\377\0004\0009\000.\0001\0005\000.\000\040\116\016\133\371\120\166\164\006\213\272\166\204\153\324\217\203}{chapter.49}% 1698
\BOOKMARK [1][-]{section.49.16}{\376\377\0004\0009\000.\0001\0006\000.\000\040\142\337\147\011\226\120\000\040\000G\000o\000r\000e\000n\000s\000t\000e\000i\000n\000\040\140\001\134\004}{chapter.49}% 1699
\BOOKMARK [0][-]{chapter.50}{\376\377\000C\000h\000a\000p\000t\000e\000r\000\040\0005\0000\000.\000\040\137\267\142\311\131\306\116\012\124\014\214\003}{}% 1700
\BOOKMARK [1][-]{section.50.1}{\376\377\0005\0000\000.\0001\000.\000\040\137\025\212\000}{chapter.50}% 1701
\BOOKMARK [1][-]{section.50.2}{\376\377\0005\0000\000.\0002\000.\000\040\137\267\142\311\131\306\131\015\137\142}{chapter.50}% 1702
\BOOKMARK [1][-]{section.50.3}{\376\377\0005\0000\000.\0003\000.\000\040\137\267\142\311\131\306\116\012\124\014\214\003}{chapter.50}% 1703
\BOOKMARK [1][-]{section.50.4}{\376\377\0005\0000\000.\0004\000.\000\040\147\157\171\357}{chapter.50}% 1704
\BOOKMARK [1][-]{section.50.5}{\376\377\0005\0000\000.\0005\000.\000\040\227\015\131\107\116\012\124\014\214\003}{chapter.50}% 1705
\BOOKMARK [1][-]{section.50.6}{\376\377\0005\0000\000.\0006\000.\000\040\116\044\116\052\214\061\136\217\122\027}{chapter.50}% 1706
\BOOKMARK [1][-]{section.50.7}{\376\377\0005\0000\000.\0007\000.\000\040\227\015\131\107\156\344\217\307}{chapter.50}% 1707
\BOOKMARK [1][-]{section.50.8}{\376\377\0005\0000\000.\0008\000.\000\040\000K\000\374\000n\000n\000e\000t\000h\000\040\121\154\137\017}{chapter.50}% 1708
\BOOKMARK [1][-]{section.50.9}{\376\377\0005\0000\000.\0009\000.\000\040\137\267\142\311\131\306\116\012\124\014\214\003\116\055\166\204\173\054\116\000\226\110\174\173}{chapter.50}% 1709
\BOOKMARK [1][-]{section.50.10}{\376\377\0005\0000\000.\0001\0000\000.\000\040\176\277\116\033\166\204\137\267\142\311\131\306\116\012\124\014\214\003}{chapter.50}% 1710
\BOOKMARK [1][-]{section.50.11}{\376\377\0005\0000\000.\0001\0001\000.\000\040\134\004\137\161\172\172\225\364\166\204\137\267\142\311\131\306\116\012\124\014\214\003}{chapter.50}% 1711
\BOOKMARK [1][-]{section.50.12}{\376\377\0005\0000\000.\0001\0002\000.\000\040\121\111\156\321\140\001\134\004\166\204\214\061\136\217\122\027}{chapter.50}% 1712
\BOOKMARK [1][-]{section.50.13}{\376\377\0005\0000\000.\0001\0003\000.\000\040\000L\000e\000r\000a\000y\040\023\000H\000i\000r\000s\000c\000h\000\040\127\213\133\232\164\006}{chapter.50}% 1713
\BOOKMARK [1][-]{section.50.14}{\376\377\0005\0000\000.\0001\0004\000.\000\040\134\004\137\161\172\172\225\364\116\033\121\154\137\017}{chapter.50}% 1714
\BOOKMARK [1][-]{section.50.15}{\376\377\0005\0000\000.\0001\0005\000.\000\040\154\277\226\144\133\120\166\204\133\371\145\160\147\201\160\271}{chapter.50}% 1715
\BOOKMARK [1][-]{section.50.16}{\376\377\0005\0000\000.\0001\0006\000.\000\040\213\241\173\227}{chapter.50}% 1716
\BOOKMARK [1][-]{section.50.17}{\376\377\0005\0000\000.\0001\0007\000.\000\040\124\071\215\167\116\016\137\267\142\311\131\306\116\012\124\014\214\003}{chapter.50}% 1717
\BOOKMARK [1][-]{section.50.18}{\376\377\0005\0000\000.\0001\0008\000.\000\040\153\324\217\203\137\256\122\006\137\142\137\017\134\102}{chapter.50}% 1718
\BOOKMARK [1][-]{section.50.19}{\376\377\0005\0000\000.\0001\0009\000.\000\040\137\267\142\311\131\306\131\015\137\142\116\012\166\204\217\371\146\040\134\004}{chapter.50}% 1719
\BOOKMARK [1][-]{section.50.20}{\376\377\0005\0000\000.\0002\0000\000.\000\040\136\236\122\240\203\261\133\371\120\166}{chapter.50}% 1720
\BOOKMARK [1][-]{section.50.21}{\376\377\0005\0000\000.\0002\0001\000.\000\040\226\110\174\173}{chapter.50}% 1721
\BOOKMARK [1][-]{section.50.22}{\376\377\0005\0000\000.\0002\0002\000.\000\040\116\000\171\315\000\040\000W\000e\000i\000l\000\040\116\012\124\014\214\003\164\006\213\272}{chapter.50}% 1722
\BOOKMARK [1][-]{section.50.23}{\376\377\0005\0000\000.\0002\0003\000.\000\040\225\355\155\170\121\145\166\204\000\040\000G\000y\000s\000i\000n\000\040\146\040\134\004}{chapter.50}% 1723
\BOOKMARK [1][-]{section.50.24}{\376\377\0005\0000\000.\0002\0004\000.\000\040\166\370\133\371\136\236\122\240\203\261\133\371\120\166}{chapter.50}% 1724
\BOOKMARK [0][-]{chapter.51}{\376\377\000C\000h\000a\000p\000t\000e\000r\000\040\0005\0001\000.\000\040\134\100\220\350\116\012\124\014\214\003}{}% 1725
\BOOKMARK [1][-]{section.51.1}{\376\377\0005\0001\000.\0001\000.\000\040\137\025\212\000}{chapter.51}% 1726
\BOOKMARK [1][-]{section.51.2}{\376\377\0005\0001\000.\0002\000.\000\040\116\000\202\054\140\047\215\050}{chapter.51}% 1727
\BOOKMARK [1][-]{section.51.3}{\376\377\0005\0001\000.\0003\000.\000\040\000H\000a\000r\000t\000s\000h\000o\000r\000n\000e\000\040\217\336\220\032\140\047\137\025\164\006}{chapter.51}% 1728
\BOOKMARK [1][-]{section.51.4}{\376\377\0005\0001\000.\0004\000.\000\040\116\012\124\014\214\003\176\364\145\160}{chapter.51}% 1729
\BOOKMARK [1][-]{section.51.5}{\376\377\0005\0001\000.\0005\000.\000\040\146\364\116\000\202\054\166\204\145\057\144\221}{chapter.51}% 1730
\BOOKMARK [1][-]{section.51.6}{\376\377\0005\0001\000.\0006\000.\000\040\134\100\220\350\116\012\124\014\214\003\166\204\156\344\217\307}{chapter.51}% 1731
\BOOKMARK [1][-]{section.51.7}{\376\377\0005\0001\000.\0007\000.\000\040\134\100\220\350\116\012\124\014\214\003\166\204\147\011\226\120\140\047\377\014\000I}{chapter.51}% 1732
\BOOKMARK [1][-]{section.51.8}{\376\377\0005\0001\000.\0008\000.\000\040\143\250\122\115\166\204\147\011\226\120\140\047\377\014\000I}{chapter.51}% 1733
\BOOKMARK [1][-]{section.51.9}{\376\377\0005\0001\000.\0009\000.\000\040\155\361\136\246\116\016\176\364\145\160}{chapter.51}% 1734
\BOOKMARK [1][-]{section.51.10}{\376\377\0005\0001\000.\0001\0000\000.\000\040\134\100\220\350\116\012\124\014\214\003\166\204\226\366\123\026\164\006\140\363\377\014\000I}{chapter.51}% 1735
\BOOKMARK [1][-]{section.51.11}{\376\377\0005\0001\000.\0001\0001\000.\000\040\134\100\220\350\116\012\124\014\214\003\166\204\147\011\226\120\140\047\377\014\000I\000I}{chapter.51}% 1736
\BOOKMARK [1][-]{section.51.12}{\376\377\0005\0001\000.\0001\0002\000.\000\040\143\250\122\115\166\204\147\011\226\120\140\047\377\014\000I\000I}{chapter.51}% 1737
\BOOKMARK [1][-]{section.51.13}{\376\377\0005\0001\000.\0001\0003\000.\000\040\134\100\220\350\116\012\124\014\214\003\166\204\226\366\123\026\164\006\140\363\377\014\000I\000I}{chapter.51}% 1738
\BOOKMARK [1][-]{section.51.14}{\376\377\0005\0001\000.\0001\0004\000.\000\040\134\100\220\350\116\012\124\014\214\003\166\204\147\011\226\120\140\047\377\014\000I\000I\000I}{chapter.51}% 1739
\BOOKMARK [1][-]{section.51.15}{\376\377\0005\0001\000.\0001\0005\000.\000\040\145\071\217\333\121\335\200\132\152\041}{chapter.51}% 1740
\BOOKMARK [1][-]{section.51.16}{\376\377\0005\0001\000.\0001\0006\000.\000\040\000H\000a\000r\000t\000s\000h\000o\000r\000n\000e\040\023\000L\000i\000c\000h\000t\000e\000n\000b\000a\000u\000m\000\040\155\210\131\061\133\232\164\006}{chapter.51}% 1741
\BOOKMARK [1][-]{section.51.17}{\376\377\0005\0001\000.\0001\0007\000.\000\040\000F\000r\000o\000b\000e\000n\000i\000u\000s\000\040\117\134\165\050}{chapter.51}% 1742
\BOOKMARK [1][-]{section.51.18}{\376\377\0005\0001\000.\0001\0008\000.\000\040\147\320\116\233\152\041\166\204\176\323\147\204}{chapter.51}% 1743
\BOOKMARK [1][-]{section.51.19}{\376\377\0005\0001\000.\0001\0009\000.\000\040\134\100\220\350\116\012\124\014\214\003\116\012\166\204\226\104\122\240\176\323\147\204}{chapter.51}% 1744
\BOOKMARK [1][-]{section.51.20}{\376\377\0005\0001\000.\0002\0000\000.\000\040\147\320\171\315\116\000\201\364\140\047\377\014\000I}{chapter.51}% 1745
\BOOKMARK [1][-]{section.51.21}{\376\377\0005\0001\000.\0002\0001\000.\000\040\147\320\171\315\116\000\201\364\140\047\377\014\000I\000I}{chapter.51}% 1746
\BOOKMARK [1][-]{section.51.22}{\376\377\0005\0001\000.\0002\0002\000.\000\040\147\320\171\315\116\000\201\364\140\047\377\014\000I\000I\000I}{chapter.51}% 1747
\BOOKMARK [0][-]{chapter.52}{\376\377\000C\000h\000a\000p\000t\000e\000r\000\040\0005\0002\000.\000\040\116\343\145\160\121\340\117\125\116\016\137\142\137\017\121\340\117\125}{}% 1748
\BOOKMARK [1][-]{section.52.1}{\376\377\0005\0002\000.\0001\000.\000\040\137\025\212\000}{chapter.52}% 1749
\BOOKMARK [1][-]{section.52.2}{\376\377\0005\0002\000.\0002\000.\000\040\137\142\137\017\142\052\227\142\377\014\000I}{chapter.52}% 1750
\BOOKMARK [1][-]{section.52.3}{\376\377\0005\0002\000.\0003\000.\000\040\137\142\137\017\142\052\227\142\377\014\000I\000I}{chapter.52}% 1751
\BOOKMARK [1][-]{section.52.4}{\376\377\0005\0002\000.\0004\000.\000\040\137\142\137\017\142\052\227\142\377\014\000I\000I\000I}{chapter.52}% 1752
\BOOKMARK [1][-]{section.52.5}{\376\377\0005\0002\000.\0005\000.\000\040\000M\000i\000t\000t\000a\000g\040\023\000L\000e\000f\000f\000l\000e\000r\000\040\147\141\116\366}{chapter.52}% 1753
\BOOKMARK [1][-]{section.52.6}{\376\377\0005\0002\000.\0006\000.\000\040\163\257\123\026\117\115\160\271\116\012\166\204\133\374\121\372\133\214\131\007\123\026}{chapter.52}% 1754
\BOOKMARK [1][-]{section.52.7}{\376\377\0005\0002\000.\0007\000.\000\040\137\142\137\017\121\375\145\160\133\232\164\006}{chapter.52}% 1755
\BOOKMARK [1][-]{section.52.8}{\376\377\0005\0002\000.\0008\000.\000\040\134\100\220\350\116\012\124\014\214\003\166\204\116\343\145\160\123\026\377\014\000I}{chapter.52}% 1756
\BOOKMARK [1][-]{section.52.9}{\376\377\0005\0002\000.\0009\000.\000\040\134\100\220\350\116\012\124\014\214\003\166\204\116\343\145\160\123\026\377\014\000I\000I}{chapter.52}% 1757
\BOOKMARK [1][-]{section.52.10}{\376\377\0005\0002\000.\0001\0000\000.\000\040\134\100\220\350\116\012\124\014\214\003\166\204\116\343\145\160\123\026\377\014\000I\000I\000I}{chapter.52}% 1758
\BOOKMARK [1][-]{section.52.11}{\376\377\0005\0002\000.\0001\0001\000.\000\040\137\142\137\017\142\052\227\142\166\204\116\343\145\160\123\026\377\014\000I}{chapter.52}% 1759
\BOOKMARK [1][-]{section.52.12}{\376\377\0005\0002\000.\0001\0002\000.\000\040\137\142\137\017\142\052\227\142\166\204\116\343\145\160\123\026\377\014\000I\000I}{chapter.52}% 1760
\BOOKMARK [1][-]{section.52.13}{\376\377\0005\0002\000.\0001\0003\000.\000\040\137\142\137\017\142\052\227\142\166\204\116\343\145\160\123\026\377\014\000I\000I\000I}{chapter.52}% 1761
\BOOKMARK [1][-]{section.52.14}{\376\377\0005\0002\000.\0001\0004\000.\000\040\217\336\220\032\140\047\166\204\136\224\165\050}{chapter.52}% 1762
\BOOKMARK [1][-]{section.52.15}{\376\377\0005\0002\000.\0001\0005\000.\000\040\133\214\131\007\123\026\121\375\133\120}{chapter.52}% 1763
\BOOKMARK [1][-]{section.52.16}{\376\377\0005\0002\000.\0001\0006\000.\000\040\121\335\200\132\137\142\137\017\152\041\166\204\116\343\145\160\123\026\377\014\000I}{chapter.52}% 1764
\BOOKMARK [1][-]{section.52.17}{\376\377\0005\0002\000.\0001\0007\000.\000\040\121\335\200\132\137\142\137\017\152\041\166\204\116\343\145\160\123\026\377\014\000I\000I}{chapter.52}% 1765
\BOOKMARK [1][-]{section.52.18}{\376\377\0005\0002\000.\0001\0008\000.\000\040\215\335\171\273\121\375\145\160}{chapter.52}% 1766
\BOOKMARK [1][-]{section.52.19}{\376\377\0005\0002\000.\0001\0009\000.\000\040\121\335\200\132\137\142\137\017\152\041\166\204\116\343\145\160\123\026\377\014\000I\000I\000I}{chapter.52}% 1767
\BOOKMARK [1][-]{section.52.20}{\376\377\0005\0002\000.\0002\0000\000.\000\040\121\335\200\132\137\142\137\017\152\041\166\204\116\343\145\160\123\026\377\014\000I\000V}{chapter.52}% 1768
\BOOKMARK [1][-]{section.52.21}{\376\377\0005\0002\000.\0002\0001\000.\000\040\145\071\217\333\121\335\200\132\137\142\137\017\152\041}{chapter.52}% 1769
\BOOKMARK [1][-]{section.52.22}{\376\377\0005\0002\000.\0002\0002\000.\000\040\121\335\200\132\137\142\137\017\152\041\166\204\116\343\145\160\123\026\377\014\000V}{chapter.52}% 1770
\BOOKMARK [1][-]{section.52.23}{\376\377\0005\0002\000.\0002\0003\000.\000\040\121\335\200\132\137\142\137\017\152\041\166\204\116\343\145\160\123\026\377\014\000V\000I}{chapter.52}% 1771
\BOOKMARK [1][-]{section.52.24}{\376\377\0005\0002\000.\0002\0004\000.\000\040\133\214\131\007\123\026\121\375\133\120\166\204\136\224\165\050}{chapter.52}% 1772
\BOOKMARK [1][-]{section.52.25}{\376\377\0005\0002\000.\0002\0005\000.\000\040\121\335\200\132\116\011\121\103\176\304}{chapter.52}% 1773
\BOOKMARK [1][-]{section.52.26}{\376\377\0005\0002\000.\0002\0006\000.\000\040\172\177\133\124\214\061\116\012\166\204\123\357\220\006\152\041\377\014\000I}{chapter.52}% 1774
\BOOKMARK [1][-]{section.52.27}{\376\377\0005\0002\000.\0002\0007\000.\000\040\172\177\133\124\214\061\116\012\166\204\123\357\220\006\152\041\377\014\000I\000I}{chapter.52}% 1775
\BOOKMARK [1][-]{section.52.28}{\376\377\0005\0002\000.\0002\0008\000.\000\040\000L\000e\000f\000s\000c\000h\000e\000t\000z\000\040\133\232\164\006\166\204\136\224\165\050}{chapter.52}% 1776
\BOOKMARK [0][-]{chapter.53}{\376\377\000C\000h\000a\000p\000t\000e\000r\000\040\0005\0003\000.\000\040\116\343\145\160\146\362\176\277}{}% 1777
\BOOKMARK [1][-]{section.53.1}{\376\377\0005\0003\000.\0001\000.\000\040\137\025\212\000}{chapter.53}% 1778
\BOOKMARK [1][-]{section.53.2}{\376\377\0005\0003\000.\0002\000.\000\040\146\362\176\277\116\016\121\375\145\160\127\337}{chapter.53}% 1779
\BOOKMARK [1][-]{section.53.3}{\376\377\0005\0003\000.\0003\000.\000\040\176\277\140\047\174\373}{chapter.53}% 1780
\BOOKMARK [1][-]{section.53.4}{\376\377\0005\0003\000.\0004\000.\000\040\133\371\120\166\140\047}{chapter.53}% 1781
\BOOKMARK [1][-]{section.53.5}{\376\377\0005\0003\000.\0005\000.\000\040\000R\000i\000e\000m\000a\000n\000n\040\023\000R\000o\000c\000h\000\040\133\232\164\006}{chapter.53}% 1782
\BOOKMARK [1][-]{section.53.6}{\376\377\0005\0003\000.\0006\000.\000\040\116\000\116\233\155\210\154\241\176\323\147\234}{chapter.53}% 1783
\BOOKMARK [1][-]{section.53.7}{\376\377\0005\0003\000.\0007\000.\000\040\227\136\136\070\116\060\154\233\123\357\220\006\134\102}{chapter.53}% 1784
\BOOKMARK [1][-]{section.53.8}{\376\377\0005\0003\000.\0008\000.\000\040\146\362\176\277\166\204\116\217\150\074}{chapter.53}% 1785
\BOOKMARK [1][-]{section.53.9}{\376\377\0005\0003\000.\0009\000.\000\040\136\163\227\142\146\362\176\277}{chapter.53}% 1786
\BOOKMARK [1][-]{section.53.10}{\376\377\0005\0003\000.\0001\0000\000.\000\040\116\217\150\074\116\072\226\366\166\204\146\362\176\277}{chapter.53}% 1787
\BOOKMARK [1][-]{section.53.11}{\376\377\0005\0003\000.\0001\0001\000.\000\040\121\340\117\125\116\217\150\074}{chapter.53}% 1788
\BOOKMARK [1][-]{section.53.12}{\376\377\0005\0003\000.\0001\0002\000.\000\040\000R\000i\000e\000m\000a\000n\000n\040\023\000H\000u\000r\000w\000i\000t\000z\000\040\121\154\137\017}{chapter.53}% 1789
\BOOKMARK [1][-]{section.53.13}{\376\377\0005\0003\000.\0001\0003\000.\000\040\116\015\123\357\122\006\140\001\134\004}{chapter.53}% 1790
\BOOKMARK [1][-]{section.53.14}{\376\377\0005\0003\000.\0001\0004\000.\000\040\143\250\121\372}{chapter.53}% 1791
\BOOKMARK [1][-]{section.53.15}{\376\377\0005\0003\000.\0001\0005\000.\000\040\174\230\124\010\116\016\123\213\177\051}{chapter.53}% 1792
\BOOKMARK [1][-]{section.53.16}{\376\377\0005\0003\000.\0001\0006\000.\000\040\131\032\221\315\116\244\123\311\116\016\176\323\160\271\131\107\160\271}{chapter.53}% 1793
\BOOKMARK [1][-]{section.53.17}{\376\377\0005\0003\000.\0001\0007\000.\000\040\000P\000i\000c\000a\000r\000d\000\040\177\244\116\055\166\204\143\040\121\103}{chapter.53}% 1794
\BOOKMARK [1][-]{section.53.18}{\376\377\0005\0003\000.\0001\0008\000.\000\040\116\217\150\074\116\016\121\340\117\125\116\217\150\074\166\204\153\324\217\203}{chapter.53}% 1795
\BOOKMARK [1][-]{section.53.19}{\376\377\0005\0003\000.\0001\0009\000.\000\040\176\323\160\271\146\362\176\277}{chapter.53}% 1796
\BOOKMARK [1][-]{section.53.20}{\376\377\0005\0003\000.\0002\0000\000.\000\040\176\323\160\271\146\362\176\277\145\317}{chapter.53}% 1797
\BOOKMARK [1][-]{section.53.21}{\376\377\0005\0003\000.\0002\0001\000.\000\040\176\323\160\271\146\362\176\277\145\317\166\204\000\040\000\311\000t\000a\000l\000e\000\040\134\100\220\350\176\323\147\204}{chapter.53}% 1798
\BOOKMARK [1][-]{section.53.22}{\376\377\0005\0003\000.\0002\0002\000.\000\040\146\364\131\032\155\210\154\241\176\323\147\234}{chapter.53}% 1799
\BOOKMARK [1][-]{section.53.23}{\376\377\0005\0003\000.\0002\0003\000.\000\040\123\213\177\051\147\011\164\006\134\076}{chapter.53}% 1800
\BOOKMARK [1][-]{section.53.24}{\376\377\0005\0003\000.\0002\0004\000.\000\040\123\213\177\051\147\011\164\006\150\145}{chapter.53}% 1801
\BOOKMARK [1][-]{section.53.25}{\376\377\0005\0003\000.\0002\0005\000.\000\040\123\213\177\051\116\072\172\063\133\232\146\362\176\277}{chapter.53}% 1802
\BOOKMARK [1][-]{section.53.26}{\376\377\0005\0003\000.\0002\0006\000.\000\040\124\021\221\317\127\072}{chapter.53}% 1803
\BOOKMARK [0][-]{chapter.54}{\376\377\000C\000h\000a\000p\000t\000e\000r\000\040\0005\0004\000.\000\040\146\362\227\142\131\107\160\271\166\204\155\210\211\343}{}% 1804
\BOOKMARK [1][-]{section.54.1}{\376\377\0005\0004\000.\0001\000.\000\040\137\025\212\000}{chapter.54}% 1805
\BOOKMARK [1][-]{section.54.2}{\376\377\0005\0004\000.\0002\000.\000\040\153\143\162\171\137\201\116\013\166\204\217\371\146\040\134\004}{chapter.54}% 1806
\BOOKMARK [1][-]{section.54.3}{\376\377\0005\0004\000.\0003\000.\000\040\116\214\153\041\123\330\143\142}{chapter.54}% 1807
\BOOKMARK [1][-]{section.54.4}{\376\377\0005\0004\000.\0004\000.\000\040\165\061\116\214\153\041\123\330\143\142\145\057\221\115}{chapter.54}% 1808
\BOOKMARK [1][-]{section.54.5}{\376\377\0005\0004\000.\0005\000.\000\040\165\061\153\143\211\304\123\026\162\006\170\064\145\057\221\115}{chapter.54}% 1809
\BOOKMARK [1][-]{section.54.6}{\376\377\0005\0004\000.\0006\000.\000\040\127\050\134\100\220\350\163\257\116\012\117\134\117\356\145\071}{chapter.54}% 1810
\BOOKMARK [1][-]{section.54.7}{\376\377\0005\0004\000.\0007\000.\000\040\155\210\154\241}{chapter.54}% 1811
\BOOKMARK [1][-]{section.54.8}{\376\377\0005\0004\000.\0008\000.\000\040\147\011\165\114\140\047}{chapter.54}% 1812
\BOOKMARK [1][-]{section.54.9}{\376\377\0005\0004\000.\0009\000.\000\040\147\011\164\006\131\107\160\271}{chapter.54}% 1813
\BOOKMARK [1][-]{section.54.10}{\376\377\0005\0004\000.\0001\0000\000.\000\040\137\142\137\017\137\047}{chapter.54}% 1814
\BOOKMARK [1][-]{section.54.11}{\376\377\0005\0004\000.\0001\0001\000.\000\040\122\060\133\214\131\007\123\026\166\204\127\372\123\330\143\142}{chapter.54}% 1815
\BOOKMARK [1][-]{section.54.12}{\376\377\0005\0004\000.\0001\0002\000.\000\040\147\011\164\006\123\314\160\271}{chapter.54}% 1816
\BOOKMARK [1][-]{section.54.13}{\376\377\0005\0004\000.\0001\0003\000.\000\040\165\061\133\130\127\050\140\047\205\164\124\053\166\204\140\047\215\050}{chapter.54}% 1817
\BOOKMARK [1][-]{section.54.14}{\376\377\0005\0004\000.\0001\0004\000.\000\040\131\107\160\271\155\210\211\343}{chapter.54}% 1818
\BOOKMARK [1][-]{section.54.15}{\376\377\0005\0004\000.\0001\0005\000.\000\040\135\114\121\145\155\210\211\343}{chapter.54}% 1819
\BOOKMARK [1][-]{section.54.16}{\376\377\0005\0004\000.\0001\0006\000.\000\040\145\066\177\051\117\213\131\026\146\362\176\277}{chapter.54}% 1820
\BOOKMARK [1][-]{section.54.17}{\376\377\0005\0004\000.\0001\0007\000.\000\040\123\314\147\011\164\006\146\040\134\004\166\204\122\006\211\343}{chapter.54}% 1821
\BOOKMARK [0][-]{chapter.55}{\376\377\000C\000h\000a\000p\000t\000e\000r\000\040\0005\0005\000.\000\040\123\112\172\063\133\232\176\246\123\026}{}% 1822
\BOOKMARK [1][-]{section.55.1}{\376\377\0005\0005\000.\0001\000.\000\040\137\025\212\000}{chapter.55}% 1823
\BOOKMARK [1][-]{section.55.2}{\376\377\0005\0005\000.\0002\000.\000\040\176\277\140\047\116\343\145\160}{chapter.55}% 1824
\BOOKMARK [1][-]{section.55.3}{\376\377\0005\0005\000.\0003\000.\000\040\145\160\120\074\127\213}{chapter.55}% 1825
\BOOKMARK [1][-]{section.55.4}{\376\377\0005\0005\000.\0004\000.\000\040\145\160\120\074\127\213\166\204\000\040\000P\000i\000c\000a\000r\000d\000\040\177\244}{chapter.55}% 1826
\BOOKMARK [1][-]{section.55.5}{\376\377\0005\0005\000.\0005\000.\000\040\167\037\133\120\126\376\166\204\122\006\174\173}{chapter.55}% 1827
\BOOKMARK [1][-]{section.55.6}{\376\377\0005\0005\000.\0006\000.\000\040\116\217\150\074\226\366\116\016\116\000\166\204\147\201\134\017\127\213\122\006\174\173}{chapter.55}% 1828
\BOOKMARK [1][-]{section.55.7}{\376\377\0005\0005\000.\0007\000.\000\040\145\160\120\074\127\213\116\015\123\330\221\317\166\204\165\114}{chapter.55}% 1829
\BOOKMARK [1][-]{section.55.8}{\376\377\0005\0005\000.\0008\000.\000\040\152\041\127\213}{chapter.55}% 1830
\BOOKMARK [1][-]{section.55.9}{\376\377\0005\0005\000.\0009\000.\000\040\153\143\122\031\152\041\127\213\166\204\121\340\117\125}{chapter.55}% 1831
\BOOKMARK [1][-]{section.55.10}{\376\377\0005\0005\000.\0001\0000\000.\000\040\147\201\134\017\152\041\127\213\166\204\125\057\116\000\140\047}{chapter.55}% 1832
\BOOKMARK [1][-]{section.55.11}{\376\377\0005\0005\000.\0001\0001\000.\000\040\116\217\150\074\121\154\137\017}{chapter.55}% 1833
\BOOKMARK [1][-]{section.55.12}{\376\377\0005\0005\000.\0001\0002\000.\000\040\124\071\226\115\117\213\131\026\146\362\176\277}{chapter.55}% 1834
\BOOKMARK [1][-]{section.55.13}{\376\377\0005\0005\000.\0001\0003\000.\000\040\152\041\127\213\166\204\000\040\000P\000i\000c\000a\000r\000d\000\040\177\244}{chapter.55}% 1835
\BOOKMARK [1][-]{section.55.14}{\376\377\0005\0005\000.\0001\0004\000.\000\040\123\112\172\063\133\232\176\246\123\026}{chapter.55}% 1836
\BOOKMARK [1][-]{section.55.15}{\376\377\0005\0005\000.\0001\0005\000.\000\040\116\217\150\074\226\366\140\305\137\142\166\204\123\112\172\063\133\232\176\246\123\026}{chapter.55}% 1837
\BOOKMARK [1][-]{section.55.16}{\376\377\0005\0005\000.\0001\0006\000.\000\040\116\217\150\074\116\000\140\305\137\142\166\204\123\112\172\063\133\232\176\246\123\026}{chapter.55}% 1838
\BOOKMARK [1][-]{section.55.17}{\376\377\0005\0005\000.\0001\0007\000.\000\040\116\217\150\074\201\363\134\021\116\072\116\214\145\366\166\204\123\112\172\063\133\232\176\246\123\026}{chapter.55}% 1839
\BOOKMARK [1][-]{section.55.18}{\376\377\0005\0005\000.\0001\0008\000.\000\040\146\362\176\277\166\204\123\112\172\063\133\232\176\246\123\026}{chapter.55}% 1840
\BOOKMARK [0][-]{chapter.56}{\376\377\000C\000h\000a\000p\000t\000e\000r\000\040\0005\0006\000.\000\040\121\375\133\120\116\016\140\001\134\004}{}% 1841
\BOOKMARK [1][-]{section.56.1}{\376\377\0005\0006\000.\0001\000.\000\040\137\025\212\000}{chapter.56}% 1842
\BOOKMARK [1][-]{section.56.2}{\376\377\0005\0006\000.\0002\000.\000\040\152\041\203\003\165\164\116\012\166\204\121\375\133\120}{chapter.56}% 1843
\BOOKMARK [1][-]{section.56.3}{\376\377\0005\0006\000.\0003\000.\000\040\152\041\203\003\165\164\116\113\225\364\166\204\121\375\133\120}{chapter.56}% 1844
\BOOKMARK [1][-]{section.56.4}{\376\377\0005\0006\000.\0004\000.\000\040\152\041\203\003\165\164\116\012\121\375\133\120\166\204\136\366\142\323}{chapter.56}% 1845
\BOOKMARK [1][-]{section.56.5}{\376\377\0005\0006\000.\0005\000.\000\040\142\337\121\335\200\132\152\041\203\003\165\164\116\113\225\364\166\204\121\375\133\120}{chapter.56}% 1846
\BOOKMARK [1][-]{section.56.6}{\376\377\0005\0006\000.\0006\000.\000\040\000G\000a\000b\000r\000i\000e\000l\040\023\000R\000o\000s\000e\000n\000b\000e\000r\000g\000\040\221\315\147\204}{chapter.56}% 1847
\BOOKMARK [1][-]{section.56.7}{\376\377\0005\0006\000.\0007\000.\000\040\166\370\136\162\152\041\203\003\165\164\116\113\225\364\166\204\121\375\133\120}{chapter.56}% 1848
\BOOKMARK [0][-]{chapter.57}{\376\377\000C\000h\000a\000p\000t\000e\000r\000\040\0005\0007\000.\000\040\116\343\145\160\174\007\166\204\133\374\121\372\203\003\165\164}{}% 1849
\BOOKMARK [1][-]{section.57.1}{\376\377\0005\0007\000.\0001\000.\000\040\137\025\212\000}{chapter.57}% 1850
\BOOKMARK [1][-]{section.57.2}{\376\377\0005\0007\000.\0002\000.\000\040\176\246\133\232\116\016\213\260\123\367}{chapter.57}% 1851
\BOOKMARK [1][-]{section.57.3}{\376\377\0005\0007\000.\0003\000.\000\040\000S\000e\000r\000r\000e\000\040\121\375\133\120}{chapter.57}% 1852
\BOOKMARK [1][-]{section.57.4}{\376\377\0005\0007\000.\0004\000.\000\040\000S\000e\000r\000r\000e\000\040\121\375\133\120\166\204\117\213}{chapter.57}% 1853
\BOOKMARK [1][-]{section.57.5}{\376\377\0005\0007\000.\0005\000.\000\040\166\370\136\162\152\041\166\204\122\073\165\073}{chapter.57}% 1854
\BOOKMARK [1][-]{section.57.6}{\376\377\0005\0007\000.\0006\000.\000\040\116\000\116\052\123\357\210\150\140\047\133\232\164\006}{chapter.57}% 1855
\BOOKMARK [1][-]{section.57.7}{\376\377\0005\0007\000.\0007\000.\000\040\117\064\226\217\121\375\133\120\166\204\133\130\127\050\140\047}{chapter.57}% 1856
\BOOKMARK [1][-]{section.57.8}{\376\377\0005\0007\000.\0008\000.\000\040\000F\000o\000u\000r\000i\000e\000r\040\023\000M\000u\000k\000a\000i\000\040\121\375\133\120}{chapter.57}% 1857
\BOOKMARK [1][-]{section.57.9}{\376\377\0005\0007\000.\0009\000.\000\040\211\343\155\210\116\016\165\114}{chapter.57}% 1858
\BOOKMARK [1][-]{section.57.10}{\376\377\0005\0007\000.\0001\0000\000.\000\040\124\014\200\336\121\375\133\120}{chapter.57}% 1859
\BOOKMARK [1][-]{section.57.11}{\376\377\0005\0007\000.\0001\0001\000.\000\040\143\250\121\372\121\150\137\340\133\236\140\047}{chapter.57}% 1860
\BOOKMARK [1][-]{section.57.12}{\376\377\0005\0007\000.\0001\0002\000.\000\040\162\171\153\212\121\375\133\120}{chapter.57}% 1861
\BOOKMARK [1][-]{section.57.13}{\376\377\0005\0007\000.\0001\0003\000.\000\040\121\150\137\340\133\236\121\375\133\120}{chapter.57}% 1862
\BOOKMARK [1][-]{section.57.14}{\376\377\0005\0007\000.\0001\0004\000.\000\040\000F\000o\000u\000r\000i\000e\000r\040\023\000M\000u\000k\000a\000i\000\040\150\070\166\204\203\003\165\164}{chapter.57}% 1863
\BOOKMARK [1][-]{section.57.15}{\376\377\0005\0007\000.\0001\0005\000.\000\040\166\370\133\371\173\111\116\367}{chapter.57}% 1864
\BOOKMARK [1][-]{section.57.16}{\376\377\0005\0007\000.\0001\0006\000.\000\040\145\340\137\142\123\330}{chapter.57}% 1865
\BOOKMARK [1][-]{section.57.17}{\376\377\0005\0007\000.\0001\0007\000.\000\040\123\357\145\160\140\047}{chapter.57}% 1866
\BOOKMARK [1][-]{section.57.18}{\376\377\0005\0007\000.\0001\0008\000.\000\040\133\374\121\372\173\111\116\367\174\007\166\204\123\357\145\160\140\047}{chapter.57}% 1867
\BOOKMARK [0][-]{chapter.60}{\376\377\000C\000h\000a\000p\000t\000e\000r\000\040\0006\0000\000.\000\040\146\166\117\123\116\012\124\014\214\003}{}% 1868
\BOOKMARK [1][-]{section.60.1}{\376\377\0006\0000\000.\0001\000.\000\040\137\025\212\000}{chapter.60}% 1869
\BOOKMARK [1][-]{section.60.2}{\376\377\0006\0000\000.\0002\000.\000\040\226\144\136\102\123\005\176\334}{chapter.60}% 1870
\BOOKMARK [1][-]{section.60.3}{\376\377\0006\0000\000.\0003\000.\000\040\202\345\136\162\146\076\137\017\226\144\136\102\122\240\123\232}{chapter.60}% 1871
\BOOKMARK [1][-]{section.60.4}{\376\377\0006\0000\000.\0004\000.\000\040\121\174\133\271\140\047}{chapter.60}% 1872
\BOOKMARK [1][-]{section.60.5}{\376\377\0006\0000\000.\0005\000.\000\040\116\377\134\004\146\166\117\123\117\115\160\271}{chapter.60}% 1873
\BOOKMARK [1][-]{section.60.6}{\376\377\0006\0000\000.\0006\000.\000\040\137\256\122\006\152\041}{chapter.60}% 1874
\BOOKMARK [1][-]{section.60.7}{\376\377\0006\0000\000.\0007\000.\000\040\226\144\136\102\151\202\137\142}{chapter.60}% 1875
\BOOKMARK [1][-]{section.60.8}{\376\377\0006\0000\000.\0008\000.\000\040\131\047\146\166\117\123\117\115\160\271}{chapter.60}% 1876
\BOOKMARK [1][-]{section.60.9}{\376\377\0006\0000\000.\0009\000.\000\040\146\166\117\123\117\115\160\271}{chapter.60}% 1877
\BOOKMARK [1][-]{section.60.10}{\376\377\0006\0000\000.\0001\0000\000.\000\040\146\166\117\123\117\115\160\271\116\012\166\204\134\102}{chapter.60}% 1878
\BOOKMARK [1][-]{section.60.11}{\376\377\0006\0000\000.\0001\0001\000.\000\040\152\041\116\055\166\204\146\166\117\123}{chapter.60}% 1879
\BOOKMARK [1][-]{section.60.12}{\376\377\0006\0000\000.\0001\0002\000.\000\040\137\256\122\006\134\102}{chapter.60}% 1880
\BOOKMARK [1][-]{section.60.13}{\376\377\0006\0000\000.\0001\0003\000.\000\040\116\044\116\052\154\333\122\240\123\232}{chapter.60}% 1881
\BOOKMARK [1][-]{section.60.14}{\376\377\0006\0000\000.\0001\0004\000.\000\040\137\267\142\311\131\306\131\015\137\142}{chapter.60}% 1882
\BOOKMARK [1][-]{section.60.15}{\376\377\0006\0000\000.\0001\0005\000.\000\040\200\124\176\334}{chapter.60}% 1883
\BOOKMARK [1][-]{section.60.16}{\376\377\0006\0000\000.\0001\0006\000.\000\040\117\131\123\125\176\257\116\343\145\160}{chapter.60}% 1884
\BOOKMARK [1][-]{section.60.17}{\376\377\0006\0000\000.\0001\0007\000.\000\040\142\337\121\335\200\132\152\041\116\055\166\204\146\166\117\123}{chapter.60}% 1885
\BOOKMARK [1][-]{section.60.18}{\376\377\0006\0000\000.\0001\0008\000.\000\040\116\012\124\014\214\003\166\204\116\000\202\054\213\304\154\350}{chapter.60}% 1886
\BOOKMARK [1][-]{section.60.19}{\376\377\0006\0000\000.\0001\0009\000.\000\040\117\131\123\125\176\257\121\306\131\007}{chapter.60}% 1887
\BOOKMARK [1][-]{section.60.20}{\376\377\0006\0000\000.\0002\0000\000.\000\040\226\144\136\102\000\040\000P\000o\000i\000n\000c\000a\000r\000\351\000\040\137\025\164\006}{chapter.60}% 1888
\BOOKMARK [1][-]{section.60.21}{\376\377\0006\0000\000.\0002\0001\000.\000\040\116\377\134\004\140\305\137\142\166\204\116\012\124\014\214\003}{chapter.60}% 1889
\BOOKMARK [1][-]{section.60.22}{\376\377\0006\0000\000.\0002\0002\000.\000\040\116\044\116\052\123\315\117\213}{chapter.60}% 1890
\BOOKMARK [1][-]{section.60.23}{\376\377\0006\0000\000.\0002\0003\000.\000\040\136\224\165\050}{chapter.60}% 1891
\BOOKMARK [1][-]{section.60.24}{\376\377\0006\0000\000.\0002\0004\000.\000\040\202\345\136\162\217\333\116\000\153\145\176\323\147\234}{chapter.60}% 1892
\BOOKMARK [1][-]{section.60.25}{\376\377\0006\0000\000.\0002\0005\000.\000\040\154\277\176\257\116\015\123\357\122\006\146\040\134\004\142\311\126\336}{chapter.60}% 1893
\BOOKMARK [1][-]{section.60.26}{\376\377\0006\0000\000.\0002\0006\000.\000\040\000F\000r\000o\000b\000e\000n\000i\000u\000s\000\040\127\050\146\166\117\123\116\012\124\014\214\003\116\012\166\204\117\134\165\050}{chapter.60}% 1894
\BOOKMARK [0][-]{chapter.61}{\376\377\000C\000h\000a\000p\000t\000e\000r\000\040\0006\0001\000.\000\040\000P\000r\000o\000-\000\351\000t\000a\000l\000e\000\040\116\012\124\014\214\003}{}% 1895
\BOOKMARK [1][-]{section.61.1}{\376\377\0006\0001\000.\0001\000.\000\040\137\025\212\000}{chapter.61}% 1896
\BOOKMARK [1][-]{section.61.2}{\376\377\0006\0001\000.\0002\000.\000\040\202\345\136\162\142\323\142\121\133\146}{chapter.61}% 1897
\BOOKMARK [1][-]{section.61.3}{\376\377\0006\0001\000.\0003\000.\000\040\134\100\220\350\124\014\147\204}{chapter.61}% 1898
\BOOKMARK [1][-]{section.61.4}{\376\377\0006\0001\000.\0004\000.\000\040\000I\000n\000d\000-\000Z\000a\000r\000i\000s\000k\000i\000\040\116\343\145\160}{chapter.61}% 1899
\BOOKMARK [1][-]{section.61.5}{\376\377\0006\0001\000.\0005\000.\000\040\147\204\220\040\000\040\000w\000-\134\100\220\350\116\377\134\004\151\202\137\142}{chapter.61}% 1900
\BOOKMARK [1][-]{section.61.6}{\376\377\0006\0001\000.\0006\000.\000\040\213\361\133\374\134\100\220\350\163\257\124\014\147\204\116\016\000\040\000i\000n\000d\000-\000Z\000a\000r\000i\000s\000k\000i\000\040\166\204\153\324\217\203}{chapter.61}% 1901
\BOOKMARK [1][-]{section.61.7}{\376\377\0006\0001\000.\0007\000.\000\040\000I\000n\000d\000-\000\351\000t\000a\000l\000e\000\040\116\343\145\160}{chapter.61}% 1902
\BOOKMARK [1][-]{section.61.8}{\376\377\0006\0001\000.\0008\000.\000\040\147\204\220\040\000\040\000i\000n\000d\000-\000\351\000t\000a\000l\000e\000\040\116\343\145\160}{chapter.61}% 1903
\BOOKMARK [1][-]{section.61.9}{\376\377\0006\0001\000.\0009\000.\000\040\137\061\000\040\000\351\000t\000a\000l\000e\000\040\116\016\000\040\000p\000r\000o\000-\000\351\000t\000a\000l\000e\000\040\166\204\153\324\217\203}{chapter.61}% 1904
\BOOKMARK [1][-]{section.61.10}{\376\377\0006\0001\000.\0001\0000\000.\000\040\000V\000\040\142\323\142\121\116\016\000\040\000p\000r\000o\000-\000h\000\040\142\323\142\121}{chapter.61}% 1905
\BOOKMARK [1][-]{section.61.11}{\376\377\0006\0001\000.\0001\0001\000.\000\040\147\204\220\040\000\040\000w\000-\123\357\177\051\211\206\166\326}{chapter.61}% 1906
\BOOKMARK [1][-]{section.61.12}{\376\377\0006\0001\000.\0001\0002\000.\000\040\000p\000r\000o\000-\000\351\000t\000a\000l\000e\000\040\117\115\160\271}{chapter.61}% 1907
\BOOKMARK [1][-]{section.61.13}{\376\377\0006\0001\000.\0001\0003\000.\000\040\137\061\123\357\177\051\133\371\214\141}{chapter.61}% 1908
\BOOKMARK [1][-]{section.61.14}{\376\377\0006\0001\000.\0001\0004\000.\000\040\137\061\123\357\177\051\215\205\211\206\166\326}{chapter.61}% 1909
\BOOKMARK [1][-]{section.61.15}{\376\377\0006\0001\000.\0001\0005\000.\000\040\175\047\165\037\142\020}{chapter.61}% 1910
\BOOKMARK [1][-]{section.61.16}{\376\377\0006\0001\000.\0001\0006\000.\000\040\142\323\142\121\166\204\153\324\217\203}{chapter.61}% 1911
\BOOKMARK [1][-]{section.61.17}{\376\377\0006\0001\000.\0001\0007\000.\000\040\131\047\060\001\134\017\142\323\142\121\145\257\166\204\153\324\217\203}{chapter.61}% 1912
\BOOKMARK [1][-]{section.61.18}{\376\377\0006\0001\000.\0001\0008\000.\000\040\000p\000r\000o\000-\000\351\000t\000a\000l\000e\000\040\117\115\160\271\166\204\160\271}{chapter.61}% 1913
\BOOKMARK [1][-]{section.61.19}{\376\377\0006\0001\000.\0001\0009\000.\000\040\116\016\000\040\000\351\000t\000a\000l\000e\000\040\117\115\160\271\166\204\153\324\217\203}{chapter.61}% 1914
\BOOKMARK [1][-]{section.61.20}{\376\377\0006\0001\000.\0002\0000\000.\000\040\136\070\120\074\000\040\000N\000o\000e\000t\000h\000e\000r\000\040\140\305\137\142\116\013\166\204\210\115\165\037\133\214\131\007\123\026}{chapter.61}% 1915
\BOOKMARK [1][-]{section.61.21}{\376\377\0006\0001\000.\0002\0001\000.\000\040\210\115\165\037\133\214\131\007\123\026\116\016\137\061\123\357\177\051\133\371\214\141}{chapter.61}% 1916
\BOOKMARK [1][-]{section.61.22}{\376\377\0006\0001\000.\0002\0002\000.\000\040\116\000\160\271\166\204\116\012\124\014\214\003}{chapter.61}% 1917
\BOOKMARK [1][-]{section.61.23}{\376\377\0006\0001\000.\0002\0003\000.\000\040\000p\000r\000o\000-\000\351\000t\000a\000l\000e\000\040\117\115\160\271\166\204\121\375\133\120\140\047}{chapter.61}% 1918
\BOOKMARK [1][-]{section.61.24}{\376\377\0006\0001\000.\0002\0004\000.\000\040\147\011\226\120\140\001\134\004\116\016\000\040\000p\000r\000o\000-\000\351\000t\000a\000l\000e\000\040\117\115\160\271}{chapter.61}% 1919
\BOOKMARK [1][-]{section.61.25}{\376\377\0006\0001\000.\0002\0005\000.\000\040\225\355\155\170\121\145\116\016\000\040\000p\000r\000o\000-\000\351\000t\000a\000l\000e\000\040\117\115\160\271}{chapter.61}% 1920
\BOOKMARK [1][-]{section.61.26}{\376\377\0006\0001\000.\0002\0006\000.\000\040\226\366\136\366\142\323}{chapter.61}% 1921
\BOOKMARK [1][-]{section.61.27}{\376\377\0006\0001\000.\0002\0007\000.\000\040\000p\000r\000o\000-\000\351\000t\000a\000l\000e\000\040\117\115\160\271\116\012\166\204\123\357\147\204\220\040\134\102}{chapter.61}% 1922
\BOOKMARK [1][-]{section.61.28}{\376\377\0006\0001\000.\0002\0008\000.\000\040\123\357\147\204\220\040\217\333\134\102}{chapter.61}% 1923
\BOOKMARK [1][-]{section.61.29}{\376\377\0006\0001\000.\0002\0009\000.\000\040\124\010\220\002\166\204\210\115\165\037\203\003\165\164}{chapter.61}% 1924
\BOOKMARK [1][-]{section.61.30}{\376\377\0006\0001\000.\0003\0000\000.\000\040\126\372\147\011\127\372\123\330\143\142}{chapter.61}% 1925
\BOOKMARK [1][-]{section.61.31}{\376\377\0006\0001\000.\0003\0001\000.\000\040\146\364\143\142\220\350\122\006\133\207\133\231}{chapter.61}% 1926
\BOOKMARK [0][-]{chapter.62}{\376\377\000C\000h\000a\000p\000t\000e\000r\000\040\0006\0002\000.\000\040\166\370\133\371\137\252\163\257}{}% 1927
\BOOKMARK [1][-]{section.62.1}{\376\377\0006\0002\000.\0001\000.\000\040\137\025\212\000}{chapter.62}% 1928
\BOOKMARK [1][-]{section.62.2}{\376\377\0006\0002\000.\0002\000.\000\040\176\246\133\232\116\016\213\260\123\367}{chapter.62}% 1929
\BOOKMARK [1][-]{section.62.3}{\376\377\0006\0002\000.\0003\000.\000\040\166\370\133\371\116\216\127\337\166\204\137\252\163\257}{chapter.62}% 1930
\BOOKMARK [1][-]{section.62.4}{\376\377\0006\0002\000.\0004\000.\000\040\137\252\163\257\166\204\162\171\123\026}{chapter.62}% 1931
\BOOKMARK [1][-]{section.62.5}{\376\377\0006\0002\000.\0005\000.\000\040\176\244\176\364\116\012\166\204\137\252\163\257\145\317}{chapter.62}% 1932
\BOOKMARK [1][-]{section.62.6}{\376\377\0006\0002\000.\0006\000.\000\040\166\370\133\371\137\252\163\257}{chapter.62}% 1933
\BOOKMARK [1][-]{section.62.7}{\376\377\0006\0002\000.\0007\000.\000\040\173\111\176\364\166\370\133\371\137\252\163\257}{chapter.62}% 1934
\BOOKMARK [1][-]{section.62.8}{\376\377\0006\0002\000.\0008\000.\000\040\147\103\121\375\145\160\116\016\166\370\133\371\226\366\137\252\163\257}{chapter.62}% 1935
\BOOKMARK [1][-]{section.62.9}{\376\377\0006\0002\000.\0009\000.\000\040\147\011\145\110\166\370\133\371\137\252\163\257}{chapter.62}% 1936
\BOOKMARK [1][-]{section.62.10}{\376\377\0006\0002\000.\0001\0000\000.\000\040\126\372\147\011\166\370\133\371\137\252\163\257}{chapter.62}% 1937
\BOOKMARK [1][-]{section.62.11}{\376\377\0006\0002\000.\0001\0001\000.\000\040\126\372\147\011\116\024\173\111\176\364\166\204\166\370\133\371\137\252\163\257}{chapter.62}% 1938
\BOOKMARK [1][-]{section.62.12}{\376\377\0006\0002\000.\0001\0002\000.\000\040\137\252\163\257\116\012\166\204\117\134\165\050}{chapter.62}% 1939
\BOOKMARK [1][-]{section.62.13}{\376\377\0006\0002\000.\0001\0003\000.\000\040\000C\000h\000o\000w\000\040\177\244\116\012\166\204\117\134\165\050}{chapter.62}% 1940
\BOOKMARK [1][-]{section.62.14}{\376\377\0006\0002\000.\0001\0004\000.\000\040\176\244\176\364\116\012\137\252\163\257\145\317\166\204\131\015\124\010}{chapter.62}% 1941
\BOOKMARK [1][-]{section.62.15}{\376\377\0006\0002\000.\0001\0005\000.\000\040\166\370\133\371\137\252\163\257\166\204\131\015\124\010}{chapter.62}% 1942
\BOOKMARK [1][-]{section.62.16}{\376\377\0006\0002\000.\0001\0006\000.\000\040\116\016\000\040\000S\000u\000s\000l\000i\000n\040\023\000V\000o\000e\000v\000o\000d\000s\000k\000y\000\040\166\204\153\324\217\203}{chapter.62}% 1943
\BOOKMARK [1][-]{section.62.17}{\376\377\0006\0002\000.\0001\0007\000.\000\040\227\136\000\040\000N\000o\000e\000t\000h\000e\000r\000\040\140\305\137\142\116\013\166\204\166\370\133\371\137\252\163\257}{chapter.62}% 1944
\BOOKMARK [0][-]{chapter.63}{\376\377\000C\000h\000a\000p\000t\000e\000r\000\040\0006\0003\000.\000\040\217\333\116\000\153\145\166\204\000\040\000\311\000t\000a\000l\000e\000\040\116\012\124\014\214\003}{}% 1945
\BOOKMARK [1][-]{section.63.1}{\376\377\0006\0003\000.\0001\000.\000\040\137\025\212\000}{chapter.63}% 1946
\BOOKMARK [1][-]{section.63.2}{\376\377\0006\0003\000.\0002\000.\000\040\136\366\142\323\142\052\227\142}{chapter.63}% 1947
\BOOKMARK [1][-]{section.63.3}{\376\377\0006\0003\000.\0003\000.\000\040\175\047\145\057\144\221\142\052\227\142}{chapter.63}% 1948
\BOOKMARK [1][-]{section.63.4}{\376\377\0006\0003\000.\0004\000.\000\040\147\011\226\120\145\057\144\221\142\052\227\142}{chapter.63}% 1949
\BOOKMARK [1][-]{section.63.5}{\376\377\0006\0003\000.\0005\000.\000\040\134\100\220\350\142\337\147\011\226\120\140\001\134\004\166\204\147\103\121\375\145\160\116\016\217\371\146\040\134\004}{chapter.63}% 1950
\BOOKMARK [1][-]{section.63.6}{\376\377\0006\0003\000.\0006\000.\000\040\134\100\220\350\142\337\147\011\226\120\140\001\134\004\166\204\116\012\123\371\123\367}{chapter.63}% 1951
\BOOKMARK [1][-]{section.63.7}{\376\377\0006\0003\000.\0007\000.\000\040\134\100\220\350\142\337\147\011\226\120\140\001\134\004\166\204\133\374\121\372\116\012\123\371\123\367}{chapter.63}% 1952
\BOOKMARK [1][-]{section.63.8}{\376\377\0006\0003\000.\0008\000.\000\040\220\032\217\307\175\047\123\026\147\204\220\040\133\374\121\372\116\013\123\371\123\367\166\204\230\204\131\007\176\323\147\234}{chapter.63}% 1953
\BOOKMARK [1][-]{section.63.9}{\376\377\0006\0003\000.\0009\000.\000\040\220\032\217\307\175\047\123\026\147\204\220\040\133\374\121\372\116\013\123\371\123\367}{chapter.63}% 1954
\BOOKMARK [1][-]{section.63.10}{\376\377\0006\0003\000.\0001\0000\000.\000\040\133\374\121\372\116\013\123\371\123\367\166\204\140\047\215\050}{chapter.63}% 1955
\BOOKMARK [1][-]{section.63.11}{\376\377\0006\0003\000.\0001\0001\000.\000\040\133\374\121\372\116\012\123\371\123\367}{chapter.63}% 1956
\BOOKMARK [1][-]{section.63.12}{\376\377\0006\0003\000.\0001\0002\000.\000\040\175\047\145\057\144\221\116\012\124\014\214\003}{chapter.63}% 1957
\BOOKMARK [1][-]{section.63.13}{\376\377\0006\0003\000.\0001\0003\000.\000\040\116\000\116\052\123\357\147\204\220\040\140\047\176\323\147\234}{chapter.63}% 1958
\BOOKMARK [1][-]{section.63.14}{\376\377\0006\0003\000.\0001\0004\000.\000\040\116\012\124\014\214\003\123\357\147\204\220\040\166\204\131\015\137\142}{chapter.63}% 1959
\BOOKMARK [1][-]{section.63.15}{\376\377\0006\0003\000.\0001\0005\000.\000\040\136\224\165\050}{chapter.63}% 1960
\BOOKMARK [1][-]{section.63.16}{\376\377\0006\0003\000.\0001\0006\000.\000\040\133\374\121\372\116\012\123\371\123\367\166\204\217\333\116\000\153\145\176\323\147\234}{chapter.63}% 1961
\BOOKMARK [0][-]{chapter.64}{\376\377\000C\000h\000a\000p\000t\000e\000r\000\040\0006\0004\000.\000\040\217\371\121\154\137\017}{}% 1962
\BOOKMARK [1][-]{section.64.1}{\376\377\0006\0004\000.\0001\000.\000\040\137\025\212\000}{chapter.64}% 1963
\BOOKMARK [1][-]{section.64.2}{\376\377\0006\0004\000.\0002\000.\000\040\217\371\121\154\137\017}{chapter.64}% 1964
\BOOKMARK [1][-]{section.64.3}{\376\377\0006\0004\000.\0003\000.\000\040\000F\000r\000o\000b\000e\000n\000i\000u\000s\000\040\140\001\134\004}{chapter.64}% 1965
\BOOKMARK [1][-]{section.64.4}{\376\377\0006\0004\000.\0004\000.\000\040\217\371}{chapter.64}% 1966
\BOOKMARK [1][-]{section.64.5}{\376\377\0006\0004\000.\0005\000.\000\040\116\072\117\125\227\000\211\201\133\374\121\372\203\003\165\164\377\037}{chapter.64}% 1967
\BOOKMARK [1][-]{section.64.6}{\376\377\0006\0004\000.\0006\000.\000\040\133\374\121\372\203\003\165\164}{chapter.64}% 1968
\BOOKMARK [1][-]{section.64.7}{\376\377\0006\0004\000.\0007\000.\000\040\156\344\217\307\133\374\121\372\203\003\165\164}{chapter.64}% 1969
\BOOKMARK [1][-]{section.64.8}{\376\377\0006\0004\000.\0008\000.\000\040\156\344\217\307\133\374\121\372\121\375\133\120}{chapter.64}% 1970
\BOOKMARK [1][-]{section.64.9}{\376\377\0006\0004\000.\0009\000.\000\040\156\344\217\307\131\015\137\142\166\204\136\224\165\050}{chapter.64}% 1971
\BOOKMARK [1][-]{section.64.10}{\376\377\0006\0004\000.\0001\0000\000.\000\040\133\214\177\216\140\047}{chapter.64}% 1972
\BOOKMARK [1][-]{section.64.11}{\376\377\0006\0004\000.\0001\0001\000.\000\040\156\344\217\307\116\016\133\214\177\216\131\015\137\142}{chapter.64}% 1973
\BOOKMARK [1][-]{section.64.12}{\376\377\0006\0004\000.\0001\0002\000.\000\040\133\214\177\216\133\371\214\141\166\204\122\073\165\073}{chapter.64}% 1974
\BOOKMARK [1][-]{section.64.13}{\376\377\0006\0004\000.\0001\0003\000.\000\040\202\157\131\175\131\015\137\142\166\204\116\012\124\014\214\003}{chapter.64}% 1975
\BOOKMARK [1][-]{section.64.14}{\376\377\0006\0004\000.\0001\0004\000.\000\040\000L\000e\000f\000s\000c\000h\000e\000t\000z\000\040\145\160}{chapter.64}% 1976
\BOOKMARK [1][-]{section.64.15}{\376\377\0006\0004\000.\0001\0005\000.\000\040\230\204\131\007\167\345\213\306\116\016\124\175\230\230\224\376}{chapter.64}% 1977
\BOOKMARK [1][-]{section.64.16}{\376\377\0006\0004\000.\0001\0006\000.\000\040\217\371\121\154\137\017\166\204\213\301\146\016}{chapter.64}% 1978
\BOOKMARK [1][-]{section.64.17}{\376\377\0006\0004\000.\0001\0007\000.\000\040\136\224\165\050}{chapter.64}% 1979
\BOOKMARK [1][-]{section.64.18}{\376\377\0006\0004\000.\0001\0008\000.\000\040\121\163\116\216\000\040\000l\000-\217\333\134\102}{chapter.64}% 1980
\BOOKMARK [1][-]{section.64.19}{\376\377\0006\0004\000.\0001\0009\000.\000\040\000L\000-\121\375\145\160}{chapter.64}% 1981
\BOOKMARK [1][-]{section.64.20}{\376\377\0006\0004\000.\0002\0000\000.\000\040\116\012\124\014\214\003\211\343\221\312}{chapter.64}% 1982
\BOOKMARK [1][-]{section.64.21}{\376\377\0006\0004\000.\0002\0001\000.\000\040\116\012\145\207\136\224\210\145\121\105\166\204\116\213\230\171\156\005\123\125}{chapter.64}% 1983
\BOOKMARK [1][-]{section.64.22}{\376\377\0006\0004\000.\0002\0002\000.\000\040\000L\000-\121\375\145\160\166\204\117\213\133\120}{chapter.64}% 1984
\BOOKMARK [1][-]{section.64.23}{\376\377\0006\0004\000.\0002\0003\000.\000\040\136\070\120\074\134\102}{chapter.64}% 1985
\BOOKMARK [1][-]{section.64.24}{\376\377\0006\0004\000.\0002\0004\000.\000\040\000L\000e\000g\000e\000n\000d\000r\000e\000\040\145\317}{chapter.64}% 1986
\BOOKMARK [1][-]{section.64.25}{\376\377\0006\0004\000.\0002\0005\000.\000\040\143\007\145\160\124\214}{chapter.64}% 1987
\BOOKMARK [1][-]{section.64.26}{\376\377\0006\0004\000.\0002\0006\000.\000\040\165\050\127\372\147\054\177\244\210\150\217\360\166\204\217\371\121\154\137\017}{chapter.64}% 1988
\BOOKMARK [1][-]{section.64.27}{\376\377\0006\0004\000.\0002\0007\000.\000\040\127\372\147\054\177\244}{chapter.64}% 1989
\BOOKMARK [1][-]{section.64.28}{\376\377\0006\0004\000.\0002\0008\000.\000\040\230\204\147\011\226\120\177\244\060\001\116\012\124\014\214\003\116\016\124\014\214\003}{chapter.64}% 1990
\BOOKMARK [1][-]{section.64.29}{\376\377\0006\0004\000.\0002\0009\000.\000\040\121\215\213\272\146\362\176\277\166\204\116\012\124\014\214\003}{chapter.64}% 1991
\BOOKMARK [1][-]{section.64.30}{\376\377\0006\0004\000.\0003\0000\000.\000\040\142\275\214\141\217\371\121\154\137\017}{chapter.64}% 1992
\BOOKMARK [1][-]{section.64.31}{\376\377\0006\0004\000.\0003\0001\000.\000\040\201\352\133\210\137\142\137\017\116\016\134\102}{chapter.64}% 1993
\BOOKMARK [1][-]{section.64.32}{\376\377\0006\0004\000.\0003\0002\000.\000\040\213\241\145\160\160\271}{chapter.64}% 1994
\BOOKMARK [1][-]{section.64.33}{\376\377\0006\0004\000.\0003\0003\000.\000\040\000C\000h\000e\000b\000o\000t\000a\000r\000e\000v\000\040\166\204\174\276\170\156\137\142\137\017}{chapter.64}% 1995
\BOOKMARK [1][-]{section.64.34}{\376\377\0006\0004\000.\0003\0004\000.\000\040\147\011\131\032\134\021\175\040\160\271\133\214\121\150\122\006\211\343\377\037}{chapter.64}% 1996
\BOOKMARK [1][-]{section.64.35}{\376\377\0006\0004\000.\0003\0005\000.\000\040\133\236\226\105\116\012\172\166\172\337\147\011\131\032\134\021\116\052\160\271\377\037}{chapter.64}% 1997
\BOOKMARK [0][-]{chapter.65}{\376\377\000C\000h\000a\000p\000t\000e\000r\000\040\0006\0005\000.\000\040\116\343\145\160\172\172\225\364}{}% 1998
\BOOKMARK [1][-]{section.65.1}{\376\377\0006\0005\000.\0001\000.\000\040\137\025\212\000}{chapter.65}% 1999
\BOOKMARK [1][-]{section.65.2}{\376\377\0006\0005\000.\0002\000.\000\040\116\000\202\054\213\364\146\016}{chapter.65}% 2000
\BOOKMARK [1][-]{section.65.3}{\376\377\0006\0005\000.\0003\000.\000\040\230\204\134\102\166\204\123\357\210\150\171\072\140\001\134\004}{chapter.65}% 2001
\BOOKMARK [1][-]{section.65.4}{\376\377\0006\0005\000.\0004\000.\000\040\151\202\137\142\140\001\134\004\166\204\202\345\136\162\136\070\165\050\140\047\215\050\122\027\210\150}{chapter.65}% 2002
\BOOKMARK [1][-]{section.65.5}{\376\377\0006\0005\000.\0005\000.\000\040\230\204\134\102\123\357\210\150\171\072\140\001\134\004\166\204\140\047\215\050}{chapter.65}% 2003
\BOOKMARK [1][-]{section.65.6}{\376\377\0006\0005\000.\0006\000.\000\040\116\343\145\160\172\172\225\364}{chapter.65}% 2004
\BOOKMARK [1][-]{section.65.7}{\376\377\0006\0005\000.\0007\000.\000\040\116\343\145\160\172\172\225\364\166\204\176\244\176\364\171\357}{chapter.65}% 2005
\BOOKMARK [1][-]{section.65.8}{\376\377\0006\0005\000.\0008\000.\000\040\116\343\145\160\172\172\225\364\166\204\236\317\124\010}{chapter.65}% 2006
\BOOKMARK [1][-]{section.65.9}{\376\377\0006\0005\000.\0009\000.\000\040\116\343\145\160\172\172\225\364\166\204\210\150\171\072}{chapter.65}% 2007
\BOOKMARK [1][-]{section.65.10}{\376\377\0006\0005\000.\0001\0000\000.\000\040\116\343\145\160\172\172\225\364\116\016\173\111\116\367\121\163\174\373}{chapter.65}% 2008
\BOOKMARK [1][-]{section.65.11}{\376\377\0006\0005\000.\0001\0001\000.\000\040\116\343\145\160\172\172\225\364\377\032\210\145\121\105\145\164\164\006}{chapter.65}% 2009
\BOOKMARK [1][-]{section.65.12}{\376\377\0006\0005\000.\0001\0002\000.\000\040\116\343\145\160\172\172\225\364\166\204\155\170\121\145\116\016\000\040\000Z\000a\000r\000i\000s\000k\000i\000\040\211\206\166\326}{chapter.65}% 2010
\BOOKMARK [1][-]{section.65.13}{\376\377\0006\0005\000.\0001\0003\000.\000\040\116\343\145\160\172\172\225\364\166\204\122\006\171\273\147\141\116\366}{chapter.65}% 2011
\BOOKMARK [1][-]{section.65.14}{\376\377\0006\0005\000.\0001\0004\000.\000\040\116\343\145\160\172\172\225\364\166\204\117\213\133\120}{chapter.65}% 2012
\BOOKMARK [1][-]{section.65.15}{\376\377\0006\0005\000.\0001\0005\000.\000\040\131\047\172\331\160\271\166\204\123\330\146\364}{chapter.65}% 2013
\BOOKMARK [1][-]{section.65.16}{\376\377\0006\0005\000.\0001\0006\000.\000\040\127\372\151\202\137\142\166\204\123\330\146\364}{chapter.65}% 2014
\BOOKMARK [0][-]{chapter.66}{\376\377\000C\000h\000a\000p\000t\000e\000r\000\040\0006\0006\000.\000\040\116\343\145\160\172\172\225\364\166\204\140\047\215\050}{}% 2015
\BOOKMARK [1][-]{section.66.1}{\376\377\0006\0006\000.\0001\000.\000\040\137\025\212\000}{chapter.66}% 2016
\BOOKMARK [1][-]{section.66.2}{\376\377\0006\0006\000.\0002\000.\000\040\176\246\133\232}{chapter.66}% 2017
\BOOKMARK [1][-]{section.66.3}{\376\377\0006\0006\000.\0003\000.\000\040\122\006\171\273\121\154\164\006}{chapter.66}% 2018
\BOOKMARK [1][-]{section.66.4}{\376\377\0006\0006\000.\0004\000.\000\040\116\343\145\160\172\172\225\364\166\204\160\271}{chapter.66}% 2019
\BOOKMARK [1][-]{section.66.5}{\376\377\0006\0006\000.\0005\000.\000\040\142\337\175\047\116\343\145\160\172\172\225\364}{chapter.66}% 2020
\BOOKMARK [1][-]{section.66.6}{\376\377\0006\0006\000.\0006\000.\000\040\162\171\153\212\211\206\166\326}{chapter.66}% 2021
\BOOKMARK [1][-]{section.66.7}{\376\377\0006\0006\000.\0007\000.\000\040\165\061\151\202\137\142\140\047\215\050\133\232\116\111\166\204\172\172\225\364\140\047\215\050}{chapter.66}% 2022
\BOOKMARK [1][-]{section.66.8}{\376\377\0006\0006\000.\0008\000.\000\040\123\357\147\204\220\040\226\306}{chapter.66}% 2023
\BOOKMARK [1][-]{section.66.9}{\376\377\0006\0006\000.\0009\000.\000\040\116\000\160\271\131\004\166\204\176\364\145\160}{chapter.66}% 2024
\BOOKMARK [1][-]{section.66.10}{\376\377\0006\0006\000.\0001\0000\000.\000\040\134\100\220\350\163\257\166\204\176\364\145\160}{chapter.66}% 2025
\BOOKMARK [1][-]{section.66.11}{\376\377\0006\0006\000.\0001\0001\000.\000\040\116\000\202\054\160\271}{chapter.66}% 2026
\BOOKMARK [1][-]{section.66.12}{\376\377\0006\0006\000.\0001\0002\000.\000\040\145\342\176\246\172\172\225\364}{chapter.66}% 2027
\BOOKMARK [1][-]{section.66.13}{\376\377\0006\0006\000.\0001\0003\000.\000\040\151\202\137\142\217\150\217\371}{chapter.66}% 2028
\BOOKMARK [1][-]{section.66.14}{\376\377\0006\0006\000.\0001\0004\000.\000\040\137\227\122\060\151\202\137\142}{chapter.66}% 2029
\BOOKMARK [1][-]{section.66.15}{\376\377\0006\0006\000.\0001\0005\000.\000\040\142\337\122\006\171\273\172\172\225\364\116\012\166\204\160\271}{chapter.66}% 2030
\BOOKMARK [1][-]{section.66.16}{\376\377\0006\0006\000.\0001\0006\000.\000\040\116\343\145\160\172\172\225\364\166\204\000\040\000\311\000t\000a\000l\000e\000\040\140\001\134\004}{chapter.66}% 2031
\BOOKMARK [1][-]{section.66.17}{\376\377\0006\0006\000.\0001\0007\000.\000\040\172\172\225\364\116\016\000\040\000f\000p\000q\000c\000\040\211\206\166\326}{chapter.66}% 2032
\BOOKMARK [1][-]{section.66.18}{\376\377\0006\0006\000.\0001\0008\000.\000\040\116\343\145\160\172\172\225\364\166\204\000\040\000\351\000t\000a\000l\000e\000\040\172\331\160\271}{chapter.66}% 2033
\BOOKMARK [1][-]{section.66.19}{\376\377\0006\0006\000.\0001\0009\000.\000\040\134\017\000\040\000\351\000t\000a\000l\000e\000\040\172\331\160\271\166\204\160\271}{chapter.66}% 2034
\BOOKMARK [1][-]{section.66.20}{\376\377\0006\0006\000.\0002\0000\000.\000\040\226\077\215\035\134\024\134\102\166\204\145\057\144\221}{chapter.66}% 2035
\BOOKMARK [1][-]{section.66.21}{\376\377\0006\0006\000.\0002\0001\000.\000\040\116\343\145\160\172\172\225\364\166\204\176\323\147\204\134\102}{chapter.66}% 2036
\BOOKMARK [1][-]{section.66.22}{\376\377\0006\0006\000.\0002\0002\000.\000\040\176\323\147\204\134\102\166\204\203\016}{chapter.66}% 2037
\BOOKMARK [1][-]{section.66.23}{\376\377\0006\0006\000.\0002\0003\000.\000\040\134\100\220\350\116\015\123\357\176\246\140\047}{chapter.66}% 2038
\BOOKMARK [1][-]{section.66.24}{\376\377\0006\0006\000.\0002\0004\000.\000\040\000N\000o\000e\000t\000h\000e\000r\000\040\116\343\145\160\172\172\225\364}{chapter.66}% 2039
\BOOKMARK [1][-]{section.66.25}{\376\377\0006\0006\000.\0002\0005\000.\000\040\153\143\122\031\116\343\145\160\172\172\225\364}{chapter.66}% 2040
\BOOKMARK [1][-]{section.66.26}{\376\377\0006\0006\000.\0002\0006\000.\000\040\116\343\145\160\172\172\225\364\116\012\166\204\152\041\134\102}{chapter.66}% 2041
\BOOKMARK [1][-]{section.66.27}{\376\377\0006\0006\000.\0002\0007\000.\000\040\000\311\000t\000a\000l\000e\000\040\134\100\220\350\123\026}{chapter.66}% 2042
\BOOKMARK [1][-]{section.66.28}{\376\377\0006\0006\000.\0002\0008\000.\000\040\140\142\131\015\140\001\134\004}{chapter.66}% 2043
\BOOKMARK [1][-]{section.66.29}{\376\377\0006\0006\000.\0002\0009\000.\000\040\116\343\145\160\172\172\225\364\116\012\166\204\142\337\121\335\200\132\134\102}{chapter.66}% 2044
\BOOKMARK [1][-]{section.66.30}{\376\377\0006\0006\000.\0003\0000\000.\000\040\152\041\166\204\140\047\215\050}{chapter.66}% 2045
\BOOKMARK [1][-]{section.66.31}{\376\377\0006\0006\000.\0003\0001\000.\000\040\134\100\220\350\142\225\134\004\152\041}{chapter.66}% 2046
\BOOKMARK [1][-]{section.66.32}{\376\377\0006\0006\000.\0003\0002\000.\000\040\142\337\121\335\200\132\134\102\116\016\210\150\171\072}{chapter.66}% 2047
\BOOKMARK [1][-]{section.66.33}{\376\377\0006\0006\000.\0003\0003\000.\000\040\143\007\124\021\151\202\137\142\166\204\140\001\134\004}{chapter.66}% 2048
\BOOKMARK [1][-]{section.66.34}{\376\377\0006\0006\000.\0003\0004\000.\000\040\201\352\165\061\117\134\165\050\166\204\125\106}{chapter.66}% 2049
\BOOKMARK [0][-]{chapter.67}{\376\377\000C\000h\000a\000p\000t\000e\000r\000\040\0006\0007\000.\000\040\116\343\145\160\172\172\225\364\166\204\140\001\134\004}{}% 2050
\BOOKMARK [1][-]{section.67.1}{\376\377\0006\0007\000.\0001\000.\000\040\137\025\212\000}{chapter.67}% 2051
\BOOKMARK [1][-]{section.67.2}{\376\377\0006\0007\000.\0002\000.\000\040\176\246\133\232}{chapter.67}% 2052
\BOOKMARK [1][-]{section.67.3}{\376\377\0006\0007\000.\0003\000.\000\040\123\357\210\150\171\072\140\001\134\004\166\204\140\047\215\050}{chapter.67}% 2053
\BOOKMARK [1][-]{section.67.4}{\376\377\0006\0007\000.\0004\000.\000\040\122\006\171\273\121\154\164\006}{chapter.67}% 2054
\BOOKMARK [1][-]{section.67.5}{\376\377\0006\0007\000.\0005\000.\000\040\156\341\134\004\140\001\134\004}{chapter.67}% 2055
\BOOKMARK [1][-]{section.67.6}{\376\377\0006\0007\000.\0006\000.\000\040\137\000\140\001\134\004}{chapter.67}% 2056
\BOOKMARK [1][-]{section.67.7}{\376\377\0006\0007\000.\0007\000.\000\040\125\106\146\040\134\004\140\001\134\004}{chapter.67}% 2057
\BOOKMARK [1][-]{section.67.8}{\376\377\0006\0007\000.\0008\000.\000\040\142\337\175\047\140\001\134\004}{chapter.67}% 2058
\BOOKMARK [1][-]{section.67.9}{\376\377\0006\0007\000.\0009\000.\000\040\146\156\220\115\225\355\140\001\134\004}{chapter.67}% 2059
\BOOKMARK [1][-]{section.67.10}{\376\377\0006\0007\000.\0001\0000\000.\000\040\123\125\140\001\134\004}{chapter.67}% 2060
\BOOKMARK [1][-]{section.67.11}{\376\377\0006\0007\000.\0001\0001\000.\000\040\142\337\121\335\200\132\134\102\166\204\143\250\122\115}{chapter.67}% 2061
\BOOKMARK [1][-]{section.67.12}{\376\377\0006\0007\000.\0001\0002\000.\000\040\155\170\121\145}{chapter.67}% 2062
\BOOKMARK [1][-]{section.67.13}{\376\377\0006\0007\000.\0001\0003\000.\000\040\225\355\155\170\121\145}{chapter.67}% 2063
\BOOKMARK [1][-]{section.67.14}{\376\377\0006\0007\000.\0001\0004\000.\000\040\225\355\155\170\121\145\116\016\142\337\121\335\200\132\134\102}{chapter.67}% 2064
\BOOKMARK [1][-]{section.67.15}{\376\377\0006\0007\000.\0001\0005\000.\000\040\152\041\166\204\145\057\226\306}{chapter.67}% 2065
\BOOKMARK [1][-]{section.67.16}{\376\377\0006\0007\000.\0001\0006\000.\000\040\151\202\137\142\213\272\120\317}{chapter.67}% 2066
\BOOKMARK [1][-]{section.67.17}{\376\377\0006\0007\000.\0001\0007\000.\000\040\151\202\137\142\213\272\225\355\123\005\116\016\172\040\133\306\140\047}{chapter.67}% 2067
\BOOKMARK [1][-]{section.67.18}{\376\377\0006\0007\000.\0001\0008\000.\000\040\116\073\133\374\140\001\134\004}{chapter.67}% 2068
\BOOKMARK [1][-]{section.67.19}{\376\377\0006\0007\000.\0001\0009\000.\000\040\146\156\220\115\123\125\134\004\140\001\134\004}{chapter.67}% 2069
\BOOKMARK [1][-]{section.67.20}{\376\377\0006\0007\000.\0002\0000\000.\000\040\116\377\134\004\140\001\134\004}{chapter.67}% 2070
\BOOKMARK [1][-]{section.67.21}{\376\377\0006\0007\000.\0002\0001\000.\000\040\121\306\116\377\134\004\140\001\134\004}{chapter.67}% 2071
\BOOKMARK [1][-]{section.67.22}{\376\377\0006\0007\000.\0002\0002\000.\000\040\156\220\116\016\166\356\150\007\116\012\000\040\000\351\000t\000a\000l\000e\000\040\134\100\220\350\166\204\140\001\134\004\174\173\127\213}{chapter.67}% 2072
\BOOKMARK [1][-]{section.67.23}{\376\377\0006\0007\000.\0002\0003\000.\000\040\147\011\226\120\127\213\140\001\134\004}{chapter.67}% 2073
\BOOKMARK [1][-]{section.67.24}{\376\377\0006\0007\000.\0002\0004\000.\000\040\160\271\116\016\121\340\117\125\160\271}{chapter.67}% 2074
\BOOKMARK [1][-]{section.67.25}{\376\377\0006\0007\000.\0002\0005\000.\000\040\147\011\226\120\127\213\160\271}{chapter.67}% 2075
\BOOKMARK [1][-]{section.67.26}{\376\377\0006\0007\000.\0002\0006\000.\000\040\000N\000a\000g\000a\000t\000a\000\040\172\172\225\364}{chapter.67}% 2076
\BOOKMARK [1][-]{section.67.27}{\376\377\0006\0007\000.\0002\0007\000.\000\040\142\337\147\011\226\120\140\001\134\004}{chapter.67}% 2077
\BOOKMARK [1][-]{section.67.28}{\376\377\0006\0007\000.\0002\0008\000.\000\040\147\011\226\120\210\150\171\072\140\001\134\004}{chapter.67}% 2078
\BOOKMARK [1][-]{section.67.29}{\376\377\0006\0007\000.\0002\0009\000.\000\040\123\357\147\204\220\040\226\306}{chapter.67}% 2079
\BOOKMARK [1][-]{section.67.30}{\376\377\0006\0007\000.\0003\0000\000.\000\040\136\163\127\146\140\001\134\004}{chapter.67}% 2080
\BOOKMARK [1][-]{section.67.31}{\376\377\0006\0007\000.\0003\0001\000.\000\040\136\163\127\146\152\041}{chapter.67}% 2081
\BOOKMARK [1][-]{section.67.32}{\376\377\0006\0007\000.\0003\0002\000.\000\040\154\333\136\163\127\146\140\047}{chapter.67}% 2082
\BOOKMARK [1][-]{section.67.33}{\376\377\0006\0007\000.\0003\0003\000.\000\040\166\370\133\371\176\364\145\160}{chapter.67}% 2083
\BOOKMARK [1][-]{section.67.34}{\376\377\0006\0007\000.\0003\0004\000.\000\040\140\001\134\004\116\016\176\244\176\364\176\364\145\160}{chapter.67}% 2084
\BOOKMARK [1][-]{section.67.35}{\376\377\0006\0007\000.\0003\0005\000.\000\040\176\364\145\160\121\154\137\017}{chapter.67}% 2085
\BOOKMARK [1][-]{section.67.36}{\376\377\0006\0007\000.\0003\0006\000.\000\040\000S\000y\000n\000t\000o\000m\000i\000c\000\040\140\001\134\004}{chapter.67}% 2086
\BOOKMARK [1][-]{section.67.37}{\376\377\0006\0007\000.\0003\0007\000.\000\040\121\111\156\321\140\001\134\004}{chapter.67}% 2087
\BOOKMARK [1][-]{section.67.38}{\376\377\0006\0007\000.\0003\0008\000.\000\040\227\136\122\006\153\147\140\001\134\004}{chapter.67}% 2088
\BOOKMARK [1][-]{section.67.39}{\376\377\0006\0007\000.\0003\0009\000.\000\040\000\311\000t\000a\000l\000e\000\040\140\001\134\004}{chapter.67}% 2089
\BOOKMARK [1][-]{section.67.40}{\376\377\0006\0007\000.\0004\0000\000.\000\040\126\372\147\011\140\001\134\004}{chapter.67}% 2090
\BOOKMARK [1][-]{section.67.41}{\376\377\0006\0007\000.\0004\0001\000.\000\040\215\113\120\074\122\044\143\156}{chapter.67}% 2091
\BOOKMARK [1][-]{section.67.42}{\376\377\0006\0007\000.\0004\0002\000.\000\040\146\156\220\115\225\355\140\047\166\204\215\113\120\074\122\044\143\156}{chapter.67}% 2092
\BOOKMARK [1][-]{section.67.43}{\376\377\0006\0007\000.\0004\0003\000.\000\040\122\006\171\273\140\047\166\204\215\113\120\074\122\044\143\156}{chapter.67}% 2093
\BOOKMARK [1][-]{section.67.44}{\376\377\0006\0007\000.\0004\0004\000.\000\040\126\372\147\011\140\047\166\204\215\113\120\074\122\044\143\156}{chapter.67}% 2094
\BOOKMARK [1][-]{section.67.45}{\376\377\0006\0007\000.\0004\0005\000.\000\040\145\164\140\001\134\004\116\016\147\011\226\120\140\001\134\004}{chapter.67}% 2095
\BOOKMARK [1][-]{section.67.46}{\376\377\0006\0007\000.\0004\0006\000.\000\040\147\011\226\120\134\100\220\350\201\352\165\061\140\001\134\004}{chapter.67}% 2096
\BOOKMARK [1][-]{section.67.47}{\376\377\0006\0007\000.\0004\0007\000.\000\040\147\011\164\006\146\040\134\004}{chapter.67}% 2097
\BOOKMARK [1][-]{section.67.48}{\376\377\0006\0007\000.\0004\0008\000.\000\040\116\343\145\160\172\172\225\364\166\204\166\370\133\371\153\143\211\304\123\026}{chapter.67}% 2098
\BOOKMARK [1][-]{section.67.49}{\376\377\0006\0007\000.\0004\0009\000.\000\040\153\143\211\304\123\026}{chapter.67}% 2099
\BOOKMARK [1][-]{section.67.50}{\376\377\0006\0007\000.\0005\0000\000.\000\040\122\006\171\273\116\024\134\100\220\350\142\337\147\011\226\120\166\204\140\001\134\004}{chapter.67}% 2100
\BOOKMARK [1][-]{section.67.51}{\376\377\0006\0007\000.\0005\0001\000.\000\040\136\224\165\050}{chapter.67}% 2101
\BOOKMARK [1][-]{section.67.52}{\376\377\0006\0007\000.\0005\0002\000.\000\040\000Z\000a\000r\000i\000s\000k\000i\000\040\116\073\133\232\164\006\377\010\123\357\210\150\140\305\137\142\377\011}{chapter.67}% 2102
\BOOKMARK [1][-]{section.67.53}{\376\377\0006\0007\000.\0005\0003\000.\000\040\154\333\124\014\200\332}{chapter.67}% 2103
\BOOKMARK [0][-]{chapter.68}{\376\377\000C\000h\000a\000p\000t\000e\000r\000\040\0006\0008\000.\000\040\202\157\131\175\116\343\145\160\172\172\225\364}{}% 2104
\BOOKMARK [1][-]{section.68.1}{\376\377\0006\0008\000.\0001\000.\000\040\137\025\212\000}{chapter.68}% 2105
\BOOKMARK [1][-]{section.68.2}{\376\377\0006\0008\000.\0002\000.\000\040\176\246\133\232}{chapter.68}% 2106
\BOOKMARK [1][-]{section.68.3}{\376\377\0006\0008\000.\0003\000.\000\040\146\156\220\115\147\011\165\114\176\244\176\364}{chapter.68}% 2107
\BOOKMARK [1][-]{section.68.4}{\376\377\0006\0008\000.\0004\000.\000\040\147\011\226\120\140\047\147\141\116\366\116\016\160\271}{chapter.68}% 2108
\BOOKMARK [1][-]{section.68.5}{\376\377\0006\0008\000.\0005\000.\000\040\116\343\145\160\172\172\225\364\116\012\166\204\147\141\116\366}{chapter.68}% 2109
\BOOKMARK [1][-]{section.68.6}{\376\377\0006\0008\000.\0006\000.\000\040\124\010\164\006\116\343\145\160\172\172\225\364\116\016\202\157\131\175\116\343\145\160\172\172\225\364}{chapter.68}% 2110
\BOOKMARK [1][-]{section.68.7}{\376\377\0006\0008\000.\0007\000.\000\040\160\271\116\016\162\171\123\026}{chapter.68}% 2111
\BOOKMARK [1][-]{section.68.8}{\376\377\0006\0008\000.\0008\000.\000\040\165\050\151\202\137\142\133\371\116\343\145\160\172\172\225\364\122\006\134\102}{chapter.68}% 2112
\BOOKMARK [1][-]{section.68.9}{\376\377\0006\0008\000.\0009\000.\000\040\165\061\151\202\137\142\176\331\121\372\166\204\145\164\211\206\166\326}{chapter.68}% 2113
\BOOKMARK [1][-]{section.68.10}{\376\377\0006\0008\000.\0001\0000\000.\000\040\151\202\137\142\217\150\217\371}{chapter.68}% 2114
\BOOKMARK [1][-]{section.68.11}{\376\377\0006\0008\000.\0001\0001\000.\000\040\122\151\117\131\127\337\116\016\000\040\000H\000e\000n\000s\000e\000l\000\040\134\100\220\350\163\257}{chapter.68}% 2115
\BOOKMARK [1][-]{section.68.12}{\376\377\0006\0008\000.\0001\0002\000.\000\040\202\157\131\175\172\172\225\364\116\012\166\204\160\271}{chapter.68}% 2116
\BOOKMARK [1][-]{section.68.13}{\376\377\0006\0008\000.\0001\0003\000.\000\040\176\246\123\026\123\125\160\271\172\172\225\364}{chapter.68}% 2117
\BOOKMARK [1][-]{section.68.14}{\376\377\0006\0008\000.\0001\0004\000.\000\040\202\157\131\175\172\172\225\364}{chapter.68}% 2118
\BOOKMARK [1][-]{section.68.15}{\376\377\0006\0008\000.\0001\0005\000.\000\040\134\100\220\350\122\006\171\273\172\172\225\364}{chapter.68}% 2119
\BOOKMARK [1][-]{section.68.16}{\376\377\0006\0008\000.\0001\0006\000.\000\040\215\113\120\074\122\044\143\156}{chapter.68}% 2120
\BOOKMARK [1][-]{section.68.17}{\376\377\0006\0008\000.\0001\0007\000.\000\040\166\370\133\371\147\141\116\366}{chapter.68}% 2121
\BOOKMARK [1][-]{section.68.18}{\376\377\0006\0008\000.\0001\0008\000.\000\040\176\244\176\364\116\055\166\204\160\271}{chapter.68}% 2122
\BOOKMARK [1][-]{section.68.19}{\376\377\0006\0008\000.\0001\0009\000.\000\040\123\125\140\001\134\004}{chapter.68}% 2123
\BOOKMARK [1][-]{section.68.20}{\376\377\0006\0008\000.\0002\0000\000.\000\040\116\000\202\054\160\271}{chapter.68}% 2124
\BOOKMARK [1][-]{section.68.21}{\376\377\0006\0008\000.\0002\0001\000.\000\040\116\000\202\054\147\011\226\120\140\001\134\004}{chapter.68}% 2125
\BOOKMARK [1][-]{section.68.22}{\376\377\0006\0008\000.\0002\0002\000.\000\040\123\314\147\011\164\006\140\001\134\004}{chapter.68}% 2126
\BOOKMARK [1][-]{section.68.23}{\376\377\0006\0008\000.\0002\0003\000.\000\040\000J\000a\000c\000o\000b\000s\000o\000n\000\040\172\172\225\364}{chapter.68}% 2127
\BOOKMARK [1][-]{section.68.24}{\376\377\0006\0008\000.\0002\0004\000.\000\040\134\100\220\350\116\015\123\357\176\246\140\047}{chapter.68}% 2128
\BOOKMARK [1][-]{section.68.25}{\376\377\0006\0008\000.\0002\0005\000.\000\040\224\376\162\266\116\343\145\160\172\172\225\364}{chapter.68}% 2129
\BOOKMARK [0][-]{chapter.69}{\376\377\000C\000h\000a\000p\000t\000e\000r\000\040\0006\0009\000.\000\040\116\343\145\160\172\172\225\364\166\204\116\012\124\014\214\003}{}% 2130
\BOOKMARK [1][-]{section.69.1}{\376\377\0006\0009\000.\0001\000.\000\040\137\025\212\000}{chapter.69}% 2131
\BOOKMARK [1][-]{section.69.2}{\376\377\0006\0009\000.\0002\000.\000\040\176\246\133\232}{chapter.69}% 2132
\BOOKMARK [1][-]{section.69.3}{\376\377\0006\0009\000.\0003\000.\000\040\232\330\226\066\153\143\120\317}{chapter.69}% 2133
\BOOKMARK [1][-]{section.69.4}{\376\377\0006\0009\000.\0004\000.\000\040\147\011\226\120\140\001\134\004}{chapter.69}% 2134
\BOOKMARK [1][-]{section.69.5}{\376\377\0006\0009\000.\0005\000.\000\040\117\131\147\201\226\120\116\016\116\012\124\014\214\003}{chapter.69}% 2135
\BOOKMARK [1][-]{section.69.6}{\376\377\0006\0009\000.\0006\000.\000\040\116\244\225\031\000\040\001\014\000e\000c\000h\000\040\131\015\137\142}{chapter.69}% 2136
\BOOKMARK [1][-]{section.69.7}{\376\377\0006\0009\000.\0007\000.\000\040\142\337\121\335\200\132\134\102\166\204\232\330\226\066\155\210\131\061\140\047}{chapter.69}% 2137
\BOOKMARK [1][-]{section.69.8}{\376\377\0006\0009\000.\0008\000.\000\040\232\330\226\066\153\143\120\317\166\204\155\210\131\061\140\047}{chapter.69}% 2138
\BOOKMARK [1][-]{section.69.9}{\376\377\0006\0009\000.\0009\000.\000\040\145\057\144\221\127\050\225\355\133\120\172\172\225\364\116\012\166\204\116\012\124\014\214\003}{chapter.69}% 2139
\BOOKMARK [1][-]{section.69.10}{\376\377\0006\0009\000.\0001\0000\000.\000\040\176\364\145\160\116\345\116\012\166\204\155\210\131\061\140\047}{chapter.69}% 2140
\BOOKMARK [1][-]{section.69.11}{\376\377\0006\0009\000.\0001\0001\000.\000\040\116\012\124\014\214\003\116\016\127\372\123\330\143\142\377\010\116\000\377\011}{chapter.69}% 2141
\BOOKMARK [1][-]{section.69.12}{\376\377\0006\0009\000.\0001\0002\000.\000\040\134\100\220\350\000\040\000N\000o\000e\000t\000h\000e\000r\000\040\116\343\145\160\172\172\225\364\116\012\166\204\121\335\200\132\152\041}{chapter.69}% 2142
\BOOKMARK [1][-]{section.69.13}{\376\377\0006\0009\000.\0001\0003\000.\000\040\000N\000o\000e\000t\000h\000e\000r\000\040\172\172\225\364\116\012\166\204\121\335\200\132\134\102}{chapter.69}% 2143
\BOOKMARK [1][-]{section.69.14}{\376\377\0006\0009\000.\0001\0004\000.\000\040\121\335\200\132\134\102\166\204\220\020\134\102\122\145\171\273}{chapter.69}% 2144
\BOOKMARK [1][-]{section.69.15}{\376\377\0006\0009\000.\0001\0005\000.\000\040\121\335\200\132\152\041\166\204\147\201\226\120}{chapter.69}% 2145
\BOOKMARK [1][-]{section.69.16}{\376\377\0006\0009\000.\0001\0006\000.\000\040\116\012\124\014\214\003\166\204\155\210\131\061\140\047}{chapter.69}% 2146
\BOOKMARK [1][-]{section.69.17}{\376\377\0006\0009\000.\0001\0007\000.\000\040\147\011\226\120\140\001\134\004\116\016\116\377\134\004\140\047}{chapter.69}% 2147
\BOOKMARK [1][-]{section.69.18}{\376\377\0006\0009\000.\0001\0008\000.\000\040\000C\000h\000o\000w\000\040\137\025\164\006\166\204\137\061\137\142\137\017}{chapter.69}% 2148
\BOOKMARK [1][-]{section.69.19}{\376\377\0006\0009\000.\0001\0009\000.\000\040\000N\000o\000e\000t\000h\000e\000r\000\040\215\113\120\074\122\044\122\053\154\325}{chapter.69}% 2149
\BOOKMARK [1][-]{section.69.20}{\376\377\0006\0009\000.\0002\0000\000.\000\040\121\335\200\132\134\102\166\204\232\330\226\066\153\143\120\317}{chapter.69}% 2150
\BOOKMARK [1][-]{section.69.21}{\376\377\0006\0009\000.\0002\0001\000.\000\040\116\060\154\233\123\357\220\006\134\102\116\016\116\012\124\014\214\003}{chapter.69}% 2151
\BOOKMARK [1][-]{section.69.22}{\376\377\0006\0009\000.\0002\0002\000.\000\040\137\142\137\017\121\375\145\160\133\232\164\006}{chapter.69}% 2152
\BOOKMARK [1][-]{section.69.23}{\376\377\0006\0009\000.\0002\0003\000.\000\040\137\142\137\017\121\375\145\160\133\232\164\006\166\204\136\224\165\050}{chapter.69}% 2153
\BOOKMARK [0][-]{chapter.70}{\376\377\000C\000h\000a\000p\000t\000e\000r\000\040\0007\0000\000.\000\040\116\343\145\160\172\172\225\364\166\204\147\201\226\120}{}% 2154
\BOOKMARK [1][-]{section.70.1}{\376\377\0007\0000\000.\0001\000.\000\040\137\025\212\000}{chapter.70}% 2155
\BOOKMARK [1][-]{section.70.2}{\376\377\0007\0000\000.\0002\000.\000\040\176\246\133\232}{chapter.70}% 2156
\BOOKMARK [1][-]{section.70.3}{\376\377\0007\0000\000.\0003\000.\000\040\147\011\226\120\210\150\171\072\140\001\134\004}{chapter.70}% 2157
\BOOKMARK [1][-]{section.70.4}{\376\377\0007\0000\000.\0004\000.\000\040\116\343\145\160\172\172\225\364\166\204\147\201\226\120}{chapter.70}% 2158
\BOOKMARK [1][-]{section.70.5}{\376\377\0007\0000\000.\0005\000.\000\040\140\047\215\050\166\204\116\013\226\115}{chapter.70}% 2159
\BOOKMARK [1][-]{section.70.6}{\376\377\0007\0000\000.\0006\000.\000\040\140\001\134\004\140\047\215\050\166\204\116\013\226\115}{chapter.70}% 2160
\BOOKMARK [1][-]{section.70.7}{\376\377\0007\0000\000.\0007\000.\000\040\166\370\133\371\133\371\214\141\166\204\116\013\226\115}{chapter.70}% 2161
\BOOKMARK [1][-]{section.70.8}{\376\377\0007\0000\000.\0008\000.\000\040\176\335\133\371\213\372\162\171\220\074\217\321}{chapter.70}% 2162
\BOOKMARK [1][-]{section.70.9}{\376\377\0007\0000\000.\0009\000.\000\040\136\224\165\050}{chapter.70}% 2163
\BOOKMARK [1][-]{section.70.10}{\376\377\0007\0000\000.\0001\0000\000.\000\040\166\370\133\371\220\074\217\321}{chapter.70}% 2164
\BOOKMARK [1][-]{section.70.11}{\376\377\0007\0000\000.\0001\0001\000.\000\040\147\011\226\120\127\213\133\371\214\141\135\114\121\145\147\011\226\120\210\150\171\072\133\371\214\141}{chapter.70}% 2165
\BOOKMARK [1][-]{section.70.12}{\376\377\0007\0000\000.\0001\0002\000.\000\040\126\372\147\011\140\001\134\004\166\204\220\074\217\321}{chapter.70}% 2166
\BOOKMARK [1][-]{section.70.13}{\376\377\0007\0000\000.\0001\0003\000.\000\040\135\114\121\145\116\377\134\004\172\172\225\364}{chapter.70}% 2167
\BOOKMARK [1][-]{section.70.14}{\376\377\0007\0000\000.\0001\0004\000.\000\040\145\057\144\221\127\050\225\355\133\120\226\306\116\012\166\204\142\052\227\142}{chapter.70}% 2168
\BOOKMARK [1][-]{section.70.15}{\376\377\0007\0000\000.\0001\0005\000.\000\040\116\377\134\004\172\172\225\364\166\204\122\073\165\073}{chapter.70}% 2169
\BOOKMARK [1][-]{section.70.16}{\376\377\0007\0000\000.\0001\0006\000.\000\040\151\202\137\142\166\204\147\011\226\120\211\206\166\326}{chapter.70}% 2170
\BOOKMARK [1][-]{section.70.17}{\376\377\0007\0000\000.\0001\0007\000.\000\040\137\227\122\060\151\202\137\142}{chapter.70}% 2171
\BOOKMARK [1][-]{section.70.18}{\376\377\0007\0000\000.\0001\0008\000.\000\040\127\050\225\355\176\244\176\364\131\004\236\317\124\010}{chapter.70}% 2172
\BOOKMARK [1][-]{section.70.19}{\376\377\0007\0000\000.\0001\0009\000.\000\040\133\371\117\356\145\071\166\204\136\224\165\050}{chapter.70}% 2173
\BOOKMARK [1][-]{section.70.20}{\376\377\0007\0000\000.\0002\0000\000.\000\040\146\156\220\115\225\355\140\001\134\004}{chapter.70}% 2174
\BOOKMARK [1][-]{section.70.21}{\376\377\0007\0000\000.\0002\0001\000.\000\040\213\372\162\171\215\113\120\074\122\044\143\156}{chapter.70}% 2175
\BOOKMARK [1][-]{section.70.22}{\376\377\0007\0000\000.\0002\0002\000.\000\040\174\276\176\306\123\026\166\204\213\372\162\171\215\113\120\074\122\044\143\156}{chapter.70}% 2176
\BOOKMARK [1][-]{section.70.23}{\376\377\0007\0000\000.\0002\0003\000.\000\040\116\013\226\115\147\011\226\120\127\213\172\172\225\364}{chapter.70}% 2177
\BOOKMARK [0][-]{chapter.71}{\376\377\000C\000h\000a\000p\000t\000e\000r\000\040\0007\0001\000.\000\040\116\343\145\160\172\172\225\364\116\012\166\204\226\144\133\120}{}% 2178
\BOOKMARK [1][-]{section.71.1}{\376\377\0007\0001\000.\0001\000.\000\040\137\025\212\000}{chapter.71}% 2179
\BOOKMARK [1][-]{section.71.2}{\376\377\0007\0001\000.\0002\000.\000\040\117\064\226\217\160\271\116\016\137\061\117\064\226\217\160\271}{chapter.71}% 2180
\BOOKMARK [1][-]{section.71.3}{\376\377\0007\0001\000.\0003\000.\000\040\140\001\134\004\116\016\137\061\117\064\226\217\160\271}{chapter.71}% 2181
\BOOKMARK [1][-]{section.71.4}{\376\377\0007\0001\000.\0004\000.\000\040\166\370\133\371\137\061\117\064\226\217\160\271\226\306}{chapter.71}% 2182
\BOOKMARK [1][-]{section.71.5}{\376\377\0007\0001\000.\0005\000.\000\040\000F\000i\000t\000t\000i\000n\000g\000\040\164\006\140\363}{chapter.71}% 2183
\BOOKMARK [1][-]{section.71.6}{\376\377\0007\0001\000.\0006\000.\000\040\147\011\145\110\000\040\000C\000a\000r\000t\000i\000e\000r\000\040\226\144\133\120}{chapter.71}% 2184
\BOOKMARK [1][-]{section.71.7}{\376\377\0007\0001\000.\0007\000.\000\040\147\011\145\110\000\040\000C\000a\000r\000t\000i\000e\000r\000\040\226\144\133\120\116\016\123\357\220\006\134\102}{chapter.71}% 2185
\BOOKMARK [1][-]{section.71.8}{\376\377\0007\0001\000.\0008\000.\000\040\213\372\162\171\172\172\225\364\116\012\166\204\147\011\145\110\000\040\000C\000a\000r\000t\000i\000e\000r\000\040\226\144\133\120}{chapter.71}% 2186
\BOOKMARK [1][-]{section.71.9}{\376\377\0007\0001\000.\0009\000.\000\040\166\370\133\371\147\011\145\110\000\040\000C\000a\000r\000t\000i\000e\000r\000\040\226\144\133\120}{chapter.71}% 2187
\BOOKMARK [1][-]{section.71.10}{\376\377\0007\0001\000.\0001\0000\000.\000\040\116\232\176\257\121\375\145\160\116\016\142\052\227\142}{chapter.71}% 2188
\BOOKMARK [1][-]{section.71.11}{\376\377\0007\0001\000.\0001\0001\000.\000\040\166\370\133\371\000\040\000P\000r\000o\000j}{chapter.71}% 2189
\BOOKMARK [1][-]{section.71.12}{\376\377\0007\0001\000.\0001\0002\000.\000\040\166\370\133\371\000\040\000P\000r\000o\000j\000\040\166\204\121\375\133\120\140\047}{chapter.71}% 2190
\BOOKMARK [1][-]{section.71.13}{\376\377\0007\0001\000.\0001\0003\000.\000\040\123\357\220\006\134\102\116\016\122\060\166\370\133\371\000\040\000P\000r\000o\000j\000\040\166\204\140\001\134\004}{chapter.71}% 2191
\BOOKMARK [1][-]{section.71.14}{\376\377\0007\0001\000.\0001\0004\000.\000\040\166\370\133\371\116\060\154\233\134\102}{chapter.71}% 2192
\BOOKMARK [1][-]{section.71.15}{\376\377\0007\0001\000.\0001\0005\000.\000\040\166\370\133\371\116\060\154\233\140\047\116\016\116\012\124\014\214\003}{chapter.71}% 2193
\BOOKMARK [1][-]{section.71.16}{\376\377\0007\0001\000.\0001\0006\000.\000\040\166\370\133\371\000\040\000P\000r\000o\000j\000\040\166\204\225\355\133\120\172\172\225\364}{chapter.71}% 2194
\BOOKMARK [1][-]{section.71.17}{\376\377\0007\0001\000.\0001\0007\000.\000\040\162\006\170\064}{chapter.71}% 2195
\BOOKMARK [1][-]{section.71.18}{\376\377\0007\0001\000.\0001\0008\000.\000\040\116\045\150\074\123\330\143\142}{chapter.71}% 2196
\BOOKMARK [1][-]{section.71.19}{\376\377\0007\0001\000.\0001\0009\000.\000\040\133\271\213\270\162\006\170\064}{chapter.71}% 2197
\BOOKMARK [0][-]{chapter.72}{\376\377\000C\000h\000a\000p\000t\000e\000r\000\040\0007\0002\000.\000\040\127\337\116\012\166\204\116\343\145\160\172\172\225\364}{}% 2198
\BOOKMARK [1][-]{section.72.1}{\376\377\0007\0002\000.\0001\000.\000\040\137\025\212\000}{chapter.72}% 2199
\BOOKMARK [1][-]{section.72.2}{\376\377\0007\0002\000.\0002\000.\000\040\176\246\133\232}{chapter.72}% 2200
\BOOKMARK [1][-]{section.72.3}{\376\377\0007\0002\000.\0003\000.\000\040\154\333\147\011\226\120\140\001\134\004}{chapter.72}% 2201
\BOOKMARK [1][-]{section.72.4}{\376\377\0007\0002\000.\0004\000.\000\040\145\164\116\343\145\160\172\172\225\364}{chapter.72}% 2202
\BOOKMARK [1][-]{section.72.5}{\376\377\0007\0002\000.\0005\000.\000\040\145\164\116\343\145\160\172\172\225\364\116\113\225\364\166\204\140\001\134\004}{chapter.72}% 2203
\BOOKMARK [1][-]{section.72.6}{\376\377\0007\0002\000.\0006\000.\000\040\000W\000e\000i\000l\000\040\226\144\133\120}{chapter.72}% 2204
\BOOKMARK [1][-]{section.72.7}{\376\377\0007\0002\000.\0007\000.\000\040\116\016\123\357\220\006\152\041\166\370\117\064\166\204\000\040\000W\000e\000i\000l\000\040\226\144\133\120\174\173}{chapter.72}% 2205
\BOOKMARK [1][-]{section.72.8}{\376\377\0007\0002\000.\0008\000.\000\040\117\356\145\071\116\016\000\040\000a\000l\000t\000e\000r\000a\000t\000i\000o\000n}{chapter.72}% 2206
\BOOKMARK [1][-]{section.72.9}{\376\377\0007\0002\000.\0009\000.\000\040\151\202\137\142\217\150\217\371}{chapter.72}% 2207
\BOOKMARK [1][-]{section.72.10}{\376\377\0007\0002\000.\0001\0000\000.\000\040\151\202\137\142\217\150\217\371\116\016\127\337\142\151\137\040}{chapter.72}% 2208
\BOOKMARK [1][-]{section.72.11}{\376\377\0007\0002\000.\0001\0001\000.\000\040\121\340\117\125\176\246\123\026\116\343\145\160\172\172\225\364}{chapter.72}% 2209
\BOOKMARK [1][-]{section.72.12}{\376\377\0007\0002\000.\0001\0002\000.\000\040\121\340\117\125\217\336\220\032\116\343\145\160\172\172\225\364}{chapter.72}% 2210
\BOOKMARK [1][-]{section.72.13}{\376\377\0007\0002\000.\0001\0003\000.\000\040\121\340\117\125\116\015\123\357\176\246\116\343\145\160\172\172\225\364}{chapter.72}% 2211
\BOOKMARK [1][-]{section.72.14}{\376\377\0007\0002\000.\0001\0004\000.\000\040\121\340\117\125\145\164\116\343\145\160\172\172\225\364}{chapter.72}% 2212
\BOOKMARK [1][-]{section.72.15}{\376\377\0007\0002\000.\0001\0005\000.\000\040\176\364\145\160}{chapter.72}% 2213
\BOOKMARK [1][-]{section.72.16}{\376\377\0007\0002\000.\0001\0006\000.\000\040\127\337\116\012\166\204\121\111\156\321\172\172\225\364}{chapter.72}% 2214
\BOOKMARK [1][-]{section.72.17}{\376\377\0007\0002\000.\0001\0007\000.\000\040\153\047\142\311\171\072\140\047\145\160}{chapter.72}% 2215
\BOOKMARK [1][-]{section.72.18}{\376\377\0007\0002\000.\0001\0008\000.\000\040\145\160\120\074\166\370\116\244}{chapter.72}% 2216
\BOOKMARK [0][-]{chapter.73}{\376\377\000C\000h\000a\000p\000t\000e\000r\000\040\0007\0003\000.\000\040\116\343\145\160\172\172\225\364\116\012\166\204\142\323\142\121}{}% 2217
\BOOKMARK [1][-]{section.73.1}{\376\377\0007\0003\000.\0001\000.\000\040\137\025\212\000}{chapter.73}% 2218
\BOOKMARK [1][-]{section.73.2}{\376\377\0007\0003\000.\0002\000.\000\040\116\000\202\054\147\204\220\040\217\307\172\013}{chapter.73}% 2219
\BOOKMARK [1][-]{section.73.3}{\376\377\0007\0003\000.\0003\000.\000\040\000Z\000a\000r\000i\000s\000k\000i\000\040\142\323\142\121}{chapter.73}% 2220
\BOOKMARK [1][-]{section.73.4}{\376\377\0007\0003\000.\0004\000.\000\040\136\163\134\125\142\323\142\121}{chapter.73}% 2221
\BOOKMARK [1][-]{section.73.5}{\376\377\0007\0003\000.\0005\000.\000\040\121\111\156\321\142\323\142\121}{chapter.73}% 2222
\BOOKMARK [1][-]{section.73.6}{\376\377\0007\0003\000.\0006\000.\000\040\000S\000y\000n\000t\000o\000m\000i\000c\000\040\142\323\142\121}{chapter.73}% 2223
\BOOKMARK [1][-]{section.73.7}{\376\377\0007\0003\000.\0007\000.\000\040\000F\000p\000p\000f\000\040\142\323\142\121}{chapter.73}% 2224
\BOOKMARK [1][-]{section.73.8}{\376\377\0007\0003\000.\0008\000.\000\040\000p\000h\000\040\142\323\142\121}{chapter.73}% 2225
\BOOKMARK [1][-]{section.73.9}{\376\377\0007\0003\000.\0009\000.\000\040\000F\000p\000q\000c\000\040\142\323\142\121}{chapter.73}% 2226
\BOOKMARK [0][-]{chapter.74}{\376\377\000C\000h\000a\000p\000t\000e\000r\000\040\0007\0004\000.\000\040\116\013\226\115\116\016\116\343\145\160\172\172\225\364}{}% 2227
\BOOKMARK [1][-]{section.74.1}{\376\377\0007\0004\000.\0001\000.\000\040\137\025\212\000}{chapter.74}% 2228
\BOOKMARK [1][-]{section.74.2}{\376\377\0007\0004\000.\0002\000.\000\040\176\246\133\232}{chapter.74}% 2229
\BOOKMARK [1][-]{section.74.3}{\376\377\0007\0004\000.\0003\000.\000\040\142\337\121\335\200\132\134\102\166\204\116\013\226\115\215\104\145\231}{chapter.74}% 2230
\BOOKMARK [1][-]{section.74.4}{\376\377\0007\0004\000.\0004\000.\000\040\142\337\121\335\200\132\134\102\166\204\000\040\000F\000p\000q\000c\000\040\116\013\226\115}{chapter.74}% 2231
\BOOKMARK [1][-]{section.74.5}{\376\377\0007\0004\000.\0005\000.\000\040\142\337\121\335\200\132\152\041\116\016\116\377\134\004\133\371\214\141}{chapter.74}% 2232
\BOOKMARK [1][-]{section.74.6}{\376\377\0007\0004\000.\0006\000.\000\040\152\041\166\204\147\011\226\120\140\047\140\047\215\050\166\204\116\013\226\115}{chapter.74}% 2233
\BOOKMARK [1][-]{section.74.7}{\376\377\0007\0004\000.\0007\000.\000\040\000F\000p\000q\000c\000\040\211\206\166\326}{chapter.74}% 2234
\BOOKMARK [1][-]{section.74.8}{\376\377\0007\0004\000.\0008\000.\000\040\140\001\134\004\166\204\147\011\226\120\140\047\116\016\121\111\156\321\140\047\140\047\215\050\166\204\116\013\226\115}{chapter.74}% 2235
\BOOKMARK [1][-]{section.74.9}{\376\377\0007\0004\000.\0009\000.\000\040\172\172\225\364\140\047\215\050\166\204\116\013\226\115}{chapter.74}% 2236
\BOOKMARK [1][-]{section.74.10}{\376\377\0007\0004\000.\0001\0000\000.\000\040\140\001\134\004\140\047\215\050\166\204\116\013\226\115}{chapter.74}% 2237
\BOOKMARK [1][-]{section.74.11}{\376\377\0007\0004\000.\0001\0001\000.\000\040\000f\000p\000q\000c\000\040\142\323\142\121\116\055\140\001\134\004\140\047\215\050\166\204\116\013\226\115}{chapter.74}% 2238
\BOOKMARK [1][-]{section.74.12}{\376\377\0007\0004\000.\0001\0002\000.\000\040\000f\000p\000p\000f\000\040\142\323\142\121\116\055\140\001\134\004\140\047\215\050\166\204\116\013\226\115}{chapter.74}% 2239
\BOOKMARK [1][-]{section.74.13}{\376\377\0007\0004\000.\0001\0003\000.\000\040\140\001\134\004\140\047\215\050\116\013\226\115\166\204\136\224\165\050}{chapter.74}% 2240
\BOOKMARK [1][-]{section.74.14}{\376\377\0007\0004\000.\0001\0004\000.\000\040\127\050\156\220\116\012\134\100\220\350\166\204\140\001\134\004\140\047\215\050}{chapter.74}% 2241
\BOOKMARK [1][-]{section.74.15}{\376\377\0007\0004\000.\0001\0005\000.\000\040\127\050\156\220\116\012\133\371\000\040\000f\000p\000q\000c\000\040\142\323\142\121\134\100\220\350\166\204\140\001\134\004\140\047\215\050}{chapter.74}% 2242
\BOOKMARK [1][-]{section.74.16}{\376\377\0007\0004\000.\0001\0006\000.\000\040\127\050\156\220\116\012\133\371\000\040\000f\000p\000p\000f\000\040\142\323\142\121\134\100\220\350\166\204\140\001\134\004\140\047\215\050}{chapter.74}% 2243
\BOOKMARK [1][-]{section.74.17}{\376\377\0007\0004\000.\0001\0007\000.\000\040\127\050\156\220\116\012\133\371\000\040\000s\000y\000n\000t\000o\000m\000i\000c\000\040\142\323\142\121\134\100\220\350\166\204\140\001\134\004\140\047\215\050}{chapter.74}% 2244
\BOOKMARK [1][-]{section.74.18}{\376\377\0007\0004\000.\0001\0008\000.\000\040\127\050\156\220\116\012\133\371\121\111\156\321\142\323\142\121\134\100\220\350\166\204\140\001\134\004\140\047\215\050}{chapter.74}% 2245
\BOOKMARK [1][-]{section.74.19}{\376\377\0007\0004\000.\0001\0009\000.\000\040\127\050\156\220\116\012\133\371\136\163\134\125\142\323\142\121\134\100\220\350\166\204\140\001\134\004\140\047\215\050}{chapter.74}% 2246
\BOOKMARK [1][-]{section.74.20}{\376\377\0007\0004\000.\0002\0000\000.\000\040\127\050\156\220\116\016\227\166\116\012\121\111\156\321\134\100\220\350\166\204\140\001\134\004\140\047\215\050}{chapter.74}% 2247
\BOOKMARK [1][-]{section.74.21}{\376\377\0007\0004\000.\0002\0001\000.\000\040\127\050\156\220\116\016\227\166\116\012\136\163\134\125\000-\121\111\156\321\134\100\220\350\166\204\140\001\134\004\140\047\215\050}{chapter.74}% 2248
\BOOKMARK [1][-]{section.74.22}{\376\377\0007\0004\000.\0002\0002\000.\000\040\172\172\225\364\116\113\116\012\172\172\225\364\166\204\116\013\226\115\215\104\145\231}{chapter.74}% 2249
\BOOKMARK [1][-]{section.74.23}{\376\377\0007\0004\000.\0002\0003\000.\000\040\116\345\134\102\210\150\217\360\116\013\226\115\215\104\145\231}{chapter.74}% 2250
\BOOKMARK [0][-]{chapter.75}{\376\377\000C\000h\000a\000p\000t\000e\000r\000\040\0007\0005\000.\000\040\172\172\225\364\166\204\133\374\121\372\203\003\165\164}{}% 2251
\BOOKMARK [1][-]{section.75.1}{\376\377\0007\0005\000.\0001\000.\000\040\137\025\212\000}{chapter.75}% 2252
\BOOKMARK [1][-]{section.75.2}{\376\377\0007\0005\000.\0002\000.\000\040\176\246\133\232}{chapter.75}% 2253
\BOOKMARK [1][-]{section.75.3}{\376\377\0007\0005\000.\0003\000.\000\040\116\000\202\054\176\323\147\234}{chapter.75}% 2254
\BOOKMARK [1][-]{section.75.4}{\376\377\0007\0005\000.\0004\000.\000\040\134\017\136\163\134\125\117\115\160\271\116\012\142\337\121\335\200\132\152\041\166\204\133\374\121\372\203\003\165\164}{chapter.75}% 2255
\BOOKMARK [1][-]{section.75.5}{\376\377\0007\0005\000.\0005\000.\000\040\142\337\121\335\200\132\152\041\166\204\133\374\121\372\203\003\165\164}{chapter.75}% 2256
\BOOKMARK [1][-]{section.75.6}{\376\377\0007\0005\000.\0006\000.\000\040\140\073\153\143\120\317}{chapter.75}% 2257
\BOOKMARK [1][-]{section.75.7}{\376\377\0007\0005\000.\0007\000.\000\040\127\050\127\372\136\225\116\012\116\072\126\372\147\011}{chapter.75}% 2258
\BOOKMARK [1][-]{section.75.8}{\376\377\0007\0005\000.\0008\000.\000\040\121\335\200\132\152\041\166\204\133\374\121\372\203\003\165\164}{chapter.75}% 2259
\BOOKMARK [1][-]{section.75.9}{\376\377\0007\0005\000.\0009\000.\000\040\137\122\176\263\123\237\164\006}{chapter.75}% 2260
\BOOKMARK [1][-]{section.75.10}{\376\377\0007\0005\000.\0001\0000\000.\000\040\000M\000a\000y\000e\000r\040\023\000V\000i\000e\000t\000o\000r\000i\000s}{chapter.75}% 2261
\BOOKMARK [1][-]{section.75.11}{\376\377\0007\0005\000.\0001\0001\000.\000\040\121\335\200\132\123\026\121\375\133\120}{chapter.75}% 2262
\BOOKMARK [1][-]{section.75.12}{\376\377\0007\0005\000.\0001\0002\000.\000\040\213\372\162\171\172\172\225\364\116\012\166\204\121\335\200\132\123\026\121\375\133\120}{chapter.75}% 2263
\BOOKMARK [1][-]{section.75.13}{\376\377\0007\0005\000.\0001\0003\000.\000\040\142\337\121\335\200\132\131\015\137\142\116\016\133\214\177\216\131\015\137\142}{chapter.75}% 2264
\BOOKMARK [1][-]{section.75.14}{\376\377\0007\0005\000.\0001\0004\000.\000\040\165\050\133\214\177\216\131\015\137\142\117\134\220\074\217\321}{chapter.75}% 2265
\BOOKMARK [1][-]{section.75.15}{\376\377\0007\0005\000.\0001\0005\000.\000\040\165\037\142\020\133\374\121\372\203\003\165\164}{chapter.75}% 2266
\BOOKMARK [1][-]{section.75.16}{\376\377\0007\0005\000.\0001\0006\000.\000\040\175\047\133\371\214\141\116\016\133\214\177\216\133\371\214\141}{chapter.75}% 2267
\BOOKMARK [1][-]{section.75.17}{\376\377\0007\0005\000.\0001\0007\000.\000\040\117\134\116\072\152\041\203\003\165\164\166\204\133\374\121\372\203\003\165\164}{chapter.75}% 2268
\BOOKMARK [1][-]{section.75.18}{\376\377\0007\0005\000.\0001\0008\000.\000\040\122\073\165\073\142\337\121\335\200\132\131\015\137\142\377\014\000I}{chapter.75}% 2269
\BOOKMARK [1][-]{section.75.19}{\376\377\0007\0005\000.\0001\0009\000.\000\040\121\215\213\272\121\335\200\132\123\026\121\375\133\120}{chapter.75}% 2270
\BOOKMARK [1][-]{section.75.20}{\376\377\0007\0005\000.\0002\0000\000.\000\040\116\012\124\014\214\003\116\016\127\372\123\330\143\142\377\014\000I\000V}{chapter.75}% 2271
\BOOKMARK [1][-]{section.75.21}{\376\377\0007\0005\000.\0002\0001\000.\000\040\116\012\124\014\214\003\116\016\127\372\123\330\143\142\377\014\000V}{chapter.75}% 2272
\BOOKMARK [1][-]{section.75.22}{\376\377\0007\0005\000.\0002\0002\000.\000\040\147\204\220\040\133\214\177\216\131\015\137\142}{chapter.75}% 2273
\BOOKMARK [1][-]{section.75.23}{\376\377\0007\0005\000.\0002\0003\000.\000\040\000E\000x\000t\000\040\166\204\142\225\137\161\121\154\137\017}{chapter.75}% 2274
\BOOKMARK [1][-]{section.75.24}{\376\377\0007\0005\000.\0002\0004\000.\000\040\147\201\226\120\116\016\133\374\121\372\203\003\165\164}{chapter.75}% 2275
\BOOKMARK [1][-]{section.75.25}{\376\377\0007\0005\000.\0002\0005\000.\000\040\116\012\124\014\214\003\116\016\127\372\123\330\143\142\377\014\000V\000I}{chapter.75}% 2276
\BOOKMARK [1][-]{section.75.26}{\376\377\0007\0005\000.\0002\0006\000.\000\040\133\214\177\216\131\015\137\142}{chapter.75}% 2277
\BOOKMARK [1][-]{section.75.27}{\376\377\0007\0005\000.\0002\0007\000.\000\040\121\166\116\326\136\224\165\050}{chapter.75}% 2278
\BOOKMARK [1][-]{section.75.28}{\376\377\0007\0005\000.\0002\0008\000.\000\040\122\006\211\343\140\047\215\050}{chapter.75}% 2279
\BOOKMARK [1][-]{section.75.29}{\376\377\0007\0005\000.\0002\0009\000.\000\040\122\044\133\232\147\011\165\114\140\047}{chapter.75}% 2280
\BOOKMARK [1][-]{section.75.30}{\376\377\0007\0005\000.\0003\0000\000.\000\040\133\374\121\372\203\003\165\164\116\055\166\204\142\337\121\335\200\132\133\371\214\141}{chapter.75}% 2281
\BOOKMARK [0][-]{chapter.76}{\376\377\000C\000h\000a\000p\000t\000e\000r\000\040\0007\0006\000.\000\040\172\172\225\364\140\001\134\004\217\333\226\066}{}% 2282
\BOOKMARK [1][-]{section.76.1}{\376\377\0007\0006\000.\0001\000.\000\040\137\025\212\000}{chapter.76}% 2283
\BOOKMARK [1][-]{section.76.2}{\376\377\0007\0006\000.\0002\000.\000\040\176\246\133\232}{chapter.76}% 2284
\BOOKMARK [1][-]{section.76.3}{\376\377\0007\0006\000.\0003\000.\000\040\150\071\140\001\134\004}{chapter.76}% 2285
\BOOKMARK [1][-]{section.76.4}{\376\377\0007\0006\000.\0004\000.\000\040\123\125\140\001\134\004}{chapter.76}% 2286
\BOOKMARK [1][-]{section.76.5}{\376\377\0007\0006\000.\0005\000.\000\040\155\170\121\145\166\204\117\131\154\325\134\102}{chapter.76}% 2287
\BOOKMARK [1][-]{section.76.6}{\376\377\0007\0006\000.\0006\000.\000\040\155\170\121\145\166\204\154\325\225\045}{chapter.76}% 2288
\BOOKMARK [1][-]{section.76.7}{\376\377\0007\0006\000.\0007\000.\000\040\140\001\134\004\166\204\137\256\122\006\134\102}{chapter.76}% 2289
\BOOKMARK [1][-]{section.76.8}{\376\377\0007\0006\000.\0008\000.\000\040\136\163\134\125\117\115\160\271\166\204\142\323\142\121\116\015\123\330\140\047}{chapter.76}% 2290
\BOOKMARK [1][-]{section.76.9}{\376\377\0007\0006\000.\0009\000.\000\040\122\240\123\232}{chapter.76}% 2291
\BOOKMARK [1][-]{section.76.10}{\376\377\0007\0006\000.\0001\0000\000.\000\040\122\240\123\232\166\204\140\001\134\004}{chapter.76}% 2292
\BOOKMARK [1][-]{section.76.11}{\376\377\0007\0006\000.\0001\0001\000.\000\040\122\240\123\232\166\204\000\040\000P\000i\000c\000a\000r\000d\000\040\177\244}{chapter.76}% 2293
\BOOKMARK [1][-]{section.76.12}{\376\377\0007\0006\000.\0001\0002\000.\000\040\145\340\172\167\134\017\220\273\127\337}{chapter.76}% 2294
\BOOKMARK [1][-]{section.76.13}{\376\377\0007\0006\000.\0001\0003\000.\000\040\137\142\137\017\121\111\156\321\060\001\137\142\137\017\136\163\134\125\116\016\137\142\137\017\227\136\122\006\153\147\166\204\123\330\143\142}{chapter.76}% 2295
\BOOKMARK [1][-]{section.76.14}{\376\377\0007\0006\000.\0001\0004\000.\000\040\137\142\137\017\227\136\122\006\153\147\140\001\134\004}{chapter.76}% 2296
\BOOKMARK [1][-]{section.76.15}{\376\377\0007\0006\000.\0001\0005\000.\000\040\154\333\116\000\226\066\122\240\123\232}{chapter.76}% 2297
\BOOKMARK [1][-]{section.76.16}{\376\377\0007\0006\000.\0001\0006\000.\000\040\137\142\137\017\136\163\134\125\140\001\134\004}{chapter.76}% 2298
\BOOKMARK [1][-]{section.76.17}{\376\377\0007\0006\000.\0001\0007\000.\000\040\146\040\134\004\166\204\145\340\172\167\134\017\137\142\123\330}{chapter.76}% 2299
\BOOKMARK [1][-]{section.76.18}{\376\377\0007\0006\000.\0001\0008\000.\000\040\116\343\145\160\172\172\225\364\166\204\145\340\172\167\134\017\137\142\123\330}{chapter.76}% 2300
\BOOKMARK [1][-]{section.76.19}{\376\377\0007\0006\000.\0001\0009\000.\000\040\137\142\137\017\121\111\156\321\140\001\134\004}{chapter.76}% 2301
\BOOKMARK [1][-]{section.76.20}{\376\377\0007\0006\000.\0002\0000\000.\000\040\213\372\162\171\127\372\136\225\116\012\166\204\121\111\156\321\140\047}{chapter.76}% 2302
\BOOKMARK [1][-]{section.76.21}{\376\377\0007\0006\000.\0002\0001\000.\000\040\147\064\175\040\117\131\122\007\131\015\137\142}{chapter.76}% 2303
\BOOKMARK [1][-]{section.76.22}{\376\377\0007\0006\000.\0002\0002\000.\000\040\136\163\127\146\217\150\217\371\166\204\137\000\140\047}{chapter.76}% 2304
\BOOKMARK [1][-]{section.76.23}{\376\377\0007\0006\000.\0002\0003\000.\000\040\136\163\127\146\140\047\166\204\176\244\176\364\122\044\143\156}{chapter.76}% 2305
\BOOKMARK [1][-]{section.76.24}{\376\377\0007\0006\000.\0002\0004\000.\000\040\213\372\162\171\127\372\136\225\116\012\166\204\136\163\127\146\140\047}{chapter.76}% 2306
\BOOKMARK [1][-]{section.76.25}{\376\377\0007\0006\000.\0002\0005\000.\000\040\121\215\213\272\153\143\211\304\123\026}{chapter.76}% 2307
\BOOKMARK [1][-]{section.76.26}{\376\377\0007\0006\000.\0002\0006\000.\000\040\000C\000o\000h\000e\000n\040\023\000M\000a\000c\000a\000u\000l\000a\000y\000\040\140\001\134\004}{chapter.76}% 2308
\BOOKMARK [1][-]{section.76.27}{\376\377\0007\0006\000.\0002\0007\000.\000\040\000G\000o\000r\000e\000n\000s\000t\000e\000i\000n\000\040\140\001\134\004}{chapter.76}% 2309
\BOOKMARK [1][-]{section.76.28}{\376\377\0007\0006\000.\0002\0008\000.\000\040\000C\000o\000h\000e\000n\040\023\000M\000a\000c\000a\000u\000l\000a\000y\000\040\140\001\134\004\166\204\122\007\162\107}{chapter.76}% 2310
\BOOKMARK [1][-]{section.76.29}{\376\377\0007\0006\000.\0002\0009\000.\000\040\176\246\123\026\176\244\176\364}{chapter.76}% 2311
\BOOKMARK [1][-]{section.76.30}{\376\377\0007\0006\000.\0003\0000\000.\000\040\176\244\176\364\166\204\217\336\220\032\122\006\145\057}{chapter.76}% 2312
\BOOKMARK [1][-]{section.76.31}{\376\377\0007\0006\000.\0003\0001\000.\000\040\176\244\176\364\166\204\176\364\145\160}{chapter.76}% 2313
\BOOKMARK [1][-]{section.76.32}{\376\377\0007\0006\000.\0003\0002\000.\000\040\000c\000a\000t\000e\000n\000a\000r\000y\000\040\116\343\145\160\172\172\225\364}{chapter.76}% 2314
\BOOKMARK [1][-]{section.76.33}{\376\377\0007\0006\000.\0003\0003\000.\000\040\140\001\134\004\166\204\136\163\134\125\134\100\220\350\123\026}{chapter.76}% 2315
\BOOKMARK [1][-]{section.76.34}{\376\377\0007\0006\000.\0003\0004\000.\000\040\000Z\000a\000r\000i\000s\000k\000i\000\040\116\073\133\232\164\006}{chapter.76}% 2316
\BOOKMARK [1][-]{section.76.35}{\376\377\0007\0006\000.\0003\0005\000.\000\040\000Z\000a\000r\000i\000s\000k\000i\000\040\116\073\133\232\164\006\166\204\136\224\165\050\000\040\000I}{chapter.76}% 2317
\BOOKMARK [1][-]{section.76.36}{\376\377\0007\0006\000.\0003\0006\000.\000\040\000S\000t\000e\000i\000n\000\040\122\006\211\343}{chapter.76}% 2318
\BOOKMARK [1][-]{section.76.37}{\376\377\0007\0006\000.\0003\0007\000.\000\040\116\316\137\000\133\120\172\172\225\364\136\366\142\323\140\047\215\050}{chapter.76}% 2319
\BOOKMARK [1][-]{section.76.38}{\376\377\0007\0006\000.\0003\0008\000.\000\040\162\006\170\064\116\016\136\163\127\146\140\047}{chapter.76}% 2320
\BOOKMARK [1][-]{section.76.39}{\376\377\0007\0006\000.\0003\0009\000.\000\040\136\224\165\050}{chapter.76}% 2321
\BOOKMARK [1][-]{section.76.40}{\376\377\0007\0006\000.\0004\0000\000.\000\040\000C\000h\000o\000w\000\040\137\025\164\006}{chapter.76}% 2322
\BOOKMARK [1][-]{section.76.41}{\376\377\0007\0006\000.\0004\0001\000.\000\040\000C\000h\000o\000w\000\040\137\025\164\006\166\204\123\330\117\123}{chapter.76}% 2323
\BOOKMARK [1][-]{section.76.42}{\376\377\0007\0006\000.\0004\0002\000.\000\040\000G\000r\000o\000t\000h\000e\000n\000d\000i\000e\000c\000k\000\040\133\130\127\050\133\232\164\006}{chapter.76}% 2324
\BOOKMARK [1][-]{section.76.43}{\376\377\0007\0006\000.\0004\0003\000.\000\040\000G\000r\000o\000t\000h\000e\000n\000d\000i\000e\000c\000k\000\040\116\343\145\160\123\026\133\232\164\006}{chapter.76}% 2325
\BOOKMARK [1][-]{section.76.44}{\376\377\0007\0006\000.\0004\0004\000.\000\040\153\143\122\031\155\170\121\145}{chapter.76}% 2326
\BOOKMARK [1][-]{section.76.45}{\376\377\0007\0006\000.\0004\0005\000.\000\040\166\370\133\371\142\337\121\335\200\132\140\047}{chapter.76}% 2327
\BOOKMARK [1][-]{section.76.46}{\376\377\0007\0006\000.\0004\0006\000.\000\040\142\337\121\335\200\132\140\001\134\004}{chapter.76}% 2328
\BOOKMARK [1][-]{section.76.47}{\376\377\0007\0006\000.\0004\0007\000.\000\040\133\214\177\216\140\001\134\004}{chapter.76}% 2329
\BOOKMARK [1][-]{section.76.48}{\376\377\0007\0006\000.\0004\0008\000.\000\040\134\100\220\350\133\214\121\150\116\244\140\001\134\004}{chapter.76}% 2330
\BOOKMARK [1][-]{section.76.49}{\376\377\0007\0006\000.\0004\0009\000.\000\040\116\000\116\052\140\001\134\004\117\125\145\366\146\057\124\014\147\204\377\037}{chapter.76}% 2331
\BOOKMARK [1][-]{section.76.50}{\376\377\0007\0006\000.\0005\0000\000.\000\040\137\256\122\006\134\102\116\016\117\131\154\325\134\102\166\204\153\143\124\010\122\027}{chapter.76}% 2332
\BOOKMARK [1][-]{section.76.51}{\376\377\0007\0006\000.\0005\0001\000.\000\040\142\337\121\335\200\132\131\015\137\142\166\204\122\073\165\073\377\014\000I\000I}{chapter.76}% 2333
\BOOKMARK [1][-]{section.76.52}{\376\377\0007\0006\000.\0005\0002\000.\000\040\166\370\133\371\133\214\177\216\133\371\214\141}{chapter.76}% 2334
\BOOKMARK [1][-]{section.76.53}{\376\377\0007\0006\000.\0005\0003\000.\000\040\172\313\145\271\133\232\164\006}{chapter.76}% 2335
\BOOKMARK [1][-]{section.76.54}{\376\377\0007\0006\000.\0005\0004\000.\000\040\131\015\137\142\147\011\226\120\140\047\140\047\215\050\166\204\116\013\226\115}{chapter.76}% 2336
\BOOKMARK [1][-]{section.76.55}{\376\377\0007\0006\000.\0005\0005\000.\000\040\176\323\160\271\146\362\176\277\166\204\203\003\145\317}{chapter.76}% 2337
\BOOKMARK [1][-]{section.76.56}{\376\377\0007\0006\000.\0005\0006\000.\000\040\122\006\211\343\140\047\215\050}{chapter.76}% 2338
\BOOKMARK [1][-]{section.76.57}{\376\377\0007\0006\000.\0005\0007\000.\000\040\162\006\170\064\116\016\122\006\211\343\140\047\215\050}{chapter.76}% 2339
\BOOKMARK [0][-]{chapter.77}{\376\377\000C\000h\000a\000p\000t\000e\000r\000\040\0007\0007\000.\000\040\116\343\145\160\172\172\225\364\116\012\166\204\136\163\127\146\140\047}{}% 2340
\BOOKMARK [1][-]{section.77.1}{\376\377\0007\0007\000.\0001\000.\000\040\137\025\212\000}{chapter.77}% 2341
\BOOKMARK [1][-]{section.77.2}{\376\377\0007\0007\000.\0002\000.\000\040\116\015\176\257\140\047}{chapter.77}% 2342
\BOOKMARK [1][-]{section.77.3}{\376\377\0007\0007\000.\0003\000.\000\040\166\370\133\371\176\257\152\041}{chapter.77}% 2343
\BOOKMARK [1][-]{section.77.4}{\376\377\0007\0007\000.\0004\000.\000\040\147\011\226\120\127\213\136\163\127\146\152\041}{chapter.77}% 2344
\BOOKMARK [1][-]{section.77.5}{\376\377\0007\0007\000.\0005\000.\000\040\136\163\127\146\147\011\226\120\210\150\171\072\152\041}{chapter.77}% 2345
\BOOKMARK [1][-]{section.77.6}{\376\377\0007\0007\000.\0006\000.\000\040\176\257\140\047\122\044\143\156}{chapter.77}% 2346
\BOOKMARK [1][-]{section.77.7}{\376\377\0007\0007\000.\0007\000.\000\040\136\163\127\146\123\026\121\375\133\120}{chapter.77}% 2347
\BOOKMARK [1][-]{section.77.8}{\376\377\0007\0007\000.\0008\000.\000\040\117\177\146\040\134\004\116\072\226\366}{chapter.77}% 2348
\BOOKMARK [1][-]{section.77.9}{\376\377\0007\0007\000.\0009\000.\000\040\146\040\134\004\166\204\136\163\127\146\123\026}{chapter.77}% 2349
\BOOKMARK [1][-]{section.77.10}{\376\377\0007\0007\000.\0001\0000\000.\000\040\134\100\220\350\140\305\137\142\116\013\166\204\136\163\127\146\123\026}{chapter.77}% 2350
\BOOKMARK [1][-]{section.77.11}{\376\377\0007\0007\000.\0001\0001\000.\000\040\146\156\220\115\136\163\127\146\123\026}{chapter.77}% 2351
\BOOKMARK [1][-]{section.77.12}{\376\377\0007\0007\000.\0001\0002\000.\000\040\000G\000r\000o\000t\000h\000e\000n\000d\000i\000e\000c\000k\000\040\133\130\127\050\133\232\164\006}{chapter.77}% 2352
\BOOKMARK [1][-]{section.77.13}{\376\377\0007\0007\000.\0001\0003\000.\000\040\000G\000r\000o\000t\000h\000e\000n\000d\000i\000e\000c\000k\000\040\133\130\127\050\133\232\164\006\377\014\121\215\213\272}{chapter.77}% 2353
\BOOKMARK [0][-]{chapter.78}{\376\377\000C\000h\000a\000p\000t\000e\000r\000\040\0007\0008\000.\000\040\116\343\145\160\172\172\225\364\116\055\166\204\177\244\200\332}{}% 2354
\BOOKMARK [1][-]{section.78.1}{\376\377\0007\0008\000.\0001\000.\000\040\137\025\212\000}{chapter.78}% 2355
\BOOKMARK [1][-]{section.78.2}{\376\377\0007\0008\000.\0002\000.\000\040\176\246\133\232}{chapter.78}% 2356
\BOOKMARK [1][-]{section.78.3}{\376\377\0007\0008\000.\0003\000.\000\040\213\260\123\367}{chapter.78}% 2357
\BOOKMARK [1][-]{section.78.4}{\376\377\0007\0008\000.\0004\000.\000\040\173\111\116\367\121\163\174\373}{chapter.78}% 2358
\BOOKMARK [1][-]{section.78.5}{\376\377\0007\0008\000.\0005\000.\000\040\177\244\116\343\145\160\172\172\225\364}{chapter.78}% 2359
\BOOKMARK [1][-]{section.78.6}{\376\377\0007\0008\000.\0006\000.\000\040\177\244\116\343\145\160\172\172\225\364\166\204\140\047\215\050}{chapter.78}% 2360
\BOOKMARK [1][-]{section.78.7}{\376\377\0007\0008\000.\0007\000.\000\040\177\244\116\343\145\160\172\172\225\364\166\204\117\213}{chapter.78}% 2361
\BOOKMARK [1][-]{section.78.8}{\376\377\0007\0008\000.\0008\000.\000\040\177\244\116\343\145\160\172\172\225\364\166\204\117\134\165\050}{chapter.78}% 2362
\BOOKMARK [1][-]{section.78.9}{\376\377\0007\0008\000.\0009\000.\000\040\116\073\237\120\140\047\172\172\225\364}{chapter.78}% 2363
\BOOKMARK [1][-]{section.78.10}{\376\377\0007\0008\000.\0001\0000\000.\000\040\173\111\123\330\142\337\121\335\200\132\134\102}{chapter.78}% 2364
\BOOKMARK [1][-]{section.78.11}{\376\377\0007\0008\000.\0001\0001\000.\000\040\116\343\145\160\172\172\225\364\116\055\166\204\177\244\200\332}{chapter.78}% 2365
\BOOKMARK [1][-]{section.78.12}{\376\377\0007\0008\000.\0001\0002\000.\000\040\177\244\200\332\116\012\166\204\142\337\121\335\200\132\134\102}{chapter.78}% 2366
\BOOKMARK [1][-]{section.78.13}{\376\377\0007\0008\000.\0001\0003\000.\000\040\142\337\121\335\200\132\152\041\166\204\117\131\147\201\226\120}{chapter.78}% 2367
\BOOKMARK [1][-]{section.78.14}{\376\377\0007\0008\000.\0001\0004\000.\000\040\142\337\121\335\200\132\134\102\116\055\166\204\146\166\117\123}{chapter.78}% 2368
\BOOKMARK [1][-]{section.78.15}{\376\377\0007\0008\000.\0001\0005\000.\000\040\177\244\200\332\116\016\177\244\172\172\225\364}{chapter.78}% 2369
\BOOKMARK [1][-]{section.78.16}{\376\377\0007\0008\000.\0001\0006\000.\000\040\172\063\133\232\133\120\177\244\116\343\145\160\172\172\225\364}{chapter.78}% 2370
\BOOKMARK [1][-]{section.78.17}{\376\377\0007\0008\000.\0001\0007\000.\000\040\226\120\122\066\177\244\200\332}{chapter.78}% 2371
\BOOKMARK [1][-]{section.78.18}{\376\377\0007\0008\000.\0001\0008\000.\000\040\116\015\123\330\133\120\172\172\225\364}{chapter.78}% 2372
\BOOKMARK [1][-]{section.78.19}{\376\377\0007\0008\000.\0001\0009\000.\000\040\125\106\134\102}{chapter.78}% 2373
\BOOKMARK [1][-]{section.78.20}{\376\377\0007\0008\000.\0002\0000\000.\000\040\125\106\123\340}{chapter.78}% 2374
\BOOKMARK [1][-]{section.78.21}{\376\377\0007\0008\000.\0002\0001\000.\000\040\125\106\123\340\166\204\121\375\133\120\140\047}{chapter.78}% 2375
\BOOKMARK [1][-]{section.78.22}{\376\377\0007\0008\000.\0002\0002\000.\000\040\125\106\123\340\166\204\000\040\0002\000-\173\033\123\141\121\077\145\271\127\127}{chapter.78}% 2376
\BOOKMARK [1][-]{section.78.23}{\376\377\0007\0008\000.\0002\0003\000.\000\040\125\106\123\340\166\204\000\040\0002\000-\117\131\173\111\123\026\133\120\140\047\215\050}{chapter.78}% 2377
\BOOKMARK [1][-]{section.78.24}{\376\377\0007\0008\000.\0002\0004\000.\000\040\125\106\123\340\166\204\146\076\137\017\143\317\217\360}{chapter.78}% 2378
\BOOKMARK [1][-]{section.78.25}{\376\377\0007\0008\000.\0002\0005\000.\000\040\226\120\122\066\116\016\125\106\123\340}{chapter.78}% 2379
\BOOKMARK [1][-]{section.78.26}{\376\377\0007\0008\000.\0002\0006\000.\000\040\140\357\140\047\116\016\125\106\123\340}{chapter.78}% 2380
\BOOKMARK [1][-]{section.78.27}{\376\377\0007\0008\000.\0002\0007\000.\000\040\000G\000e\000r\000b\000e\000\040\116\016\125\106\123\340}{chapter.78}% 2381
\BOOKMARK [1][-]{section.78.28}{\376\377\0007\0008\000.\0002\0008\000.\000\040\125\106\123\340\116\016\131\047\117\115\160\271\166\204\123\330\143\142}{chapter.78}% 2382
\BOOKMARK [1][-]{section.78.29}{\376\377\0007\0008\000.\0002\0009\000.\000\040\122\006\171\273\140\047\147\141\116\366}{chapter.78}% 2383
\BOOKMARK [0][-]{chapter.80}{\376\377\000C\000h\000a\000p\000t\000e\000r\000\040\0008\0000\000.\000\040\201\352\116\076}{}% 2384
\BOOKMARK [1][-]{section.80.1}{\376\377\0008\0000\000.\0001\000.\000\040\137\025\212\000}{chapter.80}% 2385
\BOOKMARK [1][-]{section.80.2}{\376\377\0008\0000\000.\0002\000.\000\040\176\246\133\232}{chapter.80}% 2386
\BOOKMARK [1][-]{section.80.3}{\376\377\0008\0000\000.\0003\000.\000\040\123\357\165\061\116\343\145\160\172\172\225\364\210\150\171\072\166\204\140\001\134\004}{chapter.80}% 2387
\BOOKMARK [1][-]{section.80.4}{\376\377\0008\0000\000.\0004\000.\000\040\123\357\165\061\116\343\145\160\172\172\225\364\210\150\171\072\166\204\230\204\134\102\140\001\134\004\166\204\140\047\215\050}{chapter.80}% 2388
\BOOKMARK [1][-]{section.80.5}{\376\377\0008\0000\000.\0005\000.\000\040\133\371\211\322\140\001\134\004\166\204\201\352\116\076}{chapter.80}% 2389
\BOOKMARK [1][-]{section.80.6}{\376\377\0008\0000\000.\0006\000.\000\040\201\352\116\076}{chapter.80}% 2390
\BOOKMARK [1][-]{section.80.7}{\376\377\0008\0000\000.\0007\000.\000\040\133\373\142\176\137\000\133\120\172\172\225\364}{chapter.80}% 2391
\BOOKMARK [1][-]{section.80.8}{\376\377\0008\0000\000.\0008\000.\000\040\173\111\116\367\121\163\174\373\166\204\122\007\162\107}{chapter.80}% 2392
\BOOKMARK [1][-]{section.80.9}{\376\377\0008\0000\000.\0009\000.\000\040\133\371\133\120\177\244\200\332\123\326\125\106}{chapter.80}% 2393
\BOOKMARK [1][-]{section.80.10}{\376\377\0008\0000\000.\0001\0000\000.\000\040\147\000\176\310\201\352\116\076}{chapter.80}% 2394
\BOOKMARK [1][-]{section.80.11}{\376\377\0008\0000\000.\0001\0001\000.\000\040\136\224\165\050}{chapter.80}% 2395
\BOOKMARK [1][-]{section.80.12}{\376\377\0008\0000\000.\0001\0002\000.\000\040\136\163\134\125\142\323\142\121\116\055\166\204\116\343\145\160\172\172\225\364}{chapter.80}% 2396
\BOOKMARK [0][-]{chapter.81}{\376\377\000C\000h\000a\000p\000t\000e\000r\000\040\0008\0001\000.\000\040\116\343\145\160\172\172\225\364\166\204\143\250\121\372}{}% 2397
\BOOKMARK [1][-]{section.81.1}{\376\377\0008\0001\000.\0001\000.\000\040\137\025\212\000}{chapter.81}% 2398
\BOOKMARK [1][-]{section.81.2}{\376\377\0008\0001\000.\0002\000.\000\040\176\246\133\232}{chapter.81}% 2399
\BOOKMARK [1][-]{section.81.3}{\376\377\0008\0001\000.\0003\000.\000\040\116\343\145\160\172\172\225\364\166\204\117\131\147\201\226\120}{chapter.81}% 2400
\BOOKMARK [1][-]{section.81.4}{\376\377\0008\0001\000.\0004\000.\000\040\136\163\134\125\134\102\166\204\116\013\226\115}{chapter.81}% 2401
\BOOKMARK [1][-]{section.81.5}{\376\377\0008\0001\000.\0005\000.\000\040\116\343\145\160\172\172\225\364\136\163\134\125\140\001\134\004\166\204\116\013\226\115}{chapter.81}% 2402
\BOOKMARK [1][-]{section.81.6}{\376\377\0008\0001\000.\0006\000.\000\040\154\277\122\240\123\232\116\016\116\377\134\004\140\001\134\004\166\204\143\250\121\372}{chapter.81}% 2403
\BOOKMARK [1][-]{section.81.7}{\376\377\0008\0001\000.\0007\000.\000\040\154\277\225\355\155\170\121\145\116\016\145\164\140\001\134\004\166\204\143\250\121\372}{chapter.81}% 2404
\BOOKMARK [1][-]{section.81.8}{\376\377\0008\0001\000.\0008\000.\000\040\143\250\121\372\116\016\133\374\121\372\203\003\165\164}{chapter.81}% 2405
\BOOKMARK [1][-]{section.81.9}{\376\377\0008\0001\000.\0009\000.\000\040\147\204\220\040\122\035\173\111\162\171\137\002\145\271\137\142}{chapter.81}% 2406
\BOOKMARK [1][-]{section.81.10}{\376\377\0008\0001\000.\0001\0000\000.\000\040\142\337\121\335\200\132\152\041\166\204\137\142\137\017\174\230\124\010}{chapter.81}% 2407
\BOOKMARK [1][-]{section.81.11}{\376\377\0008\0001\000.\0001\0001\000.\000\040\116\343\145\160\172\172\225\364\166\204\137\142\137\017\174\230\124\010}{chapter.81}% 2408
\BOOKMARK [1][-]{section.81.12}{\376\377\0008\0001\000.\0001\0002\000.\000\040\174\230\124\010\116\016\000\040\000B\000e\000a\000u\000v\000i\000l\000l\000e\040\023\000L\000a\000s\000z\000l\000o\000\040\133\232\164\006}{chapter.81}% 2409
\BOOKMARK [1][-]{section.81.13}{\376\377\0008\0001\000.\0001\0003\000.\000\040\117\131\173\111\123\026\133\120\116\016\174\230\124\010}{chapter.81}% 2410
\BOOKMARK [1][-]{section.81.14}{\376\377\0008\0001\000.\0001\0004\000.\000\040\175\047\123\026}{chapter.81}% 2411
\BOOKMARK [0][-]{chapter.82}{\376\377\000C\000h\000a\000p\000t\000e\000r\000\040\0008\0002\000.\000\040\116\343\145\160\172\172\225\364\166\204\124\150\177\244}{}% 2412
\BOOKMARK [1][-]{section.82.1}{\376\377\0008\0002\000.\0001\000.\000\040\137\025\212\000}{chapter.82}% 2413
\BOOKMARK [1][-]{section.82.2}{\376\377\0008\0002\000.\0002\000.\000\040\213\276\133\232}{chapter.82}% 2414
\BOOKMARK [1][-]{section.82.3}{\376\377\0008\0002\000.\0003\000.\000\040\116\343\145\160\225\355\224\376}{chapter.82}% 2415
\BOOKMARK [1][-]{section.82.4}{\376\377\0008\0002\000.\0004\000.\000\040\221\315\145\160}{chapter.82}% 2416
\BOOKMARK [1][-]{section.82.5}{\376\377\0008\0002\000.\0005\000.\000\040\225\355\133\120\172\172\225\364\166\204\117\064\226\217\225\355\224\376}{chapter.82}% 2417
\BOOKMARK [1][-]{section.82.6}{\376\377\0008\0002\000.\0006\000.\000\040\121\335\200\132\134\102\166\204\117\064\226\217\225\355\224\376}{chapter.82}% 2418
\BOOKMARK [1][-]{section.82.7}{\376\377\0008\0002\000.\0007\000.\000\040\126\372\147\011\143\250\121\372\166\204\121\306\131\007}{chapter.82}% 2419
\BOOKMARK [1][-]{section.82.8}{\376\377\0008\0002\000.\0008\000.\000\040\126\372\147\011\143\250\121\372}{chapter.82}% 2420
\BOOKMARK [1][-]{section.82.9}{\376\377\0008\0002\000.\0009\000.\000\040\136\163\127\146\142\311\126\336\166\204\121\306\131\007}{chapter.82}% 2421
\BOOKMARK [1][-]{section.82.10}{\376\377\0008\0002\000.\0001\0000\000.\000\040\136\163\127\146\142\311\126\336}{chapter.82}% 2422
\BOOKMARK [1][-]{section.82.11}{\376\377\0008\0002\000.\0001\0001\000.\000\040\143\250\121\372\116\016\142\311\126\336}{chapter.82}% 2423
\BOOKMARK [1][-]{section.82.12}{\376\377\0008\0002\000.\0001\0002\000.\000\040\116\073\126\340\133\120\166\204\121\306\131\007}{chapter.82}% 2424
\BOOKMARK [1][-]{section.82.13}{\376\377\0008\0002\000.\0001\0003\000.\000\040\116\073\126\340\133\120}{chapter.82}% 2425
\BOOKMARK [1][-]{section.82.14}{\376\377\0008\0002\000.\0001\0004\000.\000\040\116\073\126\340\133\120\116\016\143\250\121\372}{chapter.82}% 2426
\BOOKMARK [1][-]{section.82.15}{\376\377\0008\0002\000.\0001\0005\000.\000\040\147\011\164\006\173\111\116\367}{chapter.82}% 2427
\BOOKMARK [1][-]{section.82.16}{\376\377\0008\0002\000.\0001\0006\000.\000\040\147\011\164\006\173\111\116\367\116\016\143\250\121\372\060\001\142\311\126\336}{chapter.82}% 2428
\BOOKMARK [1][-]{section.82.17}{\376\377\0008\0002\000.\0001\0007\000.\000\040\116\016\123\357\220\006\134\102\166\370\117\064\166\204\126\340\133\120}{chapter.82}% 2429
\BOOKMARK [1][-]{section.82.18}{\376\377\0008\0002\000.\0001\0008\000.\000\040\116\016\123\357\220\006\134\102\166\370\116\244}{chapter.82}% 2430
\BOOKMARK [1][-]{section.82.19}{\376\377\0008\0002\000.\0001\0009\000.\000\040\116\016\123\357\220\006\134\102\166\370\116\244\123\312\143\250\121\372\060\001\142\311\126\336}{chapter.82}% 2431
\BOOKMARK [1][-]{section.82.20}{\376\377\0008\0002\000.\0002\0000\000.\000\040\121\163\225\056\121\154\137\017}{chapter.82}% 2432
\BOOKMARK [1][-]{section.82.21}{\376\377\0008\0002\000.\0002\0001\000.\000\040\116\016\123\357\220\006\134\102\166\370\116\244\123\312\147\011\164\006\173\111\116\367}{chapter.82}% 2433
\BOOKMARK [1][-]{section.82.22}{\376\377\0008\0002\000.\0002\0002\000.\000\040\116\016\147\011\145\110\000\040\000C\000a\000r\000t\000i\000e\000r\000\040\126\340\133\120\166\370\116\244}{chapter.82}% 2434
\BOOKMARK [1][-]{section.82.23}{\376\377\0008\0002\000.\0002\0003\000.\000\040\000G\000y\000s\000i\000n\000\040\124\014\140\001}{chapter.82}% 2435
\BOOKMARK [1][-]{section.82.24}{\376\377\0008\0002\000.\0002\0004\000.\000\040\166\370\133\371\147\011\145\110\000\040\000C\000a\000r\000t\000i\000e\000r\000\040\126\340\133\120}{chapter.82}% 2436
\BOOKMARK [1][-]{section.82.25}{\376\377\0008\0002\000.\0002\0005\000.\000\040\116\377\134\004\116\033}{chapter.82}% 2437
\BOOKMARK [1][-]{section.82.26}{\376\377\0008\0002\000.\0002\0006\000.\000\040\123\314\123\330\166\370\116\244\164\006\213\272}{chapter.82}% 2438
\BOOKMARK [1][-]{section.82.27}{\376\377\0008\0002\000.\0002\0007\000.\000\040\134\004\137\161\172\172\225\364\116\033\121\154\137\017}{chapter.82}% 2439
\BOOKMARK [1][-]{section.82.28}{\376\377\0008\0002\000.\0002\0008\000.\000\040\124\021\221\317\116\033\166\204\226\110\174\173}{chapter.82}% 2440
\BOOKMARK [1][-]{section.82.29}{\376\377\0008\0002\000.\0002\0009\000.\000\040\226\110\174\173\116\113\225\364\166\204\131\032\230\171\137\017\121\163\174\373}{chapter.82}% 2441
\BOOKMARK [1][-]{section.82.30}{\376\377\0008\0002\000.\0003\0000\000.\000\040\226\110\174\173\166\204\123\357\122\240\140\047}{chapter.82}% 2442
\BOOKMARK [1][-]{section.82.31}{\376\377\0008\0002\000.\0003\0001\000.\000\040\122\006\210\302\123\237\164\006}{chapter.82}% 2443
\BOOKMARK [1][-]{section.82.32}{\376\377\0008\0002\000.\0003\0002\000.\000\040\226\366\176\364\225\355\224\376\166\204\153\041\145\160}{chapter.82}% 2444
\BOOKMARK [0][-]{chapter.83}{\376\377\000C\000h\000a\000p\000t\000e\000r\000\040\0008\0003\000.\000\040\177\244\200\332\166\204\125\106}{}% 2445
\BOOKMARK [1][-]{section.83.1}{\376\377\0008\0003\000.\0001\000.\000\040\137\025\212\000}{chapter.83}% 2446
\BOOKMARK [1][-]{section.83.2}{\376\377\0008\0003\000.\0002\000.\000\040\176\246\133\232\116\016\213\260\123\367}{chapter.83}% 2447
\BOOKMARK [1][-]{section.83.3}{\376\377\0008\0003\000.\0003\000.\000\040\116\015\123\330\140\001\134\004}{chapter.83}% 2448
\BOOKMARK [1][-]{section.83.4}{\376\377\0008\0003\000.\0004\000.\000\040\203\003\165\164\125\106}{chapter.83}% 2449
\BOOKMARK [1][-]{section.83.5}{\376\377\0008\0003\000.\0005\000.\000\040\117\134\116\072\217\150\220\123\172\172\225\364\166\204\125\106}{chapter.83}% 2450
\BOOKMARK [1][-]{section.83.6}{\376\377\0008\0003\000.\0006\000.\000\040\174\227\125\106}{chapter.83}% 2451
\BOOKMARK [1][-]{section.83.7}{\376\377\0008\0003\000.\0007\000.\000\040\142\323\142\121\140\047\215\050}{chapter.83}% 2452
\BOOKMARK [1][-]{section.83.8}{\376\377\0008\0003\000.\0008\000.\000\040\116\015\123\330\121\375\145\160}{chapter.83}% 2453
\BOOKMARK [1][-]{section.83.9}{\376\377\0008\0003\000.\0009\000.\000\040\202\157\125\106}{chapter.83}% 2454
\BOOKMARK [1][-]{section.83.10}{\376\377\0008\0003\000.\0001\0000\000.\000\040\121\340\117\125\125\106}{chapter.83}% 2455
\BOOKMARK [0][-]{chapter.84}{\376\377\000C\000h\000a\000p\000t\000e\000r\000\040\0008\0004\000.\000\040\172\172\225\364\116\012\124\014\214\003\176\355\213\272}{}% 2456
\BOOKMARK [1][-]{section.84.1}{\376\377\0008\0004\000.\0001\000.\000\040\137\025\212\000}{chapter.84}% 2457
\BOOKMARK [1][-]{section.84.2}{\376\377\0008\0004\000.\0002\000.\000\040\176\246\133\232}{chapter.84}% 2458
\BOOKMARK [1][-]{section.84.3}{\376\377\0008\0004\000.\0003\000.\000\040\116\316\151\202\137\142\217\301\171\373\176\323\147\234}{chapter.84}% 2459
\BOOKMARK [1][-]{section.84.4}{\376\377\0008\0004\000.\0004\000.\000\040\167\037\127\372\123\330\143\142}{chapter.84}% 2460
\BOOKMARK [1][-]{section.84.5}{\376\377\0008\0004\000.\0005\000.\000\040\153\324\217\203\131\047\142\323\142\121\145\257\116\016\134\017\142\323\142\121\145\257}{chapter.84}% 2461
\BOOKMARK [1][-]{section.84.6}{\376\377\0008\0004\000.\0006\000.\000\040\153\324\217\203\000\040\000f\000p\000p\000f\000\040\142\323\142\121\116\016\136\163\134\125\142\323\142\121}{chapter.84}% 2462
\BOOKMARK [1][-]{section.84.7}{\376\377\0008\0004\000.\0007\000.\000\040\153\324\217\203\000\040\000f\000p\000p\000f\000\040\142\323\142\121\116\016\136\163\134\125\142\323\142\121\377\032\152\041}{chapter.84}% 2463
\BOOKMARK [1][-]{section.84.8}{\376\377\0008\0004\000.\0008\000.\000\040\153\324\217\203\000\040\000p\000h\000\040\142\323\142\121\116\016\136\163\134\125\142\323\142\121}{chapter.84}% 2464
\BOOKMARK [0][-]{chapter.85}{\376\377\000C\000h\000a\000p\000t\000e\000r\000\040\0008\0005\000.\000\040\123\125\176\257\172\172\225\364}{}% 2465
\BOOKMARK [1][-]{section.85.1}{\376\377\0008\0005\000.\0001\000.\000\040\137\025\212\000}{chapter.85}% 2466
\BOOKMARK [1][-]{section.85.2}{\376\377\0008\0005\000.\0002\000.\000\040\123\125\176\257\142\323\142\121\172\172\225\364}{chapter.85}% 2467
\BOOKMARK [1][-]{section.85.3}{\376\377\0008\0005\000.\0003\000.\000\040\123\125\176\257\172\331\160\271\116\016\142\323\142\121\145\257}{chapter.85}% 2468
\BOOKMARK [1][-]{section.85.4}{\376\377\0008\0005\000.\0004\000.\000\040\123\125\176\257\172\331\160\271\166\204\130\236\136\177}{chapter.85}% 2469
\BOOKMARK [1][-]{section.85.5}{\376\377\0008\0005\000.\0005\000.\000\040\123\125\176\257\172\331\160\271\166\204\140\001\134\004}{chapter.85}% 2470
\BOOKMARK [1][-]{section.85.6}{\376\377\0008\0005\000.\0006\000.\000\040\215\113\163\257\123\125\176\257\172\331\160\271}{chapter.85}% 2471
\BOOKMARK [1][-]{section.85.7}{\376\377\0008\0005\000.\0007\000.\000\040\215\113\163\257\123\125\176\257\172\331\160\271\166\204\140\001\134\004}{chapter.85}% 2472
\BOOKMARK [1][-]{section.85.8}{\376\377\0008\0005\000.\0008\000.\000\040\123\125\176\257\172\331\160\271\116\012\166\204\116\012\124\014\214\003}{chapter.85}% 2473
\BOOKMARK [1][-]{section.85.9}{\376\377\0008\0005\000.\0009\000.\000\040\123\125\176\257\172\331\160\271\166\204\116\012\124\014\214\003\116\016\130\236\136\177}{chapter.85}% 2474
\BOOKMARK [1][-]{section.85.10}{\376\377\0008\0005\000.\0001\0000\000.\000\040\215\113\163\257\123\125\176\257\172\331\160\271\116\012\166\204\116\012\124\014\214\003}{chapter.85}% 2475
\BOOKMARK [1][-]{section.85.11}{\376\377\0008\0005\000.\0001\0001\000.\000\040\215\113\163\257\123\125\176\257\172\331\160\271\166\204\116\012\124\014\214\003\116\016\130\236\136\177}{chapter.85}% 2476
\BOOKMARK [1][-]{section.85.12}{\376\377\0008\0005\000.\0001\0002\000.\000\040\173\033\123\141\134\024\134\102\116\016\152\041}{chapter.85}% 2477
\BOOKMARK [1][-]{section.85.13}{\376\377\0008\0005\000.\0001\0003\000.\000\040\133\374\121\372\203\003\165\164\166\204\123\125\176\257\174\373\176\337}{chapter.85}% 2478
\BOOKMARK [1][-]{section.85.14}{\376\377\0008\0005\000.\0001\0004\000.\000\040\133\374\121\372\203\003\165\164\166\204\123\125\176\257\174\373\176\337\377\032\152\041}{chapter.85}% 2479
\BOOKMARK [1][-]{section.85.15}{\376\377\0008\0005\000.\0001\0005\000.\000\040\116\016\123\112\123\357\210\150\171\072\133\371\214\141\121\163\200\124\166\204\172\331\160\271}{chapter.85}% 2480
\BOOKMARK [1][-]{section.85.16}{\376\377\0008\0005\000.\0001\0006\000.\000\040\116\016\123\125\176\257\123\112\123\357\210\150\171\072\133\371\214\141\121\163\200\124\166\204\172\331\160\271}{chapter.85}% 2481
\BOOKMARK [1][-]{section.85.17}{\376\377\0008\0005\000.\0001\0007\000.\000\040\215\205\211\206\166\326\166\204\116\012\124\014\214\003\116\013\226\115}{chapter.85}% 2482
\BOOKMARK [1][-]{section.85.18}{\376\377\0008\0005\000.\0001\0008\000.\000\040\215\205\211\206\166\326\166\204\116\012\124\014\214\003\116\013\226\115\377\032\152\041}{chapter.85}% 2483
\BOOKMARK [1][-]{section.85.19}{\376\377\0008\0005\000.\0001\0009\000.\000\040\133\371\214\141\166\204\215\205\211\206\166\326\116\113\116\012\124\014\214\003\116\013\226\115}{chapter.85}% 2484
\BOOKMARK [1][-]{section.85.20}{\376\377\0008\0005\000.\0002\0000\000.\000\040\133\371\214\141\166\204\215\205\211\206\166\326\116\113\116\012\124\014\214\003\116\013\226\115\377\032\152\041}{chapter.85}% 2485
\BOOKMARK [1][-]{section.85.21}{\376\377\0008\0005\000.\0002\0001\000.\000\040\172\331\160\271\166\204\123\125\176\257\133\371\214\141\176\331\121\372\166\204\215\205\211\206\166\326}{chapter.85}% 2486
\BOOKMARK [1][-]{section.85.22}{\376\377\0008\0005\000.\0002\0002\000.\000\040\172\331\160\271\166\204\123\125\176\257\133\371\214\141\176\331\121\372\166\204\215\205\211\206\166\326\377\032\152\041}{chapter.85}% 2487
\BOOKMARK [1][-]{section.85.23}{\376\377\0008\0005\000.\0002\0003\000.\000\040\215\205\211\206\166\326\166\204\145\340\165\114\116\012\124\014\214\003\116\013\226\115}{chapter.85}% 2488
\BOOKMARK [1][-]{section.85.24}{\376\377\0008\0005\000.\0002\0004\000.\000\040\174\230\124\010\131\015\137\142}{chapter.85}% 2489
\BOOKMARK [1][-]{section.85.25}{\376\377\0008\0005\000.\0002\0005\000.\000\040\142\323\142\121\116\055\166\204\167\037\215\205\211\206\166\326}{chapter.85}% 2490
\BOOKMARK [1][-]{section.85.26}{\376\377\0008\0005\000.\0002\0006\000.\000\040\123\125\176\257\151\202\137\142}{chapter.85}% 2491
\BOOKMARK [1][-]{section.85.27}{\376\377\0008\0005\000.\0002\0007\000.\000\040\165\050\123\125\176\257\151\202\137\142\210\150\217\360\116\013\226\115}{chapter.85}% 2492
\BOOKMARK [1][-]{section.85.28}{\376\377\0008\0005\000.\0002\0008\000.\000\040\123\125\176\257\151\202\137\142\116\012\166\204\142\337\121\335\200\132\152\041}{chapter.85}% 2493
\BOOKMARK [1][-]{section.85.29}{\376\377\0008\0005\000.\0002\0009\000.\000\040\177\244\200\332\116\016\123\125\176\257\151\202\137\142}{chapter.85}% 2494
\BOOKMARK [1][-]{section.85.30}{\376\377\0008\0005\000.\0003\0000\000.\000\040\116\013\226\115\145\160\143\156\176\331\121\372\173\111\116\367\121\163\174\373}{chapter.85}% 2495
\BOOKMARK [1][-]{section.85.31}{\376\377\0008\0005\000.\0003\0001\000.\000\040\116\000\116\052\171\072\117\213\140\305\137\142}{chapter.85}% 2496
\BOOKMARK [1][-]{section.85.32}{\376\377\0008\0005\000.\0003\0002\000.\000\040\123\125\176\257\116\343\145\160\172\172\225\364}{chapter.85}% 2497
\BOOKMARK [1][-]{section.85.33}{\376\377\0008\0005\000.\0003\0003\000.\000\040\116\343\145\160\172\172\225\364\166\204\000\040\000f\000p\000p\000f\000\040\215\205\211\206\166\326}{chapter.85}% 2498
\BOOKMARK [1][-]{section.85.34}{\376\377\0008\0005\000.\0003\0004\000.\000\040\116\343\145\160\172\172\225\364\166\204\000\040\000f\000p\000p\000f\000\040\215\205\211\206\166\326\377\032\152\041}{chapter.85}% 2499
\BOOKMARK [1][-]{section.85.35}{\376\377\0008\0005\000.\0003\0005\000.\000\040\131\015\137\142\166\204\000\040\000f\000p\000p\000f\000\040\116\013\226\115}{chapter.85}% 2500
\BOOKMARK [1][-]{section.85.36}{\376\377\0008\0005\000.\0003\0006\000.\000\040\116\343\145\160\172\172\225\364\166\204\167\037\215\205\211\206\166\326}{chapter.85}% 2501
\BOOKMARK [0][-]{chapter.86}{\376\377\000C\000h\000a\000p\000t\000e\000r\000\040\0008\0006\000.\000\040\172\172\225\364\166\204\133\371\120\166\140\047}{}% 2502
\BOOKMARK [1][-]{section.86.1}{\376\377\0008\0006\000.\0001\000.\000\040\137\025\212\000}{chapter.86}% 2503
\BOOKMARK [1][-]{section.86.2}{\376\377\0008\0006\000.\0002\000.\000\040\116\343\145\160\172\172\225\364\116\012\166\204\133\371\120\166\131\015\137\142}{chapter.86}% 2504
\BOOKMARK [1][-]{section.86.3}{\376\377\0008\0006\000.\0003\000.\000\040\143\250\122\115\166\204\123\363\117\064\226\217}{chapter.86}% 2505
\BOOKMARK [1][-]{section.86.4}{\376\377\0008\0006\000.\0004\000.\000\040\143\250\122\115\166\204\123\363\117\064\226\217\116\016\127\372\123\330\143\142\377\010\116\000\377\011}{chapter.86}% 2506
\BOOKMARK [1][-]{section.86.5}{\376\377\0008\0006\000.\0005\000.\000\040\143\250\122\115\166\204\123\363\117\064\226\217\116\016\127\372\123\330\143\142\377\010\116\214\377\011}{chapter.86}% 2507
\BOOKMARK [1][-]{section.86.6}{\376\377\0008\0006\000.\0006\000.\000\040\143\250\122\115\166\204\123\363\117\064\226\217\116\016\217\371\146\040\134\004}{chapter.86}% 2508
\BOOKMARK [1][-]{section.86.7}{\376\377\0008\0006\000.\0007\000.\000\040\143\250\122\115\166\204\123\363\117\064\226\217\116\016\142\311\126\336}{chapter.86}% 2509
\BOOKMARK [1][-]{section.86.8}{\376\377\0008\0006\000.\0008\000.\000\040\167\037\136\163\127\146\140\001\134\004\143\250\122\115\166\204\123\363\117\064\226\217}{chapter.86}% 2510
\BOOKMARK [1][-]{section.86.9}{\376\377\0008\0006\000.\0009\000.\000\040\167\037\136\163\127\146\140\001\134\004\166\204\166\370\133\371\133\371\120\166\131\015\137\142}{chapter.86}% 2511
\BOOKMARK [1][-]{section.86.10}{\376\377\0008\0006\000.\0001\0000\000.\000\040\116\016\151\202\137\142\140\305\137\142\166\204\153\324\217\203}{chapter.86}% 2512
\BOOKMARK [0][-]{chapter.87}{\376\377\000C\000h\000a\000p\000t\000e\000r\000\040\0008\0007\000.\000\040\137\142\137\017\116\343\145\160\172\172\225\364}{}% 2513
\BOOKMARK [1][-]{section.87.1}{\376\377\0008\0007\000.\0001\000.\000\040\137\025\212\000}{chapter.87}% 2514
\BOOKMARK [1][-]{section.87.2}{\376\377\0008\0007\000.\0002\000.\000\040\000E\000G\000A\000\040\141\017\116\111\116\013\166\204\137\142\137\017\151\202\137\142}{chapter.87}% 2515
\BOOKMARK [1][-]{section.87.3}{\376\377\0008\0007\000.\0003\000.\000\040\176\246\133\232\124\214\213\260\123\367}{chapter.87}% 2516
\BOOKMARK [1][-]{section.87.4}{\376\377\0008\0007\000.\0004\000.\000\040\142\323\142\121\163\257\116\016\142\323\142\121\152\041}{chapter.87}% 2517
\BOOKMARK [1][-]{section.87.5}{\376\377\0008\0007\000.\0005\000.\000\040\000t\000a\000u\000t\000\040\163\257\146\040\134\004}{chapter.87}% 2518
\BOOKMARK [1][-]{section.87.6}{\376\377\0008\0007\000.\0006\000.\000\040\000A\000d\000i\000c\000\040\163\257\146\040\134\004}{chapter.87}% 2519
\BOOKMARK [1][-]{section.87.7}{\376\377\0008\0007\000.\0007\000.\000\040\137\061\000\040\000a\000d\000i\000c\000\040\163\257}{chapter.87}% 2520
\BOOKMARK [1][-]{section.87.8}{\376\377\0008\0007\000.\0008\000.\000\040\140\047\215\050\166\204\116\013\226\115}{chapter.87}% 2521
\BOOKMARK [1][-]{section.87.9}{\376\377\0008\0007\000.\0009\000.\000\040\116\377\134\004\137\142\137\017\116\343\145\160\172\172\225\364}{chapter.87}% 2522
\BOOKMARK [1][-]{section.87.10}{\376\377\0008\0007\000.\0001\0000\000.\000\040\123\357\145\160\143\007\150\007\166\204\116\377\134\004\137\142\137\017\116\343\145\160\172\172\225\364}{chapter.87}% 2523
\BOOKMARK [1][-]{section.87.11}{\376\377\0008\0007\000.\0001\0001\000.\000\040\137\142\137\017\116\343\145\160\172\172\225\364}{chapter.87}% 2524
\BOOKMARK [1][-]{section.87.12}{\376\377\0008\0007\000.\0001\0002\000.\000\040\176\246\123\026}{chapter.87}% 2525
\BOOKMARK [1][-]{section.87.13}{\376\377\0008\0007\000.\0001\0003\000.\000\040\154\277\130\236\123\232\166\204\116\343\145\160\172\172\225\364\117\131\147\201\226\120}{chapter.87}% 2526
\BOOKMARK [1][-]{section.87.14}{\376\377\0008\0007\000.\0001\0004\000.\000\040\154\277\225\355\133\120\226\306\166\204\133\214\131\007\123\026}{chapter.87}% 2527
\BOOKMARK [1][-]{section.87.15}{\376\377\0008\0007\000.\0001\0005\000.\000\040\176\244\176\364\171\357}{chapter.87}% 2528
\BOOKMARK [1][-]{section.87.16}{\376\377\0008\0007\000.\0001\0006\000.\000\040\137\142\137\017\116\343\145\160\172\172\225\364\166\204\122\006\171\273\121\154\164\006}{chapter.87}% 2529
\BOOKMARK [1][-]{section.87.17}{\376\377\0008\0007\000.\0001\0007\000.\000\040\142\337\175\047\137\142\137\017\116\343\145\160\172\172\225\364}{chapter.87}% 2530
\BOOKMARK [1][-]{section.87.18}{\376\377\0008\0007\000.\0001\0008\000.\000\040\142\337\175\047\116\024\142\337\122\006\171\273\166\204\137\142\137\017\116\343\145\160\172\172\225\364}{chapter.87}% 2531
\BOOKMARK [1][-]{section.87.19}{\376\377\0008\0007\000.\0001\0009\000.\000\040\123\357\165\061\116\343\145\160\172\172\225\364\210\150\171\072\166\204\140\001\134\004}{chapter.87}% 2532
\BOOKMARK [1][-]{section.87.20}{\376\377\0008\0007\000.\0002\0000\000.\000\040\137\142\137\017\116\343\145\160\172\172\225\364\166\204\174\173\127\213}{chapter.87}% 2533
\BOOKMARK [1][-]{section.87.21}{\376\377\0008\0007\000.\0002\0001\000.\000\040\140\001\134\004\116\016\217\336\176\355\163\257\146\040\134\004}{chapter.87}% 2534
\BOOKMARK [1][-]{section.87.22}{\376\377\0008\0007\000.\0002\0002\000.\000\040\000T\000a\000u\000t\000\040\163\257\146\040\134\004\116\016\165\061\116\343\145\160\172\172\225\364\210\150\171\072}{chapter.87}% 2535
\BOOKMARK [1][-]{section.87.23}{\376\377\0008\0007\000.\0002\0003\000.\000\040\000A\000d\000i\000c\000\040\140\001\134\004}{chapter.87}% 2536
\BOOKMARK [1][-]{section.87.24}{\376\377\0008\0007\000.\0002\0004\000.\000\040\147\011\226\120\127\213\140\001\134\004}{chapter.87}% 2537
\BOOKMARK [1][-]{section.87.25}{\376\377\0008\0007\000.\0002\0005\000.\000\040\156\341\140\001\134\004}{chapter.87}% 2538
\BOOKMARK [1][-]{section.87.26}{\376\377\0008\0007\000.\0002\0006\000.\000\040\123\125\140\001\134\004}{chapter.87}% 2539
\BOOKMARK [1][-]{section.87.27}{\376\377\0008\0007\000.\0002\0007\000.\000\040\225\355\155\170\121\145}{chapter.87}% 2540
\BOOKMARK [1][-]{section.87.28}{\376\377\0008\0007\000.\0002\0008\000.\000\040\123\327\226\120\136\102\176\247\145\160}{chapter.87}% 2541
\BOOKMARK [1][-]{section.87.29}{\376\377\0008\0007\000.\0002\0009\000.\000\040\142\323\142\121\147\011\226\120\127\213\116\343\145\160}{chapter.87}% 2542
\BOOKMARK [1][-]{section.87.30}{\376\377\0008\0007\000.\0003\0000\000.\000\040\140\001\134\004\166\204\122\006\171\273\121\154\164\006}{chapter.87}% 2543
\BOOKMARK [1][-]{section.87.31}{\376\377\0008\0007\000.\0003\0001\000.\000\040\126\372\147\011\140\001\134\004}{chapter.87}% 2544
\BOOKMARK [1][-]{section.87.32}{\376\377\0008\0007\000.\0003\0002\000.\000\040\137\142\137\017\116\343\145\160\172\172\225\364\116\016\000\040\000f\000p\000q\000c\000\040\211\206\166\326}{chapter.87}% 2545
\BOOKMARK [1][-]{section.87.33}{\376\377\0008\0007\000.\0003\0003\000.\000\040\116\316\116\377\134\004\137\142\137\017\151\202\137\142\121\372\123\321\166\204\146\040\134\004}{chapter.87}% 2546
\BOOKMARK [1][-]{section.87.34}{\376\377\0008\0007\000.\0003\0004\000.\000\040\137\142\137\017\116\343\145\160\172\172\225\364\166\204\134\017\000\040\000\351\000t\000a\000l\000e\000\040\117\115\160\271}{chapter.87}% 2547
\BOOKMARK [1][-]{section.87.35}{\376\377\0008\0007\000.\0003\0005\000.\000\040\176\323\147\204\134\102}{chapter.87}% 2548
\BOOKMARK [1][-]{section.87.36}{\376\377\0008\0007\000.\0003\0006\000.\000\040\137\142\137\017\116\343\145\160\172\172\225\364\166\204\117\131\147\201\226\120}{chapter.87}% 2549
\BOOKMARK [1][-]{section.87.37}{\376\377\0008\0007\000.\0003\0007\000.\000\040\121\215\153\041\133\214\131\007\123\026}{chapter.87}% 2550
\BOOKMARK [1][-]{section.87.38}{\376\377\0008\0007\000.\0003\0008\000.\000\040\154\277\225\355\133\120\172\172\225\364\166\204\133\214\131\007\123\026}{chapter.87}% 2551
\BOOKMARK [0][-]{chapter.88}{\376\377\000C\000h\000a\000p\000t\000e\000r\000\040\0008\0008\000.\000\040\137\142\137\017\172\172\225\364\166\204\116\343\145\160\123\026}{}% 2552
\BOOKMARK [1][-]{section.88.1}{\376\377\0008\0008\000.\0001\000.\000\040\137\025\212\000}{chapter.88}% 2553
\BOOKMARK [1][-]{section.88.2}{\376\377\0008\0008\000.\0002\000.\000\040\116\044\116\052\203\003\165\164}{chapter.88}% 2554
\BOOKMARK [1][-]{section.88.3}{\376\377\0008\0008\000.\0003\000.\000\040\147\064\175\040\117\131\122\007\131\015\137\142}{chapter.88}% 2555
\BOOKMARK [1][-]{section.88.4}{\376\377\0008\0008\000.\0004\000.\000\040\000r\000i\000g\000-\121\111\156\321\116\343\145\160}{chapter.88}% 2556
\BOOKMARK [1][-]{section.88.5}{\376\377\0008\0008\000.\0005\000.\000\040\163\257\124\014\140\001\166\204\123\330\137\142}{chapter.88}% 2557
\BOOKMARK [1][-]{section.88.6}{\376\377\0008\0008\000.\0006\000.\000\040\000G\000-\163\257\116\012\000\040\000r\000i\000g\000-\121\111\156\321\116\343\145\160\166\204\116\343\145\160\123\026}{chapter.88}% 2558
\BOOKMARK [1][-]{section.88.7}{\376\377\0008\0008\000.\0007\000.\000\040\000r\000i\000g\000-\121\111\156\321\116\343\145\160\166\204\116\343\145\160\123\026}{chapter.88}% 2559
\BOOKMARK [1][-]{section.88.8}{\376\377\0008\0008\000.\0008\000.\000\040\000r\000i\000g\000-\000'\000e\000t\000a\000l\000e\000\040\116\343\145\160}{chapter.88}% 2560
\BOOKMARK [1][-]{section.88.9}{\376\377\0008\0008\000.\0009\000.\000\040\116\000\116\052\143\250\121\372\213\272\213\301}{chapter.88}% 2561
\BOOKMARK [1][-]{section.88.10}{\376\377\0008\0008\000.\0001\0000\000.\000\040\000r\000i\000g\000-\000'\000e\000t\000a\000l\000e\000\040\116\343\145\160\166\204\116\343\145\160\123\026}{chapter.88}% 2562
\BOOKMARK [1][-]{section.88.11}{\376\377\0008\0008\000.\0001\0001\000.\000\040\147\011\226\120\127\213\140\001\134\004}{chapter.88}% 2563
\BOOKMARK [1][-]{section.88.12}{\376\377\0008\0008\000.\0001\0002\000.\000\040\176\246\123\026\116\012\166\204\147\011\226\120\127\213}{chapter.88}% 2564
\BOOKMARK [1][-]{section.88.13}{\376\377\0008\0008\000.\0001\0003\000.\000\040\136\163\127\146\140\001\134\004}{chapter.88}% 2565
\BOOKMARK [1][-]{section.88.14}{\376\377\0008\0008\000.\0001\0004\000.\000\040\000r\000i\000g\000-\225\355\160\271}{chapter.88}% 2566
\BOOKMARK [1][-]{section.88.15}{\376\377\0008\0008\000.\0001\0005\000.\000\040\000R\000i\000g\000-\136\163\127\146\124\014\140\001}{chapter.88}% 2567
\BOOKMARK [1][-]{section.88.16}{\376\377\0008\0008\000.\0001\0006\000.\000\040\000R\000i\000g\000-\136\163\127\146\140\001\134\004}{chapter.88}% 2568
\BOOKMARK [1][-]{section.88.17}{\376\377\0008\0008\000.\0001\0007\000.\000\040\000R\000i\000g\000-\121\111\156\321\124\014\140\001}{chapter.88}% 2569
\BOOKMARK [1][-]{section.88.18}{\376\377\0008\0008\000.\0001\0008\000.\000\040\000R\000i\000g\000-\121\111\156\321\140\001\134\004}{chapter.88}% 2570
\BOOKMARK [1][-]{section.88.19}{\376\377\0008\0008\000.\0001\0009\000.\000\040\000R\000i\000g\000-\000'\000e\000t\000a\000l\000e\000\040\124\014\140\001}{chapter.88}% 2571
\BOOKMARK [1][-]{section.88.20}{\376\377\0008\0008\000.\0002\0000\000.\000\040\000R\000i\000g\000-\000'\000e\000t\000a\000l\000e\000\040\140\001\134\004}{chapter.88}% 2572
\BOOKMARK [1][-]{section.88.21}{\376\377\0008\0008\000.\0002\0001\000.\000\040\000R\000i\000g\000-\156\341\134\004\140\001\134\004}{chapter.88}% 2573
\BOOKMARK [1][-]{section.88.22}{\376\377\0008\0008\000.\0002\0002\000.\000\040\133\214\131\007\171\273\145\143\215\113\120\074\163\257\116\012\166\204\137\142\137\017\116\343\145\160\172\172\225\364}{chapter.88}% 2574
\BOOKMARK [1][-]{section.88.23}{\376\377\0008\0008\000.\0002\0003\000.\000\040\133\214\131\007\123\026\121\375\133\120}{chapter.88}% 2575
\BOOKMARK [1][-]{section.88.24}{\376\377\0008\0008\000.\0002\0004\000.\000\040\137\142\137\017\117\356\145\071}{chapter.88}% 2576
\BOOKMARK [1][-]{section.88.25}{\376\377\0008\0008\000.\0002\0005\000.\000\040\133\214\131\007\123\026\116\016\140\001\134\004\377\014\000I}{chapter.88}% 2577
\BOOKMARK [1][-]{section.88.26}{\376\377\0008\0008\000.\0002\0006\000.\000\040\140\001\134\004\166\204\000\040\000r\000i\000g\000-\174\230\124\010}{chapter.88}% 2578
\BOOKMARK [1][-]{section.88.27}{\376\377\0008\0008\000.\0002\0007\000.\000\040\000R\000i\000g\000-\000'\000e\000t\000a\000l\000e\000\040\140\001\134\004\166\204\116\343\145\160\123\026}{chapter.88}% 2579
\BOOKMARK [1][-]{section.88.28}{\376\377\0008\0008\000.\0002\0008\000.\000\040\133\214\131\007\123\026\116\016\140\001\134\004\377\014\000I\000I}{chapter.88}% 2580
\BOOKMARK [1][-]{section.88.29}{\376\377\0008\0008\000.\0002\0009\000.\000\040\000A\000r\000t\000i\000n\000\040\166\204\201\250\200\300\133\232\164\006}{chapter.88}% 2581
\BOOKMARK [1][-]{section.88.30}{\376\377\0008\0008\000.\0003\0000\000.\000\040\133\371\117\356\145\071\166\204\136\224\165\050}{chapter.88}% 2582
\BOOKMARK [0][-]{chapter.89}{\376\377\000C\000h\000a\000p\000t\000e\000r\000\040\0008\0009\000.\000\040\121\215\213\272\146\362\227\142\211\343\155\210}{}% 2583
\BOOKMARK [1][-]{section.89.1}{\376\377\0008\0009\000.\0001\000.\000\040\137\025\212\000}{chapter.89}% 2584
\BOOKMARK [1][-]{section.89.2}{\376\377\0008\0009\000.\0002\000.\000\040\117\356\145\071}{chapter.89}% 2585
\BOOKMARK [1][-]{section.89.3}{\376\377\0008\0009\000.\0003\000.\000\040\173\126\165\145}{chapter.89}% 2586
\BOOKMARK [1][-]{section.89.4}{\376\377\0008\0009\000.\0004\000.\000\040\165\061\116\214\153\041\123\330\143\142\145\057\221\115}{chapter.89}% 2587
\BOOKMARK [1][-]{section.89.5}{\376\377\0008\0009\000.\0005\000.\000\040\165\061\153\143\211\304\123\026\162\006\170\064\145\057\221\115}{chapter.89}% 2588
\BOOKMARK [1][-]{section.89.6}{\376\377\0008\0009\000.\0006\000.\000\040\122\060\133\214\131\007\123\026\166\204\127\372\123\330\143\142}{chapter.89}% 2589
\BOOKMARK [1][-]{section.89.7}{\376\377\0008\0009\000.\0007\000.\000\040\143\250\137\227\166\204\140\047\215\050}{chapter.89}% 2590
\BOOKMARK [1][-]{section.89.8}{\376\377\0008\0009\000.\0008\000.\000\040\211\343\155\210}{chapter.89}% 2591
\BOOKMARK [1][-]{section.89.9}{\376\377\0008\0009\000.\0009\000.\000\040\117\213\133\120}{chapter.89}% 2592
\BOOKMARK [0][-]{chapter.90}{\376\377\000C\000h\000a\000p\000t\000e\000r\000\040\0009\0000\000.\000\040\137\142\137\017\137\142\123\330\164\006\213\272}{}% 2593
\BOOKMARK [1][-]{section.90.1}{\376\377\0009\0000\000.\0001\000.\000\040\137\025\212\000}{chapter.90}% 2594
\BOOKMARK [1][-]{section.90.2}{\376\377\0009\0000\000.\0002\000.\000\040\213\260\123\367\116\016\176\246\133\232}{chapter.90}% 2595
\BOOKMARK [1][-]{section.90.3}{\376\377\0009\0000\000.\0003\000.\000\040\127\372\203\003\165\164}{chapter.90}% 2596
\BOOKMARK [1][-]{section.90.4}{\376\377\0009\0000\000.\0004\000.\000\040\133\214\131\007\123\026\166\204\127\372\203\003\165\164}{chapter.90}% 2597
\BOOKMARK [1][-]{section.90.5}{\376\377\0009\0000\000.\0005\000.\000\040\177\244\200\332\117\131\176\244\176\364\203\003\165\164}{chapter.90}% 2598
\BOOKMARK [1][-]{section.90.6}{\376\377\0009\0000\000.\0006\000.\000\040\000p\000r\000o\000-\123\357\210\150\121\375\133\120\116\016\230\204\137\142\123\330\203\003\165\164}{chapter.90}% 2599
\BOOKMARK [1][-]{section.90.7}{\376\377\0009\0000\000.\0007\000.\000\040\137\142\137\017\133\371\214\141\116\016\133\214\131\007\123\026\203\003\165\164}{chapter.90}% 2600
\BOOKMARK [1][-]{section.90.8}{\376\377\0009\0000\000.\0008\000.\000\040\121\111\156\321\140\001\134\004}{chapter.90}% 2601
\BOOKMARK [1][-]{section.90.9}{\376\377\0009\0000\000.\0009\000.\000\040\121\111\156\321\203\003\165\164\142\026\145\340\226\073\170\215\203\003\165\164}{chapter.90}% 2602
\BOOKMARK [1][-]{section.90.10}{\376\377\0009\0000\000.\0001\0000\000.\000\040\000S\000c\000h\000l\000e\000s\000s\000i\000n\000g\000e\000r\000\040\147\141\116\366}{chapter.90}% 2603
\BOOKMARK [1][-]{section.90.11}{\376\377\0009\0000\000.\0001\0001\000.\000\040\121\375\133\120\166\204\122\007\172\172\225\364}{chapter.90}% 2604
\BOOKMARK [1][-]{section.90.12}{\376\377\0009\0000\000.\0001\0002\000.\000\040\230\204\137\142\123\330\203\003\165\164\166\204\122\007\172\172\225\364}{chapter.90}% 2605
\BOOKMARK [1][-]{section.90.13}{\376\377\0009\0000\000.\0001\0003\000.\000\040\116\007\147\011\137\142\137\017\133\371\214\141}{chapter.90}% 2606
\BOOKMARK [1][-]{section.90.14}{\376\377\0009\0000\000.\0001\0004\000.\000\040\147\201\134\017\166\204\116\007\147\011\137\142\137\017\133\371\214\141}{chapter.90}% 2607
\BOOKMARK [1][-]{section.90.15}{\376\377\0009\0000\000.\0001\0005\000.\000\040\147\201\134\017\116\007\147\011\137\142\137\017\133\371\214\141\116\016\122\007\172\172\225\364}{chapter.90}% 2608
\BOOKMARK [1][-]{section.90.16}{\376\377\0009\0000\000.\0001\0006\000.\000\040\000R\000i\000m\040\023\000S\000c\000h\000l\000e\000s\000s\000i\000n\000g\000e\000r\000\040\147\141\116\366\116\016\137\142\123\330\203\003\165\164}{chapter.90}% 2609
\BOOKMARK [1][-]{section.90.17}{\376\377\0009\0000\000.\0001\0007\000.\000\040\133\371\214\141\166\204\143\320\123\107}{chapter.90}% 2610
\BOOKMARK [1][-]{section.90.18}{\376\377\0009\0000\000.\0001\0008\000.\000\040\000S\000c\000h\000l\000e\000s\000s\000i\000n\000g\000e\000r\000\040\121\163\116\216\000\040\000p\000r\000o\000-\123\357\210\150\121\375\133\120\166\204\133\232\164\006}{chapter.90}% 2611
\BOOKMARK [1][-]{section.90.19}{\376\377\0009\0000\000.\0001\0009\000.\000\040\145\340\172\167\134\017\201\352\124\014\147\204}{chapter.90}% 2612
\BOOKMARK [1][-]{section.90.20}{\376\377\0009\0000\000.\0002\0000\000.\000\040\136\224\165\050}{chapter.90}% 2613
\BOOKMARK [1][-]{section.90.21}{\376\377\0009\0000\000.\0002\0001\000.\000\040\116\373\141\017\203\003\165\164\116\012\166\204\121\375\133\120\116\055\166\204\177\244\200\332}{chapter.90}% 2614
\BOOKMARK [1][-]{section.90.22}{\376\377\0009\0000\000.\0002\0002\000.\000\040\127\372\203\003\165\164\116\012\166\204\121\375\133\120\116\055\166\204\177\244\200\332}{chapter.90}% 2615
\BOOKMARK [1][-]{section.90.23}{\376\377\0009\0000\000.\0002\0003\000.\000\040\127\372\203\003\165\164\116\012\166\204\121\375\133\120\116\055\166\204\121\111\156\321\177\244\200\332}{chapter.90}% 2616
\BOOKMARK [1][-]{section.90.24}{\376\377\0009\0000\000.\0002\0004\000.\000\040\117\134\116\072\121\375\133\120\116\055\177\244\200\332\116\113\125\106\166\204\137\142\123\330\203\003\165\164}{chapter.90}% 2617
\BOOKMARK [1][-]{section.90.25}{\376\377\0009\0000\000.\0002\0005\000.\000\040\177\244\200\332\117\131\176\244\176\364\203\003\165\164\166\204\124\110\163\260}{chapter.90}% 2618
\BOOKMARK [1][-]{section.90.26}{\376\377\0009\0000\000.\0002\0006\000.\000\040\137\142\123\330\203\003\165\164\166\204\124\110\163\260}{chapter.90}% 2619
\BOOKMARK [1][-]{section.90.27}{\376\377\0009\0000\000.\0002\0007\000.\000\040\121\163\116\216\147\201\134\017\140\047\166\204\213\364\146\016}{chapter.90}% 2620
\BOOKMARK [1][-]{section.90.28}{\376\377\0009\0000\000.\0002\0008\000.\000\040\116\007\147\011\163\257\166\204\125\057\116\000\140\047}{chapter.90}% 2621
\BOOKMARK [1][-]{section.90.29}{\376\377\0009\0000\000.\0002\0009\000.\000\040\146\364\143\142\122\151\117\131\127\337}{chapter.90}% 2622
\BOOKMARK [0][-]{chapter.91}{\376\377\000C\000h\000a\000p\000t\000e\000r\000\040\0009\0001\000.\000\040\137\142\123\330\164\006\213\272}{}% 2623
\BOOKMARK [1][-]{section.91.1}{\376\377\0009\0001\000.\0001\000.\000\040\137\025\212\000}{chapter.91}% 2624
\BOOKMARK [1][-]{section.91.2}{\376\377\0009\0001\000.\0002\000.\000\040\163\257\166\204\137\142\123\330\116\016\147\064\175\040\117\131\122\007\131\015\137\142}{chapter.91}% 2625
\BOOKMARK [1][-]{section.91.3}{\376\377\0009\0001\000.\0003\000.\000\040\163\257\123\026\172\172\225\364\166\204\130\236\123\232}{chapter.91}% 2626
\BOOKMARK [1][-]{section.91.4}{\376\377\0009\0001\000.\0004\000.\000\040\163\257\123\026\172\172\225\364\116\000\226\066\130\236\123\232\116\012\166\204\152\041}{chapter.91}% 2627
\BOOKMARK [1][-]{section.91.5}{\376\377\0009\0001\000.\0005\000.\000\040\163\257\123\026\172\172\225\364\116\012\152\041\166\204\145\340\172\167\134\017\137\142\123\330}{chapter.91}% 2628
\BOOKMARK [1][-]{section.91.6}{\376\377\0009\0001\000.\0006\000.\000\040\127\050\163\257\123\026\172\172\225\364\136\163\127\146\130\236\123\232\116\012\166\204\136\163\127\146\152\041\116\055\166\204\136\224\165\050}{chapter.91}% 2629
\BOOKMARK [1][-]{section.91.7}{\376\377\0009\0001\000.\0007\000.\000\040\163\257\123\026\172\172\225\364\166\204\137\142\123\330\116\016\147\064\175\040\117\131\122\007\131\015\137\142}{chapter.91}% 2630
\BOOKMARK [1][-]{section.91.8}{\376\377\0009\0001\000.\0008\000.\000\040\151\202\137\142\166\204\137\142\123\330}{chapter.91}% 2631
\BOOKMARK [1][-]{section.91.9}{\376\377\0009\0001\000.\0009\000.\000\040\163\257\123\026\142\323\142\121\145\257\166\204\130\236\123\232}{chapter.91}% 2632
\BOOKMARK [1][-]{section.91.10}{\376\377\0009\0001\000.\0001\0000\000.\000\040\163\257\123\026\142\323\142\121\145\257\116\000\226\066\130\236\123\232\116\012\166\204\152\041}{chapter.91}% 2633
\BOOKMARK [1][-]{section.91.11}{\376\377\0009\0001\000.\0001\0001\000.\000\040\163\257\123\026\142\323\142\121\145\257\116\012\152\041\166\204\145\340\172\167\134\017\137\142\123\330}{chapter.91}% 2634
\BOOKMARK [1][-]{section.91.12}{\376\377\0009\0001\000.\0001\0002\000.\000\040\127\050\163\257\123\026\142\323\142\121\145\257\136\163\127\146\130\236\123\232\116\012\166\204\136\163\127\146\152\041\116\055\166\204\136\224\165\050}{chapter.91}% 2635
\BOOKMARK [1][-]{section.91.13}{\376\377\0009\0001\000.\0001\0003\000.\000\040\163\257\123\026\142\323\142\121\145\257\166\204\137\142\123\330\116\016\147\064\175\040\117\131\122\007\131\015\137\142}{chapter.91}% 2636
\BOOKMARK [1][-]{section.91.14}{\376\377\0009\0001\000.\0001\0004\000.\000\040\116\343\145\160\172\172\225\364\166\204\137\142\123\330}{chapter.91}% 2637
\BOOKMARK [1][-]{section.91.15}{\376\377\0009\0001\000.\0001\0005\000.\000\040\131\015\137\142\166\204\137\142\123\330}{chapter.91}% 2638
\BOOKMARK [1][-]{section.91.16}{\376\377\0009\0001\000.\0001\0006\000.\000\040\163\257\123\026\142\323\142\121\145\257\116\012\131\015\137\142\166\204\137\142\123\330}{chapter.91}% 2639
\BOOKMARK [0][-]{chapter.92}{\376\377\000C\000h\000a\000p\000t\000e\000r\000\040\0009\0002\000.\000\040\117\131\122\007\131\015\137\142}{}% 2640
\BOOKMARK [1][-]{section.92.1}{\376\377\0009\0002\000.\0001\000.\000\040\137\025\212\000}{chapter.92}% 2641
\BOOKMARK [1][-]{section.92.2}{\376\377\0009\0002\000.\0002\000.\000\040\176\331\213\373\200\005\166\204\136\372\213\256}{chapter.92}% 2642
\BOOKMARK [1][-]{section.92.3}{\376\377\0009\0002\000.\0003\000.\000\040\163\257\124\014\140\001\166\204\117\131\122\007\131\015\137\142}{chapter.92}% 2643
\BOOKMARK [1][-]{section.92.4}{\376\377\0009\0002\000.\0004\000.\000\040\123\125\176\257\137\142\230\204\211\343\116\016\133\374\121\372\116\013\140\312\123\371\123\367\121\375\133\120}{chapter.92}% 2644
\BOOKMARK [1][-]{section.92.5}{\376\377\0009\0002\000.\0005\000.\000\040\147\204\220\040\230\204\211\343}{chapter.92}% 2645
\BOOKMARK [1][-]{section.92.6}{\376\377\0009\0002\000.\0006\000.\000\040\121\375\133\120\140\047}{chapter.92}% 2646
\BOOKMARK [1][-]{section.92.7}{\376\377\0009\0002\000.\0007\000.\000\040\127\372\147\054\116\011\211\322}{chapter.92}% 2647
\BOOKMARK [1][-]{section.92.8}{\376\377\0009\0002\000.\0008\000.\000\040\134\100\220\350\123\026\116\016\000\040\000\351\000t\000a\000l\000e\000\040\163\257\124\014\140\001}{chapter.92}% 2648
\BOOKMARK [1][-]{section.92.9}{\376\377\0009\0002\000.\0009\000.\000\040\121\111\156\321\163\257\124\014\140\001}{chapter.92}% 2649
\BOOKMARK [1][-]{section.92.10}{\376\377\0009\0002\000.\0001\0000\000.\000\040\153\143\162\171\137\201}{chapter.92}% 2650
\BOOKMARK [1][-]{section.92.11}{\376\377\0009\0002\000.\0001\0001\000.\000\040\116\016\147\064\175\040\117\131\122\007\131\015\137\142\166\204\153\324\217\203}{chapter.92}% 2651
\BOOKMARK [1][-]{section.92.12}{\376\377\0009\0002\000.\0001\0002\000.\000\040\000Q\000u\000i\000l\000l\000e\000n\000\040\214\061\136\217\122\027}{chapter.92}% 2652
\BOOKMARK [1][-]{section.92.13}{\376\377\0009\0002\000.\0001\0003\000.\000\040\116\016\000\040\000L\000i\000c\000h\000t\000e\000n\000b\000a\000u\000m\040\023\000S\000c\000h\000l\000e\000s\000s\000i\000n\000g\000e\000r\000\040\131\015\137\142\166\204\153\324\217\203}{chapter.92}% 2653
\BOOKMARK [1][-]{section.92.14}{\376\377\0009\0002\000.\0001\0004\000.\000\040\134\100\220\350\133\214\121\150\116\244\166\204\117\131\122\007\131\015\137\142}{chapter.92}% 2654
\BOOKMARK [1][-]{section.92.15}{\376\377\0009\0002\000.\0001\0005\000.\000\040\137\040\221\317\171\357\116\016\117\131\122\007\131\015\137\142}{chapter.92}% 2655
\BOOKMARK [1][-]{section.92.16}{\376\377\0009\0002\000.\0001\0006\000.\000\040\163\257\124\014\140\001\166\204\137\142\123\330\116\016\117\131\122\007\131\015\137\142}{chapter.92}% 2656
\BOOKMARK [1][-]{section.92.17}{\376\377\0009\0002\000.\0001\0007\000.\000\040\152\041\166\204\000\040\000A\000t\000i\000y\000a\000h\000\040\174\173}{chapter.92}% 2657
\BOOKMARK [1][-]{section.92.18}{\376\377\0009\0002\000.\0001\0008\000.\000\040\117\131\122\007\131\015\137\142}{chapter.92}% 2658
\BOOKMARK [1][-]{section.92.19}{\376\377\0009\0002\000.\0001\0009\000.\000\040\152\041\134\102\166\204\000\040\000A\000t\000i\000y\000a\000h\000\040\174\173}{chapter.92}% 2659
\BOOKMARK [1][-]{section.92.20}{\376\377\0009\0002\000.\0002\0000\000.\000\040\215\113\163\257\172\172\225\364\140\001\134\004\166\204\117\131\122\007\131\015\137\142}{chapter.92}% 2660
\BOOKMARK [1][-]{section.92.21}{\376\377\0009\0002\000.\0002\0001\000.\000\040\215\113\163\257\172\172\225\364\166\204\137\142\123\330\116\016\117\131\122\007\131\015\137\142}{chapter.92}% 2661
\BOOKMARK [1][-]{section.92.22}{\376\377\0009\0002\000.\0002\0002\000.\000\040\215\113\163\257\142\323\142\121\145\257\140\001\134\004\166\204\117\131\122\007\131\015\137\142}{chapter.92}% 2662
\BOOKMARK [1][-]{section.92.23}{\376\377\0009\0002\000.\0002\0003\000.\000\040\215\113\163\257\142\323\142\121\145\257\166\204\137\142\123\330\116\016\117\131\122\007\131\015\137\142}{chapter.92}% 2663
\BOOKMARK [1][-]{section.92.24}{\376\377\0009\0002\000.\0002\0004\000.\000\040\151\202\137\142\140\001\134\004\166\204\117\131\122\007\131\015\137\142}{chapter.92}% 2664
\BOOKMARK [1][-]{section.92.25}{\376\377\0009\0002\000.\0002\0005\000.\000\040\163\257\116\012\151\202\137\142\166\204\117\131\122\007\131\015\137\142}{chapter.92}% 2665
\BOOKMARK [1][-]{section.92.26}{\376\377\0009\0002\000.\0002\0006\000.\000\040\116\343\145\160\172\172\225\364\140\001\134\004\166\204\117\131\122\007\131\015\137\142}{chapter.92}% 2666
\BOOKMARK [1][-]{section.92.27}{\376\377\0009\0002\000.\0002\0007\000.\000\040\163\257\116\012\116\343\145\160\172\172\225\364\166\204\117\131\122\007\131\015\137\142}{chapter.92}% 2667
\BOOKMARK [1][-]{section.92.28}{\376\377\0009\0002\000.\0002\0008\000.\000\040\116\343\145\160\172\172\225\364\166\204\176\244\176\364\171\357\116\016\117\131\122\007\131\015\137\142}{chapter.92}% 2668
\BOOKMARK [0][-]{chapter.93}{\376\377\000C\000h\000a\000p\000t\000e\000r\000\040\0009\0003\000.\000\040\137\142\123\330\225\356\230\230}{}% 2669
\BOOKMARK [1][-]{section.93.1}{\376\377\0009\0003\000.\0001\000.\000\040\137\025\212\000}{chapter.93}% 2670
\BOOKMARK [1][-]{section.93.2}{\376\377\0009\0003\000.\0002\000.\000\040\137\142\123\330\225\356\230\230\166\204\117\213\133\120}{chapter.93}% 2671
\BOOKMARK [1][-]{section.93.3}{\376\377\0009\0003\000.\0003\000.\000\040\116\000\202\054\176\262\211\201}{chapter.93}% 2672
\BOOKMARK [1][-]{section.93.4}{\376\377\0009\0003\000.\0004\000.\000\040\147\011\226\120\142\225\134\004\152\041}{chapter.93}% 2673
\BOOKMARK [1][-]{section.93.5}{\376\377\0009\0003\000.\0005\000.\000\040\177\244\210\150\171\072}{chapter.93}% 2674
\BOOKMARK [1][-]{section.93.6}{\376\377\0009\0003\000.\0006\000.\000\040\217\336\176\355\210\150\171\072}{chapter.93}% 2675
\BOOKMARK [1][-]{section.93.7}{\376\377\0009\0003\000.\0007\000.\000\040\122\006\153\041\116\343\145\160}{chapter.93}% 2676
\BOOKMARK [1][-]{section.93.8}{\376\377\0009\0003\000.\0008\000.\000\040\163\257}{chapter.93}% 2677
\BOOKMARK [1][-]{section.93.9}{\376\377\0009\0003\000.\0009\000.\000\040\151\202\137\142}{chapter.93}% 2678
\BOOKMARK [1][-]{section.93.10}{\376\377\0009\0003\000.\0001\0000\000.\000\040\151\202\137\142\140\001\134\004}{chapter.93}% 2679
\BOOKMARK [1][-]{section.93.11}{\376\377\0009\0003\000.\0001\0001\000.\000\040\116\343\145\160\172\172\225\364}{chapter.93}% 2680
\BOOKMARK [1][-]{section.93.12}{\376\377\0009\0003\000.\0001\0002\000.\000\040\133\214\131\007\123\026\166\204\137\142\123\330}{chapter.93}% 2681
\BOOKMARK [1][-]{section.93.13}{\376\377\0009\0003\000.\0001\0003\000.\000\040\134\100\220\350\123\026\166\204\137\142\123\330}{chapter.93}% 2682
\BOOKMARK [1][-]{section.93.14}{\376\377\0009\0003\000.\0001\0004\000.\000\040\000H\000e\000n\000s\000e\000l\000\040\123\026\166\204\137\142\123\330}{chapter.93}% 2683
\BOOKMARK [1][-]{section.93.15}{\376\377\0009\0003\000.\0001\0005\000.\000\040\133\144\172\313\131\107\160\271\166\204\136\224\165\050}{chapter.93}% 2684
\BOOKMARK [1][-]{section.93.16}{\376\377\0009\0003\000.\0001\0006\000.\000\040\145\340\226\073\170\215\137\142\123\330\225\356\230\230}{chapter.93}% 2685
\BOOKMARK [1][-]{section.93.17}{\376\377\0009\0003\000.\0001\0007\000.\000\040\121\111\156\321\123\026}{chapter.93}% 2686
\BOOKMARK [0][-]{chapter.94}{\376\377\000C\000h\000a\000p\000t\000e\000r\000\040\0009\0004\000.\000\040\116\343\145\160\123\340}{}% 2687
\BOOKMARK [1][-]{section.94.1}{\376\377\0009\0004\000.\0001\000.\000\040\137\025\212\000}{chapter.94}% 2688
\BOOKMARK [1][-]{section.94.2}{\376\377\0009\0004\000.\0002\000.\000\040\176\246\133\232}{chapter.94}% 2689
\BOOKMARK [1][-]{section.94.3}{\376\377\0009\0004\000.\0003\000.\000\040\213\260\123\367}{chapter.94}% 2690
\BOOKMARK [1][-]{section.94.4}{\376\377\0009\0004\000.\0004\000.\000\040\123\357\210\150\166\204\177\244\200\332\176\244\176\364\123\026\203\003\165\164}{chapter.94}% 2691
\BOOKMARK [1][-]{section.94.5}{\376\377\0009\0004\000.\0005\000.\000\040\0002\000-\000Y\000o\000n\000e\000d\000a\000\040\137\025\164\006}{chapter.94}% 2692
\BOOKMARK [1][-]{section.94.6}{\376\377\0009\0004\000.\0006\000.\000\040\177\244\200\332\176\244\176\364\123\026\203\003\165\164\166\204\123\357\210\150\140\001\134\004}{chapter.94}% 2693
\BOOKMARK [1][-]{section.94.7}{\376\377\0009\0004\000.\0007\000.\000\040\122\006\210\302\177\244\200\332\176\244\176\364\123\026\203\003\165\164}{chapter.94}% 2694
\BOOKMARK [1][-]{section.94.8}{\376\377\0009\0004\000.\0008\000.\000\040\123\357\165\061\116\343\145\160\172\172\225\364\210\150\171\072\166\204\177\244\200\332\176\244\176\364\123\026\203\003\165\164}{chapter.94}% 2695
\BOOKMARK [1][-]{section.94.9}{\376\377\0009\0004\000.\0009\000.\000\040\123\357\165\061\116\343\145\160\172\172\225\364\210\150\171\072\166\204\140\001\134\004}{chapter.94}% 2696
\BOOKMARK [1][-]{section.94.10}{\376\377\0009\0004\000.\0001\0000\000.\000\040\123\357\165\061\116\343\145\160\172\172\225\364\210\150\171\072\166\204\140\001\134\004\166\204\140\047\215\050}{chapter.94}% 2697
\BOOKMARK [1][-]{section.94.11}{\376\377\0009\0004\000.\0001\0001\000.\000\040\177\244\200\332\123\340}{chapter.94}% 2698
\BOOKMARK [1][-]{section.94.12}{\376\377\0009\0004\000.\0001\0002\000.\000\040\116\343\145\160\123\340}{chapter.94}% 2699
\BOOKMARK [1][-]{section.94.13}{\376\377\0009\0004\000.\0001\0003\000.\000\040\116\343\145\160\123\340\116\016\116\343\145\160\172\172\225\364}{chapter.94}% 2700
\BOOKMARK [1][-]{section.94.14}{\376\377\0009\0004\000.\0001\0004\000.\000\040\116\343\145\160\123\340\166\204\000\040\0002\000-\176\244\176\364\171\357}{chapter.94}% 2701
\BOOKMARK [1][-]{section.94.15}{\376\377\0009\0004\000.\0001\0005\000.\000\040\116\343\145\160\123\340\377\032\221\315\145\260\145\164\164\006}{chapter.94}% 2702
\BOOKMARK [1][-]{section.94.16}{\376\377\0009\0004\000.\0001\0006\000.\000\040\116\316\116\343\145\160\123\340\122\060\210\150\163\260}{chapter.94}% 2703
\BOOKMARK [1][-]{section.94.17}{\376\377\0009\0004\000.\0001\0007\000.\000\040\116\016\121\111\156\321\177\244\200\332\166\370\136\224\166\204\116\343\145\160\123\340}{chapter.94}% 2704
\BOOKMARK [1][-]{section.94.18}{\376\377\0009\0004\000.\0001\0008\000.\000\040\146\364\143\142\131\047\117\115\160\271}{chapter.94}% 2705
\BOOKMARK [1][-]{section.94.19}{\376\377\0009\0004\000.\0001\0009\000.\000\040\146\364\143\142\127\372\151\202\137\142}{chapter.94}% 2706
\BOOKMARK [0][-]{chapter.95}{\376\377\000C\000h\000a\000p\000t\000e\000r\000\040\0009\0005\000.\000\040\123\340\166\204\117\213\133\120}{}% 2707
\BOOKMARK [1][-]{section.95.1}{\376\377\0009\0005\000.\0001\000.\000\040\137\025\212\000}{chapter.95}% 2708
\BOOKMARK [1][-]{section.95.2}{\376\377\0009\0005\000.\0002\000.\000\040\213\260\123\367}{chapter.95}% 2709
\BOOKMARK [1][-]{section.95.3}{\376\377\0009\0005\000.\0003\000.\000\040\123\340\166\204\117\213\133\120}{chapter.95}% 2710
\BOOKMARK [1][-]{section.95.4}{\376\377\0009\0005\000.\0004\000.\000\040\142\337\121\335\200\132\134\102}{chapter.95}% 2711
\BOOKMARK [1][-]{section.95.5}{\376\377\0009\0005\000.\0005\000.\000\040\147\011\226\120\127\213\142\337\121\335\200\132\134\102\166\204\123\340}{chapter.95}% 2712
\BOOKMARK [1][-]{section.95.6}{\376\377\0009\0005\000.\0006\000.\000\040\147\011\226\120\000\040\000\351\000t\000a\000l\000e\000\040\211\206\166\326}{chapter.95}% 2713
\BOOKMARK [1][-]{section.95.7}{\376\377\0009\0005\000.\0007\000.\000\040\116\343\145\160\172\172\225\364}{chapter.95}% 2714
\BOOKMARK [1][-]{section.95.8}{\376\377\0009\0005\000.\0008\000.\000\040\147\011\226\120\127\213\116\343\145\160\172\172\225\364\166\204\123\340}{chapter.95}% 2715
\BOOKMARK [1][-]{section.95.9}{\376\377\0009\0005\000.\0009\000.\000\040\177\244\200\332\123\340\166\204\117\213\133\120}{chapter.95}% 2716
\BOOKMARK [1][-]{section.95.10}{\376\377\0009\0005\000.\0001\0000\000.\000\040\116\016\134\102\166\370\200\124\174\373\166\204\123\340}{chapter.95}% 2717
\BOOKMARK [1][-]{section.95.11}{\376\377\0009\0005\000.\0001\0001\000.\000\040\147\011\226\120\127\213\142\337\121\335\200\132\134\102\166\204\177\244\200\332\123\340}{chapter.95}% 2718
\BOOKMARK [1][-]{section.95.12}{\376\377\0009\0005\000.\0001\0002\000.\000\040\147\011\226\120\127\213\116\343\145\160\172\172\225\364\166\204\177\244\200\332\123\340}{chapter.95}% 2719
\BOOKMARK [1][-]{section.95.13}{\376\377\0009\0005\000.\0001\0003\000.\000\040\125\106\123\340}{chapter.95}% 2720
\BOOKMARK [1][-]{section.95.14}{\376\377\0009\0005\000.\0001\0004\000.\000\040\143\040\133\120\166\204\122\006\174\173}{chapter.95}% 2721
\BOOKMARK [1][-]{section.95.15}{\376\377\0009\0005\000.\0001\0005\000.\000\040\177\244\117\134\165\050\166\204\125\106}{chapter.95}% 2722
\BOOKMARK [1][-]{section.95.16}{\376\377\0009\0005\000.\0001\0006\000.\000\040\000P\000i\000c\000a\000r\000d\000\040\123\340}{chapter.95}% 2723
\BOOKMARK [1][-]{section.95.17}{\376\377\0009\0005\000.\0001\0007\000.\000\040\140\357\140\047\123\340\166\204\117\213\133\120}{chapter.95}% 2724
\BOOKMARK [1][-]{section.95.18}{\376\377\0009\0005\000.\0001\0008\000.\000\040\147\011\226\120\000\040\000H\000i\000l\000b\000e\000r\000t\000\040\123\340}{chapter.95}% 2725
\BOOKMARK [0][-]{chapter.96}{\376\377\000C\000h\000a\000p\000t\000e\000r\000\040\0009\0006\000.\000\040\116\343\145\160\123\340\116\012\166\204\134\102}{}% 2726
\BOOKMARK [1][-]{section.96.1}{\376\377\0009\0006\000.\0001\000.\000\040\137\025\212\000}{chapter.96}% 2727
\BOOKMARK [1][-]{section.96.2}{\376\377\0009\0006\000.\0002\000.\000\040\176\246\133\232}{chapter.96}% 2728
\BOOKMARK [1][-]{section.96.3}{\376\377\0009\0006\000.\0003\000.\000\040\230\204\134\102}{chapter.96}% 2729
\BOOKMARK [1][-]{section.96.4}{\376\377\0009\0006\000.\0004\000.\000\040\134\102}{chapter.96}% 2730
\BOOKMARK [1][-]{section.96.5}{\376\377\0009\0006\000.\0005\000.\000\040\143\250\122\115\166\204\213\241\173\227}{chapter.96}% 2731
\BOOKMARK [1][-]{section.96.6}{\376\377\0009\0006\000.\0006\000.\000\040\176\323\147\204\134\102}{chapter.96}% 2732
\BOOKMARK [1][-]{section.96.7}{\376\377\0009\0006\000.\0007\000.\000\040\152\041\134\102}{chapter.96}% 2733
\BOOKMARK [1][-]{section.96.8}{\376\377\0009\0006\000.\0008\000.\000\040\123\357\210\150\203\003\165\164}{chapter.96}% 2734
\BOOKMARK [1][-]{section.96.9}{\376\377\0009\0006\000.\0009\000.\000\040\226\120\122\066}{chapter.96}% 2735
\BOOKMARK [1][-]{section.96.10}{\376\377\0009\0006\000.\0001\0000\000.\000\040\226\120\122\066\122\060\116\343\145\160\172\172\225\364}{chapter.96}% 2736
\BOOKMARK [1][-]{section.96.11}{\376\377\0009\0006\000.\0001\0001\000.\000\040\142\337\121\335\200\132\152\041}{chapter.96}% 2737
\BOOKMARK [1][-]{section.96.12}{\376\377\0009\0006\000.\0001\0002\000.\000\040\134\100\220\350\142\337\121\335\200\132\152\041}{chapter.96}% 2738
\BOOKMARK [1][-]{section.96.13}{\376\377\0009\0006\000.\0001\0003\000.\000\040\123\340\123\026\116\016\134\102}{chapter.96}% 2739
\BOOKMARK [1][-]{section.96.14}{\376\377\0009\0006\000.\0001\0004\000.\000\040\142\337\121\335\200\132\134\102\116\016\210\150\163\260}{chapter.96}% 2740
\BOOKMARK [1][-]{section.96.15}{\376\377\0009\0006\000.\0001\0005\000.\000\040\116\343\145\160\123\340\116\012\166\204\142\337\121\335\200\132\134\102}{chapter.96}% 2741
\BOOKMARK [1][-]{section.96.16}{\376\377\0009\0006\000.\0001\0006\000.\000\040\116\012\124\014\214\003}{chapter.96}% 2742
\BOOKMARK [1][-]{section.96.17}{\376\377\0009\0006\000.\0001\0007\000.\000\040\121\205\134\004\134\102}{chapter.96}% 2743
\BOOKMARK [1][-]{section.96.18}{\376\377\0009\0006\000.\0001\0008\000.\000\040\001\014\000e\000c\000h\000\040\131\015\137\142}{chapter.96}% 2744
\BOOKMARK [1][-]{section.96.19}{\376\377\0009\0006\000.\0001\0009\000.\000\040\166\370\133\371\000\040\001\014\000e\000c\000h\000\040\131\015\137\142}{chapter.96}% 2745
\BOOKMARK [1][-]{section.96.20}{\376\377\0009\0006\000.\0002\0000\000.\000\040\116\343\145\160\123\340\116\012\166\204\116\012\124\014\214\003}{chapter.96}% 2746
\BOOKMARK [1][-]{section.96.21}{\376\377\0009\0006\000.\0002\0001\000.\000\040\232\330\226\066\153\143\120\317\116\016\116\343\145\160\123\340}{chapter.96}% 2747
\BOOKMARK [1][-]{section.96.22}{\376\377\0009\0006\000.\0002\0002\000.\000\040\153\324\217\203}{chapter.96}% 2748
\BOOKMARK [1][-]{section.96.23}{\376\377\0009\0006\000.\0002\0003\000.\000\040\142\323\142\121\166\204\123\330\143\142}{chapter.96}% 2749
\BOOKMARK [1][-]{section.96.24}{\376\377\0009\0006\000.\0002\0004\000.\000\040\226\120\122\066\122\060\116\377\134\004\133\371\214\141}{chapter.96}% 2750
\BOOKMARK [1][-]{section.96.25}{\376\377\0009\0006\000.\0002\0005\000.\000\040\142\337\121\335\200\132\152\041\116\016\116\377\134\004\133\371\214\141}{chapter.96}% 2751
\BOOKMARK [1][-]{section.96.26}{\376\377\0009\0006\000.\0002\0006\000.\000\040\133\374\121\372\203\003\165\164\116\055\166\204\142\337\121\335\200\132\133\371\214\141}{chapter.96}% 2752
\BOOKMARK [0][-]{chapter.97}{\376\377\000C\000h\000a\000p\000t\000e\000r\000\040\0009\0007\000.\000\040\123\357\210\150\171\072\140\047\122\044\143\156}{}% 2753
\BOOKMARK [1][-]{section.97.1}{\376\377\0009\0007\000.\0001\000.\000\040\137\025\212\000}{chapter.97}% 2754
\BOOKMARK [1][-]{section.97.2}{\376\377\0009\0007\000.\0002\000.\000\040\176\246\133\232}{chapter.97}% 2755
\BOOKMARK [1][-]{section.97.3}{\376\377\0009\0007\000.\0003\000.\000\040\135\362\147\011\176\323\147\234}{chapter.97}% 2756
\BOOKMARK [1][-]{section.97.4}{\376\377\0009\0007\000.\0004\000.\000\040\177\244\200\332\123\340\166\204\140\001\134\004}{chapter.97}% 2757
\BOOKMARK [1][-]{section.97.5}{\376\377\0009\0007\000.\0005\000.\000\040\127\050\133\371\214\141\116\012\117\335\147\201\226\120}{chapter.97}% 2758
\BOOKMARK [1][-]{section.97.6}{\376\377\0009\0007\000.\0006\000.\000\040\127\050\133\371\214\141\116\012\137\142\137\017\121\111\156\321}{chapter.97}% 2759
\BOOKMARK [1][-]{section.97.7}{\376\377\0009\0007\000.\0007\000.\000\040\127\050\133\371\214\141\116\012\116\072\156\341}{chapter.97}% 2760
\BOOKMARK [1][-]{section.97.8}{\376\377\0009\0007\000.\0008\000.\000\040\116\343\145\160\140\001\134\004}{chapter.97}% 2761
\BOOKMARK [1][-]{section.97.9}{\376\377\0009\0007\000.\0009\000.\000\040\142\052\227\142\172\172\225\364}{chapter.97}% 2762
\BOOKMARK [1][-]{section.97.10}{\376\377\0009\0007\000.\0001\0000\000.\000\040\166\370\133\371\140\001\134\004}{chapter.97}% 2763
\BOOKMARK [1][-]{section.97.11}{\376\377\0009\0007\000.\0001\0001\000.\000\040\150\007\221\317\226\120\122\066}{chapter.97}% 2764
\BOOKMARK [1][-]{section.97.12}{\376\377\0009\0007\000.\0001\0002\000.\000\040\147\011\226\120\000\040\000H\000i\000l\000b\000e\000r\000t\000\040\123\340}{chapter.97}% 2765
\BOOKMARK [1][-]{section.97.13}{\376\377\0009\0007\000.\0001\0003\000.\000\040\116\000\160\271\166\204\147\011\226\120\000\040\000H\000i\000l\000b\000e\000r\000t\000\040\123\340}{chapter.97}% 2766
\BOOKMARK [1][-]{section.97.14}{\376\377\0009\0007\000.\0001\0004\000.\000\040\172\172\225\364\166\204\147\011\226\120\000\040\000H\000i\000l\000b\000e\000r\000t\000\040\123\340}{chapter.97}% 2767
\BOOKMARK [1][-]{section.97.15}{\376\377\0009\0007\000.\0001\0005\000.\000\040\000H\000i\000l\000b\000e\000r\000t\000\040\123\340\116\055\166\204\000\040\000L\000C\000I\000\040\217\150\217\371}{chapter.97}% 2768
\BOOKMARK [1][-]{section.97.16}{\376\377\0009\0007\000.\0001\0006\000.\000\040\116\343\145\160\123\340\166\204\201\352\116\076}{chapter.97}% 2769
\BOOKMARK [1][-]{section.97.17}{\376\377\0009\0007\000.\0001\0007\000.\000\040\136\224\165\050}{chapter.97}% 2770
\BOOKMARK [1][-]{section.97.18}{\376\377\0009\0007\000.\0001\0008\000.\000\040\125\106\123\340\117\125\145\366\146\057\116\343\145\160\166\204\377\037}{chapter.97}% 2771
\BOOKMARK [1][-]{section.97.19}{\376\377\0009\0007\000.\0001\0009\000.\000\040\000\351\000t\000a\000l\000e\000\040\142\323\142\121\116\055\166\204\116\343\145\160\123\340}{chapter.97}% 2772
\BOOKMARK [0][-]{chapter.98}{\376\377\000C\000h\000a\000p\000t\000e\000r\000\040\0009\0008\000.\000\040\000A\000r\000t\000i\000n\000\040\121\154\164\006}{}% 2773
\BOOKMARK [1][-]{section.98.1}{\376\377\0009\0008\000.\0001\000.\000\040\137\025\212\000}{chapter.98}% 2774
\BOOKMARK [1][-]{section.98.2}{\376\377\0009\0008\000.\0002\000.\000\040\176\246\133\232}{chapter.98}% 2775
\BOOKMARK [1][-]{section.98.3}{\376\377\0009\0008\000.\0003\000.\000\040\230\204\137\142\123\330\203\003\165\164}{chapter.98}% 2776
\BOOKMARK [1][-]{section.98.4}{\376\377\0009\0008\000.\0004\000.\000\040\143\250\121\372\116\016\123\340}{chapter.98}% 2777
\BOOKMARK [1][-]{section.98.5}{\376\377\0009\0008\000.\0005\000.\000\040\000R\000i\000m\040\023\000S\000c\000h\000l\000e\000s\000s\000i\000n\000g\000e\000r\000\040\147\141\116\366}{chapter.98}% 2778
\BOOKMARK [1][-]{section.98.6}{\376\377\0009\0008\000.\0006\000.\000\040\137\142\123\330\203\003\165\164}{chapter.98}% 2779
\BOOKMARK [1][-]{section.98.7}{\376\377\0009\0008\000.\0007\000.\000\040\127\337\166\204\123\330\143\142}{chapter.98}% 2780
\BOOKMARK [1][-]{section.98.8}{\376\377\0009\0008\000.\0008\000.\000\040\122\007\172\172\225\364}{chapter.98}% 2781
\BOOKMARK [1][-]{section.98.9}{\376\377\0009\0008\000.\0009\000.\000\040\137\142\137\017\133\371\214\141}{chapter.98}% 2782
\BOOKMARK [1][-]{section.98.10}{\376\377\0009\0008\000.\0001\0000\000.\000\040\220\074\217\321}{chapter.98}% 2783
\BOOKMARK [1][-]{section.98.11}{\376\377\0009\0008\000.\0001\0001\000.\000\040\117\335\147\201\226\120\140\047}{chapter.98}% 2784
\BOOKMARK [1][-]{section.98.12}{\376\377\0009\0008\000.\0001\0002\000.\000\040\220\032\165\050\140\047}{chapter.98}% 2785
\BOOKMARK [1][-]{section.98.13}{\376\377\0009\0008\000.\0001\0003\000.\000\040\220\032\165\050\140\047\166\204\137\000\140\047}{chapter.98}% 2786
\BOOKMARK [1][-]{section.98.14}{\376\377\0009\0008\000.\0001\0004\000.\000\040\121\154\164\006}{chapter.98}% 2787
\BOOKMARK [1][-]{section.98.15}{\376\377\0009\0008\000.\0001\0005\000.\000\040\121\375\133\120\166\204\121\154\164\006}{chapter.98}% 2788
\BOOKMARK [1][-]{section.98.16}{\376\377\0009\0008\000.\0001\0006\000.\000\040\116\343\145\160\172\172\225\364}{chapter.98}% 2789
\BOOKMARK [1][-]{section.98.17}{\376\377\0009\0008\000.\0001\0007\000.\000\040\116\343\145\160\123\340}{chapter.98}% 2790
\BOOKMARK [1][-]{section.98.18}{\376\377\0009\0008\000.\0001\0008\000.\000\040\137\072\000\040\000R\000i\000m\040\023\000S\000c\000h\000l\000e\000s\000s\000i\000n\000g\000e\000r\000\040\147\141\116\366}{chapter.98}% 2791
\BOOKMARK [1][-]{section.98.19}{\376\377\0009\0008\000.\0001\0009\000.\000\040\220\032\165\050\140\047\116\016\116\000\202\054\123\026}{chapter.98}% 2792
\BOOKMARK [1][-]{section.98.20}{\376\377\0009\0008\000.\0002\0000\000.\000\040\137\072\137\142\137\017\147\011\145\110\140\047}{chapter.98}% 2793
\BOOKMARK [1][-]{section.98.21}{\376\377\0009\0008\000.\0002\0001\000.\000\040\145\340\172\167\134\017\137\142\123\330}{chapter.98}% 2794
\BOOKMARK [1][-]{section.98.22}{\376\377\0009\0008\000.\0002\0002\000.\000\040\226\234\170\215\164\006\213\272}{chapter.98}% 2795
\BOOKMARK [1][-]{section.98.23}{\376\377\0009\0008\000.\0002\0003\000.\000\040\147\064\175\040\226\234\170\215\164\006\213\272}{chapter.98}% 2796
\BOOKMARK [1][-]{section.98.24}{\376\377\0009\0008\000.\0002\0004\000.\000\040\116\000\116\052\133\371\120\166\151\202\137\365}{chapter.98}% 2797
\BOOKMARK [1][-]{section.98.25}{\376\377\0009\0008\000.\0002\0005\000.\000\040\000N\000o\000e\000t\000h\000e\000r\000\040\151\202\137\142\116\012\166\204\117\335\147\201\226\120\121\375\133\120}{chapter.98}% 2798
\BOOKMARK [1][-]{section.98.26}{\376\377\0009\0008\000.\0002\0006\000.\000\040\000N\000o\000e\000t\000h\000e\000r\000\040\140\305\137\142\116\055\166\204\116\343\145\160\172\172\225\364}{chapter.98}% 2799
\BOOKMARK [1][-]{section.98.27}{\376\377\0009\0008\000.\0002\0007\000.\000\040\000A\000r\000t\000i\000n\000\040\145\066\177\051\133\232\164\006}{chapter.98}% 2800
\BOOKMARK [0][-]{chapter.99}{\376\377\000C\000h\000a\000p\000t\000e\000r\000\040\0009\0009\000.\000\040\000Q\000u\000o\000t\000\040\172\172\225\364\116\016\000\040\000H\000i\000l\000b\000e\000r\000t\000\040\172\172\225\364}{}% 2801
\BOOKMARK [1][-]{section.99.1}{\376\377\0009\0009\000.\0001\000.\000\040\137\025\212\000}{chapter.99}% 2802
\BOOKMARK [1][-]{section.99.2}{\376\377\0009\0009\000.\0002\000.\000\040\176\246\133\232}{chapter.99}% 2803
\BOOKMARK [1][-]{section.99.3}{\376\377\0009\0009\000.\0003\000.\000\040\000H\000o\000m\000\040\121\375\133\120}{chapter.99}% 2804
\BOOKMARK [1][-]{section.99.4}{\376\377\0009\0009\000.\0004\000.\000\040\000I\000s\000o\000m\000\040\121\375\133\120}{chapter.99}% 2805
\BOOKMARK [1][-]{section.99.5}{\376\377\0009\0009\000.\0005\000.\000\040\121\335\200\132\134\102\123\340}{chapter.99}% 2806
\BOOKMARK [1][-]{section.99.6}{\376\377\0009\0009\000.\0006\000.\000\040\227\136\136\163\127\146\140\305\137\142\116\013\166\204\121\335\200\132\134\102\123\340}{chapter.99}% 2807
\BOOKMARK [1][-]{section.99.7}{\376\377\0009\0009\000.\0007\000.\000\040\125\106\121\375\133\120}{chapter.99}% 2808
\BOOKMARK [1][-]{section.99.8}{\376\377\0009\0009\000.\0008\000.\000\040\000Q\000u\000o\000t\000\040\121\375\133\120}{chapter.99}% 2809
\BOOKMARK [1][-]{section.99.9}{\376\377\0009\0009\000.\0009\000.\000\040\000H\000i\000l\000b\000e\000r\000t\000\040\121\375\133\120}{chapter.99}% 2810
\BOOKMARK [1][-]{section.99.10}{\376\377\0009\0009\000.\0001\0000\000.\000\040\000P\000i\000c\000a\000r\000d\000\040\123\340}{chapter.99}% 2811
\BOOKMARK [1][-]{section.99.11}{\376\377\0009\0009\000.\0001\0001\000.\000\040\000P\000i\000c\000a\000r\000d\000\040\121\375\133\120}{chapter.99}% 2812
\BOOKMARK [1][-]{section.99.12}{\376\377\0009\0009\000.\0001\0002\000.\000\040\166\370\133\371\140\001\134\004}{chapter.99}% 2813
\BOOKMARK [1][-]{section.99.13}{\376\377\0009\0009\000.\0001\0003\000.\000\040\116\343\145\160\172\172\225\364\123\340}{chapter.99}% 2814
\BOOKMARK [1][-]{section.99.14}{\376\377\0009\0009\000.\0001\0004\000.\000\040\147\201\123\026\167\037\151\202\137\142\123\340}{chapter.99}% 2815
\BOOKMARK [1][-]{section.99.15}{\376\377\0009\0009\000.\0001\0005\000.\000\040\146\362\176\277\123\340}{chapter.99}% 2816
\BOOKMARK [1][-]{section.99.16}{\376\377\0009\0009\000.\0001\0006\000.\000\040\167\037\140\001\134\004\116\012\166\204\131\015\137\142\152\041\172\172\225\364}{chapter.99}% 2817
\BOOKMARK [0][-]{chapter.100}{\376\377\000C\000h\000a\000p\000t\000e\000r\000\040\0001\0000\0000\000.\000\040\116\343\145\160\123\340\166\204\140\047\215\050}{}% 2818
\BOOKMARK [1][-]{section.100.1}{\376\377\0001\0000\0000\000.\0001\000.\000\040\137\025\212\000}{chapter.100}% 2819
\BOOKMARK [1][-]{section.100.2}{\376\377\0001\0000\0000\000.\0002\000.\000\040\176\246\133\232\116\016\147\057\213\355\156\345\165\050}{chapter.100}% 2820
\BOOKMARK [1][-]{section.100.3}{\376\377\0001\0000\0000\000.\0003\000.\000\040\123\357\165\061\116\343\145\160\172\172\225\364\210\150\171\072\166\204\140\001\134\004\166\204\140\047\215\050}{chapter.100}% 2821
\BOOKMARK [1][-]{section.100.4}{\376\377\0001\0000\0000\000.\0004\000.\000\040\116\343\145\160\123\340\166\204\160\271}{chapter.100}% 2822
\BOOKMARK [1][-]{section.100.5}{\376\377\0001\0000\0000\000.\0005\000.\000\040\156\341\140\001\134\004}{chapter.100}% 2823
\BOOKMARK [1][-]{section.100.6}{\376\377\0001\0000\0000\000.\0006\000.\000\040\142\337\175\047\116\343\145\160\123\340}{chapter.100}% 2824
\BOOKMARK [1][-]{section.100.7}{\376\377\0001\0000\0000\000.\0007\000.\000\040\165\061\151\202\137\142\140\047\215\050\133\232\116\111\166\204\116\343\145\160\123\340\140\047\215\050}{chapter.100}% 2825
\BOOKMARK [1][-]{section.100.8}{\376\377\0001\0000\0000\000.\0008\000.\000\040\116\343\145\160\123\340\166\204\123\125\140\001\134\004}{chapter.100}% 2826
\BOOKMARK [1][-]{section.100.9}{\376\377\0001\0000\0000\000.\0009\000.\000\040\116\343\145\160\123\340\166\204\155\170\121\145}{chapter.100}% 2827
\BOOKMARK [1][-]{section.100.10}{\376\377\0001\0000\0000\000.\0001\0000\000.\000\040\145\342\176\246\116\343\145\160\123\340}{chapter.100}% 2828
\BOOKMARK [1][-]{section.100.11}{\376\377\0001\0000\0000\000.\0001\0001\000.\000\040\122\151\117\131\200\332}{chapter.100}% 2829
\BOOKMARK [1][-]{section.100.12}{\376\377\0001\0000\0000\000.\0001\0002\000.\000\040\123\340\166\204\176\364\145\160}{chapter.100}% 2830
\BOOKMARK [1][-]{section.100.13}{\376\377\0001\0000\0000\000.\0001\0003\000.\000\040\134\100\220\350\116\015\123\357\176\246\140\047}{chapter.100}% 2831
\BOOKMARK [1][-]{section.100.14}{\376\377\0001\0000\0000\000.\0001\0004\000.\000\040\147\011\226\120\140\047\147\141\116\366\116\016\160\271}{chapter.100}% 2832
\BOOKMARK [0][-]{chapter.101}{\376\377\000C\000h\000a\000p\000t\000e\000r\000\040\0001\0000\0001\000.\000\040\116\343\145\160\123\340\166\204\140\001\134\004}{}% 2833
\BOOKMARK [1][-]{section.101.1}{\376\377\0001\0000\0001\000.\0001\000.\000\040\137\025\212\000}{chapter.101}% 2834
\BOOKMARK [1][-]{section.101.2}{\376\377\0001\0000\0001\000.\0002\000.\000\040\176\246\133\232\116\016\147\057\213\355\156\345\165\050}{chapter.101}% 2835
\BOOKMARK [1][-]{section.101.3}{\376\377\0001\0000\0001\000.\0003\000.\000\040\133\371\211\322\140\001\134\004\166\204\140\047\215\050}{chapter.101}% 2836
\BOOKMARK [1][-]{section.101.4}{\376\377\0001\0000\0001\000.\0004\000.\000\040\122\006\171\273\121\154\164\006}{chapter.101}% 2837
\BOOKMARK [1][-]{section.101.5}{\376\377\0001\0000\0001\000.\0005\000.\000\040\140\357\140\047\123\340}{chapter.101}% 2838
\BOOKMARK [1][-]{section.101.6}{\376\377\0001\0000\0001\000.\0006\000.\000\040\232\330\226\066\133\371\211\322\140\001\134\004}{chapter.101}% 2839
\BOOKMARK [1][-]{section.101.7}{\376\377\0001\0000\0001\000.\0007\000.\000\040\142\337\175\047\140\001\134\004}{chapter.101}% 2840
\BOOKMARK [1][-]{section.101.8}{\376\377\0001\0000\0001\000.\0008\000.\000\040\213\372\162\171\116\343\145\160\123\340}{chapter.101}% 2841
\BOOKMARK [1][-]{section.101.9}{\376\377\0001\0000\0001\000.\0009\000.\000\040\116\377\134\004\140\001\134\004}{chapter.101}% 2842
\BOOKMARK [1][-]{section.101.10}{\376\377\0001\0000\0001\000.\0001\0000\000.\000\040\145\164\140\001\134\004\116\016\147\011\226\120\140\001\134\004}{chapter.101}% 2843
\BOOKMARK [1][-]{section.101.11}{\376\377\0001\0000\0001\000.\0001\0001\000.\000\040\137\000\140\001\134\004}{chapter.101}% 2844
\BOOKMARK [1][-]{section.101.12}{\376\377\0001\0000\0001\000.\0001\0002\000.\000\040\125\106\146\040\134\004\140\001\134\004}{chapter.101}% 2845
\BOOKMARK [1][-]{section.101.13}{\376\377\0001\0000\0001\000.\0001\0003\000.\000\040\154\333\225\355\140\001\134\004}{chapter.101}% 2846
\BOOKMARK [1][-]{section.101.14}{\376\377\0001\0000\0001\000.\0001\0004\000.\000\040\154\333\123\125\134\004\140\001\134\004}{chapter.101}% 2847
\BOOKMARK [1][-]{section.101.15}{\376\377\0001\0000\0001\000.\0001\0005\000.\000\040\154\333\124\014\200\332}{chapter.101}% 2848
\BOOKMARK [1][-]{section.101.16}{\376\377\0001\0000\0001\000.\0001\0006\000.\000\040\127\050\156\220\116\016\227\166\116\012\121\111\156\321\134\100\220\350\166\204\140\001\134\004\174\173\127\213}{chapter.101}% 2849
\BOOKMARK [1][-]{section.101.17}{\376\377\0001\0000\0001\000.\0001\0007\000.\000\040\147\011\226\120\127\213\140\001\134\004}{chapter.101}% 2850
\BOOKMARK [1][-]{section.101.18}{\376\377\0001\0000\0001\000.\0001\0008\000.\000\040\147\011\226\120\127\213\160\271}{chapter.101}% 2851
\BOOKMARK [1][-]{section.101.19}{\376\377\0001\0000\0001\000.\0001\0009\000.\000\040\201\352\124\014\147\204\177\244}{chapter.101}% 2852
\BOOKMARK [1][-]{section.101.20}{\376\377\0001\0000\0001\000.\0002\0000\000.\000\040\210\150\163\260\116\016\116\343\145\160\123\340\166\204\140\047\215\050}{chapter.101}% 2853
\BOOKMARK [1][-]{section.101.21}{\376\377\0001\0000\0001\000.\0002\0001\000.\000\040\116\343\145\160\123\340\166\204\162\171\153\212\210\150\163\260}{chapter.101}% 2854
\BOOKMARK [1][-]{section.101.22}{\376\377\0001\0000\0001\000.\0002\0002\000.\000\040\000D\000e\000l\000i\000g\000n\000e\040\023\000M\000u\000m\000f\000o\000r\000d\000\040\217\150\217\371}{chapter.101}% 2855
\BOOKMARK [1][-]{section.101.23}{\376\377\0001\0000\0001\000.\0002\0003\000.\000\040\134\100\220\350\142\337\147\011\226\120\140\001\134\004}{chapter.101}% 2856
\BOOKMARK [1][-]{section.101.24}{\376\377\0001\0000\0001\000.\0002\0004\000.\000\040\142\337\147\011\226\120\140\001\134\004}{chapter.101}% 2857
\BOOKMARK [1][-]{section.101.25}{\376\377\0001\0000\0001\000.\0002\0005\000.\000\040\136\163\127\146\140\001\134\004}{chapter.101}% 2858
\BOOKMARK [1][-]{section.101.26}{\376\377\0001\0000\0001\000.\0002\0006\000.\000\040\127\050\116\000\160\271\131\004\136\163\127\146}{chapter.101}% 2859
\BOOKMARK [1][-]{section.101.27}{\376\377\0001\0000\0001\000.\0002\0007\000.\000\040\147\011\226\120\210\150\163\260\140\001\134\004}{chapter.101}% 2860
\BOOKMARK [1][-]{section.101.28}{\376\377\0001\0000\0001\000.\0002\0008\000.\000\040\200\332}{chapter.101}% 2861
\BOOKMARK [1][-]{section.101.29}{\376\377\0001\0000\0001\000.\0002\0009\000.\000\040\143\011\200\332\122\006\134\102}{chapter.101}% 2862
\BOOKMARK [1][-]{section.101.30}{\376\377\0001\0000\0001\000.\0003\0000\000.\000\040\116\343\145\160\123\340\166\204\142\323\142\121\172\172\225\364}{chapter.101}% 2863
\BOOKMARK [1][-]{section.101.31}{\376\377\0001\0000\0001\000.\0003\0001\000.\000\040\122\151\117\131\200\332\166\204\133\130\127\050\140\047}{chapter.101}% 2864
\BOOKMARK [1][-]{section.101.32}{\376\377\0001\0000\0001\000.\0003\0002\000.\000\040\000\311\000t\000a\000l\000e\000\040\134\100\220\350\176\323\147\204}{chapter.101}% 2865
\BOOKMARK [1][-]{section.101.33}{\376\377\0001\0000\0001\000.\0003\0003\000.\000\040\121\111\156\321\140\001\134\004}{chapter.101}% 2866
\BOOKMARK [1][-]{section.101.34}{\376\377\0001\0000\0001\000.\0003\0004\000.\000\040\127\050\156\220\116\016\227\166\116\012\000\040\000\351\000t\000a\000l\000e\040\023\121\111\156\321\134\100\220\350\166\204\140\001\134\004\174\173\127\213}{chapter.101}% 2867
\BOOKMARK [1][-]{section.101.35}{\376\377\0001\0000\0001\000.\0003\0005\000.\000\040\000\311\000t\000a\000l\000e\000\040\140\001\134\004}{chapter.101}% 2868
\BOOKMARK [1][-]{section.101.36}{\376\377\0001\0000\0001\000.\0003\0006\000.\000\040\227\136\122\006\153\147\140\001\134\004}{chapter.101}% 2869
\BOOKMARK [1][-]{section.101.37}{\376\377\0001\0000\0001\000.\0003\0007\000.\000\040\126\372\147\011\140\001\134\004}{chapter.101}% 2870
\BOOKMARK [1][-]{section.101.38}{\376\377\0001\0000\0001\000.\0003\0008\000.\000\040\151\202\137\142\213\272\120\317}{chapter.101}% 2871
\BOOKMARK [1][-]{section.101.39}{\376\377\0001\0000\0001\000.\0003\0009\000.\000\040\215\113\120\074\122\044\143\156}{chapter.101}% 2872
\BOOKMARK [1][-]{section.101.40}{\376\377\0001\0000\0001\000.\0004\0000\000.\000\040\173\054\116\214\133\371\211\322\140\001\134\004\166\204\215\113\120\074\122\044\143\156}{chapter.101}% 2873
\BOOKMARK [1][-]{section.101.41}{\376\377\0001\0000\0001\000.\0004\0001\000.\000\040\133\371\211\322\140\001\134\004\166\204\215\113\120\074\122\044\143\156}{chapter.101}% 2874
\BOOKMARK [1][-]{section.101.42}{\376\377\0001\0000\0001\000.\0004\0002\000.\000\040\154\333\225\355\140\047\166\204\215\113\120\074\122\044\143\156}{chapter.101}% 2875
\BOOKMARK [1][-]{section.101.43}{\376\377\0001\0000\0001\000.\0004\0003\000.\000\040\126\372\147\011\140\047\166\204\215\113\120\074\122\044\143\156}{chapter.101}% 2876
\BOOKMARK [1][-]{section.101.44}{\376\377\0001\0000\0001\000.\0004\0004\000.\000\040\134\100\220\350\133\214\121\150\116\244\140\001\134\004}{chapter.101}% 2877
\BOOKMARK [1][-]{section.101.45}{\376\377\0001\0000\0001\000.\0004\0005\000.\000\040\172\063\133\232\133\120\117\335\143\001\140\001\134\004}{chapter.101}% 2878
\BOOKMARK [1][-]{section.101.46}{\376\377\0001\0000\0001\000.\0004\0006\000.\000\040\153\143\211\304\123\026}{chapter.101}% 2879
\BOOKMARK [1][-]{section.101.47}{\376\377\0001\0000\0001\000.\0004\0007\000.\000\040\160\271\116\016\162\171\123\026}{chapter.101}% 2880
\BOOKMARK [1][-]{section.101.48}{\376\377\0001\0000\0001\000.\0004\0008\000.\000\040\220\002\133\234\116\343\145\160\123\340}{chapter.101}% 2881
\BOOKMARK [1][-]{section.101.49}{\376\377\0001\0000\0001\000.\0004\0009\000.\000\040\220\002\133\234\123\340\116\012\166\204\160\271}{chapter.101}% 2882
\BOOKMARK [1][-]{section.101.50}{\376\377\0001\0000\0001\000.\0005\0000\000.\000\040\145\164\116\343\145\160\123\340}{chapter.101}% 2883
\BOOKMARK [1][-]{section.101.51}{\376\377\0001\0000\0001\000.\0005\0001\000.\000\040\122\151\117\131\200\332}{chapter.101}% 2884
\BOOKMARK [0][-]{chapter.102}{\376\377\000C\000h\000a\000p\000t\000e\000r\000\040\0001\0000\0002\000.\000\040\116\343\145\160\123\340\166\204\147\201\226\120}{}% 2885
\BOOKMARK [1][-]{section.102.1}{\376\377\0001\0000\0002\000.\0001\000.\000\040\137\025\212\000}{chapter.102}% 2886
\BOOKMARK [1][-]{section.102.2}{\376\377\0001\0000\0002\000.\0002\000.\000\040\176\246\133\232}{chapter.102}% 2887
\BOOKMARK [1][-]{section.102.3}{\376\377\0001\0000\0002\000.\0003\000.\000\040\147\011\226\120\210\150\171\072\140\001\134\004}{chapter.102}% 2888
\BOOKMARK [1][-]{section.102.4}{\376\377\0001\0000\0002\000.\0004\000.\000\040\140\047\215\050\166\204\116\013\226\115}{chapter.102}% 2889
\BOOKMARK [1][-]{section.102.5}{\376\377\0001\0000\0002\000.\0005\000.\000\040\166\370\133\371\133\371\214\141\166\204\116\013\226\115}{chapter.102}% 2890
\BOOKMARK [1][-]{section.102.6}{\376\377\0001\0000\0002\000.\0006\000.\000\040\147\011\226\120\127\213\133\371\214\141\135\114\121\145\147\011\226\120\210\150\171\072\133\371\214\141}{chapter.102}% 2891
\BOOKMARK [1][-]{section.102.7}{\376\377\0001\0000\0002\000.\0007\000.\000\040\154\333\225\355\140\001\134\004}{chapter.102}% 2892
\BOOKMARK [0][-]{chapter.103}{\376\377\000C\000h\000a\000p\000t\000e\000r\000\040\0001\0000\0003\000.\000\040\116\343\145\160\123\340\166\204\116\012\124\014\214\003}{}% 2893
\BOOKMARK [1][-]{section.103.1}{\376\377\0001\0000\0003\000.\0001\000.\000\040\137\025\212\000}{chapter.103}% 2894
\BOOKMARK [1][-]{section.103.2}{\376\377\0001\0000\0003\000.\0002\000.\000\040\176\246\133\232\116\016\213\355\212\000\156\345\165\050}{chapter.103}% 2895
\BOOKMARK [1][-]{section.103.3}{\376\377\0001\0000\0003\000.\0003\000.\000\040\213\260\123\367}{chapter.103}% 2896
\BOOKMARK [1][-]{section.103.4}{\376\377\0001\0000\0003\000.\0004\000.\000\040\142\337\121\335\200\132\152\041\166\204\142\311\126\336}{chapter.103}% 2897
\BOOKMARK [1][-]{section.103.5}{\376\377\0001\0000\0003\000.\0005\000.\000\040\124\004\174\173\152\041\166\204\232\330\226\066\166\364\120\317}{chapter.103}% 2898
\BOOKMARK [1][-]{section.103.6}{\376\377\0001\0000\0003\000.\0006\000.\000\040\134\100\220\350\142\337\121\335\200\132\152\041}{chapter.103}% 2899
\BOOKMARK [1][-]{section.103.7}{\376\377\0001\0000\0003\000.\0007\000.\000\040\136\163\127\146\153\324\217\203\146\040\134\004}{chapter.103}% 2900
\BOOKMARK [1][-]{section.103.8}{\376\377\0001\0000\0003\000.\0008\000.\000\040\121\167\147\011\136\163\127\146\127\372\123\330\143\142\140\047\215\050\166\204\134\100\220\350\142\337\121\335\200\132\152\041}{chapter.103}% 2901
\BOOKMARK [1][-]{section.103.9}{\376\377\0001\0000\0003\000.\0009\000.\000\040\133\304\165\037\152\041}{chapter.103}% 2902
\BOOKMARK [1][-]{section.103.10}{\376\377\0001\0000\0003\000.\0001\0000\000.\000\040\142\337\121\335\200\132\152\041}{chapter.103}% 2903
\BOOKMARK [1][-]{section.103.11}{\376\377\0001\0000\0003\000.\0001\0001\000.\000\040\142\337\121\335\200\132\152\041\166\204\166\364\120\317}{chapter.103}% 2904
\BOOKMARK [1][-]{section.103.12}{\376\377\0001\0000\0003\000.\0001\0002\000.\000\040\121\163\116\216\142\337\121\335\200\132\152\041\166\204\217\333\116\000\153\145\213\364\146\016}{chapter.103}% 2905
\BOOKMARK [1][-]{section.103.13}{\376\377\0001\0000\0003\000.\0001\0003\000.\000\040\117\131\147\201\226\120\116\016\116\012\124\014\214\003}{chapter.103}% 2906
\BOOKMARK [1][-]{section.103.14}{\376\377\0001\0000\0003\000.\0001\0004\000.\000\040\121\111\156\321\000-\000\351\000t\000a\000l\000e\000\040\000s\000i\000t\000e\000\040\116\016\136\163\127\146\000-\000f\000p\000p\000f\000\040\000s\000i\000t\000e}{chapter.103}% 2907
\BOOKMARK [1][-]{section.103.15}{\376\377\0001\0000\0003\000.\0001\0005\000.\000\040\121\111\156\321\000-\000\351\000t\000a\000l\000e\000\040\000s\000i\000t\000e\000\040\116\016\136\163\127\146\000-\000f\000p\000p\000f\000\040\000s\000i\000t\000e\000\040\166\204\121\375\133\120\140\047}{chapter.103}% 2908
\BOOKMARK [1][-]{section.103.16}{\376\377\0001\0000\0003\000.\0001\0006\000.\000\040\142\337\121\335\200\132\152\041\116\016\121\111\156\321\000-\000\351\000t\000a\000l\000e\000\040\000s\000i\000t\000e\060\001\136\163\127\146\000-\000f\000p\000p\000f\000\040\000s\000i\000t\000e}{chapter.103}% 2909
\BOOKMARK [1][-]{section.103.17}{\376\377\0001\0000\0003\000.\0001\0007\000.\000\040\134\100\220\350\000\040\000N\000o\000e\000t\000h\000e\000r\000\040\123\340\116\012\166\204\121\335\200\132\134\102}{chapter.103}% 2910
\BOOKMARK [1][-]{section.103.18}{\376\377\0001\0000\0003\000.\0001\0008\000.\000\040\000N\000o\000e\000t\000h\000e\000r\000\040\123\340\116\012\166\204\121\335\200\132\134\102}{chapter.103}% 2911
\BOOKMARK [0][-]{chapter.104}{\376\377\000C\000h\000a\000p\000t\000e\000r\000\040\0001\0000\0004\000.\000\040\123\340\166\204\133\374\121\372\203\003\165\164}{}% 2912
\BOOKMARK [1][-]{section.104.1}{\376\377\0001\0000\0004\000.\0001\000.\000\040\137\025\212\000}{chapter.104}% 2913
\BOOKMARK [1][-]{section.104.2}{\376\377\0001\0000\0004\000.\0002\000.\000\040\176\246\133\232\060\001\213\260\123\367\116\016\213\355\212\000\156\345\165\050}{chapter.104}% 2914
\BOOKMARK [1][-]{section.104.3}{\376\377\0001\0000\0004\000.\0003\000.\000\040\121\111\156\321\000-\000\351\000t\000a\000l\000e\000\040\000s\000i\000t\000e\000\040\116\016\136\163\127\146\000-\000f\000p\000p\000f\000\040\000s\000i\000t\000e}{chapter.104}% 2915
\BOOKMARK [1][-]{section.104.4}{\376\377\0001\0000\0004\000.\0004\000.\000\040\116\012\124\014\214\003\116\016\121\111\156\321\000-\000\351\000t\000a\000l\000e\060\001\136\163\127\146\000-\000f\000p\000p\000f\000\040\000s\000i\000t\000e}{chapter.104}% 2916
\BOOKMARK [1][-]{section.104.5}{\376\377\0001\0000\0004\000.\0005\000.\000\040\142\337\121\335\200\132\152\041\166\204\133\374\121\372\203\003\165\164}{chapter.104}% 2917
\BOOKMARK [1][-]{section.104.6}{\376\377\0001\0000\0004\000.\0006\000.\000\040\142\337\121\335\200\132\152\041\166\204\133\374\121\372\166\364\120\317}{chapter.104}% 2918
\BOOKMARK [1][-]{section.104.7}{\376\377\0001\0000\0004\000.\0007\000.\000\040\142\337\121\335\200\132\152\041\166\204\133\374\121\372\142\311\126\336}{chapter.104}% 2919
\BOOKMARK [1][-]{section.104.8}{\376\377\0001\0000\0004\000.\0008\000.\000\040\133\374\121\372\203\003\165\164\116\055\166\204\142\337\121\335\200\132\133\371\214\141}{chapter.104}% 2920
\BOOKMARK [0][-]{chapter.105}{\376\377\000C\000h\000a\000p\000t\000e\000r\000\040\0001\0000\0005\000.\000\040\116\343\145\160\123\340\133\374\213\272}{}% 2921
\BOOKMARK [1][-]{section.105.1}{\376\377\0001\0000\0005\000.\0001\000.\000\040\116\072\116\300\116\110\226\005\213\373\147\054\172\340\377\037}{chapter.105}% 2922
\BOOKMARK [1][-]{section.105.2}{\376\377\0001\0000\0005\000.\0002\000.\000\040\230\204\131\007\167\345\213\306}{chapter.105}% 2923
\BOOKMARK [1][-]{section.105.3}{\376\377\0001\0000\0005\000.\0003\000.\000\040\151\055\127\006\146\362\176\277\166\204\152\041\123\340}{chapter.105}% 2924
\BOOKMARK [1][-]{section.105.4}{\376\377\0001\0000\0005\000.\0004\000.\000\040\176\244\176\364\171\357}{chapter.105}% 2925
\BOOKMARK [1][-]{section.105.5}{\376\377\0001\0000\0005\000.\0005\000.\000\040\133\232\116\111}{chapter.105}% 2926
\BOOKMARK [1][-]{section.105.6}{\376\377\0001\0000\0005\000.\0006\000.\000\040\116\000\116\052\121\111\156\321\211\206\166\326}{chapter.105}% 2927
\BOOKMARK [1][-]{section.105.7}{\376\377\0001\0000\0005\000.\0007\000.\000\040\116\343\145\160\123\340\166\204\140\047\215\050}{chapter.105}% 2928
\BOOKMARK [0][-]{chapter.106}{\376\377\000C\000h\000a\000p\000t\000e\000r\000\040\0001\0000\0006\000.\000\040\123\340\140\001\134\004\166\204\217\333\116\000\153\145\213\250\213\272}{}% 2929
\BOOKMARK [1][-]{section.106.1}{\376\377\0001\0000\0006\000.\0001\000.\000\040\137\025\212\000}{chapter.106}% 2930
\BOOKMARK [1][-]{section.106.2}{\376\377\0001\0000\0006\000.\0002\000.\000\040\176\246\133\232\116\016\213\355\212\000\116\012\166\204\173\200\123\026}{chapter.106}% 2931
\BOOKMARK [1][-]{section.106.3}{\376\377\0001\0000\0006\000.\0003\000.\000\040\130\236\123\232}{chapter.106}% 2932
\BOOKMARK [1][-]{section.106.4}{\376\377\0001\0000\0006\000.\0004\000.\000\040\130\236\123\232\166\204\140\001\134\004}{chapter.106}% 2933
\BOOKMARK [1][-]{section.106.5}{\376\377\0001\0000\0006\000.\0005\000.\000\040\116\343\145\160\123\340\166\204\145\340\172\167\134\017\137\142\123\330}{chapter.106}% 2934
\BOOKMARK [1][-]{section.106.6}{\376\377\0001\0000\0006\000.\0006\000.\000\040\116\377\134\004\151\202\137\142\166\204\143\320\123\107}{chapter.106}% 2935
\BOOKMARK [1][-]{section.106.7}{\376\377\0001\0000\0006\000.\0007\000.\000\040\145\340\172\167\134\017\137\142\123\330}{chapter.106}% 2936
\BOOKMARK [1][-]{section.106.8}{\376\377\0001\0000\0006\000.\0008\000.\000\040\137\142\137\017\121\111\156\321\140\001\134\004}{chapter.106}% 2937
\BOOKMARK [1][-]{section.106.9}{\376\377\0001\0000\0006\000.\0009\000.\000\040\124\071\215\167\116\016\136\163\127\146\140\047}{chapter.106}% 2938
\BOOKMARK [1][-]{section.106.10}{\376\377\0001\0000\0006\000.\0001\0000\000.\000\040\116\343\145\160\123\340\166\204\000\040\000C\000h\000o\000w\000\040\137\025\164\006}{chapter.106}% 2939
\BOOKMARK [1][-]{section.106.11}{\376\377\0001\0000\0006\000.\0001\0001\000.\000\040\000N\000o\000e\000t\000h\000e\000r\000\040\215\113\120\074\122\044\143\156}{chapter.106}% 2940
\BOOKMARK [1][-]{section.106.12}{\376\377\0001\0000\0006\000.\0001\0002\000.\000\040\152\041\172\172\225\364}{chapter.106}% 2941
\BOOKMARK [1][-]{section.106.13}{\376\377\0001\0000\0006\000.\0001\0003\000.\000\040\000K\000e\000e\000l\040\023\000M\000o\000r\000i\000\040\133\232\164\006}{chapter.106}% 2942
\BOOKMARK [1][-]{section.106.14}{\376\377\0001\0000\0006\000.\0001\0004\000.\000\040\152\041\172\172\225\364\166\204\140\047\215\050}{chapter.106}% 2943
\BOOKMARK [1][-]{section.106.15}{\376\377\0001\0000\0006\000.\0001\0005\000.\000\040\123\340\116\016\000\040\000f\000p\000q\000c\000\040\211\206\166\326}{chapter.106}% 2944
\BOOKMARK [1][-]{section.106.16}{\376\377\0001\0000\0006\000.\0001\0006\000.\000\040\137\040\221\317\121\375\133\120}{chapter.106}% 2945
\BOOKMARK [0][-]{chapter.107}{\376\377\000C\000h\000a\000p\000t\000e\000r\000\040\0001\0000\0007\000.\000\040\116\343\145\160\123\340\166\204\121\340\117\125}{}% 2946
\BOOKMARK [1][-]{section.107.1}{\376\377\0001\0000\0007\000.\0001\000.\000\040\137\025\212\000}{chapter.107}% 2947
\BOOKMARK [1][-]{section.107.2}{\376\377\0001\0000\0007\000.\0002\000.\000\040\123\112\220\032\165\050\163\257}{chapter.107}% 2948
\BOOKMARK [1][-]{section.107.3}{\376\377\0001\0000\0007\000.\0003\000.\000\040\116\343\145\160\123\340\124\004\116\015\123\357\176\246\122\006\145\057\166\204\221\315\145\160}{chapter.107}% 2949
\BOOKMARK [1][-]{section.107.4}{\376\377\0001\0000\0007\000.\0004\000.\000\040\137\142\137\017\122\006\145\057\116\016\221\315\145\160}{chapter.107}% 2950
\BOOKMARK [1][-]{section.107.5}{\376\377\0001\0000\0007\000.\0005\000.\000\040\116\343\145\160\123\340\166\204\176\364\145\160\164\006\213\272}{chapter.107}% 2951
\BOOKMARK [1][-]{section.107.6}{\376\377\0001\0000\0007\000.\0006\000.\000\040\134\100\220\350\163\257\166\204\176\364\145\160}{chapter.107}% 2952
\BOOKMARK [0][-]{chapter.108}{\376\377\000C\000h\000a\000p\000t\000e\000r\000\040\0001\0000\0008\000.\000\040\152\041\123\340}{}% 2953
\BOOKMARK [1][-]{section.108.1}{\376\377\0001\0000\0008\000.\0001\000.\000\040\137\025\212\000}{chapter.108}% 2954
\BOOKMARK [1][-]{section.108.2}{\376\377\0001\0000\0008\000.\0002\000.\000\040\176\246\133\232\116\016\213\355\212\000\156\345\165\050}{chapter.108}% 2955
\BOOKMARK [1][-]{section.108.3}{\376\377\0001\0000\0008\000.\0003\000.\000\040\000H\000o\000m\000\040\116\016\000\040\000I\000s\000o\000m\000\040\166\204\140\047\215\050}{chapter.108}% 2956
\BOOKMARK [1][-]{section.108.4}{\376\377\0001\0000\0008\000.\0004\000.\000\040\121\335\200\132\134\102\166\204\123\340\166\204\140\047\215\050}{chapter.108}% 2957
\BOOKMARK [1][-]{section.108.5}{\376\377\0001\0000\0008\000.\0005\000.\000\040\000Q\000u\000o\000t\000\040\166\204\140\047\215\050}{chapter.108}% 2958
\BOOKMARK [1][-]{section.108.6}{\376\377\0001\0000\0008\000.\0006\000.\000\040\000Q\000u\000o\000t\000\040\166\204\147\011\165\114\140\047}{chapter.108}% 2959
\BOOKMARK [1][-]{section.108.7}{\376\377\0001\0000\0008\000.\0007\000.\000\040\000H\000i\000l\000b\000e\000r\000t\000\040\121\375\133\120\166\204\140\047\215\050}{chapter.108}% 2960
\BOOKMARK [1][-]{section.108.8}{\376\377\0001\0000\0008\000.\0008\000.\000\040\000P\000i\000c\000a\000r\000d\000\040\123\340\166\204\140\047\215\050}{chapter.108}% 2961
\BOOKMARK [1][-]{section.108.9}{\376\377\0001\0000\0008\000.\0009\000.\000\040\000P\000i\000c\000a\000r\000d\000\040\121\375\133\120\166\204\140\047\215\050}{chapter.108}% 2962
\BOOKMARK [1][-]{section.108.10}{\376\377\0001\0000\0008\000.\0001\0000\000.\000\040\166\370\133\371\140\001\134\004\166\204\140\047\215\050}{chapter.108}% 2963
\BOOKMARK [1][-]{section.108.11}{\376\377\0001\0000\0008\000.\0001\0001\000.\000\040\147\201\123\026\167\037\151\202\137\142\123\340\166\204\140\047\215\050}{chapter.108}% 2964
\BOOKMARK [1][-]{section.108.12}{\376\377\0001\0000\0008\000.\0001\0002\000.\000\040\167\037\140\001\134\004\116\012\131\015\137\142\152\041\172\172\225\364\166\204\140\047\215\050}{chapter.108}% 2965
\BOOKMARK [0][-]{chapter.109}{\376\377\000C\000h\000a\000p\000t\000e\000r\000\040\0001\0000\0009\000.\000\040\146\362\176\277\152\041\172\172\225\364}{}% 2966
\BOOKMARK [1][-]{section.109.1}{\376\377\0001\0000\0009\000.\0001\000.\000\040\137\025\212\000}{chapter.109}% 2967
\BOOKMARK [1][-]{section.109.2}{\376\377\0001\0000\0009\000.\0002\000.\000\040\176\246\133\232\116\016\213\355\212\000\156\345\165\050}{chapter.109}% 2968
\BOOKMARK [1][-]{section.109.3}{\376\377\0001\0000\0009\000.\0003\000.\000\040\146\362\176\277\123\340}{chapter.109}% 2969
\BOOKMARK [1][-]{section.109.4}{\376\377\0001\0000\0009\000.\0004\000.\000\040\147\201\123\026\146\362\176\277\123\340}{chapter.109}% 2970
\BOOKMARK [1][-]{section.109.5}{\376\377\0001\0000\0009\000.\0005\000.\000\040\146\362\176\277\123\340\166\204\140\047\215\050}{chapter.109}% 2971
\BOOKMARK [1][-]{section.109.6}{\376\377\0001\0000\0009\000.\0006\000.\000\040\146\362\176\277\123\340\166\204\137\000\133\120\123\340}{chapter.109}% 2972
\BOOKMARK [1][-]{section.109.7}{\376\377\0001\0000\0009\000.\0007\000.\000\040\121\167\147\011\147\011\226\120\176\246\123\026\201\352\124\014\147\204\177\244\166\204\146\362\176\277}{chapter.109}% 2973
\BOOKMARK [1][-]{section.109.8}{\376\377\0001\0000\0009\000.\0008\000.\000\040\000C\000o\000h\000e\000n\040\023\000M\000a\000c\000a\000u\000l\000a\000y\000\040\146\362\176\277}{chapter.109}% 2974
\BOOKMARK [1][-]{section.109.9}{\376\377\0001\0000\0009\000.\0009\000.\000\040\176\331\133\232\116\217\150\074\166\204\146\362\176\277}{chapter.109}% 2975
\BOOKMARK [1][-]{section.109.10}{\376\377\0001\0000\0009\000.\0001\0000\000.\000\040\121\340\117\125\176\246\123\026\146\362\176\277}{chapter.109}% 2976
\BOOKMARK [1][-]{section.109.11}{\376\377\0001\0000\0009\000.\0001\0001\000.\000\040\121\340\117\125\176\246\123\026\116\024\217\336\220\032\166\204\146\362\176\277}{chapter.109}% 2977
\BOOKMARK [1][-]{section.109.12}{\376\377\0001\0000\0009\000.\0001\0002\000.\000\040\000G\000o\000r\000e\000n\000s\000t\000e\000i\000n\000\040\146\362\176\277}{chapter.109}% 2978
\BOOKMARK [1][-]{section.109.13}{\376\377\0001\0000\0009\000.\0001\0003\000.\000\040\134\100\220\350\133\214\121\150\116\244\146\362\176\277}{chapter.109}% 2979
\BOOKMARK [1][-]{section.109.14}{\376\377\0001\0000\0009\000.\0001\0004\000.\000\040\121\167\147\011\133\144\172\313\131\107\160\271\166\204\146\362\176\277}{chapter.109}% 2980
\BOOKMARK [1][-]{section.109.15}{\376\377\0001\0000\0009\000.\0001\0005\000.\000\040\146\362\176\277\123\340\166\204\121\111\156\321\217\150\217\371}{chapter.109}% 2981
\BOOKMARK [1][-]{section.109.16}{\376\377\0001\0000\0009\000.\0001\0006\000.\000\040\121\111\156\321\146\362\176\277}{chapter.109}% 2982
\BOOKMARK [1][-]{section.109.17}{\376\377\0001\0000\0009\000.\0001\0007\000.\000\040\121\111\156\321\146\362\176\277\166\204\172\040\133\306\140\047}{chapter.109}% 2983
\BOOKMARK [1][-]{section.109.18}{\376\377\0001\0000\0009\000.\0001\0008\000.\000\040\176\323\160\271\146\362\176\277}{chapter.109}% 2984
\BOOKMARK [1][-]{section.109.19}{\376\377\0001\0000\0009\000.\0001\0009\000.\000\040\166\370\133\371\133\371\120\166\134\102}{chapter.109}% 2985
\BOOKMARK [1][-]{section.109.20}{\376\377\0001\0000\0009\000.\0002\0000\000.\000\040\230\204\172\063\133\232\146\362\176\277}{chapter.109}% 2986
\BOOKMARK [1][-]{section.109.21}{\376\377\0001\0000\0009\000.\0002\0001\000.\000\040\123\112\172\063\133\232\146\362\176\277}{chapter.109}% 2987
\BOOKMARK [1][-]{section.109.22}{\376\377\0001\0000\0009\000.\0002\0002\000.\000\040\172\063\133\232\146\362\176\277}{chapter.109}% 2988
\BOOKMARK [1][-]{section.109.23}{\376\377\0001\0000\0009\000.\0002\0003\000.\000\040\145\066\177\051\140\001\134\004}{chapter.109}% 2989
\BOOKMARK [1][-]{section.109.24}{\376\377\0001\0000\0009\000.\0002\0004\000.\000\040\172\063\133\232\176\246\123\026\133\232\164\006}{chapter.109}% 2990
\BOOKMARK [1][-]{section.109.25}{\376\377\0001\0000\0009\000.\0002\0005\000.\000\040\172\063\133\232\146\362\176\277\123\340\166\204\140\047\215\050}{chapter.109}% 2991
\BOOKMARK [0][-]{chapter.110}{\376\377\000C\000h\000a\000p\000t\000e\000r\000\040\0001\0001\0000\000.\000\040\117\213}{}% 2992
\BOOKMARK [1][-]{section.110.1}{\376\377\0001\0001\0000\000.\0001\000.\000\040\137\025\212\000}{chapter.110}% 2993
\BOOKMARK [1][-]{section.110.2}{\376\377\0001\0001\0000\000.\0002\000.\000\040\172\172\166\204\147\201\226\120}{chapter.110}% 2994
\BOOKMARK [1][-]{section.110.3}{\376\377\0001\0001\0000\000.\0003\000.\000\040\226\366\147\201\226\120}{chapter.110}% 2995
\BOOKMARK [1][-]{section.110.4}{\376\377\0001\0001\0000\000.\0004\000.\000\040\142\337\175\047\172\172\225\364\166\204\227\136\142\337\175\047\220\006\147\201\226\120}{chapter.110}% 2996
\BOOKMARK [1][-]{section.110.5}{\376\377\0001\0001\0000\000.\0005\000.\000\040\176\244\176\364\171\357\116\012\166\204\176\323\147\204\134\102}{chapter.110}% 2997
\BOOKMARK [1][-]{section.110.6}{\376\377\0001\0001\0000\000.\0006\000.\000\040\116\000\116\052\227\136\145\164\166\204\217\336\220\032\151\202\137\142\377\014\121\166\134\100\220\350\163\257\127\107\116\072\145\164\163\257}{chapter.110}% 2998
\BOOKMARK [1][-]{section.110.7}{\376\377\0001\0001\0000\000.\0007\000.\000\040\227\136\133\214\131\007\166\204\133\214\131\007\123\026}{chapter.110}% 2999
\BOOKMARK [1][-]{section.110.8}{\376\377\0001\0001\0000\000.\0008\000.\000\040\227\136\133\214\131\007\125\106}{chapter.110}% 3000
\BOOKMARK [1][-]{section.110.9}{\376\377\0001\0001\0000\000.\0009\000.\000\040\133\214\131\007\123\026\116\015\153\143\124\010}{chapter.110}% 3001
\BOOKMARK [1][-]{section.110.10}{\376\377\0001\0001\0000\000.\0001\0000\000.\000\040\133\214\131\007\152\041\203\003\165\164\116\015\146\057\000\040\000A\000b\000e\000l\000\040\203\003\165\164}{chapter.110}% 3002
\BOOKMARK [1][-]{section.110.11}{\376\377\0001\0001\0000\000.\0001\0001\000.\000\040\133\374\121\372\133\214\131\007\152\041\203\003\165\164}{chapter.110}% 3003
\BOOKMARK [1][-]{section.110.12}{\376\377\0001\0001\0000\000.\0001\0002\000.\000\040\227\136\136\163\127\146\133\214\131\007\123\026}{chapter.110}% 3004
\BOOKMARK [1][-]{section.110.13}{\376\377\0001\0001\0000\000.\0001\0003\000.\000\040\142\337\121\335\200\132\152\041\166\204\227\136\000\040\000A\000b\000e\000l\000\040\203\003\165\164}{chapter.110}% 3005
\BOOKMARK [1][-]{section.110.14}{\376\377\0001\0001\0000\000.\0001\0004\000.\000\040\134\100\220\350\123\357\122\006\210\302\166\204\116\015\123\357\122\006\210\302\136\217\122\027}{chapter.110}% 3006
\BOOKMARK [1][-]{section.110.15}{\376\377\0001\0001\0000\000.\0001\0005\000.\000\040\153\143\122\031\136\217\122\027\116\016\127\372\123\330\143\142}{chapter.110}% 3007
\BOOKMARK [1][-]{section.110.16}{\376\377\0001\0001\0000\000.\0001\0006\000.\000\040\145\340\226\120\176\364\000\040\000N\000o\000e\000t\000h\000e\000r\000\040\163\257}{chapter.110}% 3008
\BOOKMARK [1][-]{section.110.17}{\376\377\0001\0001\0000\000.\0001\0007\000.\000\040\133\214\131\007\123\026\227\136\176\246\123\026\166\204\134\100\220\350\163\257}{chapter.110}% 3009
\BOOKMARK [1][-]{section.110.18}{\376\377\0001\0001\0000\000.\0001\0008\000.\000\040\123\346\116\000\116\052\133\214\131\007\123\026\227\136\176\246\123\026\166\204\134\100\220\350\163\257}{chapter.110}% 3010
\BOOKMARK [1][-]{section.110.19}{\376\377\0001\0001\0000\000.\0001\0009\000.\000\040\116\000\116\052\227\136\224\376\162\266\000\040\000N\000o\000e\000t\000h\000e\000r\000\040\134\100\220\350\163\257}{chapter.110}% 3011
\BOOKMARK [1][-]{section.110.20}{\376\377\0001\0001\0000\000.\0002\0000\000.\000\040\116\015\202\157\000\040\000N\000o\000e\000t\000h\000e\000r\000\040\134\100\220\350\163\257\166\204\133\130\127\050\140\047}{chapter.110}% 3012
\BOOKMARK [1][-]{section.110.21}{\376\377\0001\0001\0000\000.\0002\0001\000.\000\040\000N\000o\000e\000t\000h\000e\000r\000\040\000J\000a\000c\000o\000b\000s\000o\000n\000\040\163\257\116\055\166\204\176\364\145\160}{chapter.110}% 3013
\BOOKMARK [1][-]{section.110.22}{\376\377\0001\0001\0000\000.\0002\0002\000.\000\040\136\225\172\172\225\364\116\072\000\040\000N\000o\000e\000t\000h\000e\000r\000\040\200\014\151\202\137\142\227\136\000\040\000N\000o\000e\000t\000h\000e\000r}{chapter.110}% 3014
\BOOKMARK [1][-]{section.110.23}{\376\377\0001\0001\0000\000.\0002\0003\000.\000\040\153\143\211\304\123\026\142\337\116\377\134\004\166\204\227\136\142\337\116\377\134\004\174\007}{chapter.110}% 3015
\BOOKMARK [1][-]{section.110.24}{\376\377\0001\0001\0000\000.\0002\0004\000.\000\040\123\326\151\202\137\142\213\272\120\317}{chapter.110}% 3016
\BOOKMARK [1][-]{section.110.25}{\376\377\0001\0001\0000\000.\0002\0005\000.\000\040\134\100\220\350\225\355\133\120\226\306\166\204\120\317}{chapter.110}% 3017
\BOOKMARK [1][-]{section.110.26}{\376\377\0001\0001\0000\000.\0002\0006\000.\000\040\116\015\127\050\225\355\133\120\151\202\137\142\116\055\137\000\166\204\134\100\220\350\225\355\133\120\151\202\137\142}{chapter.110}% 3018
\BOOKMARK [1][-]{section.110.27}{\376\377\0001\0001\0000\000.\0002\0007\000.\000\040\124\010\220\002\137\000\226\306\166\204\116\015\133\130\127\050\140\047}{chapter.110}% 3019
\BOOKMARK [1][-]{section.110.28}{\376\377\0001\0001\0000\000.\0002\0008\000.\000\040\142\337\175\047\172\040\133\306\137\000\133\120\151\202\137\142\166\204\116\015\133\130\127\050\140\047}{chapter.110}% 3020
\BOOKMARK [1][-]{section.110.29}{\376\377\0001\0001\0000\000.\0002\0009\000.\000\040\116\343\145\160\172\172\225\364\116\012\166\204\116\377\134\004\151\202\137\142}{chapter.110}% 3021
\BOOKMARK [1][-]{section.110.30}{\376\377\0001\0001\0000\000.\0003\0000\000.\000\040\142\337\121\335\200\132\152\041\166\204\143\250\122\115}{chapter.110}% 3022
\BOOKMARK [1][-]{section.110.31}{\376\377\0001\0001\0000\000.\0003\0001\000.\000\040\227\136\147\011\226\120\165\037\142\020\200\014\203\016\116\072\171\351\000\040\0001\000\040\147\011\226\120\201\352\165\061\166\204\152\041}{chapter.110}% 3023
\BOOKMARK [1][-]{section.110.32}{\376\377\0001\0001\0000\000.\0003\0002\000.\000\040\127\050\203\016\116\055\123\357\220\006\117\106\147\054\216\253\116\015\123\357\220\006\166\204\164\006\140\363}{chapter.110}% 3024
\BOOKMARK [1][-]{section.110.33}{\376\377\0001\0001\0000\000.\0003\0003\000.\000\040\227\136\142\225\134\004\166\204\147\011\226\120\136\163\127\146\152\041}{chapter.110}% 3025
\BOOKMARK [1][-]{section.110.34}{\376\377\0001\0001\0000\000.\0003\0004\000.\000\040\227\136\134\100\220\350\201\352\165\061\166\204\142\225\134\004\152\041}{chapter.110}% 3026
\BOOKMARK [1][-]{section.110.35}{\376\377\0001\0001\0000\000.\0003\0005\000.\000\040\121\167\147\011\227\136\226\366\136\163\127\146\164\006\140\363\166\204\226\366\176\364\134\100\220\350\163\257}{chapter.110}% 3027
\BOOKMARK [1][-]{section.110.36}{\376\377\0001\0001\0000\000.\0003\0006\000.\000\040\227\136\156\341\134\004\166\204\226\366\176\364\163\257\116\012\140\001\134\004}{chapter.110}% 3028
\BOOKMARK [1][-]{section.110.37}{\376\377\0001\0001\0000\000.\0003\0007\000.\000\040\147\011\226\120\127\213\060\001\227\136\147\011\226\120\210\150\171\072\060\001\127\050\175\040\164\006\140\363\131\004\136\163\127\146}{chapter.110}% 3029
\BOOKMARK [1][-]{section.110.38}{\376\377\0001\0001\0000\000.\0003\0008\000.\000\040\147\011\226\120\127\213\060\001\136\163\127\146\117\106\227\136\147\011\226\120\210\150\171\072}{chapter.110}% 3030
\BOOKMARK [1][-]{section.110.39}{\376\377\0001\0001\0000\000.\0003\0009\000.\000\040\147\011\226\120\127\213\163\257\146\040\134\004\166\204\142\323\142\121}{chapter.110}% 3031
\BOOKMARK [1][-]{section.110.40}{\376\377\0001\0001\0000\000.\0004\0000\000.\000\040\176\257\117\106\227\136\154\333\176\257}{chapter.110}% 3032
\BOOKMARK [1][-]{section.110.41}{\376\377\0001\0001\0000\000.\0004\0001\000.\000\040\227\136\136\163\127\146\166\204\137\142\137\017\121\111\156\321\163\257\146\040\134\004}{chapter.110}% 3033
\BOOKMARK [1][-]{section.110.42}{\376\377\0001\0001\0000\000.\0004\0002\000.\000\040\227\136\136\163\127\146\166\204\137\142\137\017\000\040\000\351\000t\000a\000l\000e\000\040\163\257\146\040\134\004}{chapter.110}% 3034
\BOOKMARK [1][-]{section.110.43}{\376\377\0001\0001\0000\000.\0004\0003\000.\000\040\117\131\122\007\131\015\137\142\227\136\136\163\121\341\166\204\137\142\137\017\000\040\000\351\000t\000a\000l\000e\000\040\163\257\146\040\134\004}{chapter.110}% 3035
\BOOKMARK [1][-]{section.110.44}{\376\377\0001\0001\0000\000.\0004\0004\000.\000\040\136\163\127\146\116\024\137\142\137\017\227\136\122\006\153\147\136\166\116\015\205\164\124\053\137\142\137\017\000\040\000\351\000t\000a\000l\000e}{chapter.110}% 3036
\BOOKMARK [1][-]{section.110.45}{\376\377\0001\0001\0000\000.\0004\0005\000.\000\040\165\061\136\102\173\111\121\103\226\306\124\010\165\037\142\020\166\204\164\006\140\363\116\016\134\100\220\350\123\026}{chapter.110}% 3037
\BOOKMARK [1][-]{section.110.46}{\376\377\0001\0001\0000\000.\0004\0006\000.\000\040\213\306\122\053\134\100\220\350\163\257\117\106\136\166\227\136\000\040\000i\000n\000d\000-\000\351\000t\000a\000l\000e\000\040\166\204\163\257\146\040\134\004}{chapter.110}% 3038
\BOOKMARK [1][-]{section.110.47}{\376\377\0001\0001\0000\000.\0004\0007\000.\000\040\116\016\121\205\134\004\152\041\117\064\226\217\166\204\227\136\147\176\137\033\142\337\121\335\200\132\134\102}{chapter.110}% 3039
\BOOKMARK [1][-]{section.110.48}{\376\377\0001\0001\0000\000.\0004\0008\000.\000\040\227\136\122\006\171\273\136\163\127\146\177\244\151\202\137\142}{chapter.110}% 3040
\BOOKMARK [1][-]{section.110.49}{\376\377\0001\0001\0000\000.\0004\0009\000.\000\040\123\125\117\115\122\006\145\057\136\163\127\146\166\204\227\136\136\163\127\146\177\244\151\202\137\142}{chapter.110}% 3041
\BOOKMARK [1][-]{section.110.50}{\376\377\0001\0001\0000\000.\0005\0000\000.\000\040\127\337\116\012\166\204\227\136\122\006\171\273\177\244\116\343\145\160\172\172\225\364}{chapter.110}% 3042
\BOOKMARK [1][-]{section.110.51}{\376\377\0001\0001\0000\000.\0005\0001\000.\000\040\000\351\000t\000a\000l\000e\000\040\140\001\134\004\176\244\176\364\116\055\124\004\160\271\116\113\225\364\166\204\116\023\123\026}{chapter.110}% 3043
\BOOKMARK [1][-]{section.110.52}{\376\377\0001\0001\0000\000.\0005\0002\000.\000\040\116\015\146\057\000\040\000f\000p\000p\000f\000\040\143\040\133\120\166\204\143\040\133\120}{chapter.110}% 3044
\BOOKMARK [1][-]{section.110.53}{\376\377\0001\0001\0000\000.\0005\0003\000.\000\040\121\167\147\011\142\337\175\047\136\163\127\146\211\206\166\326\117\106\227\136\116\343\145\160\166\204\123\340}{chapter.110}% 3045
\BOOKMARK [1][-]{section.110.54}{\376\377\0001\0001\0000\000.\0005\0004\000.\000\040\127\050\133\371\214\141\116\012\117\335\143\001\147\201\226\120\377\014\117\106\116\015\117\335\143\001\147\201\226\120}{chapter.110}% 3046
\BOOKMARK [1][-]{section.110.55}{\376\377\0001\0001\0000\000.\0005\0005\000.\000\040\116\000\116\052\227\136\116\343\145\160\122\006\174\173\123\340}{chapter.110}% 3047
\BOOKMARK [1][-]{section.110.56}{\376\377\0001\0001\0000\000.\0005\0006\000.\000\040\121\167\147\011\142\337\175\047\136\163\127\146\211\206\166\326\117\106\227\136\116\343\145\160\166\204\134\102}{chapter.110}% 3048
\BOOKMARK [1][-]{section.110.57}{\376\377\0001\0001\0000\000.\0005\0007\000.\000\040\000\351\000t\000a\000l\000e\000\040\142\323\142\121\116\016\000\040\000Z\000a\000r\000i\000s\000k\000i\000\040\211\206\166\326\123\312\147\011\226\120\000\040\000\351\000t\000a\000l\000e\000\040\211\206\166\326\166\204\153\324\217\203}{chapter.110}% 3049
\BOOKMARK [1][-]{section.110.58}{\376\377\0001\0001\0000\000.\0005\0008\000.\000\040\134\102\116\016\116\023\123\026}{chapter.110}% 3050
\BOOKMARK [1][-]{section.110.59}{\376\377\0001\0001\0000\000.\0005\0009\000.\000\040\134\102\116\016\123\357\147\204\220\040\121\375\145\160}{chapter.110}% 3051
\BOOKMARK [1][-]{section.110.60}{\376\377\0001\0001\0000\000.\0006\0000\000.\000\040\121\111\156\321\000-\000\351\000t\000a\000l\000e\000\040\117\115\160\271\136\166\227\136\121\375\133\120\140\047\166\204}{chapter.110}% 3052
\BOOKMARK [1][-]{section.110.61}{\376\377\0001\0001\0000\000.\0006\0001\000.\000\040\000N\000o\000e\000t\000h\000e\000r\000i\000a\000n\000\040\151\202\137\142\203\003\165\164\116\012\166\204\134\102}{chapter.110}% 3053
\BOOKMARK [1][-]{section.110.62}{\376\377\0001\0001\0000\000.\0006\0002\000.\000\040\142\337\121\335\200\132\152\041\166\204\133\374\121\372\143\250\122\115}{chapter.110}% 3054
\BOOKMARK [1][-]{section.110.63}{\376\377\0001\0001\0000\000.\0006\0003\000.\000\040\131\047\000\040\000A\000b\000e\000l\000\040\203\003\165\164}{chapter.110}% 3055
\BOOKMARK [1][-]{section.110.64}{\376\377\0001\0001\0000\000.\0006\0004\000.\000\040\137\061\117\064\226\217\160\271\116\016\151\202\137\142\213\272\172\040\133\306\140\047}{chapter.110}% 3056
\BOOKMARK [1][-]{section.110.65}{\376\377\0001\0001\0000\000.\0006\0005\000.\000\040\217\371\116\015\121\167\123\357\122\240\140\047\166\204\117\213}{chapter.110}% 3057
\BOOKMARK [1][-]{section.110.66}{\376\377\0001\0001\0000\000.\0006\0006\000.\000\040\134\004\137\161\151\202\137\142\176\323\147\204\134\102\166\204\227\136\147\011\226\120\116\012\124\014\214\003}{chapter.110}% 3058
\BOOKMARK [1][-]{section.110.67}{\376\377\0001\0001\0000\000.\0006\0007\000.\000\040\134\004\137\161\140\047\116\015\127\050\127\372\136\225\116\012\134\100\220\350}{chapter.110}% 3059
\BOOKMARK [1][-]{section.110.68}{\376\377\0001\0001\0000\000.\0006\0008\000.\000\040\134\004\137\161\151\202\137\142\166\204\227\136\147\011\145\110\116\013\226\115\145\160\143\156}{chapter.110}% 3060
\BOOKMARK [1][-]{section.110.69}{\376\377\0001\0001\0000\000.\0006\0009\000.\000\040\121\150\172\172\225\364\116\015\146\057\151\202\137\142\166\204\146\362\176\277\145\317}{chapter.110}% 3061
\BOOKMARK [1][-]{section.110.70}{\376\377\0001\0001\0000\000.\0007\0000\000.\000\040\133\374\121\372\127\372\123\330\143\142}{chapter.110}% 3062
\BOOKMARK [1][-]{section.110.71}{\376\377\0001\0001\0000\000.\0007\0001\000.\000\040\116\000\116\052\147\011\215\243\166\204\175\047\133\371\214\141}{chapter.110}% 3063
\BOOKMARK [1][-]{section.110.72}{\376\377\0001\0001\0000\000.\0007\0002\000.\000\040\116\044\116\052\137\256\122\006\122\006\153\041\203\003\165\164}{chapter.110}% 3064
\BOOKMARK [1][-]{section.110.73}{\376\377\0001\0001\0000\000.\0007\0003\000.\000\040\167\037\116\343\145\160\172\172\225\364\166\204\123\340\116\015\146\057\116\343\145\160\123\340}{chapter.110}% 3065
\BOOKMARK [1][-]{section.110.74}{\376\377\0001\0001\0000\000.\0007\0004\000.\000\040\227\136\116\343\145\160\000\040\000H\000o\000m\000-\123\340\166\204\116\000\116\052\117\213}{chapter.110}% 3066
\BOOKMARK [1][-]{section.110.75}{\376\377\0001\0001\0000\000.\0007\0005\000.\000\040\116\015\156\341\215\263\137\072\137\142\137\017\147\011\145\110\140\047\166\204\116\343\145\160\123\340}{chapter.110}% 3067
\BOOKMARK [1][-]{section.110.76}{\376\377\0001\0001\0000\000.\0007\0006\000.\000\040\000G\000r\000o\000t\000h\000e\000n\000d\000i\000e\000c\000k\000\040\133\130\127\050\133\232\164\006\166\204\116\000\116\052\123\315\117\213}{chapter.110}% 3068
\BOOKMARK [1][-]{section.110.77}{\376\377\0001\0001\0000\000.\0007\0007\000.\000\040\116\377\134\004\137\142\137\017\116\343\145\160\172\172\225\364}{chapter.110}% 3069
\BOOKMARK [1][-]{section.110.78}{\376\377\0001\0001\0000\000.\0007\0008\000.\000\040\136\163\127\146\146\040\134\004\116\015\116\000\133\232\146\057\147\011\226\120\210\150\163\260\136\163\127\146\146\040\134\004\166\204\156\344\217\307\117\131\147\201\226\120}{chapter.110}% 3070
\BOOKMARK [1][-]{section.110.79}{\376\377\0001\0001\0000\000.\0007\0009\000.\000\040\152\041\203\003\165\164\133\371\143\040\152\041\123\326\125\106}{chapter.110}% 3071
\BOOKMARK [1][-]{section.110.80}{\376\377\0001\0001\0000\000.\0008\0000\000.\000\040\116\015\124\014\166\204\117\131\147\201\226\120\142\323\142\121}{chapter.110}% 3072
\BOOKMARK [1][-]{section.110.81}{\376\377\0001\0001\0000\000.\0008\0001\000.\000\040\146\156\220\115\116\013\154\211\117\106\116\015\146\057\000\040\000V\000\040\211\206\166\326}{chapter.110}% 3073
\BOOKMARK [1][-]{section.110.82}{\376\377\0001\0001\0000\000.\0008\0002\000.\000\040\145\164\145\160\214\061\116\015\146\057\142\337\175\047\166\204}{chapter.110}% 3074
\BOOKMARK [0][-]{chapter.111}{\376\377\000C\000h\000a\000p\000t\000e\000r\000\040\0001\0001\0001\000.\000\040\176\303\116\140}{}% 3075
\BOOKMARK [1][-]{section.111.1}{\376\377\0001\0001\0001\000.\0001\000.\000\040\116\343\145\160}{chapter.111}% 3076
\BOOKMARK [1][-]{section.111.2}{\376\377\0001\0001\0001\000.\0002\000.\000\040\117\131\147\201\226\120}{chapter.111}% 3077
\BOOKMARK [1][-]{section.111.3}{\376\377\0001\0001\0001\000.\0003\000.\000\040\122\240\140\047\203\003\165\164\116\016\000\040\000A\000b\000e\000l\000\040\203\003\165\164}{chapter.111}% 3078
\BOOKMARK [1][-]{section.111.4}{\376\377\0001\0001\0001\000.\0004\000.\000\040\137\040\221\317\171\357}{chapter.111}% 3079
\BOOKMARK [1][-]{section.111.5}{\376\377\0001\0001\0001\000.\0005\000.\000\040\136\163\127\146\163\257\146\040\134\004}{chapter.111}% 3080
\BOOKMARK [1][-]{section.111.6}{\376\377\0001\0001\0001\000.\0006\000.\000\040\163\257\166\204\214\061}{chapter.111}% 3081
\BOOKMARK [1][-]{section.111.7}{\376\377\0001\0001\0001\000.\0007\000.\000\040\134\100\220\350\123\026}{chapter.111}% 3082
\BOOKMARK [1][-]{section.111.8}{\376\377\0001\0001\0001\000.\0008\000.\000\040\000N\000a\000k\000a\000y\000a\000m\000a\000\040\137\025\164\006}{chapter.111}% 3083
\BOOKMARK [1][-]{section.111.9}{\376\377\0001\0001\0001\000.\0009\000.\000\040\225\177\136\246}{chapter.111}% 3084
\BOOKMARK [1][-]{section.111.10}{\376\377\0001\0001\0001\000.\0001\0000\000.\000\040\117\064\226\217\175\040\164\006\140\363}{chapter.111}% 3085
\BOOKMARK [1][-]{section.111.11}{\376\377\0001\0001\0001\000.\0001\0001\000.\000\040\000E\000x\000t\000\040\177\244}{chapter.111}% 3086
\BOOKMARK [1][-]{section.111.12}{\376\377\0001\0001\0001\000.\0001\0002\000.\000\040\155\361\136\246}{chapter.111}% 3087
\BOOKMARK [1][-]{section.111.13}{\376\377\0001\0001\0001\000.\0001\0003\000.\000\040\000C\000o\000h\000e\000n\040\023\000M\000a\000c\000a\000u\000l\000a\000y\000\040\152\041\116\016\163\257}{chapter.111}% 3088
\BOOKMARK [1][-]{section.111.14}{\376\377\0001\0001\0001\000.\0001\0004\000.\000\040\131\107\160\271}{chapter.111}% 3089
\BOOKMARK [1][-]{section.111.15}{\376\377\0001\0001\0001\000.\0001\0005\000.\000\040\123\357\147\204\220\040\226\306}{chapter.111}% 3090
\BOOKMARK [1][-]{section.111.16}{\376\377\0001\0001\0001\000.\0001\0006\000.\000\040\000H\000i\000l\000b\000e\000r\000t\000\040\226\366\160\271\133\232\164\006}{chapter.111}% 3091
\BOOKMARK [1][-]{section.111.17}{\376\377\0001\0001\0001\000.\0001\0007\000.\000\040\176\364\145\160}{chapter.111}% 3092
\BOOKMARK [1][-]{section.111.18}{\376\377\0001\0001\0001\000.\0001\0008\000.\000\040\224\376\163\257}{chapter.111}% 3093
\BOOKMARK [1][-]{section.111.19}{\376\377\0001\0001\0001\000.\0001\0009\000.\000\040\122\006\137\017\127\337}{chapter.111}% 3094
\BOOKMARK [1][-]{section.111.20}{\376\377\0001\0001\0001\000.\0002\0000\000.\000\040\215\205\215\212\153\041\145\160}{chapter.111}% 3095
\BOOKMARK [1][-]{section.111.21}{\376\377\0001\0001\0001\000.\0002\0001\000.\000\040\176\244\176\364\176\364\145\160}{chapter.111}% 3096
\BOOKMARK [1][-]{section.111.22}{\376\377\0001\0001\0001\000.\0002\0002\000.\000\040\147\011\226\120\134\100\220\350\201\352\165\061\152\041}{chapter.111}% 3097
\BOOKMARK [1][-]{section.111.23}{\376\377\0001\0001\0001\000.\0002\0003\000.\000\040\174\230\124\010}{chapter.111}% 3098
\BOOKMARK [1][-]{section.111.24}{\376\377\0001\0001\0001\000.\0002\0004\000.\000\040\116\012\123\107\116\016\116\013\226\115}{chapter.111}% 3099
\BOOKMARK [1][-]{section.111.25}{\376\377\0001\0001\0001\000.\0002\0005\000.\000\040\000F\000i\000t\000t\000i\000n\000g\000\040\164\006\140\363}{chapter.111}% 3100
\BOOKMARK [1][-]{section.111.26}{\376\377\0001\0001\0001\000.\0002\0006\000.\000\040\000H\000i\000l\000b\000e\000r\000t\000\040\121\375\145\160}{chapter.111}% 3101
\BOOKMARK [1][-]{section.111.27}{\376\377\0001\0001\0001\000.\0002\0007\000.\000\040\163\257\166\204\000\040\000P\000r\000o\000j}{chapter.111}% 3102
\BOOKMARK [1][-]{section.111.28}{\376\377\0001\0001\0001\000.\0002\0008\000.\000\040\116\000\176\364\000\040\000C\000o\000h\000e\000n\040\023\000M\000a\000c\000a\000u\000l\000a\000y\000\040\163\257}{chapter.111}% 3103
\BOOKMARK [1][-]{section.111.29}{\376\377\0001\0001\0001\000.\0002\0009\000.\000\040\145\340\172\167\131\032\116\052\175\040\145\160}{chapter.111}% 3104
\BOOKMARK [1][-]{section.111.30}{\376\377\0001\0001\0001\000.\0003\0000\000.\000\040\156\344\217\307\133\374\121\372\203\003\165\164}{chapter.111}% 3105
\BOOKMARK [1][-]{section.111.31}{\376\377\0001\0001\0001\000.\0003\0001\000.\000\040\153\143\122\031\121\375\145\160}{chapter.111}% 3106
\BOOKMARK [1][-]{section.111.32}{\376\377\0001\0001\0001\000.\0003\0002\000.\000\040\134\102}{chapter.111}% 3107
\BOOKMARK [1][-]{section.111.33}{\376\377\0001\0001\0001\000.\0003\0003\000.\000\040\151\202\137\142}{chapter.111}% 3108
\BOOKMARK [1][-]{section.111.34}{\376\377\0001\0001\0001\000.\0003\0004\000.\000\040\140\001\134\004}{chapter.111}% 3109
\BOOKMARK [1][-]{section.111.35}{\376\377\0001\0001\0001\000.\0003\0005\000.\000\040\122\007\172\172\225\364}{chapter.111}% 3110
\BOOKMARK [1][-]{section.111.36}{\376\377\0001\0001\0001\000.\0003\0006\000.\000\040\142\337\121\335\200\132\134\102}{chapter.111}% 3111
\BOOKMARK [1][-]{section.111.37}{\376\377\0001\0001\0001\000.\0003\0007\000.\000\040\000P\000r\000o\000j\000\040\116\016\134\004\137\161\151\202\137\142}{chapter.111}% 3112
\BOOKMARK [1][-]{section.111.38}{\376\377\0001\0001\0001\000.\0003\0008\000.\000\040\116\316\134\004\137\161\166\364\176\277\121\372\123\321\166\204\140\001\134\004}{chapter.111}% 3113
\BOOKMARK [1][-]{section.111.39}{\376\377\0001\0001\0001\000.\0003\0009\000.\000\040\116\316\146\362\227\142\122\060\146\362\176\277\166\204\140\001\134\004}{chapter.111}% 3114
\BOOKMARK [1][-]{section.111.40}{\376\377\0001\0001\0001\000.\0004\0000\000.\000\040\123\357\220\006\134\102}{chapter.111}% 3115
\BOOKMARK [1][-]{section.111.41}{\376\377\0001\0001\0001\000.\0004\0001\000.\000\040\001\014\000e\000c\000h\000\040\116\012\124\014\214\003}{chapter.111}% 3116
\BOOKMARK [1][-]{section.111.42}{\376\377\0001\0001\0001\000.\0004\0002\000.\000\040\116\012\124\014\214\003}{chapter.111}% 3117
\BOOKMARK [1][-]{section.111.43}{\376\377\0001\0001\0001\000.\0004\0003\000.\000\040\146\364\131\032\116\012\124\014\214\003}{chapter.111}% 3118
\BOOKMARK [1][-]{section.111.44}{\376\377\0001\0001\0001\000.\0004\0004\000.\000\040\121\215\213\272\116\012\124\014\214\003}{chapter.111}% 3119
\BOOKMARK [1][-]{section.111.45}{\376\377\0001\0001\0001\000.\0004\0005\000.\000\040\116\012\124\014\214\003\116\016\000\040\000H\000i\000l\000b\000e\000r\000t\000\040\131\032\230\171\137\017}{chapter.111}% 3120
\BOOKMARK [1][-]{section.111.46}{\376\377\0001\0001\0001\000.\0004\0006\000.\000\040\146\362\176\277}{chapter.111}% 3121
\BOOKMARK [1][-]{section.111.47}{\376\377\0001\0001\0001\000.\0004\0007\000.\000\040\152\041\172\172\225\364}{chapter.111}% 3122
\BOOKMARK [1][-]{section.111.48}{\376\377\0001\0001\0001\000.\0004\0008\000.\000\040\145\164\117\123\000\040\000E\000x\000t}{chapter.111}% 3123
\BOOKMARK [1][-]{section.111.49}{\376\377\0001\0001\0001\000.\0004\0009\000.\000\040\226\144\133\120}{chapter.111}% 3124
\BOOKMARK [1][-]{section.111.50}{\376\377\0001\0001\0001\000.\0005\0000\000.\000\040\137\256\122\006}{chapter.111}% 3125
\BOOKMARK [1][-]{section.111.51}{\376\377\0001\0001\0001\000.\0005\0001\000.\000\040\151\202\137\142\377\014\0002\0000\0000\0007\000\040\136\164\171\313\133\143\147\037\147\053\200\003\213\325}{chapter.111}% 3126
\BOOKMARK [1][-]{section.111.52}{\376\377\0001\0001\0001\000.\0005\0002\000.\000\040\151\202\137\142\377\014\0002\0000\0000\0009\000\040\136\164\146\045\133\143\147\037\147\053\200\003\213\325}{chapter.111}% 3127
\BOOKMARK [1][-]{section.111.53}{\376\377\0001\0001\0001\000.\0005\0003\000.\000\040\151\202\137\142\377\014\0002\0000\0001\0000\000\040\136\164\171\313\133\143\147\037\147\053\200\003\213\325}{chapter.111}% 3128
\BOOKMARK [1][-]{section.111.54}{\376\377\0001\0001\0001\000.\0005\0004\000.\000\040\151\202\137\142\377\014\0002\0000\0001\0001\000\040\136\164\146\045\133\143\147\037\147\053\200\003\213\325}{chapter.111}% 3129
\BOOKMARK [1][-]{section.111.55}{\376\377\0001\0001\0001\000.\0005\0005\000.\000\040\151\202\137\142\377\014\0002\0000\0001\0001\000\040\136\164\171\313\133\143\147\037\147\053\200\003\213\325}{chapter.111}% 3130
\BOOKMARK [1][-]{section.111.56}{\376\377\0001\0001\0001\000.\0005\0006\000.\000\040\151\202\137\142\377\014\0002\0000\0001\0003\000\040\136\164\171\313\133\143\147\037\147\053\200\003\213\325}{chapter.111}% 3131
\BOOKMARK [1][-]{section.111.57}{\376\377\0001\0001\0001\000.\0005\0007\000.\000\040\151\202\137\142\377\014\0002\0000\0001\0004\000\040\136\164\146\045\133\143\147\037\147\053\200\003\213\325}{chapter.111}% 3132
\BOOKMARK [1][-]{section.111.58}{\376\377\0001\0001\0001\000.\0005\0008\000.\000\040\116\244\143\142\116\343\145\160\377\014\0002\0000\0001\0006\000\040\136\164\171\313\133\143\147\037\147\053\200\003\213\325}{chapter.111}% 3133
\BOOKMARK [1][-]{section.111.59}{\376\377\0001\0001\0001\000.\0005\0009\000.\000\040\151\202\137\142\377\014\0002\0000\0001\0007\000\040\136\164\146\045\133\143\147\037\147\053\200\003\213\325}{chapter.111}% 3134
\BOOKMARK [1][-]{section.111.60}{\376\377\0001\0001\0001\000.\0006\0000\000.\000\040\116\244\143\142\116\343\145\160\377\014\0002\0000\0001\0007\000\040\136\164\171\313\133\143\147\037\147\053\200\003\213\325}{chapter.111}% 3135
\BOOKMARK [1][-]{section.111.61}{\376\377\0001\0001\0001\000.\0006\0001\000.\000\040\151\202\137\142\377\014\0002\0000\0001\0008\000\040\136\164\146\045\133\143\147\037\147\053\200\003\213\325}{chapter.111}% 3136
\BOOKMARK [1][-]{section.111.62}{\376\377\0001\0001\0001\000.\0006\0002\000.\000\040\116\244\143\142\116\343\145\160\377\014\0002\0000\0001\0009\000\040\136\164\171\313\133\143\147\037\147\053\200\003\213\325}{chapter.111}% 3137
\BOOKMARK [1][-]{section.111.63}{\376\377\0001\0001\0001\000.\0006\0003\000.\000\040\116\343\145\160\121\340\117\125\377\014\0002\0000\0002\0000\000\040\136\164\146\045\133\143\147\037\147\053\200\003\213\325}{chapter.111}% 3138
\BOOKMARK [1][-]{section.111.64}{\376\377\0001\0001\0001\000.\0006\0004\000.\000\040\116\244\143\142\116\343\145\160\377\014\0002\0000\0002\0001\000\040\136\164\171\313\133\143\147\037\147\053\200\003\213\325}{chapter.111}% 3139
\BOOKMARK [1][-]{section.111.65}{\376\377\0001\0001\0001\000.\0006\0005\000.\000\040\116\343\145\160\121\340\117\125\377\014\0002\0000\0002\0002\000\040\136\164\146\045\133\143\147\037\147\053\200\003\213\325}{chapter.111}% 3140
\BOOKMARK [1][-]{section.111.66}{\376\377\0001\0001\0001\000.\0006\0006\000.\000\040\116\343\145\160\121\340\117\125\377\014\0002\0000\0002\0005\000\040\136\164\146\045\133\143\147\037\147\053\200\003\213\325}{chapter.111}% 3141
\BOOKMARK [0][-]{chapter.112}{\376\377\000C\000h\000a\000p\000t\000e\000r\000\040\0001\0001\0002\000.\000\040\145\207\163\056\143\007\123\127}{}% 3142
\BOOKMARK [1][-]{section.112.1}{\376\377\0001\0001\0002\000.\0001\000.\000\040\173\200\167\355\133\374\213\272\145\207\172\340}{chapter.112}% 3143
\BOOKMARK [1][-]{section.112.2}{\376\377\0001\0001\0002\000.\0002\000.\000\040\176\317\121\170\123\302\200\003\145\207\163\056}{chapter.112}% 3144
\BOOKMARK [1][-]{section.112.3}{\376\377\0001\0001\0002\000.\0003\000.\000\040\116\146\174\115\116\016\127\050\176\277\213\262\116\111}{chapter.112}% 3145
\BOOKMARK [1][-]{section.112.4}{\376\377\0001\0001\0002\000.\0004\000.\000\040\121\163\116\216\123\340\127\372\170\100\166\204\166\370\121\163\123\302\200\003\145\207\163\056}{chapter.112}% 3146
\BOOKMARK [1][-]{section.112.5}{\376\377\0001\0001\0002\000.\0005\000.\000\040\145\207\163\056\116\055\166\204\213\272\145\207}{chapter.112}% 3147
\BOOKMARK [1][-]{section.112.6}{\376\377\0001\0001\0002\000.\0006\000.\000\040\121\166\116\326\230\206\127\337\116\055\166\204\123\340}{chapter.112}% 3148
\BOOKMARK [1][-]{section.112.7}{\376\377\0001\0001\0002\000.\0007\000.\000\040\232\330\226\066\123\340}{chapter.112}% 3149
\BOOKMARK [0][-]{chapter.113}{\376\377\000C\000h\000a\000p\000t\000e\000r\000\040\0001\0001\0003\000.\000\040\137\205\130\236\121\205\133\271}{}% 3150
\BOOKMARK [1][-]{section.113.1}{\376\377\0001\0001\0003\000.\0001\000.\000\040\137\025\212\000}{chapter.113}% 3151
\BOOKMARK [1][-]{section.113.2}{\376\377\0001\0001\0003\000.\0002\000.\000\040\176\246\133\232}{chapter.113}% 3152
\BOOKMARK [1][-]{section.113.3}{\376\377\0001\0001\0003\000.\0003\000.\000\040\117\115\160\271\116\016\142\323\142\121\145\257}{chapter.113}% 3153
\BOOKMARK [1][-]{section.113.4}{\376\377\0001\0001\0003\000.\0004\000.\000\040\123\340}{chapter.113}% 3154
\BOOKMARK [1][-]{section.113.5}{\376\377\0001\0001\0003\000.\0005\000.\000\040\123\125\176\257\145\271\154\325}{chapter.113}% 3155
\BOOKMARK [1][-]{section.113.6}{\376\377\0001\0001\0003\000.\0006\000.\000\040\151\202\137\142\166\204\116\012\124\014\214\003}{chapter.113}% 3156
\BOOKMARK [1][-]{section.113.7}{\376\377\0001\0001\0003\000.\0007\000.\000\040\000S\000c\000h\000l\000e\000s\000s\000i\000n\000g\000e\000r\000\040\230\316\150\074\166\204\137\142\123\330\164\006\213\272\377\010\000\340\000\040\000l\000a\000\040\000S\000c\000h\000l\000e\000s\000s\000i\000n\000g\000e\000r\377\011}{chapter.113}% 3157
\BOOKMARK [1][-]{section.113.8}{\376\377\0001\0001\0003\000.\0008\000.\000\040\116\343\145\160\123\340\166\204\133\232\116\111}{chapter.113}% 3158
\BOOKMARK [1][-]{section.113.9}{\376\377\0001\0001\0003\000.\0009\000.\000\040\151\202\137\142\060\001\116\343\145\160\172\172\225\364\116\016\116\343\145\160\123\340\166\204\117\213\133\120}{chapter.113}% 3159
\BOOKMARK [1][-]{section.113.10}{\376\377\0001\0001\0003\000.\0001\0000\000.\000\040\116\343\145\160\123\340\166\204\140\047\215\050}{chapter.113}% 3160
\BOOKMARK [1][-]{section.113.11}{\376\377\0001\0001\0003\000.\0001\0001\000.\000\040\116\343\145\160\123\340\166\204\121\111\156\321\000\040\000\351\000t\000a\000l\000e\000\040\117\115\160\271}{chapter.113}% 3161
\BOOKMARK [1][-]{section.113.12}{\376\377\0001\0001\0003\000.\0001\0002\000.\000\040\117\140\116\000\166\364\140\363\167\345\220\123\123\164\116\015\145\142\225\356\166\204\116\213\140\305}{chapter.113}% 3162
\BOOKMARK [1][-]{section.113.13}{\376\377\0001\0001\0003\000.\0001\0003\000.\000\040\123\340\116\012\166\204\142\337\121\335\200\132\134\102}{chapter.113}% 3163
\BOOKMARK [1][-]{section.113.14}{\376\377\0001\0001\0003\000.\0001\0004\000.\000\040\136\163\127\146\116\016\121\111\156\321}{chapter.113}% 3164
\BOOKMARK [1][-]{section.113.15}{\376\377\0001\0001\0003\000.\0001\0005\000.\000\040\000A\000r\000t\000i\000n\000\040\210\150\171\072\133\232\164\006}{chapter.113}% 3165
\BOOKMARK [1][-]{section.113.16}{\376\377\0001\0001\0003\000.\0001\0006\000.\000\040\000D\000M\000\040\123\340\165\061\151\202\137\142\147\011\226\120\211\206\166\326}{chapter.113}% 3166
\BOOKMARK [1][-]{section.113.17}{\376\377\0001\0001\0003\000.\0001\0007\000.\000\040\000M\000a\000r\000t\000i\000n\000\040\000O\000l\000s\000s\000o\000n\000\040\121\163\116\216\167\037\140\047\166\204\213\272\145\207}{chapter.113}% 3167
\BOOKMARK [1][-]{section.113.18}{\376\377\0001\0001\0003\000.\0001\0008\000.\000\040\166\370\136\162\134\102\166\204\167\037\143\250\122\115}{chapter.113}% 3168
\BOOKMARK [1][-]{section.113.19}{\376\377\0001\0001\0003\000.\0001\0009\000.\000\040\000K\000e\000e\000l\000\040\116\016\000\040\000M\000o\000r\000i}{chapter.113}% 3169
\BOOKMARK [1][-]{section.113.20}{\376\377\0001\0001\0003\000.\0002\0000\000.\000\040\127\050\153\144\131\004\155\373\122\240\146\364\131\032\121\205\133\271}{chapter.113}% 3170
\BOOKMARK [0][-]{chapter.114}{\376\377\000C\000h\000a\000p\000t\000e\000r\000\040\0001\0001\0004\000.\000\040\177\026\170\001\230\316\150\074}{}% 3171
\BOOKMARK [1][-]{section.114.1}{\376\377\0001\0001\0004\000.\0001\000.\000\040\230\316\150\074\213\364\146\016\156\005\123\125}{chapter.114}% 3172
\BOOKMARK [0][-]{chapter.115}{\376\377\000C\000h\000a\000p\000t\000e\000r\000\040\0001\0001\0005\000.\000\040\135\362\136\237\137\003\121\205\133\271}{}% 3173
\BOOKMARK [1][-]{section.115.1}{\376\377\0001\0001\0005\000.\0001\000.\000\040\137\025\212\000}{chapter.115}% 3174
\BOOKMARK [1][-]{section.115.2}{\376\377\0001\0001\0005\000.\0002\000.\000\040\230\204\131\007\167\345\213\306}{chapter.115}% 3175
\BOOKMARK [1][-]{section.115.3}{\376\377\0001\0001\0005\000.\0003\000.\000\040\124\014\214\003\116\343\145\160}{chapter.115}% 3176
\BOOKMARK [1][-]{section.115.4}{\376\377\0001\0001\0005\000.\0004\000.\000\040\135\362\136\237\137\003\166\204\116\343\145\160\137\025\164\006}{chapter.115}% 3177
\BOOKMARK [1][-]{section.115.5}{\376\377\0001\0001\0005\000.\0005\000.\000\040\116\016\000\040\000Z\000M\000T\000\040\166\370\121\163\166\204\137\025\164\006}{chapter.115}% 3178
\BOOKMARK [1][-]{section.115.6}{\376\377\0001\0001\0005\000.\0006\000.\000\040\137\142\137\017\121\111\156\321\166\204\163\257\146\040\134\004}{chapter.115}% 3179
\BOOKMARK [1][-]{section.115.7}{\376\377\0001\0001\0005\000.\0007\000.\000\040\177\121\172\331\116\016\134\102}{chapter.115}% 3180
\BOOKMARK [1][-]{section.115.8}{\376\377\0001\0001\0005\000.\0008\000.\000\040\116\012\124\014\214\003}{chapter.115}% 3181
\BOOKMARK [1][-]{section.115.9}{\376\377\0001\0001\0005\000.\0009\000.\000\040\137\256\122\006\122\006\153\041\116\343\145\160}{chapter.115}% 3182
\BOOKMARK [1][-]{section.115.10}{\376\377\0001\0001\0005\000.\0001\0000\000.\000\040\123\125\176\257\145\271\154\325}{chapter.115}% 3183
\BOOKMARK [1][-]{section.115.11}{\376\377\0001\0001\0005\000.\0001\0001\000.\000\040\121\163\116\216\151\202\137\142\166\204\176\323\147\234}{chapter.115}% 3184
\BOOKMARK [1][-]{section.115.12}{\376\377\0001\0001\0005\000.\0001\0002\000.\000\040\174\007\166\204\133\374\121\372\203\003\165\164}{chapter.115}% 3185
\BOOKMARK [1][-]{section.115.13}{\376\377\0001\0001\0005\000.\0001\0003\000.\000\040\153\143\122\031\167\037\140\305\137\142\116\013\166\204\123\357\210\150\140\047}{chapter.115}% 3186
\BOOKMARK [1][-]{section.115.14}{\376\377\0001\0001\0005\000.\0001\0004\000.\000\040\125\106\121\375\133\120}{chapter.115}% 3187
\BOOKMARK [1][-]{section.115.15}{\376\377\0001\0001\0005\000.\0001\0005\000.\000\040\172\172\225\364\116\016\000\040\000f\000p\000q\000c\000\040\211\206\166\326}{chapter.115}% 3188
\BOOKMARK [1][-]{section.115.16}{\376\377\0001\0001\0005\000.\0001\0006\000.\000\040\227\136\136\070\202\157\131\175\166\204\116\343\145\160\172\172\225\364}{chapter.115}% 3189
\BOOKMARK [1][-]{section.115.17}{\376\377\0001\0001\0005\000.\0001\0007\000.\000\040\121\163\116\216\116\343\145\160\172\172\225\364\166\204\135\362\136\237\137\003\137\025\164\006}{chapter.115}% 3190
\BOOKMARK [1][-]{section.115.18}{\376\377\0001\0001\0005\000.\0001\0008\000.\000\040\121\163\116\216\116\343\145\160\123\340\166\204\135\362\136\237\137\003\137\025\164\006}{chapter.115}% 3191
\BOOKMARK [1][-]{section.115.19}{\376\377\0001\0001\0005\000.\0001\0009\000.\000\040\151\202\137\142\117\131\122\007\131\015\137\142\166\204\123\330\117\123}{chapter.115}% 3192
\BOOKMARK [1][-]{section.115.20}{\376\377\0001\0001\0005\000.\0002\0000\000.\000\040\136\163\127\146\152\041\166\204\137\142\123\330\116\016\226\234\170\215}{chapter.115}% 3193
\BOOKMARK [1][-]{section.115.21}{\376\377\0001\0001\0005\000.\0002\0001\000.\000\040\227\136\136\163\127\146\140\305\137\142\116\013\166\204\121\335\200\132\134\102\123\340}{chapter.115}% 3194
\BOOKMARK [1][-]{section.115.22}{\376\377\0001\0001\0005\000.\0002\0002\000.\000\040\117\356\145\071}{chapter.115}% 3195
\BOOKMARK [1][-]{section.115.23}{\376\377\0001\0001\0005\000.\0002\0003\000.\000\040\166\370\116\244\164\006\213\272}{chapter.115}% 3196
\BOOKMARK [1][-]{section.115.24}{\376\377\0001\0001\0005\000.\0002\0004\000.\000\040\166\370\116\244\126\340\133\120\166\204\116\244\143\142\140\047}{chapter.115}% 3197
\BOOKMARK [1][-]{section.115.25}{\376\377\0001\0001\0005\000.\0002\0005\000.\000\040\153\143\122\031\126\372\147\011\152\041\127\213\116\012\166\204\133\371\120\166\123\026\152\041}{chapter.115}% 3198
\BOOKMARK [1][-]{section.115.26}{\376\377\0001\0001\0005\000.\0002\0006\000.\000\040\221\315\131\015\230\171\116\016\142\306\122\006\121\372\166\204\137\025\165\050}{chapter.115}% 3199
\BOOKMARK [0][-]{chapter.116}{\376\377\000C\000h\000a\000p\000t\000e\000r\000\040\0001\0001\0006\000.\000\040\000G\000N\000U\000\040\201\352\165\061\145\207\150\143\213\270\123\357\213\301\377\010\000G\000N\000U\000\040\000F\000r\000e\000e\000\040\000D\000o\000c\000u\000m\000e\000n\000t\000a\000t\000i\000o\000n\000\040\000L\000i\000c\000e\000n\000s\000e\377\011}{}% 3200
\BOOKMARK [1][-]{section.116.1}{\376\377\0001\0001\0006\000.\0001\000.\000\040\220\002\165\050\203\003\126\364\116\016\133\232\116\111\377\010\000A\000P\000P\000L\000I\000C\000A\000B\000I\000L\000I\000T\000Y\000\040\000A\000N\000D\000\040\000D\000E\000F\000I\000N\000I\000T\000I\000O\000N\000S\377\011}{chapter.116}% 3201
\BOOKMARK [1][-]{section.116.2}{\376\377\0001\0001\0006\000.\0002\000.\000\040\220\020\133\127\131\015\122\066\377\010\000V\000E\000R\000B\000A\000T\000I\000M\000\040\000C\000O\000P\000Y\000I\000N\000G\377\011}{chapter.116}% 3202
\BOOKMARK [1][-]{section.116.3}{\376\377\0001\0001\0006\000.\0003\000.\000\040\131\047\221\317\131\015\122\066\377\010\000C\000O\000P\000Y\000I\000N\000G\000\040\000I\000N\000\040\000Q\000U\000A\000N\000T\000I\000T\000Y\377\011}{chapter.116}% 3203
\BOOKMARK [1][-]{section.116.4}{\376\377\0001\0001\0006\000.\0004\000.\000\040\117\356\145\071\377\010\000M\000O\000D\000I\000F\000I\000C\000A\000T\000I\000O\000N\000S\377\011}{chapter.116}% 3204
\BOOKMARK [1][-]{section.116.5}{\376\377\0001\0001\0006\000.\0005\000.\000\040\124\010\136\166\145\207\150\143\377\010\000C\000O\000M\000B\000I\000N\000I\000N\000G\000\040\000D\000O\000C\000U\000M\000E\000N\000T\000S\377\011}{chapter.116}% 3205
\BOOKMARK [1][-]{section.116.6}{\376\377\0001\0001\0006\000.\0006\000.\000\040\145\207\150\143\124\010\226\306\377\010\000C\000O\000L\000L\000E\000C\000T\000I\000O\000N\000S\000\040\000O\000F\000\040\000D\000O\000C\000U\000M\000E\000N\000T\000S\377\011}{chapter.116}% 3206
\BOOKMARK [1][-]{section.116.7}{\376\377\0001\0001\0006\000.\0007\000.\000\040\116\016\162\354\172\313\117\134\124\301\200\132\124\010\377\010\000A\000G\000G\000R\000E\000G\000A\000T\000I\000O\000N\000\040\000W\000I\000T\000H\000\040\000I\000N\000D\000E\000P\000E\000N\000D\000E\000N\000T\000\040\000W\000O\000R\000K\000S\377\011}{chapter.116}% 3207
\BOOKMARK [1][-]{section.116.8}{\376\377\0001\0001\0006\000.\0008\000.\000\040\177\373\213\321\377\010\000T\000R\000A\000N\000S\000L\000A\000T\000I\000O\000N\377\011}{chapter.116}% 3208
\BOOKMARK [1][-]{section.116.9}{\376\377\0001\0001\0006\000.\0009\000.\000\040\176\310\153\142\377\010\000T\000E\000R\000M\000I\000N\000A\000T\000I\000O\000N\377\011}{chapter.116}% 3209
\BOOKMARK [1][-]{section.116.10}{\376\377\0001\0001\0006\000.\0001\0000\000.\000\040\147\054\213\270\123\357\213\301\166\204\147\052\147\145\117\356\213\242\162\110\377\010\000F\000U\000T\000U\000R\000E\000\040\000R\000E\000V\000I\000S\000I\000O\000N\000S\000\040\000O\000F\000\040\000T\000H\000I\000S\000\040\000L\000I\000C\000E\000N\000S\000E\377\011}{chapter.116}% 3210
\BOOKMARK [1][-]{section.116.11}{\376\377\0001\0001\0006\000.\0001\0001\000.\000\040\226\104\137\125\377\032\131\202\117\125\134\006\147\054\213\270\123\357\213\301\165\050\116\216\140\250\166\204\145\207\150\143\377\010\000A\000D\000D\000E\000N\000D\000U\000M\000:\000\040\000H\000o\000w\000\040\000t\000o\000\040\000u\000s\000e\000\040\000t\000h\000i\000s\000\040\000L\000i\000c\000e\000n\000s\000e\000\040\000f\000o\000r\000\040\000y\000o\000u\000r\000\040\000d\000o\000c\000u\000m\000e\000n\000t\000s\377\011}{chapter.116}% 3211
\BOOKMARK [0][-]{chapter.A}{\376\377\226\104\137\125\000\040\000A\000.\000\040\201\352\122\250\165\037\142\020\166\204\175\042\137\025}{}% 3212
\BOOKMARK [1][-]{section.A.1}{\376\377\000A\000.\0001\000.\000\040\143\011\202\361\145\207\156\220\213\315\147\141\133\127\153\315\230\172\136\217\143\222\122\027\166\204\133\232\116\111}{chapter.A}% 3213
\BOOKMARK [1][-]{section.A.2}{\376\377\000A\000.\0002\000.\000\040\143\011\172\340\202\202\122\027\121\372\166\204\133\232\116\111}{chapter.A}% 3214
\BOOKMARK [0][-]{chapter.B}{\376\377\226\104\137\125\000\040\000B\000.\000\040\000G\000N\000U\000\040\000F\000r\000e\000e\000\040\000D\000o\000c\000u\000m\000e\000n\000t\000a\000t\000i\000o\000n\000\040\000L\000i\000c\000e\000n\000s\000e}{}% 3215
\BOOKMARK [1][-]{section.B.1}{\376\377\000B\000.\0001\000.\000\040\000A\000P\000P\000L\000I\000C\000A\000B\000I\000L\000I\000T\000Y\000\040\000A\000N\000D\000\040\000D\000E\000F\000I\000N\000I\000T\000I\000O\000N\000S}{chapter.B}% 3216
\BOOKMARK [1][-]{section.B.2}{\376\377\000B\000.\0002\000.\000\040\000V\000E\000R\000B\000A\000T\000I\000M\000\040\000C\000O\000P\000Y\000I\000N\000G}{chapter.B}% 3217
\BOOKMARK [1][-]{section.B.3}{\376\377\000B\000.\0003\000.\000\040\000C\000O\000P\000Y\000I\000N\000G\000\040\000I\000N\000\040\000Q\000U\000A\000N\000T\000I\000T\000Y}{chapter.B}% 3218
\BOOKMARK [1][-]{section.B.4}{\376\377\000B\000.\0004\000.\000\040\000M\000O\000D\000I\000F\000I\000C\000A\000T\000I\000O\000N\000S}{chapter.B}% 3219
\BOOKMARK [1][-]{section.B.5}{\376\377\000B\000.\0005\000.\000\040\000C\000O\000M\000B\000I\000N\000I\000N\000G\000\040\000D\000O\000C\000U\000M\000E\000N\000T\000S}{chapter.B}% 3220
\BOOKMARK [1][-]{section.B.6}{\376\377\000B\000.\0006\000.\000\040\000C\000O\000L\000L\000E\000C\000T\000I\000O\000N\000S\000\040\000O\000F\000\040\000D\000O\000C\000U\000M\000E\000N\000T\000S}{chapter.B}% 3221
\BOOKMARK [1][-]{section.B.7}{\376\377\000B\000.\0007\000.\000\040\000A\000G\000G\000R\000E\000G\000A\000T\000I\000O\000N\000\040\000W\000I\000T\000H\000\040\000I\000N\000D\000E\000P\000E\000N\000D\000E\000N\000T\000\040\000W\000O\000R\000K\000S}{chapter.B}% 3222
\BOOKMARK [1][-]{section.B.8}{\376\377\000B\000.\0008\000.\000\040\000T\000R\000A\000N\000S\000L\000A\000T\000I\000O\000N}{chapter.B}% 3223
\BOOKMARK [1][-]{section.B.9}{\376\377\000B\000.\0009\000.\000\040\000T\000E\000R\000M\000I\000N\000A\000T\000I\000O\000N}{chapter.B}% 3224
\BOOKMARK [1][-]{section.B.10}{\376\377\000B\000.\0001\0000\000.\000\040\000F\000U\000T\000U\000R\000E\000\040\000R\000E\000V\000I\000S\000I\000O\000N\000S\000\040\000O\000F\000\040\000T\000H\000I\000S\000\040\000L\000I\000C\000E\000N\000S\000E}{chapter.B}% 3225
\BOOKMARK [1][-]{section.B.11}{\376\377\000B\000.\0001\0001\000.\000\040\000A\000D\000D\000E\000N\000D\000U\000M\000:\000\040\000H\000o\000w\000\040\000t\000o\000\040\000u\000s\000e\000\040\000t\000h\000i\000s\000\040\000L\000i\000c\000e\000n\000s\000e\000\040\000f\000o\000r\000\040\000y\000o\000u\000r\000\040\000d\000o\000c\000u\000m\000e\000n\000t\000s}{chapter.B}% 3226
\BOOKMARK [0][-]{appendix*.116}{\376\377\123\302\200\003\145\207\163\056}{}% 3227
