page,filename,bytes,sha256,width_px,height_px,mode
1,page-0001.png,41242,004EF8947BB9C3D6839AE4EAE4E0F285ECDBA7CEA3C0593DBD5C1431EC64272B,827,1170,RGB
2,page-0002.png,262924,F5D481769E840E5562E413CDAFDFDE373605D5CF1CD6E8624452FBBD9C560A25,827,1170,RGB
3,page-0003.png,252474,A20939334333E7C960FF764823BDDC1C20F4A7D34CDC6D034F0646521441EFD5,827,1170,RGB
4,page-0004.png,87236,D9C09154F9FDE2EBCD6439C39B26BBFE78995303ECC6B3D0C9B4BE2B2444C1F5,827,1170,RGB
5,page-0005.png,141838,43976BCF976C360BA7B2A0A6F8FA20C3BF434809635385B1184292AE5CC04C34,827,1170,RGB
6,page-0006.png,141482,291E713144E22F0C5454D0CFA4A9E90676F09DDCBBDBD7A50511B39FF98FCE2F,827,1170,RGB
7,page-0007.png,150067,D5CD406C0756E57E161169ED3A9136C0EC3EC302309381F8B13B37EE2E213CA2,827,1170,RGB
8,page-0008.png,141234,90EECF2BDCD2C6D95F937D05E00F28BCC5FEB1CDFA8EE83C0A8485CD6B925783,827,1170,RGB
9,page-0009.png,142666,130F20985DF9A135E2C442207ADD11D7522FCA6CC70438872B16C242D4DE88BD,827,1170,RGB
10,page-0010.png,149815,FB5A937795657A65E080C5FF92DF273577AFE9A7E125C3FB94CA32FD6BB2246D,827,1170,RGB
11,page-0011.png,176101,60D83EB9C7D9BF3D3CD50B26C73FE36009E98A0C72D1ECCD54E65A8BBA3974C2,827,1170,RGB
12,page-0012.png,186159,09553CF6B7ECEF970016F92A7C5E6B98FF98E0920935EC8808AA959FCA277063,827,1170,RGB
13,page-0013.png,142456,184D7E6C55237FA50F023C259A2B254A403426958EEE88F3AC8330025E59C9C2,827,1170,RGB
14,page-0014.png,163965,A1DF64544D73E3E48A68E916AFDDF5EADB0796F05BC45CD9723EB88B440C1626,827,1170,RGB
15,page-0015.png,167247,368581C9D4AD1BE76F32D5843DF3E441D2B106401FAC7838D6B710CDCFD41942,827,1170,RGB
16,page-0016.png,175285,01492C9DC4204236EEB0066CC3A082B090D5D292DA253BFCF1F9B61A374FB876,827,1170,RGB
17,page-0017.png,164709,5EE25C6FE4ADE6598F6FDF3AEF1B1D7E4EABE38A2CD0374619055A563E919DB3,827,1170,RGB
18,page-0018.png,161248,BC28FF26E6E876EFE2B836CE8ACA28D70457DE002149E602B54D32C5517EAB15,827,1170,RGB
19,page-0019.png,151911,9713E07E17B3B75C750E053FDC59DF2E30D75ACCF45D6AE8285E5BC1A1EEACA6,827,1170,RGB
20,page-0020.png,170221,6B41EB214230C7E9427EF035C2055FDA74069690877AD47765ADD621392C614D,827,1170,RGB
21,page-0021.png,178347,B2D59336BD4C661B2A26FAE142CC02C81C88FB162B4CD2843FE08376F1AAAE55,827,1170,RGB
22,page-0022.png,159062,8F7F6419A1BE91E46FAB4078E4F39D2614D4E91D67BD39C892B0CD0E3526664D,827,1170,RGB
23,page-0023.png,157553,55BA6E8CE54DA94BC28C020C5D2A8AFADE0AF51E3D9A724832C66A81FA35979A,827,1170,RGB
24,page-0024.png,186329,2E9E33F72FB18869F61F2B042B723992AF499BE5360BB15C758D388F0151D969,827,1170,RGB
25,page-0025.png,162338,B35E4894F44A615F48055F7CCFD43D4F66BBDCAB72D8641A504E4CC0D84E8B49,827,1170,RGB
26,page-0026.png,170161,CB38E4643DFE8A438A63DA421334A5FC27D6BB1E067E46B22020F94D670D8F13,827,1170,RGB
27,page-0027.png,170194,13FBA2CD00218BBC59ECBBA8CFD71B3A3FBD5B153EC9A8CB10F10C8E5FBB1458,827,1170,RGB
28,page-0028.png,179459,D43AF29F32EF5BF955C374403EF4F16AEA9CCA58CD06CE26E9CD83383FC55436,827,1170,RGB
29,page-0029.png,182254,D565CDAAD4F63097610960C8382F5CE0A221C83A0072D9E693A6DE1512127B39,827,1170,RGB
30,page-0030.png,169387,4E1841E8E33CA1D72995D72AF43B4A3B406C411D793F7BC27A814594E485C525,827,1170,RGB
31,page-0031.png,159947,44CA6C396FC322D1F71F74C5702A0457078B3F5C9E2315D20F2E30BD44CDCA2B,827,1170,RGB
32,page-0032.png,225487,048DD7D7F5F887AA03C0DDB8481D20B99943AB680FDD98FEE6B07E92E105ADE6,827,1170,RGB
33,page-0033.png,179026,B60A514F8DE6241B539212CC0BF781DE1E25A609B0C9C7CB998604088055143F,827,1170,RGB
34,page-0034.png,190801,2A706383D554C287A9E46AD40363B3176804A4191017E15C4B0F9BE351D15FC3,827,1170,RGB
35,page-0035.png,184411,EF433680DB4F9B49643006F6BBA2A048B5383B35F511E28550FA54CA656CCC8B,827,1170,RGB
36,page-0036.png,174315,6B16F09A6A3203A2F6539D997473FEA204A73EA785F3F1D4273BECE35ED0D77C,827,1170,RGB
37,page-0037.png,177869,06BA3F83C42A9156B1036B1179D836DFFFD331D6F2DD3BDA0A7EF32AA7B05751,827,1170,RGB
38,page-0038.png,177156,08B393DA15B4AF2C1BABA22A4B684A20EEEDD1DFED570217E589A9E296DDD21D,827,1170,RGB
39,page-0039.png,183658,5ED8CD8FBF2BF2599EE5D1CB68049F332E74F6539DB76AEBF60DD22BBABCA1F4,827,1170,RGB
40,page-0040.png,160438,7243FC78F8EA2D727E87D592A45AADA558500C41D1BB8B4789E9CC99B2E35ACF,827,1170,RGB
41,page-0041.png,184632,2994F3A3189AB69319455F8BE172D1041C3C0F7DA539F0BCB016B1E301B76A43,827,1170,RGB
42,page-0042.png,188308,2566F9B7409DB2B9416476FCF3AFA6940FCECEA8CFD526FA819C902FB0B4AE02,827,1170,RGB
43,page-0043.png,183036,D113BF0BB0D447DC16FD98B0F32363E6BD175BEA42ED626A8A82BF20F86DF9F9,827,1170,RGB
44,page-0044.png,181479,A3E837E7A2C4A154346588A143D9669939EA3ED43A2B0C412BC2B4F2CBBDE5E1,827,1170,RGB
45,page-0045.png,169349,533B959063C818752FD4752FFA9006335E04F6D4AF366D1863DA40EF9BCD4633,827,1170,RGB
46,page-0046.png,173237,8A2BC677C86FBCA1340A3C3BAC29E1CCCD1AEDB662748929A1225BE5A77AACBA,827,1170,RGB
47,page-0047.png,174316,B8957DBE6C38607550D6E062F2965AC3FA76D95875C176E6031CA846CC8B6433,827,1170,RGB
48,page-0048.png,174254,7B96781AC9947B99E12681DA7DFDC45415716DA7974C0DAB165C4E9F5B2516B3,827,1170,RGB
49,page-0049.png,205348,3C5D26CCDC4D1726052216815A5FC35D4DDD4505F1A16E945B23979B5FE4854E,827,1170,RGB
50,page-0050.png,179838,139463EE524D52AF849AC5AC1030E78CD44E8BEC9B4C7108EAB3D7960E6BE11E,827,1170,RGB
51,page-0051.png,175642,411034F8C591912B90855A5154C1E51A1B01A32D982567E9573392FC5A62F0FA,827,1170,RGB
52,page-0052.png,175101,ED1D077ECED40E608BB29313718FDDBC26959B6824B37BA3D954124A4C43100B,827,1170,RGB
53,page-0053.png,166051,8A27EA23470BF3B89D067D87CFDBC5CCCCA607164FEF3A5A72C6B4D717DCDD61,827,1170,RGB
54,page-0054.png,162910,A826A665ABF68A6432417F7B20C0BD6FC5FC1C4409E15AC4D374B0BCF739725D,827,1170,RGB
55,page-0055.png,173223,E2045478E254B7F2F38A382D96FF776A7686729C2B0DA4C252E45FA84AFEA084,827,1170,RGB
56,page-0056.png,179488,AFA42F7B7D6121735D1B634EE783A8F3C608901427E23558AD91403899BD3F56,827,1170,RGB
57,page-0057.png,160520,5D88B4BBBAB2295436B4E8846DD7A8B3FE6E38C94A3F8AEC33216AF317515B4E,827,1170,RGB
58,page-0058.png,202908,0D719E361F4A49388FECE942D1D71164BE4335DA3E5981520CA0FC925EDBB2C6,827,1170,RGB
59,page-0059.png,177984,C9B1FCDE789BE4C469D00382F5C832F05F26595023ACD0CB29803334A06A6C6C,827,1170,RGB
60,page-0060.png,172513,99D6F5E7DD349E9131FFCA0433B4958BCD29CC841489CB7301467D0CF1258032,827,1170,RGB
61,page-0061.png,166575,E8FCBE4BE88EAA53456348361687F8116ABB2F0F47B33FA11F420C4107099B93,827,1170,RGB
62,page-0062.png,174698,79280D8A7569943F46CCA3D940662AB15737233959072F104C8DA1B9FA11FE39,827,1170,RGB
63,page-0063.png,189160,0F5E3B4DB79AA035AFAB793E8C7F684C01DCBACE29FBA66C481489978BC2FB36,827,1170,RGB
64,page-0064.png,204579,4F0203D9FDC6AE125BF6FE7F537EF51BC88D78F8A81C5B0BD2515F165E149722,827,1170,RGB
65,page-0065.png,180509,DFA919F966CBE9E113E43EDF07DD16D256CC1D3588F99149D665348349A53DF0,827,1170,RGB
66,page-0066.png,181534,BAFB43133A4A2FBF7F9D5BFBDBBD9C4E6C062D25776041C11D35C7C5E976BD5E,827,1170,RGB
67,page-0067.png,215580,0DF429C83C18F96E8CFD67BAB7269D90ACEBC855DB8594DA58A23679C4CC2C88,827,1170,RGB
68,page-0068.png,163487,159610060F0232941986FC5A23E4F9D5F2A73C70ABAA796EB12C58314180699A,827,1170,RGB
69,page-0069.png,161295,168E6D4AFA6F18D0FB9C15EBCF6DA103D8E16C69B56F54D2A8FDC139C801564D,827,1170,RGB
70,page-0070.png,160406,6955A716C2CA4A82DB52F7E543F35FE7C5DB9839CD86672B2450E7951EE037F2,827,1170,RGB
71,page-0071.png,167007,8C47498D01DAB3185A4AED17BBCAFA26486398096F9FA9339C6F64FB4C576841,827,1170,RGB
72,page-0072.png,171856,CE2CFBD77CE9F7C1796EE0A2857C2CA37AE1859CE80E5D6F0F76E471E92A9E7B,827,1170,RGB
73,page-0073.png,191168,39301A2ED88A03700DA69E842A2B9B73819180E13DD2C548F3E561B85C35026B,827,1170,RGB
74,page-0074.png,178773,C0B203C23DEF04ED5851F022C131ABCDCFA0877E7BFE2972ADB17D4B11C50C2A,827,1170,RGB
75,page-0075.png,208193,FD6D29024CAE9E1D48334C61622B7F86815E96D0EF5095D18C679946FAFFE2E8,827,1170,RGB
76,page-0076.png,253241,B1680CD3769B0A4F8760CCA6F1718727CD09F0DB23602E3AE024C9D592D9D17C,827,1170,RGB
77,page-0077.png,142633,3F58C3EFC69DB404D98EC1E3023E8F7004E84B7569A470CF80241DBFA31FB499,827,1170,RGB
78,page-0078.png,204462,5113D1EFC0536973F692BF3C72F291A7FDE36EEC081BF3F7A33E768D24EE7700,827,1170,RGB
79,page-0079.png,196913,3E5630E45FBED32E53D9099E5898788676797C734F2330CFA0C3B50FF45A5C6E,827,1170,RGB
80,page-0080.png,106714,9BAFE7FE16B021115EF18C2F810FB6DB80892C9F260EF034251CFE7566257950,827,1170,RGB
81,page-0081.png,277282,30B2C233426B1589ACC93EA6A02734BFF760C406D4448D2450B6349A80AB4EE5,827,1170,RGB
82,page-0082.png,153252,567931C3E1EB05B4DFD4C910F6B8D41DAB19684CFF33C40B3A610946E49514F7,827,1170,RGB
83,page-0083.png,112923,554EC6A0E8C1A8411EFF1AD18ED3E45AFC3BEF53051A84A78796B206D4EB32CB,827,1170,RGB
84,page-0084.png,284946,C3DCD5845C07BF99D3160128532B7B93842326737C18FFA659981EDE3B7CA25F,827,1170,RGB
85,page-0085.png,326470,6F6AECC342894A67124FF503E0BF91DF73F098E513E4DCB027191A5EDAABEAF5,827,1170,RGB
86,page-0086.png,302519,E570B9CA15A2147FD5E1D04024AC60C33C6973FA21C1A383901B73693C66B725,827,1170,RGB
87,page-0087.png,395145,02608A38CC78FD871CBB9BA1FBA9C58545FAC1A4F24765B50A97AD32AC380EFE,827,1170,RGB
88,page-0088.png,287266,FB39A6A47E2A84F3F66088925BA73D1120E07B6B49748CEDD5EF15BF209FAC07,827,1170,RGB
89,page-0089.png,401806,03A93581C79D9308541818E4298C26E54FC316D57A3114DCA96FE49F2FBD2D6F,827,1170,RGB
90,page-0090.png,312833,8119560E5ADC028EB32D56EFDA38D76E9B9C7631FBA7F3C8D67148FBA36347A8,827,1170,RGB
91,page-0091.png,345290,7B08C12786A8B80DCE9DE7B4E0F6325387DACEF70276BEE6122FE1431298E58F,827,1170,RGB
92,page-0092.png,199623,0774E3F3561AA201274DF64D019CEA478E3C169875CF53D6366B1B830367548A,827,1170,RGB
93,page-0093.png,241251,3F573842A7A4582E6AC19FCD55D6966AE8915ACDEA8D92DD729A62856AFB21CF,827,1170,RGB
94,page-0094.png,311982,A9FAF840E812B200360F091FE478420092EE3B17B93799F38B9803DF2BFB4FC9,827,1170,RGB
95,page-0095.png,303553,20EC8C555DCC7D19543FFCDCAD959E2EED72B516EB4EC5D2A017BC9AA97F3DC6,827,1170,RGB
96,page-0096.png,260784,AE9B7100AD560C3292DF9EE7DE2943443E71148D744BACA0DA4D961FDDFECA04,827,1170,RGB
97,page-0097.png,243284,686A5EAE78C4D745E6B7D3ECDC553F23CF3B51A2226A213CAFA97FEB14D9A147,827,1170,RGB
98,page-0098.png,173474,3BE8C733B0CDCD1C7DE9A59B989414C3D7525529AB1F0E21C71C6A99C62A241B,827,1170,RGB
99,page-0099.png,149203,DA1D33DE9D6C12DB75468AAC752281C01E805803E70042E042C6DA635982B151,827,1170,RGB
100,page-0100.png,257802,2247496AF29086FD1B18153F96F74311630466716A7F31D9897A53CB789CA4EE,827,1170,RGB
101,page-0101.png,209857,A7F5EF2141A61F8ED46E75A3B2DC274067858D6C73BC8123D2D35A658A547358,827,1170,RGB
102,page-0102.png,204822,07D9FEEB6C13F2B5E2084C6ECEDF01562933A71AFCDF789DA7367FE0799F9FE7,827,1170,RGB
103,page-0103.png,207679,6EAB6B9BA7CC88493A549E67205F2F3192014015765AFA28F220FD96AFA4957A,827,1170,RGB
104,page-0104.png,262351,25DD122C3CEA801C76F2901A2C11DF35748D0D20FCDC94F13D21F78C0839B85C,827,1170,RGB
105,page-0105.png,176069,C3EB8287C087BD8A4E715F2D14856220ABE0E2A9ACF426E6CABF5AD5EBA49F0A,827,1170,RGB
106,page-0106.png,274411,B4865D2225F77A0C1DF19ABBE2D6A587508D0CAFC3E8A04CD4166CD0E9965C57,827,1170,RGB
107,page-0107.png,185677,0F7AC7921383780575AB3224F50F60A84E665B20A55191E3647045965575C237,827,1170,RGB
108,page-0108.png,324073,F511394444F647D6DB6B0B2DFEA705ECAF5BC58EBFED6904E01048614C457C0C,827,1170,RGB
109,page-0109.png,256241,5DB25EB621E1B131E5E06F5475B75F29A382A717D6ACB6CC31ADB7966360AFAE,827,1170,RGB
110,page-0110.png,240707,2E8AF4B453D5C348CAD581272DFF6206379D52970048160A0DB6EB358AB193A3,827,1170,RGB
111,page-0111.png,287169,20C1967B0D54EC68523B59F2E019281E7E7BF397E39CBFC5A4131AF93B84D288,827,1170,RGB
112,page-0112.png,227152,ED3A051B8FFB86638AD10F39910AE0194497AA102398BE56BBB83E877A652868,827,1170,RGB
113,page-0113.png,296024,9C0CE2F868712372E5A79F4CC1FA5631449108295F7B5B26ECA6C4102C742CB9,827,1170,RGB
114,page-0114.png,342145,22C7E771A70DDEDF8C37F1EA1E83A73409ED5C0DE5E75F54D85D8005566618BC,827,1170,RGB
115,page-0115.png,333692,904B353F26EEB5EF805AF5CB8EA601D516BEEEE0B027485830367730D251C488,827,1170,RGB
116,page-0116.png,316188,D48DECCCDB54BE442639DE1C0AD6BA60AA3F7C84E0468CDE6FB9661983AAF111,827,1170,RGB
117,page-0117.png,293588,CF8147C4C92D7E59967CED7B7E9E002E5DADC9677CBBF331426850EA942BAE85,827,1170,RGB
118,page-0118.png,284309,E56C23CED602D40C2B40B8C79803A3D00A9B0ECEDAF9F01F270C7A595B9C1EE4,827,1170,RGB
119,page-0119.png,263545,C1A99CC7FD3117071EF315AB69C1C20F94CB4AB145A4C25BEF07F22E367F2758,827,1170,RGB
120,page-0120.png,274841,89F53E59CEFF67489362358A06A420ABBBC88AD464332677E4644F1CD385AE53,827,1170,RGB
121,page-0121.png,216723,4F71CEB37274F94E96E1D5A97575D1D5CA121A60BF8514FEE8ED2FCB08210FAD,827,1170,RGB
122,page-0122.png,255615,765480F9E75D5ABBD8F319735E80A5CC1AB4437557763178B597AADA32B90924,827,1170,RGB
123,page-0123.png,297852,F493148877A14754150BCDE64CA1E2BBB934AD89D30081FEA3547A20ED0B1DB7,827,1170,RGB
124,page-0124.png,234140,5D092E0BCA463ECD2DA8A4CA2CC9DD184F35DB2608B04008037557B925E20BB3,827,1170,RGB
125,page-0125.png,195543,ABB8E7364E2518EB0AC7DDCD5712F8857111F618B58EDB294C16325014D4F727,827,1170,RGB
126,page-0126.png,151774,2B6496F19E23FA553965CBA130C0D164D726E2FF46DBF53EF545539D2198B58B,827,1170,RGB
127,page-0127.png,169980,674CD4E938C2537D8E7DA0D7262598080A3C62608591365072DCE34A8C9C024B,827,1170,RGB
128,page-0128.png,283651,D7A3531729155342563C6335C10404AB47D0837FD23169CCCF02165CC6023A58,827,1170,RGB
129,page-0129.png,222471,C9C48F19C446A338861CB143AFB2B7734AFE8861E9ED9E1464D51A89B53C0A07,827,1170,RGB
130,page-0130.png,232310,435533A1BDFF0AF125A83FA86FF319D38E6671A05DC26D646AE53EC0F4C20BCE,827,1170,RGB
131,page-0131.png,248422,AF3DA729187C268B03CD7FED23B670D831A38C7CFE0C38C830A0095803A9928A,827,1170,RGB
132,page-0132.png,213437,BDA43E2A7C3F82FB4B30B623E47598B6917F7B05C18BAA36C0AADE14F51EEFB3,827,1170,RGB
133,page-0133.png,205096,BC3C626C151907AF15559E878169724C68E23833F40A284BCDDE3800913E9544,827,1170,RGB
134,page-0134.png,200115,E1E2918BECB6D4F37EC4BB6DB77D6742B96A31C0C335B3D9008C4AFC693A66B5,827,1170,RGB
135,page-0135.png,148870,1794C0810B1D3EF59916A4C17F5FDD91F32D63A0758474B01131047E7BB55D90,827,1170,RGB
136,page-0136.png,309633,1AF71F0C1F68F019EC55083CD8E4C5740F1F7418A25B81142A08CE01F07A4CB8,827,1170,RGB
137,page-0137.png,248825,66F89EC58748A36AA99065F09D301934CF517E521D6E0C726BCB2E75210FB6C8,827,1170,RGB
138,page-0138.png,179345,084A9431993F3609BD2EB662AF3DB8780379C9BB13815A30DE97A80A4CEF4E0E,827,1170,RGB
139,page-0139.png,199635,8AB1B5657E43AAB183D1D40DFCCF1EFD83C2E0A963B47EBD6B0FC5C37102D4C5,827,1170,RGB
140,page-0140.png,228429,0A12286BFFBD3CBEEB3AA70D94ED20E345210DAA87416727AE17EF80A5A2033F,827,1170,RGB
141,page-0141.png,161889,2EA7FA8D816347EEA2114EF2E504FEE5E712ACF1F8692308F92D1777A84070FD,827,1170,RGB
142,page-0142.png,167761,42BA8E5B2D1D532D2603919E19C32DBC9A5D1902405E695FE86B102FCD15840A,827,1170,RGB
143,page-0143.png,197640,A98BFE7CC350D54912566387DE4E25CBA37AB317B34C18F3DE0642A5827529AE,827,1170,RGB
144,page-0144.png,263395,693B19D0685EB931EF496CB6EDC4526DD665F18A6BD0B6B64DFE0E819623A475,827,1170,RGB
145,page-0145.png,252478,3D13468B42220F2F0667DDACCCD5CB9C028FECA0D74B8D903D042326177737A9,827,1170,RGB
146,page-0146.png,241763,0D461B7980E32A923325B3FECEC93FB59E03E758A83B2C09CDEF85FCB260EB60,827,1170,RGB
147,page-0147.png,292969,00C59AD7AA3D6CE5E94095E82B7F32DCDBF41D5F5E3F76BC209E5D92063BC1E6,827,1170,RGB
148,page-0148.png,298549,4A45B395BC150B44C5AFE479C98EBAF55D5DB8F6CE278DAD309CE7B9D98B2536,827,1170,RGB
149,page-0149.png,254024,6105B62E68308BFA111CA3B5B7861EAAA3C31D27BE399BE3FC595FD67506B53D,827,1170,RGB
150,page-0150.png,202683,D55422241BE729E86614E58BFE16F40F05963AC1A8792993471BA2A081C1A998,827,1170,RGB
151,page-0151.png,220340,7AFD58528614D159F018FDAD6848AEB038C126BEB776FD4AA0A8971E16D4EEEF,827,1170,RGB
152,page-0152.png,360202,C7B19F1F88A508D84994196A2195A422863DB16BA283B86EE388AF04ACA64337,827,1170,RGB
153,page-0153.png,307239,0D7A0BB19439C8DFA12B70106A22CC4BFE102A56C2F585B1160E8F1860FE0E9A,827,1170,RGB
154,page-0154.png,350763,A8C87C5471C5CB65EC1C2D43E9B239795E32D718C17AB9C028652C73CCD6EA45,827,1170,RGB
155,page-0155.png,339645,A35BF4C34DDB783A5480F66ECEB74E124B248B1C44F72C1985D0E5DE22FB6EFA,827,1170,RGB
156,page-0156.png,242254,02794DD6F627143DFE1FF208284631CA094E6A450CBF1035C14BCA874CEA738A,827,1170,RGB
157,page-0157.png,326530,D93E633E601BF2A2858559A1632A452D151C835C899A0661A3B25BD5C2A7D00A,827,1170,RGB
158,page-0158.png,336136,7829DFF172B4879828F331C3DE2B15D6200C6CAA1AB89777D3397D1CB7E43CF3,827,1170,RGB
159,page-0159.png,332081,948B706BE71A967EFA8E8FD26B74613580C3212259FE6DB3DD9CCF95E02F794F,827,1170,RGB
160,page-0160.png,322554,002F5FEB0E0C5495046B0A636E20A30B4EF5266FCF4B89A61695F645FAB10E37,827,1170,RGB
161,page-0161.png,333386,0F9CF343EDEE831C79389A95CFC7623AABB33FF3665B6EA1CF41C12D5A593EFF,827,1170,RGB
162,page-0162.png,198195,A69AF192C90B2339A373D72EF2F35ABF07911790656D5468CAA112667E99CA23,827,1170,RGB
163,page-0163.png,233965,91C365359FBD7788B1359C532B48500BFAF45D7096B36C4266C35256B82E2C7C,827,1170,RGB
164,page-0164.png,206777,72990C04BE54C53C12EC9EFEE9EC325DCCC2DB472F36AF2B1B206CE3742BCD86,827,1170,RGB
165,page-0165.png,161536,8761106C1FF6E043AF7566C9A4C081AE328369C8E061E86C9E5FBE7B53C2FC90,827,1170,RGB
166,page-0166.png,227360,BF3432695AACE6DB58EFF9EB9B0CA8A1044F1AFE0DD07553478D58DC289AFA35,827,1170,RGB
167,page-0167.png,236285,30830293FEE54DB94DB102883FE4432C9F4D2D5125BC103BA7DF976F36BD43BC,827,1170,RGB
168,page-0168.png,212387,6ADFA03D528627FE14FE428052A258FCDC066AA186193889F8EF24194A5BCFA7,827,1170,RGB
169,page-0169.png,215909,46FE8FB17577994CA7BAAAF69CA37B7510F7969B3ED460A936749327EAA22D26,827,1170,RGB
170,page-0170.png,220110,46FC0104D5323A911A26FEC51B8AE6FE4B97216F1F699243015C77A3B830659E,827,1170,RGB
171,page-0171.png,229589,DEE3354D04F0E6B288E9F08F1A2568890814947A3C57D1074EFD6C3C7FA57BA0,827,1170,RGB
172,page-0172.png,224492,A9A975AB9E0BFD10F409AD55F4B8543132B4735A19F033BC6FF95794FDCCBB18,827,1170,RGB
173,page-0173.png,22736,E79C87D14E259967B5D5AFC97CC4C800D1F85B9540D20E938DF4F9619456121A,827,1170,RGB
174,page-0174.png,211698,AFB7CAE1BAFB9E69B9F21EFB2C352EC97E9F492A4B6833F7ED61872FB19A2630,827,1170,RGB
175,page-0175.png,295627,AF5D92D7A168118F1792A0CC0E0B7D7E315FE3214506BA87E57721650E57E478,827,1170,RGB
176,page-0176.png,285153,648AF7D9D5BE25320528AB9CFBDE51753B5516E4AEE82E7FF0781C97A26FE9C7,827,1170,RGB
177,page-0177.png,227635,FAE017F1A59B22118EE67D79E218A37F518F8358C07D00A5FD391F4B59C745B3,827,1170,RGB
178,page-0178.png,255928,27672129EA7BE05DC1070BE64CAEA6DC4AE03EA0BF747BD828735E35C5416F66,827,1170,RGB
179,page-0179.png,304322,6B65E20E14ECC7EBBB4F945085632235A460FEAAF13947C49C1FB52C6EF39A30,827,1170,RGB
180,page-0180.png,313188,34B8A463F391E5FAF268867C779B4C749768A43931050DDD208032FBD8AD9B65,827,1170,RGB
181,page-0181.png,324558,4515ED430C558BB0BDF2557EB6EFC4022776076EE028D011E4D04BAE4F0BE05B,827,1170,RGB
182,page-0182.png,343114,12EE6737BEE7F5937FBC5048EE5681C3D253CD5EEDDE2CFEF88CDC01A70FF2C6,827,1170,RGB
183,page-0183.png,330086,ECF98A230D5E35EDBCD443FB52DAEA6AB1CBB094D7F157DA30CEB8B85730632C,827,1170,RGB
184,page-0184.png,342638,F85229B60B7AF9D37CB2AFBD2A0E9D2B129B6DB5A3DF9F94D175BE970E3D3E68,827,1170,RGB
185,page-0185.png,265048,6710CBA3C6ECD09866A6B722B5344FFED80FC113CD347CB28C0933C8A69475C5,827,1170,RGB
186,page-0186.png,262637,5AE8C46D9B23F3E90354C260B95659CBB73622A7BBD9CFBC4DC1D913DA5DA571,827,1170,RGB
187,page-0187.png,286849,0B65BF9B862BAE2C91182BE68B7078B2F99C25DD756FF0C52A022233F23A318A,827,1170,RGB
188,page-0188.png,324976,6A719E75952C3AA8BA2BFAC390A7AA8C283D92A328ED9DB833169D73733B4900,827,1170,RGB
189,page-0189.png,333579,65CC31DE0EFFCAD6EA2812DDFE752B52067AB51900FA57906903BFB26E2330B5,827,1170,RGB
190,page-0190.png,350965,76114AB05CD4305960F9B63587833BBCC80145B42223689BEAAADA797E30F021,827,1170,RGB
191,page-0191.png,326083,27A4FB0C8979EFBF1F960649A82A800744120CEE02EA98941B2CAC80A71CF11F,827,1170,RGB
192,page-0192.png,306057,C17B469D6B96D1404FA71479FBC220829CCBFB0D2884C1A35D837940B800A9E8,827,1170,RGB
193,page-0193.png,299786,2F9DF0E77E2F42561F894BF9595F9A84D83F9DCAAF70D59A969D4BB855148F5B,827,1170,RGB
194,page-0194.png,318409,486A8169E9821BBBE19572B6C6BFA8117D1EE31AB217F71A829B395F4E1DCDAC,827,1170,RGB
195,page-0195.png,308584,AC25CA94DA0D3F1084E6EF1BACB10307BCD76269F82DDB4F1AEEE6425FCD91E6,827,1170,RGB
196,page-0196.png,325897,B883E3795CD9891C1418A7ABF602FE21845C870A143B806BD4D4364E884345F9,827,1170,RGB
197,page-0197.png,354016,06BC15949D5BD8EB58DC9FB500B2B1E9E374C8663D7CDBA33A7E3CBDFCAFE687,827,1170,RGB
198,page-0198.png,326211,6E49F52CC28898CFE2EEEDC52D0844FC26762EC5E4F474E6EC7047356EEB4D2E,827,1170,RGB
199,page-0199.png,304385,F64BAB10D158B0144E2B15C29CE3CE8E9E0D0911D376000CB603506ED104B5A7,827,1170,RGB
200,page-0200.png,285571,8689D6B0A038FC826EB7017A8A26F5177F081E1404DA5D3226B59A805350573E,827,1170,RGB
201,page-0201.png,315819,49CE989BA18EECFC3A9EB4A8EB5FFC2B48EB6B78DC7CB47CED86E7F81F1ECD02,827,1170,RGB
202,page-0202.png,272817,022C491B3E1FEDC270511BD6966FFD0A14EE319A5C0E3F0007BCC296027CD757,827,1170,RGB
203,page-0203.png,309207,E65DC2CA2AB4C5ED602B9BF7B3B9C3C0A032531DF94C03EFB61A647C9FEE88FA,827,1170,RGB
204,page-0204.png,284599,6331FF68B495935469CBD08B2CF0EF234D0FB6C4CF070F51C744510D1FE649C9,827,1170,RGB
205,page-0205.png,318637,E0D69EDC9A41D2411562E44AEB239445087DA8ACB311D8DCEE0E77A92D18BC60,827,1170,RGB
206,page-0206.png,378789,7B963A9D8FD51D4C90B0ED76C8B98552EF76AED53001B557614C57F7D73136AF,827,1170,RGB
207,page-0207.png,318104,91821BC4702EA0698126E37F926243CE388C2E8CDFC2BDA238F72878044D7F18,827,1170,RGB
208,page-0208.png,320196,65271F7CE6A1FCA390C6755A39D1382B279BC7B21AC3655EE96F194BFB1553B1,827,1170,RGB
209,page-0209.png,337941,AEBB7BEBC25BF99C681216A0232F3514A3BFF866119E8C1500F5A9A78ABE25C7,827,1170,RGB
210,page-0210.png,338182,8F030C09ABBEB0DA2AC55C5C83B1991D6F8C4079450A97B1E748C0AE8E39AF43,827,1170,RGB
211,page-0211.png,373195,0932BE4139EDEDCD9223B9039C8CF694D038CEBACA544233D69F05DAD4CB502A,827,1170,RGB
212,page-0212.png,326903,4C0C10BBCC6F0CF7DAAE76A8BB1D074FB8F788F13C9A70A663BB6E9985E0AB61,827,1170,RGB
213,page-0213.png,327682,E866EF860FB8C7E274C9E162988E2BC29925C90FCD6497D1F02BD9D298A8CB5F,827,1170,RGB
214,page-0214.png,333764,9B5EEEFBC8182664FBE3572CB08203BBFCDB5611681051AD1FA5653216396D2C,827,1170,RGB
215,page-0215.png,304013,3184B14B988AEEFE661734B58E1EDEC71D472742F0EEDB00E0932F049C845349,827,1170,RGB
216,page-0216.png,302945,791B2692EBC146BBE09A343522784FA4EE968F13913C60E10A0CBB53416D65F4,827,1170,RGB
217,page-0217.png,304290,00375764AD72DFF128EA7F09C702934EDFBC9F852DE5C0117DFD0C8EBD114DBA,827,1170,RGB
218,page-0218.png,356519,3D40CDB4CF9BEB6C3DEE5587E259C72260899FC4401EDB5CD11DC88A2EFE01B2,827,1170,RGB
219,page-0219.png,344521,16A62DFAB6A20F9FDDCF738C27DE01704E366F169FE921B434EF6DBF79B1D2BE,827,1170,RGB
220,page-0220.png,194963,71B5395683D45F3330A5633B48EAE1427DA6E7076F7DEF1FA8928DD08167D761,827,1170,RGB
221,page-0221.png,321040,F449D40D8B978D3652051C1E68349DA338F4326C4E973DE2E3182DBE04DA2645,827,1170,RGB
222,page-0222.png,328131,B59BA6502BFC719977AD2C38473B6A2200BD413B85A608AD678E41AD2A075411,827,1170,RGB
223,page-0223.png,219399,8014F566ECBC361FEBC3E2135F63FBC4F06068E204C4CE26B68D8C3F5CE36D0B,827,1170,RGB
224,page-0224.png,275749,63E6345AD4361CCAFA60CE0526A0D6093ADD38C3EF94E76049E697F3A3877D90,827,1170,RGB
225,page-0225.png,320441,3AEDEE759FE35E57AB657DC321132DC62EA5D34BAEE9AB358F8C0892977CDF43,827,1170,RGB
226,page-0226.png,264719,56C1F2D3EFB893AC225A82F7B6BF510C0A76F35BB3E59B76BC7478E8230C3532,827,1170,RGB
227,page-0227.png,315994,FB7B706D9122D509DC51B204208925EACEA4F8F9B0F53F49803553A7EFD39BB1,827,1170,RGB
228,page-0228.png,227443,8D592DD919E1CAFD805617506D4848147C318F35F39EC4FD0DF3E5D265CCE0F7,827,1170,RGB
229,page-0229.png,250159,44D9FD1FCACA3721CD76B61E432F8CBB3F748665862C40225F44A2B57413EA06,827,1170,RGB
230,page-0230.png,242665,93555C157393338E706A029488AA68C092B15E9FE66B8B8F333E9D0BE090418A,827,1170,RGB
231,page-0231.png,259551,928EC3B4301756EA964BDD50A65E8E5B09909F19749189F174E093F2C32D32C1,827,1170,RGB
232,page-0232.png,298869,8ACAD75B10A0A73B92140A02685C8A006934F3A840E25B20A00BB88A16F92344,827,1170,RGB
233,page-0233.png,186122,3ADE182452E5E48799BEA93A72EDEF2A5BCB062EABC9815952DBE214128C623A,827,1170,RGB
234,page-0234.png,203309,929303F7E4FA2773A035E27F1DAC1AF7650C44C8695A424EFCC0F43D5DFEE966,827,1170,RGB
235,page-0235.png,256888,A54DBDBE0B1841C91E073B877A3E6D379DC2C144049FA18D5D6C99077A8802CA,827,1170,RGB
236,page-0236.png,286020,467F305E7B9D8C7654D50C1CD6FC2A89C88DCA6BC080C6327747D27540DC2A0E,827,1170,RGB
237,page-0237.png,216412,5CDD618383E6B42DF6B697DC85C97E362146AFB794D3EAABB5EE95048780F99F,827,1170,RGB
238,page-0238.png,246008,54036EDCCE078642969635CDB711F0189696D30B28B0D417E9F2B817A5A89885,827,1170,RGB
239,page-0239.png,195261,E6CE799517098AEBDFEB2B8DF492C07A3F62EB06C26AA9FD05338E2284C270A3,827,1170,RGB
240,page-0240.png,230939,F6B71436ACFE80A24D8D5E40E2A922D45FCB35287544BBB13E7BB1DDDFDF1E2D,827,1170,RGB
241,page-0241.png,226992,4EA786318176D370F70E2E7B0CF61A38BB0D4779810441AD72E6669B1BDF9F0E,827,1170,RGB
242,page-0242.png,259586,EF75BF1D9D6682D51ADCC924EC91D4686C64D436F8FE93AC554CFE66C30204CF,827,1170,RGB
243,page-0243.png,235017,491BD6B1A44031D9E0A56C14BAA355C282AF68530FB9A5BA11C46F649D11DE33,827,1170,RGB
244,page-0244.png,250763,390DF579C91D2F3D665894FBA1F58DE8906A0E1DC994A2980982C53A43471E14,827,1170,RGB
245,page-0245.png,254912,9D55F658ACA3D0D254AF06648E9DAF0FB204CCCC26F2064FD659194A6646EDCC,827,1170,RGB
246,page-0246.png,381787,C2265499D891455FC313EE43D8FC6476B219C525815B5C5FC8BC48E4829E6A9B,827,1170,RGB
247,page-0247.png,261552,0BC23E4E9E6ABF49A9BDF4923B5545AE062B96F93B25038AF266A780C9BE9C54,827,1170,RGB
248,page-0248.png,278804,9C16AA637B0AD2E84143329625F522D0740EE7340C4AA98BB24EABA5B109862A,827,1170,RGB
249,page-0249.png,317206,4318AC3B26E4A27536EA79D0AE2355F111CCE947C419E6ECC66257A618EA00E1,827,1170,RGB
250,page-0250.png,283327,AC49118A18AD3DBF18A02D08318844099D6569E865B3FC260E0F1444BA0C84B9,827,1170,RGB
251,page-0251.png,302236,835A6CBBD18D81B3B0CA767BBE64CEBE96B98CFD1DF9DCD4377CCB2069A4AB57,827,1170,RGB
252,page-0252.png,312483,F59D9B93C6F9E5AF5932C09F370073F2AA9AB266094ADD5D50C91236ACF2D0D2,827,1170,RGB
253,page-0253.png,297764,603C85406315D13EECC5AF1B41D1BE22C1CE5D0A44F54A2534F31D86AEE6D596,827,1170,RGB
254,page-0254.png,268377,DF95196AD83BF5E16F575F525E3C804AA405CF6DEEABD55F2A62011125D41F56,827,1170,RGB
255,page-0255.png,211245,C4719AA33E90A593A82D8EA0C2BFE1B22177EAEAAEFD279C09F16B40C571C824,827,1170,RGB
256,page-0256.png,250254,BDD04A3B0A54B50C010D0CF15B3BBF13C25F19B7A7B4C4FB94ED47E9888B0010,827,1170,RGB
257,page-0257.png,203893,228AF9A9108479CA5DE3D317E17BC4BDB137B16A50C5BD075AEA1A80E423DA65,827,1170,RGB
258,page-0258.png,203756,8D036C67DA5336596016F56D962524F3D88DB7ED9AA2C7366AD5311780AB4656,827,1170,RGB
259,page-0259.png,143414,80975C45DFF27E0E73753A33B1C74D4B71104BEDB9010D7AB2C3ED7A1C2F1975,827,1170,RGB
260,page-0260.png,291448,0B950E3B5384308968BFCEDA7123759BF64472BB3CB3BEAEB0A8D2045B0A3B74,827,1170,RGB
261,page-0261.png,366259,94528DBAAB1B93B6F4455BF4D21857A5F8DA7070325418262834A64D25A65610,827,1170,RGB
262,page-0262.png,268706,C44AAAF8A1084A8948EB68A6E6A434CFB10C2411374AE30AE3CBAB136400D5B8,827,1170,RGB
263,page-0263.png,242682,CD8DEFA40168A38F8D778B975AAF650872FA254BE692CDF3040AE2B641194735,827,1170,RGB
264,page-0264.png,384661,732CE19854B501ECBB4699AA1BCD90742C12F652B25F09F85A3A325E979EFDC2,827,1170,RGB
265,page-0265.png,277887,300F4295113377A682295DC79D654F2BD2A26F52861C7BA5A940FED0E0278500,827,1170,RGB
266,page-0266.png,278226,795F47D94713D14F9EEB0972B162FE9240E2774DEB3F97B5AEC8630E159CC52E,827,1170,RGB
267,page-0267.png,297245,6407BCBE05270CA3B42B25D23C4EA053C93282EDDAA994FCBA71B7EE7C7989E3,827,1170,RGB
268,page-0268.png,303443,F290CBF34652496170085C01EFEAC3AC1B660D1A071932F93B0F6D23946D7FA1,827,1170,RGB
269,page-0269.png,215296,F926029D3ED1340FB12E6567E92C14EDEDFAD33F6BDBBBBFDDA18A32B271BDDC,827,1170,RGB
270,page-0270.png,299279,F6FE5A1C892F5C14D36B63F3ADD2AA9532661BFD078C25BB8AFC93584B18817A,827,1170,RGB
271,page-0271.png,293061,8225A49DE77EF89D6916F14096D2CA6D0E5740C32CA251FF6F80C789EA5C4466,827,1170,RGB
272,page-0272.png,215548,B5823254E088FD30C4CB9AED5C5DA6EEB3BD280E70D1CDC125466A987AC2E16D,827,1170,RGB
273,page-0273.png,278544,8F7DCD32B0DBF00461F1D8B402142109C282EB983C813865FC6CD039D4D2FA13,827,1170,RGB
274,page-0274.png,291022,58286406F40A936DD41ABCDCAB5EE0EF75F0BC29552BCFB43AAEA8AB28E0B237,827,1170,RGB
275,page-0275.png,298645,EFE640A58B7D478CA4241C55F0C23093812BBC9F6BBBF0ADDA86A09AA7232AEA,827,1170,RGB
276,page-0276.png,286376,C37AD8D6ED214D2E75B1FD2EE2F333B76AD7A7BFF31494331E0720233DCC72CD,827,1170,RGB
277,page-0277.png,278681,04CB8D6E2516DE4BC00B3E3BABF35D74850BD1163CB0FBE94E550FED192E08B8,827,1170,RGB
278,page-0278.png,331689,140149B1BBBB48B4886107E1393A8CF79474F6A536F68A8A56DD7C0293325F75,827,1170,RGB
279,page-0279.png,343708,109A9E0B26947D3B09C358A06D817001C22E9AFE041A6B72CBEC2F285E9006E1,827,1170,RGB
280,page-0280.png,309742,2BB80E595A95EF56E1A71938F22648257D76B54A089E9219D90A997F7FC9886E,827,1170,RGB
281,page-0281.png,329755,532AE82391B81C3DDE43898DC15FC6034634007528592D6B1AE40304045162C3,827,1170,RGB
282,page-0282.png,334392,7640DBA89848DFE8F0605A11B892B9D59107AED7133F4434F539263CF8CFEDB3,827,1170,RGB
283,page-0283.png,276587,179BAF774CD375C89CB09DBEF843B811446060406D7FD08D5BD5C3CC8007545B,827,1170,RGB
284,page-0284.png,293579,D7B24534B4775B6B42841F765D8763209F2E395A9555D485D18782B4D2AA7A2B,827,1170,RGB
285,page-0285.png,318536,3DE75FCBA48C24ABCC9C70752D71384B3F0E03A8FD568A94C03BF4F4709B3857,827,1170,RGB
286,page-0286.png,257809,3A2B7D09AF7C7CE0A27E1B9B07FB3CA352E42F7289923AD4326CE1B143E838D0,827,1170,RGB
287,page-0287.png,220898,4C2C2F31AD82FA47ECD2C2E770551D33610CC5FE208EF8B5072C4029A3D68E28,827,1170,RGB
288,page-0288.png,226232,FA6F4E8E7D7557DD6A4F888E7C5C31FD1401C60C7E22C937A9D8050C0B8A7920,827,1170,RGB
289,page-0289.png,231709,A17068B41CED6B05DFDA4FD070BA27849592D062903F7FAFD7199C17CA2DB689,827,1170,RGB
290,page-0290.png,277228,43D063158A65EA95806EDD9FC4C17C1E70A5D6C529E6E44CBF856D579270DDC7,827,1170,RGB
291,page-0291.png,308978,9B9F6C5707E8AA49BA7770AF18C0C616D5960851A1172A35658336B3397E60F5,827,1170,RGB
292,page-0292.png,292754,6681F1DEC326412F037436696F478B97FCA617EF8440C6CC36DAE34A63C80D81,827,1170,RGB
293,page-0293.png,318418,35D40AEAC51E898E3A958C7CAD4DCCF93B1062B15F51B184B148B352C4763F80,827,1170,RGB
294,page-0294.png,291564,1DB7E363C4C8EEE7F1632E7962840B41729ED136BD1BE3995E0F3FF39E907055,827,1170,RGB
295,page-0295.png,223797,11D7135EF06AD4C88976D53E8292BAF9BB0020263D2AC6BE5119BB2CBA2573B9,827,1170,RGB
296,page-0296.png,248795,D59B2A566E9860D7DF4C84BCD13B35AA5535D276E1BD317201611FE4B19C0971,827,1170,RGB
297,page-0297.png,224628,9FA0C67C8DBEC709702D2B104AA4D89783EC809B19B2317525EA0E0CCA765D86,827,1170,RGB
298,page-0298.png,213083,094E1430B20ABD75B04BB19F6B5EBBA4EF54DCA9DEABDEE955994F6E1AC2D0FA,827,1170,RGB
299,page-0299.png,208374,4CB11816B616735E5E70FFF71F7D30C66534008A9039266B12FA11BCC325DC02,827,1170,RGB
300,page-0300.png,191997,9853CF26501F6CB6B0F60A79B9DB19004044AEF771AD90B7AB5729FA3467E361,827,1170,RGB
301,page-0301.png,278026,7DB2B3EF43E886DC314F1AD20828E18CA3393E453DBF708C954159BDB2843900,827,1170,RGB
302,page-0302.png,289251,701B6F84E845F0EEBA0CC3DF8A76958BAF370CC6104ACFDB850F9C69A526943E,827,1170,RGB
303,page-0303.png,170960,2F1855033B22BC007BC84A17A17BDD95AA611042F77749CB734B753AF300E64E,827,1170,RGB
304,page-0304.png,231813,3B1A73E45DEDE559EFDBC64F5983CE12184021CA2CC626B5ACFA823A307DE74F,827,1170,RGB
305,page-0305.png,210348,C7B2328A010EC6CFB42DEDABCEE84ED906A69BCED041B4FCD8C25A88034E4FE9,827,1170,RGB
306,page-0306.png,208709,D510023EC488DEDBEAAAD3E6248A0C67F34FB28E70244DF7395357F8401F8DD0,827,1170,RGB
307,page-0307.png,189687,FFF8AAE7FE51863C81F78B4B1204CF3D2809124EE5C1FB3F66AAEC3A69E6BD58,827,1170,RGB
308,page-0308.png,230101,3DC5A6F8F729301C4186244B1D88197B4B43DF1464C3DE2D970B16BC3DFEE8F5,827,1170,RGB
309,page-0309.png,274749,09C4D68E61F556F6848590D946AD357227939A82049EA70D4400B6B4E374A4FE,827,1170,RGB
310,page-0310.png,277748,1477F4A44D30C08B760FCF5BFF7E9994EB6D07B55E68C86BD8221037BA6263AA,827,1170,RGB
311,page-0311.png,263547,F9B19E1149C4797917744BB99E52F40AB419578061CFBC2F2479158A8D54A1CC,827,1170,RGB
312,page-0312.png,255215,CF9A6A76299FC2B22B8EEEAF9DA5A8C89711CFDEC7F21E3DE538819DF78B2F4A,827,1170,RGB
313,page-0313.png,267528,36FFC792EBF50DCF883DE1EBCBE66B98ED2CBB40F5937A2E160DE730EADF2506,827,1170,RGB
314,page-0314.png,246078,0A193D82C25D9CE1FC95FE34093A242BB50A57EBF682DDE8B256AFC265ACD80F,827,1170,RGB
315,page-0315.png,227449,1322E19214BFDF193C294C38A3EAF35DBFD9B8C9F79E266977349F3422F1E2C1,827,1170,RGB
316,page-0316.png,293639,36A7F7958CFEB340123FB7ECA4EBC51AAD7A2C20C2983B30BF33CBC8E07ADD46,827,1170,RGB
317,page-0317.png,297738,D7FCA84240B10E84D66971DE9EC48007741A0DDE82E6E9FEC50E046D34CAE3E2,827,1170,RGB
318,page-0318.png,259698,14634A09A84D7BD71EE5DDAD8D7B28EDDFA9AB967F81B539C0E494A82163D6EF,827,1170,RGB
319,page-0319.png,293800,BB361EDC4E428D05D0691538C14D5B6FBBC6387EDA605BD859522379FB960C16,827,1170,RGB
320,page-0320.png,269919,6C458585320400E784605C8AB67FF55797A5067F9C40103FDB17511C46EE3C06,827,1170,RGB
321,page-0321.png,268656,6BD9C73B6BC08A908BCEE42EA3326CD6365F0E533AA8F760838A9DF208251035,827,1170,RGB
322,page-0322.png,208589,0C7C05FCD2622ED50F9B4D3BBF8960441185D318425EDA6EB552D8BFAB737992,827,1170,RGB
323,page-0323.png,200192,65A0075F7C3910BE6BD6E839AA9819EB3D2D38D2D4A8A919732D141F4D331D97,827,1170,RGB
324,page-0324.png,246887,EE6FB6C2228D47DDA2B813B8E87E9FD522EC99D69BC2AE1DCEE1AD573D9BCB50,827,1170,RGB
325,page-0325.png,366770,E62E3AB3330A78EFC410ECE0B55397FB6B4EA84C0FEFC0B85C28C37C5EB4589D,827,1170,RGB
326,page-0326.png,296758,6F94305DF52C585B7C2C94704019F797F57BDDA61AAC85A09F2CB05846FEEC60,827,1170,RGB
327,page-0327.png,335389,CF1E35508B85C30A8264A488F4D98E82666A342961D3C8B84F8537166FD70EDB,827,1170,RGB
328,page-0328.png,235028,AEE39902BC5F57C5A1BE6127DB4D91D797C6E46BDBB51D2EECB843FDD3A322DA,827,1170,RGB
329,page-0329.png,183021,3BBFB618FDC2FBC08D65EBF386F5870F82716CFB2E9483E722E788A9F21C082D,827,1170,RGB
330,page-0330.png,133572,CCC8C9F55983498AE2BD562D2FCA7338F028D0720D83BE61869E2D0DFEBFA374,827,1170,RGB
331,page-0331.png,291004,802A897DB8BC4B45C358B6134D91FBF7B286301CFD03AE6E3B086AEEF9D9937E,827,1170,RGB
332,page-0332.png,282070,F224E83497DE7B82AB8DDC38916B1103C8F7168C67D09FBDF0106DD77B8779CA,827,1170,RGB
333,page-0333.png,282991,E20018DB936028A1278B2DFBBF088C98404468E9C80395A4616B2CE1E738ABE6,827,1170,RGB
334,page-0334.png,293067,965A6AE7DC34862CB23FDA7A88430038C7BCC971662C63890AB7CDA45D83A1F5,827,1170,RGB
335,page-0335.png,288615,A53CBA77EAA5B223BD06E591D0D4C1FF2452E8720BB887F2170362FE42A9C162,827,1170,RGB
336,page-0336.png,320119,394F7558FFACDDF50A35200027773B5BBAA3D82E4A0F198483F6FEAE023F74F4,827,1170,RGB
337,page-0337.png,233168,1A4E04F80C08BE86C738205CB071F3AED17ED5C6D7503AB4BF02D9AC46A84180,827,1170,RGB
338,page-0338.png,149596,AAF8B7444C0184D5BB756D3F4F9DAF515BF77F8C04CC59E9BF362D36559CBB5D,827,1170,RGB
339,page-0339.png,272998,90CB3E51418AC8013A4125157BA32CACB3D29699B10A19A3BCC931A8375D4DDF,827,1170,RGB
340,page-0340.png,241030,D37E3896DB10F8DDEF0E6EB7F9ADBB575AEFF5DFA615F481400B9C1B5E26A4DC,827,1170,RGB
341,page-0341.png,292750,72D640CC8ADFAC1802BD43274F7230803757FD0D8FF9EAC03DFCAF0B1EC8479B,827,1170,RGB
342,page-0342.png,308146,ABC9BF7493AB50A6A47CFC06C2C12D88F462A65DE46D34AD037B28A0C16A02D4,827,1170,RGB
343,page-0343.png,313902,F740E6AB90F5406EA5068F9D5A6ACD71BD822F01E6EE7D1EBB3B63E54E0755C4,827,1170,RGB
344,page-0344.png,249901,99E322299AA1501B856D427389608787D1F0D48FCF8FD32EB1A83EA402AC66A3,827,1170,RGB
345,page-0345.png,282343,1CE141E61B969BE9C99EFFD652072FDEC9367571281D579E57AD3DEF540E8B4A,827,1170,RGB
346,page-0346.png,167563,F7AA0E55F88836D301ED4807B32D707A5604C84C19B154E61277E42E47BA6CE2,827,1170,RGB
347,page-0347.png,184768,C84D4835BE25FB10670530A61DCE50D0B22E6D16425BE1CB8DF3D00D27C13634,827,1170,RGB
348,page-0348.png,314845,528CF2254045B6D8742C8B3A9E5B2708A6FCD8BD97B66EB0B35397BBC3621B3A,827,1170,RGB
349,page-0349.png,277333,D3F775E76B06A8D86D8A8E76F88C59B5EB1EF362F6B897AFE931B99DA2843C30,827,1170,RGB
350,page-0350.png,268020,919E89179ED61BF64291D675509D86FD534162900FB60C67991E7474D2524D6C,827,1170,RGB
351,page-0351.png,300335,561DDE333CCBBB8332F83B0F6D9CF8A7AFA227FDB90F9D6D8BF9DA566A984130,827,1170,RGB
352,page-0352.png,312007,71E3E7C482EE278CC66861B3A7DF0280E302B1A7709ABEA1E85B775FFD72444F,827,1170,RGB
353,page-0353.png,330533,DF6597E4219915B879EEF43D854D5A3D2752EF1B87F683318EC1B5055D3533D1,827,1170,RGB
354,page-0354.png,288971,96263F6146891ECEE0FD25765BE67DABBE27C2219BAA6CEC61461F7C15AE331A,827,1170,RGB
355,page-0355.png,227944,D044FF5A75E5DBBB276CF1934E415A33DE495AEC82B14B1055A1D7A55092B931,827,1170,RGB
356,page-0356.png,289681,E5CD0FFD2E20AF0C0FB6E3E236C3BE449F2B703A54AE5D024E857C1A56DE5F25,827,1170,RGB
357,page-0357.png,301521,E4B4B618840EE3B7E5F395589E5E6E8B4C42ED2537A08E973C76FB55E3B2F466,827,1170,RGB
358,page-0358.png,248956,07DE132345A1EB26AD58EC4BDC0E676BBA2DFFF8498C00328E42E6ADCB04CA2E,827,1170,RGB
359,page-0359.png,320963,C0E84AF62BC742DBC2131BA16A82422F04DC9709950DEFE15D3C384CA88B41D7,827,1170,RGB
360,page-0360.png,297677,0AE74F4181B104EB84D7D7F86A5F377480B2433B0C58F8B79EA1882B35E49298,827,1170,RGB
361,page-0361.png,273469,A100B446B1A906619E41F99673CF8319E4646415DCD7248A0896871584FE57B8,827,1170,RGB
362,page-0362.png,371420,6F153511DB795D8D8542CEC4C33EDEEA8B2EB149765C3EFA390CEB565A1F19F5,827,1170,RGB
363,page-0363.png,340114,E8BEC90195CCF56E57ED3E928F778F5513C6C97327D0EEA5A13151CBF35EA36B,827,1170,RGB
364,page-0364.png,316813,0927203F54A73C573514511CCBA0FB6FAC7D6ED18B7954B31FA9CA3D8FB71974,827,1170,RGB
365,page-0365.png,265257,E2E8FBA7078B35F6A40DC04B7E9185EE3A19FE1272374D6C641B42DADDED86C1,827,1170,RGB
366,page-0366.png,251267,BC790BEE2684392122A3F147D6A8071F0F2BBD74050A54B815D34DEABD378B57,827,1170,RGB
367,page-0367.png,287167,F799D46D7A20D62FEA7E8CC6257ACD98CF579ED0C198DD32D774090CB81155CB,827,1170,RGB
368,page-0368.png,265288,E7A18806E06E0C16D84A2DAA05163AC2A53DB39A6742A964A167A9E97EC869F3,827,1170,RGB
369,page-0369.png,280760,12295FFA42ADF44093BB9C0036AEA97986E1CC49895790BEC9AB16283C6FEAAE,827,1170,RGB
370,page-0370.png,262659,B47BC481398C4E096179688FBC1056FF0A49FF9C9BE554F0A4136EDA6BA4C0ED,827,1170,RGB
371,page-0371.png,292314,99F7437B2DCC4A158D48D3574EDE23216EB16E82ED2D5A1A997FB5D5FD68A392,827,1170,RGB
372,page-0372.png,206605,CD4028573396C95F19DCA8F28E9D31ED56256FA887B023310BCD79AF45D1402B,827,1170,RGB
373,page-0373.png,141770,2EE5D6805C6FB011B1934C795804C61BE50B90D50FF799B2AF649B11BFAD3CF9,827,1170,RGB
374,page-0374.png,250213,36FC534F418E47829BF82FFD38340C4A095717D7F73F23BF5F820A05090C7751,827,1170,RGB
375,page-0375.png,298094,A9E30686C94F0CE85E6D680156A9260D14E7F69CD9509867C39307C69D0F573C,827,1170,RGB
376,page-0376.png,283621,55CBBE243A088A836FCEF7F9E4A570E3009FF14D3026939913E9DE31C8D1FABB,827,1170,RGB
377,page-0377.png,320319,1B034E24AE7A6AFF57C781B39EA271CF9C29B927C2055595BFFAA41F282B73E2,827,1170,RGB
378,page-0378.png,249383,F68D4D282E38178F5D35CD2660655D962DC9051B3E1D291FB8702882EC31894D,827,1170,RGB
379,page-0379.png,311506,68A6F5155DF6BC23E5A5CB28D9A7B6959A4EFD122577289DA8D0BC7661BF9A9D,827,1170,RGB
380,page-0380.png,342855,4443359C2A9EAA1B6238B640AFE16F0A681846F5C121DBFB6A3947B1741BB6EE,827,1170,RGB
381,page-0381.png,331972,CA96E501E36660CCB82598D56B63ADC60038897588CC648921BAFC615C38BB55,827,1170,RGB
382,page-0382.png,335356,6C7F84D644AB1DF462ACA00E66D03A4D1153A841A398077A5EFF4A71ECA06BDF,827,1170,RGB
383,page-0383.png,321705,71992D2E377449C89C68443202368E1B9CA42B094E913F31DF21D68ACE41A2FC,827,1170,RGB
384,page-0384.png,253970,F1B69A8DED2D2B571F72CE1B92A9925F87F00563C03DABF9AF5E653B593A0547,827,1170,RGB
385,page-0385.png,258853,3859580AA8EFFC7BCFA2179F3EF54112BB69C05F60C0573229052E29395E7B91,827,1170,RGB
386,page-0386.png,282171,8C87C54A33BC017B8E6DEC451A94C637F2EC95BBBB75E15E04283D07A4061F85,827,1170,RGB
387,page-0387.png,310319,C8552CDF486817EAB3460A7235B083EED6E629A4948BA0DB713BD08AD18DEA9A,827,1170,RGB
388,page-0388.png,289582,FD8FAB0105FBAD130D90DAF78289EF3A619A5A8AF6BE0D5BB46CAB5CFE4DEEBF,827,1170,RGB
389,page-0389.png,200190,711FAE7A0350927A5A0764FDD8AE6C22437AC5F0F604BF5E7121FDB2B062ED21,827,1170,RGB
390,page-0390.png,304101,24C7B4B06F9B53B8DEFDC6B5D4ED8F8814A25B5F20E94547D50B99E10425755B,827,1170,RGB
391,page-0391.png,281432,A4E8E8957A328D541D5FF29701042F0B79FE5874C1F96286C6851C93EA0C3C80,827,1170,RGB
392,page-0392.png,317745,0E3654A5FA26C817207A497B38AE97A0C8947F33C780533425FCE9936C7886AF,827,1170,RGB
393,page-0393.png,272258,9E69603C0CB6EB5E6CFB84466F50EC17FAA70AECB89E0879B60A19B4C10A8857,827,1170,RGB
394,page-0394.png,278781,CC624F0EB8FC0C4B0B3C0C5F27C758C7E6D340A614FD30368E5A8C40102D6713,827,1170,RGB
395,page-0395.png,320343,2A813052FFFE168F426D6DDBAC7A6D1F5204A4C6D992CB7CE55677A511716B40,827,1170,RGB
396,page-0396.png,298865,B87A7B80760633C1C73D7DAE39056DB5D42B3707D3B5D153D2218ADB5A3BF90F,827,1170,RGB
397,page-0397.png,356547,CB92FB5EE0A71EBCAD504DC627E8AD28289E27C92EB210B5AB36E7A90E00EA9F,827,1170,RGB
398,page-0398.png,314058,E0443515DFB308BFB56F2D3206A0CEB3754D2C2C76437D494B6ECBA88FB243DD,827,1170,RGB
399,page-0399.png,301595,A41699BF693A7E404730705145C1D708FADD11A5C9D426831298F616F539AFD2,827,1170,RGB
400,page-0400.png,331987,E2C2638451864D1E986FA196D0880A9AB198F49EA492CCFA1CA181D801A4F895,827,1170,RGB
401,page-0401.png,315357,73547584F041F1A7F15647D2CE6FA259A7ED201769ADDBC8BFB02219CDB81B21,827,1170,RGB
402,page-0402.png,302245,00CDC525315B3430DFCA868DA29BD230D4413FD233F2EE29005E3CFD3BEFE58B,827,1170,RGB
403,page-0403.png,47467,6E97C376520FE997DEEDD04D7EF0D797D55C4ECBA41A3277252473129AF9B3C0,827,1170,RGB
404,page-0404.png,195220,8FAF305A767FDD7E0EC17CD0C7FA876A6DB1CAFABB9CBAFD18D28C04F506561A,827,1170,RGB
405,page-0405.png,278384,9025C993312F8F3507A48A4578B1571E4242FE80E66449308CCAEBE148C7E024,827,1170,RGB
406,page-0406.png,239288,E7CFDA88A46405185FE0A4CA9980FE717BD140D2F924993F2EBD7426D5506862,827,1170,RGB
407,page-0407.png,206756,9223A11396AEF40E64CEDAFE100F3608F57E225A063A52076E67FCE936DBFE37,827,1170,RGB
408,page-0408.png,284768,0111E198E051D09FE4270E0A8F3B2A9E3458654AF88EA4B0C8DCD7C04A890501,827,1170,RGB
409,page-0409.png,230551,940A40869731D44108E22C4CBF841912B354C54BABFB80B074CDC4501E83615E,827,1170,RGB
410,page-0410.png,250650,03C75073EE8BD127C56BAC97B9729DEEC65FC8CA62BDF2A717263D6A26446675,827,1170,RGB
411,page-0411.png,266348,2F480610B91B2779EDD5BE3C0DD2D51A1D3B2BCF68D85F71E49CA4FDEB9A941D,827,1170,RGB
412,page-0412.png,229239,8EDCFC89F3F9C5C5F63369E06497A01D287C8C2A57CD2918382DC22C70ED1814,827,1170,RGB
413,page-0413.png,262652,6CC553772AA9DA74F598988EF57BCCE2DE83E5123AD29E8D9449C3505D474FA1,827,1170,RGB
414,page-0414.png,236567,4F48734809C30F510CBAED51BB769D794CD4521436964A2FB2345F8EFD0BC08A,827,1170,RGB
415,page-0415.png,213393,93C4344780F312E527C0A6E2DC5118DC091C16FC8F3F37D1B7882F58553A34C2,827,1170,RGB
416,page-0416.png,170714,758F3C8D184D0F6DCD000F2DD0DB1ACB4D7531779847FF4DE1AC647EB9E65F7F,827,1170,RGB
417,page-0417.png,295342,7FECF063D664ADAC37970BF8196BF06132AA05C48C54486395B6B0ADCB70E031,827,1170,RGB
418,page-0418.png,218053,039433507DEE0DA46E943C247FD215250FDEF6069945F90680A0F3877E5FFFCF,827,1170,RGB
419,page-0419.png,288026,C6A4817CAD79A0DC0E12731E101C7E7CACB41A6D53A6C3A0C46CD68EF8F74DE7,827,1170,RGB
420,page-0420.png,223625,3AC06A73E02A0152F60977FF7906B6F48002577FB3E8D71B58A0E75FE47EEFEB,827,1170,RGB
421,page-0421.png,220883,6BEA3A609ACC336CD9E5072CE4CF238BBDBCEA1EB3EDD7FC605F25E7F1E82C8B,827,1170,RGB
422,page-0422.png,205224,D01650C4C3089B3CAE8EE65213787EDDB2103428957A1A11DDFA17254AC00D0F,827,1170,RGB
423,page-0423.png,271676,5352CE4941EE852093ECEE16265F89EC7BA3D1E34FF74E373E5A5EE1BA534B94,827,1170,RGB
424,page-0424.png,257631,FA7E06B670A486B539E9884F6032A57AA00A8B31BA3C142FBA33603B4A9AED0F,827,1170,RGB
425,page-0425.png,263764,A21E15507322D5F946F21D93C0C6DFF9744711C6D679AB8788F46FD7B31E4D08,827,1170,RGB
426,page-0426.png,246856,B7793EC38CC723FA82B8DB614AA8078FC76D3ED7F2924CF3FAD1F0EA8DF800E4,827,1170,RGB
427,page-0427.png,273673,EB4E38DC352A7766055538FBA1C7502A1681B50B35B1644A466FBA3A465CA020,827,1170,RGB
428,page-0428.png,335833,B21E9F3311419B0B418D193EF0A816C7B57B66EF42C1BA53F180331924729095,827,1170,RGB
429,page-0429.png,282438,CD820BEB034497EB6C5802549B307611940AD4E316125B94FC80EBF36715A076,827,1170,RGB
430,page-0430.png,303430,678EEA19F1754949218183FC1D09109154903FDE319A0E78AD2511CC22B5D0B4,827,1170,RGB
431,page-0431.png,239384,0DC22DCB17D55FAB8B32C73AE67D2D0C385D4332D9A56485FE74E89D8C401030,827,1170,RGB
432,page-0432.png,287902,4286C1F3B8004F85A135C49AAFC3DA262D6A2F8AB5B7157301A288358663B893,827,1170,RGB
433,page-0433.png,309766,CA2EC94728D818E00AA500662DED488725FE4CA331C8C6BEDD924266D8DB0793,827,1170,RGB
434,page-0434.png,279821,0BF1553E1EBB86E2CC93C77D01E3CE1A626F775E9C0B5AAF6B007E744A6A39EB,827,1170,RGB
435,page-0435.png,299574,8A20F8E5C226E25547F9E4A5C3073215A43793F6E5BEA36E13CCBCF029006B9D,827,1170,RGB
436,page-0436.png,301895,C85A7E471FDFDB0207726D40967050CE449163EE4053BCA99E1F50A97277BCAD,827,1170,RGB
437,page-0437.png,308540,C9A59B60E1DE143059DFF6CCFB8968751B757B221194A2B71EE8DA8F5A58B69F,827,1170,RGB
438,page-0438.png,303301,3FD1744AC7BD033D8E45EB4ACABF52658D689537C8CF03325C0D292E1CAC2AFC,827,1170,RGB
439,page-0439.png,232047,E32EEE8D58DD742AC0224A846DCD630B8C2D582D79B4604552A7745183A45205,827,1170,RGB
440,page-0440.png,320868,AD3BE391D69BC189D24F7DCEE2652825FE8AF807CEFD41EE0877B9C9551D1C7B,827,1170,RGB
441,page-0441.png,324835,BA8C7E89EB529813A4035939D761D819DD5FBF006825286A917E5B3FA20C0CEF,827,1170,RGB
442,page-0442.png,393048,708F05C72D3DF3C7C660CB5DA8B754825DD82A38F261C0154E932D7CF5A2F1B0,827,1170,RGB
443,page-0443.png,325974,58EC3F862A5E3771F5E9D252BF91F1D39DD2CE014F4626D541DC7BA3D7DB5487,827,1170,RGB
444,page-0444.png,318867,DCCA9CE55B4E08BC7908E969BB1BED5327E75742239D07900E01D633D093641D,827,1170,RGB
445,page-0445.png,338920,6F2919A128B050E492DC970359B5E5109977F996095189AA5E6DCB46296F9BAA,827,1170,RGB
446,page-0446.png,363233,2E9E62CBEE0A9B7DFCA268217520D5BE825F01F371893AA416938A6E4504950E,827,1170,RGB
447,page-0447.png,354440,E9331D9FA93B256E48593F20E035900F446EEB61E29173D52AB31F020A571851,827,1170,RGB
448,page-0448.png,330519,488E461A488EC75D079E32F022444A7E5C5626A1787FC646D1B28A0248A9D1B1,827,1170,RGB
449,page-0449.png,294517,B980B8741CA27EAA15CD34CB0C2A6AF17A8C45987D0A6DF761C00788E103A2C2,827,1170,RGB
450,page-0450.png,301167,150DA11140D7F84318D8737CA4D2AA562C83D6D3C2BE92B24B25E61D2BC81BD4,827,1170,RGB
451,page-0451.png,262191,F3937305E23EE4D102CBBBBDAFD3A509AFC786439FF2A7EC56B884464E6984EB,827,1170,RGB
452,page-0452.png,323354,95537C4FE4DE7C27269FF4ED7CEFB0E97F938D3D5115E6820852EE082B116C05,827,1170,RGB
453,page-0453.png,316421,E64BD8F3D289279C2A0D4C5280BB83DCECABF0E54A49225BD4E48B52F29F6CE5,827,1170,RGB
454,page-0454.png,303675,FDEB40A3FE67E216FBF4F63C3C37CCCAF84713C727EB3CAC8035A2D7612B67C0,827,1170,RGB
455,page-0455.png,380447,17CAF29BCF79EC68F0835E1AB63C4BB7522F24E62197208A96AA6B41E0AA499C,827,1170,RGB
456,page-0456.png,323372,2887811FA82C754A9BBD3D614750F12BD8FA1717E981C39E4EF03BF22296115F,827,1170,RGB
457,page-0457.png,303933,24B3EBBE2FA03DD5E609AD09DB4295575632AF98C511373994A1056DC16AE133,827,1170,RGB
458,page-0458.png,261078,25F2E98075B895D581619B1C22D954D39D15DB385E030FF33CA747FD580205F4,827,1170,RGB
459,page-0459.png,257259,1B4F4BEB992B77FE170AF9DCB5C7BF4D9B6E0DA8B131237969D0D8A8680668B7,827,1170,RGB
460,page-0460.png,257856,7C120E630DE77C24FBA828067152A769BAE61265B18825DBDA8A38C82709B01D,827,1170,RGB
461,page-0461.png,228254,8100D65D85D5EC9960B87C73604F15ED7EE16D7C676F8DAC716C8FF9A610C730,827,1170,RGB
462,page-0462.png,291762,E746380360D9D7B831F3964DFD450866EF5274EFFEA6EE27151CD4F206445BE5,827,1170,RGB
463,page-0463.png,293805,E93941229BABA62A7DD8295E9D116A049A786E704D24D7DB6DE749A549E35183,827,1170,RGB
464,page-0464.png,279259,A33789494C5441DE0AADCC00C9B5D0E1360289207A661603E791AB19F5F1334D,827,1170,RGB
465,page-0465.png,336353,9A2B97CDEDA99DCE00991C4E7CA447BE8EE01619AD8987CBBF4E728A97C9177F,827,1170,RGB
466,page-0466.png,298597,EE37FA501496A6AE13021CA9745DA125BE270240F9AAB0EA8B37D9FB40F573D8,827,1170,RGB
467,page-0467.png,250729,05BA713AC29C6A3FBDE860782E53322B8E588A69AD8129423C0D14E3F80ED516,827,1170,RGB
468,page-0468.png,299783,2FE317ACA97F9FA6EF9F33540C5A367BD0F90FFA2A84480107312A86FCFD8082,827,1170,RGB
469,page-0469.png,374560,5374DCB216CC67D8B959A7DB2226B99F23F5C8DA4D01B86DDCC4D0FD5DB979BF,827,1170,RGB
470,page-0470.png,311984,150474EF7E0F247AAA573B63C7A0304269E5E5023A40E5D9BBA2467F7F436687,827,1170,RGB
471,page-0471.png,217468,1779F1794ED060732ACDE905008E225AEE27000A8E254AC52B9032AEB9E8400D,827,1170,RGB
472,page-0472.png,281786,E99A1D45544D00DE3EC40EC5A385F529DE0C1D3F86081711E749719FED17874F,827,1170,RGB
473,page-0473.png,291177,95B05D096542D6B75ECE2127D3064056FEF4DC1C619471B895DAA89007A7306A,827,1170,RGB
474,page-0474.png,266483,91FE13159196A3463EBDA9626C1238F888480848C746CF24BE8F57EBF9991CD8,827,1170,RGB
475,page-0475.png,250432,5A83E4958F36272B61CA7C52EC400302B2529E40B4C66893A46BA25595D0AE90,827,1170,RGB
476,page-0476.png,314784,5A810D02D305D41A0AFB0A73A4C21BAA60CDB3D3BB9976D9F36BDFF8837C7438,827,1170,RGB
477,page-0477.png,224797,0310F750B2B49F9464FF512E0333D9D3FD13D64F356976D8D28D4542953BD9EA,827,1170,RGB
478,page-0478.png,198463,7EF12123E92D15333502098824B69E9DD32A92C4501D8803DA9CF337C9A76FA3,827,1170,RGB
479,page-0479.png,251782,38C9B2ED9E7CC176718827398E4208E0166D6A369D1A9D5B1FC401A164D41EE4,827,1170,RGB
480,page-0480.png,339219,740193B90BE135F0B0DAFD6992145D27EF10FD741AC978E9E5516B9F2A91719D,827,1170,RGB
481,page-0481.png,266212,CA42021420FC1CB45F601945A91D3A842E44D2929D022D93F58EAE395E19DFA9,827,1170,RGB
482,page-0482.png,271665,B273A4922927F41975D8CA019055CC5B63F31E9E9A7BAEAC863FB120F7E64C57,827,1170,RGB
483,page-0483.png,281569,5318A275650AD13D646EBDBAF37C710DEECCE6BB0F9DD86CAACE1EEAC0145B3A,827,1170,RGB
484,page-0484.png,287396,75CF09BED4A42B00AAA6D78E62522A6D64FA68C360563946B0CD04194D9990A0,827,1170,RGB
485,page-0485.png,322369,C79447875C10C00BBD65DA789AC20957CB5EFDD8B6859415CCB36C4D7E14A1CB,827,1170,RGB
486,page-0486.png,282903,CBB91E1173663520D50C3A3FE08C6622673E9171F31D88C71D1B3E59D1AA58C5,827,1170,RGB
487,page-0487.png,264087,FE1F08B9DED35849303E0196B6C39D58DADA968DB12FFE952A7D6DFF65E132B8,827,1170,RGB
488,page-0488.png,304724,401CECBA271024ABE984ABEDC01CDA4183BE1C7318C29DDB20C1BF0B4B8536BD,827,1170,RGB
489,page-0489.png,297571,0C072BACAD51E16AFC2592AE54790129D73D0A18948E23EFFF18640BDB5EA018,827,1170,RGB
490,page-0490.png,301034,A92E188DA2150E81D287FAC47BC957F479B2A442912C0080E16453867CFD2B9F,827,1170,RGB
491,page-0491.png,335588,2401D13CFDE7FB285C8C6A1757FBCB4EEF92BDEB38377795CDF008AF99ACCADB,827,1170,RGB
492,page-0492.png,255502,08FA9D8CC1AE1FF29EA2DD1C2086CE62148BBBB8A2105224A85F33BDAA26BB4B,827,1170,RGB
493,page-0493.png,319174,8DD3C6E9E5F5D4C7E52CD00AACED77D1816F8C7D0BB37073F42F8C75A30EAD0D,827,1170,RGB
494,page-0494.png,248741,195E5F78CDCBE895178CBF3EED3065CED4E2FB87715A996396D6DC7AF7A39667,827,1170,RGB
495,page-0495.png,341672,13CD0B700BAF7FF74AA1F22199717C313BFD58E51138B8DB2D912CB622021AD2,827,1170,RGB
496,page-0496.png,283399,ABA700415564919AAA26A268AD2C4D667C2B257BE7888800F9679932F0D75ABF,827,1170,RGB
497,page-0497.png,307859,801B02ED581E2A8BDDBD3B1B64E5BF42778696F2FF329BAE42525CE115337E27,827,1170,RGB
498,page-0498.png,233526,8D8A8D83488543185DB3C80DE3006E0B88398CFFE1080D95217E392DA0D8954D,827,1170,RGB
499,page-0499.png,339203,265D2C1570760503691BA0A2D0FE95A72662C099249EAEF6BDE0641607A5934F,827,1170,RGB
500,page-0500.png,320328,42F5ED98900E8127BEBCD93AE2F3244554237A20A70CCF9FFB5CBDF8756EB0E0,827,1170,RGB
501,page-0501.png,303152,AF00981E43EE9B05AF17B5A060FF4369E6095EDCF1CFB63EF8C16A2BA86E60EA,827,1170,RGB
502,page-0502.png,290215,16FB2F3F24B15902A12A7F76C2A65F0B0EE3682E5DF432E7D568E76EF070D5DD,827,1170,RGB
503,page-0503.png,284331,BA39CC360E26EC98A9D77C6276B6F5FB5118F0AD77D33AE21B888EF9141B6A92,827,1170,RGB
504,page-0504.png,291037,074D4869D5389C611700773B9DAAC6573921C805AF1B2666E4F1F7A1A5FF5CBE,827,1170,RGB
505,page-0505.png,334527,DCE4D789A91E6C1F1D35EC38547CE8A9888CE29B546D9AFCFDA91150C49DACED,827,1170,RGB
506,page-0506.png,276672,5ABD06E2B55C8ADC16090CEED03687BE6F0EBA52506466F2147034CE31A02140,827,1170,RGB
507,page-0507.png,295733,067F8C396D792F8616D4191B2AB7337591A3900E3BB8B8CD02E86EC2937471EB,827,1170,RGB
508,page-0508.png,291732,6B9E1E06991D24ABE1DAED816B67A68F71DBAA7DAB42313F0F0CAF7146A4A2A3,827,1170,RGB
509,page-0509.png,203701,12F6233C166D7E2F6A9D5655BEAC61E37F4E05F0E6E2D6948DC3DB796FF18539,827,1170,RGB
510,page-0510.png,291078,5F5891433CC81F57E462552A43B1B7E1191D63967D54695279432F7D7B6FBC5B,827,1170,RGB
511,page-0511.png,313054,C4D67C61185C87B07A9C6716DD6445EAA87C9DCD85DB9E01BF82B98E2F75DE87,827,1170,RGB
512,page-0512.png,337406,9977C69F882F759CDA936FCC143EEFAAD297E12368F7A571F08DAB96D62783B1,827,1170,RGB
513,page-0513.png,297027,CBEC059826E07B0EB8162B2BEDC38C37AFA989B03DA796BCC7DB0A887EDBAEEE,827,1170,RGB
514,page-0514.png,339050,EB0F0DA2E36A43C9A222E4FB6621781504545D90784A2DEEB7F55115356429A7,827,1170,RGB
515,page-0515.png,331738,E4A32018B2D72EEA5D9678F38B7AFC54691E806BD0AC3A2DEDA8FEBF60B2A297,827,1170,RGB
516,page-0516.png,324918,76E414E04613B636F0A6793EB2F5A53FC2F07E6A30963B791901C58B04AE2DD8,827,1170,RGB
517,page-0517.png,315853,213BA9EBF689D8724A2383425550FEC9AAF948A9325E07AAA8B3040C6AEB2668,827,1170,RGB
518,page-0518.png,282925,5AA6B78BA1B4EBE519B63171EF03F63E6F7EAFA5D5CF782B1C2FB310CE2EDF42,827,1170,RGB
519,page-0519.png,262148,948692F4BCD27A438AFD632D3FBA6CD764B606C715077334CF20E9D573CC90EC,827,1170,RGB
520,page-0520.png,287864,2CF9F02F63F6B6A25C4F9AC4A8D33109B8830531C01433839C9223825A972EC1,827,1170,RGB
521,page-0521.png,286480,B7274BD4BC09413D3D9156A672464CF718D705F79E45FBC26B2EBC59FE971A85,827,1170,RGB
522,page-0522.png,301516,FCD47E187D899A51A9101AADBC5DE6CBDF9D70775F0DA1816163B04C46376C7A,827,1170,RGB
523,page-0523.png,327235,08078ED9F4018AA90F447E824FB3D4C75B421B17AF1AE0A967D8573B5F7D6260,827,1170,RGB
524,page-0524.png,326982,FA145F2F3FC2E6AFAE05B88FE38A365CEE5A0D8CC30AF399657E67B6BD402A7F,827,1170,RGB
525,page-0525.png,334576,77AA2265BAD6101D8AD579324B97CE4C686F1BCF773955E67D2BAEA5AC8D07EC,827,1170,RGB
526,page-0526.png,292335,A610B2830C5F62027A94044E38DC0BE1FDC1936BD92C51D92C4B9544DF71BC38,827,1170,RGB
527,page-0527.png,302878,A4CA17797C19B22039888C656D46719584A0229FEDA4D4EB273D594BE7BCCD13,827,1170,RGB
528,page-0528.png,319098,53426AD1B9E22AB134AB4D67C1550ABEE0AF3F2F7897C8C84246C6B1ED7E5522,827,1170,RGB
529,page-0529.png,284845,7C190B7408CF05AF55E43D3A2D3A6957505D7C5F5F176B526875A2AAD10F8A70,827,1170,RGB
530,page-0530.png,279865,89927C433C271B6622AEE288C9E39430F79DB2EF525D89DD9EC90DA87AC5547B,827,1170,RGB
531,page-0531.png,295283,B5C4030A82A523E182ABB9692C83E3CC04035C8FB8E648F429F9C3E02B82F404,827,1170,RGB
532,page-0532.png,294421,E4BCE064A6A3B49273032FFBDB1CC504B2947D738224F0F3CDC59333335CBAD6,827,1170,RGB
533,page-0533.png,217590,F5ECCB5D8B205955A774BE75E7634076E385758ABC14CB421ACE0ADEADD1E2FF,827,1170,RGB
534,page-0534.png,276940,55D700503C8B55321604590F0439360EE67850CF8B721B62F1086366178CBC2A,827,1170,RGB
535,page-0535.png,272348,5BEAD1FB941D2D8DBE8B532E39FC4C95A052F120CD4318984E99A9F22754F523,827,1170,RGB
536,page-0536.png,309103,CEBFB50C5C8DB2CE9F510D78C6A89AC67BA97A546C47E4C7C1AAC4150A7BCAD1,827,1170,RGB
537,page-0537.png,345015,9FE0DCF58133EC3D2A73C430FB2E666DECCF4A8B235BE5719526D2BE732C6D7E,827,1170,RGB
538,page-0538.png,237601,BF67FA879B1EAC9A991A077BD9412EE98505E73C702088607EB82F94B3813A4A,827,1170,RGB
539,page-0539.png,213059,624D920C826E92E5E7A8289CF8544075A500DAE61A9DC7D9B053DD2C2E367AF4,827,1170,RGB
540,page-0540.png,187680,0B0056C9E2E3C604B553CD5D481BECA0F3087AD03F218E4826DE6708D735A806,827,1170,RGB
541,page-0541.png,250027,E37ACA0D6645FA6F468F98579856E66820CFACE01AEEB1E7E95C9CA141BB3FFF,827,1170,RGB
542,page-0542.png,270696,88A5610CDC536E5B1B59E39B56FEC9961FC7CA2B8F7D90A3EE6B473E327D4FCE,827,1170,RGB
543,page-0543.png,230978,B9838BB61F4DEBD19A72519C18EFA251BB31FC8DA0A0EA1A7313FF5972251B78,827,1170,RGB
544,page-0544.png,305060,1B975090762992FEBE4ED515EDADEBE0FC2D3FD2D9BD3A7BCBE4B3FD424DDB19,827,1170,RGB
545,page-0545.png,317820,60BACD76C898AE9484394B1BED7102E2073B5AAF909EFD5F906DB25F76E37E8D,827,1170,RGB
546,page-0546.png,329457,EBFACD69964EF41A9B7847D138AEF5617A6C8974575BC0C8EC7842828FE5B1B8,827,1170,RGB
547,page-0547.png,352588,541452FBCB2F9705C997021CC6FE058E846A5CEF28168CBA397C6E25091D1568,827,1170,RGB
548,page-0548.png,314733,E0B5B00751C083C32081C7FB39B6B70363CD4140DB150BF4B80FF7F10C88231F,827,1170,RGB
549,page-0549.png,372462,96AB3AA0B8E2FD2021623A79D418F81EE2CBB42BF77AC2387AA8AABB7D71A687,827,1170,RGB
550,page-0550.png,381847,6DB7A4FBB4E59D97ACF68DDD564CDF56717B0FBF2CE24DF6F44E29DECE2BA70E,827,1170,RGB
551,page-0551.png,201899,4F14185E582AE2E294A83627FA9D3F8CE2632FE9589F22DCD913C364301170E2,827,1170,RGB
552,page-0552.png,190015,02311220ADF471A2E3F1F9A7A3C2A933F2D73A36C8C53B8CDA8F2785C6E59974,827,1170,RGB
553,page-0553.png,187754,092E599CBB1117562567E7979B2E768E5D5972E139ACB0DED4999EB1288E825C,827,1170,RGB
554,page-0554.png,218466,FC036C8290ECF2C463C214046FBAEC6A5FDDFD26BC2FA16AFDFF3EAC749794DF,827,1170,RGB
555,page-0555.png,301405,F583E69F83B02027E57B03EE0588615BA9DFD68584F67F68B93D00645CCA184D,827,1170,RGB
556,page-0556.png,315083,982E911B3EB693BEFC0E8BEEFF9CC37A190D8276EAD3247C9E7961F644621F86,827,1170,RGB
557,page-0557.png,301250,65945466D099E8351A1064295B83506E12967E654F80C51ED3E8A37F8B5E3F35,827,1170,RGB
558,page-0558.png,299789,621E9A12CEE89E2B8E0E7441A6131D6E904DE859346D49FB214286EAA2D06186,827,1170,RGB
559,page-0559.png,328677,D76F4B5785832FFF43B6BDF60B6AC1B1E08936DC36D090AFA8E5C008EBFDADB9,827,1170,RGB
560,page-0560.png,296310,91462C2D3E60F63527D19F8F6AD94A4DF873F2EDECD97D106CCEDC095474EDA6,827,1170,RGB
561,page-0561.png,240471,D175C9431F5669E21A33DB70EA371D3D15A6D56103355665966068BA10027E7A,827,1170,RGB
562,page-0562.png,256189,F8FAD7881AB4B264C422E84B5C7ACB3A9604110F84E439BB8A3CC643D64DE963,827,1170,RGB
563,page-0563.png,313630,7A7C31153621FEB24A95D81325CF409F1B543DAC3F84B2493C2CB7F289F6139E,827,1170,RGB
564,page-0564.png,321314,0DCCA32A5DF9A89D8C0A67A67BD9FD9622744179478DB34EE36E72E9673B0822,827,1170,RGB
565,page-0565.png,284105,E7B47A16AE087050F7F66EA285157CD071AFF052A9C815CAB0F89A49BBCBBEA4,827,1170,RGB
566,page-0566.png,265590,062DE0FD32D4FED58A8D7CCC8D749697108D5A9542D951B6EF374E0626C281BE,827,1170,RGB
567,page-0567.png,251963,BF6E3DBAC18AC54A1C27DEA8B166EE872FB6FE28E391F8D10DD676434B210908,827,1170,RGB
568,page-0568.png,297994,6191F96678CC28A6CB77DD4E59669F1B867C1F0D82AB9BFB154EF1540340C36F,827,1170,RGB
569,page-0569.png,303470,331E29C76AD39390E588E64D35E5DBC89A4EC6B56914CB001A29282E7F69D343,827,1170,RGB
570,page-0570.png,248089,58FBF01A92BAC9864380128B5495F2C31554C03C8F0EA68324BB69D30AC6CA52,827,1170,RGB
571,page-0571.png,341718,253777B76343E9BC272CA44FA8AD740C0BFC8695EF77E759922310C109BF4C9F,827,1170,RGB
572,page-0572.png,268278,D7D5CD0313918CE154E01072EBC2980ABE97961AC54BA68E62BE2E099B6DBEA0,827,1170,RGB
573,page-0573.png,282462,4EE300EDCC78DF5C9A04B1056AFAA5B182666C3852FF2EEC153383E542DF0883,827,1170,RGB
574,page-0574.png,257660,469F1F37FD0D9431C3AD181EC3EC3DBDCB8196CD0A65D2AA93C79223E4FADBD1,827,1170,RGB
575,page-0575.png,346987,410ADDDFE36747667653EF6EE8A91C711897B92A42801089CD171A1685FB85C8,827,1170,RGB
576,page-0576.png,231549,CFBC25D9073A7CBF19215E3BD49751F3DC141D3D422B42C088587A67958783DF,827,1170,RGB
577,page-0577.png,237154,FCD89393A7AAC4E61B438349F11AD13DD188A5024EA501E61CCC45A634EBBB61,827,1170,RGB
578,page-0578.png,274488,4654723E98FE8BDC457CBFC733A278C113674D07E3713274293B861263DE708B,827,1170,RGB
579,page-0579.png,239577,4B18D2B7291350EBE7C913AC2C25F3890767B83050E82BCF4162B5579FE23BD3,827,1170,RGB
580,page-0580.png,295258,AECFAFB93F4E3D16DC50F220EE4FE44D5905D039A12117281EC45FF82B99F5AF,827,1170,RGB
581,page-0581.png,271759,206BD6A1DA5757E3B9B645FF696B0BFC91E01B02F8B57295DC20D5A4195B5A4F,827,1170,RGB
582,page-0582.png,294871,DFB193B5BEDD965FEF461BF27D042408A982CCFE2DC7081D97B6F6AD4D25DCCF,827,1170,RGB
583,page-0583.png,301948,3DFE06E271A6B8F795C7D059A2FD5A6D6711E77B8FA03356BF0F3E8D110CDCAF,827,1170,RGB
584,page-0584.png,299367,AF170FD792AD7FE2E81FE5F081E52F5AAE82A4E724C42ABA968CAAC53D7C2372,827,1170,RGB
585,page-0585.png,247759,A009C2349380AEC3A0C563807F7B82AFB91F3952C1F320CE5C099D9D7DDF08F3,827,1170,RGB
586,page-0586.png,272828,6E14DE6F80EE00E0902BF22C84E958332E6C7784E5D003A2841AE997B0BCE4F8,827,1170,RGB
587,page-0587.png,260183,F46DB3C2B93CFCFD29310E752FCE44F875A3A031407127B3DB42C2A685BCE98A,827,1170,RGB
588,page-0588.png,230761,241D22B2038E89565A4EA5F495D1C7E93A3B1E65C766EEE5950ED44E0C1CAE1A,827,1170,RGB
589,page-0589.png,220985,151A23BD0DB22DA0E2AE58CC820AB8153F2DE4492162B0C30E6D09999724D177,827,1170,RGB
590,page-0590.png,268253,62A0086A49D79896A5D0E11548AC9FB7A3847AF0C348274A60EDD58134356C28,827,1170,RGB
591,page-0591.png,265945,52F85FE884B3CCE2BD343FFA5AE872F72C25C1C2ADD28BC7416D22E3825BA3D5,827,1170,RGB
592,page-0592.png,248448,BD72C50E81D64956B5D533AE9C2F1377E498E47832EF06C99090EE8D8733266A,827,1170,RGB
593,page-0593.png,289473,69D5152CFE913E5EA0FFF51675D6D51F44F7AD59C20AECEE8D6380008168EEE5,827,1170,RGB
594,page-0594.png,344015,9DD4759A681EA5BC852913BEBA0FFBBDD5AE3D6C3D7CAC538FDB4F863B01B205,827,1170,RGB
595,page-0595.png,349504,E1A91375421198FF741547C67B9045F3599469E4EA5633578B850CCE345B642F,827,1170,RGB
596,page-0596.png,348051,F24C33B251CB4B11152DEF7341B14BE894A62AF84D802E2EB0116104F3E408DE,827,1170,RGB
597,page-0597.png,321422,FA4CAA69418AB65E76C6AAF2AB44A7BC10F8B98E328F6172DBF8CE7CDC12B751,827,1170,RGB
598,page-0598.png,270897,95A5078B93A95CA975DEEC701847B317FDE228620079AA807927364076585CAB,827,1170,RGB
599,page-0599.png,358486,4AF4836263E9880475A3DE4B2C2C938685A5D448C066D6F9D3FE61A4E5549B8C,827,1170,RGB
600,page-0600.png,326362,4529A43255AB6AEC9DC29D178185CBEF326CB8FEFB3C4716FBFD13DE1AA2B091,827,1170,RGB
601,page-0601.png,314844,AF342FD1B728E3283D09B2698675265CDA347ACD1FDA490A243A890D761E6394,827,1170,RGB
602,page-0602.png,251215,D109293432F76DD8744DD8A935D357C93576CCA24AF05C20DAC636673699E7B2,827,1170,RGB
603,page-0603.png,296786,1F746CD9046E17EDCF079565CD45340E3538D45F365E261E177B5B1DD869A5E0,827,1170,RGB
604,page-0604.png,279287,C6CCB63031999B091B4DABABEE9EE830DD1EE2D344B001F7894CEBCFCF2D171C,827,1170,RGB
605,page-0605.png,295840,14F49456C1F39A88C3FD04B98C7223055C673AE0C30DE0EC5DF623B6E68BA164,827,1170,RGB
606,page-0606.png,251878,52C340D562A47FDFFE86D4592DF18F76CC7DCBB9AA6DC4B4AB26B2A3A9AACD83,827,1170,RGB
607,page-0607.png,275529,DD3AC936ACA2ED9EABB41AD52D13C784FDC08824B243191B2F2A9B5E8CD8A992,827,1170,RGB
608,page-0608.png,350710,0E3B8E58282A939F9D6A10850BB431D0EC1497C2B85B50D3E11DE30749B02909,827,1170,RGB
609,page-0609.png,280185,917E8E522A00E53EA86A88E3CFF6136C05039EB3EE0032940EF0F8902E2AE95B,827,1170,RGB
610,page-0610.png,270365,03DFF7EE6F900BFAE92AE503E1CB791CD296D3EDBBBBBE07FD53F7844136CA94,827,1170,RGB
611,page-0611.png,300382,A4C2733744A8EC00675A54997890B0E586905DBE6D8FD26195CA5C9F0003B433,827,1170,RGB
612,page-0612.png,251076,46ED4698D8A3EE5C0437EF15325E5A022F0560D6D8E8AADA8800351644575718,827,1170,RGB
613,page-0613.png,282892,9BC3FD1808D2F86B41FE6543E78309F82D35E9668051DEAE0675EC2A29E21ED9,827,1170,RGB
614,page-0614.png,279093,A74D3B1EA4EFFC56365DE5EA3C0F0A891936B82F3BDA1234E1CB334A3CACB803,827,1170,RGB
615,page-0615.png,322234,92EC561101778338C426F135A8930A894E236FA8FDD2B1201E7CFDC6BBB5CA2A,827,1170,RGB
616,page-0616.png,342143,FEFE4ACFC37630FF81B3C51FD88196B3FF11E881B601DAE9D87206677F85AF1C,827,1170,RGB
617,page-0617.png,284872,D7D8C3B5DAA9257D76DC77CB35D280C863FF41EB23C73F4D8C7BDE43526BBD6B,827,1170,RGB
618,page-0618.png,292983,56C26553A643B9AE12CE517A9F78E89B0C078C9DCDFB6BFAD0F62973DF7ADF5D,827,1170,RGB
619,page-0619.png,264512,51EDD70AD2EF421003876DF47A22138886EFEFBF9FB7EF83A73F253F85738613,827,1170,RGB
620,page-0620.png,238712,AC56AD30248F10400B7C7D59C461E214967E75CE3D8BCB23465BDE40C34A480E,827,1170,RGB
621,page-0621.png,288598,B93003540F8AD7FA4884D7AC619E5A10D42DC131518D67EF19679C9D58F6E525,827,1170,RGB
622,page-0622.png,320691,0D48F8DA8715B7F2821210B72186FB870CC0F035D3887851F7CE2F24B8E6787A,827,1170,RGB
623,page-0623.png,282641,0D4271717C257D5ADB7E84B26DD17E540FCE59D051F86840843152364E816AC5,827,1170,RGB
624,page-0624.png,317120,DBFCE10A012B0BC3DB0253E73B3568B7A9833556D748BB642DBBB36CC7DE4E85,827,1170,RGB
625,page-0625.png,329410,81FAD6C8387A08CAA7CA7AA0E6208801789DFA25E155D432099AB08D52B73E52,827,1170,RGB
626,page-0626.png,361900,A7841F7C692F8A1C78ECD326B3306382067E435AA8A45194C66A4C72EF63020B,827,1170,RGB
627,page-0627.png,333529,98C8558B797F3D8593EED22EFF500CDB5AE4A1D0EF21C36ABE4C8776DC1DB326,827,1170,RGB
628,page-0628.png,265075,8756B8C7B911C9773272218381FB2D42556BFA25CE484DD8A1026CAF10FFD424,827,1170,RGB
629,page-0629.png,362689,50FCC789BC413B832C215171119E3604E9A84ADC98E01F7B27832C7D45BABDD4,827,1170,RGB
630,page-0630.png,327876,2AEC67E77797220B496EC4CE006D68BCB84227A3A5C83EB66F6262ED57A0A240,827,1170,RGB
631,page-0631.png,286504,2693F35766AC314852A927F289FDAF9EBA1C50DAE1413175CAAD6449769FD1F9,827,1170,RGB
632,page-0632.png,256171,B89EED6988B0BE060B877673FEEA999AD8017C2691B7FE2A2C4B1F039BD76FC9,827,1170,RGB
633,page-0633.png,224932,5B4BF65EDE50D18CF3CF08BFBD7D8B157693A707473F977F8C481B393E4C789D,827,1170,RGB
634,page-0634.png,335938,1A3D87C0511C86F5442E755564EA29C1468082BD5C458BD058190212D62562D9,827,1170,RGB
635,page-0635.png,342485,3694D0F8C3876ED8C2CA236CC3BABE84F5517849051E886863996DEE0489F92B,827,1170,RGB
636,page-0636.png,354888,0DF056DA49A9FF89D75C0FA0953123372752C7247C5C553C6A49220AA05D0D0A,827,1170,RGB
637,page-0637.png,330379,4FB2996E9857503E1F6692F28264775466752126E592747DDA5DC2D3C4998DD0,827,1170,RGB
638,page-0638.png,338246,5D5AFCDEBA6A851DAA9006F8CCD468B40B061A6F15A12119A6B3501C68EA2316,827,1170,RGB
639,page-0639.png,334069,D30DD15930242BC126E8DDEFB981DC6582C091B46FFF6F8359A2250400B13700,827,1170,RGB
640,page-0640.png,311806,5C31EECF7DDCC50A7932EE88545CF7B1D6A2AD014C861568BFCA9990B0CD5FA3,827,1170,RGB
641,page-0641.png,290139,516F2CBF3467AD0204C3968B06DEFFA26B8BB533A0CD4DE6D73145DDAF2F1631,827,1170,RGB
642,page-0642.png,316231,28B6A258BA5F7F6A4DFB4E002D4ABEACE9006CBAD146F890D1357E889900A505,827,1170,RGB
643,page-0643.png,317398,8F3425DC61FAC4080AF206DF1872A4134FD1C99037D0BD2F6D05AE1C0E6D5067,827,1170,RGB
644,page-0644.png,319139,B250DE2DDC375F5249DF1ABABCC9FB436BC061E843942A12DF26E373C0AAD3D2,827,1170,RGB
645,page-0645.png,350954,6BFB4BB6905CDBD4AED520E7655FA03D0C7E6C802AD832AD9A6E47B4F20F447D,827,1170,RGB
646,page-0646.png,312358,572C49ADDB48F489403BD7FAD83C30C07EDE3E8F1A5BE0C974AC37E1BE5CE7B8,827,1170,RGB
647,page-0647.png,361651,0CBDE04305B8C6B04B4ADE0A45B60C72F6BA7605E75C236A9613876C404BAB41,827,1170,RGB
648,page-0648.png,319313,0E82EB20D7CF11F831980F220C2C9600159881615385BBFA52A3E9295FA13CDC,827,1170,RGB
649,page-0649.png,281740,6332A6AC7C701FB3405DB7B187CFAD3C5B12ED5033EBD1E18E0EAFD6498D066A,827,1170,RGB
650,page-0650.png,315418,B31C2D276C43ACADB957CB43B15910DC4519CE558F19FCCEDBE1A0BE9D9F9B69,827,1170,RGB
651,page-0651.png,285480,1FD6CA9120098B3FA3C9E137A28A5852A851C8F36E84A10A91DD1ADEBA77AD2A,827,1170,RGB
652,page-0652.png,307054,59913B7605FE82B011A5E0FE2D58A62B49E127C9BE35B47FBF80EB6D44FE1E13,827,1170,RGB
653,page-0653.png,257568,23F9B43DC878E7DD57B308477C901154E6D7382D7E3256B57019453C5020CC76,827,1170,RGB
654,page-0654.png,245103,6857D8FAE5112A9203C1E23677CA6A2FFDF6BB50AC7CBA20DE8718BBB1B25D29,827,1170,RGB
655,page-0655.png,255861,EB7DA218F5BC04D4C5AF5BE38407FC35802B93AD345375638FF37A685A71737B,827,1170,RGB
656,page-0656.png,342818,86956D382CFAF721F1CA21A9198CF4D3F458750E5B41C41C18E7022A409B93BF,827,1170,RGB
657,page-0657.png,295982,4A51D213E5ED23C5E808D09EA86D50956D1FD4BD7A4CE4E087BCAC30921BF307,827,1170,RGB
658,page-0658.png,322017,ADD767C5D2B323176321DBA492E2E0BCEDC61FB23E6A9722EA6483AEAD1739F6,827,1170,RGB
659,page-0659.png,276917,A1E91D1CED275640E36B3CCFEBF2F977803E16C1B69FD7DF9D1D6EE31FAF3678,827,1170,RGB
660,page-0660.png,179578,573AD210F0B3D606772516DFB5C6D0210DC2F48B4452761BDE248CF6D82598A9,827,1170,RGB
661,page-0661.png,283749,C14DA45DC9257684CF7DC75F2DEB1484E924B0D95ACA23FB1424900984CCE32D,827,1170,RGB
662,page-0662.png,292039,11216A00A47743A29CD3FD21C87B0C4445670AEDD0C2D82804D9F7DD588B5083,827,1170,RGB
663,page-0663.png,286144,427210E1E9EFFAC84CE6F27BEF14A1871BEA9AC48C5A79FC7F5E3574AD4BF999,827,1170,RGB
664,page-0664.png,228080,3940FCD4FC618273E947E75069547C75D184BD90DDC985772351B2E2A80F675E,827,1170,RGB
665,page-0665.png,217854,5C6989582041DDAF3C1386366DCCC1A088CDD9F9AB30527618D9245F03700946,827,1170,RGB
666,page-0666.png,268280,17228EAD31573487D5B33895394A82DEDFA049C3DDDD759D0419872B20D7D051,827,1170,RGB
667,page-0667.png,222318,2176E3164ABAC7C368D3074C6A9003C63374BC84F81F04C4CA3691540B3B19D9,827,1170,RGB
668,page-0668.png,207316,C16BC1C77C31314A1B2B91E9E413563CCF9C493B75FC7181D08E6B368D5D6851,827,1170,RGB
669,page-0669.png,282971,23A1BC4CF804EF7D384BD255EC03595B5AB1FD8BF5A4CFCFB438C21C46401462,827,1170,RGB
670,page-0670.png,213088,6A3B59EACF79CC50609FB7141132C9F348E3060B9F65B07694DB1E2C26B554B5,827,1170,RGB
671,page-0671.png,260546,A6D17328237C3D1B75A8B97E0CAE3553B3ABE8FED79A4CB091AEE003354180EF,827,1170,RGB
672,page-0672.png,242418,10CEC03A417DBF808C9F2EB55948215D84C4D311E173661EE20B4BE4AFDFAAC9,827,1170,RGB
673,page-0673.png,255536,83091CBB37476EDA61BDC6725F24315CAD89DC5BDC520463E75E36F1C0BE9169,827,1170,RGB
674,page-0674.png,246337,4A72397CCDACF80B8B865535CEDCFB67723638F153BC5515AD44D4C39C1D47C4,827,1170,RGB
675,page-0675.png,233834,FE4C3E7FCE841D373BEFAFF429FFE2338A8562C1C310022379F12879D7D93AA1,827,1170,RGB
676,page-0676.png,288731,5C90F297C3E698ED54D8ECDFEC79FED7D6959D3C7D5A4B52F94CAD006406EE10,827,1170,RGB
677,page-0677.png,305656,00F6AF6FE1CC88EF51D8E9D882A64DB15706184F3F930E222C730F498A2B7536,827,1170,RGB
678,page-0678.png,349124,0D2002EADB9B479A9F13B07E7A5DF576DB880A7DDEE67D67ABFE01FB2D37F27A,827,1170,RGB
679,page-0679.png,269529,A237A97047B383DE7DE0F8749FE5FBD89588CC59E1D6B2688ACA89004A0C1346,827,1170,RGB
680,page-0680.png,280153,885E6C543797174EABF1370080933EBC85A270C14B4B6DA350720BBAA4EF3C09,827,1170,RGB
681,page-0681.png,327123,585C039161CE6FBFC7066ACD9CF768693313E9132492B3B392E0AAF39C2CD9EB,827,1170,RGB
682,page-0682.png,232647,9525AB87143BA90FFB3DBC281E64944FD3839304F004A99455DFD633E4A95405,827,1170,RGB
683,page-0683.png,309498,029AB64AADAB2F417105CEA7B7988EA3F9A358BA900B269E731B610DFE5E143C,827,1170,RGB
684,page-0684.png,323281,2FE8479DB5602B2EB8C7794D226C79B9519E42B9BC960F9F77E54F24CF241FDA,827,1170,RGB
685,page-0685.png,336605,03A1C40DB8722CFC1A00F1F696A10E0614DBCF27CE5084337B838E494FB89CBD,827,1170,RGB
686,page-0686.png,308938,FE74CD1314E7D88248D3615D6A35250581DD69898C0679EF542C7275866927E8,827,1170,RGB
687,page-0687.png,246550,FE83A240A4B03B2CC8F5B8A9FF07F670DA7F175D0C0512FC4DFFBEE030B6A9C3,827,1170,RGB
688,page-0688.png,292887,65FAAD9AB28E7A2002E6FBD3A4CA0D2693D9BF4D4EAD5F4A192797C400C892F0,827,1170,RGB
689,page-0689.png,312567,8416A5407A7115896F3759EEF2A3221606B2C9E8EE1DC0F483AC7A6F037F6497,827,1170,RGB
690,page-0690.png,332098,16FD8F60AAD18EB7FBA898325A8A49C3FBD21635240CF4FBC734961939CCE784,827,1170,RGB
691,page-0691.png,240154,0421EDA0DD9BD49BF0E4E076FDA8884D0729A79AF7097F96751C46413AF7BE6E,827,1170,RGB
692,page-0692.png,221043,173F74E1CFD44AC493A74A218AA1C431984F94A6130A6ADEFA6BE625E05470C2,827,1170,RGB
693,page-0693.png,246814,3D03373D062E69DB7B6DAED26DA36D999BA6E95413B309DAE6EEF97E93C4A9E5,827,1170,RGB
694,page-0694.png,244245,950C970FC5CD9390225C1DA152F87D53C9170C767E9E281D949D1BAC076AE284,827,1170,RGB
695,page-0695.png,238976,A9B896E61616DD58FFB2180BAD9951BCA1176CD46526AFFBEF6DCA468F126064,827,1170,RGB
696,page-0696.png,259243,8C5858C804D90A4370CA6C931CF90FE7B603740CE99A419D1C1B6D1BB61B031E,827,1170,RGB
697,page-0697.png,264518,1508A1C089F98037FC1E1AE045300B2E25C0C0558B4C4DE8586195C54954261C,827,1170,RGB
698,page-0698.png,288601,7BBF51F6095971065811E7251B7EAE28DB023E053335409A87AADA9D4A04527A,827,1170,RGB
699,page-0699.png,261444,D1124A8BEF6F3441421C5DA1EB1370A1C76B825BB085B7A6CA048B86019F5748,827,1170,RGB
700,page-0700.png,281033,C9C6ED936DEC117A5A3FE61800155CF53CB95F5C19B6DB4FD50B4B0C5B8CA00A,827,1170,RGB
701,page-0701.png,225312,C68F90F256A118D05CF1079094088BBF1FBBEDF13B1840EDEAE8880B973C1E92,827,1170,RGB
702,page-0702.png,311623,C07494695451A5B74784FB179EB2CA6013BA118E233A9132E9B163F3BAA9103C,827,1170,RGB
703,page-0703.png,326240,354517E50D931BC6EF8119C76FE965475AF05A2A440E9877B8E6C2F87A9BD23B,827,1170,RGB
704,page-0704.png,301123,43CAB0FDD53696882B390FFBEB596772C3D3A880173ACBF595C41314A04EA35C,827,1170,RGB
705,page-0705.png,240026,0F6858485F2B0BBC6CA3B321DA9FC2A850E0A197AF4F84D05465254EC94CA47D,827,1170,RGB
706,page-0706.png,204529,EC7BE60EA57017C2F8FB6ACF25B643CA9509E5C13794FAEFDD42E5AE1BE8A23C,827,1170,RGB
707,page-0707.png,313079,7F3B062122B71F282703F9F104824891CF113B4E45165BB47F31C864DF84F18A,827,1170,RGB
708,page-0708.png,282357,8C5F0B5C96D0271533495474AE9962734DB70F5B4C16C30FE58349FED9BBB311,827,1170,RGB
709,page-0709.png,309456,6C58AE9FA600D1FF95E6568D02A87118EA69D3F5D96B49C23A9C0FA09F1D637C,827,1170,RGB
710,page-0710.png,273540,58DFC0BBDB9D67363956A60351065479967F819818070B463A2FAF7F57217041,827,1170,RGB
711,page-0711.png,307060,373735B2BBC1DE7780CE5486BC5FA3FF0AE32FC5B7EF73DCF55A6482A74FD973,827,1170,RGB
712,page-0712.png,289548,CC6E32D7699B2F0C67E1DF266787E6F2511E3F9CEAF1D1B0590A667E59DE94EA,827,1170,RGB
713,page-0713.png,323526,242FDC88972A62EB58EC02BC54DEEC2E66557AA379AB13C782FEFC7F2BE45CA0,827,1170,RGB
714,page-0714.png,289752,DACC2D7F2650CAF2A189A0B135A8142A0228EFC2D27122B26F1564B67D0636C9,827,1170,RGB
715,page-0715.png,253722,5D9FFB1DB3DBF68CE7229E35E4B52322087C90A1EF4512EA1045BF37721D0079,827,1170,RGB
716,page-0716.png,218081,616A096CCE70003307EEF5FECDE71F5FF392AF48C88E9523812A1AFBF9A89DDE,827,1170,RGB
717,page-0717.png,279947,F7ED39B226D74A5EEF3E26235F84DF119712BBB7D3CF400BC81F61F4EDABE587,827,1170,RGB
718,page-0718.png,240459,A85AA7807A4CA8445DB7291BB1F325C888BDB904595BBE600A5B9D9E906F8581,827,1170,RGB
719,page-0719.png,242372,3C174FCBE6E33550DCB5F5B3BECC86F24CED2125BEB37FAE34C7CAE63F71C2C7,827,1170,RGB
720,page-0720.png,301890,11D53B71FC6D24D257E0246DA3E828E7AE13DEB313CE73A56ABD5B7AE5D041A3,827,1170,RGB
721,page-0721.png,249575,49C425551A3C50F560F959E387441B9DFA6B3DB2E4AD0B88BA1312682CA618CB,827,1170,RGB
722,page-0722.png,325733,83316846854D22FBBB1FAAD816FC5AA6F786DBB6D9243DB57FB2F4B7B1994850,827,1170,RGB
723,page-0723.png,292231,3796EA632E63CA781B866AD96BDA73CCFE6EEC1C3C88C91717499C9B23196F2F,827,1170,RGB
724,page-0724.png,312414,53F298A093EF0559C6778510CCF5DB48F7DED632789528BF59CB3B8B75A6452D,827,1170,RGB
725,page-0725.png,278755,CA9D99265A98EA603AA36ADE7938E462A6AD309B3A33CA31C90C306740F0B53A,827,1170,RGB
726,page-0726.png,323394,6C7897A4B59DB7DEAA56D552D527666AB8259A7FFBC3C26D96D5BEA05E362D96,827,1170,RGB
727,page-0727.png,375910,BAAC7D216D2DDEFF3D3878BF0611C1C60115E45C0F3B2225006C948CE53B4927,827,1170,RGB
728,page-0728.png,329755,87027B888A82C5F6D257F555B7F2B4F11A4BF72CBD79BCB299B3C3BE92538C76,827,1170,RGB
729,page-0729.png,339791,A942F08AC5CD038A1DA1F1D5C7E0096F29D96C9BFD2896B40CEE17CC6F9A3F69,827,1170,RGB
730,page-0730.png,270174,E3CAFDF6851AF6F9A59EBE28C498E71E0AE114AB46EC981CFD189D5867066709,827,1170,RGB
731,page-0731.png,326435,58335CEC491729FA89C4EFBD20B527B727521B62075E7BE348F352E534AC1C60,827,1170,RGB
732,page-0732.png,288232,4C96B059BAD40BB4B9C98962B508B58CC12AB319B12553AA83A099086D43BADD,827,1170,RGB
733,page-0733.png,291674,975882BE97ECDEABFC0676D00EF31A535432F1106286E55D03E43D4BF962AF60,827,1170,RGB
734,page-0734.png,287700,ADF082A0408753DF8DED51ABB788255FED0FFC146792CEB9206DC8305AE8F1C6,827,1170,RGB
735,page-0735.png,247593,5EB5A474DB3C49FF06A1750D414510D599EBC1A1B40333C4F0428500A9727EDA,827,1170,RGB
736,page-0736.png,286433,1D44C59FFA215747F54D2C47E5EA7D20D7D87CB714ADE3C957002052ED126182,827,1170,RGB
737,page-0737.png,252706,5E677A066DECA4AE2631A21C365056022BC17F99F374234AFF59098064E2F127,827,1170,RGB
738,page-0738.png,310208,5BAB32130D0FD4968205FDE496C2C050AE60B748AA4CC210006A33A2046D7FE8,827,1170,RGB
739,page-0739.png,322892,77747A2065E8E1FCE4C450BFC0CC84B6D50709D85696653649F8DE8D7ADE8700,827,1170,RGB
740,page-0740.png,347769,752185D195E2C9CFADB0F1A568AA48EA05833896DB3B81370C0F54F1023702A4,827,1170,RGB
741,page-0741.png,305613,078441D4202F4CF401B214AACB109F830E476270C23B581F5EF0687671CC7A40,827,1170,RGB
742,page-0742.png,278902,86885A43E8FC63CAD67E31B03434B6200264A0E4FC9B86D96550E696E93BAEFC,827,1170,RGB
743,page-0743.png,284009,9A4FD5482A61E4E6D1C7B31F783C660DFB3A8A8D82EFC9297BC1022EE084FC0D,827,1170,RGB
744,page-0744.png,286353,91A921C1745E646E699FBD914C402E2296062149EB1D437B04B9AFA2DBD3AECA,827,1170,RGB
745,page-0745.png,366318,7081D24B153E84D15E463FEEB2C20029E577F97974F1BEC30783465D6BBCD0D8,827,1170,RGB
746,page-0746.png,273210,B56B1D36ADF8245B902F370DB3DA4DB94939BE67167DE2F58753C20CD2FC2F6B,827,1170,RGB
747,page-0747.png,237528,C4FECCA9AF8DF8CCDC97D1293C4E4FCE3E9667390E271E2ED2C20D965E60B9D2,827,1170,RGB
748,page-0748.png,311658,4541D1AC1FA24F3531CCBD828BA7F6EAF0B0461F50D1A8F0BF874D3344532F66,827,1170,RGB
749,page-0749.png,330042,DA6C03CC70D928C9D5D91A020691F35C325E4F4AC611277E9ACE6F1FEA41C5DA,827,1170,RGB
750,page-0750.png,271407,C132942161EC3C6ADDCBFEB189417EAAE478157C9732C9631DAA7ABCA85BA0DC,827,1170,RGB
751,page-0751.png,340869,28A21F6E367F93D473F54D59BFD43F8D0FE403E271FC61BB51F2FC57EEF6A6E2,827,1170,RGB
752,page-0752.png,307859,DB12A614F89899684757AAB76617BB308F833CBBCD35B57EC67AF573A80BCC0C,827,1170,RGB
753,page-0753.png,337222,6686080696A07E2532D37B87D74BD8CE1A4EA2237FB1C3949A161B1EF5647BB9,827,1170,RGB
754,page-0754.png,322635,B09E2ED0EDB60E40F1AB4FF133BD2D4ECB66B3CBE0D80BA9DA166E45D902124C,827,1170,RGB
755,page-0755.png,353886,F1C411D6132C9244D8E306DA3970D6CFF3E7C5AA9C1DB2E5413578A824D5ACF0,827,1170,RGB
756,page-0756.png,367708,56DE9CA7DF265559B46AE27171B8DF6D51DC0ECF3697F8E7A3588E46B02BFB89,827,1170,RGB
757,page-0757.png,352510,513745F6F8BB65BAC368EACC21F269CDFBB5499E2BC08BB9FD97981957DB043F,827,1170,RGB
758,page-0758.png,203510,C9ED0948E73A267268FA6DF63AA44EB45156AD3D28559E999B463B4F571B3703,827,1170,RGB
759,page-0759.png,218687,B1E3421640F9C959D3FC2612C7855F7F47F28874A910E19A883CE2B5DF304A8E,827,1170,RGB
760,page-0760.png,269591,BC071811115D71CF8262F74D9F8EC3FC17FDA6310F817659CD75B4AC00FB8808,827,1170,RGB
761,page-0761.png,260198,9BCD86E1BEF8C0B238732D2154BDB4CFF55A1CFA6ECBC16A379E33A8992A0F07,827,1170,RGB
762,page-0762.png,308993,6596CD8FB4A7380920F0AF854A3BB71CCBC4183F466F8CAC808E7C85A2980ADC,827,1170,RGB
763,page-0763.png,353502,771ECB62A9812D39947D3ABD3FC39AB7F415FAD5A17CA2E2FD3F08416D57D024,827,1170,RGB
764,page-0764.png,295137,7F418A844BADF45FBD209DF815E17ADC7DAA5FACF044F31385C2E6910B0EDBBC,827,1170,RGB
765,page-0765.png,270298,2997468F3AE9E1E176157CACB77B8E9330074F0A95ABD76EF03CD55321F8D32C,827,1170,RGB
766,page-0766.png,268193,195C3F2927B54E0321F3CC8C231E2D082D0798B260E1547C3A7A906C0BE935D1,827,1170,RGB
767,page-0767.png,274198,041D3AC6053B539F505D21D26F4EEB0B14D85929CB124B2A857B130C84CD6557,827,1170,RGB
768,page-0768.png,252047,322792B4D2D9F2A6BAED623C78520B1F4316D1F3745403B9C4297909EEAFEF76,827,1170,RGB
769,page-0769.png,310258,5FEC07AA35BD98C2D8D9E1B3C041646B43B76C1F5755D16A27BE8AAF80DB05EC,827,1170,RGB
770,page-0770.png,72038,6A97C29B22FE1E982BB4FE0E3EA6CC7C57A50873D1B8D108D144699EAB79106C,827,1170,RGB
771,page-0771.png,268959,22B3ACBB989CC388C822DFD5561A5BA72612AD5E804DD71F7324AFC0274FBC61,827,1170,RGB
772,page-0772.png,285461,CA71C4F9D81C342990CE964D9F2FAFCC72E24E49804245257D972895C2315B31,827,1170,RGB
773,page-0773.png,270265,007AB5FE0FF069A7901338A4E32FB203134648187536C7DD83F784C363C61464,827,1170,RGB
774,page-0774.png,340713,92E78D4B0BE23E3CAAE880A802E1F84B915AFD13F1F2AA846A51AF0EE27D8ED3,827,1170,RGB
775,page-0775.png,282951,24C399EE509F168920C27AB1058C9495EECAA7C7838D1CDF2953BAC591468D8F,827,1170,RGB
776,page-0776.png,337079,C0B0C9FD44698D22CAD8F3EF84B1C9E2E29A730A4E4CB45CD5F535650FEFAFD4,827,1170,RGB
777,page-0777.png,207031,AD8920ADEA1B5435B7EF34C4507EEA6C261E29CF0F5CC694C427CC503FE9584C,827,1170,RGB
778,page-0778.png,266901,D02CCDA34302DA4A9B26C9408CC77ACE0D1D62E29CE541B522897B7F18CB883F,827,1170,RGB
779,page-0779.png,299816,1E6C97C33E601045E078D03EAAD93FEEC024137464761024FA314BCD71200E73,827,1170,RGB
780,page-0780.png,236870,4D21B69679AE83540BBB746D5BD813A6AF0ED1EE99FFE882A3094093301FB678,827,1170,RGB
781,page-0781.png,275326,2515CBDD98A07FEE4F899C292734A4070D81FEE4CFF5E4AA17DD6A89BB23F395,827,1170,RGB
782,page-0782.png,267625,509046CF8D7F4179E0A6A7AC364D1CC76E5EC181C9CC3E33663DC7D65201F163,827,1170,RGB
783,page-0783.png,180283,2EFE0B792AADFFFE5F8EC8EB040F36E785AF655D7A241ADD8EB64BF11494A75F,827,1170,RGB
784,page-0784.png,258205,7A6DF3C92FDD83E8E9837DBF66D58E74297F01E0E8EC14803BD3CFD2C3EAA3AB,827,1170,RGB
785,page-0785.png,192760,85C5B4E9BF7EC68E2211E68EACC268196EBD7155CB49CD95EF2292D6807EEED8,827,1170,RGB
786,page-0786.png,114345,6AA048ED85AAB53FCF3DC3F3E4B91D3BBCFD8FFF96BE9B81B15B073569B1B6FC,827,1170,RGB
787,page-0787.png,176144,4BF1EC4625C40A3E111CF94ABB4985D9D96E6ECF0F6DAAD027A08DCB54278CC1,827,1170,RGB
788,page-0788.png,181548,EA2C7C66FF9A2C5A325858DB5B48E54933738993386E700CD19AB212C255F5FB,827,1170,RGB
789,page-0789.png,238356,6BDF73BC1B5E4D033AD439888F4B765499114F3F322AFA42FF8EA1ECBAC782CE,827,1170,RGB
790,page-0790.png,239276,94F4F24856D3FF4A04679235B1C1146E8152FA66DFBD74AF5BC60E161D545978,827,1170,RGB
791,page-0791.png,223119,64332F7E8B6746B81FF8294E14392B9D6A45B1AFB68C12BA1251A516AB3E6665,827,1170,RGB
792,page-0792.png,216030,FE11627369906D3B8FCE8DAD89D9DED8B7770F766853ED182704067963373438,827,1170,RGB
793,page-0793.png,276750,FB1D5643BC90D2C50435DAE819F96EFA38389E08336DE3D0B1A67A22794909DA,827,1170,RGB
794,page-0794.png,234235,08BBC77FF51B26270E41871975E949DBC0E0D147B4A79B8645BDF454DD252FA4,827,1170,RGB
795,page-0795.png,287381,D16C4E292D5CB18252F9960D098A5FADFAAECFA8445962094F09CEE3F36A9988,827,1170,RGB
796,page-0796.png,216869,226DDCE871C6A5DAAD2B36D38EB960CF2EA3EA2DD9B1FDF9CD9AC384ADEC37C4,827,1170,RGB
797,page-0797.png,202317,648B05B70A1CB25CC1E434998C67B8F7C4500607B0B242C49210035C32CCAE66,827,1170,RGB
798,page-0798.png,175671,7D7D779B5B1660C8FBF8DEAF5F7F03A7B7ACD83AE9911D48B0EBDB322B78638A,827,1170,RGB
799,page-0799.png,235750,9874DF33B843BBD3126E4994ED7516B6FD89365052283322309C21BC76115455,827,1170,RGB
800,page-0800.png,229065,40C2ABA516FE3B4DCE11066C5361F5C29D0587FB3D171D4A844671AF20FF16C0,827,1170,RGB
801,page-0801.png,156842,D4C0DB8BF0921CB8719B473F2C6C140AA4ED706D807D5106CF45A706336D055D,827,1170,RGB
802,page-0802.png,244354,B2B087FDC9969733AB6938D055E363B3C02FF0E1A6D3D6FAC5A1315B62B26066,827,1170,RGB
803,page-0803.png,195673,6BEBEE7AA99BD54999F7D0CE87865E84F957518B7250AB3A01128D371F103A95,827,1170,RGB
804,page-0804.png,271082,BCCAF9432064D6C6AEB43B7EAC678815D8E79D66AB489B755509CE9054E30100,827,1170,RGB
805,page-0805.png,279531,29F5ECB8B7B8720157CBBB85589886574DD7D227B06E90E6228C3F6C85F36FEA,827,1170,RGB
806,page-0806.png,127491,BAF8E5E9D3CAE75B6A5C50319632E8A30C5FC358BE069A32E0E195A7A3F555CA,827,1170,RGB
807,page-0807.png,135523,CCF5F9B75574838D2E4538952502C4CC8AC394B6440EDB9472DC25A6B21F2E16,827,1170,RGB
808,page-0808.png,324853,80041C49A17DF48C0168425064C1008A8152F0A2D6F72337651621DC84CEA055,827,1170,RGB
809,page-0809.png,254900,6AD59D9E24CC78315462B3C845B59BD5682877F6630E63FF6D91524892885520,827,1170,RGB
810,page-0810.png,195348,1ABA4466F4E8C9CE94CFDE231EFCE8EABCEE625371CD87D59931C2E043CEF2C0,827,1170,RGB
811,page-0811.png,199925,650199868AC2E548864277EFB1C705556492A3D928BFC1BA7CAE859BB7C8909A,827,1170,RGB
812,page-0812.png,224716,AA7CB7ABAE9E4196BE57B49D555E8FD7B624AE280652B6C45E420BF729D25473,827,1170,RGB
813,page-0813.png,224739,17A810C47606C31F56A1B6E5CCDE35431B7ACAEC4971CFAA9B748F79BAC19097,827,1170,RGB
814,page-0814.png,265213,F5318B2A8642E35599212CBB2EBAAF6E8816E1225D60F32A2293E22AA46311F2,827,1170,RGB
815,page-0815.png,290625,53FF4B414850FB9999D2F186AA47DD3A575FB8E345CE8AA2D534B2B23DD9801A,827,1170,RGB
816,page-0816.png,181005,B41A868EF90C51A95EAC41375D58A378968B29094E12ADF4A8A7B7C074D2ACC4,827,1170,RGB
817,page-0817.png,217313,6E3F1D511D92AEE9B293DDE891C51121BBD37BADADE3A010B6BFB98C700988CC,827,1170,RGB
818,page-0818.png,266786,326137EDBB10101882F21AADDD6BBF86313680EE8CCFCA6BD8DA7D224A8C0010,827,1170,RGB
819,page-0819.png,247405,490B2EB4E8B38490196FB910A46C590AD9BE114608AB018D000C4287E9B36E91,827,1170,RGB
820,page-0820.png,210049,4C4986BCFCC6CC70F96D887CBF5D2E192BDC0186E6B3BD1A51F3EB83F2BF95DC,827,1170,RGB
821,page-0821.png,177007,DF3D857A6E4B0BB8BC16868C61BA02EB689A11A6D2AFFE47F12C2994DB20B2E5,827,1170,RGB
822,page-0822.png,252999,C1521A2F28C56804D49352BCFB12F93FB929DDD37303805C397CE8B3EA1C6E1F,827,1170,RGB
823,page-0823.png,287528,BA47149C2F4AFF8E42F84CE27256D4DFC9EF622E2EC9BD7FE48651FF5FC2D760,827,1170,RGB
824,page-0824.png,239872,C718C28AD8B181CBB7D2303FD80988E483DF034E0B6426B6B3F52ED090EA255F,827,1170,RGB
825,page-0825.png,285795,849E189BA3E0DF222EB90DB59B8D34B5AE9AB0357B2650281A82EAADDF274965,827,1170,RGB
826,page-0826.png,274582,A6481F4C78D4CB268C77BD982E832F9C3824566659710000BF9914A6F68D8376,827,1170,RGB
827,page-0827.png,233290,11BBB13CE6FE7753172314664DE2D885D8BB3119A6FC2C3CFB02574E56431618,827,1170,RGB
828,page-0828.png,337059,697A39E5154F06BF9FA5F6857EF0F79482A01468E5688A02BF910D1427AF2C34,827,1170,RGB
829,page-0829.png,258757,126C11640FFF0B98EA5E490E0E0FCF5A2ECC148D816CE635863295350A7D32EB,827,1170,RGB
830,page-0830.png,286094,0759354E4B0544D6346A7197FF5FA7334EA45A429B62ED9BFAA5D76F4A057586,827,1170,RGB
831,page-0831.png,258242,CF61DCFB2551D9D43D8D52588DCF97ED7A8FB3270E5704D19DA039D2BFBD30BA,827,1170,RGB
832,page-0832.png,279279,7F89216DD4CFFC9380E241568A78D2D0CC90409DE482D88CB454D70E748E498B,827,1170,RGB
833,page-0833.png,299179,597D11F03CE3151ED1BD4DFE36EA7985F6799F33887A4364FE1D76C7F8670F16,827,1170,RGB
834,page-0834.png,170522,660E2BD61D1D265E47EFA0EB659AD24F0DC613B43B4EA36636455B02019FA2FA,827,1170,RGB
835,page-0835.png,265537,F3E8E5803CAAB47C28EE07D7104925B68960211EE26D9B340594380F12055AF2,827,1170,RGB
836,page-0836.png,243659,FC50878A8BCB6BE77A908F064DF1632ADF4B7EF0D5D5523A4DA831DEB406D957,827,1170,RGB
837,page-0837.png,321641,C79977B83193EEE6391644B03A5EAEB5DA0B5A8217DADDA2E08379C4F30CB5F3,827,1170,RGB
838,page-0838.png,241041,A6211990B4FE257EFB2CE503381AA5CE5F5830FCE610D004F8013E33F75B9AEE,827,1170,RGB
839,page-0839.png,260162,BD9C377789A5489EAAB5D031468ADE7E22A8092D55BD2155B50C2D3F0FD7CF30,827,1170,RGB
840,page-0840.png,222399,50AEE9B5FB87D95B9B533B731F003DF0BF5473CD7305FF219678855EB7685D6F,827,1170,RGB
841,page-0841.png,196050,6BAB859503E23A5E164D00F2664B65BB573597822E81EA42143AE9376D2A9796,827,1170,RGB
842,page-0842.png,240763,592CC7D137BD59977FF134A073715ED6E5BCA018988426C3782B8562C24A403E,827,1170,RGB
843,page-0843.png,254872,7B44A357ED3D1B925065D130A480722DDB70516CEA616F039B03376F2E8CC577,827,1170,RGB
844,page-0844.png,209942,CDE69ECFFFC5E796C7237AD3556F691362F8C16B07E3388F08B367AAD40F928F,827,1170,RGB
845,page-0845.png,221904,6E15E22959F0F4E36FD578C74D7B46940DB804D9D51B281151B5097F1E71B1CC,827,1170,RGB
846,page-0846.png,247321,7547FCF0993C1FAD21BB8985EC1B7202FEA6912DEEA3023AF535C75975F66397,827,1170,RGB
847,page-0847.png,316768,91E2BA8D88260C2A56CB0C353102A7A5302773D7A2CB45A40D5835A7385125A6,827,1170,RGB
848,page-0848.png,263109,A9FBCF81AE8132BEE6F17436623ECDFB7DBFD78E7206A304C32451D19C569824,827,1170,RGB
849,page-0849.png,178948,5907243975D47370B22219962CD5E9E80437DBA4E9C850D830A5C3DEF3D83B3E,827,1170,RGB
850,page-0850.png,220862,8378C976E3D74E3E18F7C5EC5C40E2BDA3B216EF7AD1FB734FA896E787E72C4D,827,1170,RGB
851,page-0851.png,260739,A3CDE8B9945058F1DD1B0A6EFA9C62EBDB0AE216D253D981F62F5BFF3B6B908C,827,1170,RGB
852,page-0852.png,245955,EBF8B8E0814DE6007734F2C9A2162D0E4207A1B1C182F44331D70598916FE941,827,1170,RGB
853,page-0853.png,316102,315F0203DE23C262353F43B341D7E825DEB1BD46E9162605D732A47F997A9BA1,827,1170,RGB
854,page-0854.png,385644,D243B88DD47F01CF65E98023831893AEC4609A8FC063AF6A0C96610D9A61EC39,827,1170,RGB
855,page-0855.png,274870,809B5BE92B75FCF930844AECFD51559FC9FC372386271181CE4DA86A2EEC16AD,827,1170,RGB
856,page-0856.png,238012,63C8CDAF0787A9A08B56013AF5EA385F163A077F99A2660FF6CCDCD8C817AAA9,827,1170,RGB
857,page-0857.png,280301,A1786484C8E81FC147DE3008270B217F142E9CA4FB28646940E205E494601BAB,827,1170,RGB
858,page-0858.png,289564,4F7DE3538A240A3182389D694155BB57C5189632D63B8790F130BA43D6F295AA,827,1170,RGB
859,page-0859.png,220405,A2ECB0A8B055109CB2C297444162F00A53A544453D1C34F5E7105191C9D630ED,827,1170,RGB
860,page-0860.png,225580,0ADBCB98DEECB614388B2AB74FBEC604330F7070B4987CB89F248001F2A5E2C6,827,1170,RGB
861,page-0861.png,214686,F6973472D5D7662C47216C920786BEA1A1215364C22F9FE349705A21FC4BBA98,827,1170,RGB
862,page-0862.png,164712,794A8C1D3049350B4116A6350687259473AF6424690E66419BB8F2CB712C3C4B,827,1170,RGB
863,page-0863.png,178476,53DD811131D115DD2AE81993543DBB9F8C44EA9F5086FE4FC551224D639927B1,827,1170,RGB
864,page-0864.png,226366,46C6999DF0D9356430FF1948F8CC940B0F29214FF46C45939AB17239BC787B9A,827,1170,RGB
865,page-0865.png,237260,6CE2CE056C20127BC1C1519DC98625E6B34EC97EDE3D2A8B88323E836DA3EE73,827,1170,RGB
866,page-0866.png,233638,B6D01FE4F36ED309A156DECA03D1B3F5DE71218AE88D2770A4718513FB310A08,827,1170,RGB
867,page-0867.png,346785,945C4A20C1F77B2F7ADF1166CB6030CC717F58781CA11C35B5AFDF03AAB6C8C0,827,1170,RGB
868,page-0868.png,226026,CF11EC8F1288E440A7FBB23F9E69EFF138A7FFA8350C5FDD9F1AF9DFF779C46F,827,1170,RGB
869,page-0869.png,252157,63065D7381D11C8040B1F671ED4A0C1B20BD37F93C591187DCC80FD9587A901E,827,1170,RGB
870,page-0870.png,271696,0616B53182BE25631891C405FA006BE04CFE12CE13C8E87C924DB29D43027077,827,1170,RGB
871,page-0871.png,291746,16E71FE50E388B19ED8EE30C1D2A1ADACD76CA156BAD33357E6392A9CC515AE7,827,1170,RGB
872,page-0872.png,202570,1D8571732527D8B7FA21E75D4BF1F1911388392AF33D2A810ED30DBE6EC062AC,827,1170,RGB
873,page-0873.png,285961,990DD7457367069C9FDFD93489A589A12D694E7C18F46B1661C0E3BEE8D9628D,827,1170,RGB
874,page-0874.png,272218,AD18A033D322B917F45B89319A357AC632D33730EA321DA989CCADCCA91380F2,827,1170,RGB
875,page-0875.png,277881,5BCF489E99B81C30C2F737A68B12970F6D42A2B503A5BD35718B1A74CD71A352,827,1170,RGB
876,page-0876.png,158949,A092E0B2E971C597260F72488622D83C7218EB9393EF822757ED6D91B105DFC7,827,1170,RGB
877,page-0877.png,230941,B74BD6B6D8D72B12FE886C456EE74F85541DC4B970D99CA5737EEE31D26C35ED,827,1170,RGB
878,page-0878.png,264044,92DEC5B39D4A43970972C2D49511CA0057AA18F4279EA952FC1867DAA36FABF1,827,1170,RGB
879,page-0879.png,274634,869EDBCDF6AF7A5F6F0039B551567C1973343AFF1574E7AB46075DFC9FD39AD7,827,1170,RGB
880,page-0880.png,264847,EDB06F9CD4716A2E4DAE9A247689319EB2C79CD3DA617D117D2AD0FFB8D6DB1C,827,1170,RGB
881,page-0881.png,285316,C744EAD6CA222B8F8FFC653A3E48F749FA8BABA1926F554F20A8A9E501E88273,827,1170,RGB
882,page-0882.png,255370,937145A7743E91DF9EA04B23849D49BDA7E6EC56694473AFF060DE52DEE398AB,827,1170,RGB
883,page-0883.png,270424,CCAB1C3A5413928F3AFF6B6AE53E72D7CFA2EEC0C7812934DCC519C97F596B20,827,1170,RGB
884,page-0884.png,265516,1871C51C7E36273072C3613C824050537475C421C486E52C971A88FBDFCF4B5F,827,1170,RGB
885,page-0885.png,299669,25487E718A8FC895D80256A4DEAA3671164F575AB8DF29B3BF946F64BFF1DCF8,827,1170,RGB
886,page-0886.png,290160,1E23EFED02746848C579A97F1520068E0F9D64D796F6B7A05CD69168C1DE7598,827,1170,RGB
887,page-0887.png,268037,3DA0B653D917AE812525F322EE320C7A7B6D7DA7BB7A02D514C5C4610AA6E883,827,1170,RGB
888,page-0888.png,230398,F83C100C8C83A06EFCCB571D3EF804315E9C5AC0AD9AA026F6B0480EB4F4A0AA,827,1170,RGB
889,page-0889.png,292735,6E4973499C506402D50E54539E8786BBB0A7F6B71D563A655D0E2947A2FFF015,827,1170,RGB
890,page-0890.png,238644,57CC2D8030C8BBF4A845DF027EE7D8D4C0A3CE946BFD7D449AAC2A8D7D9EA3F7,827,1170,RGB
891,page-0891.png,204468,BE2B36A350D45C0C85BA1FBC49D00F37B47E0E73F83CBBD76CC2837DBC799819,827,1170,RGB
892,page-0892.png,238932,F9EBEEE0BE0319223E20ED2E01F818F47E2E9F3826B9F53B68EC6D5E9FC42D35,827,1170,RGB
893,page-0893.png,244304,50C429AA193CAFEE9328EB6E9A626D2A1878D6F0A126A834BF4A15E9B4EE8B6E,827,1170,RGB
894,page-0894.png,189331,DA9B2F621B473D444D46B9D0C3544774E01EF66708C623ED3C01DAA6F4CD0964,827,1170,RGB
895,page-0895.png,247106,FF7D6FEF194B7CFE60C0C21EE6D86943C7D75CDBFCC8739A0AD78612F6673737,827,1170,RGB
896,page-0896.png,234783,DF2304D23232AEFF288BF8CB9D3B266197E61BA96F34A111B00A2075E768409E,827,1170,RGB
897,page-0897.png,323379,87EA95C8594E19C09E62DE840F77ACEC80B54EDB0119FF5CC22C8FD6DB1157ED,827,1170,RGB
898,page-0898.png,277809,DB159F90A41A79F5AFA784060539A5CDEA22207444F69847CE3A4B5EDA4D0C80,827,1170,RGB
899,page-0899.png,255576,6A438185EDB9BBA6FED025B7DFCC4344F83E35F4A3C1875B274DF2D0C2C13104,827,1170,RGB
900,page-0900.png,292080,4E974825761B01C5D13EBC0B660F70711CD6868891EF7FB4F7E7A404738F8C82,827,1170,RGB
901,page-0901.png,204449,11847BCB5D5EB1551BFFCC9A44DE30396EB36D3E3CC943FE4DF58535DB6D5B3C,827,1170,RGB
902,page-0902.png,345808,D55BB765B95459EDCDAAE026B80326547F6B3EEF381919D9B560A6901A04F1BC,827,1170,RGB
903,page-0903.png,235701,BE98B83D87F0ECAC114E1D4F9AC24352DCBE53C08CA325DF2561AD4C3AF87A58,827,1170,RGB
904,page-0904.png,213854,2580B821A63BD135BDED2244FF3662F264E202FFF0876EF4E93347D32D7321A5,827,1170,RGB
905,page-0905.png,238786,F6B0F96A46192DC0D4A22469599626884149F6442254A6932CFF54265A378741,827,1170,RGB
906,page-0906.png,254641,E743898148DB3C6693C614D0E4B2DE108E5993A864CDC035E151E77F9A9E591E,827,1170,RGB
907,page-0907.png,329755,436521CDFA98E081A9C2DC91F99F3E2BF5FDAD56857DF1812B6012ED64CD80FD,827,1170,RGB
908,page-0908.png,275682,971BCE792C71D213B48E9C5C5FFFB6067BE974A18C7E254BCF14E9C116F29037,827,1170,RGB
909,page-0909.png,220107,2E754F4188F5F263A3D339F33D9C71CAADE77814B30F8A02AC357DBC652D08EE,827,1170,RGB
910,page-0910.png,178812,2DA4B5403187201D0803701175D8C5EE57FCFD5957305D6ECA6005F641752106,827,1170,RGB
911,page-0911.png,270560,B9A799F1C8ED994A3B87C8AAA7DCAD105EAA1FAD6CA9C44DFC44A3C97B4C3E60,827,1170,RGB
912,page-0912.png,235794,EBCD323BC9160EFC74BCC691937F61849EAB304F51245E28BC1313039721D4B7,827,1170,RGB
913,page-0913.png,298682,1C5F031B615A46CF5A24EEC206D50CD8D69C8DFE69110E33B28DE00D6F625E88,827,1170,RGB
914,page-0914.png,199294,981505474670A84662E0192460EC806F20B1D6A024C0D86BCC27CB25D2017589,827,1170,RGB
915,page-0915.png,275009,6AF09AFB71868188721906547666456B99D7B05F252229FBBFC2303683DECE98,827,1170,RGB
916,page-0916.png,241916,5D29112A68E4A57A89DACB5FB24D9D9DE97D20411A72C89BB9DC42F2362EF59B,827,1170,RGB
917,page-0917.png,234456,D2CD3A4F4C54862C64EEEB21AA8FA5A50951FDB0D931E9456727FE9F6CFCFDC9,827,1170,RGB
918,page-0918.png,246484,1A799CEA511F839D802D535264EB090D33EF8571784C8780FA8D99F95B8809AD,827,1170,RGB
919,page-0919.png,304290,8890F0A5CDA0CE61521B9A9728B3FD95269BB2F3656F0ECD16D47A630F56674C,827,1170,RGB
920,page-0920.png,252294,70E017C3910F1AA86E6C70D4692FCABBF05581BB11CAA07F64B8A4B8C94DA7C7,827,1170,RGB
921,page-0921.png,246265,188F7C1D192F25164B008EA62D873208D1B825B9480FD382E80D8679F756C79D,827,1170,RGB
922,page-0922.png,249556,2397FD42611EC15101390D759C64B48F92DD9AC2F41B967FFD4BA39BC6409383,827,1170,RGB
923,page-0923.png,294876,92BED33E43DB3FA589A29AD362ACD78B4EF1D319F43D92918FEE17D6D14D4781,827,1170,RGB
924,page-0924.png,244329,1D1F10E3ABBCC16E7C3412EED9C99EFBA1E688A3E38E1FC33662FFC546065FAD,827,1170,RGB
925,page-0925.png,216363,AAF4420376D1944B84EB82C29D43230F9D824904B9AFFF89DDBAB14C682862FE,827,1170,RGB
926,page-0926.png,256827,1A3424D9CB3825F107B0BDC6A77516E2AC7DD81991C6B49D235A2E833D2258CC,827,1170,RGB
927,page-0927.png,295917,D7887CEED8F3F9953FA7DB475DE1F718FA2284195E428C4618B3984AC07A7E39,827,1170,RGB
928,page-0928.png,276489,1710376B2C2B8A052AAD77B87285225CE2DDFB7550A5CDF328688E208E7034C1,827,1170,RGB
929,page-0929.png,269244,CC05334E99707964155B499A9997B18698025741AF7F710CE9F1460E2E6E0CE7,827,1170,RGB
930,page-0930.png,256936,742106B36D93CF40157951D8FE40B4F63504E5A23C1444CB5C245C9AB5E6435C,827,1170,RGB
931,page-0931.png,217878,29DE3DB993D4937D7787CB187F8A60BCF803E4D2B17EC8BBF543D30EF9BEB438,827,1170,RGB
932,page-0932.png,242258,EE848C5C6C1010261D94A8202138B9BC3C70E2772F19212581CFA4A7256E2102,827,1170,RGB
933,page-0933.png,198610,AAE783FB0AB90A5F84FAEBE0D834314E14D6AD09925524FF60B53D60ECB70094,827,1170,RGB
934,page-0934.png,253650,37C3DA63EAAEBBFEC0E8BA5A1259AC2079AE1AF6C286173525327646D50F4E70,827,1170,RGB
935,page-0935.png,215174,9E58AA7D5A59880846B687733C91FE388AD48EEC4A8354D5F96D3FDAC750561E,827,1170,RGB
936,page-0936.png,251107,44E45C3E14F7EB69B90425E6944CEFCCBB44D9512E0BF338214566219C9B0B31,827,1170,RGB
937,page-0937.png,210705,08CB1A5FEAC85DEABB4F5942110E6C49256EF4E7B954EC7FCA802BAB94A6B3CD,827,1170,RGB
938,page-0938.png,258077,BCD4F77DC60C4055ACDD8AE6291F081D9052785D7E3B6DCF67C891E99C5E1359,827,1170,RGB
939,page-0939.png,228845,53AC1C8B75FEFF32C836FCDDB6C44AC5D9328EA60E2F29920F3A1832C28DC440,827,1170,RGB
940,page-0940.png,144216,C488F7C9938FE1CCC3B86C8694E9AAAE698FE160572DA69B65990F6C127654EC,827,1170,RGB
941,page-0941.png,177833,4FEF9533C9088E75732F8A69DEAFBBB0667CE65EC904C62EAFAE6399BEF50B63,827,1170,RGB
942,page-0942.png,112539,0CE4785CDD314DB41F429A92458FE6C0091D9A1D514C3C58354B352DE4860DE2,827,1170,RGB
943,page-0943.png,287889,DC502C001FDC1E21BC3CA27384182F4EE6A8D74902C406D9FDBE21D6EA8DB7B5,827,1170,RGB
944,page-0944.png,259465,CF99BF2F9E4631067F20BB47101BEAE73F5B1838CF80C9523E1E2E53E7E0B099,827,1170,RGB
945,page-0945.png,207070,350CF7DA65F9A41837646421FA1728D55D73AF75D8A9859354B699E88F85D76F,827,1170,RGB
946,page-0946.png,253393,1EA4A01542689550A9A00053F76FB883871BA434EEE2BFAB84D1D738A6929B25,827,1170,RGB
947,page-0947.png,279455,E2B9BFE3C10E32F0582D3F3D13CC345B64A4362302C248420F627DF7C597823A,827,1170,RGB
948,page-0948.png,265779,EB5C1230E2EE15548F7B99B1AABD163AE478D3945E5EBAF9A1C4D2F86C045E78,827,1170,RGB
949,page-0949.png,231092,11B1085B6AD8BCD601C78F31367C70F34E4D1B59CC3F5D325EA8827A2CBDA540,827,1170,RGB
950,page-0950.png,241604,6F2AEB2EB34474C8EF96477B72D1B6DA20C8EB4AF4931C02F844268DD8C568BA,827,1170,RGB
951,page-0951.png,234510,975B75E89C5C926122C2CA5A1012D64151CC5ACBE48E6D81B476FB89A0C7C2D2,827,1170,RGB
952,page-0952.png,234896,1A36DE40327C6DDCBE51018BD033059ED8264E650E0FFC2EC6AF9440CC2FE9EF,827,1170,RGB
953,page-0953.png,238756,F670A52EAD7C9F972F4D03E30E8215FD57FC3A512FBA97FFB40E5EF4B941815A,827,1170,RGB
954,page-0954.png,257479,1DB4B89B63E2233D5B56B003073DD5870797055C2C4F61876DE95DAA89C4F4F7,827,1170,RGB
955,page-0955.png,271328,08580B48DEA86B72E93BE9CC7FD0FAB3A701C1A578ADF35AE922EF4BAE09035B,827,1170,RGB
956,page-0956.png,240828,7E2755ADD6D9A84705C374046CFA30949AC072DD0EE10196AE0BF9D8F3401566,827,1170,RGB
957,page-0957.png,262762,416456EA61DB6A3B24B43408A2DB6ECE7BFB5D26F7CDF0B32FA9BAE07353D54B,827,1170,RGB
958,page-0958.png,215404,EB84688B65B38C03872D95740702ACC473D0A01D4B113B7E4AF69AF53F183442,827,1170,RGB
959,page-0959.png,237889,0C9E44F8B5DA4933B4A3775E9742ED68852FDD3B379B9479C96757D380AD4B4F,827,1170,RGB
960,page-0960.png,220367,AB5509CC309F9FA7D974A2F7FD8424F5EC3DAC5C9F432549932D7B0D5E4AE23E,827,1170,RGB
961,page-0961.png,283367,709B177D6938C0F3EB73FD0C8C3921BCFC19B33B9475D210D33BD3F5FE9CEA4D,827,1170,RGB
962,page-0962.png,258794,13D29F663168F4328CA4D46244755930655BEB2BF73F2191706EB595927D3B89,827,1170,RGB
963,page-0963.png,206209,CECC7C855411A70889546D42D4A7EF49E5D3D77E005BE6C6989830D2699BFA86,827,1170,RGB
964,page-0964.png,243704,3BBE83F8530A32835175CF44C370C9A05EEBC82C5A85921589EB441365E9BEF7,827,1170,RGB
965,page-0965.png,268055,A85FFEC9A9C626679D75385CF40DDA8B1996A4AB30B50B46331997FDCAB2E596,827,1170,RGB
966,page-0966.png,256124,B3E961234E61230FE09D312C2493C8F009D88D9050ED64ABC37A7045A659FDD9,827,1170,RGB
967,page-0967.png,301621,D3DBDF5ECC9AB0C923892D79466A472A8780B72E9A6FE1F62D69CCC82B754E67,827,1170,RGB
968,page-0968.png,288308,9239796C307F8942550723730E73959A9CB81993D3C334B07C33EDB61A9A3220,827,1170,RGB
969,page-0969.png,241695,DE74DD2CD1C4B4F10306054200C71789B831E26268C5131A5A818B825DADEBF1,827,1170,RGB
970,page-0970.png,263102,1BD1E2B29245A57C47EA5AB64D07AB33677C1D07E750D9BB9AB808ADA9992BCB,827,1170,RGB
971,page-0971.png,232241,0F0CE5D874BF5297F7ADA3DECE42DDC56AF34EF81EB358055EBB4BC0A6EB8EAE,827,1170,RGB
972,page-0972.png,258620,880D8F3C1F14E2DAE55A28E5DCE6D6832FD730378D91F5307D76D6D56AE14D59,827,1170,RGB
973,page-0973.png,288558,7DBF39530EA644EA1E6005438433A28D5C2F1B6E0A4A430D48F968C17C124C00,827,1170,RGB
974,page-0974.png,228216,AB2A5EC89F21987B8177788E4FDDE12CC5205A6C68D68E8F17012C5A368BBA08,827,1170,RGB
975,page-0975.png,223091,F91A009118A54CFBC526ED8A282ADDF162AAD875942D4E1BC88647BB3A3715F5,827,1170,RGB
976,page-0976.png,304469,5FFC5D68C5E2B7EE23A1C84E39B7C3C4FE378444E882105BDA2285C5977A7660,827,1170,RGB
977,page-0977.png,280997,08A7DA90C46DFB6BCA7B20060E07FE40E0ACCF740305BF998062C7953A88F118,827,1170,RGB
978,page-0978.png,187550,AD0E2016F695AF6ED937FF9CC4F2CB68076354B3A0D0613DE393A2DCA9A1667D,827,1170,RGB
979,page-0979.png,333810,CC737473ACC6EC6EC5D4AA24458234C373BA2927E3C5CDE472999DE6507F43F3,827,1170,RGB
980,page-0980.png,309637,D85D06C41E591F0C786D11BF793AC47EF847924591584DA09E7D6D425605ADD9,827,1170,RGB
981,page-0981.png,204982,77333DE76FF78A2DEDF684B67479E3DC64DF8B54BCA0CCEBB5D8930996F4097A,827,1170,RGB
982,page-0982.png,268501,3A4A2666DAFAC92258E41E2851C47002E1F9EBAD1894B3E26DCAB44477185085,827,1170,RGB
983,page-0983.png,197871,815DC85CFBD3EE488EF617205DFF6A218D3920D49DC7461CCB83291D4A1D51BC,827,1170,RGB
984,page-0984.png,245722,73E7D1DF201F08503E4901C5F7F77DDC300C2F22DE529D3D98E2F5A460403D68,827,1170,RGB
985,page-0985.png,215661,02CF4B28270A9D466BA10CD6EA607078899F7CEC87775418E58660440454C8FD,827,1170,RGB
986,page-0986.png,246146,5AF5AA2F8E16557D71B6ED9057F1C0B52E98CA4B4CC7A511F1379898480F7C71,827,1170,RGB
987,page-0987.png,277858,8E98851989C92D617038A03D364AF139819A4E3188C4D02BE0DA8C6BAC31A364,827,1170,RGB
988,page-0988.png,239436,D6C5D752CA25C69811F2882AE1BF2EFD3A9CA4C519B5B1C5DC71E947E3772884,827,1170,RGB
989,page-0989.png,218130,EB48043ADAC31E1CB8A811E83008E79291A6004679566F94CB280F9AF251AD50,827,1170,RGB
990,page-0990.png,208466,9CA0FA84EB94D22CFE30F22C2C9EE475D0778085B13DABC47BE1A9A9CC04FEC3,827,1170,RGB
991,page-0991.png,228526,FB862B6137B62E405627B71EDE3DC47E0AFB2E57E4DEDA0E75146D582CE0C3F5,827,1170,RGB
992,page-0992.png,178857,5C94D14281DB71857240998827029145872C7E828E3F23BE730950E3A404D3EC,827,1170,RGB
993,page-0993.png,219975,19A648D8DBFF1CA1C3165EFF60E0399A21C5CA90A329E6544B9F21C8199FDC87,827,1170,RGB
994,page-0994.png,256037,1A21E3DCC7C8293218E47A2715F423580335358204F3D26077346B43084903BC,827,1170,RGB
995,page-0995.png,175458,74556CB636B04244A1CCEE7CEB530A401AACC79F6F45E80A3A9719617064C5FE,827,1170,RGB
996,page-0996.png,10508,75531CA20E7D5957B33EFB3D3CA3BCEEED0F0EFE0EBFD35E850ED09A74FDED45,827,1170,RGB
997,page-0997.png,254896,8C01615B3C44AFE7D413FCAEC9CAA050F92C4BDCEC39EF53B4C5D9FCB60B4542,827,1170,RGB
998,page-0998.png,270416,BF21864E00056FD44B8FCA06A2CDCDD915CAA603EB25444B47F0732F652042D7,827,1170,RGB
999,page-0999.png,201943,79AFD04C0D888DD28805C397C471F6C4E4E441E9EA73E4B75890E51EDC23A322,827,1170,RGB
1000,page-1000.png,142729,E771D5124D18B763B84B930AD4A86A61DD1ADDBDDBD8004B77DA0E2DB9179DB1,827,1170,RGB
1001,page-1001.png,203889,0FF61028C8A9515E002B07D8098158FCFA5A14BCA4BE435F111596A347172168,827,1170,RGB
1002,page-1002.png,292946,1FFA90D5E8C6F956FB695BE66B90970D58EFD96837E67EDEEEAA6FD8AB0AE401,827,1170,RGB
1003,page-1003.png,303083,40D1206AD1160388CE0E133ED73821DCEDC23CE57E87EB75C676B5E6E977D4F4,827,1170,RGB
1004,page-1004.png,290284,83AF6936A0D3417F63CA2BCDF4909B9A953A2FF89702DD8FF90CEC6AD86D2822,827,1170,RGB
1005,page-1005.png,197119,AA1ED7610F16E982732817D9C81002533690EAE94C629B6C207CC96FF29178E6,827,1170,RGB
1006,page-1006.png,307045,0BCDBEE9C3F3EC0826FD71468DEC7C6D84AE6FC6608B62ED96A2C7BBB6C1359C,827,1170,RGB
1007,page-1007.png,253091,96C62A2252B8F9A57E3FE10770C99003609849CC072D960AB991B88DFB7263F0,827,1170,RGB
1008,page-1008.png,288748,8FB2E4FBC7435D8F66A6B25FAAF2F0C4AE6F3375B2BD2240825F12018E7F99F7,827,1170,RGB
1009,page-1009.png,234614,7ADDD743E22A914C7991ACE0AC16318180983EC828A35889365039574CA898AC,827,1170,RGB
1010,page-1010.png,328613,92447F5A58E8865794DC65B21B22FD1A54135C4DDD8495C87466DFC87351C97D,827,1170,RGB
1011,page-1011.png,301317,FEEC3DCD2E0C9C654F18154436DD2E09600722D34914C1507FCC8A9872A7D153,827,1170,RGB
1012,page-1012.png,301537,5DA714788DFD3B5F05C6C483CD1CBAAA9A388C1388F6487CACF000490A2F4234,827,1170,RGB
1013,page-1013.png,362065,1703B2F2401535596E018756C725370C1E43558551CA151B8683CD21751ACC8D,827,1170,RGB
1014,page-1014.png,234702,A47EFC9FF657330645C0335DD12B2A91B99ED94134945F2E72587B27B8D9D1B6,827,1170,RGB
1015,page-1015.png,289187,74679540A2A4406B073C76B6DE6F26A7A625592D947610921FD3CB8253483021,827,1170,RGB
1016,page-1016.png,337122,F77B5979898F3455EC513F9352AF2AD7C9190FB92580CF98666AF53B655F98D3,827,1170,RGB
1017,page-1017.png,349903,A8986AF3767D482090F95304320F54E27896128F48BEC9AEE6A35E995E8CA5C8,827,1170,RGB
1018,page-1018.png,330603,9B146FB8614EE38CC78D6B1725EF13263DBE56AF5D237BE9B8EC799B81C281EF,827,1170,RGB
1019,page-1019.png,278807,513FDA261087BC885375BC814A80039A572F34C4064581C06438E5D6F6F15633,827,1170,RGB
1020,page-1020.png,291338,AC9A1D45779B88F85CCFC3303A9EC506A3F8A8D2B793184BC16002A2BC501F4C,827,1170,RGB
1021,page-1021.png,299010,1F822CA76A99F46507CE5B4639C4A44E1E897DC68B4D65655C9DFC11D358E8D2,827,1170,RGB
1022,page-1022.png,273921,3BF6432DDDC850C335EF1E968E7469DA99807D9DA6345E66F3CF5290F3B6C119,827,1170,RGB
1023,page-1023.png,326955,0C1EB34077D57CB1590FDC56670E5A8A28FA726FD35621F536EEE3BCF659D463,827,1170,RGB
1024,page-1024.png,238365,9F0B607702172531C80270B5EDEB72C4B8805A7E10E7284F7A63A2CF2373FC84,827,1170,RGB
1025,page-1025.png,308204,08E221F997676777DFEA20D03054B45E137BFEDC7DE62197E596362303144A51,827,1170,RGB
1026,page-1026.png,286839,F05AE7DE5C9C019F153538F6AF02E4624379595785F8FD85238D297BE2C32BCD,827,1170,RGB
1027,page-1027.png,285718,29F8ECBC73D35161DFA1D9B7D3A104B8A2B9E032AA494771EDBC82800604EE9F,827,1170,RGB
1028,page-1028.png,323301,A93944D51E3E4AD6A38DE9D997E4B827A908DC916C1D4411BC1E65675B10812E,827,1170,RGB
1029,page-1029.png,271748,D28604C20DBA90F14C22166087E529127E84108C5219D5C425EDAD2C605D6AEF,827,1170,RGB
1030,page-1030.png,328467,A62CDF96F115826FFDC7BB9CE7FBE84323B1923BB0F8574AD14E652F1E3C7D4B,827,1170,RGB
1031,page-1031.png,341637,EA48A25A543664887582F7FC23E67949FCFC991EB1F7CA99D2367B576ED9F6F3,827,1170,RGB
1032,page-1032.png,296684,D6B15C5F96B3EB0AAF166FA3297388DFEBB6A2ABF1DA272D8CC0EC31F7251C15,827,1170,RGB
1033,page-1033.png,289282,C77808FD4FCBB05923F2E9CBC1611C269BD5F043FE23782A210E61FB057B0D00,827,1170,RGB
1034,page-1034.png,272465,174F133D732307F7D0ABB86B5C0E0DB3047C096067161C739411D5C34B3583B9,827,1170,RGB
1035,page-1035.png,254288,78E6482B74B3CB2FD19D70F5B72991A65082BCC315EF9F1AFA9FCDD7FD58CE23,827,1170,RGB
1036,page-1036.png,310575,B5515A314FB53A87BDEB7B30D7304B7BADD7C132D5F442D6BFF6378E35FA70C8,827,1170,RGB
1037,page-1037.png,296104,AAF42457BFB79499A1DC17A499AEB8C9D807B429B86A26673460D34BEF7AF29A,827,1170,RGB
1038,page-1038.png,246413,761E5841D6D050E24A88D671409E318E5BF0CEC9FF37070A37D2322906A6BA48,827,1170,RGB
1039,page-1039.png,248074,76A904E3A4C387E89D8DDCD75986F358EDABFF5ADEF584EC9BC16D0463043619,827,1170,RGB
1040,page-1040.png,269042,8E59DD53A73C7064312AA66EE0979A5E2CB04F3BDA03E5583ACAD7093AE6DB57,827,1170,RGB
1041,page-1041.png,270837,9AAA328FD514E1E88CA6B92F10B89B00C45AE2121F03A64AE589529184762B41,827,1170,RGB
1042,page-1042.png,255346,E75E293EE293EE1B323AC5D4AE3D4E4E332EB8764718C092636FE6F978F27C65,827,1170,RGB
1043,page-1043.png,227313,672EA9FCC9995BBD16105254058079B09A8017CC8DC3ADAF26D4030EB05709BD,827,1170,RGB
1044,page-1044.png,308569,339621D16425CE15A5CA2E1376878CC1245F8F71AE660C0F039736AC5444874D,827,1170,RGB
1045,page-1045.png,320754,5C7030BFAB69F67B1144A269564C4BD18D76DD026C8EC0591393C8289FBC0CE0,827,1170,RGB
1046,page-1046.png,329651,7D4A24BADFE54204CDF56BD00FE0E0C313FC0FE094F32200FD73725F3BA5E8F5,827,1170,RGB
1047,page-1047.png,284565,A0D315A2B8DD36C5A4DD4A13549DFE2B0366EEFEB74E3AF8E4AC3EA7C2949AC5,827,1170,RGB
1048,page-1048.png,256429,661D563952A2FCB7713C1A567B7FC0DE1128F306C5820DCDF560A05ED5926CB1,827,1170,RGB
1049,page-1049.png,232940,8360B08B65E5067569FC386C3734819B6A72F133951FBDB69E31E79EB9B84251,827,1170,RGB
1050,page-1050.png,178571,6B4650E400D87A45F747E5AEB1524F2CC235A42E199968D13A8E1AE8B0DD79E4,827,1170,RGB
1051,page-1051.png,201278,ABF4A74EF8A63D53A6FF219EDDAFE84CE4864165257D1686578DB3751F7149FB,827,1170,RGB
1052,page-1052.png,226387,1B51805E8A497145160FAA3083B369ADD902F74C0DD0D5423195F7BFE40A9A1B,827,1170,RGB
1053,page-1053.png,224469,497B37A034EB1B00443BE7FD0B41BB50A9310F7248992CC1C6E072A4D7C0AA2E,827,1170,RGB
1054,page-1054.png,235834,9C249D82C8B341C6E3B030492A50B5C3199877024FCD8D1BCEC611ACE4D34636,827,1170,RGB
1055,page-1055.png,246175,F700C0FD6BB6BC495EACF4D84F49FBEF2C297F1022FD1E15343AF2834AFF4FD5,827,1170,RGB
1056,page-1056.png,210338,B0F492D87ECA01C308581AD40AB8484E87EC1DC30344A49E166A80C36A49C7E6,827,1170,RGB
1057,page-1057.png,265775,5DA223858CCF1D03A17236A3D49D590C15FF874B0B6E1D0524BF5BD6B007F9BE,827,1170,RGB
1058,page-1058.png,284610,4AACD794EC4A57CDE960E85E15A1176B6C9B86D801269B2221A5BAED268D484D,827,1170,RGB
1059,page-1059.png,247870,4E455A30A61BE0A9E29CDAF6D051DA68CE226BC12B8403F4228C1D879A47E631,827,1170,RGB
1060,page-1060.png,228609,27B065738CB052BAE4801AF3D98800CFD7C236786507F744189108E958A42BAF,827,1170,RGB
1061,page-1061.png,252286,94A8F8444DF6CD814E59599D1ECC384D67695BF61FCAE0D6F8F474B8BA358A7D,827,1170,RGB
1062,page-1062.png,304132,846F5278BDA951844EFFED011BCDCC330B7FF02AC2CD065F4504FDE7D0719519,827,1170,RGB
1063,page-1063.png,261106,CA52E31137254F85D51D9D20214117837C4F8561C46FF296E0577C4097D737F0,827,1170,RGB
1064,page-1064.png,328478,2AAD3324B2B321B764D15E2BF2E6863CE1A2BDFDCA80DF2B59497B84DB339970,827,1170,RGB
1065,page-1065.png,282180,891758A8D6F10924210D2B6A7DB4610F8378BF49BF46C1D3CC9E87F02E0B1BBF,827,1170,RGB
1066,page-1066.png,203293,18F90E42D3C46F3D4F87C8385149F9786AFEC825A11546EBD3306BB25276144D,827,1170,RGB
1067,page-1067.png,262914,CA66CA0001FEE44874EB87E9B6B3D2CA0E0C16F0919059D06FCA10D5E3B5F159,827,1170,RGB
1068,page-1068.png,370497,DC9E58EFA280AC228F1CF36FCC60BB6A9D2968C42EFCFA9A3F98794E22CA93A3,827,1170,RGB
1069,page-1069.png,275362,523E058EF39FC3D32B3A6A39D65FA8EE64F3FE5F41D6994D44B0F0D6876A8DDF,827,1170,RGB
1070,page-1070.png,314742,2C46342D6B7C08425A91DF0AB4C2C8C6D0052A029E51B65E3E7614BD2543C251,827,1170,RGB
1071,page-1071.png,254503,F57D6089DB03FBC2A0FB9B4B5B564DB6D88EA6639AF6791603CB1551786FE0A2,827,1170,RGB
1072,page-1072.png,190470,BC8D999E101A8652DB072DB1B064939F27F6F1212E4B387B36B6036005A8BD11,827,1170,RGB
1073,page-1073.png,301086,97B5AE5E0924E45013CAF941BB00F2DD3F81AEA9C03E83E59A59BD87FB0E1C06,827,1170,RGB
1074,page-1074.png,285840,EDAB60B9EFEF772B3F512A36C0FC11E55ADB5E913BA70F0B6054D053807CB2A5,827,1170,RGB
1075,page-1075.png,284756,7ED4F993ACCC7C68A0A14356C7EAFD62E6D3B7961FEBF1220DB708243960F255,827,1170,RGB
1076,page-1076.png,272373,F9A7EACA45E8056404B802FDB20BC9ED56425980CFEA8EA7C684FFF64D5535DF,827,1170,RGB
1077,page-1077.png,248813,85733E3225ECB363201256F56987182AA302D94B8E35007D453C9EEA373A7CF1,827,1170,RGB
1078,page-1078.png,256592,6AE26EFD82AF39F705E6F7CF5CAABA9EE65F45BA7674107111845D34088B3B2C,827,1170,RGB
1079,page-1079.png,272960,F5355BCFF94BEF907D0CB63D19A39EA54FEDB582393A9113F4E08E18E6BE3774,827,1170,RGB
1080,page-1080.png,238965,1D0C443A5CE77760C83F757C17419D8334BEC85B7288165EA6D1668A74358FFF,827,1170,RGB
1081,page-1081.png,266661,E51EA77BD8220BBE6ED2CF9094C33220495DA7336C5E994F86FAEDA06E349153,827,1170,RGB
1082,page-1082.png,205183,D21BEC95D27B82654C86207528F681105166B171CD774B3FFD8287A881410CCD,827,1170,RGB
1083,page-1083.png,269138,0891C2895968FEA696BF3CA01EA514B9E1A3506AFA4BA74FD5243A61280EBFA2,827,1170,RGB
1084,page-1084.png,336252,9CC59105BD6BCB83FBD4C2DA5E5925762B7258641BD5A3AD51C1D9BC6E9D83CF,827,1170,RGB
1085,page-1085.png,280702,2227E87B35DBD6B8A069FDD9A37BAA5BAC6FDAD980B0F1044F21BD1C2E415F1B,827,1170,RGB
1086,page-1086.png,347228,529BAE40AF1F5DF4E8784DF4F0FAA7D3813F25242E403E79E66D431DAAC8E2FE,827,1170,RGB
1087,page-1087.png,336899,7EB495D58853CA90326AC22EE1C68AD9724EE303BB42C9706483A69E70AA5D6E,827,1170,RGB
1088,page-1088.png,270132,8BBD8076FF56891231348D257B1FED97920323353F9B72F32B9E3A452E8AAC7D,827,1170,RGB
1089,page-1089.png,303354,EE7AB92307F547BDE2FE78AD31AE7C8C62075DA5F56AA875463B888619FFDDF8,827,1170,RGB
1090,page-1090.png,255204,B84CD776F7AC5E9DF58EA0DB6FD83E90BA530F39674F4F638C3D4A31ED391E75,827,1170,RGB
1091,page-1091.png,272707,800FBA587AEA79D018D321F951D065CD2DA4202664E6F48ADFF148BD8B596530,827,1170,RGB
1092,page-1092.png,350848,2934FD9C64460FFC97C6315304CFD0C02C1983A88F88F9266401CAC327679F04,827,1170,RGB
1093,page-1093.png,275447,53D7A4CDF7E9B933824EA844AAF6129D65E222C54788E0D3563B50E2E66A47E4,827,1170,RGB
1094,page-1094.png,270906,EC56C6AB9E8ABD738F128EBBE0FFF3BE3C8123BA5F40AC2F7A65A99DCF2F5C97,827,1170,RGB
1095,page-1095.png,265222,54ED6ADC5D0C0BC1F96939F377742A870D94EF9F3284B7372924220DED54767D,827,1170,RGB
1096,page-1096.png,310396,7F9B3031E53127881B4E9AEB2F0EB0647CBEE99834F61C877A1459336FE12278,827,1170,RGB
1097,page-1097.png,309136,45F81D1252E48CF7866D8EB1964BE11228A66DA61B072211D7312D8C8AA69F4D,827,1170,RGB
1098,page-1098.png,280540,86AAE42DCB326B6BDF34C85751C439FCD1FCCD7C74C88E97668721BD9FDD5815,827,1170,RGB
1099,page-1099.png,257828,32EF594C3E4F64A337E29A2757FA2A6E77EA336299F34F0EC2D2B1F2D159AD89,827,1170,RGB
1100,page-1100.png,239071,F504E3B028FADCE7D22333FA5F4C9397EBED74178AAE353EC2AEA45E1367A1DB,827,1170,RGB
1101,page-1101.png,297006,BF266698DACFDFC570DDF6D54A875F93001A245B705FA7F488C4E6139C93BD70,827,1170,RGB
1102,page-1102.png,306957,5FF5CB475A000FD6FE96572A9BC4A5E303DED04257CB244531F5FCAC39F0BD7B,827,1170,RGB
1103,page-1103.png,297111,5801E7711F746CDE140DDDD6C4BAD3DEDE64331D7CE7552E8444ECDCCF89573A,827,1170,RGB
1104,page-1104.png,339944,B8BDDEA57630329B5F357691F967C93BAB593CC0E3B5AD1CE855AFE9EA91C624,827,1170,RGB
1105,page-1105.png,282426,B906428207ABFADA213B192FEBFB4693D4A01401BA45A76D0CCDFF31AFFD9C45,827,1170,RGB
1106,page-1106.png,291686,309D7761B64C3E22F82847A3457601FF875825E7B2C0824B4B39CF632F121909,827,1170,RGB
1107,page-1107.png,271805,54B5610BA1237D5217BF06AB2E86A3D8787889F879BCF42AD9AFF5F76E8A6098,827,1170,RGB
1108,page-1108.png,221474,782406E4CA70911E02B0DD17F5ECEBDBA83B1FDF2E64B5AB97BC2590CDE0433C,827,1170,RGB
1109,page-1109.png,247196,755CCB850FE67CE77C7345FE8148A8688FA9FAE684638F3F38505E3D88D11308,827,1170,RGB
1110,page-1110.png,271879,6A9D1E03E72958F6C6ED2DFAD069A68684AE350595E652C672A1F3ACD8F3F810,827,1170,RGB
1111,page-1111.png,261065,46B6E46997ECA350D9295E0C02C53469A1A3150142E6D2C7378B6A86ED6A75F2,827,1170,RGB
1112,page-1112.png,250378,4C38AADF37A42A143D7CF0C17776DCD6996B480F74AE1E36ECA69ED1A1DA2979,827,1170,RGB
1113,page-1113.png,269412,E5677D8B106EF3C07CEEEDD45284C4C2D9C72A57B4664754B7835A81400F911E,827,1170,RGB
1114,page-1114.png,254787,7DC17801D552E0B2EFD9A31050AB4F207B1171A09A20B6B0BAA9788F49FD84C9,827,1170,RGB
1115,page-1115.png,207107,31A8944AA83BB6E226D327C5291F0B5488B5CBE4B11E265DEA082960F4D64E69,827,1170,RGB
1116,page-1116.png,268244,ABCDCAAE173051DBE077212641746B59CC653D8B6DC9FD7D67F1A17409D8D770,827,1170,RGB
1117,page-1117.png,213627,2071AAEF16C832A50948ADEB18C907010D8C0D07C8F6C3DD5DF2ED51146D5A16,827,1170,RGB
1118,page-1118.png,235112,7062A4E9AC7216A05DC58B5AC1F73C6668F2062F6A732EAEF347CFAF8FF29233,827,1170,RGB
1119,page-1119.png,265256,DB93811CD14886E9FC83CAA90768693B6A32D5153F07DE4DD2EEA9EE977DFEF6,827,1170,RGB
1120,page-1120.png,240861,234D813E3B722A743137A6ED7A605F635FA36B2FF2A419A1027E8198D774A2CD,827,1170,RGB
1121,page-1121.png,231108,E691FA40166667213397AB230C6FDAD02CC5598F4797E6117CB18866857F0092,827,1170,RGB
1122,page-1122.png,273564,ED50597D16D325097E90A0F76B60F5A4F102005FD4C808A5DC3602592AD5FA21,827,1170,RGB
1123,page-1123.png,297340,636DA904B8A03E6F6EC6D8851596DC1126E693F14D67E71F17F771255CB962D1,827,1170,RGB
1124,page-1124.png,310873,775008D10AB533F226546E65DDA5664B36CFBC270329725A7C3620A91CE7A144,827,1170,RGB
1125,page-1125.png,236760,7BBEBCD0062F8C96D2BA8FF1CAE18636BFA98BD6D3F382B75E6B7FE75EA989D6,827,1170,RGB
1126,page-1126.png,340951,B0813266D45B96849CDD4A87D4FFFAA1960F97643C67555F61C20B4EE4742DEE,827,1170,RGB
1127,page-1127.png,347709,6993FAEC6F7ABEDE47BA1D1C1261E8E42A2BED9DE5D8A19B0EB36725D30A44EF,827,1170,RGB
1128,page-1128.png,297038,D907FCCBB50BA659F28F7DBBE0ADDC43ECD5CA8EE13D0006553728A8F74D50E2,827,1170,RGB
1129,page-1129.png,316047,CEC1E8287D8A2D931BEF931A80E6BBC744AA31363B09433E021A8979C2A17D89,827,1170,RGB
1130,page-1130.png,273740,176D88805BC392F8E22A7AAE1D17BF68C6FEA3C91F86877EFF8AD6FC13FEC626,827,1170,RGB
1131,page-1131.png,298769,B0FA1028D06CF6FC2D7AAB73C4DF75DE1756C7AF7E25F0BC34158F97FA0AA670,827,1170,RGB
1132,page-1132.png,280985,BDC1B4E1A1C013F1E89E72B70B18D3C658877204AD4696B02351522D6590FDBB,827,1170,RGB
1133,page-1133.png,335769,C364A85F08AFA2C4C210125B2BADA9EC7D4A9B4C0C61A69D713417D81EEC5428,827,1170,RGB
1134,page-1134.png,283785,639502D8E9DFAEE7A74E27FD5A8F97686BF1E3C7B2A74E6E4930466DF0F26104,827,1170,RGB
1135,page-1135.png,245101,ECC39EEE63C4D1791B4F4E8027B44AF3A379504F77C5D8147A156323C691ED93,827,1170,RGB
1136,page-1136.png,234671,E13E607A5CD2A5E5B011B62BB603722991A437504C1FC8B9B2F5E3CBA70CA76B,827,1170,RGB
1137,page-1137.png,304534,38175FF8F6608DF044F092408C3AE444576CE96FF91C9107E2B35C80838119CD,827,1170,RGB
1138,page-1138.png,296601,07657C2283446DB1B9F816F0E480EE1B54F25C1116E4EF18EA6BEB61629626F0,827,1170,RGB
1139,page-1139.png,215629,DDF4E0811FC797666693C1574D2597E64D80BF513EF0EB953406C0D3A46B1CA3,827,1170,RGB
1140,page-1140.png,211604,3707B0041F61574DE46761D0004BADEB99339226689C9601961BB9FA614BB4DD,827,1170,RGB
1141,page-1141.png,198070,A46AF0D47EEA3B1752323B0EFD8EA5D8BE55893676158769290C57B14721EDAF,827,1170,RGB
1142,page-1142.png,211866,0722F507DA865EC21BACE714DE22AA2F7C9CC781D05904FA21F797888AD8CBFF,827,1170,RGB
1143,page-1143.png,262327,717BF5F312CC96C575E6DDA5B2CBF1D43326673734BDCC75AB0E8C85720A297D,827,1170,RGB
1144,page-1144.png,253266,1AF9DB28F2B8F16B672428EE7CC81EBB5324DD3E220B84ABFC40590A4629800D,827,1170,RGB
1145,page-1145.png,197313,B8B5BD46AEC99FC1B8F3B0FDE5495D3351B1E45F2326A71EEEEB17B60A94D5C9,827,1170,RGB
1146,page-1146.png,233143,C4D6BE1B42324FFA02E7BC7F57E5DF504EDC33A82A85B66ED46DE4126F3521FF,827,1170,RGB
1147,page-1147.png,217069,925DE3741DDCE8F350AC5A6EA4CD11A0064AACAC4E4C14270311A6ABCAF3C1A4,827,1170,RGB
1148,page-1148.png,279082,FD2740F37B2A9ED34FD430CD9BC584AE9FAF5E7E20EF1AC70744C945D9766484,827,1170,RGB
1149,page-1149.png,326261,5321C186B419D9668FB9F2E5AF0659F4F2200BA1BD0F18168836820AFD08C548,827,1170,RGB
1150,page-1150.png,295296,2D055EDF0130E6273A9CE079E3CE18CF5BBBB2C1358197E2FCCE9D56787EEBA5,827,1170,RGB
1151,page-1151.png,289679,D09BDB0656D7949841F8FA948C07F7C8A50A1A0907BD12A0FA54801AE70306B6,827,1170,RGB
1152,page-1152.png,326523,3092D5CFEF25A1435B26A27556BC710BBA327EFE0D7AC984F5598EDA116D5B12,827,1170,RGB
1153,page-1153.png,346976,BF6DE4A8053399286E2F3C546F6D74B556748679AFD64023941A9270A94B08FA,827,1170,RGB
1154,page-1154.png,285334,B2E4B5B489F89E6A360FDFEDB7388FFE8E07E2961AC4F1E589DC4CD0437846EB,827,1170,RGB
1155,page-1155.png,266903,CE4B69EBF35743010C5382A6F75E34F84116E01836965DEC6E0410FABEB1D1DC,827,1170,RGB
1156,page-1156.png,309739,9ADB3AC6362CB9D63F97EFEDA35C9363D4B019D87BEF7D8876CF641499C60996,827,1170,RGB
1157,page-1157.png,340510,40DD8CA7DDE836348768672DF0986445AF89A92215F55A95A3103C7DDE81904E,827,1170,RGB
1158,page-1158.png,277575,858FC2DDE614628E58B2C8B253E580987247E15C49C5D11847F3FCDF7AAE0D3B,827,1170,RGB
1159,page-1159.png,251602,CE36E3CCF25449713FD814248E306419F5D456862A00AA99FA7AD44A45FF9826,827,1170,RGB
1160,page-1160.png,307316,40EA416A9D3027652E6FC8C73747D18469BC981145C109E82F9971220E8C4105,827,1170,RGB
1161,page-1161.png,241285,AE9BB564197CEF41209BEAEBC70076C1393B723255D54305D53A5A1E3C83A17C,827,1170,RGB
1162,page-1162.png,258139,27FE4A16C3C14A55925D70B97C781FAA6170CB152EA3671C45DD853D202BF965,827,1170,RGB
1163,page-1163.png,338562,11EFA2897DD8FC9E2DA39947A3E64A75C2CE9508D4AD0C569E72124DE506A1A9,827,1170,RGB
1164,page-1164.png,263565,F7295F66E94B539ED8A544D9479CE21FE6054CFE350F5AC8659D9D254EC389D3,827,1170,RGB
1165,page-1165.png,242721,4058FBD7B4904757FB78554C5AFD0965FD08EF876F1D143B687E9E18F2940DBC,827,1170,RGB
1166,page-1166.png,246381,5388C27E553153D66B615FCAFD941E1827A7698C4B514C0112399B7A1251D78E,827,1170,RGB
1167,page-1167.png,322694,4B9F71D9F0FB7232AFC18C3C1DC096B95C959B71DAB09431E61F0C0C50EA294F,827,1170,RGB
1168,page-1168.png,257248,4A57681E18DEF9831EAD86DEA59CEB5A2645EB9A575056ECD9497C526E5C7596,827,1170,RGB
1169,page-1169.png,293146,67BC6E4919EC0A838C07044DF111FB18B6C62F48634D60BAC6133F4B6A868D49,827,1170,RGB
1170,page-1170.png,299084,EB40D07EE8613A7E7DFAA515404C3F4738CFB433B831C1F0736E01C7E6094797,827,1170,RGB
1171,page-1171.png,334191,1FCF0852EBEBC45B70B230A6E98CF1974E78C1D3E8D041B9CB6E009053E4E834,827,1170,RGB
1172,page-1172.png,308639,0A3ABE6CF33BEED3AA149D0116EFCBB3A69F706C7DFC32837E58C9C7B69DE79A,827,1170,RGB
1173,page-1173.png,310522,1C97F847258939A0C7C2E915DA4226972AB70A899797DD21823E0F1E32C57FDD,827,1170,RGB
1174,page-1174.png,333169,E0880ED2035134EF69352A1C192E02EA4DDB55B2B7145B14F05C00C84AC39095,827,1170,RGB
1175,page-1175.png,308987,D2E0FAE5EA3756C4D09CFE556A649124953B5B08B0B8D3C33C9292B0F561270C,827,1170,RGB
1176,page-1176.png,267393,C57D1AE3A973A5A6763A8EF73DDA5A71C3B9933800D4BC1FE29EBC09F140759B,827,1170,RGB
1177,page-1177.png,257698,DD7AD25AA1EBFB1EB4A603E26B3D091B3876E93C4C8059260A6DBA8B253418C3,827,1170,RGB
1178,page-1178.png,301285,E31CCB5A3E4A8899160D74A1E0A0F38E0D8C8935BCD63416B1D4B5D4DB448CEB,827,1170,RGB
1179,page-1179.png,241510,A80EA210B4C110CFEAA64327624B4700F1691543D063D47BDFCCECB42C835DCC,827,1170,RGB
1180,page-1180.png,283905,34D684956F3C6EC36B41489944BD4751A0B8A4D1DB582D577216F6EB545B44A1,827,1170,RGB
1181,page-1181.png,244291,7E1FEF71A20467E06DFC326AD39BA35415A5E28590BE498A72378CDE6971E3B0,827,1170,RGB
1182,page-1182.png,229303,2997B75748A2C5B53179A5AAB6606C63A9BFBFBAD1F5884003DA26A9EAF4BF2E,827,1170,RGB
1183,page-1183.png,238349,356CCD1313E769496223E4106791FC8F96A23037B2BE6B7B8922B6B4BED36753,827,1170,RGB
1184,page-1184.png,287294,1E72442DB975761BC7B5F46DB2FA0FE7958283A24C37D57CEDF2B3173F974836,827,1170,RGB
1185,page-1185.png,285723,931BB1284F9B22C659CC32C63C7A0CEB3679CA1E92655B2F72B9F80CFDFF7626,827,1170,RGB
1186,page-1186.png,253426,48A41ADE343939D01C30E6BB29115D3F0A273275910040052F7ABD32D1162D9D,827,1170,RGB
1187,page-1187.png,223070,6813D8BE17975B31D38FBA6ACE78B5C896A2F4883FE89490021EA9C9D167B824,827,1170,RGB
1188,page-1188.png,244235,64F75B0A62A69ABC066BBCB35662C477E7B2BA55CBE2E32D2A9604402AFDFBEC,827,1170,RGB
1189,page-1189.png,212037,69C9B0525D9B8BC7027DE0C66E934983A409D3FFAD75373C864BA602E47999DA,827,1170,RGB
1190,page-1190.png,329970,403CEA2E909BC0ABF73589DA394F19BE4E0C209273A547B54CFC8BC3B349B02B,827,1170,RGB
1191,page-1191.png,303782,C59B653B7FAE9260C2F4F653D104E65E67042144D0F1317AB713813603E0600A,827,1170,RGB
1192,page-1192.png,243698,32B1B45698D3FB413268EF820DBF68F794BCC1E6D3379BE03A223240CCAB716C,827,1170,RGB
1193,page-1193.png,245179,FA3DC053289C423BBAD950DD3BEE4755F61B4E1D00D1A4A0E8D0B4E3681DC27E,827,1170,RGB
1194,page-1194.png,276978,1D482AF306B221B5C34D66C8105A830588C94E783A5F2BDB302434ADE4B474FA,827,1170,RGB
1195,page-1195.png,266068,BB4F5BF0470CB9441BB9D2C16D3526834B69F1278AC76A0C151FD49CF380EE83,827,1170,RGB
1196,page-1196.png,293058,6856E89D3F2242041697E71865E3F3DE06DC87E05F46DE7BB0E092E1107D671E,827,1170,RGB
1197,page-1197.png,317331,3626894CB4399AB9B4EB808D8251B2DE43A4DA237BECA6BE302380632C0169D5,827,1170,RGB
1198,page-1198.png,310678,87E9D8505C0B46012D4862EBB1C4EE018671002CBDFA1B2038BB81C24EFCE587,827,1170,RGB
1199,page-1199.png,262792,C3268F7377F488C3B6577C73E7741110A5C65EA0E6D8D0626BDF7C56CB4BADE5,827,1170,RGB
1200,page-1200.png,308850,E2F5DF06B5592D0FBF0DE12848D3C4A7E4C0829AEEC7F87717FBA43F175A87E4,827,1170,RGB
1201,page-1201.png,268570,F42C70FAD0BA1AC4FDE04E9B034174AF7339FAEC1C0CA74A9B7954B6851194BE,827,1170,RGB
1202,page-1202.png,239034,D22C2FA6CF7DCD7FCF2005BB184A66676E30B5A86E2AD0CBA03D39382AAD432A,827,1170,RGB
1203,page-1203.png,314246,7AF32CC81450758B8E0A0F237EE873BB201B47623F797CB321F4B76761F51991,827,1170,RGB
1204,page-1204.png,263518,DEC28FC3D45F830B99A480354C61B17C9FE306380AC285E0007BCC3301D31D5B,827,1170,RGB
1205,page-1205.png,245514,9B9B91EB5D6395FBA794FF8F5D1F537EEE12483720C50AFC96586F90ED91A351,827,1170,RGB
1206,page-1206.png,272584,AA179B0A2D1A9333810D6C812DC20468B1CD2C72C2A55BE37D966F2F95711B37,827,1170,RGB
1207,page-1207.png,263413,EE4A18BF5FEA21BF6E9057782409FDDD8BC6E05B5F98751A45E38370B26F73F5,827,1170,RGB
1208,page-1208.png,248957,E44CD1128E994D60FAC9B6AC5622B9D0CDBFCA2757C109795D76783CBEC588B2,827,1170,RGB
1209,page-1209.png,318083,D7A893236189F716ED8A7B89494767D38847E62E26EEED481CF6A9AC699CB31B,827,1170,RGB
1210,page-1210.png,310871,665BD4BD8F08B601F3EC0635BB6ADEA8E9281D54D68985D22E5DB14B9340014D,827,1170,RGB
1211,page-1211.png,239663,D42C278226CEAB0016C332158B38BF865E94A89741DAFA990BFAD99F7A46DCDC,827,1170,RGB
1212,page-1212.png,227445,53CCCD93004829E822A0C76147462C064ACC8B6576483A04CE4BE516DCDEF210,827,1170,RGB
1213,page-1213.png,179649,349762906F4E250D3086D797F57F006223E7068EF5FBA9B22CA4131D016D89E2,827,1170,RGB
1214,page-1214.png,286384,80D12374358F65E91C63F06653CFDCB57E564B716809E191C402460940001006,827,1170,RGB
1215,page-1215.png,308680,DD5A471FE091944A6D4BD3EE90A4EB7CD7E4DB1B9EFE1F70A52CDD96C82DAB8B,827,1170,RGB
1216,page-1216.png,326960,7D5CDD35FBA80B093DF6CE35D89962D8AC7827863D80F124CAFEB9D4DB137CEB,827,1170,RGB
1217,page-1217.png,283818,749307D9632BDFB13FC871C5C3A623A948733A64BFFE90B08EDB29529BDD64ED,827,1170,RGB
1218,page-1218.png,230318,D5304FE16221F8604419FCF3EABAE000E94D2B3AA6AA2CCF373ECF63774E4745,827,1170,RGB
1219,page-1219.png,202934,AEB1B3D7303B447CF54133A99A44C34B956B001FDDB6607C2B5A69C155296287,827,1170,RGB
1220,page-1220.png,262355,C76236DB514075EBD84F247431D419DBDF4117ECADD17415C0708C8F90830F7C,827,1170,RGB
1221,page-1221.png,222566,82BEFFAC998D81AC4CE59B577EBE97CC71C11D619E5525CEA4FA59A015339B31,827,1170,RGB
1222,page-1222.png,302207,10D07087B9564FD453AB391628EAFB8B0625F19D51BA55A969AC6941620612CB,827,1170,RGB
1223,page-1223.png,292153,E2E1D7D51D84B09CCC26F1DB733A9A8F22D7C2FC5A16EF33D7E8683BE2FA9C4C,827,1170,RGB
1224,page-1224.png,276717,3DAFED1EFFF41F0F0BC160E5D3A9322C94929CA001815FABCA34097EB0C286A7,827,1170,RGB
1225,page-1225.png,309989,320C343B7B960579300ABDF2EAAB819B7FDB83DE626D97C9C34F244235254DCB,827,1170,RGB
1226,page-1226.png,235786,6C1AB2138B60DC99E5773F644D6111615F7190796320334640827A2F10364113,827,1170,RGB
1227,page-1227.png,251242,F33EEA9707499F771448406218F4A17E21572CE86FD98A42AC11A0BAD672CF8E,827,1170,RGB
1228,page-1228.png,205122,B58327B0C54D8D9925479E32B5DAFFA7C569B441272D2CD309E5E5A57E310FDE,827,1170,RGB
1229,page-1229.png,247183,AC2E162E8DDEBFBC6A21213DBFF8CF84D53C688AE51CE3505295F432BE41F1F1,827,1170,RGB
1230,page-1230.png,298431,3614F72B71667B6BECF0CCC06181AABE65D7DD0B988A5DF60E6DE09747F08232,827,1170,RGB
1231,page-1231.png,267714,7824DA0A8FFFCF4773C76836C98E1B92E2EA7179947D4ED02E96127A002F6990,827,1170,RGB
1232,page-1232.png,178952,DE9633C3868A8CA2C852C0820F65555E8883AE65DA51D13B94C2257BEF55DFDC,827,1170,RGB
1233,page-1233.png,183950,D00F869C472F151C338DF0C9507292BE685E987A5D7049C2D8FBCF10624D21F1,827,1170,RGB
1234,page-1234.png,220475,9D50E163B740B4936B3E8838973F4BB42D75F43BECF00FB0B046E46C04091D62,827,1170,RGB
1235,page-1235.png,220431,CA3B48A2209356E3A0A610C5C7CEFA51A6B86ADE1137C92849B90EEB0D851BC1,827,1170,RGB
1236,page-1236.png,263360,A5374B26D90B1F24A045992ED32C117873B62EA0E4FF5B0696255522DFA58370,827,1170,RGB
1237,page-1237.png,240618,5B4F71E7DBB13F4F90D1557BFA2DCE5EEEF7D5ED1CC90F56FDB2AC81FFC4DA02,827,1170,RGB
1238,page-1238.png,274831,1BBF963D511D7BBE98F0F0C5A94F0AAA6CF0F880D54C226868F4B67ADD0F869D,827,1170,RGB
1239,page-1239.png,245447,D8BDF5F1D271BBEA7406541C0AF3DCD64467419F1DB6E84D79C585FC6CE31DEA,827,1170,RGB
1240,page-1240.png,239830,CDF7CF49E4DECB5D0E805BF379D7183D91A4DF26172648B1E489CB6197E4D8D0,827,1170,RGB
1241,page-1241.png,267741,B5C4E661F613F1A593F02AA605FE5F61E54CD0A8DC601297900729B5449CB31E,827,1170,RGB
1242,page-1242.png,254753,1CA8BE7ED08E5E3898852C7087BB830137D9C2A6B9A1BFC7C5D42099DA643CB1,827,1170,RGB
1243,page-1243.png,308204,C116B164CAE16CEAD53FEC7C217731853B2DFF47E85E46A1996AEF2E4A74BD65,827,1170,RGB
1244,page-1244.png,331753,2EC95C4D9B6C37BEC8261116B1D3392870888C5670B196FC986F8416C7F8F622,827,1170,RGB
1245,page-1245.png,290586,B982AEED3F4F1A5A835F0A309FF4136756A2E876D178DA8456321A35F6E7D80A,827,1170,RGB
1246,page-1246.png,338470,A2D39BE82EC547F05064F276047FD97759B32ED45867A1B2D3BB62FBC666E405,827,1170,RGB
1247,page-1247.png,265761,6F19FEF8C1F1615AC33F5BB9803E7303C2EF0880825108A706E4A8DB77D27176,827,1170,RGB
1248,page-1248.png,347935,E7E44295CD3E55BDAFF9487D09932A4B41CFF118C41B9D686F2CE7A06A833F22,827,1170,RGB
1249,page-1249.png,331739,6A087FB4848A4A2971C59754B9B52C9C2EBBE52F72EB72384976F1E6ECA6A249,827,1170,RGB
1250,page-1250.png,364170,E4B9FE3480A9E8937BB3602B2124B9233816C8D3C7F91F3E8B0EEB10DB62E748,827,1170,RGB
1251,page-1251.png,326791,D064FD9149E436866640E36590828ECA00E54AF479F3349E624A18473AF5B056,827,1170,RGB
1252,page-1252.png,413705,57AC17950BC4BC170A96C72014487F97BFD1EF99CD8A5326CC1B6B9B0AF75886,827,1170,RGB
1253,page-1253.png,365608,EAF7699D1026B60D466C4E376134D1FF2A1B173CA8B33772BF4C4E96F1E732D0,827,1170,RGB
1254,page-1254.png,294832,4F4DAEED261308B07ABCE3F16A5929921F4EEC549872781D4ABC265EB4AC14E1,827,1170,RGB
1255,page-1255.png,340826,DCAE874BF3BD310C8AAACA33EE0B8864B43C593EFACF37FAA7FC1ACA7C22EEF6,827,1170,RGB
1256,page-1256.png,355460,4A0D9B65339BF263F31BE7664EF54C14ED0711F37D36A2AC7E709A49AFF599D8,827,1170,RGB
1257,page-1257.png,293043,A3B84F5D4827EB9D2044EA1F14E62FD04D7DCC62602E98BAE8AC90C3434FED4B,827,1170,RGB
1258,page-1258.png,319429,C6657861D1AE48BDBEE41E78F190E1D099A07D57F8BD9DE65C37F6515A778836,827,1170,RGB
1259,page-1259.png,284034,FB6739BE68E324625F8A0C08C8299DAFCA31959145B3FA5549F056FD65522AC4,827,1170,RGB
1260,page-1260.png,360890,BF1AAF26DE0BE007346741DB30F83373B7F57A13D329D679DA6BE8137D16E324,827,1170,RGB
1261,page-1261.png,321278,FB7F93AF165B4C25341A99F406D37819FC41816FA8C05E5FBEF022FDD4623B38,827,1170,RGB
1262,page-1262.png,264882,9F39EC900BFABA250931E1FA8CAB3A1C55E4A5A93965CAA7C8C98DF0DACEB7B9,827,1170,RGB
1263,page-1263.png,316715,C354D60872B6F77B4B064BFD2FD7FE5E8780AA14B05DB8522303BF0992D1F3E3,827,1170,RGB
1264,page-1264.png,267849,BBD12D23D78922F995916C238374248722E5C5C2E155FC0D1A93596F4715913A,827,1170,RGB
1265,page-1265.png,261286,93947A9094241DA5C9CA7A78DA304F0F9157553ABEFB0E54B88363E554D9BC66,827,1170,RGB
1266,page-1266.png,273811,9CC8FE5F880CFD263792AC6FAE0C9B29635DAFB7D680D2702BB2D0AB85AE84A1,827,1170,RGB
1267,page-1267.png,288214,BCECC98617C1C75EE154C8FD761361331906D324041B349FBDCDEC9D58F1C552,827,1170,RGB
1268,page-1268.png,279740,A6B4F8D6D02FC26D0C94163EDB3DE2FBFA5817EEA898D1077FD7733606E750E9,827,1170,RGB
1269,page-1269.png,266167,483A3866FC4DC6643BFAA0138BA1F2E9025F41512C85017E5D65CC6CB8F1D67C,827,1170,RGB
1270,page-1270.png,325201,4D4F392CFF4E65E0DE0F64FF0DB7270A0A020DFA3D7D400DD741BF9283179171,827,1170,RGB
1271,page-1271.png,308036,4122DDED4764F8FF5399E1EFBAA007168373F75B66EEF692CF7B77A770941BBB,827,1170,RGB
1272,page-1272.png,314094,C8DD981CF806E468D99BD421ECCE4E0919BAD062CDE1F3483B76E021981D5502,827,1170,RGB
1273,page-1273.png,286805,288BEDEF3110A6EF44989A9A169DEA954C1F8B8C58E0AF6A1D4858882B39AB3A,827,1170,RGB
1274,page-1274.png,292468,C6B4D0F2BCF9A60E394C650E0632EBE57FC52F6D0309B2FB04A2706F00C5F445,827,1170,RGB
1275,page-1275.png,331758,75405EC162C50641B472ABA9B2CF5753CFE3C19C155AC21DE3853C2FC0DBC691,827,1170,RGB
1276,page-1276.png,303711,66F03761F99F8A93EFB1B147D246188FAA2B1AF7AEE792054E53178682479B6D,827,1170,RGB
1277,page-1277.png,283899,F491DE0D3AD5D5277F5A2D1BB7FF93814232C50BE2800345B910C5311627D8D8,827,1170,RGB
1278,page-1278.png,227626,75D255822B60F7F664D904113F3031D916B81C31284EB526136A46DF6CC952BE,827,1170,RGB
1279,page-1279.png,317407,3BB832FA0D98D0E7E560D368138B112003AD36398CA4D033E63191827D94C999,827,1170,RGB
1280,page-1280.png,280815,D5B0E73FE316DD2D98C2788AEBB432FA38B0E224EE734E1A4A992EF05F595778,827,1170,RGB
1281,page-1281.png,260474,744358BA894E784BC9A74D3859009148219BD29CFEDE7D6DA6D620479DD07FF3,827,1170,RGB
1282,page-1282.png,299243,C4A9DFC8F362E5D474864466C30EE5A5ED4ED696988803F4FBB4C95209372166,827,1170,RGB
1283,page-1283.png,343007,17E6F84236D4ADFAE9C126F928D07B5991ADB79CD6DB96D742B67950AC27DCA4,827,1170,RGB
1284,page-1284.png,375611,C26FF1F6538BCE10E80BD43AEF46B2E4DD7AFD564C434EA0F25D102AFDFF1B16,827,1170,RGB
1285,page-1285.png,244991,9C4EA85C45FB1BE712EA01B346716B22DF106CBA70A03F56C47A9AD81864CBF5,827,1170,RGB
1286,page-1286.png,287368,2C7764D97EC05EF651C9C24FB4399EAE310AB76D128255407EDE0D0E87789D98,827,1170,RGB
1287,page-1287.png,339386,B8AA2F6F92480277D6E68EF6C5181B9ABDCA916FA6C838434D34531415E108B1,827,1170,RGB
1288,page-1288.png,259655,FE01242BF9D18D1A85AFE4ED4D6226BFBFC4755B28C1FE7FE88B570888F58D78,827,1170,RGB
1289,page-1289.png,312825,7BA23694F1B0CC08196AFAECB5BDBEBEB7CCE2D6BF32AB0BC1A5B1E52A183408,827,1170,RGB
1290,page-1290.png,195994,F4C964E71AA52A23B31F1209AF07C37777A65B28381DCA1EB4DF09B4B74BB5F4,827,1170,RGB
1291,page-1291.png,253777,E2AD42A62A95F5B56DC87218FF6993378FCF8283693EF6EE4C81528CF85704B0,827,1170,RGB
1292,page-1292.png,226077,465D61F419F6C10849DFC96813EF268308D4F26AEA73587A313E0C27C297B056,827,1170,RGB
1293,page-1293.png,277190,3A675E8AEB918072D14FA485F8041C3554B4C9F181EEC38E1FA211AA325F29FF,827,1170,RGB
1294,page-1294.png,327501,F058D409AD2A49255A246637C97C65E6B136DDDEFEB63B8AF7E65AE407039CC2,827,1170,RGB
1295,page-1295.png,220867,71DEB9F41A854A1920C1608BD55F1F47FA756F3D5E59601CB95F20E69317C506,827,1170,RGB
1296,page-1296.png,259341,297A8711AFE473CFFF1A9203C073A06696D9842A35654590C68084AE50A0D504,827,1170,RGB
1297,page-1297.png,170384,DCF1356AC1E88EAF0DF376C6487367658D6D1CE6CECF353CDD754366215B7335,827,1170,RGB
1298,page-1298.png,220569,412F574D3AA195F63230FE4BD5A455D545A0717A1624292ECF81523A9C0ADEBD,827,1170,RGB
1299,page-1299.png,323740,F34AE9B79657DC88C8D6950597AAC4D4888A46F1E99D0754F00856FA4D59C2F5,827,1170,RGB
1300,page-1300.png,299750,4BE0F1BC9AF1A52C32ABE48254F6DA044ACEB17FB788AD30F8C96235B751B3A9,827,1170,RGB
1301,page-1301.png,309479,242F689C84068DDD47CAD40080125824109FB90C22DB697A068500C8182E976D,827,1170,RGB
1302,page-1302.png,276127,3597FF38C2D57C10E199BBEA42A62EAEF7F63928F7E245EE7A5136AB043EB325,827,1170,RGB
1303,page-1303.png,289198,8BA974E89788D5F9828CC8664070234962180B9472AA883D2180AC1BE1EA2823,827,1170,RGB
1304,page-1304.png,277343,A02AE507C2E962689597AB9E03F26D1B3FE4503B1B070D29AAF159023675FC8F,827,1170,RGB
1305,page-1305.png,317169,2A025063187DAEC2A75452B437BF653A0D8433DA6BFB091A8BDE3720700DFB66,827,1170,RGB
1306,page-1306.png,274591,36C37265B26280A41090E0D53EEAF1C8D26B5AA4125275E22361018DE51F8675,827,1170,RGB
1307,page-1307.png,310783,099644FA9F9FE20D61B1C31C7BB6BFEB825012FFC49C920607610E61F50D769C,827,1170,RGB
1308,page-1308.png,282527,8A04B2865AA4DCB39BD23219FAE88E723BC71039833CE113C121A1D0685D7E14,827,1170,RGB
1309,page-1309.png,283815,33DFDD8912C95C112D94FAA8213859DE3E22B3101C1677C1920C122E0BCEF3AB,827,1170,RGB
1310,page-1310.png,282447,DD242892A1EC2F6EC7F441BCE0A1E493FADFCC9876BECFD31EB49E2126F2562F,827,1170,RGB
1311,page-1311.png,295219,38912E78A922D2E725909C615F77B2B7FD7E4B89338C04587395B16C16E98892,827,1170,RGB
1312,page-1312.png,293627,0FEFA9F505CC0498E03D1513D30D2B8E433C2583AE5E50FA55328A5038754E53,827,1170,RGB
1313,page-1313.png,183184,302C509EDDEB42E1AA9409DB860F05B6D521B2B2204189CDFED8E7F6D0D2BBAD,827,1170,RGB
1314,page-1314.png,314155,F4CFFEA2009ABB157B6EAC03A7725C7EC347C261118199FF166F234DFE611C0A,827,1170,RGB
1315,page-1315.png,286030,1B7272659B7CCF2403516DAE8FF8EFA799666D98C51A70A7591504FBBFECE4F2,827,1170,RGB
1316,page-1316.png,299991,7FD72CA537ACA6DBBD92BAD5068EE42683FCD1A1F9E098BCE2467BC127A7D1D7,827,1170,RGB
1317,page-1317.png,309335,C71771EC71C51A4C8A784C6771B9DECC4F7EA981CD2443986DA099E5FE16B404,827,1170,RGB
1318,page-1318.png,271568,B5770EB6CA82AA03BCC18FCC6CCDF4B931F98F37BA0BF81D5ABFC88E2889D9BA,827,1170,RGB
1319,page-1319.png,265364,FAC754CB9332F302E0ECE6255D1E0006FFE6F8CE2F4E5A8472C4AF3CFE1F1F45,827,1170,RGB
1320,page-1320.png,264822,7EC7E1C09CB36EB48688B91A566A0B10BE9543917C13DA19C7967108A0060A77,827,1170,RGB
1321,page-1321.png,316007,2FB710E0F74BACFFE7F6AC67D7E34EA1F10B5A3076AD1B1923A2DF2A17C12E4D,827,1170,RGB
1322,page-1322.png,272976,ABD7BCE3DDF0332DD07F4795382056040A09ABEB932F87658271DDB22044CAC3,827,1170,RGB
1323,page-1323.png,275811,F32630064E59BF97A4D85C778178FCCE567BE4F4900EB6BB8C84772CD327EA01,827,1170,RGB
1324,page-1324.png,235210,F8C3919A4EA67310091BBB0D9411F8C6491619FA9DA9231854E8B300A0AAD322,827,1170,RGB
1325,page-1325.png,212406,1B2F3FD2665D3795873C111A2F6558ADFFE344FBAB46AEFAA028DFAB49C8B8D5,827,1170,RGB
1326,page-1326.png,252523,4D910DDBA1E83A9B71423DD10C249DAB2D03B71C0B71EF2A99E1B2142FE5AA1E,827,1170,RGB
1327,page-1327.png,225457,F838EF8E7DA8743510D0E266CE51AD7D6903F2D574271769D333F6C1A1EC3BAB,827,1170,RGB
1328,page-1328.png,263152,E18568AB267B69574337FDE3A171C65F6EB24C0249AE117BA96D7654848E5623,827,1170,RGB
1329,page-1329.png,300553,BC7DA36D99FE2D084C28A11BCA0EAA8FB60428A2434094D02F4D8C62AE79983E,827,1170,RGB
1330,page-1330.png,290522,AB50F801A8CD98CFDD97FC65E72B594BEB843D841743C2EA1F18F0BB20479836,827,1170,RGB
1331,page-1331.png,238118,580DD2F54A0432DDF3AB563B7523330DCA6611A7039422FFBA2F122A927A6903,827,1170,RGB
1332,page-1332.png,263717,F7DB12AEEEF7F7207C0FB13A2462F3812FDADBED652C83532D426B8D1FFDFAAB,827,1170,RGB
1333,page-1333.png,269608,540FE51803C387E16FB156B712CC6E0E5C808549D584A2CB377DD6AE23814C6E,827,1170,RGB
1334,page-1334.png,374036,5777DBCA768704EA7CBEC19F2C6C02FACB67E48702C721B8EDC869224DC0BA54,827,1170,RGB
1335,page-1335.png,288108,D9814B9BCE9803B75548EA3FC90F17EF700BD094831D6763CAA070892CA65969,827,1170,RGB
1336,page-1336.png,225461,2EDF279E72E3774987404E91C79C9792304FFF95DDE7D6D9FB8C7CFD69A396B5,827,1170,RGB
1337,page-1337.png,307598,5D928BA27DC20E9F5DF597BC9D0A314C491BFE5A05DF3901CC5F2A4E84BE04AF,827,1170,RGB
1338,page-1338.png,279544,0A2BA0C78BB45E54D50BA4DF27E55DA1705438A061F3D7B37D49B7DC7DEE8DF1,827,1170,RGB
1339,page-1339.png,246511,B0A3696634B5753C221FC0D18F6EDC28A7DE88A0EADC50687C6673A66C0BC35C,827,1170,RGB
1340,page-1340.png,321206,487174CD51314334D47E78CED4FCF358AC70AECF5D1D462C50CCF32C7C5F4509,827,1170,RGB
1341,page-1341.png,272145,F45C35189D7E6819450B85CB7B7C2331DAC3933DC3AF22234C88BFF293F8ACE8,827,1170,RGB
1342,page-1342.png,308772,EC6E464FEFCA3147652F47DA297BDBAD2EAEE8FBAB07124020D8C9F84225301B,827,1170,RGB
1343,page-1343.png,272917,76FF15F39CD367289D32143CA5DF4138CC09ADA86A498F7729F68D0CEA921B46,827,1170,RGB
1344,page-1344.png,270777,42532515EEEFF2DA0782BA79E86C8E8638E1E2434639114E24205959A33FA376,827,1170,RGB
1345,page-1345.png,280365,5A79E0345566AC7A5A7867EEA5C86D637133576A7D80454F36A022A9A2C39484,827,1170,RGB
1346,page-1346.png,232523,82EC58AA7FAF84F78D225E49C5785FD0B8C7BDC77FBC1A8D55DFA6CBE73B0195,827,1170,RGB
1347,page-1347.png,332216,DA414982130A3779A95AA8E887D311B33804B7DA81F672828936964AA3E909F6,827,1170,RGB
1348,page-1348.png,269555,60E0A467E7DE1181773BCF79283ABDCAF17FD38C65FD1067679186F75933951A,827,1170,RGB
1349,page-1349.png,285272,AB83194C51838E925C50D8821F2F8F30355B5B39BBE1125CC6726882D4E6975B,827,1170,RGB
1350,page-1350.png,254518,94E18292FB0D4CBF85A6CEFE565461FE6347F40FCBE3085E7649CA7CC9E34046,827,1170,RGB
1351,page-1351.png,319064,98059C6CA8987DEA38EBFD4F345B9A8E84242DC8064E636094ADA72376F4E83C,827,1170,RGB
1352,page-1352.png,294398,EA9C721AAA9F34A10070664737D0D4317FBD98A17F662E5E94EE7ECB843B40C0,827,1170,RGB
1353,page-1353.png,307442,727CE2DE5853001EEFDE0388AE5A5ED7888F3B69243D35C62AE288DDB06CB361,827,1170,RGB
1354,page-1354.png,257280,955E4730556C8EDA78D757AB3079D4AC0C82E450835A6903783906627CEDF3A0,827,1170,RGB
1355,page-1355.png,317202,09545C1F0DD0521AE1A9E3E6BAB27429400517C2AF31CDA96E6C8407AF64E02F,827,1170,RGB
1356,page-1356.png,203144,6FE4C5BFA7B885122F4F93464EB866845DA699D5C034733F61E2F9C0287B096B,827,1170,RGB
1357,page-1357.png,273015,1118557D44F9B1AA26DECF74DE045CBC66A98D02F2A88F4FCBBD7C39FAA83F35,827,1170,RGB
1358,page-1358.png,208651,EA72DCF9301615295E7D562E3A414A49B5EA965B3899F06583763F9FC9741F74,827,1170,RGB
1359,page-1359.png,240067,E34F92141C6CA20030D8AC63E5CE7417F1442CA124E657A7406494825142557D,827,1170,RGB
1360,page-1360.png,245592,7ECFDD1ECD6A3448F85D81444891B8E8F4CF53868EE59CE1FF98BC0CFA992B8A,827,1170,RGB
1361,page-1361.png,269931,3661EE0016E5EE0B5211AEDCCA9FFC52392C252BC540257B9367CA91249F0009,827,1170,RGB
1362,page-1362.png,240248,EA8503084C7E0C12659051CE953942F0A37FBF85D8C7B66801E187A5CE82FDEA,827,1170,RGB
1363,page-1363.png,279890,D76F5F4057D9D51E8976FDDF5E24A266F83B10B48A442C0901DB756247277A17,827,1170,RGB
1364,page-1364.png,217189,D2F1FEEF0D150AE84FEE95403F93548860CF9039C88DF557D5B8FC36D09C3036,827,1170,RGB
1365,page-1365.png,280233,F838763BA3167B3F56103094623D6BA19EDF3853148FB33D90BB7823865D385E,827,1170,RGB
1366,page-1366.png,214072,81092C1DAA8184A5E3322D45B1BFD6D33D6DB6908D5DE3C80E954442582A923F,827,1170,RGB
1367,page-1367.png,261661,9E28FD0D97D7F921B05E8960FA00B7BF5BF70FACF9BCA67BD110D9B864CF1557,827,1170,RGB
1368,page-1368.png,299503,505E7487BE5FC690D8B89F34FAFD2677FB6CAA54EB3309B5AD629EE91227BEE4,827,1170,RGB
1369,page-1369.png,286545,E8140AB1B79712A20B09FF7CAE91A7D336568D6DC3FEE06EB0B8A1D793A1F2FC,827,1170,RGB
1370,page-1370.png,287819,4C220CAAC4A18A6F54CE738C70CC639A7EA54C46DC4275498B87D595ADAF07CA,827,1170,RGB
1371,page-1371.png,284227,E0BC10929EC21C04D217ABAF6ED9C773517EB6BAB80020ED76C5560BEEAEF970,827,1170,RGB
1372,page-1372.png,221684,46F9D4A5BAA2B9016BBE243195A3E95A206BE5DE7B02C5F14760F031805BD639,827,1170,RGB
1373,page-1373.png,248240,7580AFE09896A7E0143C6A3FA1668D78ABB367538B50D5D6FD9FE8DDF8F90DC1,827,1170,RGB
1374,page-1374.png,231962,8719F93CC0B22B8A72CAB382C89722B72141D6AE84030AFE695A04F21363CD69,827,1170,RGB
1375,page-1375.png,232138,FCD64241A6C71AD2BAEB6A578C524FDE07ED991313FE807765DF490E4E6CA10F,827,1170,RGB
1376,page-1376.png,251259,D976BB27BDABB674731F3819FB52681123413CF5353D1CA950569C674A99C248,827,1170,RGB
1377,page-1377.png,233505,35DCD4E51B31F94B8BD06B947B94637EDAD0B78F1611BDE8B5AE6A60519A891C,827,1170,RGB
1378,page-1378.png,179458,A2910E0EE7E5D729932539397FE5CBE395BC97382E571E25F9A54F578EBF0E23,827,1170,RGB
1379,page-1379.png,245859,82799F921D0474169AC1D7A0605661A6589B9E59A14E9815CF4470306E40D230,827,1170,RGB
1380,page-1380.png,184506,5D566CDE5F1D4FA7DACA8C7473EBD4565BCD163017006D414C4535CC4597411D,827,1170,RGB
1381,page-1381.png,58650,4D7A9B456A41346B8F71050F1D451AD0498420625F175C7972D8CDD179C40462,827,1170,RGB
1382,page-1382.png,249562,5D4C4D7A70B8B5B509E20B32B3287AF959CA28E045713B21B227B622F76F8995,827,1170,RGB
1383,page-1383.png,327612,DB25F2D07BBFF815294AD0069D9CE6F4EA5D9314FABDAF6E72FEC19A488916E6,827,1170,RGB
1384,page-1384.png,207863,5590B513C89001DA5C01FAC180266E8080402B623EFBA8E1C9ABB1FBC339FD36,827,1170,RGB
1385,page-1385.png,233354,8D107BE268B05844337E0A6B256A3EF3BA6CDEB1EE3C631A5C9841B958AFA935,827,1170,RGB
1386,page-1386.png,192121,99A574BBDFC081A476BA29457665B4B22B7728004343AD2BEB7E1BD1FF4DFCC1,827,1170,RGB
1387,page-1387.png,209281,28F72BECDD83FCE503FA17B48878CF20009FADDD1F0B54CE5986CC17B2B8C8AB,827,1170,RGB
1388,page-1388.png,202339,75ACE0F3B7EB7167C1162ADA96BC0C3FA1344099E07D3864FAE0257709125005,827,1170,RGB
1389,page-1389.png,246402,47C67347C3C3FFD96A085D9B9BD7E5AB48EA9889F9158236E908F5BDD645D96A,827,1170,RGB
1390,page-1390.png,235319,D0DCDB53BB9A9DF0B840AFDCE947CA9D63E0DD3239843D1CEB474D575016C672,827,1170,RGB
1391,page-1391.png,322398,9DD9FE5865557EC00A4160F937A74315CCFF65B81EA9598992ECCC62F2738BC7,827,1170,RGB
1392,page-1392.png,250066,E106E7E7C1423AF88B7E5AA27D9B4CC1615CEAAA0EA255B52AACCABA46E75E48,827,1170,RGB
1393,page-1393.png,251151,843158630C49607FE93AB1E0AC986AC6B10E650E4FE3A5CD744E8EE1C7369DAD,827,1170,RGB
1394,page-1394.png,297884,EF82D0BA02F51D232E3C622945AC6628A56DDC6263E726483BDA5B81FB7C6ADD,827,1170,RGB
1395,page-1395.png,276027,3EAA8165C428A574FA086EE20AECFDD56620145F58186754754933769046DA5B,827,1170,RGB
1396,page-1396.png,287633,E9A72ABA5D915245DC8C0A2B97A70BB05F9D32FD4FA7D5088BFB9ADF5C68E1F3,827,1170,RGB
1397,page-1397.png,248130,D6D5F25BCAB61F36F5586D9C02A2B44094298C26D1FA393140623E1B1B646C60,827,1170,RGB
1398,page-1398.png,218634,30DA9B93E670FBC24DAD6E64D363F3FB1CD09D03145459A1C5F61B6E97E4A41D,827,1170,RGB
1399,page-1399.png,227803,D38F7BB684E7821B84589429BE00F7B5BF8051D5C7E775998B269BD305611F1D,827,1170,RGB
1400,page-1400.png,240927,94D5702CA5ED5702553B01C1DF97074C1B9E962B186A452CF88D7377226E1322,827,1170,RGB
1401,page-1401.png,207547,02C75C8D0C40C9610C4DE84444027B30EEC268D75EA436E4AAB5C2F4C8D98826,827,1170,RGB
1402,page-1402.png,342114,3F9F13E4171B8BBEE9065F301A0EB763837B2097D8497E89F01C64DFF54DAD29,827,1170,RGB
1403,page-1403.png,333171,3AA161585D999BEA607C0D1832A1A043C7E7CB8AA82FAB359C97B3912DAADDC1,827,1170,RGB
1404,page-1404.png,293344,2FA411B4A1F24A557D98BB986AA330CA9D0E4B4C06344F32499D571B3371DD68,827,1170,RGB
1405,page-1405.png,250140,B9EC04AD595A879C46FCE2F4BDE0A7EEB7F1537ECC3A29B05D58B555F2891294,827,1170,RGB
1406,page-1406.png,231566,25788112F961BFCD0342F7DA59763E47EB6DBE332A39EE194D024599100A95C7,827,1170,RGB
1407,page-1407.png,244697,87B64789E22ED9FAA68CD7EE19259A0F0FE07DD50CE96728BA2F342452F19D09,827,1170,RGB
1408,page-1408.png,197236,4C4049C1F9DFB5C4A28F22A69ADF61DED2AD20B7588FF4059986C722946E4088,827,1170,RGB
1409,page-1409.png,196822,CCD5D269A57DA358AC4B6D9B825D07D357763FE1F46A17599E14D0028B72325E,827,1170,RGB
1410,page-1410.png,210299,B7F9EA78116EFAD1A091A9C2D79786F7BEE67C676290FFBF1482DFA11612CB2B,827,1170,RGB
1411,page-1411.png,227624,A652CDF2CF1EF4A9EA3F610D0751D2F74652FBC11A012C927A602396B81ABE93,827,1170,RGB
1412,page-1412.png,278001,547C58C7F6B0DFACA78B09852B9B82F6A14FE8A9BE0CDF2C6393DAFF1B34C24A,827,1170,RGB
1413,page-1413.png,169345,BA225972D176DFBC7B11EB50A2436F2217F803DC619F8C30202F55850D733376,827,1170,RGB
1414,page-1414.png,207345,52BE7B0FCAC0C51BA0F11F24C2B02BD5E6AC68E1CD81D2D765CD5003ECAF48A8,827,1170,RGB
1415,page-1415.png,286412,37274109BA7FF3196B4B842C3A9B2E793BF4443DE63D36F02D015C4F224BE673,827,1170,RGB
1416,page-1416.png,266863,AE6BF3133A77476319EC465A3D11134F2768D066AA176F4CD2F720AE2EF8FB34,827,1170,RGB
1417,page-1417.png,312239,C2B124601AB3A720B96E51F29E3BBBA9036A62A06D1A4BFBB771C297057A94BC,827,1170,RGB
1418,page-1418.png,267174,9E1013F88EEA9AE97AC48C86080C3B83F2C6A65AFADE7B1CE22F93A5FCA80B4D,827,1170,RGB
1419,page-1419.png,265239,29F1FFEA643146C7D9B3051F5E1F3797D85D774E337B472A2CAF3B4D727178DC,827,1170,RGB
1420,page-1420.png,246036,D8E103D611F14C4471145DF23C1533EFD40A4C5BECB5691D30CB10451F966AA8,827,1170,RGB
1421,page-1421.png,248884,68830BC52845407A3F7181C6BE7FEB09BD1F2573310C083306B28CAA3D7F08C6,827,1170,RGB
1422,page-1422.png,260480,313D0D2C15174D8D65A3B03478378CFB55678990739DB8FBF335D171A0544029,827,1170,RGB
1423,page-1423.png,243912,CEB0F01D5B526100CAA32502E7B24056933B7734DEEB864B92C8E43A88E11C01,827,1170,RGB
1424,page-1424.png,266914,C3132A9FE2A596617CD476E87381767E356E00389EBB84F9DE00EC10723C2E97,827,1170,RGB
1425,page-1425.png,246750,DD85DEF4BA0A5EFC5E12517C648F7432F27E064FCFC2DA8E22B8B2580B1C87C9,827,1170,RGB
1426,page-1426.png,273364,DCEBB2B5BF640261C21858459AFF25AFF96DBD6A7016667F6C51D10D8A57ED71,827,1170,RGB
1427,page-1427.png,255038,5C7FB717D06E31D13369DD78BD4A4CC36768382828AA7881EB7287740EB496B8,827,1170,RGB
1428,page-1428.png,252107,83F09E02969D3B50699CDB47B98EE5D13C14F0E8FF8E67D5C145BF8E7F4726A9,827,1170,RGB
1429,page-1429.png,335166,CBE61CFB75C6CD6EA0141A599BBBE614DC44E0B24957D0A0F6649D4F1E86ED57,827,1170,RGB
1430,page-1430.png,248822,F25460BBE846DE432445899812261E60F8E0830A463947D30DBAA26A6A574CF9,827,1170,RGB
1431,page-1431.png,296411,C9B877FBEF019B2F1C625C5EE742413F82ED98B592D8BB69F8661204767C57D2,827,1170,RGB
1432,page-1432.png,301992,53B5812E93A7159F491E3AADA95A3040771986C0C4BD72970C714AAC23456A26,827,1170,RGB
1433,page-1433.png,323702,BC408D84022849CDBDDDFEA7A43E499C459F3FA06ADCE0A6C4336668B7183464,827,1170,RGB
1434,page-1434.png,288583,FCF89A768D6F85FDC97F79DC10ED3ECF93DB7F9438C76298FF1A04A8BED11EEE,827,1170,RGB
1435,page-1435.png,228972,1FB66462C17B28991E84CA419F5EDA3FB84660CAB6831FFBD8FBE35FB0125082,827,1170,RGB
1436,page-1436.png,208146,B1F32B6BC95114FC5B2638BD72C054FF0CB4C8EF4D369DB44ABB97D4A2B2A743,827,1170,RGB
1437,page-1437.png,238934,1BBBEBB2D27B9FE96F467D82EB0493CF0DEC11006CC3D47D3B376D94396BED55,827,1170,RGB
1438,page-1438.png,170304,7DD59F1675A52952FE196A7379A8968BECB59FBDA94982C33DF07CA0A33D0D54,827,1170,RGB
1439,page-1439.png,250022,8104F0D774FF6E2F8F490068A3186D34A9AF939D75509359141160C357100F5C,827,1170,RGB
1440,page-1440.png,312503,D2AB20B852980C1EEFDF6C3142D70488E1E1F03A15DDD9369B5A77936009E074,827,1170,RGB
1441,page-1441.png,259974,9D2616F320897A119402BA93E88165F6D247915BA9969B99EC0349CA3FD954BE,827,1170,RGB
1442,page-1442.png,189743,7590EE2486464009537E21EFF4D92B7FB0A36900CCD8D7D18AD8FAB250A29BB9,827,1170,RGB
1443,page-1443.png,138888,DB3DB33486A7A86C0CAA0496BFCC0929E17873EC24AD85D7EF67A0406E5A6788,827,1170,RGB
1444,page-1444.png,317326,55293166F24BA0ABDC4C1949AC4E7CF4248DB9F27EC84322933DB5E2706492F7,827,1170,RGB
1445,page-1445.png,289066,55BEAE50B369AD425B1ABCC77CD59725813A3D1A27849F382C3C8F7469AC1917,827,1170,RGB
1446,page-1446.png,204190,0C5E100AD1AB0D25802CF7C8021087C068AF1306E6D86388971B8F6B11120A23,827,1170,RGB
1447,page-1447.png,244771,388773FF07A1CB84474F083073CF8E822C5F1FE3D1F2F32C35D110B097C10228,827,1170,RGB
1448,page-1448.png,259820,F57F8BB59BC66198ED685CBFE23CD6789CDA8E8547156DA832DADC3E41792737,827,1170,RGB
1449,page-1449.png,258706,6B7BA713F530DF9442439F586F7607B3E46A5CE0AAEE184D1019240FFCD907D5,827,1170,RGB
1450,page-1450.png,317350,DF6546E00588EC62FFB456E5EBD1FEEAE058D844AF0313DB2227A53051856D6B,827,1170,RGB
1451,page-1451.png,252414,5FC061F79F49C9B7DCB0C21B84630B590820D71EC3488AADC062B7960E3099DA,827,1170,RGB
1452,page-1452.png,351490,1B4BC0A4B29DDE5802584085462D0341BBB62DCCEFA6746C38A21D6D87A00602,827,1170,RGB
1453,page-1453.png,257662,9A7295BCCF7FDB7FEA66A0D599887053D0DB3B215EEAA3AE18E7B9185536B615,827,1170,RGB
1454,page-1454.png,281396,332853F31FC879A913FFE0E985092F7A1E4D4FF2FB0FFDCE4DC697FD719FD3FE,827,1170,RGB
1455,page-1455.png,249078,D991618E4E293B4779E1190E56CD8E3A8FE396CD4A1E282CFFC4B43CF17E83DD,827,1170,RGB
1456,page-1456.png,261521,C473AD2822B84FEDF4D6E1E085FBDFDC76BBDC37A992EFAE6CEDA4430F635F8E,827,1170,RGB
1457,page-1457.png,244891,C2F91AE9C37FE78E8E61422A0E3B86D8F2F533C9B96C63B1F6A6850203A9016D,827,1170,RGB
1458,page-1458.png,279876,9D049D13F60991576E77D3C7A7ABB685DFCDE9BABE07989CD277D2A275F415A8,827,1170,RGB
1459,page-1459.png,265645,41EEC06A35AD0F0E93C662C8841790EE5A41385BDE7DF8C415581D3939762D85,827,1170,RGB
1460,page-1460.png,236606,624EEF71F65B9DD2472D6D6027A63D1A3954F60AABF570B3EB1E05138A21CB75,827,1170,RGB
1461,page-1461.png,318171,6D3E889AC78D76E2C3D1E4522288E66B694BBC752347CE7859E7BA70EAF05A70,827,1170,RGB
1462,page-1462.png,249586,04909014EE6EDDE2F9A4465814FEE76D1D843571A330A5DD3299A3B39AF143A0,827,1170,RGB
1463,page-1463.png,299646,74B81A2870352F78BF0ABAFFA2BD1AEB82B5AAAC661A3967F936FFCFC8C38088,827,1170,RGB
1464,page-1464.png,216801,53FCD4A5F004CCCED003D3064B8B57FDC25C0B635A1A31ADB1180B31E1FCDF27,827,1170,RGB
1465,page-1465.png,326650,C348AEBAEAD7860FBEE16B607BBED28EA866457E9116776FF0E148F06A6A45C0,827,1170,RGB
1466,page-1466.png,46129,7A800AC772F5440A7C47C91A1DBAD36EB1779CA3A3565245806BADCE0AB2A044,827,1170,RGB
1467,page-1467.png,234296,71622B72863866C8881DE3778C3DB736A94E7F97D141DAEE1800A16F7C6F27AA,827,1170,RGB
1468,page-1468.png,268004,74CBEFEFC613CECCFAD65CFA55849A137CEE300E4241C241FD81AABA41B5C390,827,1170,RGB
1469,page-1469.png,219523,097A36814682CE270D17E4BF6D4F4E154D8285F5041FAB08EC180792B58F8EF9,827,1170,RGB
1470,page-1470.png,272243,B91FAB76562041A25A4C976224D83D6308CC6B67F95BFA340F5B0ED9CCE03420,827,1170,RGB
1471,page-1471.png,216020,73A51EE08FBC4D2998ADCDCB1459160617A93A03DD6E2DA730CE03F06F39EF4B,827,1170,RGB
1472,page-1472.png,265535,33271D9F2C9DB36992D7C0849509CF7035C61B934D5A15AB13B66E09C321AD7E,827,1170,RGB
1473,page-1473.png,215344,1F50287CC52DB7C3E3F3F8F1F36DF359D4801DC092425D2BBC6106F84068FDFE,827,1170,RGB
1474,page-1474.png,292087,F8A42353EA0F9530F0DE74DABA8552B2D7F9BA397208E0CF877418337242BCB2,827,1170,RGB
1475,page-1475.png,171717,6AB0606BECB1674DA0FE6DD31B4AA4F9EBA32845AA2CB6359F5C3C05B1E8616C,827,1170,RGB
1476,page-1476.png,260886,BC33AA9C9506B98CF1E72FB9D5308C64BF53C7FCA2571D0FACEDB160F6B8FAB4,827,1170,RGB
1477,page-1477.png,264728,5154A841078AFF0D15EB93B72CC4E51C016042683D483154EEBFD5BA0490AE75,827,1170,RGB
1478,page-1478.png,266196,DB77129F7BF33A5338736FE13FC2B2897E3A87CEE4F2458436521B2957F417F5,827,1170,RGB
1479,page-1479.png,232976,6ED60C447AEFE4EF59218EDEAD45F10EABD9E4828AECAF1D9E2F84507C762BD9,827,1170,RGB
1480,page-1480.png,308833,351F5FA04AD44B570EDF2CC1F6513B38E35B006FC0E3D48C31AF04F73F905A20,827,1170,RGB
1481,page-1481.png,236366,C87EB46C31148D3EE2204633629AF02469188EE27D91A899B4E7A17B6564B60C,827,1170,RGB
1482,page-1482.png,237533,25F43082F92A77B5420E827F4F1114C889CDFB096F40BA3078890CAE68663583,827,1170,RGB
1483,page-1483.png,301824,0C81458C226A8F883DC2E5CD61441A4D1651ED2C1EE17B6967C2A251A1702CC6,827,1170,RGB
1484,page-1484.png,242240,CDFAEC6D8FEC83B43FFB848B034AA8FD00B9806165E33A6932DB9CDECB1043C9,827,1170,RGB
1485,page-1485.png,212464,6CDA81C35B39BB446B753F50E05B144A346EE798F7CA302BF8EAC6106ACA0E57,827,1170,RGB
1486,page-1486.png,290175,A2658F938255EC8C0E95CF69D2921A0208382CA7076BB66ED34FFD80D1EC0481,827,1170,RGB
1487,page-1487.png,308548,5EB11D3CA364A1BDAFC456A959D9309CDDCC8F7B3FF2CE94F1A3F074AE4D56E9,827,1170,RGB
1488,page-1488.png,242002,BB8FB934C1A7A5562F5F796E52A6674E64D283FA5F3B1B777EAAF4D99802F80B,827,1170,RGB
1489,page-1489.png,248355,C9955F875D2A87B9C81A64DE487BE4C5BBE2D36435D03451B6DC42E464E61547,827,1170,RGB
1490,page-1490.png,295428,F0D29257E7524F82F070912B7F1F1025CEC9CA2272F49F9ED55F43DC93C43B4F,827,1170,RGB
1491,page-1491.png,289528,5635D2200913171094A1503F19A049FA9FDD9885E9DD5401A5832E98D8304654,827,1170,RGB
1492,page-1492.png,297474,BFDE987B788C0B8F1A91A3625DA5B136BD55D9A0FE9D5A581E08137CCD4E96B0,827,1170,RGB
1493,page-1493.png,321243,6F3BBB8DC7854AA9A7690E4A4E68E6BA897A1BADA65EBD863401BA73306F9516,827,1170,RGB
1494,page-1494.png,257676,F618A16F228D4AF16885D754D978814E26A08015C4D2A71BF81C945AD527833B,827,1170,RGB
1495,page-1495.png,317929,D77077FD8328A8F74B2FB7D3A198EEB2381202CA47BF405BE419795C6EC7E9BF,827,1170,RGB
1496,page-1496.png,255438,BCFAD8D1C29F3E1FD34EA34A871278B71A8E489BC76C3273EB0E5E249F42AB39,827,1170,RGB
1497,page-1497.png,202783,446E45106431934809DBFCFEA96CCB850609772BE7E81D12B9E9B274D93C5493,827,1170,RGB
1498,page-1498.png,236133,4C01DF04E7656C1C55ADF45F5B3E1C18B99BF91BD3CEEF70DD21CAC337B4F10D,827,1170,RGB
1499,page-1499.png,216224,9DC569E67F8BB04BA2D2B39C81EC89A79F74D2F818CDC5D686F5EA9B6BF35CC7,827,1170,RGB
1500,page-1500.png,157558,B25F3C1CDB2904E8E1411A9F8837912D141D3BD993FB6E947B812BAFBCB9C7EE,827,1170,RGB
1501,page-1501.png,288833,C1799E166C924169F2434745D8E30323262EDA35E2195BB1BE7505404B17AD7C,827,1170,RGB
1502,page-1502.png,201923,5A18D27D3FD0A8FBA05DBCCE781BC267B2BD8D00F9C509A689951F756CC8C18F,827,1170,RGB
1503,page-1503.png,272138,FED5FFB8DF51A3F9EF40DFE1E0BF00356A904454CD3F1F79FA1B583B2A75FB6B,827,1170,RGB
1504,page-1504.png,142493,B20344F701327F6BFE6C019574328CDD471683D9624068C6233FABC92A9FA66C,827,1170,RGB
1505,page-1505.png,198284,D264D4247A3E7F7E28F0373AD42064DC4377D8DE34922406A99DD172302E51D4,827,1170,RGB
1506,page-1506.png,183224,66D98DA8BE18B24D622C018021DD765B8AB133872BC96E0B34ED481914D4616D,827,1170,RGB
1507,page-1507.png,224656,27B0A635F57FC6380FCAB8764FB1E055F47F9608CE69A4CDD553EFFACA5467A0,827,1170,RGB
1508,page-1508.png,233656,685EFD97C95C3A0803B6ED418DEBDCEBA25069CD1169518B9A35ADD9A8535FD0,827,1170,RGB
1509,page-1509.png,276605,B2136F6A7F22F5E5747BCC34BD3DA74E73F8A25841E9A2B1AE3550CE5E73AAEF,827,1170,RGB
1510,page-1510.png,285545,2373F3878088EBE571D0FDEAFF009BFBCA1470B173F09EDE0646DA43DE86292E,827,1170,RGB
1511,page-1511.png,210253,5D96FA4DB5A8C19586290FB88F87999479F8666AC5048FAD54279D0CAAF42BB1,827,1170,RGB
1512,page-1512.png,300715,4DE97AFDDAE3D7A24F23A6855539C907B016EA379773C36A204F4C71F6660C8B,827,1170,RGB
1513,page-1513.png,209921,EFA8A3712D2D17C8C8C8F15AC1ABC7A586960B86B0A56CEC6CD3618C2953B12E,827,1170,RGB
1514,page-1514.png,236759,7EF2D0958BC68E9F5167B0D66B86C5175242EC8803E3B072D0D01F839A412B41,827,1170,RGB
1515,page-1515.png,155579,B87A66DD98349C49E526110735C12AB08B5B145A22C7BDCEEAB3AFF8141E6698,827,1170,RGB
1516,page-1516.png,261103,7BEBB4292A35672F39E8059E1ADF87EA1BFED0C308FE9A045774126FE82D5297,827,1170,RGB
1517,page-1517.png,245660,CEA932DFE47B14F9ACC3D3B531D9C583D72E800EDB81117C255AE025CE39E78A,827,1170,RGB
1518,page-1518.png,274708,37C219D0EA3114279453BDBA63364EFC43B53E6785861A525B2BFE46AE8BCD40,827,1170,RGB
1519,page-1519.png,239639,CCDBCF8AA693C5362B9AB29EF500B55F550FE0D1B63E225BF7D9F89780251C7B,827,1170,RGB
1520,page-1520.png,106452,05C8F6CF2AE4C34805B1FB2E2C7B190E3C720FF65433D90BD1D9CB27F8E6F994,827,1170,RGB
1521,page-1521.png,148852,3A3DAF32B802F8F53D325CC3063B49E2ECC8697C632D5D8830DE80789751BA9E,827,1170,RGB
1522,page-1522.png,202420,F3BC5115E7873EC85BFC6D70C755871D93F4E730A818EDBEDE71699A3348D349,827,1170,RGB
1523,page-1523.png,145793,DC676A7BADC9BEA6053BA806AF02D80CCAFBF1D385CA6621406213B63153DEE9,827,1170,RGB
1524,page-1524.png,216669,DDE0E76030C35BCB2A698830F564178F6DB95FD9D62383ACD33F270C26A5DEAF,827,1170,RGB
1525,page-1525.png,317903,0132353E46E544CC65AB161BD328134DD69081798D4DB39AF93D77D48D025D58,827,1170,RGB
1526,page-1526.png,235497,1122594D4180BCEEB66B8B58F54877F9CC6B1A29E1EA95FFA8400BB8C4097A2F,827,1170,RGB
1527,page-1527.png,292706,B5A1ED30F4DC581E0EA8AA5E66FBF18207387C226DC96A8B78AB1EA569280F99,827,1170,RGB
1528,page-1528.png,180793,E7CD75405C012EF8DE36093D423B8FA7755FB02D2909C7372FAC5BB4B2DD8C00,827,1170,RGB
1529,page-1529.png,239203,9E3DDFC8D41E64A0275DFDAB49B55395A389B43F85ED6EA48C5C226058F84A7F,827,1170,RGB
1530,page-1530.png,307497,ACDDAF53DAD9EBAAEB4A34AFB98A0E39E17B09548A10F1D3775279912769CA24,827,1170,RGB
1531,page-1531.png,285460,ECA352E299A40091A8650C56B40ACC4DE2F91F92ED7E977BA1795156801CA179,827,1170,RGB
1532,page-1532.png,199095,60E0B8C79B0484194167A6F69ED4A3F57078DCE23FDCC94396A3D4A47BFCB9BA,827,1170,RGB
1533,page-1533.png,237785,AA6847B6CB37E1A3238D5C6E4900D57E4C7BA5C405ED528AFA69922E95976498,827,1170,RGB
1534,page-1534.png,237638,7C026C883E30B4417A2C158ADEC6670D55633D00EE2B04BCC651C40B2CA8D8EE,827,1170,RGB
1535,page-1535.png,283094,2561021DD73FBC202A91A90AC4941D3E569582070B3F025D5BE239621B205A47,827,1170,RGB
1536,page-1536.png,269915,08E7CF01F8898A556F719E92CB6FE40972E38C087EE4F0E2265E8A579031B188,827,1170,RGB
1537,page-1537.png,257735,0A5F2283AA4AA0B8561ECD32412D7C158A09239D5339174E8C54B233A41B6613,827,1170,RGB
1538,page-1538.png,271627,391E1898FD28EA5669DA59454345AF667155941F07B228BBB6A77B4FABD85EB4,827,1170,RGB
1539,page-1539.png,266720,FFE358194EAFF50DB7215E96C1195D24EC65846E01F175D6FB1E49819E378581,827,1170,RGB
1540,page-1540.png,247122,953291E1E20F8BBCD268D5C12164B9377350655E46CBFC34C8CE6279AD4061F2,827,1170,RGB
1541,page-1541.png,206922,B896368F1378EC221A4D15F7712234E59535F0907382882932F862B0499A6C5B,827,1170,RGB
1542,page-1542.png,204400,E4B480EC8D67FF63AAF696D3B16B82DEBD19BFEBB2184F50291D97470C630EF5,827,1170,RGB
1543,page-1543.png,275200,94D0F097F9439D6F0A4F6546B9FCBB35DD9628BA1E79E04C89805A575647CCB4,827,1170,RGB
1544,page-1544.png,264115,70E83D53DC4EFED5F31030B831FDCCBF996E0F02C7EE1A5ABAC0B319BFDF21CD,827,1170,RGB
1545,page-1545.png,214535,697E33E6FC5E987DF94209512CF2BE92CC925B14904C9982D3CE592F722EA168,827,1170,RGB
1546,page-1546.png,287085,865864B7080563B1DC598C5051EF31DF1D3452A19E90D7A78119FB4294140179,827,1170,RGB
1547,page-1547.png,264397,59157D05ED747CA8D7A244610BF0572E22C9F9447548CC80187F5534684D0423,827,1170,RGB
1548,page-1548.png,207141,E75449B556E768FDCA6757DFF056D4815AD440B6A109DF725586BB21360B86C0,827,1170,RGB
1549,page-1549.png,201897,8AF6E00CD146B77E7909338F839B8ACA9F1E46CD5A8048FE8D30B6C20CDF4E31,827,1170,RGB
1550,page-1550.png,309845,8F5642CFBB3F414954EC268FE0A5B9227CD55243A9B00C5C8D706D8D8421DC64,827,1170,RGB
1551,page-1551.png,261443,B25F46F459A3FB711CE599471698D435AA295AAB0E779A2F653D25791D814799,827,1170,RGB
1552,page-1552.png,254583,F440930E8E78A3825CC3B0046657656EB3DC0EB6416DA37CCB8D3CB751092FE2,827,1170,RGB
1553,page-1553.png,296759,978447C47D5A405EA666EA4754B316D63ACE8C3C5D721C47C092C75F3F17E911,827,1170,RGB
1554,page-1554.png,264900,779B5CB290EB9CFBC50277CD630BCC3FDCE10E77B0B1F4C7CB95943EE358C6AA,827,1170,RGB
1555,page-1555.png,296039,4B050725CD116E0A4D33A31F187B52EC36C18EEF3F62AE3E139BB4A0AC1BB009,827,1170,RGB
1556,page-1556.png,294101,BEBD1723EBDA22D65388CD1D1FC1E20342F61A2D8DCA30B5838FA0B871FAA090,827,1170,RGB
1557,page-1557.png,308341,988DBFCE0B087E10DCCF27CB397A657F43B6A25A4ED988A95F3F2A3B58BFCB1C,827,1170,RGB
1558,page-1558.png,342796,E9596CAB9197F374A14C10DA6AF516152E5400D3C4AB47E9EC1E705F338E681D,827,1170,RGB
1559,page-1559.png,289911,C04C0F12B7DD6686A61CA96DEE579FDD4E77A5B6F94AB4B2BB414B7294CDA54C,827,1170,RGB
1560,page-1560.png,311037,2667768ED13F365354B241D7ABE2BF817E3EF6252F4F582D3FFEF027E6F91BA8,827,1170,RGB
1561,page-1561.png,304405,6457D14B80EB62CE6598CA2B54A208C047D08CE2B6CCAB03D8BE45EA5DE0E64E,827,1170,RGB
1562,page-1562.png,348561,0392E4AAD588176C96ABFE42F0F4A43D28506DBA23A0766E8EB86953D48CA870,827,1170,RGB
1563,page-1563.png,270577,3DD33FC472F97F83B85E68B048DE0025A4DF91E234D538397C3613D6D8D515E6,827,1170,RGB
1564,page-1564.png,277839,51D41BFEA59F04C73F959A9C3FCDAB17D9D30F448BC070C989A5C0A8103A815F,827,1170,RGB
1565,page-1565.png,211941,84960473B056AF1495DA06407CE30F9512E1194A8E63EE7B5FE5047FC3C790AC,827,1170,RGB
1566,page-1566.png,238144,02DB9BFF40B5A0605439763DEEE5F7C7FCDDA6DF20B7A4ED6B651A1F8AEF4CAF,827,1170,RGB
1567,page-1567.png,307782,CCFD9ABA3AC4BE7BFE7B0ECE910E286D7F90A048D2D9086B230043DA0B2BF30E,827,1170,RGB
1568,page-1568.png,268879,CE0F66E1107C74AF3ADC193940C907A2830701C9D48D9E4B2FECF67EBC492560,827,1170,RGB
1569,page-1569.png,260316,2CD75449DE4574940C959747E1EA189C3F2D43A846B598AFCF0316364E1293FA,827,1170,RGB
1570,page-1570.png,280476,9F38CFB00E927FF17B86574F733A8A906227DA9E77131487D60984DF3F133EBC,827,1170,RGB
1571,page-1571.png,210521,EADA45A4C3E0E3CB9739F9B8F73719E662EF7EE7AA9DA274B3FA622DA8A9F021,827,1170,RGB
1572,page-1572.png,271874,AECCE89C222B69A191DEFCB856324F2BED6BF093173C69AFE7B18FF62E36FE4B,827,1170,RGB
1573,page-1573.png,258521,E0B0FF91E3EC5C9A8C4C1671752E7D59D490C0A5AAF7E1D527A8593832F6D431,827,1170,RGB
1574,page-1574.png,245282,D574C0CD5BC0DF19545C7E961913A41E2596A9820DE66365443FD5986A9292D9,827,1170,RGB
1575,page-1575.png,29467,229B6967587AA1BAA2CB5685AF62A7B4A21BC6DB0A7B56A8856BF0084700B6AD,827,1170,RGB
1576,page-1576.png,221800,4AB6B10A54AFDEA6B2955D1F39FDD396B1923DDCB81AC0D50AF04415B3698CD9,827,1170,RGB
1577,page-1577.png,270655,211961DE80D7B01DDABED8A427BED7752FB8B5ECF3E052ED610B143DAA62E89B,827,1170,RGB
1578,page-1578.png,213726,C81064C5ACEDF65EEDC4DC1315AC2FD3DC4E294521B2180D593EBFEF5F8AEC73,827,1170,RGB
1579,page-1579.png,217726,167F252F95EB50B1F50649FCE388019D15601AB86DCADA22112B9BDE6C37605F,827,1170,RGB
1580,page-1580.png,292749,88912AB612A24A3662D64A9B8E22B1757267C0AA33C453D8B4422E505CC2DF1F,827,1170,RGB
1581,page-1581.png,204717,5D6F9D18358A9102A6F26879551C49E805674C1C8D75AB36B4F3286735A35EBE,827,1170,RGB
1582,page-1582.png,254643,B9AEF2D22993764B4244A84B22C89C2D9818A07078475A96A5A6E842DA7DC049,827,1170,RGB
1583,page-1583.png,124985,2AC8CF75FB240D1F80368BA37771FF9788297651D0003594B3206DF24D7D0E0F,827,1170,RGB
1584,page-1584.png,192260,86109410B40A1C2CF2603085FAE53AF33FFCD738347358243F1219BA221A181F,827,1170,RGB
1585,page-1585.png,299781,8412706A7CBA11B669B50C453B9673D45544A9DC91C3F209830D4D12C244C446,827,1170,RGB
1586,page-1586.png,277478,A5702A8D91F96E74CD43604FDD3A4E295705E87126A478471670C5D80067248B,827,1170,RGB
1587,page-1587.png,260307,2DD31C12EE9BAFDACE2F83CA7F5519F522CA280331668C5BEDED2E12A1EE1671,827,1170,RGB
1588,page-1588.png,285789,51F0B6DCAD1EAC73CA2814A34C5757C2468F1337984D9C726069696F8C647FE3,827,1170,RGB
1589,page-1589.png,283710,994FEAC91CCD33F958C70639F0ADDDB47516AFBCABBE5F410C6EA7AB3B50A4EE,827,1170,RGB
1590,page-1590.png,293390,3B87ED3EC8BA2323E28CB84025B75D1B28D362AFFCB733313EB6CC958ED19BAE,827,1170,RGB
1591,page-1591.png,276263,DB3711D6D4A4E5280D58B403176802866D7CBC9FBBD426A7C8F502E6EBFAA5DE,827,1170,RGB
1592,page-1592.png,295050,EC2DA5B7DFE3EC1AC7E83E2B2BA5639AB2D32CC7FF49D1E7B045E9A8BFD9CF01,827,1170,RGB
1593,page-1593.png,201487,9215CF33148EEC47F8B8BCAEB21BCED252B60B81BA41D2D7F90992095501D0A9,827,1170,RGB
1594,page-1594.png,275084,CE7EB06F47D50200245AC424BD71FB9FD709141F69858B5650A8DF4B403ABA71,827,1170,RGB
1595,page-1595.png,305188,CA5CE56C4A1386EAAA92E77ECD8CB08D1B0A02E61927F4726B964B96ABEC72CE,827,1170,RGB
1596,page-1596.png,288311,B18A0DCE34C89344AB509A366A19B26E26A68F2486409231D211CB1F6E93DD3E,827,1170,RGB
1597,page-1597.png,242010,1FE564C0BB749FA1A90AED7F241FF2ADAF0FCA09EAA37363B561DD0562D74FD9,827,1170,RGB
1598,page-1598.png,259757,F3B67D41E92C97F11EB96FE804E8C001A3ADA6FF868C3A15EBFBC61071A9CE6D,827,1170,RGB
1599,page-1599.png,242955,8D2B15CCFE17A95996728D52302F140523B50E05F84A9B7DDAFFF046E9855FE1,827,1170,RGB
1600,page-1600.png,263064,1C8F54E8C203DFEE7EAB1BA6C4F63DCA9A5D49B1B14F505F06A75B80E0A7D976,827,1170,RGB
1601,page-1601.png,304714,683C2D0B9484F433BB2093103F690F7C82EE3EBF2C5CC5279EFE1F0E1AAFD0CC,827,1170,RGB
1602,page-1602.png,324500,B4859607E5F5F9E39DA059D3C3227C5701B6196BDB9D6A9CDAF292E96778784E,827,1170,RGB
1603,page-1603.png,198128,484E795872AEA70CDB8EEEA8B31ECC53F69F10CDE322C10744400358873A1B67,827,1170,RGB
1604,page-1604.png,204090,36160859AE5BF8CF2C3CF81DE1E6A5BA1A3D80A1FC1F982B2BE689850EE6627A,827,1170,RGB
1605,page-1605.png,203670,14EA24AF30903BBDECC3BE44996E567AD9983B84040510D3F4F9E901CDB4271C,827,1170,RGB
1606,page-1606.png,266018,C0D360CA67729D0470E82A903016F39D666EA779B95C46A65CA4E3BC0B01B3C5,827,1170,RGB
1607,page-1607.png,288788,FCE1B530F3A2A3739E10FBBAA40B14A69EB3F6D2204E191E887CBB6B1B83B3D7,827,1170,RGB
1608,page-1608.png,233750,1891CF2721CAFF22F4124BA66266507F468C822E7C1D3A6590361EAC532C8538,827,1170,RGB
1609,page-1609.png,177004,C4E2C7414BB1B2AABDF2D5F230390D1F43BA6674284D8F7BB6C0561D548C1B09,827,1170,RGB
1610,page-1610.png,193098,6233C31659EB84B209132076178B64818D958DADB84C91AC2D9378281D71007B,827,1170,RGB
1611,page-1611.png,279416,A6A5F0628675DCF7C6E2EB8DD3020D6C59C55D3337B8CABF4FD083A9C16BD136,827,1170,RGB
1612,page-1612.png,285085,825E5B77AAE7CE7E33B184191CD40E96BC7F8F3B40B4CE44552E0CEB4C7BFB52,827,1170,RGB
1613,page-1613.png,259778,21D914CFACDC8E7F78F4B328CF5E56DDCE43BA3AFAE6E7A7B72D11F07F57CEFB,827,1170,RGB
1614,page-1614.png,292037,46BCA49E9765AA551371781F3C90EED45C3F886C65F2A994A108EAA304E9FD4F,827,1170,RGB
1615,page-1615.png,291081,01470423437E91227A53AFC4862C4222CA9EFADA6B19D2871B0F2070F9C6FCA9,827,1170,RGB
1616,page-1616.png,232004,44E2D4EC8620744C542E13C0EA7A86001E09C83998411D959373ABB1EE1D06CE,827,1170,RGB
1617,page-1617.png,246094,04312625BC6A14570DB5B915FF351E16EDE12960A7A241BD285B0DC7A2B1AFA0,827,1170,RGB
1618,page-1618.png,285270,5B0AB1F616F52B8A8D689D46673F078DEDDDE48BB8DFF820A88DBB48B9B8587F,827,1170,RGB
1619,page-1619.png,229373,762B6E0F10298C1FB7C2EA4A2F93C29AC5C11FC8097D8A85761BABAA06327642,827,1170,RGB
1620,page-1620.png,263311,1D8ED09BF37AB0F9A4695C1C0334DB6B5BC8F7954BACF65EDE88B085F0F32D19,827,1170,RGB
1621,page-1621.png,236235,FB17F6B33EAB8B6B528BA9A15872923BA4414D833A1143299630C06F80439DA1,827,1170,RGB
1622,page-1622.png,294564,5B2A4DDAB0352E63686A7CDADEA4C31CC2364C699E231F7CC76D81FE59B9BE77,827,1170,RGB
1623,page-1623.png,283178,C219513DFEFCEE9C0B152D968E1D41560AA757D1E596357BC73D75002E762E53,827,1170,RGB
1624,page-1624.png,259345,0957FE5C393A17091458627D75F3D9B11FF741F470C3685C34E28C2ED7145095,827,1170,RGB
1625,page-1625.png,220374,B4202A42C06046725F026DE1CAFDABF9559ED8603A3B618A69924FDB0C36CC7C,827,1170,RGB
1626,page-1626.png,234019,4E930B494CE7FC6F621B5CDBC94ED93AF906282C78E54E8EF133A4B22A847959,827,1170,RGB
1627,page-1627.png,273021,DE9ACF63F95AF7BBD3A95E20D6409E9E50409E87649FB492846714F4F4DE23CF,827,1170,RGB
1628,page-1628.png,267040,4F70F3A4071D41F4AC79DBEB3E7B14D6E52F085BFBD0719AE93C60511EEAC589,827,1170,RGB
1629,page-1629.png,231611,44BCA2922878291935F87592DF44811C93F72866C64E43650D68BD706C707B50,827,1170,RGB
1630,page-1630.png,282299,6C457E2FCDA3C7389F08FB46C07170E929ED38B125C7C6A87C97B7E6AAC40642,827,1170,RGB
1631,page-1631.png,345547,017E85D4E22E1C22824B88D220014853DC02414E60B27AB42E5A9768FCE88FF5,827,1170,RGB
1632,page-1632.png,320277,72D01A9C6426E64BFD1133EF92B0C3B53B8840D4E70F8BE7D74548C6280DA267,827,1170,RGB
1633,page-1633.png,232598,2BD04FBD9D90C09EFD4365DE7573B222C1FF05BBA216C2988B437913A38E9FCE,827,1170,RGB
1634,page-1634.png,285108,8CC380EB064EE03D6E64B0215B7CDF6016BC64849CAB3B128E20AF82B3FEE8B6,827,1170,RGB
1635,page-1635.png,285220,61C1DECA205F1665E7104CDD76237B6A41480BC933F89510544BBA31D29456D3,827,1170,RGB
1636,page-1636.png,176065,69A1C4D7D52F7F7BE2E245BA8175CA0E0C40FD82895A081DFA516198192B68E2,827,1170,RGB
1637,page-1637.png,160866,EC38CBDA1F66D220CB59AD0F35FDEFCEE2F8F43254670117D35933CC8A37CC25,827,1170,RGB
1638,page-1638.png,170646,84DDB0CD756EEE58872C59E1245A70E2FC152FD8483272F361292CEC108FC26A,827,1170,RGB
1639,page-1639.png,244564,5D6890406400D455C6B0CFC54C74B5B36223395601A5554BA33DFD79D882586C,827,1170,RGB
1640,page-1640.png,219473,E0282BD0F0D0FE2CFB962D73ECCB240D1E356C48728C34D0C7B2546D1E04868D,827,1170,RGB
1641,page-1641.png,267815,C8577F994A777D4C9D2E0D9F5DCA0732B5872E3D3759C50CAF783BB3B7B673ED,827,1170,RGB
1642,page-1642.png,220668,746587FF66D30426C3424651A05DF121A45E25289E4DF52E5EF5840AD9FE9F62,827,1170,RGB
1643,page-1643.png,201654,1003197302BAC8AD69DB41FCE1642E83141D4EA604BFFC81D7BD9A264CFA950E,827,1170,RGB
1644,page-1644.png,264832,BC5D3057516E7720AAD74639C877CC239DF57A5F0DAE3E49805A1C01D2B4AEF7,827,1170,RGB
1645,page-1645.png,250756,94B0B3E30FBF992A3C841DCD4AB9F7CACD5917528EF5F795C058390875909350,827,1170,RGB
1646,page-1646.png,214990,C618CAC318AC3CE985AF510CAB9AEB877C9526CE37880325868E800C2F087C95,827,1170,RGB
1647,page-1647.png,301087,C121A0E2F367CBCC5F979149E23895D3A1FD3A5E3B0A967B5A554E94FE7015F4,827,1170,RGB
1648,page-1648.png,172875,3FF84AE41B3CBD7F109E490C4D5C58350293CA6E6966430373454F04B484156F,827,1170,RGB
1649,page-1649.png,243659,77C08342FF1C5D74F05506B210D4C7E92BEB24AF2728240FB6EABF63E0276633,827,1170,RGB
1650,page-1650.png,249314,394B3EEB48E135AE4AE7AA884B46F00CD52A0EA5DDA2F3A72D75077B633F762E,827,1170,RGB
1651,page-1651.png,251944,75C9CD4FA9168F38B0CD86F6660A605516A4813B22D8BF08C23095336FD2E054,827,1170,RGB
1652,page-1652.png,257436,E3DC5CDC6EDCED665EE921556D3FF40F48D34DAF42F4A0B47D78C4E1C370F0DF,827,1170,RGB
1653,page-1653.png,303277,D33D1E983D2FBFD8602A1817E7ECE279B08CDE3246629CF91793E313B2D0987C,827,1170,RGB
1654,page-1654.png,266808,BA8D3B3EE533349F0A303E80FEC754E71F0804790E9EF80E2178EC0E853DA71C,827,1170,RGB
1655,page-1655.png,305566,53C47B890C8706468F8F4A5FB197D4D1AF5EEFAF14B44AC1346FE14A7FA5B180,827,1170,RGB
1656,page-1656.png,279227,04260DFA8603FEE5D0AE84FEDAF9AF42E605BAE9DB0090B65AEE8197776E412B,827,1170,RGB
1657,page-1657.png,254006,469E243C3DEEBE13E0C12F89D8BB1E58196B314B6C51F0DA4DEAAA129A984964,827,1170,RGB
1658,page-1658.png,271261,8652DACE7DEE81262B5DE6EECDCDAC6F3AA983A397E5BAB44FFDB9C07BE9BD5C,827,1170,RGB
1659,page-1659.png,287181,AB607B4C357BE8BAEADB4436FFA1D17E0B08A5153B086A7DA2CE182D7693BE95,827,1170,RGB
1660,page-1660.png,271688,41D927ABBEBF4FBF0E3F0912F60CCA75AEA7549D4C6BB72F97308915639F23C4,827,1170,RGB
1661,page-1661.png,238450,66E02433195F9778E6FA300D1038BFA59C81CAEBE82ACFE3EF62937A4E431479,827,1170,RGB
1662,page-1662.png,262385,82E7E4F2A2C57D3AE9FED08A37EDEA37BDEB65AF9C28620F99884F99B3E87FFE,827,1170,RGB
1663,page-1663.png,264722,87F2DC8440A9EB315D8202A31B561C60A00625823C5201466FA63CA1300BD744,827,1170,RGB
1664,page-1664.png,255070,76CD14E2CA54C28318F01DA65916DCF360A1D94BD11218148D8D64CB1E7DF10B,827,1170,RGB
1665,page-1665.png,306973,FCFFDFA33069D46C43E28B72F37E0C66754E97077E685F658CED46586F19DDED,827,1170,RGB
1666,page-1666.png,331109,5213F9C0331529972790C1255BB22B6C2A9C5ED9BFFA0907886D25523C8FA207,827,1170,RGB
1667,page-1667.png,320731,815E63DA6DF83BEA5184DE17BBEAC35D5404F62382CE6F699F7B0436A21C3873,827,1170,RGB
1668,page-1668.png,286694,592F418CBFF54C0019F1990A2742E05054E451E2C8B4F54902DF13CA665604CE,827,1170,RGB
1669,page-1669.png,278509,F7AA8F6C7FF9E8FAFFB74DCB7F5FEDA5CE298EEE3C5116C4911E89CF1BA2CEF5,827,1170,RGB
1670,page-1670.png,307323,502E11384E113CC141285497603F1D34F2854C67BA48517DC293B2E3253A2A97,827,1170,RGB
1671,page-1671.png,293481,0954142FFC7F15D1DD676A3F780181A8B9D94F84CF5927E02B00F3093E804CD6,827,1170,RGB
1672,page-1672.png,331726,B9EF9C09DB9FB375B9971896F228D98427CF65A3B94A8257AAD5B1DE0CE1929D,827,1170,RGB
1673,page-1673.png,260295,6BBF2BAC759DE9810BDBF583367B9434DA21365EDD7F7F5F7602F259B971B5B5,827,1170,RGB
1674,page-1674.png,230154,D4C53FA3F367F0C472B3A800D8F3A14843C14CFD70B9AE75715A654EB1F62D60,827,1170,RGB
1675,page-1675.png,275736,226BBD5E4A67BDD4D4343E8B886521646298A7B4D5779520DF35D15AB789D696,827,1170,RGB
1676,page-1676.png,320405,8905825BD7ADD08C2E06FD265546FC63FE774F80494D1DBE63DBD1B75F1FA176,827,1170,RGB
1677,page-1677.png,251905,81DE7BF899CA315476651079957343B406EAE3CE5B20996AAD8370431064204C,827,1170,RGB
1678,page-1678.png,294981,DFCCCC98B93C8EEAC8184DFD163C2AA462AF482F5684C9AFCDB254714ED264BC,827,1170,RGB
1679,page-1679.png,257686,3C7820D0E50095C76C66C04012CFE3E92BD06BDB021B8DE9F0E7235716536928,827,1170,RGB
1680,page-1680.png,314291,7C22B5CAD2018D8CA419A647A88BCC73017A1943A96CB3236F79CA2B31FDC903,827,1170,RGB
1681,page-1681.png,337169,AE36754988FA22CB04A6F251E93BB1D3DC54B7F170F9A92838FEFEF9C887D654,827,1170,RGB
1682,page-1682.png,290058,3FFF8208F35B1750570A5E75D83844511440B8030496D5232FEC34292A62C654,827,1170,RGB
1683,page-1683.png,237046,F119E137ECD06D8B2A8E3E277002336048644E8C6964D05778E6333CC9577643,827,1170,RGB
1684,page-1684.png,299478,783E9239C802C975F88279B117194C850AC2E20B7F322B54FA679B0A2670D265,827,1170,RGB
1685,page-1685.png,266600,7D9E7469318EA4275E673608A0CD8E111990BFB209FE893E3FEB3C752B53BA36,827,1170,RGB
1686,page-1686.png,226425,AF1D3C150EDEC4458DC61FFD4C615F9C78DFF15C2D289F19B83456EE9C07FD3E,827,1170,RGB
1687,page-1687.png,233729,54875F1E5BAE183E7502DED1830E8D61FD76282D0BB8332E9C48DC012A41C36C,827,1170,RGB
1688,page-1688.png,224969,F29D40208A376871F585E7B57026FDC10A505CCC5382BD900218123406D0DE52,827,1170,RGB
1689,page-1689.png,229608,0576FB6FA4ED3A457826908DCEB72F14B26F9EE8C57599B0EDD3F25452C5FE7F,827,1170,RGB
1690,page-1690.png,295648,50B13E682FC2867C6755D059221B3C34119A2C5779878C75ECB4C7FE59C6D588,827,1170,RGB
1691,page-1691.png,238282,13975A316E7E2747A20D1539A4FB7A3FA185D5E4DC224205F11B9B1D61CE860E,827,1170,RGB
1692,page-1692.png,174624,45B2F98F997DF515CAD38589F22AEF7071F10E0A2FB6BD9B2AFFBC7F6054EDCA,827,1170,RGB
1693,page-1693.png,257357,0DD5C754359038D4A86AA145DE2D1C5572DF696DAC3C2A3D09816E53AA7D90EA,827,1170,RGB
1694,page-1694.png,229855,822354893A18469E307619F995234CBF73CBE4CE10991BF52A30BD75ABED0BD3,827,1170,RGB
1695,page-1695.png,238409,E372FD107C903F8C937C1411CBD2DE05810EE251F27EEC445F1CCCE96BAC1AEC,827,1170,RGB
1696,page-1696.png,231811,8942743D01A003392B0077B11334FFD5782D85A1E55AFEE4FD21BD0FCC567877,827,1170,RGB
1697,page-1697.png,253474,5D09C4093EFEF368751F2FC46EF6E7B4D80B6611F88ACC6296DE1F082017EE49,827,1170,RGB
1698,page-1698.png,244391,E33A565DC14CF8D83737DFEB0B0B35DFE4257ABD72D8C269DC9CB8130D3FA6CA,827,1170,RGB
1699,page-1699.png,267875,BAEB4EC9B71280DB4C848198FD49A680015B2D1D7B73AC7D5946C81D14ABD611,827,1170,RGB
1700,page-1700.png,223883,E04F3111131DFA40CA90C246E677A05D5EE51FBA8A7476D98093EC6D258D0DA6,827,1170,RGB
1701,page-1701.png,272747,0FB5B7D1FFBCF2FB55FCBCF33BFC5245E9A0DFA1F1D0335B81B18BBDB16781F3,827,1170,RGB
1702,page-1702.png,243182,054DB125776DE4D7811DEC4521E98648908BF3202C7FE09E39A081977E149E89,827,1170,RGB
1703,page-1703.png,232710,CCFAA8B045A6A3E7E9E7ADE0648422CF12DA227C831B2421BD6BCE77375C41B6,827,1170,RGB
1704,page-1704.png,308958,F17CFC51512CC471000B8043923ED857975C0224D2CB03DBFAC43A7DB98564E1,827,1170,RGB
1705,page-1705.png,246548,E0FB8E97B6CF164FC959426FCDC96488B1AF221CE478B8C2571F2A8C01D93809,827,1170,RGB
1706,page-1706.png,230460,6F3CCB9FA5D7E6E09201B8AF4009EFED3F986DCCE8DDAECA790A12C8D4A63743,827,1170,RGB
1707,page-1707.png,275432,1ADD2F9ED89A38C28D97925BDA65E796B7E96D5957F435242A2F3309DD34BE68,827,1170,RGB
1708,page-1708.png,285207,7730F5AE60B9828D4B1FCEE7BA993BEAB27B8B0EA05332576C203F8DAFF07771,827,1170,RGB
1709,page-1709.png,255381,67E3B14EBC3D13F033E26E3D9D9B2FBB588CA3A287E1F79123F3448838F998DA,827,1170,RGB
1710,page-1710.png,233477,88FE2E546E9A5213B00C8E09328A201698574E2B48313B3B9B16D69854263906,827,1170,RGB
1711,page-1711.png,214391,CBF9D1B7ABC5530F796AAD0578A3565DEFFE105195BC5150D2F298C432459F5F,827,1170,RGB
1712,page-1712.png,217080,D71A120495D80121866A49FE6B972100430A245A0964EE0A5CE33A143A9C486F,827,1170,RGB
1713,page-1713.png,221520,9EBF3EC87844A2641AA1779F21C32B58437FDAEF7D2FC60681262D783E2968BE,827,1170,RGB
1714,page-1714.png,178563,00C2CAC98808E5C42647046CBB4B9E15EA22FB00C9F84DBD2D69FEA207DC14AB,827,1170,RGB
1715,page-1715.png,197001,16AF8935A8EA00C6CFEABC916A68B0BC37DEC75B95690B551AEBDF13AA3B2EBF,827,1170,RGB
1716,page-1716.png,158101,F18C3E122A62A2B5B5DE0F1C04B823C498BB45F66E17E50BEE0880CCF8B8F08F,827,1170,RGB
1717,page-1717.png,155409,3B14899834C7BF1C592129E3CDE444CBD8D887EB2F8786610D92C4EF2B2CF2E2,827,1170,RGB
1718,page-1718.png,199081,0648FD7D9F1232F6A35E5B433875C2CA6900DDFDF833F0800695ECD9B407B633,827,1170,RGB
1719,page-1719.png,189443,32AAA5FA266446E91B0CA9FD3F75BCB5C53C7DEFA77986A54C6628DDDAAA0F43,827,1170,RGB
1720,page-1720.png,187313,F70E382DA8B7434053D18E7D6924F41205F1F00C3D997E9E8134CF28B4E843BD,827,1170,RGB
1721,page-1721.png,260739,A8C1BE21C8E044A0CA1700CB45983149B0ABC70BFD3582E61277DA230269EB9E,827,1170,RGB
1722,page-1722.png,245401,079B7B26AE6984F8CF9068ED362D8ACDA4E3D01E37306EF740FD18455FF1E737,827,1170,RGB
1723,page-1723.png,222084,84228C2B269AFF635B7F5DAD7DD1652808351C5285F3BA2D5959C1E292355A25,827,1170,RGB
1724,page-1724.png,225607,478541DE4B20529702D17DFC1C216E3069F76BF0B5183C2B9B8BD592408F873D,827,1170,RGB
1725,page-1725.png,268244,0163C6524289FBC0EBB836F6FCE1C6AE4623472FD2E8CE6B4CF9184CD243CDFC,827,1170,RGB
1726,page-1726.png,248166,F9F8C40475C609E45739BEB9DA0C2ED011AF1CF538F9DAF8AC7C9A4AF83DC7DD,827,1170,RGB
1727,page-1727.png,256779,92F9545EDB3422FEA8B7BCF56338977771A8DFE6732894EC02EBA390CB7BF677,827,1170,RGB
1728,page-1728.png,280287,E7C68A0A361A1C6A41040772AEB72F1D75EE977D69646A094A410A23987BC42F,827,1170,RGB
1729,page-1729.png,241347,098D8C8A670D0B1C430E8FC7FE4C9D1B2F0FCBB7BA9817F250642CA1B81B136E,827,1170,RGB
1730,page-1730.png,297741,2DD195DAEE69E2FAB805EEB51B0C30914A56CBE892E90F0C9CCEE649DB799A3A,827,1170,RGB
1731,page-1731.png,271886,1DCDF64720A2C5C14CF78BC1B6D698700CAA488DFBE0684BE9879D0B296C07CA,827,1170,RGB
1732,page-1732.png,288750,B1B5B6C57FD04ED5FAF49F8DC6397FF0E3FA360B5C4835C0E9A26B59C026A1FB,827,1170,RGB
1733,page-1733.png,277055,97349FD4A50F346C25450D0A5B8CE87AD3F036857C16145BF0D7F1ABF49E321D,827,1170,RGB
1734,page-1734.png,323062,A3B5025B9B3E99F20C11C3AFDB760C3B59E681367C36CBB287EDBA36A427BFD8,827,1170,RGB
1735,page-1735.png,300084,A5DF88EEC6B95B5968EDAE1B23A184AEDE56746BBD0A4F36701F00B8E97AEB1F,827,1170,RGB
1736,page-1736.png,293320,01BE6954ED4955578E6A61E44BA01272A7297E25B35B953B3EB423F8E367E35B,827,1170,RGB
1737,page-1737.png,320012,31212456FC7E6ACF851DD2D03A077AF2666B773C6B04D925D691F2CA4E7E6607,827,1170,RGB
1738,page-1738.png,228410,1450F72751B6B3E7D2915C18A0AB17BED9C3D2C1440E94C46766A08C7E83B10B,827,1170,RGB
1739,page-1739.png,293846,6E69311408189D288C6459DD3EAA2D824FC214765BB01366A18870CF5422824B,827,1170,RGB
1740,page-1740.png,235682,605F906DE92016DC19868F3C342F478F3FD5FAE6049B901B11B5E588AEA408E3,827,1170,RGB
1741,page-1741.png,290625,4667121A16BC3334386A7C4E1CBE738FA6C99F4C04877A19F9A2B8A6A96890F4,827,1170,RGB
1742,page-1742.png,299254,AD3A40333C99406EA4C67D5087C0A43D76489C190F0E2347B33ABC272BF917AD,827,1170,RGB
1743,page-1743.png,72883,CF068E35B4DFE2A20AAD5E88E5836C8E86625934ADC0A3D2017B00FF9F27297E,827,1170,RGB
1744,page-1744.png,194527,5BB715AE6B1F69F1A858DE60A82CBE15685BCCA1BD3CE040E52064F1727F7BF5,827,1170,RGB
1745,page-1745.png,271496,1F9BA1F028FD657C0E9687E05447D83EA0BE715625E8CFE6F4ABB7729A5A4C6C,827,1170,RGB
1746,page-1746.png,188304,C0B927CEEA43FEC54E4EDEBBF9C68AE33A124C220BB917771AAC7C9E367F8720,827,1170,RGB
1747,page-1747.png,276299,D63E06AF23069E7376AAAE490CC3CD69B2D525ACD04205E02E9EA93F26C504B0,827,1170,RGB
1748,page-1748.png,205732,6A28F723618545F4A8DB4C18F59B9084560A5E8F800B85F4A6630DCA8564B7F0,827,1170,RGB
1749,page-1749.png,281333,E266A8877653652E25B0737DD9135DAFA9FAA47DC89768511F63706CE296CA3D,827,1170,RGB
1750,page-1750.png,244420,154FB1D5BCB831BC2D1E24B9C05082C495CC07607D7BB87C2E47F75AF597EBFF,827,1170,RGB
1751,page-1751.png,278675,ABDEB2E9F609B9B29E36A2CAD26A0C3E5DE87ACEB08B222C31F0509519333DBA,827,1170,RGB
1752,page-1752.png,300283,96B531EA72887D081FD99D5EF23AB712E8A8D4AD85B91501F2567F60F7BF71E2,827,1170,RGB
1753,page-1753.png,266012,C072E67CD8E0E70E182E8D03527B3FA6355D5280432E409B73335BF1DC3491DD,827,1170,RGB
1754,page-1754.png,307313,9A262F2B311EDE0411D56AFF001F27B12D17F9544AD7AB7DEA8B4F9BC77EAAD2,827,1170,RGB
1755,page-1755.png,310318,C2972CD4C16F877BCD061F1302FC6E4B5DFBF377BE86F470AB47CA85934BECD8,827,1170,RGB
1756,page-1756.png,308706,657FFE45C72B6EE289793996847542F6413815CE2104613873332572BC6C6BD2,827,1170,RGB
1757,page-1757.png,286455,7A21415FFD017AD654979A9BED105E65FB4388FF1CE84870C17A6D2BCB74795B,827,1170,RGB
1758,page-1758.png,316385,E081C701BAD53A931BACEE8F91AB4720042F6420D6151B6B7D88518531EAC34D,827,1170,RGB
1759,page-1759.png,258764,7B27F01729E780BF0E9A7FC677414387105AE83B277B44756DD24A6EA005E6B4,827,1170,RGB
1760,page-1760.png,308470,0C717C4B906DB427CF1C4D03A43429A3C06F230187B15D4EDF066B45D4018A18,827,1170,RGB
1761,page-1761.png,331657,5A474FFC777BE35D01E9026B8D7467ECB020D69D5E6145802AE2D6CC7F84A679,827,1170,RGB
1762,page-1762.png,293273,B8417E4326C332456381017EC9C92879FE82F9B63BA6FAC0DF0156312B6DA42A,827,1170,RGB
1763,page-1763.png,313472,E81250C8336312E9F830122D1F6C1DF96606FA0BCD102FA7AF99B408ED79DF5A,827,1170,RGB
1764,page-1764.png,344895,600F9680A89A8252B1B4690F789D26016F3A2D9A7A958DF90BC187EDAA7900BE,827,1170,RGB
1765,page-1765.png,283151,1EE49A63E83F0FE94F5ECB2B655E288752E2B2F285F58E4972FDFE51CC650C10,827,1170,RGB
1766,page-1766.png,242821,2712F5C3D57475FAC4265277244D1489ACFC77489D5AC8DC253388969F044623,827,1170,RGB
1767,page-1767.png,223300,093EB8255FA2DBEBBF9E290A4FE02CE66F70C44C61447C983ECF7CC22D016990,827,1170,RGB
1768,page-1768.png,94043,3316B4D77A172CF4D2C816B7AAB4DC06E681DECC3AF2E42136C2B8231DE1CF49,827,1170,RGB
1769,page-1769.png,195851,6DA733F4B843C1C0DEB26B348982D74511422D34A409DDD2114E2EFBFBAABF93,827,1170,RGB
1770,page-1770.png,270339,C7533DB000E1AD38ED0EF2A228C47886AC39910DBA24EF30E78E3FBD8872F1D2,827,1170,RGB
1771,page-1771.png,227765,269D9098E9C4FF415AB6E19E946A553BA9A85F2AE47DC8D33CCBDDD028EECDFE,827,1170,RGB
1772,page-1772.png,205786,54266E3AD30A0C7DE22CBF57EABD61266EC5767DCCACA41F286EDBF5E6B91322,827,1170,RGB
1773,page-1773.png,250835,2B57C2A3EDD47D21BC2F34B2325AB782113C0F3A5ED4DED783C65EF933C3A700,827,1170,RGB
1774,page-1774.png,205401,C25501318AF9DD1E356A7C687CDD964D284D7A5846856B8FE3ABEE651EAC25D8,827,1170,RGB
1775,page-1775.png,199869,C309F8BE21DDE48198CE48156BC695C4480BFFD72821F448BA5EA8499E3B571A,827,1170,RGB
1776,page-1776.png,233733,7349002426239372D8C593FB2AB5B1A81DD1501D4EBC61EEF7ACCFAE2D766A40,827,1170,RGB
1777,page-1777.png,261858,BF5A9A05DC3724180BEEED7622780E0A8D52B2D40121DCE9E17DB90706665B75,827,1170,RGB
1778,page-1778.png,255635,979B44092A761FA774E962B0E447C6ED172CA932BF0266870321E77CA33B36B8,827,1170,RGB
1779,page-1779.png,233809,E226936F5212DB7E164B03DB8BF8ED966C998D9784D9F4FAF9E153B8DDF8BA28,827,1170,RGB
1780,page-1780.png,207593,42825C887D7124E36AD4D9BF2D4F6473515CC6B0105818E3F46B64C9E56E59C5,827,1170,RGB
1781,page-1781.png,241363,5E7332D153FBCF0A732F0219983CB400714207B829CD411F8E09566FC9A4AD95,827,1170,RGB
1782,page-1782.png,289848,530727DF9650B90F8376CE929AFA05A30D99F6BA1942C48F88C0032FE327E3B7,827,1170,RGB
1783,page-1783.png,232386,A0C4D8B0B3284079D526F43E3B4AC357324B8D9A9F73241936AA05057BFD8A88,827,1170,RGB
1784,page-1784.png,247197,2E85FCC36791ABB2578BD1EE2606AE08955FAAC557B3906DF76F3967550FD3BE,827,1170,RGB
1785,page-1785.png,257018,C88BFB387C7ADEC69CB77E12DF47B26942FD2A29E384A4E9016C804C6D29F513,827,1170,RGB
1786,page-1786.png,224117,68F9FEA1590F5B7BF82CE4730E4433A5AF822870579C5A349509407011C2E91B,827,1170,RGB
1787,page-1787.png,278706,9546AF0D7CCDC2926C9DFFC95C3312109E73575DA2FBE008EAD246786AA6B743,827,1170,RGB
1788,page-1788.png,279608,0EA3F45F9DD5BB3B7AADE5D5C37FB353039A1DB1D05635F181B38BC92D7A7055,827,1170,RGB
1789,page-1789.png,253871,9A6B093D7991169A3F9AB241831B0292D42CF9B9C5E7343DBACAD73AA6CE071E,827,1170,RGB
1790,page-1790.png,247175,82D8168D410F3BACC0AB665FEEABAFC577D0CEF5279B85AC3EF2DE091342B3BE,827,1170,RGB
1791,page-1791.png,214222,E0447C3D6A0DDF492FB74EE55AFC76FA4EA220F75CEF13A27439A5560923305B,827,1170,RGB
1792,page-1792.png,239297,4277E88C2755A05BC06790FBE90EFDF5D9C00BCBB90FF99378BB7867436D33E8,827,1170,RGB
1793,page-1793.png,258475,EA9071B88CA68B37C26714B88504AF9F3289B1A93995557A22465D412952938E,827,1170,RGB
1794,page-1794.png,235428,B9EA7B15E172BB00E7BF5F642F866037744584311CCBC1C8FE3BD060E3097F77,827,1170,RGB
1795,page-1795.png,240729,1E76155D89856BE918A57A24E056D711185BBDC9C92CAF03E340239090ADF1FE,827,1170,RGB
1796,page-1796.png,265472,0FF2650C60D9FA8070A6875E108E0A10CC883B2F1B2C33196B0B74607211F52B,827,1170,RGB
1797,page-1797.png,236479,C651E27A59439C84609EE3F21A8A95F502D066FF672C48798CFD8B230E3F03EC,827,1170,RGB
1798,page-1798.png,264062,11D71E87996B1606AD6D85936B2C59E6C1A6D90726628B33CFE9CD6B87A5D5C4,827,1170,RGB
1799,page-1799.png,296374,EF23E684F904E907F962A56C2BE54F29E7549EB054AA6EA2053B6236662D3E54,827,1170,RGB
1800,page-1800.png,283762,72042CE72BE3ECCD4AC368309F5E616ED75C21E4A190AC384866DEE40B04DAD6,827,1170,RGB
1801,page-1801.png,239946,82644BD31ACE9DB7A0147C3256E6E81021ECCF0835B83C3411B48FD59C67F7D6,827,1170,RGB
1802,page-1802.png,272559,E055BD2E89C29AE4E2A7F965A3CF604B0AA3A6A122C1C7219EE2CC61B22C31A4,827,1170,RGB
1803,page-1803.png,313763,2490040C4A216958C53B161E58744B22056FA93E64FF16170BD52E7E4481F9F9,827,1170,RGB
1804,page-1804.png,250550,E0F2C8AD4DE27D1B5A0AC511578FE8C0DFF4535F09874396F9DAEF643883C05B,827,1170,RGB
1805,page-1805.png,195888,C05FFBA3135CE12053771D1C706C42C439A5E3418B55BC8252D4637CD206B18B,827,1170,RGB
1806,page-1806.png,259020,6B6A09652C4B7911854596C37F26EF4479CDA21DB6AFE311C6530D3F1881C659,827,1170,RGB
1807,page-1807.png,236274,AC12D5E3D0127B25B633ADD3FF9895830B732DB5E4CD7718CF60A09C342B1C1D,827,1170,RGB
1808,page-1808.png,252745,25DF864FE8CD2DC2E64F9C7E94B4BD81A78DEE997663DA97B8D0EFDF07ED793A,827,1170,RGB
1809,page-1809.png,276388,4A054C8F91266993F51885F31C56A070897887EF9C58B424AEF1FCCA12583EDC,827,1170,RGB
1810,page-1810.png,207962,22AB523B169D058EF0612C95C65D75694B496B1EAAF3B4FB7E5E0FB0C22EE3F2,827,1170,RGB
1811,page-1811.png,202617,D16B966EA6FE5ECBF83CBED0D2818C585DA7FA0C2C3C6EEA71549C12849DC4D0,827,1170,RGB
1812,page-1812.png,287022,F831E0CE4FA4F9C4963DB4F361F6EEC757FC6BACE3D4B0A983345C4619D147F6,827,1170,RGB
1813,page-1813.png,247151,769EF09C5D211AC0EB59C74ADD987B10A5BEB4F67F5A4F284A68D19D690D0792,827,1170,RGB
1814,page-1814.png,268755,4DA96930F2F7025864CDF6A12765492AB40BF1707D6F119DFA9EC4D1C61D07B8,827,1170,RGB
1815,page-1815.png,259782,9F34456D69331ADCBF874383ECFA0509F3AF2034AD4376E382FD323DDC9460EC,827,1170,RGB
1816,page-1816.png,233229,A7543515360AD8F6CCE140AE1200168335601E4587B1631AEBF32137541BFE72,827,1170,RGB
1817,page-1817.png,244368,363FC215F4F6B1F64075996C59C89B4B0B11E07739731347EAF63FCE48C64228,827,1170,RGB
1818,page-1818.png,268377,BB119C9998BBFA0D75CB25309336638236AD75E5FDD83ADDCCE0B06E0F09D17A,827,1170,RGB
1819,page-1819.png,265752,DB6CA265DFE7B39514A8B5340567E2142B551B812E7E2332D470C785EA9F05C6,827,1170,RGB
1820,page-1820.png,289289,73159CFDCD8F4ADC6F580764A506C2A17493AB6D94C698A047E888B4752E89AA,827,1170,RGB
1821,page-1821.png,297817,3AFA9D6286F2CF409A8FE807973FD187C8C24850F3848EB5F848C1AD395ED468,827,1170,RGB
1822,page-1822.png,242843,1C508F67EFF92223BEF75A16D02C11C6E3E05A8BA1447C269AF032570C7B4E71,827,1170,RGB
1823,page-1823.png,213077,2A5BC344932CFEDEC588A1097BB2457D1C6C48DA8CEFC4BEF5DD5E269B99BBC5,827,1170,RGB
1824,page-1824.png,289647,D7FA5E3FB03C156F5A89BC0A2F71573E72E1697F75EADE0159A19143368DA400,827,1170,RGB
1825,page-1825.png,268604,5FD463C20775D6C15B2663C487C5D399F7BDB11D3CFD0DA3936FCD5605C1AB0E,827,1170,RGB
1826,page-1826.png,210058,148075EA0D6F6DD814012C7F9100686BB8ABCCBA26EFD3E84FB9C0E96CBDE20E,827,1170,RGB
1827,page-1827.png,230516,913613E56EB279E8BAA4299AFC74BE6CAAA7B389E74179B80DAACE1AAE488A66,827,1170,RGB
1828,page-1828.png,256948,BBB597E5766A24133B22BBDD591E41D33854380A314B08592535E40F7BAB5F86,827,1170,RGB
1829,page-1829.png,250447,838C56C758B8966FF1374268318DF6AF8D3DDFDAF6FF6E7EDFD5DDD89878CC9F,827,1170,RGB
1830,page-1830.png,230284,5E1DE95BB0FFC0D0E41DAAD702636815DFDDE813463536D33435F092071A1434,827,1170,RGB
1831,page-1831.png,261657,9449975B6D15CA2090F7FB563FAF7DD1708F5991F4003A7ECC597321EE71E243,827,1170,RGB
1832,page-1832.png,398587,F8BEA46F1E7138C67F451115507A17AE5B4FB4D8AB6CC86A1DD69332C6ED96F7,827,1170,RGB
1833,page-1833.png,380839,1473FA64CBDAB7B6F7348DAC4F997A7FF98E777F21AF20D436486C10EE576CD6,827,1170,RGB
1834,page-1834.png,292316,7E5EAD6CF4E140F95FC216C5433ECD36D1967E0CC63D37443379D0806560BB40,827,1170,RGB
1835,page-1835.png,310442,D143667247B0FAF9B4079568EA3396995232431DE6FD59709622CC757354E6C7,827,1170,RGB
1836,page-1836.png,277211,F037F91F029FFF0FAC0CDF72D4A10C1690FC60483E2458563BD7EC5F58B9ABE1,827,1170,RGB
1837,page-1837.png,324952,D803CF6C22095425ACCE4BA30E4F8C6A0CBA0ED50E02CC3ABCA95B9A397874C7,827,1170,RGB
1838,page-1838.png,339890,A0FB963F5D0B2324E99BADDC4C68E28F743F3751A4194ECF9EDB9E1EE1AA9125,827,1170,RGB
1839,page-1839.png,214478,12B29B842151FDB8C3D8D62A5C753B9A2C6EE73880B19355C983FF96B63868A9,827,1170,RGB
1840,page-1840.png,315000,D2ADD22D28E75A80386B3ADC4EE3C6973187F7882B33F230CEB7A5B2CBB8FCC1,827,1170,RGB
1841,page-1841.png,278465,12361E3D4C46343286EBC19F8B50B09CA6BC2B3E2E78A64845C2F503BE33D540,827,1170,RGB
1842,page-1842.png,231718,03F1BD5AC733D970F26A492719F3DB7D15663F4A9371B5DC481FCB8DD991136E,827,1170,RGB
1843,page-1843.png,336018,9EC8F2787E1D83885E0F85F7E1B0BD36B003BB3C3CE48BE8DA8C154A421B4620,827,1170,RGB
1844,page-1844.png,278101,F7854CF2428777BA91C7394F297DA157B0A51ECC58F0D426A85CF1E4BB878461,827,1170,RGB
1845,page-1845.png,282354,2B03C8BB1D2940F6C3E373A99305DE11DD13DA4FFB3A8B82968E7BBE0BB7DFCE,827,1170,RGB
1846,page-1846.png,295644,3D5A43C796419888E1195FBDAA401A5046084B880F013E33371756CAE494560B,827,1170,RGB
1847,page-1847.png,349734,713E1FAFA2F461A44DC29D66738D3A0617A8615B6D5AB7F5D1BD45848DC28FDA,827,1170,RGB
1848,page-1848.png,310896,577726359EE101CE15B0D0010A5671AACE30E40B8A47487839969C04C6DA0A92,827,1170,RGB
1849,page-1849.png,271703,55D51506D963ADE4789CD6A08AAF6DF3567DCA44341F51D2C7F13280FB774018,827,1170,RGB
1850,page-1850.png,299838,4F0DC56891B73640FF1C067E6CB9F1C38D11604FD7922593963DAC23D3A32AC1,827,1170,RGB
1851,page-1851.png,301433,9EF8F16BD786791F1764723545903836697ED8CEA0230EB4783169CBAD97B21E,827,1170,RGB
1852,page-1852.png,351003,926ABBF21043FDBE3C9C7D74EBBA84E1C1C4F577DF417C03C29CAC8DBC72E440,827,1170,RGB
1853,page-1853.png,371930,E2FA9CAAD150A562CE91AC5947E42DD5678C9EDE0970BE11EE77BDEE0195A8F8,827,1170,RGB
1854,page-1854.png,375657,37A48949C2E711E730BE3DAEE1CF774DBB2D0CDF792DB66121C77B88F674F221,827,1170,RGB
1855,page-1855.png,332446,9CD6542DBD0C0A90E5A8A93030DB882C01D19324BA5504552375CE44F601DFA6,827,1170,RGB
1856,page-1856.png,275736,883687946F557B9EA0D7AF3EB9DBE85DD0E8AA7F4CA14CEAE075ECF1F1AF64F4,827,1170,RGB
1857,page-1857.png,214425,B6A398913AA51559EABE1401416AF7C4DD0C9C304B67CD84328653D40C98FA87,827,1170,RGB
1858,page-1858.png,262298,47BAA42D9A544C5BA3A4D8B0E88B60B724569528D6FBC5AEBA30528C87D33D86,827,1170,RGB
1859,page-1859.png,344253,9DC3C76ECF923999D09DDC2C9A9E1337C9FEC7ECEAEAA53AF84A04337DD46C3A,827,1170,RGB
1860,page-1860.png,370010,8842BFE1FCFDC9DC0257544FB6B2D52649860378F05EE57730F342F77B8502C7,827,1170,RGB
1861,page-1861.png,265021,6D34827CBBFC9837DBCEB6CBAEC2FC949BB08C49A1950C6DB82593EA6EA7BA4A,827,1170,RGB
1862,page-1862.png,273044,FA4C8E5558448493C39C5263217952BD2FF9B6EA492AB44F89FCD5272D054185,827,1170,RGB
1863,page-1863.png,275173,B70DD32D1A1051C92A3EF092D969F295EA057F8C3F216DAD2D83843EA5230FD2,827,1170,RGB
1864,page-1864.png,276703,B6A43BA77BCDC9D5C3B319156512287A7FFB5BE4385F2613B5B12B94E9752EA5,827,1170,RGB
1865,page-1865.png,289573,BB75AA932B4CB6817B5BDBC7F045E51194B18565965D3230860CD8E4C7F08919,827,1170,RGB
1866,page-1866.png,307269,89EDFDDA066A51DB4BC2E1A22C47CF7E67262A794F7CD0B8AC924B12ED5993DA,827,1170,RGB
1867,page-1867.png,307841,C58ADED3F806BE3110B130AACB0A136B9C403ACB7894B166D38EC724FE28BBE8,827,1170,RGB
1868,page-1868.png,228609,7A1AE8F6989F68B8362EEB8DA23AC1AEBD6785F22680B179136FD0F6A0EA3019,827,1170,RGB
1869,page-1869.png,286113,3E7F941F4BE7B871886F1A4776E62D045917A4C711EE9639522D284B372A63DF,827,1170,RGB
1870,page-1870.png,301710,42880B413071D2731BDBBB7309F40DC93895C3D1E9C51E2372C455903E1C381A,827,1170,RGB
1871,page-1871.png,302943,CCA616869D2CAC2E0ED866074DFC07B80706BA45DDFC099BFA8EF1785312D54A,827,1170,RGB
1872,page-1872.png,266531,07486D4864DCCF3E9BB9CD24B4274BEAD98570E63FC6E8127CC3A65D7DD12841,827,1170,RGB
1873,page-1873.png,314533,BF272473F6782D14501064B34E181CFD90DD1103DAA62A4148E071337F373706,827,1170,RGB
1874,page-1874.png,273510,1C45D5C9B05F2DBD8338B172C125362C5045D413A58329A71A1A9911D5C360E4,827,1170,RGB
1875,page-1875.png,88159,01681843399C74C83DFEDE8EE453D4F6A2350E2A5F9F772AB193C91E0567089B,827,1170,RGB
1876,page-1876.png,262652,4A5034AA82763796766D1C39DA53A5C78D8576DB67DB0C40CC442AEB703E2BAE,827,1170,RGB
1877,page-1877.png,257391,21BB51BEBBD9CAE66153E97045228EBCD399CD549BD1AFD813E60EC43EA3F945,827,1170,RGB
1878,page-1878.png,264734,58CA555EE466D34A11F83CA52CDA422E4BF92C9A9EDA6007CCECFEE4BF4058DC,827,1170,RGB
1879,page-1879.png,242054,A8B86B1C2295912BE8E87CC848876A3A3A587CA183DD756C6126124219C874B5,827,1170,RGB
1880,page-1880.png,308789,87BFE5B7FAB771D6498ECF31ACACDF0AF3593E5A463CBEF8F466F705B87F6A55,827,1170,RGB
1881,page-1881.png,246317,AEAE0CD4A30FA66C7AF00BB5499CF805138ABD08F45472B2872552578FA92F66,827,1170,RGB
1882,page-1882.png,210295,8CFC21D40255C409F5F3270DC0FD68B65A1EF86EDC37EB2B605EBDFBDFC6819B,827,1170,RGB
1883,page-1883.png,310630,B6DF54F9F4AC2BE3B4EC637F414981628A991563BFCDB36FA1BBF1746CF5C625,827,1170,RGB
1884,page-1884.png,309896,9C5FA88F78686F1F70B057BA8D80455CDC08235647262281F24267DD2A773FD5,827,1170,RGB
1885,page-1885.png,311105,1AD4BDF0F40C4E1A228F0E3173B3622612679275E74057FDF163005D643E3CE4,827,1170,RGB
1886,page-1886.png,298686,0CDC9DC888744A8B291210DBE9DA94E25D842DCF631616C72C64286A53F9F561,827,1170,RGB
1887,page-1887.png,342131,1E83111BE31B723853BCAC55E215AEB35302BD4FEF87D1D6D881ACB0BB23A10E,827,1170,RGB
1888,page-1888.png,228378,DCF3AA17494FE8D0754EB3869BD6F98E71B0ACFD421A916634284D440392E588,827,1170,RGB
1889,page-1889.png,221875,9F949A50DB34F0BEF16E4800891B15A6BF4704CEB513E7126D7CD81D570CCAC5,827,1170,RGB
1890,page-1890.png,318825,5398BC34E656A86660C6CC652088FF39D66F32B647A2E58D097E473D6FB4869C,827,1170,RGB
1891,page-1891.png,276748,D4C65C3495847671C37BBC644B73C9EB5DADA622A1F0C811FF1FBFBFD4DD6FF7,827,1170,RGB
1892,page-1892.png,241230,BFCAC61DB7E68B479DD55E9EBC42B2E86FB6B746B1E67BF2919CDCD434A1BD71,827,1170,RGB
1893,page-1893.png,284010,EFAD1AAF7278BBE67163F611FCA7757E763868C1B025D4733F3D900F5E0CAD94,827,1170,RGB
1894,page-1894.png,260519,4FD6F4CC531FC092EEAE5511C41E1B290830FB7F07BE1E2EB83216793B31F224,827,1170,RGB
1895,page-1895.png,336934,49F0ECFE56E597129159396733C3222E9B3DAABE7A91A509C11F2F8C7BE96118,827,1170,RGB
1896,page-1896.png,317878,8B9A0F1631D1AD83119487AF79EDDCEC10BC6A03FAFCA912265EB6A4F888B865,827,1170,RGB
1897,page-1897.png,247428,AE7FC36B44B6A5743751056C0A0DE1C1BDE1CA800A2526343CEABD8E6D3745B7,827,1170,RGB
1898,page-1898.png,275889,B39BD17E64D94C5D93271A338DD5857C1B4C5EDA86A205451D0F909499887928,827,1170,RGB
1899,page-1899.png,246035,7B2575C044193492CDE8650A9CD6C2910B1C86CFF7FA19A59BC4669C626D1B9A,827,1170,RGB
1900,page-1900.png,218854,CC0BEA6A1C696F9415C9A22631738E1E90311BF38F96F190D751145690797A60,827,1170,RGB
1901,page-1901.png,315408,C90B4216E50F6EC1E59028CC69AC6C885FB9046FCC0B415CDA026AF5D57C6CF7,827,1170,RGB
1902,page-1902.png,261702,02FA7228A05E21AD516030F288D2F0640B28186A13229166FADDDC805A904D16,827,1170,RGB
1903,page-1903.png,296841,19ADB94D045BC20BED108A5A4ED6B7E8D5FE10EC5D02784770AFFF72A812611A,827,1170,RGB
1904,page-1904.png,362710,C4C07B665670D47D3C7B503D25068D36464A149B961BD6F31BEAC6D40A20B5D3,827,1170,RGB
1905,page-1905.png,326160,8E479C2DCEB582C6B4B72CACD3E37F34409F9B05AF901B8E04943363AD9EAE6C,827,1170,RGB
1906,page-1906.png,308093,1A8A59BFCB338BEF77825B213D25398A0CFBBF2459943589D29FA14EBF222A27,827,1170,RGB
1907,page-1907.png,308117,1FFFB87353BF4BE50B4D5A3373611B0155FEC4B360983F674DEFA6B41ED315CE,827,1170,RGB
1908,page-1908.png,234519,98B667F28142E2497CC1593FE34691C38D8889867D37E322655342842FBCF296,827,1170,RGB
1909,page-1909.png,189571,F7520CA8F49EF8DD84E1A9A0C450234F0738DFDEF0CDC06A86FB199A33B84ED3,827,1170,RGB
1910,page-1910.png,202779,B752FA3E6FA4A21EF0AA2054D41C483FF43EF513BFF345EC163C15EF4A6DA39D,827,1170,RGB
1911,page-1911.png,275320,84E99099CFEC49934BD09C7D87503EFC851181CA8463CA7A5B4BB64FAD9AD529,827,1170,RGB
1912,page-1912.png,243756,8AFE093C8A88B35587462575B30A6A5C1E124A11BBE12D2750A2B0E80B5A43AA,827,1170,RGB
1913,page-1913.png,302529,7DE2FA6FA454A8373353F0926DD7CE82E3BA05F79EB7DCE44D50D6ABFC04D06A,827,1170,RGB
1914,page-1914.png,221100,E6BAB832B15EB750B19BD84609D9729FB20B85B1E5289F2FA5A06280DDA74C8D,827,1170,RGB
1915,page-1915.png,279418,1C6B374B8D6E501E116B4A82F44395C6B9527F7F2A2609513F96B6D7EED77EED,827,1170,RGB
1916,page-1916.png,336013,5F0B9BDABE8B20550E3D47FE1778C2484D8CF4049323EFFCFA58A87761607807,827,1170,RGB
1917,page-1917.png,279380,545932C043921405A99EAEE9B9F3ABD11E3A993771981AF3F1B1E5BF5D60BD1A,827,1170,RGB
1918,page-1918.png,344518,20D21B2609C27223541DE97BD4DCEC339F21FB80924CDDA1D3EE3EF6339A9909,827,1170,RGB
1919,page-1919.png,341555,6953BB7828BE4BB6F9BA77E103018DFE4DEC468AFE87234397EB45F6B3304AE7,827,1170,RGB
1920,page-1920.png,344681,B36137757A6CE0060FCEC7473CE97B46F17EE39C72F54051AEFE006800E319EA,827,1170,RGB
1921,page-1921.png,295724,B2EA22B03245A1F12B152905AA2FE39DB3B50759357639828D1F489D2B4D43A1,827,1170,RGB
1922,page-1922.png,325010,19676C4BD5DC8B446CF6866B99E99A20306C487DD7BC834FE5E8B1579C13056B,827,1170,RGB
1923,page-1923.png,257942,0D46D918FF68A9E96F49D92DAB602E9ADB3FA5D2AC0C94CD007F6A19A39CF8E0,827,1170,RGB
1924,page-1924.png,323224,AD84E94CD2FCA94B1AA43CFE9DCEEC8AB17A4D201E155203231432F69D3833DA,827,1170,RGB
1925,page-1925.png,279186,D614631195DAE6BC82DB8A063DA44EBEB3C2FF5987E0977AD8830F3193F62F08,827,1170,RGB
1926,page-1926.png,303930,09D5BFE76E9C88B01A6678D08858ABEA80BDD3DE5EA9C86C3D24F44920197C51,827,1170,RGB
1927,page-1927.png,356252,3849BD8477706205A48500FB1E9F027FE6EF04A5EB3B4552707F40789EF3A420,827,1170,RGB
1928,page-1928.png,253588,51DDE869E8EAD0F3ABB623B689601A82FE02020BAAA7A1A6743F3D48FE9D90BF,827,1170,RGB
1929,page-1929.png,381830,2167281AAB0DBA96E04069B5559C916243B2C8D0060445CE93F826D1D7AD1ACD,827,1170,RGB
1930,page-1930.png,287030,C2F5E87C2957E43174E4465449045A374B992A948505681F68D90C42508C0656,827,1170,RGB
1931,page-1931.png,302378,C9C40E4227E3F7CEA5DEF616CA0E8C5CEFBD7003A6F8679ED213E1877CCDFDE5,827,1170,RGB
1932,page-1932.png,292186,C180F2A0E52F1BFFD3BF8B585B9C8B2B799637C6D802BF90D5A73E16267FCEE9,827,1170,RGB
1933,page-1933.png,250650,E897A7B60D5E6D26B7F88D3F125C4165B7FBB288219BBA09A6FA40A01382C64D,827,1170,RGB
1934,page-1934.png,274271,D602879E37B6230F99AEAE4FDAA83F2B299CC5081C13DFFCF6640C7B07363872,827,1170,RGB
1935,page-1935.png,376369,3CB2789BE2233A2055DDCE3BE37672A83E27C214879B56081C88CE24B97F7D9A,827,1170,RGB
1936,page-1936.png,354846,7A17B97F1BD552E6DE36B5D1FCC1635E98DA661D5DEAFA5A4D3152E3E02372D6,827,1170,RGB
1937,page-1937.png,289204,1D26CA25DEBCFE755D1CD71E5826757E82D4285A35873B08C93F5378F9FFDB45,827,1170,RGB
1938,page-1938.png,373892,B2FD4246456E300F26528E33329FC89640D519333C438FDB06B2B6A275891733,827,1170,RGB
1939,page-1939.png,322903,E0503A0B677A85003191E6830070EED489A36D52937C535691D7C0526C3E2528,827,1170,RGB
1940,page-1940.png,293666,295D3D61846A62FE35FB775212609012317FD1DC80B7AB48AF5EB4A3BAC58A39,827,1170,RGB
1941,page-1941.png,309744,B0FC9CAA2AD20CEDB152BE9220933D6D8A54222E5D7F794833695B7B78BFF972,827,1170,RGB
1942,page-1942.png,321238,8C58CC2CFFE08A20007FBB74952B1315826EBBC2847AFE6573C978983A4D3DB1,827,1170,RGB
1943,page-1943.png,282528,3C6FC9E59EB32327C76F1F3C0AB1BD8D83A14DC3B64D755C878AFD9D29CFB614,827,1170,RGB
1944,page-1944.png,291682,CD3B1B4A13AC7B2A7A5D75FB55CCA8C477155523049C21F17639AD2433DAC0D1,827,1170,RGB
1945,page-1945.png,283912,48EC8C0E832C47A94401D10CBDCF2496420A13586B14A582931F5DA5A2124A39,827,1170,RGB
1946,page-1946.png,351571,0DF941C0FE8DAA79561FCF350569A85D41BE1A9EC33855589ACE4BA6390280B0,827,1170,RGB
1947,page-1947.png,321438,67CB67A6837DD8954752BC2790849A97EC826DA234FCDDE110B2EE0110016BC9,827,1170,RGB
1948,page-1948.png,353723,4D85D3EE7CD3E00F34E72683C0977020EB75600E1255213C76F3E133BBB3873D,827,1170,RGB
1949,page-1949.png,308810,33D535A2325B6B98F7A2B77121C4D7ED29D42402F9EF7FD6BB5AA0CCE75A3602,827,1170,RGB
1950,page-1950.png,312574,CB3A81F7D39A0723E47982A0D6A93D4941808F486E73A25CAE8EBA9708412275,827,1170,RGB
1951,page-1951.png,306471,0E580A4C8AC4642D3715E22F3D8A42D65AED1895A862F7D56DC3EBF4A648DC9D,827,1170,RGB
1952,page-1952.png,340617,992CE73CBFCF7DF840E8FDB2DE7695B4FACCDE85D30C6C35ED1B0A96D82F8E55,827,1170,RGB
1953,page-1953.png,353342,B146D8CCF20D5CFA363BA64D0EC0CA540C1B1A559201B9EAF29ECD21CAA2D6D0,827,1170,RGB
1954,page-1954.png,263281,C02CD259AD4C492BD67B32009B9E4B73D57AEB3B6942EBCC50E5CD341921C3BF,827,1170,RGB
1955,page-1955.png,266510,8389DE6F39318EB44A887BC8C943E250486C02C8002565612034AAD9A4E02197,827,1170,RGB
1956,page-1956.png,318072,03EFCACE589B9A806AC33E982D573FF2779B97B3AC46ADB2A969210A790E0E18,827,1170,RGB
1957,page-1957.png,262191,5B57A1BCA0DEE4251484B7E6542F40A62C9F176239862EF2855BA22C36561262,827,1170,RGB
1958,page-1958.png,292240,DAEADB06E6099ADEE5EC2D833B5E08AC7C402052C07A20DDF907A28E6BAF0656,827,1170,RGB
1959,page-1959.png,314199,20FBD82A03F39EADBCC117F645DA0A58C72C80608EC51E36B7B7438E2A3E8D8D,827,1170,RGB
1960,page-1960.png,299522,F3450447BFF1B52576091CDD930F6ABF72B8FBCE5F323B71D1D5AB83E03AB965,827,1170,RGB
1961,page-1961.png,312301,ADDD242D3DEA2A430B99B396EDE876E8827FDB498A02F0F404BB6004BD0920FF,827,1170,RGB
1962,page-1962.png,313261,7F47B6D3A4DC25FF6C36551F920D9E4790EACCF10F74E9EAFB3C0FD1EA118111,827,1170,RGB
1963,page-1963.png,353326,8B26F4C864055DBFD1B55ABEFE564DA8C73891D61EA45C8A1C2835D111C93B49,827,1170,RGB
1964,page-1964.png,270125,1B9A27420C94238379ED1EB27E3EF28215D2FE5B72CA970DB4F4E7D9EE47BCC1,827,1170,RGB
1965,page-1965.png,300923,B39C01219399C48CE44ECF8F4E1553AE03361FF71AD6205CBFDB010D56CDFD39,827,1170,RGB
1966,page-1966.png,324231,0042D6AC9A931FBDD1ADFFB6132F9415CE774AE45E3D9FCE54D95FF2F111D31B,827,1170,RGB
1967,page-1967.png,262711,D837024E045C0E1611495D947374EFE265AF35223062CCCC28CBC93F067851DA,827,1170,RGB
1968,page-1968.png,270337,42C01FEF1BBA15CF6B25970DE2CD19C968A11AEFD877EE7E3EA0D749A73FD82C,827,1170,RGB
1969,page-1969.png,288450,0C620CC805A647E004D0A4EA73DBC4097EF2CCE5E97DF0E4247D621A905563E2,827,1170,RGB
1970,page-1970.png,340017,6DDC078578B57B2268AE75CAE8378CAB848BC2970914F3B3DD1052B4EB97CD39,827,1170,RGB
1971,page-1971.png,315991,67607FB476940F49D915758CB9374C23D66E8D6DB53D8037E3FBADA934035C93,827,1170,RGB
1972,page-1972.png,294120,6594BB4A65FBE12F973E21DBCA25433F6588EB1C28CEFBA1466CDA408FAB66B9,827,1170,RGB
1973,page-1973.png,341991,6D3AE9CFD37D362B86D4122AC9D0BD9CB9247644109292375EF3ED93FB85D024,827,1170,RGB
1974,page-1974.png,298064,33A19A0216B566D650D459CF8C13339B13920A236DBB775D29780D08182C9859,827,1170,RGB
1975,page-1975.png,306537,DB2531AAD134EFA304062AF0D9B73FEFB24A8029F893CC34C89C6662F36AE319,827,1170,RGB
1976,page-1976.png,374117,07B0888F1F6E513668306963DF9B8476BE857A783F5ECB4DBA72E5D167C05A68,827,1170,RGB
1977,page-1977.png,292366,50E71BD221211DA06728DB5B684CF4586BD2E929DCC0566E2FEF2C7DB648D378,827,1170,RGB
1978,page-1978.png,284417,ED2A0B91C642F3D049D8552B0FFF29FA7FFD5497F888D2CF1E012C99D8D4E986,827,1170,RGB
1979,page-1979.png,321963,73462815D1E3D32CCB536C2FB34053AB1ADB78654BB2569149527470B893AA52,827,1170,RGB
1980,page-1980.png,352801,9EE659F5B2F05CCC23CD1FB2A39E142D5EBD7D056DD5D467763A0B416836F1AB,827,1170,RGB
1981,page-1981.png,319616,2BBFE1D473874B13ECC30281304D9AB146D127F57600B516A63E4F40E2D09C37,827,1170,RGB
1982,page-1982.png,348550,252B787C65DDD2F34A07B6A9750485398514BC5A596255E8EB1B9B8DBE62C553,827,1170,RGB
1983,page-1983.png,338744,83C8A54E644D10C2432C54C9D26654311156A009992919CB115D2D5C4F5DA20D,827,1170,RGB
1984,page-1984.png,335632,B4F7F1954855029E43B49FD16907E0E694964B09337310D458BA40C2E48D9D0A,827,1170,RGB
1985,page-1985.png,345156,F1CC63C0BDA808CE02B3A31AA46F1D7547209447B9773FA79F37066BB3FA0A51,827,1170,RGB
1986,page-1986.png,307967,C62E0A6D6E3E6509732AE3E5242DA81B5507FE57FFBEEDC8AA9D46E7B38811BB,827,1170,RGB
1987,page-1987.png,323924,10067ED496D4CF9FB5458F2DC2EBA16C29B8959A9FF15834747EF8388C03CB67,827,1170,RGB
1988,page-1988.png,316693,41C227EB620CFD46A878B847C92632986C3E76ADEE3BCE433E6B6ED6D21D5096,827,1170,RGB
1989,page-1989.png,335395,FBDAE242998A1387BEA1309D34DEE75DD13A74C70D0FF9AE1F9C63A70656B1D6,827,1170,RGB
1990,page-1990.png,298318,C90A7040ED49CB54EB826A5B02FF75CAF70D75D1423C166037B52EB209AFF6AD,827,1170,RGB
1991,page-1991.png,365018,E93F9D0F7B4BEAE1FEB32BBA6A606D2B84609B3E115C027193F8435BC64A60D3,827,1170,RGB
1992,page-1992.png,255259,5E1D49DAB2F3B460F1DA37E10F1A097057C447B20C7E216677AC8CD1D78153EB,827,1170,RGB
1993,page-1993.png,274892,AFDC101445C2D61E1F8911DAADD528C4380AB0A61ADF78CE00ABA9790F658FC5,827,1170,RGB
1994,page-1994.png,318900,76CDA4F18D253C0A1EC9906EAE25CF5FC2F1BAFB564F87DCBBBE4C8A29BF695E,827,1170,RGB
1995,page-1995.png,300054,967DE3EC63C38A8715E798818A213E61F1A27255E5E8B4AB386455871F7A9B21,827,1170,RGB
1996,page-1996.png,320470,C6047C8BEFF804EE04E6EE5D7FE18DF2FD6238501A891D36C926AA25595518A1,827,1170,RGB
1997,page-1997.png,266703,B3BCD2164CFFA7AE7D96D1F0FA6112AA2F552187508038724EB047BEBB2BB216,827,1170,RGB
1998,page-1998.png,248936,FEFD74E6D78CAA9DF5E5B1ABF2A4201391453CE2BCC3409EA87B2100FF392CE3,827,1170,RGB
1999,page-1999.png,279081,B90E13233334BBE542595391BA7EDBFFE81E28BD11D8DF0DBB7CFB333F8A05A7,827,1170,RGB
2000,page-2000.png,307165,7D99F67D24A4E056D58494B2596904ECE819B0594BCF26795C4EFC04F04B362D,827,1170,RGB
2001,page-2001.png,243436,81C5C419001F35E7F10E4090F4294EAB4DA3BAFBAB1292A8798CAFAF18BD24FA,827,1170,RGB
2002,page-2002.png,273281,0AFF01417CDC41662A91CB750AF6C110A87B5D0A60EC94E9A4C35EB1A1949EAB,827,1170,RGB
2003,page-2003.png,299457,AD0CAB5913BD69E3015B182C3CAE5CC76A3B8146328A5A1810C2882A738159F8,827,1170,RGB
2004,page-2004.png,282682,FF581635C7D77E2ADD5AFC6B4352D3777EF58BBBAA183526A8CF9579325C7F83,827,1170,RGB
2005,page-2005.png,288054,9174B97D15D2296FE22D1D96B19D8881E3E8F0B6F12A9665A228BD428D5BF1B1,827,1170,RGB
2006,page-2006.png,244145,116A8292E37A470BBAA268ACCF50078450A36E543464783CEAE892C410EAC44D,827,1170,RGB
2007,page-2007.png,189287,3D5E5D9AD6923464C2E3249D5B98FA3CD958706FB7CDF60D7E6D274088077D1F,827,1170,RGB
2008,page-2008.png,327966,508987269344EB509F8EEC5F0A5F04E49580FD99EF2D58401CC1008EBC7391A9,827,1170,RGB
2009,page-2009.png,334501,2D6681F64F00E19A0D087490171DACE71CE51E9D23D6736D2D958833B46EBDAE,827,1170,RGB
2010,page-2010.png,293115,70C548586636B49FD9815F9C7689A37D669D9E835D5DD29EB68D70D32688F913,827,1170,RGB
2011,page-2011.png,300667,E5B69E260ADDC983E10C0FC28ED4E831A90747AC332076B77B33C26BF0D07E11,827,1170,RGB
2012,page-2012.png,324058,661E0A8E9EEDC07270BEFE9E7145F384E95A4CE804E120180CCDCE33ED8CF1A8,827,1170,RGB
2013,page-2013.png,278445,E39922FF75DB92E6308546209E6996BBD8CCC2586A216A9A89876E1F013307ED,827,1170,RGB
2014,page-2014.png,236786,3BD8AE748FE650D225F3A37EF0A9304F31BA5FCD27CB97C2C87CAAF35F194325,827,1170,RGB
2015,page-2015.png,208265,41DD0DA1CABF434009D2E7CE225640CE5B66BF803A67B0F9187514031A82B63D,827,1170,RGB
2016,page-2016.png,261278,640C92E8285688E7C1C514B4EC1A5132CCCE2187478911BC6D4DBDC28D5DD257,827,1170,RGB
2017,page-2017.png,367234,CC473C22028266F620BAEB98829DA89C15E8D18AF7FE7DA7CB3207CBACC23567,827,1170,RGB
2018,page-2018.png,347928,10117744DB228769E71284A70089830C99F2AEC607C15106A649EB687FB607BD,827,1170,RGB
2019,page-2019.png,353863,4B0933E87362CF2C6CE32A8AFF413ACA948E545AB5E3403DB26B9897ACE78239,827,1170,RGB
2020,page-2020.png,293957,6D9B10C7FC17D67A0EEA98CB39E0791C9BAD367748D754868D88697CC700AAD9,827,1170,RGB
2021,page-2021.png,317392,D0EF8CC04A49071F11BC4DB066818421ED14F1C202276B2C434C457B93CD90A0,827,1170,RGB
2022,page-2022.png,300701,805A294FF0CC892E1401E62E2CEE20BD29FE902837C0C1AF8036B006BD2156B5,827,1170,RGB
2023,page-2023.png,256238,6225B2A48E564DA17750A2B6BA64298BED43BDA13ABA5F85BE6660C0B0635C7D,827,1170,RGB
2024,page-2024.png,242096,19C2C9991645A49E2AD006836DF5954EDB3593ED7B5C9D1508D750CC9C01DD5E,827,1170,RGB
2025,page-2025.png,277164,A025F01E28952BC5372F7FDC519F1017D31999D834DA024856C78A1BD3DD3918,827,1170,RGB
2026,page-2026.png,307977,1E00BBEE0571F55F07FF7F8948B058A96BFBFFFE048316CAF0C946CC0A0097C7,827,1170,RGB
2027,page-2027.png,240420,446B5B49A214CFD17D23283450D17D3648A09C747DC1BB612387B8F7C5464908,827,1170,RGB
2028,page-2028.png,238797,C5ADA9A96882C163F77A2B487EAC30671BB033BF1CF55FE789E3ADDA8F721C5D,827,1170,RGB
2029,page-2029.png,272972,1109CA6DA3E5575CD4AEF5EC0B204DFDA435948D3CFEABDF6AE29E6B9E8279DE,827,1170,RGB
2030,page-2030.png,305363,E8B6D3E63C4E0AE39B6B721930F0A18F7744DD63E783CAB5CB3B48A1994BAC38,827,1170,RGB
2031,page-2031.png,252817,8981D3D052D440D9CBF3E7A026EAEFEC31844CA1D31BF912DD14032563D83583,827,1170,RGB
2032,page-2032.png,333913,28749A398B82EA0902AF7E0D855582BF148BFFD9A1B256C9D42D47352FB8436C,827,1170,RGB
2033,page-2033.png,318600,1D725BD3D15020AAA9DC863C29504B2947D259C16BD5F75C39C3B029013882EE,827,1170,RGB
2034,page-2034.png,265318,6763C9C92AFE6AADBB4742D8971540521254D67713DE901088680C2BBB876E7E,827,1170,RGB
2035,page-2035.png,276175,E5B974C155E7374631C54313C58280B3D2027A6F863B604943FDC694067C97A5,827,1170,RGB
2036,page-2036.png,298395,5BFA8D9318CCC4710F1AD2E8095D9C92F5E594105C38C5EDBD5F0966067A1857,827,1170,RGB
2037,page-2037.png,263356,E36C4A0E1744A59BD0427F329099F661D16C22EC40DA98D178B9EE61261678AF,827,1170,RGB
2038,page-2038.png,337166,C59B06C7E1504D11533B320B433BE7F40A6D8E5E9AAEF66F11B8EE57010991D4,827,1170,RGB
2039,page-2039.png,365593,9E2BC277B82F77F2AC299CE3D78E4F46052C5E19E563C56BB1734B110979D972,827,1170,RGB
2040,page-2040.png,287927,0FB4ACDC7E39188BEED638B5436E1C7C885157CFA88CA8D13299884344DCD28B,827,1170,RGB
2041,page-2041.png,329723,90996F7585D7C928311729683C57D71A116149C49BD6D67A0EBC1A0484BF1A55,827,1170,RGB
2042,page-2042.png,299929,8AF252761A8CD775D83F78D7037358641574DDC9C4A55D85A221E37CFF763CB9,827,1170,RGB
2043,page-2043.png,345212,2DD11400A97B670C9E84ED83E6435BD170CC07D28FC70A47A40C2920547C3E5C,827,1170,RGB
2044,page-2044.png,295224,AF128D3D3713550E35743EBCEAE4FFB1CCB5785F701DA0C234F61DC044EF0B16,827,1170,RGB
2045,page-2045.png,229247,59AF5E5A5B38C21B1F80DE45276E21D8A7AF45E7C1996606968E5848E2FA171F,827,1170,RGB
2046,page-2046.png,340429,ED822FF5C933670E5DE66A6F9C5F51899076239FDB0640222FC95C7286099FF6,827,1170,RGB
2047,page-2047.png,267293,2D818B7575EEC9D3BBA65326FE2599F7EC5555B64878580CCCD4CB6721875FBD,827,1170,RGB
2048,page-2048.png,364795,AFB3C6EA83E5835D3A8F2B441D456EB8DCBBAE146CD48FAF71DB02E0650C8EB1,827,1170,RGB
2049,page-2049.png,396029,531390EC50FEDE8D3B725073B62F769F627DC8615DCA3EB14E9645CD4E18C29A,827,1170,RGB
2050,page-2050.png,331522,4BBF8F72F06088231624B767D5B3B4E9A07F548826062A26F5117744515470EB,827,1170,RGB
2051,page-2051.png,366191,B9FECFD48037FEACDDF3CD5D3B184D7D9CFAC86E8326288AD0FCF88B487FDCFE,827,1170,RGB
2052,page-2052.png,338000,21853DF1F691CC66ACF4DC8E8AC412691FC86718D472B6E7BBEADCE8E0E0CCA4,827,1170,RGB
2053,page-2053.png,317548,422312AC286A5BC430167618CC5BE596D933F5293BF4A1970D135A569CA763FD,827,1170,RGB
2054,page-2054.png,312662,96D75B8AC18833F621937D7E77F6EE96855EA280DDF64E973C69847B27E08A30,827,1170,RGB
2055,page-2055.png,250068,5B0AC6A116AE38DA5D92BDFC8ADD9B7C1A925986B97D93F8AA1775256150BE17,827,1170,RGB
2056,page-2056.png,275142,B17C26598BD15E063A9704ABCAA020D5663DCC87550EF66875117ECEFAA88539,827,1170,RGB
2057,page-2057.png,256408,873C16795DA63F162502D8C36179D95FAED53AE934B4AD3E2EF4C4B6211A0B41,827,1170,RGB
2058,page-2058.png,299294,A581F631EA460E3F4C6E0EA1F41D77346459EDBA50E9EF9043835558FC6991B1,827,1170,RGB
2059,page-2059.png,334077,489CEF58EFFF01D4B068691C1CB3B767AA863B04A7D20827AE241BF4724DC778,827,1170,RGB
2060,page-2060.png,342776,160CF97E245B93904AB3004F4CE6E0E12789F625EA54C47B28BA016768DDFD31,827,1170,RGB
2061,page-2061.png,365269,93291D54797F3AECDFE12DF5C1C6E445962CAC80745E367CDD2B36718C023FEE,827,1170,RGB
2062,page-2062.png,390714,5AA9C793E1C0CC4C0B18E34D3B67DD773E81C1938E64910CF5A4A77C6082CFD5,827,1170,RGB
2063,page-2063.png,300535,7B1C74D389EAC21A519390DFC8D9A346DADA14CF2E6AD2BEA58D9CB561CEBCC5,827,1170,RGB
2064,page-2064.png,352662,AD8AE6361753A2375736BFD24599E67889BBADC68C0CBDA82921DDD77EE90CFB,827,1170,RGB
2065,page-2065.png,338593,57628FC76F9D2CE29041C2E2876315C4E8B5B779918912717348544AD436AFA7,827,1170,RGB
2066,page-2066.png,298121,AB07BF77562EF9CB9E58E2340C94B0B9FDA87FEC4CF6B5BDB0AFC85FA4C6CD9F,827,1170,RGB
2067,page-2067.png,256064,6166A86B9D434795857496E20A81B0B3332AA0B50A14DE8D5C1F292BF37E40E1,827,1170,RGB
2068,page-2068.png,353466,FD129F56C5B8DCE9CCEB8708B3E86F8649603FDD87AE042CE13D99E92F44EC06,827,1170,RGB
2069,page-2069.png,275393,3CDDE921D9F6AE867FBF920CCF445FBC9F53785870C91E8DFC0E68A866940485,827,1170,RGB
2070,page-2070.png,168388,0CED1645E513CA88FA26531DD214430E7D697EB30EA607F3793194EA4CFF3CE5,827,1170,RGB
2071,page-2071.png,210384,FAA21AC7E5AE891EEEB953F5348FB221FA49C50948546B06D4FA77485E93FDB4,827,1170,RGB
2072,page-2072.png,295607,7C5D3AD9AA1E1410A1B133F662E9880854A1E8C913F0154EB465649AF760FFBF,827,1170,RGB
2073,page-2073.png,278663,C40F61854FA5FD6723C37808B0F3ADFD9635E8087C44246E36713F25F740D010,827,1170,RGB
2074,page-2074.png,350759,61005CADF4D9AEF6E2605ABC1625C4CD4AE83DE83A16ED765611E28C9E510A00,827,1170,RGB
2075,page-2075.png,334343,CA60538C49550216B4C598DFD3BF1FCB0AF590A63F2397F134D7EF46829C40CF,827,1170,RGB
2076,page-2076.png,333916,642113FC55924AA4EAEC24D730B602FC4EC586B6962663103D9D4F454DBB8656,827,1170,RGB
2077,page-2077.png,220402,EE4FB66C62F469FF7FB44E42C788BED5A080913BC4E4D9E9D77B5E2BA2B9D6C1,827,1170,RGB
2078,page-2078.png,266666,4F8AC50E8DAD0C016AE56E70A9C09EAA4CE0D7FDF3C906EB98F3592E11B3D098,827,1170,RGB
2079,page-2079.png,341208,6E1D436EBFDB05D4F0882C26BC0101D30B4F539B6942B44A992D56237481AF91,827,1170,RGB
2080,page-2080.png,276091,739D03FCFF1CC7DCA4852259726CFC8CB8D83A1D21B53AC3FBFDC79E24A37A69,827,1170,RGB
2081,page-2081.png,270158,2790381B2004D789F6FF889B7FE3F27467217BA97CB423F06E264FDE7AF239DA,827,1170,RGB
2082,page-2082.png,227061,68AE21D586D658B1FBBCB064D9EEE07D5B8B6245D052ADA40C451923DE1BC3CB,827,1170,RGB
2083,page-2083.png,238624,D6868281886CD4F818FF25FE0CBA83298F30065775486E3F64F7FFEAA22B88BE,827,1170,RGB
2084,page-2084.png,176937,D40A969FAC6204E310C7E0B9A3B1A467D94F102C69596416CA90792F5F776FC3,827,1170,RGB
2085,page-2085.png,271547,F669494DDB0405F8663113E8CC3865C63F4A6BB06817277DECDDD65CA51FF419,827,1170,RGB
2086,page-2086.png,258927,FF9F5C6CC6A1E5C7D1EB3F189DAAAF2E5C8D8AEA90DAA4C4D5226F542290CE89,827,1170,RGB
2087,page-2087.png,335468,231C39924DC7BDDC42D9DF5466C3225B907BB91D58B3453249C419174AF3F2C3,827,1170,RGB
2088,page-2088.png,380407,15C3719CF2F579EABC8A041F8761867D6DCACCA561FE7829473461EC0F72E351,827,1170,RGB
2089,page-2089.png,281625,9EE4358B7BFFAA4DF50B053C136FFED4DC13A86A8C7E2E56F01EE92582EBF71C,827,1170,RGB
2090,page-2090.png,301393,522E16102B0E44122289ECAFCDEFD7C935E5CC8A3B29BBB27D897F19D9A93D20,827,1170,RGB
2091,page-2091.png,314633,0B8C3D6B29D974041BCBF9DA259CC91495A0825CA519B39174AB15A4B6C4CBCC,827,1170,RGB
2092,page-2092.png,303757,41E36B6492E45D863AC68288B90AD514CA6AC10A2BD286D80CF806AF660C43DE,827,1170,RGB
2093,page-2093.png,266012,5F7E4E2A00D3419106884F24E1D0B7AE0F81E25D483BD3C6DC5BBB2E30D1A0AA,827,1170,RGB
2094,page-2094.png,285236,E29C39C2DC47433D77A9E4D3ACB542D70A08479A07E3DC60059322E73E34D5E1,827,1170,RGB
2095,page-2095.png,278975,7B60D87DDFCE161DCB619BC5B63845CEE9DC7A0283D05D27F05CE217ADA382E8,827,1170,RGB
2096,page-2096.png,299052,B5BCF208161FB54F1DE479AC1113FEF6D35FB38C678809F4F48268FB3C337A30,827,1170,RGB
2097,page-2097.png,253904,18585E67CD8BBF9AEE5D26B86F193E16D83703A958261D18F04B6507DCE21BB0,827,1170,RGB
2098,page-2098.png,231921,DAD7A6D77C8E46F801F98D8970BFDD8CF14DAA2921FBDFF4DFC8CF0E3DDD62A3,827,1170,RGB
2099,page-2099.png,341162,50C1D53A3A6D843B147E2FA4628E73885865BF82F95255708DBB521BCBD8585A,827,1170,RGB
2100,page-2100.png,305349,72D722DE10570D69489AEA1A99A12670DE5F19D9C38CE56F7EF845ED1AA04CF1,827,1170,RGB
2101,page-2101.png,365696,A9ED395AB80B34862DD1C87C18ADE9CC81ADA326011A3555974AB390527FA0F2,827,1170,RGB
2102,page-2102.png,317980,DCA8B69BA65715FF2F0BB4EDDB83007A71F02FD0EC9F2A9BF9D3E1788AB72B3A,827,1170,RGB
2103,page-2103.png,299335,1FE559C4BF7A486C7CC5934CB3E75765D81EFE2985E2788F6BEDB3F85FC4A3A5,827,1170,RGB
2104,page-2104.png,298391,13982695B3F3C96A8B83D35F596262F2D8181B8DB7F0F1E44D00C9558170ACC7,827,1170,RGB
2105,page-2105.png,275164,8C644330DFBF889D84943A63C5B349C1A83FC5CFF49344D677B47635F11BDE1C,827,1170,RGB
2106,page-2106.png,305044,F6E4CC775DC1D47B07AA914177064B78259609D441309CD3AFA115CB5AF0D1E1,827,1170,RGB
2107,page-2107.png,292158,AF138972595E3633935BD4623780FA84B1644474A2D0C0B73F585DF83867C801,827,1170,RGB
2108,page-2108.png,303550,917EBD84B5FBBCDAA7F7E17D498983BD7FE7F81D1ACCE2D22BE3503F3AD55064,827,1170,RGB
2109,page-2109.png,291983,3A0E87747FCCA43D994E305C8E6C515C19A088657B6BF9BDCBE1FC6EB8260082,827,1170,RGB
2110,page-2110.png,246323,5504048767276F1C488A3200E87752F70D41C3B68D38DA74A045146BC4950D97,827,1170,RGB
2111,page-2111.png,174457,95CC2FA750E6A5A22E6FC9C43AF30B4DE43790E69A8DDC5F000FF49F4568C0AF,827,1170,RGB
2112,page-2112.png,249075,F2D3437760996F6EF8E9A06B7C92E60CD6B6B2A667631BDBEA92A4F26186753D,827,1170,RGB
2113,page-2113.png,311398,A4D1D19124A22B8B2374526D081FEA96829ACCE446DF4BA81ECD0A1F0230FD23,827,1170,RGB
2114,page-2114.png,328538,2AD2AB2B83C934A3C0635BCF98ABE106713567699AEE886FE2BF3709CBE3CFFF,827,1170,RGB
2115,page-2115.png,300872,E26FBC4B2E3F60BAF5A4AAD9C848AE44AD78B8082BAE1CC561DA40FF8BDD9A9C,827,1170,RGB
2116,page-2116.png,332987,467792A9549ED4B22D204308B9598D14D72B977E0E202641E41FE4548BFE672F,827,1170,RGB
2117,page-2117.png,308524,5345916A75FBC8081563290C5207699D3C6BAB24AD7DB288CAEE47CED599EB6E,827,1170,RGB
2118,page-2118.png,291254,3E82A1AEDD06974898737B0743C6C7614FDF93D5E96652BA57E3C887FB425838,827,1170,RGB
2119,page-2119.png,313582,A84BA92A1E839BBE37605FC920969147F043F17C0228DFA9E3A5EC5C72CAEDA9,827,1170,RGB
2120,page-2120.png,295406,6C7BD27B5E02D01F4236716107189512C0EC1FEBDB6BA6F4666DD512300B582E,827,1170,RGB
2121,page-2121.png,347853,5EF1C4CFB12185EF995B45FE57F41B3E5D287B3A4E1695835EE4349B10416AFA,827,1170,RGB
2122,page-2122.png,325683,19DE544673083D264B11F39308C2B51D00D8BC8B67BFE7876337E3888477A6BB,827,1170,RGB
2123,page-2123.png,378435,44F6001F085486248816E34F3F4494114D69E5ADE3FB99F9F5E9007AFEC51662,827,1170,RGB
2124,page-2124.png,316912,4A8150F89388DD2E33BA52170801C27E6D331522C70052B5AEDB767C8D265C99,827,1170,RGB
2125,page-2125.png,348932,1C80DDD85966C655824DFE1D397C827871C46F194FB8A4A1EB8D8DE11C8E23AB,827,1170,RGB
2126,page-2126.png,351476,7DB37CA38A9665058A7FD41FEABE6C7D87272996CFC177E55E2A97B6DAEE59B8,827,1170,RGB
2127,page-2127.png,262707,DBF7FAFD71B8AF36311DF279168D3FE6B986FF37BCFD9224F2B90070DCDF9720,827,1170,RGB
2128,page-2128.png,254161,ADADB0A67A3BE78359052FC0666D79E63A3FF6DD7DD49B01C3E20A82E85D2A69,827,1170,RGB
2129,page-2129.png,251451,FEA9E6A1AF948DB99F4A7B151EFF6B8BE840325F6DAF830B89905CB21E870FE7,827,1170,RGB
2130,page-2130.png,115357,79E54DE07AA5CD76C05A84D3F20EC1346F2BB7C1192575B4E58460EBC0D21E02,827,1170,RGB
2131,page-2131.png,246731,453BA648BC0B2E434CA8BC3FEAF3C4DDF9B089789D15A2B7755F8AFF8F8F1398,827,1170,RGB
2132,page-2132.png,310548,5584E26B82B6059DA541DF5B0992FE5C78F104EFF5A251B3ED2388F68FDDE381,827,1170,RGB
2133,page-2133.png,296022,E981E15E841882603964658E6D6E9CCF9E8013950CC172C9B0040F02EA43A4D6,827,1170,RGB
2134,page-2134.png,316717,AC86570F18551E797F0AF2E27AF1450C907895C2B826B77E4A82B9D2C1E2AC82,827,1170,RGB
2135,page-2135.png,271717,883A5F0E3D9D40BA5C28648F0132E7A23CF71D930D8E2BE7B9284CF1AE9DD6BC,827,1170,RGB
2136,page-2136.png,281181,E9451729331F2B72394183596996B9F0445468A168DF06A35C1901C8EF804D26,827,1170,RGB
2137,page-2137.png,317478,BD5F11DACF194098D43B58F1C8DEA6F2906351620D35B13F7AAFA16B7E8C75BB,827,1170,RGB
2138,page-2138.png,277134,E47FBFE3282FFDB7311CF83D2E2919BEB233A699EBBC788A74866A83CB709789,827,1170,RGB
2139,page-2139.png,319664,BE8B818360A71AE9ED91661E8F5B6AA9BFA1139D1BBD2913E03591B81820302E,827,1170,RGB
2140,page-2140.png,259862,283BE66301BE9B2B3B4B68C3FB48E75C6DA5012B823A4E6EBFA01A3E6415CE1D,827,1170,RGB
2141,page-2141.png,337439,4EF1D0488A0E6791819A1857C587AD384614F9814A4306F7FBDB8EB452DDB0D0,827,1170,RGB
2142,page-2142.png,275799,BBA23FF2EDD23E0D5523CFC7A7CE52C239D2FFDB8FCD88BE7A1860311BD67231,827,1170,RGB
2143,page-2143.png,279225,ED6CF9EE1DCA6528BA9948092B9DDDF040C9BE90D7A9E00D88215BF30E22BFCF,827,1170,RGB
2144,page-2144.png,253465,C14D8AD594A0CA1A5A32AFB9A4A9DA62A590A25E421AA9C8940DD78E47C912A0,827,1170,RGB
2145,page-2145.png,285675,6073DF032AE6B575BB64397DB41CAC687B9AC4F570F248FB632240EE76D79FB3,827,1170,RGB
2146,page-2146.png,280099,4C481D104D784D423A08B7EF6A88017348343D4A81309FFAEB61BE7847F58F8E,827,1170,RGB
2147,page-2147.png,352948,B38005B324A6EAC9EF7EAE346CDFBEE67811C630A158483FF54E3016D0257B8D,827,1170,RGB
2148,page-2148.png,332049,BE0BB6FE896B9C222964EC739E2E42B77FFF690D6A83ED4AA93FB0DA28260289,827,1170,RGB
2149,page-2149.png,287185,BC8216DB128CD6FFB9DD6D1720E18B786DF9CAE607C36C9A542309A33B670171,827,1170,RGB
2150,page-2150.png,286941,1D28618EED7AB10BF423F774AA8FD24EE3FA196B192605909D24D941F4D544E3,827,1170,RGB
2151,page-2151.png,321079,990DF38B4962F2C9DAF512DD0EE13C1A9EB2FD4897552A99EB5C6181E5F0133A,827,1170,RGB
2152,page-2152.png,340572,861879C224F832BC1CFF8B530CFB128A069D718FF15CDFC585104E47C9E287AF,827,1170,RGB
2153,page-2153.png,337527,B680E2F6ECAE2B9A06C0571042F4294FA2E791FFC3232C1B1604C483241EA568,827,1170,RGB
2154,page-2154.png,362545,AD5D8748C40FE4C80B7B0F3F52C148A1BE086357C93DED3A9F7B65C9E23B7FBD,827,1170,RGB
2155,page-2155.png,384907,F25F8266E69018C1CACD0A3F403008AB3C4C3E22D39A05E625AF8E26E892E37F,827,1170,RGB
2156,page-2156.png,338716,F02FA0B70319817F220F8AB074F4A748A873D11A046BB05452D611B2FCF82FF0,827,1170,RGB
2157,page-2157.png,320885,2826DA095C5B8622CA87D6BC9090A053B24A176433AC920CF3EC7826E542ED0A,827,1170,RGB
2158,page-2158.png,301239,F7371D5E90DCEB37D29D603DFBD458E91A0AEE1444651827B189C78D561645B8,827,1170,RGB
2159,page-2159.png,266836,E18FB4CA80F5EB92015AB47B2047E89EADB099C2732FEA8A6055D7469DD26594,827,1170,RGB
2160,page-2160.png,329075,F361BD625556E09B8D79F89F6C6723A16F47FC6531673C078E685EBCE5C1A1E2,827,1170,RGB
2161,page-2161.png,330607,141D6AC2A73E06BAA584B65C00879DA2F52817AC38E9E63814A832C59BE5D18C,827,1170,RGB
2162,page-2162.png,280318,C067E25E0583F2B64BC1E12F6CEBDEB7B0B124E8E8271AA99BA917C40FCC02DC,827,1170,RGB
2163,page-2163.png,287084,0A7509D134B83A0A07BDF4DA5A432C0C3622910D4A79CDAABD69FC86FFEA7509,827,1170,RGB
2164,page-2164.png,252421,3B88DC3F9AD823D6CBC17214E14927FA60C696B60BE301AC318731898B3B89C6,827,1170,RGB
2165,page-2165.png,362313,3816FA0A613AE4924A775E0AEB0ACC03BB47CEC9862E058B0FD9F2E78BC6C582,827,1170,RGB
2166,page-2166.png,316152,223D31F0284487306D4E432353591B3E2C6540DF3DF7A46494420A0D44DFCF15,827,1170,RGB
2167,page-2167.png,294452,CDB51443435F0DFCABC3AE2C57D0D2037FF06003F2FBA13D5A38828935C33878,827,1170,RGB
2168,page-2168.png,305979,7525083FA44014AFF660F16F94277098D7F9F4F60947F14C268344B1BF46A119,827,1170,RGB
2169,page-2169.png,335318,FDDB9C8179BE960B92E771532B639BBAA2B730CABA5264DFE79A50F797206773,827,1170,RGB
2170,page-2170.png,364320,4EF9950C8872EB978664B3FE2AD74D53E8AA01B90FCCE8966496DEA2062CBC3E,827,1170,RGB
2171,page-2171.png,309117,76D9220459980A6C615B39574F72315DEC526EF120E1920058E5CDECB8EFBF9F,827,1170,RGB
2172,page-2172.png,243236,0F28CD4C5CE46FDE5FC5F562E0EDC9541C41939E190B008B0E3B533115B4411B,827,1170,RGB
2173,page-2173.png,319319,27479E558B9CBC9F5130FE541C036991804D2A16769AC0B3171DDE6FA71019DF,827,1170,RGB
2174,page-2174.png,268456,E2699A5CE37C22EE1927C74749A6611931A8FD15292937EFAEAC060E326ABB3E,827,1170,RGB
2175,page-2175.png,308681,1CE4549590DE6CD0EE8FD5EB054F40634CC1F9DAADB9616B719F910F18552EA7,827,1170,RGB
2176,page-2176.png,353980,B313878BB9E18958046A8BCA5BA1168BE43E748E39D4EDE710D76DC2E5E39D1C,827,1170,RGB
2177,page-2177.png,288552,BFA2B365AD418D70DFEE4FF43C4AA67AA22394D2F2DC539698ED78D6D72F6419,827,1170,RGB
2178,page-2178.png,293245,FA61A9AE79C199A6F2F633EF0B4434CA6213A0308762C3B2AA7575B6FA0B972C,827,1170,RGB
2179,page-2179.png,261619,AB0A3DC17F729D8844AC66E475DBF865ECFD6E316BA5A0BFAE639AFB26157041,827,1170,RGB
2180,page-2180.png,272129,DCF11CA734CFE451D8D81922DF40F3A363D4FAA86CC33965F3DEA040F6C14E92,827,1170,RGB
2181,page-2181.png,313756,775E154F160CAEC08891958B3389EEA30FEC2CEDEB4A81B60FD3E20BD4D5D522,827,1170,RGB
2182,page-2182.png,315283,7988880F3237779E9AB42C22636A06A489BB7ACFB1FF8CC48D81458C328E4874,827,1170,RGB
2183,page-2183.png,388578,34B12098D6D36663216E86F15B72DE3A47D63ECEE89E608A6AA098B12F1B73A5,827,1170,RGB
2184,page-2184.png,264776,057283640255BEEA864CA9E4585C72EA71B23D7387431170BCF39D2E68DD9373,827,1170,RGB
2185,page-2185.png,371253,779580589A946BB51DD911C71CC50B1C5FF1B25A4F137F8412FB1BA4CA0C7995,827,1170,RGB
2186,page-2186.png,272068,7FDF55A07DB5268DFBFBD1B12E9D2D4CDEC038A57D647B86DAADC9FC53363698,827,1170,RGB
2187,page-2187.png,341052,2CEAF3A310029E30C90CB598A0D17461C1C195907FA5298E76B16EAA8F142BFE,827,1170,RGB
2188,page-2188.png,356009,457F99F5469C79CB86B5FD87A92190C1D07343BE0A4B97727826B6CADA3CE43C,827,1170,RGB
2189,page-2189.png,334725,9DDDA7A9D1C0C75FFCDF2427915AA1A6E29408B7E2C19DA78D809C720C09A089,827,1170,RGB
2190,page-2190.png,270174,A615B4CBFA94286FF6C2674534F452DE611C58474C00164DDD960CFE9496468F,827,1170,RGB
2191,page-2191.png,320053,05D27C94EB519730DE54F2CF79C382EF857946B52A4765A59B5DF705AE55DE78,827,1170,RGB
2192,page-2192.png,303394,1C4483ECAB444CE1477665D0256C55E04BC0B3B5FCE1AFE01F102198630E1E40,827,1170,RGB
2193,page-2193.png,339259,B3B2F223B0E90609D35D98D2D0DDFE6BD7F5527E1E099582F77240574C32B4B4,827,1170,RGB
2194,page-2194.png,337855,2394E7E3CEB84AAFF16818AACF02FBCAB898569CB286CB9C214CFC57A94F8632,827,1170,RGB
2195,page-2195.png,306484,52047BEDB015F1A816A97335F43D16E5C537B7A2C19B8D361D89F3A80B3E648F,827,1170,RGB
2196,page-2196.png,305535,55FB0943551CC6F529FDF002AEF9A8DF0C2E498044BB439FD7F0CB82ACF8EC6E,827,1170,RGB
2197,page-2197.png,358510,CEB76566EF147509FC341B37149F81BA2592FEE06EFBDC0637CADB8ADBB647C0,827,1170,RGB
2198,page-2198.png,345562,B661EA4E8BD5C1AEF1F2FE9BE0C6CFEA58048766A51824BE2CDA6B91D03CFCB2,827,1170,RGB
2199,page-2199.png,350429,B181B43DB3BDAD878934CA222E19B65CA627A217DD909DFEAAA54D379C56373A,827,1170,RGB
2200,page-2200.png,334777,A250AFAEA9463028F902F4CE68D6AFB606B6C03D2205378F1414ED9F97127FFF,827,1170,RGB
2201,page-2201.png,58357,128FB122F4C506F04F2B0DEA3BF53732CC5DC0557BB48F41803C2250860FB163,827,1170,RGB
2202,page-2202.png,288129,B6DCFC396743C533DE4A2AE07F0E12002902D4CF053BC80DC0CCEF7304B7CBC0,827,1170,RGB
2203,page-2203.png,286518,C3941316D3FABD13EEC7708759C83BE5286804F7CCFBB738AF7ECB6488D7C124,827,1170,RGB
2204,page-2204.png,343260,BA0978A2B4C5EAE53E3DE0B754052B0E7553B1F461C0486E3D39C757764C5475,827,1170,RGB
2205,page-2205.png,253840,40696A6439B70DA21C29122E29FEBBCD6AE2BF621C0A4DBF13A4B09959BD368C,827,1170,RGB
2206,page-2206.png,401270,9A2EDE0C39661AE08DF13AA1931D7A1E93400FDA825A182FB8DAC347F62EC2E2,827,1170,RGB
2207,page-2207.png,328066,0242BA210AC2DD9C34AE9EEF106003F0725098DA8DE4BFCFD6953E21352875E7,827,1170,RGB
2208,page-2208.png,323843,53E7C5F5BDD825D204C5A327FB31F8078AA4B7DED4F97005EB7C734BE4D80B7C,827,1170,RGB
2209,page-2209.png,340208,754A4162882F3C41379C2647FCA119708B2724820192D68CE3CE4F8418882BF0,827,1170,RGB
2210,page-2210.png,197212,A5F067D578866A3F1C414CAAEDF4BAB5DF9F2C1BF81BB028F70128015800E218,827,1170,RGB
2211,page-2211.png,270399,78BF863EFBDE580CBFD68F2C5140BFCF65502DA873F2627AE21E7A47DB0B5996,827,1170,RGB
2212,page-2212.png,289436,05A1C32EDD8575CF5D7A3DBB330986BC9307A539D8AEB2D306B099528E9B5512,827,1170,RGB
2213,page-2213.png,336183,521F8C43BE96B04F882909674EEF4F40D9E628F8A96A10CD5153372F0BD9CBDC,827,1170,RGB
2214,page-2214.png,270782,BDB7992B49B5AA4F1F13722E6FCC48EC6E9A586622D53638A67C8CC0D68F1086,827,1170,RGB
2215,page-2215.png,315090,0B86DD152252BB1ED301A6C96F30DEF83F2394E41261A1A6C67BB2D4F9C71507,827,1170,RGB
2216,page-2216.png,291439,619CEA237433C875507EB4A07B3F66CE1E556567BB46739FE1DD195EEAF92B90,827,1170,RGB
2217,page-2217.png,265116,CC721717035B3AB944DF9DB3781AEAC665FFF187EB63103688A1BEF2AA8DB28C,827,1170,RGB
2218,page-2218.png,266661,3A801BD4410CE4E0160BBFDA1B8E2F292265B6DD3213134EC62850BA2C500921,827,1170,RGB
2219,page-2219.png,335734,8221FA1BEB15C7CEA1CEEC0E9ED3EE1D4BA58DD43A7F555364A3C1389AA0781B,827,1170,RGB
2220,page-2220.png,365768,E3383D24DD3B0F64E4A1ED9E05875459CB75C16C264AEE660034E69528551FDB,827,1170,RGB
2221,page-2221.png,355057,1EEFD058E6C0E9411C24E9A0D93FA9CF6FF96A70477C8E65152FE4B6B36A8130,827,1170,RGB
2222,page-2222.png,392839,C53CCFCBA3ACCC87D8E6687957F66F8270C3022BE6832CA3D622F194E27045DA,827,1170,RGB
2223,page-2223.png,357141,A01FB6D86120969990832942094FB1C3DACC65DF2F511A1BECBBA071A8CFDFCE,827,1170,RGB
2224,page-2224.png,327833,CE9C24945BA863005B26BCD0F22B8939275983DDD16508BF5E11029779A867F4,827,1170,RGB
2225,page-2225.png,310176,4568BA9874F179F7F110302B9530D150F02B807E4581C6538F4EB7C5821E2468,827,1170,RGB
2226,page-2226.png,181874,098FB301D1E397DAABD0D798AF67C41892A3EC88AC6777E9A9241DD00C8836F4,827,1170,RGB
2227,page-2227.png,319172,9EB47CB9CAEB072082BA6569F18266EC5F8ABA4D16E7F43DF5EDC97684C6184A,827,1170,RGB
2228,page-2228.png,258009,83B48AC067D2C14061C1BB7B621B2D133DBAC03895723E9F4BBE376401574597,827,1170,RGB
2229,page-2229.png,300553,9BC5E6587C845943D3DFABCB76C1ED309B68AA23EBF2622AFD885139734B4783,827,1170,RGB
2230,page-2230.png,241548,89B323611FC74FF7F8954F1F208CFCAA8F6FE6D5AAE48B78AA2327DF1D54AE44,827,1170,RGB
2231,page-2231.png,344037,62EFCC8E18FA4605C930B040F73197BA9A9E8476083CD6F50A0CD8B1542ED272,827,1170,RGB
2232,page-2232.png,342445,39660E936EF2B35E1CD993F9A756323F0F5657602D2E61CC1C4BD1A64A238AF7,827,1170,RGB
2233,page-2233.png,281077,B4377F96DF480BB3F560E6B096ACA8EBF531245073C547BE5F937E209A0D8ED5,827,1170,RGB
2234,page-2234.png,215601,3A78D621BD856F78527E0C96DE7F9E986605862B5BCDDB6F87C2B551E5BFC156,827,1170,RGB
2235,page-2235.png,337208,8341DCD63C8E710083E7A73BED034239645B16914ECC99568116DE93EC7829D1,827,1170,RGB
2236,page-2236.png,182266,0592C5428C4B4E4B22D3EFAE25328C0E8317711B331043032257870210C2FCD8,827,1170,RGB
2237,page-2237.png,242984,8FC4E4EBEE85DAAC9050EEC3DC7B54F161174A91F55E8D90736FBB6352BB58E8,827,1170,RGB
2238,page-2238.png,270033,294B1C6044AF0C29C18C53FAE4379A6BE430ED3259165D19AE16320C24989DCD,827,1170,RGB
2239,page-2239.png,308999,E472A8299B1B700C5E277384D1296FB16F088F5C715D6A0BA274EDDA38601896,827,1170,RGB
2240,page-2240.png,401642,216CE55D18AC2F867AF60781755D367F2BBE1E70EA1D289AA61ECED316056D7D,827,1170,RGB
2241,page-2241.png,262945,9B660660E50CC2D254FDBF4A303191810F70A0676C5E0C61F4AAD113BE30E836,827,1170,RGB
2242,page-2242.png,317265,5974010EE77E3B5F11B3D187092F0C211073B8CEF17030946DF1B63C6BC2B977,827,1170,RGB
2243,page-2243.png,272170,BEA792C3D109FFA12CEBA381A99B00CBFBCAA05BA78A4D918122430D201FBC52,827,1170,RGB
2244,page-2244.png,266731,B153AF7DB65647DA2BB15CFD8308B2B09CA81A1BB691F3A06BF4658F43C282A4,827,1170,RGB
2245,page-2245.png,278651,77AE6E9133DFF7E0B6FFECD4794EC6B15044991F3955E43A2E81C84577DA98FF,827,1170,RGB
2246,page-2246.png,22034,C450812264CB059C6CAA97601CBABC1F9BBAB0A07C9A8245D94CD9EA59D63EE2,827,1170,RGB
2247,page-2247.png,253587,A347B4FDEBFAF3A0F803BBA81643B9DC15526F07944CD3247CF393D902BFB7CE,827,1170,RGB
2248,page-2248.png,321851,ABB3B60953ADAD575FEEC4A5DC5C2BCB37F88CD706E04C4D121CC77753587FE4,827,1170,RGB
2249,page-2249.png,291270,7779470952CCD053412CCD2576B8036E2D8C8693BB690D98B0C681DD8E2DF348,827,1170,RGB
2250,page-2250.png,308016,3D47279867D92E39DB734033F6B6ECA9175EB7C89363252FDA4BA5A02B257E0C,827,1170,RGB
2251,page-2251.png,365177,D7DBBA599E49C530F85ED4B9CDA539D189574683EA7C305EDBBFB1925FCA2C39,827,1170,RGB
2252,page-2252.png,328041,5205E291723D256013B3C2AA945740CDBF9F1554C8C3FC232548C3E7FDA5199F,827,1170,RGB
2253,page-2253.png,312215,CFCFEFECA8757670778BDE5B38D0FE463A7CADC7FC3965C24E76BC92EABC587D,827,1170,RGB
2254,page-2254.png,337325,EC93465B3FC0296FEC0DEC97DBDE2D3A78C274BC199FEA86404992242B00AAB9,827,1170,RGB
2255,page-2255.png,254134,1D87CF07D228F47DA9C8E0DD2C940DB858984270BDE5C6E852EFB30B72C07B4F,827,1170,RGB
2256,page-2256.png,334683,F5CE855CED88E58E6B66CCAF4C0A3AF8E3E561653F76E3BD05BA72C5205B856B,827,1170,RGB
2257,page-2257.png,342152,56321D7D92729331C7E05D83A033331D5D178D7D581D7E460581C344EC2B4B71,827,1170,RGB
2258,page-2258.png,290096,BF284F03B65247885E794941A16929F05B2738F8169CF2B1C0C8BDA9254E0172,827,1170,RGB
2259,page-2259.png,299390,312CADA04E1988251787C6DFA0DBEC4497D529B081C5E58A19D7272AC2E45564,827,1170,RGB
2260,page-2260.png,326891,D99A232FBFAD8BDFB4F734ADB17853957628AE81EEBC2E5E1F5A33CFD2CB16AA,827,1170,RGB
2261,page-2261.png,293235,F88C97E13EFC2DD4E3E2B153FD46BD8141449186C5AA67945F98AD16067C931C,827,1170,RGB
2262,page-2262.png,318378,E7E0990B268C18EFB34904AF862FCEA64767F8AE7D3285E683B842DBC9BC08A8,827,1170,RGB
2263,page-2263.png,328675,444140FF4DB9F39102F10FA49D9EC791D37A93233DB88ABB2D2E333B587418D0,827,1170,RGB
2264,page-2264.png,312343,C5D942263BF3B555782410E5C203E851BE49EEA62A129B084C38A9CEF18F2BD5,827,1170,RGB
2265,page-2265.png,322664,082653D44A602D2AAAA4765E2009520A390B97E041BD79135A9326736F90D149,827,1170,RGB
2266,page-2266.png,357577,4137348E72B02FFBC77404804245FEA18B0BA91D67DF62C629F68AE52364CCE3,827,1170,RGB
2267,page-2267.png,302589,74A753C308CE9C77C77811830B2201095E1B1864414756A22680A1C802EB52CC,827,1170,RGB
2268,page-2268.png,287284,C608B93D505947C9DE45E8660C67F95916B9626D27AEFA69BE2C7BB54FD3B544,827,1170,RGB
2269,page-2269.png,290313,D9DE0258E5CA73F4C257FEC87CFE3DEDE4F07C291C3C6994978E930DA023107D,827,1170,RGB
2270,page-2270.png,331591,108FE751EC1F17378E96ED84D2BB1DA878E30B26D71626C5F0631C2537A9F94E,827,1170,RGB
2271,page-2271.png,336463,F49AB239DD62C4269B212E35D982D3EDDCDAF07D9097971DD287797E70152509,827,1170,RGB
2272,page-2272.png,248418,10598B7850145FCE00BDF1CF278386DC3E5E2AA011FE98343F30BCF437002B5D,827,1170,RGB
2273,page-2273.png,343038,32441D7D484FFF0EB348063AECC973D23D9E6EAD7F3B56A1A01ACA7833DF7F1F,827,1170,RGB
2274,page-2274.png,335764,0DE418CE58CC4EAFB1E5E5EB0A60CDCB2F6CD30D8DE5EE82644F29E521741D8A,827,1170,RGB
2275,page-2275.png,360693,8E930E21FAC0A0922FCD1A66A60B128681CA3582098E89A39BF6D960A65B5F05,827,1170,RGB
2276,page-2276.png,278308,4873196C1D81559F18B191E34EBD1E868A559848F1F668425F8707CBEA0E2842,827,1170,RGB
2277,page-2277.png,225542,ADB8E435098174B298D77B4BB584C444B74F6737D2616704C8444377693C185D,827,1170,RGB
2278,page-2278.png,317029,DB6214734AF61A55C2726E96A06A6F20DAC91725B702AA95658C5D42E6B03949,827,1170,RGB
2279,page-2279.png,272742,8EC8B1B91B0059BE4682424827664AA0C679E591C6673E01CB65D367842EC5AF,827,1170,RGB
2280,page-2280.png,280157,6C66E61900C430152A6BB911D6FD25BCB9B718415CE962D414838023680758D1,827,1170,RGB
2281,page-2281.png,338835,F8FF4E5CE7BFC5A821D54643EF8178605B51158FFB3E4D4BB178353FB8D38901,827,1170,RGB
2282,page-2282.png,300211,C96C80C5F61F0658381D4AD8D5558D484BD70612DA8EDA23738F7DDA21B256EB,827,1170,RGB
2283,page-2283.png,319320,B44DE1845DE98B4CB5EFEA6803F9CA7C04CB7000261F53D645105140FA6778DE,827,1170,RGB
2284,page-2284.png,354057,A44D4EC69CCA0207167A7195BD5F09A6C1AB2AF7A7EBF38BD9C41DDAA9C7A30E,827,1170,RGB
2285,page-2285.png,340014,600DDD700806B832C5870822D48D5505CE76A7AA51518560B11993B86178C939,827,1170,RGB
2286,page-2286.png,338816,DA97A59FEE06D8800089777DDC51162EBBD23B9679A1E26B59D643051D133D5E,827,1170,RGB
2287,page-2287.png,290601,DA7AC07187751F564307CF36A3FBF9D4F4F4CFB26DB06E2801D80FE0B8DC64CA,827,1170,RGB
2288,page-2288.png,266298,E9101F14EB57B37D32CA6AD876F75C6D5BF90984BB87994B78981396CF70C343,827,1170,RGB
2289,page-2289.png,302646,CD914A04208A9A84FF65C12E68198F8F694A8D2248A92FB00E8A8600D94F231A,827,1170,RGB
2290,page-2290.png,347517,719F1501F57D481481C4B61AE98D3054B4B5FC00EB6DA376CC2404A9B02B3613,827,1170,RGB
2291,page-2291.png,313640,10B8DB1902CE17E4A4FC57F623C61292037DF60BC41F210DE4EF5F1DC61895BC,827,1170,RGB
2292,page-2292.png,284672,59F8276FB378B7C6DEB26B0D62CB376EEFBC55F37B77E8C6E8DFC959C210A911,827,1170,RGB
2293,page-2293.png,238863,38F917DDFC1027FECE406A37A95D1A3177A5DA859D671A51669ED4E8FD82DC19,827,1170,RGB
2294,page-2294.png,310263,BE39EDE623B1C6926AD13BB88EB7F386C0303AB058DE7A7943130B5F4D6658A5,827,1170,RGB
2295,page-2295.png,288503,675648576FFC5292FFC32B3C77E5B0852A0FA4602C6576A6AA7748984BC50599,827,1170,RGB
2296,page-2296.png,265152,192E07E9F0C587F3AE52A00EAA06334A95C69FFF1F1CC867B5AFB96BEDB61FF8,827,1170,RGB
2297,page-2297.png,251139,E3928AECAFFBB183742BC926637FED0E9EEDB1109E2F1EAACCBCF02784C6FA8C,827,1170,RGB
2298,page-2298.png,191212,D45EEAD3D76128C0933E8FCDA011476A8237EE563DF38C63D8A4C954BF1E99B4,827,1170,RGB
2299,page-2299.png,228022,0753D3B6DE64558B9A4D36695CCA0FB26C980716D2AB2E521399350CED7BBFCE,827,1170,RGB
2300,page-2300.png,344660,5470E6B624D7DEF9798532AB500B814AFCC899FB3C661792CBFE7BAA966B0F6B,827,1170,RGB
2301,page-2301.png,210021,7F84994E62FD72B80106077CF4B2978EC9FAC2B8BEC862090421541E20C5D611,827,1170,RGB
2302,page-2302.png,335356,1A603094789671CD4F07C29B0DEF829C2AFDCA1BAEB3F03810D2C7A16E1A82A6,827,1170,RGB
2303,page-2303.png,340406,B19AD3F74235A2491BE0FDF24C829BD407C48AE5DF62B5A44E5B07461EDB63D2,827,1170,RGB
2304,page-2304.png,376298,0A33737B05D4F71912047369F173E7C67CF827F23AC04E6F4B41D5E1CFF3C20A,827,1170,RGB
2305,page-2305.png,371903,49428725F73970C1DED1EB807E341F027BF50E22994EE8072195532D998C5F26,827,1170,RGB
2306,page-2306.png,291485,10DDB2059DC27C291796D0C5DAD06337416D146ABC80C9528A527E54F3193BA6,827,1170,RGB
2307,page-2307.png,316688,48D7A13DF1E47C7A756BCB9E8B1A5E80D90F293C817E27C1FE30D0F3EF295D38,827,1170,RGB
2308,page-2308.png,302713,BE97C587353476575AE7DD3C9FBF6B6749C4E78312F5B1E16948ACE15C62BCE3,827,1170,RGB
2309,page-2309.png,361522,226E1E5E6080F5F8C6ADF48B0FDBF7658E209A1834A4F45CD909119F5A74BE88,827,1170,RGB
2310,page-2310.png,318412,142F019906B97D6F6B05C6C43177B612ED88C511107DAD8B4E7DEB845873AB09,827,1170,RGB
2311,page-2311.png,286478,45D20AAB394B0266F99AFC73463FD2C6F358A7961A0D92BC32DBB83CB2FCFE60,827,1170,RGB
2312,page-2312.png,333012,5DB62D9A762DA5EB36AA3D4A803E50CAC8C1E3CF85B01432E4DC9C34E6741F83,827,1170,RGB
2313,page-2313.png,311931,15EBA184279B0AEE745FB0C7617FF3DADDA7C5588E6B9F374CF4524E89ADB98D,827,1170,RGB
2314,page-2314.png,291701,C112F700872E9E10A19D67B76E6F122184D6A045560D6E136CA36E9506B1CE0E,827,1170,RGB
2315,page-2315.png,336724,06104A0C3114C1400FCA441240D1243C25BF9930ADAF99CD231866AC513495EA,827,1170,RGB
2316,page-2316.png,290886,894DB21EF7A1CBEFA8AA6608E6E4FAC2DE918EB53280EDE9871ACFAAFE34FACB,827,1170,RGB
2317,page-2317.png,348530,D6499CAE1D51F4B177E2668BC4AC2B56BC71D91D4D732AB4FA71B57E1EEB4922,827,1170,RGB
2318,page-2318.png,356398,6EE9FEF691C0A92A2BF78811A1E672D8986C723D3A7C42313128F302693C8E2B,827,1170,RGB
2319,page-2319.png,260926,802F68AEA8126E3586A7571186D2C3E8B41AE7697AA2A73EA582E839FAE2EE82,827,1170,RGB
2320,page-2320.png,303882,3E772C10918F567FC85596EFA649B83B10972E36ED663CC4CDFFF012CD02D5B4,827,1170,RGB
2321,page-2321.png,286984,081BEE2B91906FEBB4AC5459F2131F55CDA7609200E1F91CA38A634BDFC7D0A3,827,1170,RGB
2322,page-2322.png,303518,4886D52A5BFB348342286EB77144F6319191A8922F004CAC07EE8DCA1637A69B,827,1170,RGB
2323,page-2323.png,305916,30DF37CE3ED7FAC9A3E0317CAF37D43BB1809712C3271444D8070D91631246A1,827,1170,RGB
2324,page-2324.png,292490,A122C301112B75A2C3512469E7D019102A15CD64695B2354DD7A13930DFC882C,827,1170,RGB
2325,page-2325.png,298867,D3A7096FBEEB48744E27676AEE5E824E69118FBEB1DC66808EEA461A52A37500,827,1170,RGB
2326,page-2326.png,282918,4FF418381A49FECDB10CB01FBD1AB5367559BECE173E0D9927D65BED77C7A8A3,827,1170,RGB
2327,page-2327.png,304373,9ABD701143A13517B5DE72F62CD17A670ED6FB73F8A084253615E9D0486935D9,827,1170,RGB
2328,page-2328.png,280878,D2959AF7BA2654F9E7DBC5F9E39EA6DB6F63577FBAA38A503EA7551D0390D8C6,827,1170,RGB
2329,page-2329.png,298835,C4C481AC7DEA6FD64E144220C08DDE912EFDAC79A06FDFCCB5C2F3AC98D4C3C8,827,1170,RGB
2330,page-2330.png,328889,B3C4398F8E0277BBB4ED0E4521BD1FFC5D03700FFE7424EA48979D6526FBFA09,827,1170,RGB
2331,page-2331.png,262861,6535562C37C1E7C2F2E9AEA07C8820089A64855CE008174B4728CB41233F748C,827,1170,RGB
2332,page-2332.png,50265,B2258C1B8544A0F60871E9A19F1306EB14959CAD846FA097F12572E1BDBECED9,827,1170,RGB
2333,page-2333.png,280816,8DDCE2BCB6951DFF52F7F411D832DEA3AADB4622FFE3749563217659C17E5195,827,1170,RGB
2334,page-2334.png,345789,609F7CBD706795372EA6BB15D04F4EA5CD84AD42BF30D4D5151544B0B9F43706,827,1170,RGB
2335,page-2335.png,395213,F4808DFFE6AC4F21527371BC4AC79BB237BBAB7CCC622861D96221B655195B1F,827,1170,RGB
2336,page-2336.png,285095,1302FCF4DF858C7E334A3A0FCDF6AA492E30145E271F630414BA01C00FE78295,827,1170,RGB
2337,page-2337.png,237517,E274A7850402C2F7842A1AE2039DC35B2AEB53E5435526AA5F4D1F395590BA69,827,1170,RGB
2338,page-2338.png,308905,B63560E49069F1277BC022F7236D210FCD79E0C73C8C91A70840D28B0F56B8BA,827,1170,RGB
2339,page-2339.png,384416,B899DD53463C5936AB2539B0109D0DCA8504F76744DF94C590CC1065B910A83C,827,1170,RGB
2340,page-2340.png,333100,C98F121988F3E9F3A0ACE72C7A89B93A903EFC1BD016CD71938860EC092C11DA,827,1170,RGB
2341,page-2341.png,252060,6EAE0933E816BD9E7515A94FD99E8A43D4067CF02FAA81DD82F0E1E29BD7064B,827,1170,RGB
2342,page-2342.png,304142,92E7667F774EB16A13E13134FD677BB9B96CAFA12C33D02D158F36F28C731A73,827,1170,RGB
2343,page-2343.png,307431,0483C57056320CB3492F270490747A191CE9C11F74AFFDBD26D3F0EF7957B654,827,1170,RGB
2344,page-2344.png,325186,B407F8B5DC24A0E646BCD72CBE45E9E3D1CC99305D165B5D849C89C48D20D3DA,827,1170,RGB
2345,page-2345.png,318065,333BDC5361EB63F8B6CBF08B9759F5731C09672C8E7F6AAE66581807EE47645C,827,1170,RGB
2346,page-2346.png,299786,7DEECAFE16ABC9AFF06796C4A96F4F71666D48D5434EA04338C265D81776E08C,827,1170,RGB
2347,page-2347.png,357720,5E9906CAF14EBEDFF3DCE4230EC19292D9C0AE945219126782175BA6844835DB,827,1170,RGB
2348,page-2348.png,340885,1BACAE6186A2AEC64661DBDDC0B74A29D855C83B9B8FFF069638B4765C3B0822,827,1170,RGB
2349,page-2349.png,308689,986193348DC04E2B5718997C925E19A692C69CA3730900450277974DBBA4E62E,827,1170,RGB
2350,page-2350.png,292418,6B5DDCB8043853FBF1BD67966BC7830F3A5C603E3A8EE1040C6DB25D657737EF,827,1170,RGB
2351,page-2351.png,366155,BBE41E702D6F27A39DD29754DA516977FFDD2CBCC66FCD56EEC63767AFE3E288,827,1170,RGB
2352,page-2352.png,370054,E4F8775EB965D305402F6768398C9218818869DFE6E4861F631DBE367CA8DDA2,827,1170,RGB
2353,page-2353.png,320342,A9AAA02AD246CA523866A85E58F6F546A6534E39CD4A3971C1D6A0445C60A50E,827,1170,RGB
2354,page-2354.png,359602,338770D248696D8E82DBD816E5178622599ED9E16722262972EEBCA398A67335,827,1170,RGB
2355,page-2355.png,315694,D75B964FD989CC8FBDA986DD8C276F7EF54CC448DF3309600E39F11B8516A717,827,1170,RGB
2356,page-2356.png,363631,19481D115198D49CFE35E57F23F0EDB4A64D7B45937C2AE626EC122CE8DC953A,827,1170,RGB
2357,page-2357.png,281142,9E83CF1CBF94984B99B7AB08F397041C599C717E45ACDE2E5F54FB1AA8519350,827,1170,RGB
2358,page-2358.png,240035,DE7DCEEFF7A8EF30330491BE960BC3733314B5F5BF09C2D4A9D91A4AAEDC4B8B,827,1170,RGB
2359,page-2359.png,361354,1491EF32953A1C8532709FD27522B0F4118FB7511E7A096F55F9AE6C2FDAC2E4,827,1170,RGB
2360,page-2360.png,242913,C13F5AE3B3BC7E7C73D6063805C7AC8DC5CDFA1185D12826F24D0526E3DAD1FF,827,1170,RGB
2361,page-2361.png,216999,9008A67829B78D04A3EE1E6DDAAA16EDC3A4BB3C53CF5E20B4DC63A671F91B55,827,1170,RGB
2362,page-2362.png,259969,68A09EAA19E6F8127F984680D1BBC0788E2091F8A7A85A062332FD6CC3B25389,827,1170,RGB
2363,page-2363.png,299720,DEF731B2F23D14A6567B1EB4C3BF90D3DD928939499FFC955765FC478CE11797,827,1170,RGB
2364,page-2364.png,312939,897E7A5C51140AA96C84B829835FC7690F0F9B11E76CB08DF543F35003952714,827,1170,RGB
2365,page-2365.png,335278,A4F1206B76A918E844D2A7319AAD1AF9D544AB9B307AB16219391DD04FF6E473,827,1170,RGB
2366,page-2366.png,238727,30DF01EA0C7E31900215023B180BB3C1D3065CE5954021DF54A3E76A69FC1495,827,1170,RGB
2367,page-2367.png,223180,F5472B84298C12EFCA0CF507201FE4D1534173C39ADD0AA58753C4EA17FF9FD0,827,1170,RGB
2368,page-2368.png,264910,56712E41F5F1EE5C6E71086AE9FA7DDBC64EE377C21D0F07DF2ADFE95E43416A,827,1170,RGB
2369,page-2369.png,206448,F90354AB1F6F26DB1C4B23E7B76AC0DE6D2353247F5A45E5CE6B2381B7991E68,827,1170,RGB
2370,page-2370.png,253741,3B3E612205A048F23FF36A821A8EF7F353DE8D6320411EB0671E4338A484BE98,827,1170,RGB
2371,page-2371.png,279486,094667DC00CA347A25C4875EF36DFF8E5F2E519F0215DDF333086E7FEDC60829,827,1170,RGB
2372,page-2372.png,315174,013705CDE6F2A1BE1E43030A31B2CC8CE7ECFAAEFF5F8441D7723BA7ED564115,827,1170,RGB
2373,page-2373.png,364389,458B8D25DB1A2B124E76AE9077AEDF5AB6F46623F4D55120F939A36DBC98A945,827,1170,RGB
2374,page-2374.png,284437,6714A4D8693B871F56D1F394E4B2578DBB9FC817591BC4C78D2BB2BF75C2FF6F,827,1170,RGB
2375,page-2375.png,240212,3AA978BC1156A4B7DD9AD182F7B171DD935C2EE5C16CCA1677C3974C17EE9A35,827,1170,RGB
2376,page-2376.png,160858,6A5D0B54902655F18203985E26CECA84ABCA528822F1872072D6C85E77A4EA43,827,1170,RGB
2377,page-2377.png,261852,F5BCE53E132B2AC4A30E7A6DB8E08641B46AEBFFF756AE331F0796B94732FF51,827,1170,RGB
2378,page-2378.png,251203,72FA53DB0DEA979EAB015F1FC6F79A8F301937C795B9F8A9DC52C10B3FB4E260,827,1170,RGB
2379,page-2379.png,316237,D916CDD8669F9B66B70E6CF11388FB997A4C3AC9DCB39EF478751A2591B3E920,827,1170,RGB
2380,page-2380.png,334266,36148425AEBB722AB9C34F99E7431EA07D55D5BCEBDBFF0CE7404E417F9B49DD,827,1170,RGB
2381,page-2381.png,195629,5A24FA8CB10D4905D9DB9163B2B963ECF4618B9F3AD1B7E7E0E43489C584C6EE,827,1170,RGB
2382,page-2382.png,270211,AC8E0DB72E868D890FD1B738567A23E9EE846070F6077B41369454D569493105,827,1170,RGB
2383,page-2383.png,334282,3FDF7546232B25E5421BB46279E79A751E4DC00434B27F37E60C568148A67BBA,827,1170,RGB
2384,page-2384.png,319674,3AD2482EFD52B3E6AC6ADA90E68742146A4DDF5A069FB1BC90AC87B9AC4468CA,827,1170,RGB
2385,page-2385.png,252012,BDFCE9538DE900A4E59663ED45215A8C7A52A53DC730AF66D18B1AD607C5D5B2,827,1170,RGB
2386,page-2386.png,280742,872F6CB68A0D2BE302775A8545EFFADAD244EB823FB701A8E63E64BB22F0A785,827,1170,RGB
2387,page-2387.png,280967,1AC83275DD3701435F1F969D4A75C37CE72A744CC08BF7E53E4AA16CBFF81194,827,1170,RGB
2388,page-2388.png,242282,0F88AE7365469B1EE7BCE0D997B7B25BA1242559A4F9B0D2863F084D76796D7C,827,1170,RGB
2389,page-2389.png,315650,36AC647EC9E6D41E993BFBC9A373DB5C62A6555E8C421338D285C9064EC9E454,827,1170,RGB
2390,page-2390.png,325677,6BA5D7F874A577F612E777CACC84E005628EB6B521B2D9C7AD6CE9BE89C0B8D3,827,1170,RGB
2391,page-2391.png,315314,6D6702840C121BABA93C50A51170DAACC9CFEE7C5EF7E88B178180C6D00A526B,827,1170,RGB
2392,page-2392.png,340667,88E5BA0256AFCA3BE0E3616361FDCAA3C3D1855A5762C0C4C4A914C95380660C,827,1170,RGB
2393,page-2393.png,330124,43139638C9626D5FD0B2825B869E0E7C835A8D60CD3E334719AA8A5C65B07BA1,827,1170,RGB
2394,page-2394.png,302209,2937D10DE33628F648AF8C275762BA117B1E8F01AED88D62F35C9B99672DFECF,827,1170,RGB
2395,page-2395.png,290391,32BB249D4F28074FF15BCDC764B8B84E08964F0F369C9E7DF76D6C8DCE5A1A99,827,1170,RGB
2396,page-2396.png,266423,C1D7A13DB2195CDD713B5947E48B01205F30591B7A445B6F9FF7CEC8FAFEB8F5,827,1170,RGB
2397,page-2397.png,353610,C5FAC5FAE7F5720DA49539DC61784F7E553773BF8DC61362EB6E5B91A28B28E3,827,1170,RGB
2398,page-2398.png,356261,4605B27D36EF2A0820FCD94391B4FC7EA526FAF85DE41B654E09BAD027DBC970,827,1170,RGB
2399,page-2399.png,295118,3CC2E0EA8B46323DFB68B500A175AE4B6F50F1E227EB59B15D289FCE91593DAD,827,1170,RGB
2400,page-2400.png,197939,97638D310E0116B22DCFCE84EBE861194FC9FDD758AA85D923760004DE877837,827,1170,RGB
2401,page-2401.png,283246,97CE8F8873E583D733A629B24F7D408D89568045FB6DB9F62CCE32EE43DABC7B,827,1170,RGB
2402,page-2402.png,342419,2E23E9747C4E2968BDAB4A59869884014E27BEA3E46659825A6F66863995DB20,827,1170,RGB
2403,page-2403.png,348985,6113CD9BAF953BF9C749723E78C650BB0F4C4948D3056FEFD2418A493F2C99FD,827,1170,RGB
2404,page-2404.png,387735,ECBF04444C08FE55063680A558510CE10FEAAF544A342A3B46BEA7AF7F2C50B7,827,1170,RGB
2405,page-2405.png,300186,FAD924873DBA46FCEFC1FCD8FF96E5369A9BB1E74EF9B9BBCA61ADB81BF6934F,827,1170,RGB
2406,page-2406.png,303492,C9DC78E6DF93F4114C84AB783D44A55CB2A1204126B46628BD5A4FB0C124D011,827,1170,RGB
2407,page-2407.png,365374,B441CD616941141718286DA5F8BAA239568174258D8516672BEAD3C3E08C97B3,827,1170,RGB
2408,page-2408.png,329607,756F6E2B1B3CDE9D74FBBEF0BBCD0342376887BACD9A40380675BAA6A476064E,827,1170,RGB
2409,page-2409.png,342445,267A4E98CDB03CF3C93E54DF1B355E0201AFB8852C0165BC731348B15760C2E9,827,1170,RGB
2410,page-2410.png,327061,969304AE0E101FFAD6EE3A16AF328FA3906A3F9BC6285FB3FA9462DD74077446,827,1170,RGB
2411,page-2411.png,355843,C6031DACB4B06B44B37AE171E8D3CD988C7F38017A1715D6C49E1FDDB0A8AECE,827,1170,RGB
2412,page-2412.png,354898,52A18A81168D285CB0ED2134F3C4C64535A4E0EFE7088470F657FCB071428217,827,1170,RGB
2413,page-2413.png,352055,478BD3C8E56661E08C509A336A0C4F4A4935F20CC4D1C99E21A81E3AF37C582F,827,1170,RGB
2414,page-2414.png,330972,E393EBFDAC2F69AB65FBAF8ABD4E8058981EEAEA4564E40C8BA549AA4E70A43A,827,1170,RGB
2415,page-2415.png,363990,37B9A21E62E670CDDFCFF0D60EF1D0014A6C95F5196C5B0D80BD3E75E8E2E738,827,1170,RGB
2416,page-2416.png,322877,10DEFAEAF3B226B8C6F6917501E31F9C65EF6837E31B3AF7BDB0C3295CBAEC8C,827,1170,RGB
2417,page-2417.png,318339,B267BB40537E99E9F6B6EF7ACCBCA37902CFFA25F6BD78D1284D0F522A90108B,827,1170,RGB
2418,page-2418.png,325494,45A2A28C32C316DF26E203B3CDE1538842C088D48C277E45450B09C0A86A2EBD,827,1170,RGB
2419,page-2419.png,293986,5AB901A81D5B3F215F40696960CD6F630DA34CD0BF4D2B7F96677F98EB3DC019,827,1170,RGB
2420,page-2420.png,281985,2E1335CDAAC91B21971709C6089F140FFE87918F346859F4CDBCDCC85B4F5523,827,1170,RGB
2421,page-2421.png,279103,839874FFFD54A997E7E457EF9BFCDDEC46284320C80FEA9345E0E406F9F97337,827,1170,RGB
2422,page-2422.png,262843,F33D876D2775896D4883B550B5932B3D88C561D198F5F4A0CCC8008355C6AB5E,827,1170,RGB
2423,page-2423.png,294016,2CB9FC60A997505EE1741DFB6D5C51D5C8F60CDD13BB040FB8DEBD0204F269FC,827,1170,RGB
2424,page-2424.png,238608,8DD827D60B2992507C874603FA2278F8D4558493ECE3A8B03C4EC3EEE9F7F480,827,1170,RGB
2425,page-2425.png,232352,07BA2C52525924920FB600879E05BCDF5E1E025654A44147228A6A465FE71B07,827,1170,RGB
2426,page-2426.png,227328,E18BFADDF14B63FA15FB0A88EFCE42F766D7E76DB9FC97EBAA3C3F75BE85C124,827,1170,RGB
2427,page-2427.png,210148,DF8DFAA7969B2B01AC92B81891B4B338096DB77408777D076F485AB90ED899C8,827,1170,RGB
2428,page-2428.png,261501,CA5498139EAA8A5B8D78947914A877EFA745F1239EC6521151A3E5AF99D62605,827,1170,RGB
2429,page-2429.png,211906,8655628C5E77CDA4799B0FB0004E55D75723CE63BE3080CDA34914511A734135,827,1170,RGB
2430,page-2430.png,270172,8EDA92974B9FC10E8AED20F6FC8AE375D7AFFF40C5940822EFE5D2DFAC15BCB5,827,1170,RGB
2431,page-2431.png,284472,ECFAF26C7F14396B7E26FCCD53587BB758C34C770B322B437FC3AE12402900D9,827,1170,RGB
2432,page-2432.png,338091,2D30D09638D5A0FAE6FC11CC15D55ABD86214EE7E79A52CF826F887B1FD559B5,827,1170,RGB
2433,page-2433.png,337802,94B188277CAF6BC3D18D1A9293614D403FE1C6BB6ACC45B1AB26878A62E9AE94,827,1170,RGB
2434,page-2434.png,386470,A9C84665F40C68077329376B462268165CB8682929A2F6924D17D10BFD286B93,827,1170,RGB
2435,page-2435.png,289942,21846AD33F3272956F5BBF9778D3F50B53C8D02C4D6C7B282609BBC556C82C11,827,1170,RGB
2436,page-2436.png,274965,E2459DF2ADE4C4F0A4CCB47A02F8B5ADA06B38C5013F4C8F8440E3599BC62A4F,827,1170,RGB
2437,page-2437.png,127057,ADC537F38FDEE229FCA9E40C17F9D20A55B3FC7CCD10EBD80E031F059D3DBA60,827,1170,RGB
2438,page-2438.png,257135,988EFD60187C9F0FB6871112B915A67DAE6B187124D4A9ECD01903AFFA83750F,827,1170,RGB
2439,page-2439.png,224045,73EA2B0A70B923EB2D317AE2A9BB1A6A7B68EDACEB9BFF9E7D81BC35C5CE54F7,827,1170,RGB
2440,page-2440.png,216593,0003C16BF1EE06BF90703658CB00ED67DCC68BA4C56A32C6B44CB69D4889D618,827,1170,RGB
2441,page-2441.png,202770,4605883892D632FCA8DF2DBBCAEFE1E351E84E45CEA74FAB99B0BC627093B0BF,827,1170,RGB
2442,page-2442.png,299367,5ADEEE0DC64B963D227A527586E3B0E285E378A3C982473FAD108E647EFE0EB7,827,1170,RGB
2443,page-2443.png,309823,0D40D5913B913843BFAF37354DDC9FF86A9839021C3D21CA70A3ACDBF477814F,827,1170,RGB
2444,page-2444.png,310588,440CA1122259A2E51659BFBC3CABBA48DA3339BED19E94A1E727D05B3419AE5D,827,1170,RGB
2445,page-2445.png,265952,D083820622821A28F317EB2798414EA340F6148E68200503520C1C7A5DC1617C,827,1170,RGB
2446,page-2446.png,277468,69DB8239B81E105734D21FCE2890D3C81D71AF67DC54E3A91C0557876BB6B65E,827,1170,RGB
2447,page-2447.png,201304,EE21FF5EADFDA358B7329C24726C74BD01B658D6D54F8BAEF5E606D8D66BDFEF,827,1170,RGB
2448,page-2448.png,247337,FB3761E161290774B0A834907ECA746A9599428409A635C1DC517750EE11AFAF,827,1170,RGB
2449,page-2449.png,263204,BB062E3D8FFFEEDA2A24890B13DF33120931BDA0A95A6E211E37CFEB897AFB5E,827,1170,RGB
2450,page-2450.png,231665,DCC46CC4DBBE5CB6BEA8DF57E3E60CCA6985F6304EE2DCB3F22AB66D78C8711F,827,1170,RGB
2451,page-2451.png,332107,18CAEE167430689CA96A3683CA5E8EE664D5009F1EE5C98054C09E1BD1898673,827,1170,RGB
2452,page-2452.png,214770,B0D89F9647238CA21C50E988788F6197BA827EB99D2A2CD69096837127EAF5D9,827,1170,RGB
2453,page-2453.png,233221,E8BB69D05026A8FF89EC786070810B1568629B2D86D8947E4C412B3409BA6E3D,827,1170,RGB
2454,page-2454.png,271893,93D83DC2F5ED48360F857A09A0643B0D4CB754B3BACAEB227E4F01EAC54A5E2B,827,1170,RGB
2455,page-2455.png,329441,BF787AE03F387806435FF3F5B6AB45CE47EBDB082241D470F258C14C54C79703,827,1170,RGB
2456,page-2456.png,371968,2A7B67F579788531A7A885E599CCAC00A26A27A70D2DB778EC6ACA23100B55B0,827,1170,RGB
2457,page-2457.png,261857,18162ADCCDC3CC155D95E9A41A9B3BB723E398ACAF128B005D2C1F1F7DD6CA97,827,1170,RGB
2458,page-2458.png,273865,8338D3270473D27CC50198A6F9734A7007A96D48686FC99EF8FC53C3D10D8916,827,1170,RGB
2459,page-2459.png,292130,884F4F6B98B7CF0F87C49F6C84BA570172C8EC6BE57633AB0B86C16EE6AC8DBD,827,1170,RGB
2460,page-2460.png,367210,255F525473CAD54B67621799F063D16A3FE8AD83726B783A88BDB45EB00C47BD,827,1170,RGB
2461,page-2461.png,330073,3921FD5E8F530190F5C28C5D5D6284B3A1E076E7F01D41F2D021DFDBC81A7A02,827,1170,RGB
2462,page-2462.png,257471,B6489CFFC68C8EC7CCD50D661B1CC52F0B59089D136D325FF56621A6D862900E,827,1170,RGB
2463,page-2463.png,303508,382C6D10A729E8EA4EDA36F31B90D5D2AEC6669BC8EDFF06013553E65CBE3D02,827,1170,RGB
2464,page-2464.png,300593,B60E70951177D0A54D5DE624285B474B82AC20A585831EC2FEE973A563536AB5,827,1170,RGB
2465,page-2465.png,246903,D17F06BF4D3912F46F77D44782EFCB32325B900E9C0F96D1E143DC99EBBFD2A5,827,1170,RGB
2466,page-2466.png,313904,058AAFAD9F6F8E5D4664FD36593295386242F38D913BCCD9CE52CECA5214F8A0,827,1170,RGB
2467,page-2467.png,278924,59199064C11D59EF6E6E7BAC890CB03B893DE1B69B16E2033877A04FDB7E8D11,827,1170,RGB
2468,page-2468.png,305224,D6CB4292361954A22B62A32DDAC9D1BC8CD75EFA5A4641F4A5746FF0EE67A8C0,827,1170,RGB
2469,page-2469.png,306253,AF60955D41897E44B3BC84EA5CE8820ECDA8FA9AB0819FCB343CFA779ED53333,827,1170,RGB
2470,page-2470.png,316513,809348A90035FB94291791130BEDF52722A729E3397B9326F05667A94AFD9941,827,1170,RGB
2471,page-2471.png,377713,FE8ED4744A0E64E3CE6F515EAB0DF28F99BB9201E2B42618F5E5C4F9A2F1F162,827,1170,RGB
2472,page-2472.png,272854,E290FDE007255958DF181A9C5735F0082B21241A10573D832C0E9D6AC1ED230A,827,1170,RGB
2473,page-2473.png,286271,A741D16064154EEA28CF9C4A74A09AD3EC9BA40B0F45ECEF886CA385BD2C48C3,827,1170,RGB
2474,page-2474.png,234503,D5B9E1832C1E892332579E9B785AF4B51041B901A0ED1FE3D21B457A70AA5E30,827,1170,RGB
2475,page-2475.png,294734,7A7E872B4085FE2F17FF3F0E37EE784DA592C416ECF4106891DD1AAD140E5F5B,827,1170,RGB
2476,page-2476.png,297664,76D4A13BD6C0DA9689FDF80CF373467BF92EFE75CDAB48E6C76F1FCB58BB98B7,827,1170,RGB
2477,page-2477.png,305535,1486E0420D771934533671314B96010CE8828C8D0F30BF06B0CB365CA5DA31A6,827,1170,RGB
2478,page-2478.png,260752,13D7EBEBBE88D465285466F475753D42F6BF3F20ABC6621EAC6E06ABF891A662,827,1170,RGB
2479,page-2479.png,233344,01068D4890B0B8D160B60BEACEB02DCDFC1CB157B0CE87816CB6C2540682F57E,827,1170,RGB
2480,page-2480.png,252179,9A31CFA3DDC9706B137141D69472AE6A80D1B379D1286681811231397BDFE9AA,827,1170,RGB
2481,page-2481.png,300765,FBDF29F09E281CAE2CFC2BBA5A4C29007D32B9E965720A4270CA34D7676677E3,827,1170,RGB
2482,page-2482.png,307149,CA055B0854747F45B82805D5325DEFE48C2FA5802D6AF0803F9861291E5EBA56,827,1170,RGB
2483,page-2483.png,299389,D864A56B693CEA0310B251F5C8262AAAFC302F3E13F0490364AAFA5CFEEA68CB,827,1170,RGB
2484,page-2484.png,224096,E6A1F258924E261AF7764DFA1BC3F9E7FD957F7E8CBC635843A13797892A9CBF,827,1170,RGB
2485,page-2485.png,186811,9FDF7B7F75276FAB5B0D099753BA584979E9A296C805C17261CC08644AA90372,827,1170,RGB
2486,page-2486.png,236848,809356A94F6F8A207E64DC80C444461B3E6139E442BF336802732A6C2E7E3076,827,1170,RGB
2487,page-2487.png,225679,F8AC741CB84C1D7BCFAE66001B34B60615865D19040B1E6A1BF1D6CEA52CA3F9,827,1170,RGB
2488,page-2488.png,225157,D89C1DFE0411D594FDFF51771E48D216895264441E3B3E4D373AB18898004E9F,827,1170,RGB
2489,page-2489.png,213911,F81A3C22EA06924E5AE4738E3E7F9A56BADB7BD3EA375B712308294261A9778C,827,1170,RGB
2490,page-2490.png,238567,402DA86133E6F24A9751CC17DFE09535F8EBDAB4B2F0FC4992CDF573B5605583,827,1170,RGB
2491,page-2491.png,288089,C32206E014023BCDAB6BB1D5F691B26419F598BEC383E7EC1018072195D03188,827,1170,RGB
2492,page-2492.png,214812,1769D2A4A38C6419CAB734D4A91BC6A2374BAF10E6E9C65128E5BD61A122D0A5,827,1170,RGB
2493,page-2493.png,283367,C316802B03CC960B4DC41A8EC3873EA70A62BD29F3205F0555EDC38E8008410F,827,1170,RGB
2494,page-2494.png,273853,4FF293BB9CEBA1A123E6656F4625ADD13DE90D193AC85353EECFCA6BB16D25F6,827,1170,RGB
2495,page-2495.png,327404,AFC22421A4FF4483C8121674DE4D7CDBB46991A01D374A4648F9B75F8D6D0CCA,827,1170,RGB
2496,page-2496.png,286109,5F074E561F142F1ADEDFF8881FE2E74CB5727733869166CFD659DEA9688CD22E,827,1170,RGB
2497,page-2497.png,303723,2E1D97E4CB6C75CE1DF9B1EB42B3F28B4ACF726E216A540F34188BCF2FB72BD7,827,1170,RGB
2498,page-2498.png,282365,44D308A725C16755779921BED3711D0BA1252397E23184A864921991E7D46AC3,827,1170,RGB
2499,page-2499.png,307483,005D3589FF172947CD94998A364DDCE54A4605F330DE121C647F85D92B576179,827,1170,RGB
2500,page-2500.png,263685,CC967604481416E24F4501F6FC229AA871D00E77B359BC8270D62BE02A29FC85,827,1170,RGB
2501,page-2501.png,368106,4FF206DBA89A7A776C7D64E56E2B2158DCE1FBA8CC88DBBF189589BFA1CD305E,827,1170,RGB
2502,page-2502.png,345812,4AA27EFAA80E4AF2D35209825FD2F59C0F3E093305772756B7413E0EC3057E1C,827,1170,RGB
2503,page-2503.png,317553,EA9F90AB8F31BD05A89510B8E46815C3FFA1C5599873937093D7783186B0C662,827,1170,RGB
2504,page-2504.png,239076,39A61060855B1D9DE84E7B242C31B278E8912D105A0C03053C51A88C4863E27A,827,1170,RGB
2505,page-2505.png,311468,25195042E6FCECC986A92B781D070F67FC03BB30B62B0B5E3A030BC5BAFFFECC,827,1170,RGB
2506,page-2506.png,325111,7270CF2B26227FAD4FD76EBCF17F750546386778C1B50D238A6032CCF16332E8,827,1170,RGB
2507,page-2507.png,355874,AE42DFBD916A6AA3C643662794308D345D4B105E0E19D457D4FEABEFBFD59F80,827,1170,RGB
2508,page-2508.png,275559,D77652BD388D739DB113E0046C06ACC6C799BDB143D62D5C0497B5C52CDDE9A3,827,1170,RGB
2509,page-2509.png,305692,4CDB4F09C58225F0543016F42D9FACEE20B40171E8F260C965D12B5E8AEB5321,827,1170,RGB
2510,page-2510.png,337238,E33C6C26C01CD8F9C4E02D1481675B0EE4AA888F6F7870F17C6DFE83E7821EBC,827,1170,RGB
2511,page-2511.png,318128,CA631DA83B9CB606FD0710EA914CEC9AE79587E6ED8361CD9912F71BE44656CC,827,1170,RGB
2512,page-2512.png,306445,1C6809900E02B516E46BA8A7B1A8B2AF485188DDDF58CC4C4B4010B3D5CACBC3,827,1170,RGB
2513,page-2513.png,332478,DC07D21C87646D20F38EE31A335D709CE68BE85B4C3CF70255E2AC6E3D011B0E,827,1170,RGB
2514,page-2514.png,318210,486F65C3586492D88F9637A886473A465615293A99687AC580AA2B31DCA47587,827,1170,RGB
2515,page-2515.png,259033,907BA05C0D5B91279DC81E3F28C05C7B33F760A5675F800B34BD340487B579EE,827,1170,RGB
2516,page-2516.png,243472,B8FC8DB1D56BC70273D78EDE1D766E301280D2D7C5AFD37AB9681C761596B575,827,1170,RGB
2517,page-2517.png,307089,A734648531CF9CFA8ADAC529E06D06E4132E9388B5C8B16932813A3CBE4C8EEC,827,1170,RGB
2518,page-2518.png,260020,6E850B608EC9C947E1FE5E3F18F32FAAD683AF9DBC98A2893EB427EEF2E8FBB8,827,1170,RGB
2519,page-2519.png,302465,5A7C3420CB7E07607A8D9EE20D0CA96A79680114853A29DC7A073E7E17273E0B,827,1170,RGB
2520,page-2520.png,280924,65C4C49FA1427DAE27C70E21D79393CF0285D614D18A6CC03DF698612EFBA70F,827,1170,RGB
2521,page-2521.png,337655,4B5263B20A74722F18C40C4C281232692CDB1AB4A08DDE20F8CC39D59EEA9B03,827,1170,RGB
2522,page-2522.png,22409,8D24566131BB1321892CEADC8A7A44C8FB356FD0DE6F340B4BC9F5B904FC5A4F,827,1170,RGB
2523,page-2523.png,232799,D64EA2D7F2B75AC5E7CDB552C68221AE27BF35ED99D53578E5A26D375E491212,827,1170,RGB
2524,page-2524.png,260519,860B7723D17205C7C02D70DDC8413CC5CB2B0C756AB91B7D923AF4FAB60E9C3E,827,1170,RGB
2525,page-2525.png,267649,CB309237E18B3FC2FF2944BB3D4A60409D5DD6879C559AC888A81D7F2528EFE0,827,1170,RGB
2526,page-2526.png,302034,D3D436B464A0FD9B90FD9B196451FEA9075432AC1674E41DC707560CC70AE5C4,827,1170,RGB
2527,page-2527.png,257642,7E8F676594B607CF30A04AD4FB0F777F6FAF2867E5F503DA7A051B284A47382F,827,1170,RGB
2528,page-2528.png,228322,1120E82DE6DB493BF777B1652FC5E6CE91032D04F11AD0EF0417B219010938BA,827,1170,RGB
2529,page-2529.png,209787,3BE9A0E9314504E501C190B14C13E0C064AB0A9A8CACFD143FC23C0D80F9BAEB,827,1170,RGB
2530,page-2530.png,289387,1178C5C725FD56BC3CC9CFBCFD4E88200E25D21B73C8B22C23A5EA6D09D99C59,827,1170,RGB
2531,page-2531.png,257907,BBEB6D6FA1DA0A2406697842C6D56AB31E739084B4FD8C204406F3BD37B8BEFD,827,1170,RGB
2532,page-2532.png,291194,BDB8FA4E838B54D492A4C6EACA9749D3C48F0A6D28AFE2549B524716525A3467,827,1170,RGB
2533,page-2533.png,233997,8CEF779F9E0529104F75D74DE7593D9D0FFFEFB0BD71083F74A1D1498E7877E9,827,1170,RGB
2534,page-2534.png,198199,C25DD5076A490FDCF5B4294AC482F97805CE5903AC0E687C35C1A441E295E11C,827,1170,RGB
2535,page-2535.png,213301,EBE16CD6E98F5887D460174A36F2E263F0D80FAA2E9D58489773CBE4EA8ED70D,827,1170,RGB
2536,page-2536.png,272632,2384D7FAD82FA97A3FCC0C701595616BBDCEA76D5F6267871428D7903692F4B9,827,1170,RGB
2537,page-2537.png,257366,6490ABDE4022F30BC1621FF430A2708CB9B66A08DA025B7CBD6E52DE8BA9548B,827,1170,RGB
2538,page-2538.png,226743,C07A529CBB7919420E18F970E472796E0A12FA5BC6BF9BA1D12C6016C10BB16E,827,1170,RGB
2539,page-2539.png,193331,6C7A5BC5244693F39092548D390B5ACE2230D2E1D93F4DF5878ABF2699295095,827,1170,RGB
2540,page-2540.png,227154,63B6AEA59C1BC9E725C5CEDEBD1801C43650AF3995AA768564C751A5C077D12F,827,1170,RGB
2541,page-2541.png,194467,28C2BB6DA0EEC814548B6C4BB864C18EEBBE238C48461B1025A8B09189D769BC,827,1170,RGB
2542,page-2542.png,308064,979C7ED46A2772F0A57262BF7D622B5E94A63EAD878D486A0C4003E4FBF6747E,827,1170,RGB
2543,page-2543.png,245088,1208A3DC2E533990000EBE6E9EC574B845E0D51E545D2ECEEB71B6483EB12C95,827,1170,RGB
2544,page-2544.png,237813,BC352A3BBA492B400C433672C8D40DA640D198465C81E6E6BC2ADBEDC69432C2,827,1170,RGB
2545,page-2545.png,321186,804BF4E78478E446426B6E93A48E78FE6D5333D9580DD3421E2CFF0A7C0738F6,827,1170,RGB
2546,page-2546.png,387265,5FCBB1D5859C472255B883FCE84A615A4630FD67307100E94C66FC6EB9242855,827,1170,RGB
2547,page-2547.png,253606,CBD20BE35CF700A063949A8FA388C85144CD1EAF251B7689046BC41A7596A0B0,827,1170,RGB
2548,page-2548.png,298488,DACA21211061AC348A88A53CC9DB62288BE87C43821BA6DBD10B08A358891742,827,1170,RGB
2549,page-2549.png,282305,B5D59090501160EF7B0282426018B2DA510F25A9D6C3C75B903D78D8B4735C26,827,1170,RGB
2550,page-2550.png,170956,FDF8892B79E5AE053F8C8B36EFB850F7A504F058A0053CA0540E6F724B5E7CE7,827,1170,RGB
2551,page-2551.png,272921,D290B867FC9B4380B894CA80298401DBA4897099E3072DC213AC21EC8C04F1C9,827,1170,RGB
2552,page-2552.png,307343,B7760CCA3DE09C98E4D812B82C8C737ADE92087DFEFB690C3019CF6B4D2CC8FD,827,1170,RGB
2553,page-2553.png,248595,98C8835D12C9EA55D6D487068EC6E4270F32A5FE384A63FD4827C36178E8A709,827,1170,RGB
2554,page-2554.png,213155,3857BF9F122EC702C4B13E371F8459321ED600FFCFAE91530DB405B0D9627D11,827,1170,RGB
2555,page-2555.png,277766,3825526C56FF08228963D852C6C7A48D03B793613491CE8069F259912589096B,827,1170,RGB
2556,page-2556.png,341713,739D5D7B23D8566F26142EBB5FAF8C18994C86F47BAB58216FFBB7770BC79E64,827,1170,RGB
2557,page-2557.png,256804,C373A804017220ADBD3FD5AD50C583789395ADDABFF1E1FF32BE4302BC40BCF0,827,1170,RGB
2558,page-2558.png,234409,30423B321A1F1844728269189EEC923B3200894E4B515A8B217DB5A0E3893A81,827,1170,RGB
2559,page-2559.png,236167,2F07C8DEE67075538430F89A875CBD335F02FE3408A0905D65A02E10DCEACA34,827,1170,RGB
2560,page-2560.png,276243,A201E0BABE5E13F7DA8C99D5FC552A09795F47DAAE035EF4CE70A8543F37A473,827,1170,RGB
2561,page-2561.png,255946,8B67CAFE2ADE93E4BF21483A09AD22BC816DE1B2ACCB3268EBA6BBBFE1C032B9,827,1170,RGB
2562,page-2562.png,312018,32811BE829B2E7F7AB9F1E598655F33AB648608628E1DD526DDABE91DB8FEC53,827,1170,RGB
2563,page-2563.png,322475,4BCA2884DB72DE6923683E6404E4195A522C83DC4617990504E8DBB7E5A000AA,827,1170,RGB
2564,page-2564.png,294252,6B3A0897B5066B3A2526BF2B96E1CF46DE2C63C170D31AD855679D9F40565C0C,827,1170,RGB
2565,page-2565.png,331062,D3AE25620577D6E3C223353E6BD2B68763EF0A88E23F041FD36BA70F84FBC443,827,1170,RGB
2566,page-2566.png,333127,94992A799D9081D2703E2FF8FBA0FAAE481A6B5FB4B5EE1755DE61DA4E2E2E2D,827,1170,RGB
2567,page-2567.png,341416,21397DB347296E0709BB2F39FEB636F509F49C7C306A2BA6923CBCBF15F1C563,827,1170,RGB
2568,page-2568.png,272631,8BDEAD617391A46259DF7B9BDA0F6239D8F4E534B145469EEAA4F49734DD7E70,827,1170,RGB
2569,page-2569.png,299148,39B35CA565C50918E0B6BFF4E8098B06A443E43F1F95B8D2CA2AEC2FB5258D58,827,1170,RGB
2570,page-2570.png,297797,D5373CEBBDF862B44BC5C8CDA3F69A2C172CDB160DA2AA6F96EAA45EFBB7AFA3,827,1170,RGB
2571,page-2571.png,344705,800B498A725A3264ADEB5662A9B8383909A4328E311D63481A6E319A6B994838,827,1170,RGB
2572,page-2572.png,261314,433D791287AB1793D8A3DA9BA385C46ED5F483E2A3A0C3B3CFB0470E36CF7680,827,1170,RGB
2573,page-2573.png,308598,8E2D172AC4C5C6EFB56E7E9E031E3CA27567D9E4A691CBC65C18397B6ACFF04A,827,1170,RGB
2574,page-2574.png,361487,17FDC26DB851497BFF025D7503FC9F1670D7D9AA9EE9BEBCA136D1A528C8D4A2,827,1170,RGB
2575,page-2575.png,245565,ED512F42A45DC3A1D8CD263B946496DF0E7907F3C042DCF44FB28C3C02672F88,827,1170,RGB
2576,page-2576.png,329884,29865D5FBFC208CFAF9112F5A8B37376027018B659A7B03524BF26AFEBAD0BE7,827,1170,RGB
2577,page-2577.png,340116,80DACD8462DA751FC41FB5026380E8497215D5E6A4C6F65754FAAB9EEA79585D,827,1170,RGB
2578,page-2578.png,287618,A550CA287F24B952FBB183F8003EF5530DBB90FCCFDEDC4A5C24E4B53A117F56,827,1170,RGB
2579,page-2579.png,429303,471543568251C2FC5DDC5337AA6AF6483CB4DE0FF4C32CB17800B202E980E87C,827,1170,RGB
2580,page-2580.png,278354,E5A122DBE9E690EACF2C2A6536859A5D4B207C2DBE40D2597CB6831B7DF8A46D,827,1170,RGB
2581,page-2581.png,274462,1B9E467A6ACB314C7A8987EC30B6D62F26F9E6B530E80A4820392A3671058DC5,827,1170,RGB
2582,page-2582.png,325055,FA75C64B4A458CA6545209E7F87FB523F649FE113584CEF8636617729A717905,827,1170,RGB
2583,page-2583.png,362634,3F8A8EF7FA262CDBB4617CA3295ECFE21F31FAC8717405A609546DFB4BC96F6B,827,1170,RGB
2584,page-2584.png,207786,B9229E06FEEFD23439AE8D3251BBED900ED81D770EDB1ED90DE8333A916E05A2,827,1170,RGB
2585,page-2585.png,354718,BFAD751DBBFD2E4C4DAC29870B5673C6C2D90466A77AC3ADE4AB961D2E28CFFC,827,1170,RGB
2586,page-2586.png,311369,141D6521FC4BFF6C579AC190F14C6DA9500D8D9D9DD4F59B40641C7889AE2743,827,1170,RGB
2587,page-2587.png,361347,07E7FC8DD6F00D07B15ED5441EC3CD4817FF51FFC8BFD9EFCE0045869C32622B,827,1170,RGB
2588,page-2588.png,301612,174D80762F4B6A75BA34E60457DC8EE328A8AEC993367B59002AB125D3F10CE5,827,1170,RGB
2589,page-2589.png,346220,A5D314D238DEB6FF347C15B81745D16C195AE67E6BB33C9C5438624AEB8579DB,827,1170,RGB
2590,page-2590.png,324338,634D404ECCABA90EE98D1D5003B9F500D93FA8F6EB64FA6173F3C0AEFF8B4ACE,827,1170,RGB
2591,page-2591.png,336760,82935C93192F2597182AFC79B5EE0E4AA9AF664ED25234A65762166341BD0188,827,1170,RGB
2592,page-2592.png,271634,12A386A60C396E884BB7D1F7382CC47C0DBF053466597BE3D4D41EA5A0306ADB,827,1170,RGB
2593,page-2593.png,294635,F694D5D521BAAA799A36572BA4B4FC2CD1125D0AE4EA43947433ACDE35258401,827,1170,RGB
2594,page-2594.png,305744,03750F63DF508E0298645E4AEFF8BC6126122B37F0722AF29FAA1EC2A6E33F3B,827,1170,RGB
2595,page-2595.png,320465,F5EA26F9701106986B481495A6B39FA0FF2B06841233DADD5961B04579CF425A,827,1170,RGB
2596,page-2596.png,262477,E42B7878FC765A30B7D766A0B01A4E022AE156AA7A5B7DEA60B58B36FD6D9538,827,1170,RGB
2597,page-2597.png,239055,A62DC0EEE0C948AAC4617691CAE729CAF5A35F339BB973F4FE4BCECB13C0962C,827,1170,RGB
2598,page-2598.png,281735,7F478786DC5FA376E3E100BEB74693831CF87A4BD052449E76BAAF39A2684887,827,1170,RGB
2599,page-2599.png,269713,F15F64EB1E1F49A2EDD26A072888A3C6F13102F08D6DF536FDA30BEFD6C354B8,827,1170,RGB
2600,page-2600.png,227000,5A155D2F4C20033FD876F00BF989A0D0C5320DA361C3D9B54437810A3B01EE2A,827,1170,RGB
2601,page-2601.png,309061,DAD6A6BAD1499737CBF03482D589BAF01241710C20D511BF41B8ED8D2AF94282,827,1170,RGB
2602,page-2602.png,325050,338817B14AD4FAE81F5999D20223B7123BF0624D6BB14DD3FB1934D992EF3D2A,827,1170,RGB
2603,page-2603.png,305023,B69A49E93C862B440583CC347D114D011D19D45F09EE1E5366E7A4BDA0F14892,827,1170,RGB
2604,page-2604.png,277728,8165883FF02A1DE3192BBEEAC1A4D704D3E1851E1747A04CC0842206AF1268CE,827,1170,RGB
2605,page-2605.png,289760,B301CDE77F0B18E6BA8E703AB5F48566A99F8213536B6403597022BD707CD95D,827,1170,RGB
2606,page-2606.png,280489,1D6353329151B419456C4CAD2BA1AA2D8FDF16E902F1788456AF4F224CCF2C9B,827,1170,RGB
2607,page-2607.png,337385,6AC6FC0C5FEDF3D02180B440A49BB80D17C3C5E3E247DECC2A51A44DA6F82DD1,827,1170,RGB
2608,page-2608.png,212847,4CD8AEC59B0912CEB5E906B048EDDC8999BCEA1C2651DAF16FDEFA941AD515D2,827,1170,RGB
2609,page-2609.png,214439,6E172FFDC97FD7A75495213BFC3F992431BA1BF3727F8F90882D6DA4C98D37F3,827,1170,RGB
2610,page-2610.png,188616,9B12C03B7DECFC10897C781ECB9C2A461469169CAC4134AFA810329A1AF626AE,827,1170,RGB
2611,page-2611.png,152148,BAB66EE18183AF1379B19E8DE5B559F02B334EC1ACFF1B17625839CE1149C7D5,827,1170,RGB
2612,page-2612.png,169624,974E13070BE5AD981F8C469068166DC68DD55542E48AAADC87BEA13634E0562B,827,1170,RGB
2613,page-2613.png,291229,CF86FFD049B368E565F0C41D3DEDED946EA19E3BC782A4D551C014BD8E2AF426,827,1170,RGB
2614,page-2614.png,268842,60EAF7EB4621AFF48CD4D6059907D56C1716360E6A13E0468D949B09E4378712,827,1170,RGB
2615,page-2615.png,244932,6FCE5A5531F95B21BE94815FEF321C881106B22DC1001404CBE5D493B7EB2678,827,1170,RGB
2616,page-2616.png,253445,F1E2D374BDB1AAD8F304777032878B5189032A84CE2A6614B72F8BA853AC16B4,827,1170,RGB
2617,page-2617.png,308032,DE93F79E15E7CD1F986070CCED53406799C525390A030EAC13BA6818B9492A47,827,1170,RGB
2618,page-2618.png,280765,F02A97505AF31A64D47FE8DBB407433A3DD67640456F2E19F360276AF37E7A8E,827,1170,RGB
2619,page-2619.png,283067,9CBB94293A2B7832ABD9D2FF018D49B0A0FA7BD1D30CA5716310E2A0B8375BE2,827,1170,RGB
2620,page-2620.png,274414,5AA790FFF06B4491B96F8949E968188F90B0ACBAF8EE3ABB9987B5DD8ACFF9C8,827,1170,RGB
2621,page-2621.png,273028,388662444D8817088A556FBC18F01176805D36351325B549C9B1557374DA0FF2,827,1170,RGB
2622,page-2622.png,307387,5A9FB681EEEEF2F2BBA8BF1EF2D0244A9B1033574DB877268FB48A6FB28E9F01,827,1170,RGB
2623,page-2623.png,381444,2B3B422908C454B4F6D6AE706B441D3BCA935F8A122AAA8E765881567E1DF463,827,1170,RGB
2624,page-2624.png,317317,71D76F82DD83CAE879761A3770C61100551677E2A9E260AF8EE10563BFB08EBE,827,1170,RGB
2625,page-2625.png,293097,95F9168D875E7255030B3B6B39D117C40591C50B268E8BA7DE51FB5FD0B907D1,827,1170,RGB
2626,page-2626.png,296649,1A874C670C20AF6D4303331AADEE80CD00604CECF43884D42AA4F8758E1AF3BC,827,1170,RGB
2627,page-2627.png,280256,D2B8A11171582B88DD3BC6141FBD5E9FD7854ED4FDC13266753E64E72F23B915,827,1170,RGB
2628,page-2628.png,173085,5DADA23A0FBF82786B69142C095C6C04C66F092CCD33E27AC87B9CFE220B6B1A,827,1170,RGB
2629,page-2629.png,292639,1CE1F93D26498F5CD9BE67CE87D99415868BBAC725F5DDDD4ABFFE4784139831,827,1170,RGB
2630,page-2630.png,322828,16571525774306ECD6E14B19C8952917C6610B27489654837EAF5CDB92240A0C,827,1170,RGB
2631,page-2631.png,348684,3A53F5175C4548993B81FC570B92B8DE151BAB5C4DF12696CCA491D11E4DEFC6,827,1170,RGB
2632,page-2632.png,220216,FDE296A0BB7307E85CD695456FFAC705A81315B3A99DDECADFA85F35E4F25018,827,1170,RGB
2633,page-2633.png,265380,231B896B29B37EE84539F044E6DA1817BF6633608D4986E34FA96DEC7D0E1035,827,1170,RGB
2634,page-2634.png,275741,5BFB12CAE9857B7808DDCA027DFAAD5C60184E72E0961C511E3578DDEE82A884,827,1170,RGB
2635,page-2635.png,219217,BEB4134F5792E3466AE34A7546CFE55803516A1CEC0E79C899476353325177EC,827,1170,RGB
2636,page-2636.png,281415,B3D2CD683131677CD41011D20CA4A936E2A53EEC4C2A65A1C9DA40EC13E2355C,827,1170,RGB
2637,page-2637.png,231263,5614D03315229B414152E3D72FC5F1C69D337143624664A4755C7CEC4101873B,827,1170,RGB
2638,page-2638.png,339739,E1AC7717CD88F119E48C460ADDB65B7CE4A302BC72ADB39127808C4FBD96559A,827,1170,RGB
2639,page-2639.png,300702,8555C6AD20D929AEE1E69D235682AD41FED6D8C4B4393ABD5913C3F08B0B1CA5,827,1170,RGB
2640,page-2640.png,373408,FD60291F09CE95CF8CEBAC71F29A0D78706931E881F435AB00952A247592EFD7,827,1170,RGB
2641,page-2641.png,313353,33573C7CE14930F5D7BC8B0E8A0A301AD04F36CBD5022519DA2AC9B3AD940DBA,827,1170,RGB
2642,page-2642.png,338958,46138218BD221E93E871141D297022A85C1173E12CB21B50F89330B1838E005E,827,1170,RGB
2643,page-2643.png,293828,BFBFEAA17AB1E6B5849C16944DE62B377D4C460E4A722ADD329B88E25BDCB91A,827,1170,RGB
2644,page-2644.png,354079,2FC9097255097E91E3B22D9C538FDEF596762CF92E9F9099E222E28A4C22EE8C,827,1170,RGB
2645,page-2645.png,293766,298CD5954B0EF3E8541FDB4168A26472A7E476F77EC8F0798BC701A972D5C0D1,827,1170,RGB
2646,page-2646.png,380132,FB2359391169E8A0D3340E1929AC1B9E1F5AD8CD51423BBEA00C0604160EC666,827,1170,RGB
2647,page-2647.png,309321,1C223F04E3E1C33C4C40E64817578035FFA0450BEF8971ECA3CC23D3CBB7F056,827,1170,RGB
2648,page-2648.png,290491,B6392F2A120388B86CBD2FFBAC8E1947F6F38EC6CC2F103F9497DA70E44739B0,827,1170,RGB
2649,page-2649.png,230858,FC0A6F92F8D190D25B59D9884398589C4D102480C273CB7E18EFB8C8AB1A83D0,827,1170,RGB
2650,page-2650.png,272006,60533F3FA564D997B13CD2BB3F2641A04FD3CA3B14CEBACB8C5FDF63A8AB97C2,827,1170,RGB
2651,page-2651.png,335747,DAD3A19527A7ECE6ED49EA9FF1CBDC42DED7824ECC8F9199B154FCBD42388B2E,827,1170,RGB
2652,page-2652.png,369721,6193E68D9F7DD3631E0C681077A9D4877668E8F005EEE6A552A8A4F168286321,827,1170,RGB
2653,page-2653.png,285990,18860AB57FE17B2408387C60C8F856E547FECDBC79489841E7D1C38323D751EF,827,1170,RGB
2654,page-2654.png,309032,62AF2273FF7466B592B22A798E9CBD364165BAC1783B525F9F576775728CDC5C,827,1170,RGB
2655,page-2655.png,330576,0BCC4D993A718CCF975AF28BE2D2D6F508363F036507B508891775D885BD36CC,827,1170,RGB
2656,page-2656.png,322251,D65C4EB623AF6C744F5146B1281519F7ECB140938764BBA657E153F77F6C01A0,827,1170,RGB
2657,page-2657.png,316046,820A7C162AFDF41869242C478D5F6AC565BB755AFF68E4BE0F499861467D64AA,827,1170,RGB
2658,page-2658.png,264378,8B79552FFA61B3A8A33D5890AF9A6162AC6B175AE0ECE55EC4A949270C7D48DE,827,1170,RGB
2659,page-2659.png,341595,61C344CB93125A0F6D6F7268290D3F43A97DAF433F7DD622D27ADEFB1D5FAD9D,827,1170,RGB
2660,page-2660.png,295305,936D9CEA7A2287B021B1E905515DE80AADE9C1B91E20620C13CE2CBDB1F21472,827,1170,RGB
2661,page-2661.png,355175,04DF8BE86584D1575CA2F42B6D6C1A04CBE63804D63BBB32DAF9FF3E465C60B3,827,1170,RGB
2662,page-2662.png,300477,0A0A50CA8BDFDA45470A6C190B0D72825431DE88A5E957E81FB3F764C7659EDC,827,1170,RGB
2663,page-2663.png,315954,EB4EDCDDFB247ED0005004E63406208C79D6581542C2006A39D62B5C823AC761,827,1170,RGB
2664,page-2664.png,274440,B614A595AA435C8B8380BB952E72DC809657945432926DAFCBED1078A4301523,827,1170,RGB
2665,page-2665.png,318245,71D3DAC87F5BD2B17E1D0B126F4DF9E314F63340651BFDDAC7296C2BA5F51095,827,1170,RGB
2666,page-2666.png,203948,A74F5C65042152341E0DDCA4384BE6B41824FCC22C731F8C1F95CDD07F10B45E,827,1170,RGB
2667,page-2667.png,243063,1296A0C941C6876BBB1584A5F88A1A477FCBA6A6713DD9AAF8370DB4923F05B6,827,1170,RGB
2668,page-2668.png,268777,E835EF547F46173BBF67E3B1F8D3CE0F623382787624C544D5EA6B29D81FAA5A,827,1170,RGB
2669,page-2669.png,313034,0A53BC2DEFE73BD404A27273748860115319B67B0E1C817AA99ABFC2BBC56F94,827,1170,RGB
2670,page-2670.png,275419,AC0D6786F9248416D1415BF5A0BCC873381DF0BFF9816FA98D6A4459D394DE4B,827,1170,RGB
2671,page-2671.png,252196,E2A454AD719986AFD42B5C55D1686DA0A3EB5DE382240B9D0697D92DEB120CE9,827,1170,RGB
2672,page-2672.png,283017,3E7EA12C57C567BF45E91AB527CEEDC09826438F1E8B8CB76DF7764ECD0E29A7,827,1170,RGB
2673,page-2673.png,352931,B5CD57B9611DCA0C4F46644A3F909CBCAEA425CD1359EC3B70BC2C843DA273F6,827,1170,RGB
2674,page-2674.png,373659,8EA4FD16F3A65087AA37A72517F85C0D34C824BCA5F5FFC3FD487FE31AF24E33,827,1170,RGB
2675,page-2675.png,347190,69A12D5CB6350B214661A49144ABFCE50E11ABADF617FDC0138953F3E97A22F6,827,1170,RGB
2676,page-2676.png,364700,41D34B59A680D82F6008D4E7B75E61D7D90F72695FE158A182C7D6C98C6FDA1C,827,1170,RGB
2677,page-2677.png,273620,E9BD3CB721E3F9A23297FACF70C3406BA99F6381D6A5C2EACC8E87224DE3451E,827,1170,RGB
2678,page-2678.png,300984,6137C8CFBDD338B9BDBA04AB4D0C1B2EC661469CEF9645A0E0B07BD1FE701F7B,827,1170,RGB
2679,page-2679.png,262742,8ADF52852BF44ED108BE72BD0AAE2D0DC1E7AF7A3F1ECF085B890FECF6255A17,827,1170,RGB
2680,page-2680.png,233529,48E82E6B155743B8E46E04B6E3E780A82461C29ACEC6F92BF9668944D296AA8E,827,1170,RGB
2681,page-2681.png,313909,D392BBB1A42692D2FEF7356AFAFA114E8FE1A49EE1C66A78F19329719A2978DA,827,1170,RGB
2682,page-2682.png,255564,2B48068BA80B236925BCC4C8E5768AB85A6C446D456F5AEEE7AAF47B951609A6,827,1170,RGB
2683,page-2683.png,292177,44718CB3274A0561B97056F483F7DBBC87A05E2808BD807334EFCC373BEE6E6D,827,1170,RGB
2684,page-2684.png,369804,99E71541BA5EDC5D42C9479B602BD04EAAB478682B27539474725C33F3B42864,827,1170,RGB
2685,page-2685.png,315614,23C59A84ECD5758440A89D95323E815B86EE1B045A506E4BEDB1300AE4EF3C6E,827,1170,RGB
2686,page-2686.png,340508,D648D80BE304D50AE934DD56CD3FF9907755902009484A19501D5D43B9F74301,827,1170,RGB
2687,page-2687.png,290113,EDCF4A5D5649D11D967ECC578BC6E61CE0E32E2073BE8C22FB4D9229BD0CF113,827,1170,RGB
2688,page-2688.png,288001,5F9254B99C914A9A2E6C53402F5FAE88177758A5A33397777CD7ECEFFEDF563E,827,1170,RGB
2689,page-2689.png,313206,D4F7A1E40359A11898D5C4DA17E7CC9A45676D8FDC6DBAB0E2B23C08D2AA1561,827,1170,RGB
2690,page-2690.png,320815,C84471AB0ED8F202785C9E5703C23A0D0E570CA4B9491C1250F633F8425DE151,827,1170,RGB
2691,page-2691.png,334329,074F1BBC6FA0D8FC60FD5266D7F85070FF2B991A3B8DED9434E9A2F786932285,827,1170,RGB
2692,page-2692.png,312649,35B68743BEDD6243EAB985EB73269E92C1B4B133DB408D0EC38AE4620409B63D,827,1170,RGB
2693,page-2693.png,270219,88DB7B6620370D72FCC3FAF49B4DD70B5168CC3A6AC016FF3234618EBAD53AEC,827,1170,RGB
2694,page-2694.png,307428,EDBA9E7B958D159925DA6161361C47447632535A07A9366A922928CF324F838D,827,1170,RGB
2695,page-2695.png,247284,A4F76DAE8AC2636C33DF8BCB2848B907C9A7AD6A1C8C50EFE85ED77608B48176,827,1170,RGB
2696,page-2696.png,264660,5B95F8EAB30402C48EE626B161E36E8CC305BCCBCBB473F5B388370155F0B023,827,1170,RGB
2697,page-2697.png,317985,84568A466FA0A11ACBE6642A2AF972E21F039D12227305CE5D181B73242B2F6B,827,1170,RGB
2698,page-2698.png,239330,63B7C99A20079FFFD056ECA51249F97F06EA3C78408FE1927D8CDDAA5EEB076A,827,1170,RGB
2699,page-2699.png,354741,667FB0E7BFE26320BCBA4959EF8D5D3FAA7E46C94E95F2E8EFA6F2CA897F76B6,827,1170,RGB
2700,page-2700.png,312782,6BAB1D2063A4041B21915EB0557AEBFFB7731A21761788AFF4F4FB3AD5E7C9E0,827,1170,RGB
2701,page-2701.png,300755,1752755C9D889238A509E26CA607893CAA1D47D2939820770EB4DBFC5FE3A146,827,1170,RGB
2702,page-2702.png,339128,6188BD82D17D7B6F9AA121F321F6791F31921444DA3F80638D2A15D5E58FF95D,827,1170,RGB
2703,page-2703.png,349864,41F0B18BAA5ED0B051BB4CFF7B5869FF9D5552061162B908B8A000160A3890AD,827,1170,RGB
2704,page-2704.png,325148,CAABDF08719C3EAD6A3DA5D21A446324A9398CDA176A069019960E5BB29B04F6,827,1170,RGB
2705,page-2705.png,319029,054FA82E12E0FAE8CB059B5298D749A3CA9494C62A2784CBCBA75227BE23EE7E,827,1170,RGB
2706,page-2706.png,304717,C269280FE4495BA39875F08EA61BB6D7D0B63EF572D6FDFBA295B70B4648DA85,827,1170,RGB
2707,page-2707.png,219555,2E7E421928B7978D5A3EEE25B840BCCE47FA51CA1AF5C7275EFFF105B46CA9C6,827,1170,RGB
2708,page-2708.png,51167,31068B867B14E681F0E474732DAD78C7EB16CF0AF769A9F0AD5BF68AAE0EB51F,827,1170,RGB
2709,page-2709.png,228601,0CFFE5AE336FB33C763C3E723B8FDFD86B2EB08F15E76A0B632A2CB968ADB5FA,827,1170,RGB
2710,page-2710.png,304127,3F9CC0A8A074C74775861D8F30F4724A423B171DD4BCA6E3A4A45FF00E5906E8,827,1170,RGB
2711,page-2711.png,374570,80CE37D2B2932A49C25437677762BEFFB0DA276F9941CE57638A30B67DD80B41,827,1170,RGB
2712,page-2712.png,229310,3B1933DA8C2F1CE45579017776132D7A91C803B3B39DB592DA3A2C2C2281315D,827,1170,RGB
2713,page-2713.png,169325,C28FA8BC5A43F31032CB44C43A966F695E42BDA2F599120FDB70552F9B9D6AE9,827,1170,RGB
2714,page-2714.png,289240,47706DC2E6916A8768A0F2C21835FBEEF3D3AFF0735354CF1F8012079C902E72,827,1170,RGB
2715,page-2715.png,277624,B288AE7AFDF7EE8FF638E17D443EB75BB453AEE05FDD8F3181F5817C5A95078F,827,1170,RGB
2716,page-2716.png,297366,188F1E3B421D4E928BB48E88BC0C85BEE370A2994AB6BCF94B19C4830F60B7D6,827,1170,RGB
2717,page-2717.png,290119,2D4E86B76DC4094412A34814828131FE92D68A3307360C9841F8C23597DB76D9,827,1170,RGB
2718,page-2718.png,210748,459F3A8330B1307C0861F0F39685D8A5897D65FE75B7166502382C4E77A9D790,827,1170,RGB
2719,page-2719.png,330965,54453A3ACB00C9B1131C0E9234A8CB34095EC5185EE43C0941F750846F3A68C6,827,1170,RGB
2720,page-2720.png,187992,D598C8112525399BF60025560697964EBCD33768BB0A87FB27D84D23CCDC957E,827,1170,RGB
2721,page-2721.png,239237,137266B2152D1CDD6B2A8D3985535FDD6D9CAFE65C89255324D6ECA7C3688773,827,1170,RGB
2722,page-2722.png,285677,064765D40E2FBE9CE883A920B46161D9204D169F83B9BB17DFABC3D4976CC38E,827,1170,RGB
2723,page-2723.png,255563,BECF50A80974214454EBB7B615947A1D63633EC7822B2D993C847478911A7762,827,1170,RGB
2724,page-2724.png,338151,E1C467A69224346433BA7E2627CAEB6B9FCED8C8BA63B77C7085E6EC4E6D8E7C,827,1170,RGB
2725,page-2725.png,271196,D85684B3B1B52A3E101821633520C365F86DC1E503D482C1CB144B1D8307A6B6,827,1170,RGB
2726,page-2726.png,307664,F7AE3E7AC697B71B66DF7531A9FC8A48CAB033A67937C3EB814C069241B671A5,827,1170,RGB
2727,page-2727.png,346295,C90F7F3B8B873CC8AB07E4C386C868E839D0F706FE03243D9D26324D7D3DCAC5,827,1170,RGB
2728,page-2728.png,244057,B366AD20F4D0E5F631FCEB89BDD7EDC5AFDFDD69920F21CD05655E5E55D780C2,827,1170,RGB
2729,page-2729.png,296150,9864F2219CFBCB4B62C8FDE8A18AF1F6684947CE4F82F7ED4D45BD52F9AF90AB,827,1170,RGB
2730,page-2730.png,277889,98844989250702CC26F046A656CF289F1B0FB9785ADA5684F690DFFD13ED26CE,827,1170,RGB
2731,page-2731.png,284496,8A04BACC598426EE41DC1C8AAD168688C87AFF43FBEC75FED2EADC3B432F3D68,827,1170,RGB
2732,page-2732.png,276241,FF4570258278B7DE83852721CBBFC9F0A8E76438C39A6655B764328D30461598,827,1170,RGB
2733,page-2733.png,326248,C1FE8DBECC7CB260587B75018C9971A58C12C079E77A1DD2F37BA331D5998E57,827,1170,RGB
2734,page-2734.png,320701,36F1AFD99824196B33903971648396F76A782B25802D8A220293736E3D6EDCE5,827,1170,RGB
2735,page-2735.png,254221,9F4C32988A352C146BB15A847675E16F1B3C7C5C3286B165B433F8B6F015E8CD,827,1170,RGB
2736,page-2736.png,231633,E617E08DD9C5D2865A813C63140DD81333E0105A5C4994AC0070043F93ADBD96,827,1170,RGB
2737,page-2737.png,201292,CCB6A10B14CE4210D3B956E0379311B2CD232B35028ACD46BF36B7D3A1076DA3,827,1170,RGB
2738,page-2738.png,233400,FBCE2D11C171996362E4A399324B6C49CAB8D42BD1791D96180267437DCC025C,827,1170,RGB
2739,page-2739.png,274149,AD33B4D8B76B52A55F7D302BD45825047D69AD75700E0EA81459900B90477E1F,827,1170,RGB
2740,page-2740.png,382804,6E91205640262C5A1B704DDDD916E0BF7C325E0E24CF5CF412E5D3A37B51439B,827,1170,RGB
2741,page-2741.png,311684,F39F6704AC3C75295F6B76F361B771BE868278F435BF9629ED6ED6FAC3A09C4A,827,1170,RGB
2742,page-2742.png,286537,5A5693E0F13A75EECEA980BB215C8D216ACE0E629C3C8B0D8DE8A5E12B0A1EAE,827,1170,RGB
2743,page-2743.png,299594,2ACB8A6B5A4ECD5D58CF3DDB2E6CC25E9BDB04B8808272F52A05022C9D81F8E1,827,1170,RGB
2744,page-2744.png,233824,055F0B068A0D927192F1EE6B6108EEB8D0C64AE56DFA6C640D04EA59ADBFE0C3,827,1170,RGB
2745,page-2745.png,280858,8116D804080179EE9059EB796A5EEC17099E56FD9B53DAD6DDBD4CD120F80BBD,827,1170,RGB
2746,page-2746.png,358063,098AB30A3275805DD29BB28308F82FCEC23994C00D58C6958C8E81A71591F044,827,1170,RGB
2747,page-2747.png,353625,EE858D959521184908543AFF63CAA8B97450AF71F018AC51D3D3727D0AA5A278,827,1170,RGB
2748,page-2748.png,309426,3367A1861E30D8827888D096F536B18A5F892DEFD050BF4C64A4A634BBE70858,827,1170,RGB
2749,page-2749.png,294165,483A7B1112B0D11398605FF57A81E6558F7488DDBFF2DE8E353174225BCC7916,827,1170,RGB
2750,page-2750.png,307983,4F38C3E1C4740E51E2DC6549089E059A722D489F25AF7DDD73068807BCACB3D9,827,1170,RGB
2751,page-2751.png,313586,D4C622C69EA0E04FD3CA4031EC62AB3357C38EC95AB614A8E172BE0125FA6E47,827,1170,RGB
2752,page-2752.png,279655,93B6B868390E7DFAE5A0C94B8DEF59EF40F18757156E9BA82F9565935C8ABE4B,827,1170,RGB
2753,page-2753.png,345227,389F2316F23DB71A050AB9EA47B60AEF369324C4EAE9BA51EBCA5899FAA5B17B,827,1170,RGB
2754,page-2754.png,347826,143152034C960B06C68059EC150A61836AC77F7B9711380980BD2B6D2ABCFB73,827,1170,RGB
2755,page-2755.png,368011,FF082EF8D7648593A1F63EA4012F5AA7AEA39FA56EDDC114DC2837107AB446D1,827,1170,RGB
2756,page-2756.png,328059,7C3B82108B6706F7D2C5D65E8949F1B8D42A0629371E515FE76FC2FE317B5E9C,827,1170,RGB
2757,page-2757.png,328564,F4AEA2C1C9FF494E56A64B9CE76214183CA89870385A9C18477774DC4C805B19,827,1170,RGB
2758,page-2758.png,311004,87749A17781C9EC1A487F851C0B8AD18455A05339EDD32ABBE99B31F190B5153,827,1170,RGB
2759,page-2759.png,283566,B71582F5FC5300B91FAB72566DB817EECD4EB931530A5239E264F3A268D8D675,827,1170,RGB
2760,page-2760.png,299505,5E9C375B030972355776B4E32256E047A5D290C4FAC8F9CEF9149C3D32ABD3CB,827,1170,RGB
2761,page-2761.png,321899,595757A4BFE97B21AA0CF24F31EA0423ED03C9B8FA8FACAFADEAA1E729FE667F,827,1170,RGB
2762,page-2762.png,371968,1457329BE9C8BE8D6564B8C7F1C301C04FB1A1D662E648EF271561B01CDE4659,827,1170,RGB
2763,page-2763.png,339020,6A88C1EFBD278358FE086BA39994864A1100DAECDA9DE8DE0E59DFE7F39D2023,827,1170,RGB
2764,page-2764.png,369567,BCA894D960477CBEE1B161317C5FA42F59398092FADD83DC61F905BFDEB298C6,827,1170,RGB
2765,page-2765.png,335112,16AFE4BF05392688A9F196798F214C87B73AD327BEE135001DC595224E8B03CF,827,1170,RGB
2766,page-2766.png,367134,98D761FFAE33B270F299E91006D27AFDCCE3CD7B94BDCE9F8F7862B0E79868F2,827,1170,RGB
2767,page-2767.png,283808,B37FF4C073482E8A6FA4124CD1A5F3ABD3E2995B0EB22ADCE747B5B801FD6961,827,1170,RGB
2768,page-2768.png,350975,C3DD313B7C424E382664639E7B457AF672A5DF1D7287866BD8E7C53124FB8DF2,827,1170,RGB
2769,page-2769.png,371083,B2D144D825A68656BDDB7DF6530D25E1BC3E1F1A09B06C51888DF266F463E2E7,827,1170,RGB
2770,page-2770.png,289265,C005F6C0D950199B5DBF7BA3B75413E2D8AEBB973DA136BDFD0AA4834A02BE5A,827,1170,RGB
2771,page-2771.png,282033,64D0EEE9AF6A5A8D96FFDB693F0FF7CD55B683C9A134EFED8A3463AF2661ABBC,827,1170,RGB
2772,page-2772.png,344294,5A42EFDB206FF9BF6579BAA31619F5A59F9B9FFC77E25C8B152FE7020CD026D2,827,1170,RGB
2773,page-2773.png,296090,F22E59BD40E018F92A4053846A4874322640CB038C242FF20E9DE58F0FF6A187,827,1170,RGB
2774,page-2774.png,339082,36B377E79AF429BE47C399BFD2EAA3BEACD92D6297D45E6A881D4878B45ED670,827,1170,RGB
2775,page-2775.png,369712,F437A9B5B902192EF69A8E230295932A2FC2E3B7BAD79662E75A3EA6BC36B84E,827,1170,RGB
2776,page-2776.png,323836,6F47C5BA40CD215FE709AAFD493DE2DB4BB608915D130F6EF005CF39CCF4B925,827,1170,RGB
2777,page-2777.png,283927,C65A06E77784ED9084AD1DF90089AABBC3F81D48199D1C605B212A07CD538B7F,827,1170,RGB
2778,page-2778.png,338208,D5980A8ED7EA9D638A5E1F395F8E369053AA99511591E73C4B41B597C938D0C4,827,1170,RGB
2779,page-2779.png,348552,48AA4241D78736814BF7BF5B14C6A512480C7CA719E93A28BF0AABEB7F486019,827,1170,RGB
2780,page-2780.png,301077,11179CDC7A568CF3CD2C1C959F0422BF08DA491A854643912041CDFD1CE8B8D0,827,1170,RGB
2781,page-2781.png,259025,9DC4A5597BC9E2884B339B849E5D18E66DD208A07AE0919786171564295011E6,827,1170,RGB
2782,page-2782.png,353633,8A0F9C69C5BB57DB6E8537C69D3AC5CF6FC200A11F79FD40B4308831440510B7,827,1170,RGB
2783,page-2783.png,282329,8C2DFC115017A93FC84FC04D08587BFF7959488058E5C9FB4899E544E7892052,827,1170,RGB
2784,page-2784.png,283249,3DEDAB51053C55AB9E27FB1C00643F217D70B0D453A96B4135468F8B8FDF2FB4,827,1170,RGB
2785,page-2785.png,353128,C4E05DD8BDC968399D350D100E9E2220C0B957F3FBE7327A372BBA7C748AD8DD,827,1170,RGB
2786,page-2786.png,341486,7C3CDEB9A495FFA17F7295C6C312B19632342B90621686A54B06BB72B2A5F21F,827,1170,RGB
2787,page-2787.png,350499,F88ED89575861FD22195459C98B5EDE12AC0FEA0B1C9F04B421A7BFEEB8429B1,827,1170,RGB
2788,page-2788.png,304056,0E44BBE8C8FD050695F7E716BB06719C483F963531513C05B861B05CEEAF623B,827,1170,RGB
2789,page-2789.png,369861,14D3B12551EA8D5513C2978D8AC490FE86BA8EA0947992283080313122A0BA99,827,1170,RGB
2790,page-2790.png,318695,A2F210715DC7ACEC9239D44C87D671E46EB1E8E422F083C214F369200370DBF0,827,1170,RGB
2791,page-2791.png,314857,C77A497DF87B1E0A4DD776FDF3AF1A4B33E48952430485C0F965E337567D9604,827,1170,RGB
2792,page-2792.png,227382,75BC6DF2CB6E9CA6155765BFD0BFA10BFD862BFAAADA25FFD027A28845DC0BD6,827,1170,RGB
2793,page-2793.png,290798,350D612ABA4C0850BAA90155F066ABB9C7237D4F4CC15B4DAE1BD2F64C6810E7,827,1170,RGB
2794,page-2794.png,220060,49AE03A0E9C79F2DD908244A23496E3BA9C70BD728E32ADFDCC4384E08A345BF,827,1170,RGB
2795,page-2795.png,213914,5327E06CDAB07841AE3195D1EEFF775B7298EC5EC3A22D55D9D30CC0B0CBE904,827,1170,RGB
2796,page-2796.png,221498,3D2051C23165CC8F369EFFC418EC785C31CBD1854C711AA5D05788CDBA636677,827,1170,RGB
2797,page-2797.png,240044,39EA9C41E5BEB95CD337FDD6617249ADB0E9DA5AEDA2B5C50BF791AACBA6F06B,827,1170,RGB
2798,page-2798.png,178696,AD58CD9F23492482B3CBCBBF14FE782E13676AE57E4B6EEAFC28168B1A74809F,827,1170,RGB
2799,page-2799.png,193080,089264B1F271AAB9902A64ABDD952A664C937D6B313ADD57424722D7D157161E,827,1170,RGB
2800,page-2800.png,275298,6B4152151D637DA5E370583455155746A1870330512DAA7A71D0AEEF1A48D3E8,827,1170,RGB
2801,page-2801.png,267486,D5569F73B1BD34D33CE8499830242B8033B186EF0F7CA14BF79568D3F4C76A6B,827,1170,RGB
2802,page-2802.png,302937,F88AB785F26B74BAA2E21C74201CD59533130DDA0FE2AADC5ED8555E0AF219A9,827,1170,RGB
2803,page-2803.png,289866,976362BDC3EA4C81698057FE6967776D19CA1A1B011937F4EADE9C7336313697,827,1170,RGB
2804,page-2804.png,271774,A3FAAA7FA3E466B2FEFCE87F88F427468FCCD91BC2599798156B3A3432A3CC78,827,1170,RGB
2805,page-2805.png,317396,AA246322F79C94381952496687BB7C4EB93932AE517EE8A2530EBB8B683867D6,827,1170,RGB
2806,page-2806.png,316550,0B0CBCFF30F5D412C12B0A5FE5EBD94F8A82290B97B5695EB06C5FE1321708F1,827,1170,RGB
2807,page-2807.png,320876,2FFD0570AD959B243011C2E9AAA8550B169DC957485689B5B2C3E5F2EDA7CB46,827,1170,RGB
2808,page-2808.png,406289,1A7E04AABD745556E1A79E4440B5F82A99B67BC538C87989D3C46C427D0F51F2,827,1170,RGB
2809,page-2809.png,364707,A4E0F141DCFF63B777F3428151B27B12966B47BA70A4651D0B9F3D84F367383B,827,1170,RGB
2810,page-2810.png,322345,0FB164E2857C424F5FFD275A940AAFA732A4DC58E2CC24FA9537904D230E4F38,827,1170,RGB
2811,page-2811.png,218723,A1DD293ED867C65B09D18EB23AC79DE2F4C45941465C2FD3739966FDC34EDA94,827,1170,RGB
2812,page-2812.png,312753,9CDA8808A16820F67B7EE3873B8A345B4CB9DF5098D0201D1B20ED26C85755FA,827,1170,RGB
2813,page-2813.png,338418,196A1DFCE77CABCD53B99DC4D855CCBE3EDF867C38CD1872CBECEF189E95C202,827,1170,RGB
2814,page-2814.png,338305,E325057CB01C4367F310905FE301685820DF042F76E3ED8A7896D283141E2D27,827,1170,RGB
2815,page-2815.png,297482,826EA33B110E11D11FDB9558B643E598BF91225559A9E402F1042646548FFDBB,827,1170,RGB
2816,page-2816.png,352565,269D6A4B079B1760809A65F7C1AE5BD23A6CB39A9DC189F4574DB937AE242B77,827,1170,RGB
2817,page-2817.png,192254,E4DBADC8145BEE8B91EB7841BF73209ABADF53C9D38BC1633383970AA6E9561A,827,1170,RGB
2818,page-2818.png,243131,59012D17CBE2187A2B8A18B509B28E0C2FE26F68ED881D5361448D6CC3871B10,827,1170,RGB
2819,page-2819.png,192635,AD64B7454F4B175782E4B35427AAD61726C535DF1DFAC6A35F57D4426989BE7B,827,1170,RGB
2820,page-2820.png,279615,1613633631216130060CF8C719D66DE1BA6591D6BF7948EA282834EE41E9CA32,827,1170,RGB
2821,page-2821.png,177215,B9AC5D09B3D27DE4A0F4DED6E4E9E804C34A79A42C7A5591B06CE94DCCA6AA7B,827,1170,RGB
2822,page-2822.png,224955,F30C29F2C90D15E921C2D44A39C86B2C0B0CA0E7966B47B323F9A1F199F971F6,827,1170,RGB
2823,page-2823.png,208970,F107588E67A5FA02684DCFC4997D68489F36009E3227C63B792DC68CB568936C,827,1170,RGB
2824,page-2824.png,323817,F878736ABABD63D169AA676AE24183FCB378A44D9E0B8DE849F6638571571E68,827,1170,RGB
2825,page-2825.png,351589,C94CC20D216EB4B0AA4AC34813904CC0A7C02F6F80BB93685E5EDC31A4750405,827,1170,RGB
2826,page-2826.png,306056,DDF87E3808A4DD4ED2898F1186AF8E896644644F4B5D73F01555D6B0A11A07C7,827,1170,RGB
2827,page-2827.png,356080,1F747E7BD333C0637D5486BAD2B163EFF114AAD92C5E7BAB7B63CBB134A3088B,827,1170,RGB
2828,page-2828.png,329518,02DD88149224B6E7863B98366A341A640B568F56B3DC5DEE88689F4B4DBF6232,827,1170,RGB
2829,page-2829.png,338426,B46F60CB2F8627E052CB02DA244727649533F9E75FF6C0483FC53535102FBA7C,827,1170,RGB
2830,page-2830.png,311859,989E91F5F3A2490B573A4E3479936DC1C0C014F2ACF37700EFAC4BC0C1CDC6E8,827,1170,RGB
2831,page-2831.png,245391,AD7AF12D2B14C7910659F1D9551B009847F38EF9E5B3070DDB8BDB68944681F5,827,1170,RGB
2832,page-2832.png,339162,5E7E4D9C656F4E9746C40885658FC8E932208F40B113325B94A8B171A66F6BFC,827,1170,RGB
2833,page-2833.png,324716,9A9C34A91607D71FCBED8F7803E53951999FC34182E2FD40BF27EBDCFB63B6A3,827,1170,RGB
2834,page-2834.png,236879,EEDE89635FD5EAB2D2D15D9A6FD7D1C861F3A736F6A66FB4BA0EDF85157A6B25,827,1170,RGB
2835,page-2835.png,289603,8CF587A5261182D9E7B76FDF2062F26CAE06E043E8C21649A0CB766A84AC0B8E,827,1170,RGB
2836,page-2836.png,248170,7538D37EC2E292FFDF3ECEDD0453268D15CEDC16FCDD259554AB3D65196A0FAC,827,1170,RGB
2837,page-2837.png,267933,0A554C726766DA4E5F0CF81933E5D8401B931FDF395F3F428396E5772AAC08C5,827,1170,RGB
2838,page-2838.png,184277,4BA64A7C4384D237533B94CFB3BA52B36243CDFE5A76C63E2F63D173CB915169,827,1170,RGB
2839,page-2839.png,229661,D945C669D30657421CC49F1348EA4387B69E8AF5430AE0D65D39212F38D7ADC3,827,1170,RGB
2840,page-2840.png,297414,297269BD661DAD394B5112F552B2706EE07FF39FBF0913A72F376E0613AB26B4,827,1170,RGB
2841,page-2841.png,242904,820BC90F0214E3DD9F43D862C2D81E9417E4AE630FBCE5F39BF247066204ABA0,827,1170,RGB
2842,page-2842.png,254260,52B3F82D0B1DEE28638C770C2D56736D5EF8C7B4E63A2F7364FBAE021C0C266E,827,1170,RGB
2843,page-2843.png,291649,0B83C773D51940F634421C56EB628D5C253F51418A343F2D8F8EE1FF00FE8C28,827,1170,RGB
2844,page-2844.png,256278,FBCF8FC746E9100FDF4420532FBE58DD58B86A0593A911F83BC9D66E5600AD76,827,1170,RGB
2845,page-2845.png,241203,0552B6F18CF9CA0598D68C338DB1F6DD5B1D8AA082040E796CE9380CCF51CE82,827,1170,RGB
2846,page-2846.png,324115,F052B86E0452CFC5766EAB967B9FD58FAC02F4C5D9F1B7A453F0903791AD93C5,827,1170,RGB
2847,page-2847.png,288466,2CC2D048D3D9CF270B1FDDA5AC74C22A1C1A620DDDDDD1FFC758CC1590D5E2BA,827,1170,RGB
2848,page-2848.png,280009,55CD3FF9FBA3DF1F2710E2C56281824D21E7527D988A7158C1285DBCCB059992,827,1170,RGB
2849,page-2849.png,225515,1AD1CBC3295607114AC1CE5B8A16AD8F15EA9770BE6B1077D0A70FC5CA76A184,827,1170,RGB
2850,page-2850.png,205271,7EF98E22CBAF91EDA2B70126E26664E91E126C4C55BBAB509FEDF62E00C79559,827,1170,RGB
2851,page-2851.png,284353,B296ACE4C773239812CBC3DE0962547AC4F1FF89BCC87D65BDED79E0E1D66F70,827,1170,RGB
2852,page-2852.png,313854,4C58EE2477F6EF9C6193295B02610A84194F258A8B5A41E7C123A3B7636862BB,827,1170,RGB
2853,page-2853.png,299341,7C2913E11BC3DDD45891BAA77D2BE02D8AA428C140A7629AA2404927FBCBD2B3,827,1170,RGB
2854,page-2854.png,316045,3B7C8690CDAD1AF77D996B362F872DCCF9FBF0AF17CF5148F3F827F317C56A70,827,1170,RGB
2855,page-2855.png,260331,3F93109B0C8FD5FB74490505A5906EB04E874944D27BEECAE599AEB42D383373,827,1170,RGB
2856,page-2856.png,329378,40B0B77184800B2392174502F3D60D0BB7D802205C5244681380C5E99D5AAAC3,827,1170,RGB
2857,page-2857.png,297394,5D719DD10028F00CFCB9031131BF06D57E48D1FFDC1EC047AFBE0974A80F4CE7,827,1170,RGB
2858,page-2858.png,210223,524236F3BE73E0A23E5C7948025196AE89DC08716E6EEFE2CD579CAA11EBB76D,827,1170,RGB
2859,page-2859.png,120529,C96B475D0036AC5B474C578219299A600B4B9187AE63F254F496F61762A69A5B,827,1170,RGB
2860,page-2860.png,185117,0CD1383B19FFFAC0363E6ED82490036363BB3D21DCDD21D1C61D486DF893E4BD,827,1170,RGB
2861,page-2861.png,240036,78F2D7CC1D26EC1DB775CDE01F7AD5CB6D974D5459F880112F15AEF62AA6ED86,827,1170,RGB
2862,page-2862.png,352918,FE3D8C77D2E684BD0A122B9B6076CA9EFC91006B7B9E97E10C08EE591A6E57F2,827,1170,RGB
2863,page-2863.png,322535,13827B447233C7478355058146761A4F0E1764611B34D9BFADA0E4D692360D26,827,1170,RGB
2864,page-2864.png,288708,739D9ECBA0CEAF9668EECAC777F24ADE2F37290BE3D0E8200D4B9F238C3B4927,827,1170,RGB
2865,page-2865.png,261297,F7A0F66F0AE185CB53DFEDCC680EDD58124BF008D8C373F2FBA9176337AC69D3,827,1170,RGB
2866,page-2866.png,269118,82261D2D3E2C48B5A0B4DDE5315E530C41109510E9C36F5819F15D41DF99EBC3,827,1170,RGB
2867,page-2867.png,231667,EEBFC22E8B4F099B028961B429B962320279F3432B32A8C77FA0D6C6DE36870F,827,1170,RGB
2868,page-2868.png,196670,60EF32878DD2DA3AEC077735961D4639CF313CA5926325583F8C9A6294DA74E3,827,1170,RGB
2869,page-2869.png,354291,F2104B879CBB5A1AFAAC5EC5E75EE494ABD1563E07A1F2535EBF89BDA875F3DD,827,1170,RGB
2870,page-2870.png,217633,7B7A4750F17F29AF2862B7EB1BBD13C8D94BAF958790E87CC6B238CA10743F0E,827,1170,RGB
2871,page-2871.png,261912,0BD4B3FC9529B6006EBC950A4B2129B6974F86EB3AFF23F3D757E665AED5B1EA,827,1170,RGB
2872,page-2872.png,266997,09421B6F69E1541D9EB5FD5408AC65D334C212C5800F72C588FFF5A84E463FA3,827,1170,RGB
2873,page-2873.png,273907,3C8A1B01DBC7A60B9C477AB1C18BD5F2B61F7F09D9F042DEC4F824AAD4D1D0EB,827,1170,RGB
2874,page-2874.png,270990,A8E3903ACA80AC8F97D8957C210057D67CE04B9107468E2FB953E7784F60C05E,827,1170,RGB
2875,page-2875.png,330014,890E523A7D12B0D6B60F7E7FA2CB04AE26845F4422194ECC75BF43EFD938A16C,827,1170,RGB
2876,page-2876.png,261076,302F6FDB5910949DAFE5E5138E98EEC118C096BCDE91C3C06E1696D4C458672D,827,1170,RGB
2877,page-2877.png,360682,9E4EEEB47B65B4F20EE2AB94FEAFC509926A900D32207C58CD152A5DEBBC88D3,827,1170,RGB
2878,page-2878.png,269406,C26BE62ACDC11123B0AC4379262EF5B7D80F7DF811B2FEC398E030B2FB682FFC,827,1170,RGB
2879,page-2879.png,299114,26580A1FE9679B94E7A75173C90BB21F86659CFC94F7DA5100D77F91BD858911,827,1170,RGB
2880,page-2880.png,375246,C0787A5A907D3C1A83A804CD1439562ECDED296AA70852C39D9F39830CBE21CB,827,1170,RGB
2881,page-2881.png,366765,B7D7A0A622B31C0AD3D119255E94B4C9F097EAC7742726900AB7759CC69EF421,827,1170,RGB
2882,page-2882.png,303305,88E7B26CC3D04772943304746518123685F7CD6BBCF84B301515E1227CEE28FB,827,1170,RGB
2883,page-2883.png,276725,255D250BA89872F772A58B45F2E78050E38523175EC52B0FE3EB853F8C4915B1,827,1170,RGB
2884,page-2884.png,269549,1BA7D74B36616909D19CB30ED2C1477A86B6ED51778ED672805C96AEB72631E4,827,1170,RGB
2885,page-2885.png,278180,4CDD4C35FE457FB9E385F814124C615D91CE835D18C2BD6018662BF392C905D7,827,1170,RGB
2886,page-2886.png,346145,77B6CCD1BB8F4F3100C6031D7FDDBBB9AC7400A8CFF1611F31CA6AF0D063CF10,827,1170,RGB
2887,page-2887.png,289162,70A1B4180281040A939B1077058CF95D57AA5419C7744B779A3C1B9B451B1D18,827,1170,RGB
2888,page-2888.png,303010,36DB3EC250A7CEFA980284E1A564E34887CA0FB6BBB4DB125B5CBF374AE10F89,827,1170,RGB
2889,page-2889.png,308854,A1C384BDD18798ED4C3557299ADBDB61A6873CE3B6F04018B6310D8A1C87ECC1,827,1170,RGB
2890,page-2890.png,290375,9ABDB7F08810B00FE9EE7AEA04D51B8BFC961D9916F8CB5D74A969BDC067DD0F,827,1170,RGB
2891,page-2891.png,348915,B6735149B480CAEC715FF2BD0D2A8C47D6DF483E5C8FF3827658F5F205322703,827,1170,RGB
2892,page-2892.png,308414,4D224C0A1E73A669483A547415EB990694DE6D989907DE9F5D1A37573995A813,827,1170,RGB
2893,page-2893.png,361977,B17F8EAF76C4D5E7BC96CCDCD5AC8B23932A0BC2755553E54BA65A8FB29F57CA,827,1170,RGB
2894,page-2894.png,329535,39EE24394315E6886047251EB64DA72C2D44C7F04BFA3C6DB77928D14E5A5956,827,1170,RGB
2895,page-2895.png,260696,F5600A121D86E3792C7C1D82BB4E2189C68787BD4611D6FCED3786A923BA5819,827,1170,RGB
2896,page-2896.png,300276,B9835386149FF1A5D526A440AF56EBCFDD66B9985D73D768D0BEB11488DC0B17,827,1170,RGB
2897,page-2897.png,268530,521981EC9239D40DD244AFCA76D4E5853493C77962F5D23B686775C42430B9F2,827,1170,RGB
2898,page-2898.png,254267,BFB407352EC273256BF65797AED2BAE1BD1348CB3FEDA1B89DF49BB3221213EA,827,1170,RGB
2899,page-2899.png,269388,B34FBEA7734C9433A7AC4DC2541C3A8C4CBF1E156EA7F48F7C9F45E1733DD14A,827,1170,RGB
2900,page-2900.png,345197,80434710B75BF9CDF79379B36394432846C7FF34678A2C6C9AA4F85B0EBDC164,827,1170,RGB
2901,page-2901.png,344797,AE94A07C867064750A45C77BB24C99774BC49C2FEB8957D923355FEAB3182081,827,1170,RGB
2902,page-2902.png,377601,235A843DEF1EC38C10DCC8058843A4A7C6C62B180EAB063C8DBC5278BF53DE37,827,1170,RGB
2903,page-2903.png,329733,69504C7B695C82E0849042046BE973D8D44B0A3138C1B93E848B93495A511142,827,1170,RGB
2904,page-2904.png,361575,EA545A5FB48609F8A875CB41CB41EB996081E6BE3231764052C24EB5B787C248,827,1170,RGB
2905,page-2905.png,379441,62BC896D5FC76B6BD3CAAD896762A03B12811830D7BE76A4DDBC5362CF9A5068,827,1170,RGB
2906,page-2906.png,94358,0F84530BE74C87B2CDD3B9678824AC83AD5F4E1FF061F70A7E1F9ECE038D04AE,827,1170,RGB
2907,page-2907.png,300528,920B311A7DC3EA16E706BC7F9E0A36F7F576268F75D97AEF339A81AC8A538692,827,1170,RGB
2908,page-2908.png,263821,FFF0ADF133E835CB5B7EC7B17EFC40D98B7DE877201A1435C114915659DC121F,827,1170,RGB
2909,page-2909.png,309610,DA9D9C15B3D89321479B5C399DB5877F100B5EB2A4A4BBF244EB1982A0E6DB17,827,1170,RGB
2910,page-2910.png,223046,45FA0857AC47D334AA881778EB08C10185DE97DD09973974E8B590C510038444,827,1170,RGB
2911,page-2911.png,358628,C1F2B825511860ED08E84B02966F73814790614AB78F1D563ADA7F08C798E675,827,1170,RGB
2912,page-2912.png,318733,30CE2B4404E7E5687B5D219AB91A608C087D84A11BF4424FB98970A02D0B04AF,827,1170,RGB
2913,page-2913.png,281158,4CAB79320432DE4F29AA274B68AA1FB7E2B9F2F3DDECEC6D62FB3DEB8629C66B,827,1170,RGB
2914,page-2914.png,249798,60DA7B44FE18EC2554703BDF6705A00D75CDF21EFBC09546B6E074E05BA490F9,827,1170,RGB
2915,page-2915.png,307248,DD67111226BA87D1A45DBE9D3547828475B3DA5247663147E5C4DA50320FE953,827,1170,RGB
2916,page-2916.png,249650,2EC08103D88A1588E045135B8B738409E91F64782E06AB3D1C3F463707B467E9,827,1170,RGB
2917,page-2917.png,367775,F40D576D6C13B1D55757F8D750E5E335D1DD5AFEE6044DF0F0CE0A2CEB643CB4,827,1170,RGB
2918,page-2918.png,272785,2A01584AF7021FE6BABF3D2AAFC085A4388526A234FFCA758234F10BADE8AEDD,827,1170,RGB
2919,page-2919.png,279931,4292B0F57EE4A99A7A911F7DFAFEDE47FCB03A18955BFB9AE7376AC69987518C,827,1170,RGB
2920,page-2920.png,308988,7AEEDB9A8E00497C788A5CE134827758A860A56117F742C32F6B7F6B528BDEEE,827,1170,RGB
2921,page-2921.png,237826,5EB871D7C90F656DBDE2B4482EBA8F72D4F433BF68D3039EF468583BDD11183A,827,1170,RGB
2922,page-2922.png,299993,6767B23FCE10453BC4E6A74E0F2F1D67889BFB6AF61C26A5F33E4711AC134942,827,1170,RGB
2923,page-2923.png,278957,3FEBB630B7758B68DCA66D198C6D6637E9C2D17BA8E16751CD5BED57D38F1522,827,1170,RGB
2924,page-2924.png,281682,DFE65A42515F3FEED3E23831DC5FE39116DA8F6A81C31664183B499607E0B730,827,1170,RGB
2925,page-2925.png,281529,BBF081AA8F80BB08D919950DF021C70C0D5DD328DF84FF021D639BC61FAF7BFC,827,1170,RGB
2926,page-2926.png,266058,47A36086218160C1B858DE328CE0472EA72D9039B31F0B4540722C85B5BBFABD,827,1170,RGB
2927,page-2927.png,285322,F2B31FFBDE6B129E9503676C9DDD1B8AAFD01E15A29569851F276186463FE40F,827,1170,RGB
2928,page-2928.png,298877,F4BC91BAF9B1CC4730C284BF8E9D2C4306AE983AE381DFEE68FD84BC763D1493,827,1170,RGB
2929,page-2929.png,273573,3EDD4DBBB558BB182563D05ACFA9F79B957340730DB90E6C2F008979685DB780,827,1170,RGB
2930,page-2930.png,331119,59AA38E9C1CC2BE8DE68CC90DCC7DCDD2136E57A9CD02DA3B47E01E64539E871,827,1170,RGB
2931,page-2931.png,230715,71B67E86C6543D5C3C40E0E770A6B80A044107C5491CD62A39D623799CEFA374,827,1170,RGB
2932,page-2932.png,281729,A8F86DF268E8043BAD72ADE4BD59EB3743DEC5465F6CCC66BF21A0F782274B38,827,1170,RGB
2933,page-2933.png,287242,6B37EAA317631B94D1B80624FD26F4A7D72466649257365510ED0D8A703FD74B,827,1170,RGB
2934,page-2934.png,277679,5FDB341DE04356BACB5D579119C0324F4EA1CC84FB67688B2C6A8C46D43C35DC,827,1170,RGB
2935,page-2935.png,301517,B7D035A07E5CB5DCDB7BD89B3ECEF150B328007611F04C21827578D384D60A18,827,1170,RGB
2936,page-2936.png,260714,1787A1AE86C42A0AC7A8413B49A5DE5D07B29C1ED3343F296E2B0B92AFE2690E,827,1170,RGB
2937,page-2937.png,250735,2DC2ADCBB6559C401B45B5076B80B858099DD56C2798D81F9AF20D55AE8A3562,827,1170,RGB
2938,page-2938.png,237881,A6CD46A7844D931637B420CCC5BF651731364E69810561905D85771EB660E949,827,1170,RGB
2939,page-2939.png,258014,FE5FB7613CB032FA0BDF2EC46DE63C2BDAFF0413AB88338CEA501B5EB5DD0E66,827,1170,RGB
2940,page-2940.png,269065,FB5FD0AC05B7707F6E740C673DC05A9DD6FF23AD55E53E886E52B5C8C848BB89,827,1170,RGB
2941,page-2941.png,237656,77CE4AC61D931C636CAE4A7D2416747EB7EDC0D3B407004C3DD9669FAA8A608C,827,1170,RGB
2942,page-2942.png,280131,305DF602A423D25F7D5B90F80DA8E014FC40E394A53C3D48B6D31B54DFCC2211,827,1170,RGB
2943,page-2943.png,269417,F6E3A153C75AB2386BDD7D60D05AC5BF8024E25ADBAF8AF848520AF51C658CC4,827,1170,RGB
2944,page-2944.png,300285,2F2557B5709B63679F5648333C840668460B831E082AAC4D988909EF8F51C38B,827,1170,RGB
2945,page-2945.png,315445,43735E80B4B9DFE505C840B76C22C05EC2F5A046C550CC9188FD020A8BF860E7,827,1170,RGB
2946,page-2946.png,271663,4F2C40DCFA6ACD2E70B5BF6DDAFE462672ED44874583896E6F5F4A7D94327D26,827,1170,RGB
2947,page-2947.png,220639,59D1DD1D7E70A232F5C3CC69755337E896CAD84198AE5A3FD7AECBC6CD65352D,827,1170,RGB
2948,page-2948.png,265173,9710F079BE5A019509679FEB21BC1CBEBB48ACE2AC8635376764239AEDA251C8,827,1170,RGB
2949,page-2949.png,283494,8845A65A0E0CF9E93C7CCCCC47305A74D19A49C0C024F51FA31B8A5BAD4D5455,827,1170,RGB
2950,page-2950.png,282235,4D38ECCB4994F7522A2BD6C56B68F5D31638DC4B6FFCC58CE49B3AF19D155AEA,827,1170,RGB
2951,page-2951.png,293765,172C7C7AA72BDF2507819D1F0C7B258C0737ADF1AF7890CE9969C8D84091B876,827,1170,RGB
2952,page-2952.png,258149,744015C04AD98E582B9636EFCF70E3B23FC803952F7105DADA1150D8656475CC,827,1170,RGB
2953,page-2953.png,321344,8E24CBCC635CDB5806760D85654C054B56BD10E244139B8B904C194C4D9365CC,827,1170,RGB
2954,page-2954.png,285212,7E1F53B291F81368C3DCAF9FFE06CD304E7B7B93DC1352B4A5A317AEECD71C61,827,1170,RGB
2955,page-2955.png,297721,362AB87472409B6E79BEA3184CCBAC0F26214AF6A85F2F12D807FEFE29B0E742,827,1170,RGB
2956,page-2956.png,253113,EDF2AED6522B5EE4C9EFE80CCC7A6EC4ED53839B4C9BCDA86440ACB4F8DBEA8D,827,1170,RGB
2957,page-2957.png,253232,2662AE4403ABE613203F1232B491DA4BAFB91281B9EBC7FA795EDC37C44FB1C0,827,1170,RGB
2958,page-2958.png,337263,42912EE8B7FE10C9AF7985A59126A6B9223C311D2CEDEE31692C39962FEC2B5A,827,1170,RGB
2959,page-2959.png,214372,45F465F74469E3485445EF94D83FB27312186394A2C28074000F4256509B7F1D,827,1170,RGB
2960,page-2960.png,259421,B0EBFD770CF33BDFB859BAC97070204CCBB0D0A803AD97A4AF20D08137557F0D,827,1170,RGB
2961,page-2961.png,260720,06D07CF9C6DD410A2FEBA72D5D75663E5473C1F068C1BB5E859336F286B931EB,827,1170,RGB
2962,page-2962.png,219728,4D5D0F15F85AF28A38557CC1A81EB43E0AC74CE2F4E6497F14996E8C06754CAE,827,1170,RGB
2963,page-2963.png,248378,FD9025146CE6D7E088B525DAD0018B852C5D95B4D2C38DAD594426E9BF3FCF25,827,1170,RGB
2964,page-2964.png,229552,D63D529B5D4236BB274E89997D3BBD22AF62A9197866FC331EE996B232E62657,827,1170,RGB
2965,page-2965.png,240391,6A0C971809C9CD21D81557AF2127FF3342F670915B27958F4330BE2D28B0D73F,827,1170,RGB
2966,page-2966.png,251159,1B681B653AB0FB7AC116D342CD032FA5B3AAE7E359C1E12E14C012F987516677,827,1170,RGB
2967,page-2967.png,170339,E97B223B6B0049A028F0A0669D50D1AD98950C447584921AB366225DAD3B0208,827,1170,RGB
2968,page-2968.png,203441,976A060CEC1CFE6832E9E2A95C36A20231E86307BA3E876D194AFF06B9EFD225,827,1170,RGB
2969,page-2969.png,211720,1D014B0EC89368A2D5B72F605D35889857F81CAAC6FFCF8D76F914BDA5043EBF,827,1170,RGB
2970,page-2970.png,318473,C2F0EF26B217B619D75F252F2B9A99CB10DB1D8D56B2B695AA06019B0B7CB42C,827,1170,RGB
2971,page-2971.png,298445,F7C0FA393BFA88B4A7E2530025E777CF0B2509CD6ED166472924CA60411E088A,827,1170,RGB
2972,page-2972.png,296424,C20E990D38EC9D1ED6804CC719F939EE52626A5D1923DD22BC1952B1C31E2564,827,1170,RGB
2973,page-2973.png,230224,0F2FD40E84DE9FEDCE74F04B748A1596A028A27797589F1481A6B4EE5D51B65E,827,1170,RGB
2974,page-2974.png,189105,FA6DDEE52A56DAB2F4C66125E5F576B6CD96CFED2F73D54A71DE3D3B4E64F7A7,827,1170,RGB
2975,page-2975.png,275564,66BAD2363F710B3A3AB5B906FAAF3FE49D840E5EB93AE365A4520BFE0EB2D6C3,827,1170,RGB
2976,page-2976.png,216066,21B1F2A80009ADE9CB356AF6665460F6AE79F39C6C140551CBFB69C32B5AAD9E,827,1170,RGB
2977,page-2977.png,232845,13EECCE987009FCDB6961CED9753E3C69C732177C1F63CDF510B1E267D714635,827,1170,RGB
2978,page-2978.png,258302,013CAD4F91DD0178279534BF2D0559F6C8C377342B31B820F6CEBE3BA29DDB60,827,1170,RGB
2979,page-2979.png,362483,84BF95D2BA931F314C6F739D998CAF6B180EB763C83DD75469DDB151B8E1B9B4,827,1170,RGB
2980,page-2980.png,290060,AC3F2A6790D69DC4ED8F9A2B8A4278B83266CC5B24F8A9EB3523C3BB83EE38AD,827,1170,RGB
2981,page-2981.png,334374,FBEF6B1609F82A04516E63A2BDE4EDB5EF75D3A21641882668DD7537BEE3AFFD,827,1170,RGB
2982,page-2982.png,243898,760C22751EDC85649CC27DF75950446F8D8C660E5A4F7A74495089EB476BE365,827,1170,RGB
2983,page-2983.png,297241,76AEAAB98137F7C029E91D40E5489F10B358F6CB1204F076CFF6DC6E31BFDA5B,827,1170,RGB
2984,page-2984.png,244911,69660DB66D5E589AECC1FCD34C621E84DA8E06229FDDDFA0C1FF8190AE05B199,827,1170,RGB
2985,page-2985.png,263357,82DECF87621944C8187743931DB3A8BBB6D7363525F2BE83B3EDCB3D520E0724,827,1170,RGB
2986,page-2986.png,303064,6DD672B138C4327BC3A2FEF5557FDFA0680D952DB2B741BA92F4AF23F8669C75,827,1170,RGB
2987,page-2987.png,249781,EE2059C80A5C2F994B99661B3DEA0F1AA618C3D5DB8CF705443FA57AD8AE94B4,827,1170,RGB
2988,page-2988.png,257722,A36375A081A74157A24DC94D973810C13F12EE4D1DEF043FB569916D95D3890C,827,1170,RGB
2989,page-2989.png,250185,AD56FDDCAFE2CAFEA7B43ACA910EF4C727860608B693F5E07B2F218C6CBFD9BE,827,1170,RGB
2990,page-2990.png,258511,4D1A221FF8A62630C2A7F34B7D8C015DEF7D63BB356652989DFAB2BAC22FD6C6,827,1170,RGB
2991,page-2991.png,229170,A584A91F4B48138500BCF8FDA81E07BD550576928374DD4B499A0FAF4FF323D3,827,1170,RGB
2992,page-2992.png,283631,C94130B54083AE33CC6B801E7BB523329F23DBBE63ADE34D52B7F985CC1EF435,827,1170,RGB
2993,page-2993.png,343266,1D1A01A60DF2FE87029A80162D34A36890AE13B9CF1D09AC470F2247316C87F1,827,1170,RGB
2994,page-2994.png,288827,00BF00DF74C25365CD95FF8FEF89BC1F34DB2122138EB48E253C54D7AB8A870C,827,1170,RGB
2995,page-2995.png,297775,3E3F05EC0277504F7093FF262C40FFF5471BB0EF9E1F61F0B889BA78943A9908,827,1170,RGB
2996,page-2996.png,228979,9595D5983C228F5E71BCBCE69BD547B4A89580434FD89DC9024714A597414F64,827,1170,RGB
2997,page-2997.png,245554,2950D516B51D331ECA4EFD5EE2F50178F548CE8B8C7A7E893E81A10D7F074D97,827,1170,RGB
2998,page-2998.png,255877,122E2006D250251E5BE6BE5181E9530B9D44EDCC1944E36EF01EB6BF0D454FC3,827,1170,RGB
2999,page-2999.png,216261,23386D1D7A1244EBFA87344D9ECFAA7676FBA336E9942EDAC81B62343F6EA544,827,1170,RGB
3000,page-3000.png,276831,9ED50CA1D8A6F185706C44BD61C02A1146C46E63BD6FDE365D81106BA7868F68,827,1170,RGB
3001,page-3001.png,213490,82BC44358E443A0604B183A3A40A5E8E33574D66D77D821308DDA7EAF95622BD,827,1170,RGB
3002,page-3002.png,204683,F65FD85AAA85C01F6CE07A25B48BF993E87CD77FD21290E4AB7703015DA3B2A4,827,1170,RGB
3003,page-3003.png,267004,0C570C21E00DB14B939BACEC94DA80EDE404BF5DEEC420A70446D3D8630EAA4C,827,1170,RGB
3004,page-3004.png,349516,2C195E8080EE5196CABDC6BDB6B5B39D885FFFA35A53B825D8E7FDE8FAB17311,827,1170,RGB
3005,page-3005.png,283805,AEE6401C0BC08E9087B7B0BDCD838285F4768F195553A13F2B81D52AAFE77367,827,1170,RGB
3006,page-3006.png,205877,8F7819D200E28B22B0F97B317DE0ABBC0768AB48A2D78A017B8E5B5EC80A8C0B,827,1170,RGB
3007,page-3007.png,236414,45BADA8EFE63CD6421AF66025C2E3EFB2D90167553117EBE13B2AF6A6AE07872,827,1170,RGB
3008,page-3008.png,291899,5667D2454CEE4064AB216F9861F3367BA0EAE669023FEA5CA5B97BED805A0B74,827,1170,RGB
3009,page-3009.png,251744,E3959F58D557EEA39CDEB2087B1A300A2F577FA686D419E0844B63499C26B192,827,1170,RGB
3010,page-3010.png,290800,54F258EBF8A6EAA42E35FF2FC8B200D3592F90C2A090D7CE0328BB8A8408E482,827,1170,RGB
3011,page-3011.png,298879,F62A2001E24D59382DF718978C5A3E4D3DEBD344EAA7726A9C5296167A353FCC,827,1170,RGB
3012,page-3012.png,254228,F32A3C680513B37A893C2FBF1B8E272DD020F0821D3ED77824B8FE800A86583E,827,1170,RGB
3013,page-3013.png,297781,0AB30B1AEC4FB786D96D2EEEA6B499C1EDCD474259365215B95C10517522481C,827,1170,RGB
3014,page-3014.png,253991,1E8242624968962FB6FD339DD34735686590F45929D3B16070F667F31C0E1449,827,1170,RGB
3015,page-3015.png,290436,43C7A398284C383D071C0B09005FC80453D249A4A6908FBAF1E55F749380AAAE,827,1170,RGB
3016,page-3016.png,310725,A3193B31514FF614C61D81B34551655902F1526D14648E7AD879561555D7FC12,827,1170,RGB
3017,page-3017.png,220448,CDE1DE56A2BD51DE33EEECA9903268FF4084D0DBEDEFD80BE4091FC817AF7606,827,1170,RGB
3018,page-3018.png,239326,ECA8CB88D5D376BB482B16A2AE10D59A04D9A5F7868AEA1F3E06D8D2AC708F8C,827,1170,RGB
3019,page-3019.png,202867,E0B9FC038F68D64B2691B3D4F85E7C6F684DEDD09B038D5836F391F996FDC057,827,1170,RGB
3020,page-3020.png,229100,CC945F02BED2D6C175B9E92CC5F76397C66866039BCCFEA3765E1B10FBC77631,827,1170,RGB
3021,page-3021.png,307569,E6E75A03B7970568ADF1FA07D7793BD7EEC5CE246C3A6A1F3B5B95775FD1D43C,827,1170,RGB
3022,page-3022.png,228452,2AE4FF309AD5584B8281422EBF4617C979312CDE9291B916B83F2DC7CF8B7CFB,827,1170,RGB
3023,page-3023.png,238495,6EAC45FB738CC1E512B75840EEED7444AF1A48C467DFF70D3D85F5B639341691,827,1170,RGB
3024,page-3024.png,309491,6FF8031E629D07620A790B34502A775E0B6258458CA8157227ADC5BE776247E2,827,1170,RGB
3025,page-3025.png,274813,85EEB153D7D90114F7D92A2D6D439C5EFB290D87B0529C8BAA7453FC65976756,827,1170,RGB
3026,page-3026.png,299820,E429949199B7EA08C6CBD7EA5D2FAD6173EDD706C435E9688770B09DC9337EDE,827,1170,RGB
3027,page-3027.png,208399,8A847C1675BFB41ABF161A5DC5F35A47BF6A97623582047272D8B89F4CC56D74,827,1170,RGB
3028,page-3028.png,307129,6899FBD13C31DF7B7B93F63B712D02F1852ACDB744B52B6DBA0AB35FA70A81B2,827,1170,RGB
3029,page-3029.png,312598,0F359425EB9EDCC6A5F420DE1DAC050BC3F1ECC22AC34F80B8E6FD14C69F51B3,827,1170,RGB
3030,page-3030.png,239976,0DF501E334B046B68225FD5DDA287DBBFE96DFC1BAD31CDE419DAA204FFE61E2,827,1170,RGB
3031,page-3031.png,388045,78ED3E9F1469BFC88CAB32EA73A4E3B51301114800D10F57E359F8BE1B95ADF1,827,1170,RGB
3032,page-3032.png,310173,B4458B38B781ED380FDD2EE73DBF74DBADE5350C0122951C8AAF6D23912CF81B,827,1170,RGB
3033,page-3033.png,238977,3AE2BF025F546DEBBD9178170AAFD718AE7B9F8CBDB2C03854735D9390AD4217,827,1170,RGB
3034,page-3034.png,279844,92EB37485760B417128AA3ADD2475AA72E00E696EEAD9DEDC2AE95C26293BA25,827,1170,RGB
3035,page-3035.png,175965,5C8B83777F6B3423EFA5EA6B8AF82E0563BA995061AEF910CA912FCFCEA4AE63,827,1170,RGB
3036,page-3036.png,143678,1F615D2AB270DCA5969CA6618436D957A112A42249CDBDC55258DBC929365A65,827,1170,RGB
3037,page-3037.png,269893,64E4DB9B1C17FF7ED1D19A8011D46CFA85227A2570FD072E86FD73D34F92AB07,827,1170,RGB
3038,page-3038.png,285868,600EA27B95CE4C49D743A1A0284AB12F32486837FBBE6FA18A180FA88CA4FB98,827,1170,RGB
3039,page-3039.png,238195,A0CCFC7F38534E3496777D919E74E053DC684DB63134738559065E5F4FD9E404,827,1170,RGB
3040,page-3040.png,174518,9675A3F98BF9790EABB09BBB77B5ED0C9FF513277D357E33A809FF29BEB60BBC,827,1170,RGB
3041,page-3041.png,215350,CF4B6973F133AE5A33B1311D0E6A50BC3C6BFC025E0CC0F12099CEF2715415B3,827,1170,RGB
3042,page-3042.png,218505,4713B113DE810D72E31884F02CBAE455663614E37ABAD159A428A674B37F75F0,827,1170,RGB
3043,page-3043.png,228121,F3B4FCB5D5BBB0E979BE3722A48305A8C1A38BD1B7732ED0FE6B27C0BFBCC5D1,827,1170,RGB
3044,page-3044.png,155137,CE7E9A9D1DB6A35EFE18509E157BC107DFBF4D44A774C1F9F0B600823386B374,827,1170,RGB
3045,page-3045.png,287385,B8FD189EE21AC855C0495844D662F9FA8915A5D22EA865FDD1E36E75B194921A,827,1170,RGB
3046,page-3046.png,264593,DA44CE3CDA7853544FB538D53D128B50926744BFF37AF74F51F0E6C6965DEFEB,827,1170,RGB
3047,page-3047.png,240204,4A8C1CC395CD297838DE3A554FE10215FD6C2D21447155938BA2AC72A97BAAFD,827,1170,RGB
3048,page-3048.png,192799,9FDCCCF245B89F441F4FB170C09F8CBC0B056CA2A0591C247FB8D9FD27118E22,827,1170,RGB
3049,page-3049.png,253009,91D9B1AE1860BBB9488F07C987D1B9A0C6D70EA6812276C9514471F67779D58D,827,1170,RGB
3050,page-3050.png,290425,47BC34489EB0A7204B8F82649245B761AAE391978C4C6E285A3814D0B87419D6,827,1170,RGB
3051,page-3051.png,137331,A99341E665D21C72AA4A8B2A0B488CDE40954A20ADDA6E9D28685C09B6000156,827,1170,RGB
3052,page-3052.png,241302,0004B8B283B0FA50C250B5DC1A77633AE439CD90B7363B3B3D9A0E32AC02377E,827,1170,RGB
3053,page-3053.png,282572,B4B610512E2FA5F6A953188F3F3B8B2BCE1D868645FF08B63859D9849F4FE9CC,827,1170,RGB
3054,page-3054.png,220155,A62EFAD3640914662864C5AD51056BDB69868562A2654DDE3296263CD4554476,827,1170,RGB
3055,page-3055.png,265937,4814FB95EF8226C3A65E730D18C1DC3C11F002932335F0C470EF4FE7A8FDAB5C,827,1170,RGB
3056,page-3056.png,78805,90CACBFAD5C195405999BD578238B3DA4FE47BD6183B75BFAE22E638058C914D,827,1170,RGB
3057,page-3057.png,281331,97EA88E907A1FA9CEE58EF9388680C36EBCAA0444D892B79092F2BEABEEE0CC3,827,1170,RGB
3058,page-3058.png,244015,45ABC716FAF877E0162E99514BD80AB46712D29E0E6D4AF05A9D2C6FBFEBF0E4,827,1170,RGB
3059,page-3059.png,282823,1E94E7ECFAD6C8BF0466F55AB790C2404761752326DF4F2BF39780B25E21C071,827,1170,RGB
3060,page-3060.png,265310,7CB87351E609EFCF30482E2AE73B00E922D6F11360EC8197384EBB4D384D5E76,827,1170,RGB
3061,page-3061.png,252079,B1D37274F48B359966B27CDD84AFBABB7E9395851BA28338ED14A53407D02C9C,827,1170,RGB
3062,page-3062.png,288443,8E6FF8579B5EB8B7265C7460E91CB2ABCA2E59B33D915D6EF67FA4A9B11C74F8,827,1170,RGB
3063,page-3063.png,373302,0224349FAA51D80DFF4DACFBAC29D576968189BA33AA863CCFEBFA9DE3A6FE4E,827,1170,RGB
3064,page-3064.png,260803,18AB55721A1AC3D4945E818E5490189708152C4B0DC534A12F3E4F1CF95F8E1E,827,1170,RGB
3065,page-3065.png,239503,273A2EB9BBF28B8FDD01D9C39C239FF77C1F0C7422C4F984B3EF0589AD757754,827,1170,RGB
3066,page-3066.png,250120,65D1E994F69579817FB04986A0FA8083AD956A5E24B4FC108574002D6F2333AB,827,1170,RGB
3067,page-3067.png,253253,D441E87365E6DDC09477616F5003628E9D37CEF7109B841744C3F9850F5E26F6,827,1170,RGB
3068,page-3068.png,304087,017B126AF9A49FC840BD20EAEC202FF034B0A0F3B8360968A7998F8933F19A73,827,1170,RGB
3069,page-3069.png,236483,7925571AB2912BF4C8DD6DEEF5471D948A756B1E9A7B690BBC595A2CFB2BDCDE,827,1170,RGB
3070,page-3070.png,262818,2CB5E71842F506C1F3BBD0A0BD780181AC35AC2889501B8B8C86501B7F3943DC,827,1170,RGB
3071,page-3071.png,237323,9887AD22840F8FE7B9BA9A5F0D350BCFA8AD189BAAA18AE2B4802B1B429535C9,827,1170,RGB
3072,page-3072.png,277855,4E96567CEBCB4B7DB6162641FE88B2DF9D4C2A5E679184D914315408F3E4F0B8,827,1170,RGB
3073,page-3073.png,290459,F3BD8E44CCC7C2E86811516A616B53699A30B9B07F3626DEB45559EFA621C109,827,1170,RGB
3074,page-3074.png,237138,19313E34E74F77EB52C477F61D01D252E1C8A00AF9CB20EAC513688F7238FE1C,827,1170,RGB
3075,page-3075.png,326977,C85E8F07BEEFF2DE4B430F61095D5B9B655D1F5ADA6801A091515A79158687E2,827,1170,RGB
3076,page-3076.png,261622,05482BBF24156479D9E3D97EB9F178B1789D54F491F75EEDF6E138DEE0F17C24,827,1170,RGB
3077,page-3077.png,268723,20D7CE9F4F67574B36822CA3E99973DB50E4C94821F7AA66594E8364686356B1,827,1170,RGB
3078,page-3078.png,282021,023D24F77174501765F1C44F692E969B7A8A549F71E24842B702846D0F0490FC,827,1170,RGB
3079,page-3079.png,300830,063CE65C514C73EF30CEB0B4ACC98218850C9F3400AB1A3CB0758B7199AC4C7E,827,1170,RGB
3080,page-3080.png,226868,3C6C96F11DD2D77A17A7BBB8A913BEF82D9FDA0D28B44EF21BBAF8502FC5ECE8,827,1170,RGB
3081,page-3081.png,245862,0DB0E43AF8D1B8A235E2ED7147A4D60FBC6D9D3AEBC962449FFC6B17219BBC9F,827,1170,RGB
3082,page-3082.png,208555,387C6AF2922670844210A995FA178A7EE0AF265EB342D9B7E81CEEAF1677D66B,827,1170,RGB
3083,page-3083.png,198433,C2CF0EC1CE8A6E3ADD7B66A4D6BAD2207139D43F89B14329F2AA7F280BFF68F6,827,1170,RGB
3084,page-3084.png,48037,5D2204D9D1BC19A67BC6827EDCB40136202EDD72710C8EE7850CFEBBC2EA05C7,827,1170,RGB
3085,page-3085.png,260925,F7ACA1D0D7DB8157C80EF3C1ECBCA3D023AFB965E2C7470750F48D6F09DCEDFE,827,1170,RGB
3086,page-3086.png,341265,641224685CB856F0ECEFFFB9E6BB9F95101F54AD7F5C6993AC37FF322435017A,827,1170,RGB
3087,page-3087.png,300817,2D6B4C07AB25DB064D74FA43FC49DACCB40F1501108E1A00A294E6EDCA299A3F,827,1170,RGB
3088,page-3088.png,319588,F382688D240D72F6206F20F45C55829D37FE164FF7B67473AE6160F6DA9DCE35,827,1170,RGB
3089,page-3089.png,299296,D0C0A087F26233E5233BA6BAE6C40F5C82D97EE218D60CDAABB149525386828E,827,1170,RGB
3090,page-3090.png,261412,CF19D3D59DC33C1671E75CB46A95469B110AE37A2F70384EDB83E88A755845D6,827,1170,RGB
3091,page-3091.png,300990,A55DB30238E12B55B12FB312010B285CA6CFB767157210A460967AAF34F69E98,827,1170,RGB
3092,page-3092.png,308390,E6975FF42248BDB422F326D73163DF7048F9EC395C6218661CBCB420725755DE,827,1170,RGB
3093,page-3093.png,282539,FF6BB33F13B3F0E5D51D51B44015014F747D218FAB26D910467B516885A0334A,827,1170,RGB
3094,page-3094.png,280896,5486B7A753757B6F9BF1328B500F6CF2DA9B3E88FA6183EBE6DA330A1A0C124E,827,1170,RGB
3095,page-3095.png,342384,A338442E950366C23FD2A673ACE4A5BCF52B979079AA562A38117E87CB833F41,827,1170,RGB
3096,page-3096.png,294078,33B9C25038AC083A0B7E777F9823C1DF157181D5F64EAF09F956E96A5474B898,827,1170,RGB
3097,page-3097.png,307281,A4092CD04F38AAE74C996EE069320E3A856D72B4C1DCD768B00E875EAA23866E,827,1170,RGB
3098,page-3098.png,242662,4B76FC8C525F586CD9D35DBE057421654CF0A2E48DF973EDD4E9490F29FB2432,827,1170,RGB
3099,page-3099.png,262018,E058E04422D512DA951247212B43AF2C5224FE09AEE232E4A8023119B70B1677,827,1170,RGB
3100,page-3100.png,271877,1E2535F06C2D78FD3944B37DE6BF55EDACC22AF4C1DB9C6EC958FA788EE62077,827,1170,RGB
3101,page-3101.png,199541,CA38CF5CC364915EE7BB4339D95FD90AF9158EADEC7C8CF652D467B4DB1BFEE8,827,1170,RGB
3102,page-3102.png,229043,11E5468EAFDD726B73A08B3F4BF739FED06897B8A1489D509DB096AE1F088AB2,827,1170,RGB
3103,page-3103.png,255895,B95B8496DC0B30AFD533119F56D865BBDBCFAE605EF2A3A1BAC09B8B924B0D9D,827,1170,RGB
3104,page-3104.png,214203,BE50B9CD0A58D8C28335F28F220481E61D815C217C92BC1B740BBEB1CAD1D6A4,827,1170,RGB
3105,page-3105.png,250622,B95256EAE5C4484D7665003C43676CE3458D54D37EEF07208A86810FA2532038,827,1170,RGB
3106,page-3106.png,246736,C980116977AF81121F3423E5B47838625DA78AA757C4BE2CE22E4E8D24A5A2D6,827,1170,RGB
3107,page-3107.png,293451,758B7F64743BE16E101D700F598C4FCE11B5884AB2EB33ACFDAAB16AF16C8F8C,827,1170,RGB
3108,page-3108.png,223721,9F8223382B534E966EDE1D806D6FEE0C43D6E6F03CDF01C1FF5F9B7A25A95653,827,1170,RGB
3109,page-3109.png,269464,7F38412AAD05C561C3DDD0168AE4DFEFC120693539BECB050983F6BD7BA3C6D8,827,1170,RGB
3110,page-3110.png,244902,E627027A4EFA5D3318276994D5135798D96218FCF98E45B46845D11E561846A3,827,1170,RGB
3111,page-3111.png,278050,DC8704055835156CE04CEF45E9CBE3E46CCCB08FC2CB507F3040AF83888F7DBE,827,1170,RGB
3112,page-3112.png,334924,6C95E347B02C480D2B27B94E6FF0AADBDCD720CE6C5211AB623D2012D85E2F88,827,1170,RGB
3113,page-3113.png,323521,34A5E6D211658E1A8CC057595052A0F6D64BC9AC4232C405E77966F466FB5171,827,1170,RGB
3114,page-3114.png,307501,86F142CA1918C1A9A5C0A141F01CB8E9076BCE7C020583E66BFA5DD2C0C9626F,827,1170,RGB
3115,page-3115.png,273637,0A4DB366570E0EB6B01C565508538696F7112C9A591E0B8A072A3220681C1A23,827,1170,RGB
3116,page-3116.png,268778,BD42B203931D424040BFAF342C08AB4ACB19B8D4EBF53EA3D561B525937340B9,827,1170,RGB
3117,page-3117.png,299985,6527E3DEF5D0F110D77329D1226B0EB650873E229CF86633AD5026F99295825D,827,1170,RGB
3118,page-3118.png,287155,DC93B2A4CEB4D709A5F4B28CF4FCD6940BF971231F362D269AD23823D8C78461,827,1170,RGB
3119,page-3119.png,321531,4A507D7647BBAEA63BEE73085705DF163DC226A8F501D2C5D66958E6C9B89D16,827,1170,RGB
3120,page-3120.png,298546,7DFA06389612C1AF665DE26F9C8196B270B84D92590A44474CB330BFBDA1C67A,827,1170,RGB
3121,page-3121.png,294884,A4DFB4AC76DD3AC507EEE6EA62FAD11832D6B99883CAEA687962687A1CECE6E5,827,1170,RGB
3122,page-3122.png,262744,EFED11C54E1AD9FE0497C74104FC6674FAC42C3A7CE4F6FDA102D4BC26EC54E0,827,1170,RGB
3123,page-3123.png,245413,4A37503959FD3541C503DEEA31AAC9120E51EE3FF033804442A0A963506F735B,827,1170,RGB
3124,page-3124.png,241227,3CDFED727F9B3CA32E307B37857D22A6C266EC7142C77E4164998A23FAD078AF,827,1170,RGB
3125,page-3125.png,314508,F0188E393E788189A4CDDD579159E51E4717FE7C5DCAA0A1ED15272457C719E4,827,1170,RGB
3126,page-3126.png,340978,7035836A3A47C13963787FC0A5DFFAC03965E4F384F97607F27754D872BCCB0B,827,1170,RGB
3127,page-3127.png,289534,E6025B305B3D4D5EC8F629F67910FA236371A0FC08DA6B80A959E1B300512C8B,827,1170,RGB
3128,page-3128.png,279538,BF662BE2FBDE48B1D2CDEDACA39FC410E5E151703ACCACAD70C0944F504F9A6B,827,1170,RGB
3129,page-3129.png,220322,9283B84A5E6E8168BA60F7A687EF0A8695B3450B64340C7BF4BA7EC8B37921AE,827,1170,RGB
3130,page-3130.png,282888,3DBEEE812DC937C0C1F5453825B4648936D0B74B02C6DE45075EDF2F4E7703BE,827,1170,RGB
3131,page-3131.png,215279,8196DB0A9A63899372E4B8396FAEAFEDD44BD9D4EDBCE9AC2B307521807DEFB9,827,1170,RGB
3132,page-3132.png,234013,01E7ACF54EFC115FB7C37A20607E9D641102C16BAF7F2214D580A5E632D4E07F,827,1170,RGB
3133,page-3133.png,308755,4ABCA36A8D2200FCEA21D829ECD82CC72AB3C7E875D91F2F90F383D572A7E8E1,827,1170,RGB
3134,page-3134.png,272788,875A6833247FAB632FC56560B19B495C32A4605DD16D74C8328C249C3D0A58ED,827,1170,RGB
3135,page-3135.png,257047,E97624890255D401821BF13549C00BCA6D62D7871EC601940C901CEE0F6DD0BF,827,1170,RGB
3136,page-3136.png,242224,373E484D2F9F32153F282C67F548A3E0A50AE6D8E17CB9B4E223B5B4A259D82E,827,1170,RGB
3137,page-3137.png,323461,BA285014780D23BA580C0F4F086B66BFC56F44E3D398D505CAADD2CF1001628A,827,1170,RGB
3138,page-3138.png,307806,777AEFF949164DCEDE47EDB1170779C3620823A88E3D8DEF288A7247796C6331,827,1170,RGB
3139,page-3139.png,228373,44EB6E45452ED8BAD85F966FCAE6E8F505E6C433D4A78F2C99F3E92F86DDDA0F,827,1170,RGB
3140,page-3140.png,314903,33FAA5BFD8820A03B29DC2ABF85CE78D776FA28D887C9B53FC303B7B3BB4873B,827,1170,RGB
3141,page-3141.png,160181,F4586E6254B9FCF0E1AD14AF900762D5682302181DBC2F03C6EE3C63004F73CB,827,1170,RGB
3142,page-3142.png,272008,186289869F907AF1FEDD087DC19E656BACF2CDAE87EEABD977F431A705F1F9AC,827,1170,RGB
3143,page-3143.png,314003,8F4E996385ED96181658D0CD2DA9DBEA74FE49B25CD24765F1CDFE6618D9ED76,827,1170,RGB
3144,page-3144.png,209522,A5D51B20C09CDA2DCB8EF5EEC58ACD69119693F0D1522D71FDD0CBCE17A6C1D9,827,1170,RGB
3145,page-3145.png,238177,B23277FF757BA30AEDDFF14E1118C01683EA21B5501A96F2FED5B0E2199299AB,827,1170,RGB
3146,page-3146.png,243317,F2198835C1E42AD682D99A4E1F0A4456B49AB23EB10568633FCEDBD507E46596,827,1170,RGB
3147,page-3147.png,284420,295F009FDA6117EF94346FCA5FE9EEB49BEC2A4E705A204043A8E0EB8E901AA0,827,1170,RGB
3148,page-3148.png,264434,C602938C9A7DF92AFD7262415E0506EC6D3949FD9AC2FD4897A1A7E9C39D0F52,827,1170,RGB
3149,page-3149.png,272374,8CDCCC2B7E241EC1A76291D058CE7F39CAF408D10EEFB1087740C3BBA3AD496A,827,1170,RGB
3150,page-3150.png,266477,E6F6A3EFBC2B1C2B7192B8FF1CE498F547BE6FEF60414B68A72D6EF04C25081E,827,1170,RGB
3151,page-3151.png,218407,0C6CB4E9343BA072EF6E1A961727092B1DE11A2BE8E9AAC362BE60C95695A16E,827,1170,RGB
3152,page-3152.png,286351,46DC00877B762AC87A62176DE5FA3B8DEEA847F024363ECC6522A15082D7C78F,827,1170,RGB
3153,page-3153.png,317097,80476183D81206B6B34C67910E96CFBDD36DE7E707720CAD8BE20E78EAF50A77,827,1170,RGB
3154,page-3154.png,345037,D51635B2B30CE1342F3168431D537B1060203C8675BF2DFDA0C4DA96FA086A2B,827,1170,RGB
3155,page-3155.png,318176,25695D7CA9561376ABAD5ADC5EF6DD779DBE9FFAC9FEDE41BF5B6AEE25ABACC9,827,1170,RGB
3156,page-3156.png,305507,8EEC239DDE5FCF99C6FCE64D222F5E3C7A291809343FEAA935DD54040D3FE164,827,1170,RGB
3157,page-3157.png,322086,4A3EC285FEF61D0BA062388F5E12FA5522A8AA6749E055841BBDD9ADDA971A93,827,1170,RGB
3158,page-3158.png,285316,25FE170DBCA48355449B7A5199101BBA6FEE92B64DF9659195AB1ABC5B66CA06,827,1170,RGB
3159,page-3159.png,285934,6D0D9086406AACD452B62373ED017B2F59280C0C83DDD091882B7F2C662A31F0,827,1170,RGB
3160,page-3160.png,288133,6476E9F360D0209193A72E0DCD9490DAEA05AD92C2A4225C1A67CD4D40A2DC7B,827,1170,RGB
3161,page-3161.png,254594,E93D476D38B9364E00E0CC9FEA703E192834A3247241088C6A06CB64B753B954,827,1170,RGB
3162,page-3162.png,288245,CE86D5E41F6C6A6E3191A1B0FEFE085E816B10F4F9237A09B8A1434FDDAA88A2,827,1170,RGB
3163,page-3163.png,331790,5314301E6824F84DE5975B039E740FDBEF17D9671757A98DACD635E656E98114,827,1170,RGB
3164,page-3164.png,77169,3C1C965ECD0A5087101CA2A16A7A4E3E0BCBB49404E7107A46A325EE23217E87,827,1170,RGB
3165,page-3165.png,265607,499D829A98A906102D2A9810B284870E7203CF048ABB6C76BB45560409D39553,827,1170,RGB
3166,page-3166.png,298731,1806C9D0F887C7CCBDACC15A3D1E6228D61F2352B7C0B793CBAA15B34734317C,827,1170,RGB
3167,page-3167.png,300755,4EE74EC33669216DDDCB98C1B341A6C97F3CF6517D68A69B83276936F818CBEA,827,1170,RGB
3168,page-3168.png,262241,11C12440A6617379D6A1368F3A7B317428B6AD95F2C7D8FD097DF2807E6636B7,827,1170,RGB
3169,page-3169.png,360524,224FA06959D2178614EDF141A327974300688373D34D7E7842F8C62DE57B242F,827,1170,RGB
3170,page-3170.png,268018,B6EE84016808DA2CF0F8765A703CF1A2943A3883FACF5F58A00CE60171292E09,827,1170,RGB
3171,page-3171.png,272771,C3173019D6B7954E960D260B255ECEB844D9081A1F7A76FCA81C825DF3A759B4,827,1170,RGB
3172,page-3172.png,315078,A445C6666AD2EA86849946FDADB550C6ABD2A3C5FBA74CD6A8C7C823E3AFC8A1,827,1170,RGB
3173,page-3173.png,228109,042ED5A8282B35E4E95EA78322EEE51D77A3128A38B13FFC32A5D4233B681070,827,1170,RGB
3174,page-3174.png,244390,F5247F4F4D71D5636938E94E4ECBC135F5828838B5ABDE50032DBF5BBE5F4821,827,1170,RGB
3175,page-3175.png,239607,709CD7848926C0FE1299C5ACDBD22CC96104C7D17A6E9AD880EC9B29640DD6AE,827,1170,RGB
3176,page-3176.png,261730,E7D298DBE648AF83FE7A11BF127B703C68996C1B24EF39CDCE8ECFCD987494F4,827,1170,RGB
3177,page-3177.png,234347,9D7DCF7FA2E389AE2E58F32359EC36F99A3CD501B275486E2900A5EA95496CBE,827,1170,RGB
3178,page-3178.png,256690,9259326507E7AC4DE542A7EECA68E900B3F4ED598C9340AD0B72D59A1C937614,827,1170,RGB
3179,page-3179.png,311437,D18B49EEB7347F86993EA04F55701F17CA93497A5CF0237F158357FFAC83480E,827,1170,RGB
3180,page-3180.png,236375,D84501F390B9B546AFC30F7EC3FFC661AC0401D810BA26D0901DDA4E69C839E8,827,1170,RGB
3181,page-3181.png,266919,6FAF90027559736F9E1CFD8F0F7C5559E28E53EFC8DADBDA5F752DE2202DD1AC,827,1170,RGB
3182,page-3182.png,274922,675B5202D29FB28D2EEA88813BFBF6C01D03C9BA57DD870C58AB5CD6B987A737,827,1170,RGB
3183,page-3183.png,238903,C6085EED8B74738ABC2E2F79DB3DCF33B0F1C1D59A50CCF0F1A2306670C6334D,827,1170,RGB
3184,page-3184.png,266173,89385CD786986C65C459183D14E0E41EE470F0E1BF0C6D9EA9424021EB207BD7,827,1170,RGB
3185,page-3185.png,293963,C758C2DD7D4C39D17E39EAFE0E96A253BE0B7721ADC86A5D51685B13D637F606,827,1170,RGB
3186,page-3186.png,318898,8FF69FD2B403DEFEA2DD75B4031AB2593FC2E5230483C1A1D39B030C92D54BA6,827,1170,RGB
3187,page-3187.png,312950,9D4CC16A05A6F75A1C846F941492E0761F4253B731D682088E781EE9B75EAAFB,827,1170,RGB
3188,page-3188.png,297039,07CC060A09C9D200F6B859E130C6785FDA220F2606D918E5E360332062257A63,827,1170,RGB
3189,page-3189.png,272504,FB49B77BEF73A9E3C3935DDE33223EC89FF11BB56CD4051C1728E1B5D80CAE36,827,1170,RGB
3190,page-3190.png,308762,DDA9065EF058D26B0D3E9E80CFC654215C42114BB7D1879E5EC4206048CA7D23,827,1170,RGB
3191,page-3191.png,241559,090BC6A853933B9B6BF2E358536D25C4560E223BC701413D5CE8EF321FD51D9F,827,1170,RGB
3192,page-3192.png,259317,026C6C55E756DC7D2A4BEF1A1F56F5292D382D8737350B34C9FC7BCEDA0EC23E,827,1170,RGB
3193,page-3193.png,299878,699954472D7DBB20DFB81EB952C64E14DAB021D830BC03ACFFE071593FB6DC53,827,1170,RGB
3194,page-3194.png,347266,7A6B101962310C3D61449AA452FF653CBDA4C5219CCB90BFBB0A66EDCB0F5DE9,827,1170,RGB
3195,page-3195.png,280273,6A5516DB8A7407A260E143E7BBF5BE7E68E97BCDC149795A8FAC1CA0B870C76D,827,1170,RGB
3196,page-3196.png,326858,4091C1AB76EED9B4EAEE30A1CD0B81391FC62ED76C874713E1649AE056660FA0,827,1170,RGB
3197,page-3197.png,347198,39F83371BDFA51715CCE682BDFAE194773E9E7E3C7512D1EA8498BF3B84121A2,827,1170,RGB
3198,page-3198.png,291776,CD2AEC9940EAF5B77E3D619B7C2B32AB900432380DA37FE3AE3C3150CFDD6188,827,1170,RGB
3199,page-3199.png,258135,0C44BAF005C3DF4C95043BB53348C77ECB859B88A1E2CAE67796BE9924538BAB,827,1170,RGB
3200,page-3200.png,350802,4C36231617FBDFA6E59400C4DE7B4EAA1FB0DB6DAA9147742E0E51E87287840A,827,1170,RGB
3201,page-3201.png,245701,3D507B13A943BE6F345D9BAB3EDD60715A2CDEEA031843A46F9556B8537D116E,827,1170,RGB
3202,page-3202.png,352066,A88E74282BB609D067047A772A91490E8AB0150E724F20A062F4B0844349502D,827,1170,RGB
3203,page-3203.png,306487,E70F1B10322F6C49D066630BBC598ADFA68F6956473CBA7D306EBF5DCCD03C4E,827,1170,RGB
3204,page-3204.png,362086,65DB178504CD640C2FCE302CBB9603D8ABB47CE717B2CEF905217B556710064E,827,1170,RGB
3205,page-3205.png,352781,77ABCCFE9DD521DA990983B71363F2C178AEBE82BC731D47DDD958DC83C780BA,827,1170,RGB
3206,page-3206.png,322738,8BA9FAEB789907ACEBA7AAA3A2138B885F0FB2DD09A15B164D8475023771A85E,827,1170,RGB
3207,page-3207.png,172248,8632E0E70D3F8CAF9A5FCFDBB81AA5243B6410F354900E602F88402519F695EF,827,1170,RGB
3208,page-3208.png,276462,2BA9C913910D2D83F23DA7C5948444EC5C53B0C5040FE5FE3BC3EDBEAB9676ED,827,1170,RGB
3209,page-3209.png,303331,DA04311BE75F2C308CE12081C3BE2A56FEBF85E12BEBD0EB3E488BADE27C801B,827,1170,RGB
3210,page-3210.png,288513,C2AD8FFB460C1CAAD83224C331670EBEA0F7F40ACEA9A6D03F7B8F717AE3237E,827,1170,RGB
3211,page-3211.png,322605,763B0ED6FC5F3F3D62669475DF2219588A8D2D6F88B4A1008A1E794C33902D6B,827,1170,RGB
3212,page-3212.png,291166,B3A17932EC8C7D787DCA1195EBF385D3A7FEE3F2FECC90B7F77203B929A152A3,827,1170,RGB
3213,page-3213.png,224150,1BBACD8C80F36701EFBA21EF83F343B92BD1F483325A68D6E6711936F6EE0BAD,827,1170,RGB
3214,page-3214.png,312677,6952D6363E306B51C7023F237B7BF60199A2A118E59A10110B5801B1D573ADA2,827,1170,RGB
3215,page-3215.png,253359,E1E04A64DF61E1609AA58A7B15698A5D01E510C0BAB93C5774F05D01E9FBBC29,827,1170,RGB
3216,page-3216.png,167574,909BDEFD20F64E87AE61B7184C1D1062731E26DB68735722B04691FBDA704B15,827,1170,RGB
3217,page-3217.png,165329,0C548F7CA1F61B0FB2DB9BE121569A1D933A5AA503CDE74346F34AE031AF2930,827,1170,RGB
3218,page-3218.png,137221,0912394482F55009786773CA5079D431231CA807E772A95D9A31BCB5AC8ED298,827,1170,RGB
3219,page-3219.png,165262,34BFA1CE984773BDFBA3D4EA78447B0865D4DF966A3ABCBC087D4545458985C0,827,1170,RGB
3220,page-3220.png,277072,F4EDCD737B37128E0166723E88F61D98265E4E82F8DDFC7F0087CA2EF055C9F8,827,1170,RGB
3221,page-3221.png,246670,54FF763B79390EC4AB2D4EACE6CA4FF9CEEF43A1C11156C47277BB9F2341DE2C,827,1170,RGB
3222,page-3222.png,205840,93FED819B332713FC7D70EE7E74839230C215913E2F048F31133FAF04C6B6471,827,1170,RGB
3223,page-3223.png,224578,B7943E5D1A9687B6782D14F542C6814C1D9AA52AF169AC0BC0AD8430983900AC,827,1170,RGB
3224,page-3224.png,229451,4BAC3821970D95F92129B68CC3E202A802C0967D3FBA9D171241762CCF020B20,827,1170,RGB
3225,page-3225.png,252287,9B2203C30B4E3BEE5AD1467270FDC473337F64B6ED51AEA6E3583322733357BB,827,1170,RGB
3226,page-3226.png,245707,0E61FB9D741E32593313B344DF17D1B403C05A54D40DAD47CD4414CF8D14C3D9,827,1170,RGB
3227,page-3227.png,243671,3956AB8DDD7D64CFF6BF846D1C5CA2CBFB0506F0C8E8860E18B8D8D3B8DD5A37,827,1170,RGB
3228,page-3228.png,296091,0DE3E06D638D82ED568FF782B1629A2A4BEC587145BD099D3356164ADF46EA8B,827,1170,RGB
3229,page-3229.png,213964,520BCD362F64C17C466BD812C8499EC1E06B9DE438AFACBAFC63A02F91048DA6,827,1170,RGB
3230,page-3230.png,335033,787B82244DA3D3B63384A098C35CBAD035588B5A1E99F010B43E4BD15FFB6EB7,827,1170,RGB
3231,page-3231.png,280293,7BBFC7F827C596AD7938A373FDFF902B16289874AA403DD022B86A8BC6F77433,827,1170,RGB
3232,page-3232.png,235687,EB8EC1DC295060058E6D45521F58F5443FABF847A10C80D92BB3772AC2E1FFC0,827,1170,RGB
3233,page-3233.png,332939,ADE5D73848A7F8AD0A0B3FF1D2B04757768ED860B9B640B68FFF8AE989C1D6F9,827,1170,RGB
3234,page-3234.png,216669,0A316E99E1274FB7B6B1EFC0177BFE5B0A656CD1179D02342E363E3CFB3400D9,827,1170,RGB
3235,page-3235.png,304605,7806F065F8462B14846E7706B6A59F5732E89EAB2F855C3C2EF08E6C8AA79B2E,827,1170,RGB
3236,page-3236.png,242720,2FF25B233D87F6972C0D35DCEDA3171098DBD6AE81E18739298895177672CFC2,827,1170,RGB
3237,page-3237.png,255554,BB15373560C373B4F36BE99AD110233E90562D7EB6D4190EE31C5165F401A21C,827,1170,RGB
3238,page-3238.png,262084,E864146C8FAD70DC9B6E979ECCDC2BAEB6E78B25C4B506E7379221EC9FFF7658,827,1170,RGB
3239,page-3239.png,218986,CB5CED8CA48CDEA40FFB0446FC9E24061903A479C76F33E726BFB55091FA6D28,827,1170,RGB
3240,page-3240.png,164008,56C1BAEC2B09A5448E2D4D95F00074CD9D52EBBE2E6196DE15895E9C71125960,827,1170,RGB
3241,page-3241.png,135408,0277FFC9D1E47E86D0EC300013741BDD1213E03FEBC57413EBA6ADE96F7C46B3,827,1170,RGB
3242,page-3242.png,172295,A3AA0EB14FDB94E477B8D36704D128158B37AFA96CEFA1019D4162DB5886C2C5,827,1170,RGB
3243,page-3243.png,236356,F5D7EDE5CB4BB00A9E51DAA584F493E5922B5FFF1B235CAD7A01533E09FB9EBD,827,1170,RGB
3244,page-3244.png,232741,2C29D381B1F120C686F4850853DEF4D11F89C16B788B6391FBFCCCB51B4B4A3B,827,1170,RGB
3245,page-3245.png,268889,1C8479B61CA74C672D62FF5F1DA6FC2C6E8097CE17BB2CB1011B11D1408C008B,827,1170,RGB
3246,page-3246.png,298244,E44E0F5E286275F81B977465A0B19D0F800C75D6FF92B4DCFB79AFC6BD09632C,827,1170,RGB
3247,page-3247.png,274270,648C8701467B0D08B790C72F50F2C7484E315460F743ADE61B8701A467D939AA,827,1170,RGB
3248,page-3248.png,264891,EF3AD404F1EF9BDBFAECF1ACA5E5C5FCDDF1226B97F6DBEA8450E5EF121D80AF,827,1170,RGB
3249,page-3249.png,339218,DE698833C0CA840B949C207A5F5EF47485E0616C0168B23129592DD6775CDB07,827,1170,RGB
3250,page-3250.png,337934,2E87E936F2E4DE5496E60627E547D3B83C612E74A608B7866DB34AD2A620E8A6,827,1170,RGB
3251,page-3251.png,298125,0A8E866F0EE06A1F3EFAD6C9C0478A914C7B9037DE29ACC4099475B27EA788AE,827,1170,RGB
3252,page-3252.png,285824,C8073DFD54AD33C8268CB8D0A1607A3689CEFABC4C3C98C9E1BB431B6F7C5F5C,827,1170,RGB
3253,page-3253.png,234066,F0C4B17670AEA2C196703D03A8FFA00D3F43C63B7FE883CB6552D9E502FB3578,827,1170,RGB
3254,page-3254.png,306567,8DA9E2B4B7318D5B9E1E84863F7FAC50F33D4671AED4EFEBE424DAE3A1E7B50B,827,1170,RGB
3255,page-3255.png,356605,C79404CDDA5701B89E056E2A885AD8CDA0CA09437C6253CFE49AC434A5084304,827,1170,RGB
3256,page-3256.png,291842,2B7C34078D6B388838887B73F9B447BAC102B1F11A63A74EC62C8E74A4F9FBE4,827,1170,RGB
3257,page-3257.png,299638,6FB88AA4BEB5EE7F5477016D877B78EF12467F930B077491B7930A22B333AD82,827,1170,RGB
3258,page-3258.png,294240,2EE9474303FDD252C03CA22243E67EF925B06EDD825E91E254925DCC0635A770,827,1170,RGB
3259,page-3259.png,293874,E29CF7796D9360719C103D2B5F4E8939FA413CE39395BD57AA11B42C128354B7,827,1170,RGB
3260,page-3260.png,339299,8FCC449549BCFD5892FC332EA1D42AFC4A84112431C20D738D1FC3975CABA6E5,827,1170,RGB
3261,page-3261.png,295796,1699A361CA2D870CA52362CEC8658B4634F3A82D8AB555048E3C38A794B5E4AF,827,1170,RGB
3262,page-3262.png,274071,F55483B8A490A6E14F3952C074073456FEFEB3573312700C127AB145F6B818C2,827,1170,RGB
3263,page-3263.png,335266,ADD25C6591D0043368503437226C3A61B4EC70F4D3FAD39B447512458AB5473B,827,1170,RGB
3264,page-3264.png,325174,6E168B66C91CDE9B940498C8E5E33B16B202B58939532DF97E196D5210164A39,827,1170,RGB
3265,page-3265.png,309388,04D51884F9A2ADD72C1A6AD9325A71B2E89D67B67FE23663158BE3589E8024D6,827,1170,RGB
3266,page-3266.png,302471,FC276642956E36CF94F4F53B7E46DFD83008449CC1D1D7D84D5F690A57BE53C4,827,1170,RGB
3267,page-3267.png,194275,AC9C8433308F9F0582226D0B4D7DF7E76B0AE754F9C6089C82C6502C7E7848D2,827,1170,RGB
3268,page-3268.png,314580,615FEBBFEF5DFA6C0A6673730B7F978343C202860738F07328709F0BF8CF0978,827,1170,RGB
3269,page-3269.png,299986,334099F74088BE678854127DA0F07E3C8AF286C068CF494B791485B5ECA48EC5,827,1170,RGB
3270,page-3270.png,317048,4FD88285675F75765C4A85C5E4570518D99A1AE4497E403F6E2CA0A6E65D7735,827,1170,RGB
3271,page-3271.png,300115,BAF2373D0A353883109E32D0636FD3A483F8B009BE6F69B1EC9B7C5678554ED5,827,1170,RGB
3272,page-3272.png,274360,00FC9C34004142220A77109CCFB4DC5EE2AAE72976C0A77248462B1036D0B8B6,827,1170,RGB
3273,page-3273.png,240826,B85127456D494F78A47636E6AF081F881921B49C05FBB82579B9D2095BBE6531,827,1170,RGB
3274,page-3274.png,278882,DFD87114EF7D89E9EB579A0143E67C3D0A01C19A7A348D125CDC249608AB18EF,827,1170,RGB
3275,page-3275.png,249267,FA59136BB81DF14B556661A1FE1BF7EEFBF72C337DCCCFFE4E149C5F41DB92ED,827,1170,RGB
3276,page-3276.png,220172,F11439F840FB7B0D4C71F321FFDC2B3E90303341060D3CC8EA1F75F2039FC245,827,1170,RGB
3277,page-3277.png,223275,994C7A2993DA9A720ACAC063B50B3578A6C859389451EFE185997386003355E8,827,1170,RGB
3278,page-3278.png,241587,2944D6E11295788F155C00EB56640889D5C15E6D61DC188E8699C485B544D45B,827,1170,RGB
3279,page-3279.png,271199,20B4EDC948B481953BFE6B8590E8D37EA97A3DCBFA07E7A6EE17FD86D3262C16,827,1170,RGB
3280,page-3280.png,202223,DFA85C365D976C696CC747F357F9BCED0171ACB1D19C45B60F5C58DE91365E75,827,1170,RGB
3281,page-3281.png,315819,EE61B3843387459C8668C0B9892F458CB69454AD190EEAC7DBC7774C1DDBE46E,827,1170,RGB
3282,page-3282.png,69460,9B6938239F51104BECB01360F1A00BE2E43C336D7DE8582509E4AD3AB11C7867,827,1170,RGB
3283,page-3283.png,228254,1CC679586377E76B6CEDAF1C9C5F8855C49D42BAA31DB487B07E264A65E51D6A,827,1170,RGB
3284,page-3284.png,255193,4449323BE6F24C8145A1176EF582F7E49AAE453A56344E99C0CC650F5F59420B,827,1170,RGB
3285,page-3285.png,296574,CD64C09B8A57F10FFD567EA5EC14846C50C680B3253984D969A7C6327F0B678B,827,1170,RGB
3286,page-3286.png,304346,E5BCDB1BCD389A6B55155C30F728E80F908AB85A9B293D4B7119270221803312,827,1170,RGB
3287,page-3287.png,290215,16551662D24010B75D81BC9D9C9DEA4DC70764E2EB5D519140230C001B3692A0,827,1170,RGB
3288,page-3288.png,333446,4E9BDC6AD2DA64D2C4D9B33BAABAF39EE3CDB091DD23049B9B975735E5CBBA06,827,1170,RGB
3289,page-3289.png,328379,F7FA9B30BB76C240B7CDFD77F5F771D662ACDD8790F6E07D0C4BD281CDA334EC,827,1170,RGB
3290,page-3290.png,261121,62E6AF9FAFF5CD61E072871E27822A54F8FA440CF411A84AD6FA68FBF037948A,827,1170,RGB
3291,page-3291.png,257858,A5B5B7F35C50AB4EE80F060501197050BAD9494E339C79621BFA761FD9D5E8F4,827,1170,RGB
3292,page-3292.png,255771,B94136BA5F88D831C837D25B0FDA7EC78F38A82E1C691AA44252BF0C9554193F,827,1170,RGB
3293,page-3293.png,257085,3E454B8B1EBB52FC52894AF68CBAC9A82195DC4B4AB36080FAA11513464A96AB,827,1170,RGB
3294,page-3294.png,260646,1B61D140946A187CF1806F5379B5CE71AE588CE6B8699D7C025BA3F8094CA505,827,1170,RGB
3295,page-3295.png,257800,01F4D1911F1E3A0067E6EE3FF49A693664AE0A3C9066CEFAB0E44D3BB5E4E468,827,1170,RGB
3296,page-3296.png,326937,6B932FF68A127F491A3F74B9DF8E0D1F922C65B00142FD36D9608264FF2773BD,827,1170,RGB
3297,page-3297.png,353694,BEA92941F45D2837380E9E36C048300D61EAB0581BF9544F93D1BC4C57FD4F3F,827,1170,RGB
3298,page-3298.png,262971,0A2A3F6142C04C2954FF1687C28245AA03477A9D1075EF8795B1BFEB538C902D,827,1170,RGB
3299,page-3299.png,247961,ECCAC09E6B9DE34E7A3374C4C0D20A2967C8038127BAA5ADC35B63E7264FD2DF,827,1170,RGB
3300,page-3300.png,403493,1531E3F146DFE79DF3CFC4BFA03A39A5DCF6BD21B5485966415771FD48869B04,827,1170,RGB
3301,page-3301.png,266843,530ED4B189E81B9BFEBBB1F3E4E7BE3DC48A18B8EAD0E3A48381C9504B682A2B,827,1170,RGB
3302,page-3302.png,296671,F2F53B14357F055D2C419DAC2328C121761E84264E3DC0BD09BD8CA6C64C903E,827,1170,RGB
3303,page-3303.png,274397,DF061E90C34743C20D4BC26C5D7CA41798122D89C58EB4EA06C4FFF340211C18,827,1170,RGB
3304,page-3304.png,253491,DDA989F3F6448B9EFD819EBCAD36B24561C0E4760A53DEBF0E06AF4952269491,827,1170,RGB
3305,page-3305.png,247251,3B931CC6DB33FE6CF8F82EEA565D26C6301E171169D9EBEEEEFAC7E155B2A6F3,827,1170,RGB
3306,page-3306.png,241873,0B7551DF16BFAAD47598C2897B8B8B550C78072AEEEE3A03943348DE8A4A434C,827,1170,RGB
3307,page-3307.png,284426,027571DE5BBDAAC524C0798F7F31DD487AF44BAE61CE9D299226EE36365E5E84,827,1170,RGB
3308,page-3308.png,300730,44F6B3CB61859B902DFB1E943FA440927E505D555CC6CFD0CD350FBA147A864A,827,1170,RGB
3309,page-3309.png,297246,1A739B8728CB90B06A142A05312503377448278137290AE9BAE0ADEA434A0C3D,827,1170,RGB
3310,page-3310.png,81389,F44BA399C9D6EFDA40A7327C41FAA536F538CDBEB3A3D31E785BFE5B503EC369,827,1170,RGB
3311,page-3311.png,163491,09774FBE1734BBF5666CC78B53DBB4E8FA6AE2A47EBF39476FE3351DB476485F,827,1170,RGB
3312,page-3312.png,276533,4E9D70972B4E576BFD79343F4BE705D2E0732A1D7FBDF813C35A72D9C724217A,827,1170,RGB
3313,page-3313.png,231407,BB238A5B35B84E43839D4678D84B27747FA28AD0B01A363079CD096B637E85FA,827,1170,RGB
3314,page-3314.png,198571,37216F51EB1614E0A66B675EA191748BF1BC40692813070CF1B6331CBBC21AA5,827,1170,RGB
3315,page-3315.png,229093,72FC378A40DA440B50E4D865E11CDFAC6536318EF039EDE232B3724A9635134F,827,1170,RGB
3316,page-3316.png,225422,5D22C6BC91E74F2B0B9C17B99509F0C21CE65BA4EEA8A7BEE7B73021C6F5773F,827,1170,RGB
3317,page-3317.png,191314,9DB62BC544072D9A041742365771D24B3A79D2A83D3672C90C9647CE085AA592,827,1170,RGB
3318,page-3318.png,218395,8780FAC99C844CE8C7AA75B7D716DB860385A037BDF95BFCC3FC8A6473606D13,827,1170,RGB
3319,page-3319.png,276057,8DFBCE1543122B69C157FE059DE9ADBEDD763BDBA2C502F2D3A2C45A3F53BF41,827,1170,RGB
3320,page-3320.png,273929,14D0EDB8091A730AA95D6083B8C6AEBCEA64E707128F004B8C2A6AF5C9189D1E,827,1170,RGB
3321,page-3321.png,271000,D7481FF57096F62FA8E5D67CF5BC02C6CC56AF77A2C2B7287A49FE57B72A1765,827,1170,RGB
3322,page-3322.png,252783,5813BF0B964BA25320E88E7C0BBAD4B3C97A6C6A90804935C78A997C59CB1CC9,827,1170,RGB
3323,page-3323.png,266279,6EFE465274143CC0A97A1CF4E131AF25F30AEF01EC8E72FF5330123AA9B8DDB9,827,1170,RGB
3324,page-3324.png,232285,6ACD76FE13BB8C72902AF8C1FC4528CF1A5DC4AF2740DD27564EFF8747BC932D,827,1170,RGB
3325,page-3325.png,273166,5FC6FD112D73A60BC8AEB3F424617F829D22664E8E12A9B7FA065AA46F5366DE,827,1170,RGB
3326,page-3326.png,248242,1EB15AA3DDC19A1EE9D20133763F8393316E9AD7FE550D3676A9C82AE009C7CC,827,1170,RGB
3327,page-3327.png,230439,FFC3FEBA85B797094E553B89BDE20055793568C404F2F34600F765AE2A5C164C,827,1170,RGB
3328,page-3328.png,247133,CCCAE443CD96D48F8CFC6394A9850C47D6884C63E8A874019FFDC851B3D3694E,827,1170,RGB
3329,page-3329.png,273020,2510E63B0D6239C0B8D4F4C2D4DA9A7525721E98B6E7D94CD830C32D307D23F3,827,1170,RGB
3330,page-3330.png,192318,E217CDB5DB3BD916F1B64AA6AB995A32532325CA80A4B38C60CB0A11199EED2B,827,1170,RGB
3331,page-3331.png,215773,22DF9E64DF698301C441EEFEC7DCA37A0618EF4BFEB8B2560153513F53C405E4,827,1170,RGB
3332,page-3332.png,251792,FB8399FDB9F55DA3FC6881F736E1DCDE5EAD17A55609631B9644FD6648F4ADAC,827,1170,RGB
3333,page-3333.png,248974,AEC6F8B78D604D695A6763109A6C793F1CAB334EDA029EB5F1C74100924B1140,827,1170,RGB
3334,page-3334.png,292047,0F9785DE13CC393F9AC09F793464EA33A2F43995406F0D9A29319437CC9F5971,827,1170,RGB
3335,page-3335.png,248183,C161AB1545F70736273601800C84BA72EBBE39E7E9CC7BF4F4B4E6483E754C44,827,1170,RGB
3336,page-3336.png,217413,6B528E8338599D2FA7E4DAF192FF50D183C3A1DF318A6C4752972C0063638C54,827,1170,RGB
3337,page-3337.png,299648,65E222FCBC7727D567D6317848E82CAA5B69CD14EE5FA93CABCE54DAA5518F78,827,1170,RGB
3338,page-3338.png,251895,78FE49B57BD6D8D4809E42C7F009B9F4F5E9750638F90F84ABDAE1EAC5AA9F1C,827,1170,RGB
3339,page-3339.png,238640,AD5A98210BB53085DB436F3585CA2CADF9FE9C6253457F0987BD517EB8B45BFE,827,1170,RGB
3340,page-3340.png,324182,5C37BE1E2CB59519D7542A675BB9846ED5F434D533CEC39CDD2491C79FFEF187,827,1170,RGB
3341,page-3341.png,255952,AD2881D14C5E5083FE88426BFABF06D50A4D2BE176AFB7D9D05A7861DB875578,827,1170,RGB
3342,page-3342.png,268581,F2103C4890E364BFBC2899549612B046DBE5B6E45A2087BA11379396A09E3A30,827,1170,RGB
3343,page-3343.png,275180,268B2D5A617176B651D9413F043F4F567F3F9004F35C9CC1065E8FB7D4F65DF1,827,1170,RGB
3344,page-3344.png,260894,BC3FE70651F67B43FBA10164CD84B13378AEEFD37CCEB49593B9D2B121E17CC7,827,1170,RGB
3345,page-3345.png,205330,5012249CC0C442E2A1DCE8A5B6398BB16496577B8A842BD46E8B54F8A33CAFA1,827,1170,RGB
3346,page-3346.png,248978,F9E6CB03CE3B93262F243B283E3F3EC11893794FF8B7B6ECE73ED73321FCAB7B,827,1170,RGB
3347,page-3347.png,262942,3A5A2CA646B17DFA78C0602CD13CBD79D51BA690B44B07C25DBC947DE66D9424,827,1170,RGB
3348,page-3348.png,278781,7C7BF249DF6F794E6ED8B26FD2BCDCEE13063276B171D78823A82B9CAEF7EA8B,827,1170,RGB
3349,page-3349.png,161565,1A47ADF5631DA35A8BC3FA08B8741BBF2D6257F7513D25717C7EF8D01A20F3B9,827,1170,RGB
3350,page-3350.png,318327,96C05CC53C3A2D8412D76313A51EF243C533D4C96678AB631A5D7A8DDBA9AD47,827,1170,RGB
3351,page-3351.png,289890,09405E01A7D90E10C94535A137289176655F6B8E3C60A57D492C6CD9C0A9F16A,827,1170,RGB
3352,page-3352.png,262484,368CC1C0DED699E6ECD8DFEDF720A3F2E26242E171CC9BC1ED41B56660EA0D7F,827,1170,RGB
3353,page-3353.png,329673,8B485D416F3116B7B17CE8EC5F0F94F586AE80F5ADFAFAAB1ECC7A3EC13BCA15,827,1170,RGB
3354,page-3354.png,271113,6E04635AEF6F42BA99DB6CB148774A5681A632762C5621AD4B5158E55E93625C,827,1170,RGB
3355,page-3355.png,209947,E4B59386708484E830B23710D3820638E3964AB72EFFF6A66CD0DFD24A0C3F01,827,1170,RGB
3356,page-3356.png,273976,A6AB9343CA583D656E660EDE264F3A90AFBF66B164B18BDB9084B12614597999,827,1170,RGB
3357,page-3357.png,281590,2FB09DB86A5D660C6533A8AEBA90F6227CBF836CADE2EB899E11BB4421935B75,827,1170,RGB
3358,page-3358.png,284508,841EA2D76BE5C2C019444098E3A53B2D5FAE53B6C40281E96366E6104CCD8306,827,1170,RGB
3359,page-3359.png,324548,B59192953CF52E2538B376EE1BFBD0D9C7941851FC93A4945B46D220B6BE2887,827,1170,RGB
3360,page-3360.png,210616,EC86194C97F59091FE928F66103AC729D0E7B451218E079B1B0D09285062AA86,827,1170,RGB
3361,page-3361.png,235533,FDA4B12B65CC3A7595578178F8A32809393EA958F78FC9BD40AD2146DDEABB8D,827,1170,RGB
3362,page-3362.png,206409,16B4D13CCF64952F691A85F009C1A126B047AE219D2D04CAFAEB7021BD707F0A,827,1170,RGB
3363,page-3363.png,84101,C3BEA023B60F2E3F3DB704CBC1326D805C8824CA3792CC160DB71FA473D840C1,827,1170,RGB
3364,page-3364.png,241874,E3EE382CABAB38CD0D666DD7F56A4F242C60A6EECFA7E9C3E64B1CE0A0DB713A,827,1170,RGB
3365,page-3365.png,257295,3E1561DEBDFE1AFC513E1271370816006222FD3DFE043C54B79387580854576F,827,1170,RGB
3366,page-3366.png,317437,708BE6F0F79C6E3B0BB630DEDBFA5D84C618B01F7DA19988EC1720F5639C4C7B,827,1170,RGB
3367,page-3367.png,336358,02E0BA26489987621173464A5FA8D7D2506282DD10B37553BA087EFD55D70464,827,1170,RGB
3368,page-3368.png,346776,9BBD0459D6E7341B25C87E403E8C534F0304F66F585F3FCB369BA0E4F09F254F,827,1170,RGB
3369,page-3369.png,294721,486D6A6EBB727943C4E1AAED615E34F2831275B7B24F94442151EE37B3A7152D,827,1170,RGB
3370,page-3370.png,285383,478714EBB0E94565C976F64C3F3B02EE1A4D9619732E6932BD5F0022D1DF1F61,827,1170,RGB
3371,page-3371.png,291539,878C9A6F4509A15637FBDE076CED15972CE3204437B3311E21D0D04ADC79FBFB,827,1170,RGB
3372,page-3372.png,260046,11B2742EBFC49AFD320271FA52005AA1CAE4A5F7E361CDF2F477BD899F690C2E,827,1170,RGB
3373,page-3373.png,301390,2F1BE1850DF0442E2F39794ECB70441FC16560B8B8D0AE9B4FADFC2A0FAC7CA5,827,1170,RGB
3374,page-3374.png,343683,73D7ED245BD51A13ADD07D0C8D33734328300AC74450A38E865ED9699D0242B0,827,1170,RGB
3375,page-3375.png,329090,7873618242344BC7B35531A5840FD417CEEC25B3CF55E5DC75A88586CAC058FE,827,1170,RGB
3376,page-3376.png,306329,21149BEBEC52C2497BFB09CA0B58BD9A5CBBE25636C79B251CCA8CDDA789A8EF,827,1170,RGB
3377,page-3377.png,310081,CB0A47063F8377EC2F8DA91E2D07EB191EF51C3536B42EA3061EBC713EC44BAF,827,1170,RGB
3378,page-3378.png,366788,0E8E05C261D4F3D5A1140EBE7DFC091C237CC2238F51A96A810297DBEAE95E75,827,1170,RGB
3379,page-3379.png,283775,088DD834E5AE009637730D99BF4B9D32EE98DF24BB99A2E79CF2E4FADF314F25,827,1170,RGB
3380,page-3380.png,277965,CCC79682AFA8A8B66D944C6805B37B8488254BAA17C4A3725CC52874B687817A,827,1170,RGB
3381,page-3381.png,275462,384F8D294F6D85392E5213D2743AF068746E14C824FA0E74903F89C73442408D,827,1170,RGB
3382,page-3382.png,215421,482A7150AE8C68977E4A64947B9C6A23AB8F22A9604C017A069B6D218B227B59,827,1170,RGB
3383,page-3383.png,319668,5E06429141274CD86D2C1D0BF8EAA2ACDBADA73C3D2E51B3311D633A29B1A4F7,827,1170,RGB
3384,page-3384.png,318125,618DF4BDD0FAD2E18D85910C25411B9B2AA9D4ED8CB003CE5C19072179B434B2,827,1170,RGB
3385,page-3385.png,280978,C1913B903A01104BE8589E46E258608D55A92F1D949A65BEB01B644D7ADA219C,827,1170,RGB
3386,page-3386.png,301097,6268FF29FFC61BABD64FB65291AB1B53E9D37797CFB7A800B77C295EE57AA275,827,1170,RGB
3387,page-3387.png,316588,83F29E3FC2AA4576235B356C4B31CED710B1E7569BB52CB88C3BBDCC9329D529,827,1170,RGB
3388,page-3388.png,317805,2E5618CA3FE2C622571AC4E69ABECCDC838B078B8EB65EB9449E42342465C475,827,1170,RGB
3389,page-3389.png,322895,1412094C51D6C502F223B1A195B1D67FEF000602534B6288A119FD80054DF3DF,827,1170,RGB
3390,page-3390.png,260503,E9A369602F3B0EEA4F83D7339DFD5E6404F7D08940571B2CD8A5D19B6EE3D84B,827,1170,RGB
3391,page-3391.png,256018,E5333CD2832491C708E336985DDDA8494C404020221E1B9EDCF35265E6D24CC4,827,1170,RGB
3392,page-3392.png,293913,112CAABD9487AEE69168EB48AEB2078F6B3CF11246DC2CA28CEB742BCD198A05,827,1170,RGB
3393,page-3393.png,291350,618B4210FE4BB8284531B5742A19685287C2509AA60C48E127E6EC0D2FEB4452,827,1170,RGB
3394,page-3394.png,277986,9F4BE78FAD61884CEE2356C89141DFD4EBFC5B9AD129FBE6624D10A77D46043E,827,1170,RGB
3395,page-3395.png,284733,8CD62576C68B6BFB22251F4C5F7A0EFC70AC4C67D83D5984719F6C3079789E4A,827,1170,RGB
3396,page-3396.png,278068,B732443BC4E7C4932E417677CAA56D4E4C113FB398A942505B96C35F0C65238C,827,1170,RGB
3397,page-3397.png,290937,2E98D0DB8741AD9B2CA39B1D32533D1F269E77DBB142E0615D0D03C59EF4583D,827,1170,RGB
3398,page-3398.png,245484,26D3FC4BBFD66510B05C61F64F8834F836BC1AA5CD8B0D3D25036F827E43DB10,827,1170,RGB
3399,page-3399.png,337620,28BD82A88842728E878F90C1AF83566EDDA00CF3A335980F90070F8267616955,827,1170,RGB
3400,page-3400.png,269261,C83325E016CE225244DE3A9024009A383EBF015300DE20959FB6D6DE9C765653,827,1170,RGB
3401,page-3401.png,252569,D634950C44F33CF6BFCBFA13F5C3F602104519BC3C31446A0903E0724019BD09,827,1170,RGB
3402,page-3402.png,255120,64B4F304DECC5EC9E4CAED4944D67F8B633E9AEA4917CEAFB1E4BDC54DCE3688,827,1170,RGB
3403,page-3403.png,275811,1C8E94FF533DC3892A94563ADF61A6388A4A8EAAB8DDB77734497B42D0AF8F11,827,1170,RGB
3404,page-3404.png,278775,47E81D9A0C28CB74B47D6E483C13F5976167E57F90EE45B4A61276AA49585F10,827,1170,RGB
3405,page-3405.png,213337,BBAF0A43C627713643848001AD8DFDCA432A81D826685DF64E8BB4A9F459ED54,827,1170,RGB
3406,page-3406.png,325208,B54F78DF802C5AC8496EEA31A9D0FF1A197E0FAACD312F11064A16A2CF330660,827,1170,RGB
3407,page-3407.png,281507,7ACE9B55C63173D569DE6EE8B62B1D6003B07628090F08AE375B008682C1FB1A,827,1170,RGB
3408,page-3408.png,212932,FF04458B382064E4FD350C4D93AAF1A9C0215D8E3339B799184F3BB06D7768DE,827,1170,RGB
3409,page-3409.png,304318,E7724A6E9E918D98F57F79448227480D9F879D19014BA4F16C4721DB2B40A7FA,827,1170,RGB
3410,page-3410.png,258222,03DB2ED78F5F85DE62B64F9257165D0A8A63B176AACD91A746B7E84EF90E99A1,827,1170,RGB
3411,page-3411.png,315143,06C4E1ED99DCCB799582CF9D8D3F34B55B660F70093807EC8132D16B8EC7013C,827,1170,RGB
3412,page-3412.png,248164,67A7093869CAE73D887410761A822EA9BA6D780D6CD069C0946DEA8627862FA3,827,1170,RGB
3413,page-3413.png,340531,9A35C9B9A7F85DC1D477F7BF06B57723B266B48097364A5A95BBDBF1DD4B1FD0,827,1170,RGB
3414,page-3414.png,257325,C6AF50B12DBCDC0CB95C3F30F0024C1B4757BADEC0F9D4AE7E8E5A5DFFB6E2E0,827,1170,RGB
3415,page-3415.png,248698,C08514217A1126F819DBEA615843DBF56E4AAE57CA4C513A8D4CA1178F38EBB7,827,1170,RGB
3416,page-3416.png,351588,3B560FC9BEA78695F1AE1EA7BAAFBECB5591050D3349B56373706C76F3090B45,827,1170,RGB
3417,page-3417.png,299523,89BB0CBA445F12FE66BDB48A013115526A88C9BDA219378A6852B6B5600C9499,827,1170,RGB
3418,page-3418.png,295281,583268979DB2CF5E7FA0C9837AA7DBAEAFBD84ED96ECB146FC097670C2AA537A,827,1170,RGB
3419,page-3419.png,304246,7A376D761E989B8FC0879BB4B82C2E6C6D1BA905B68E14311A3E63549D11EE59,827,1170,RGB
3420,page-3420.png,261613,E0B6E132041F049F2773E234CC4549451B6781CC88554DF1F6D157D09BD19510,827,1170,RGB
3421,page-3421.png,249433,F692FE2C36F59CBCA5A24EF5DA7FA895DF57974918B5C952EB7444E89621967D,827,1170,RGB
3422,page-3422.png,298812,0718DCA82CB19B0898646AA7913414D35B4DAB690F8F1E7D4FB669DD30CFCF68,827,1170,RGB
3423,page-3423.png,342572,521BD1D6F6962A4421A83708DD16D5BFC6D47C6B78D34775CD6CF944F01FA6DC,827,1170,RGB
3424,page-3424.png,221644,E3678B008B10A00BEECE87A90D8FA999CEE465AC98316E5F0D3BF2259AF1DEDD,827,1170,RGB
3425,page-3425.png,248149,23D06E858D4AEDD895F8AD66EBB9EC7A7A16E5A614DA65FAD6A1A2CB47D432B7,827,1170,RGB
3426,page-3426.png,281424,98DCF150886E1D1A1A19E1F3A24BEBB711F9A56806E3F4213EDF427732505680,827,1170,RGB
3427,page-3427.png,299524,BB3E5A9BCEE734303A07947354460588A8B81F49CC5DBB1FEB9DEE2258D5BE16,827,1170,RGB
3428,page-3428.png,294271,47817882B8FB77BBD7D9E550F67FA0C5421859D2C28F34D8FE885B04C41614A1,827,1170,RGB
3429,page-3429.png,333390,F8C04DC9FA1564B69CB92A36F04DCE35958C79505D38DE3CE79351354CB8C0A4,827,1170,RGB
3430,page-3430.png,274760,15C88110F855369F603EF5E66475BCCF69A52E6FE685CDD88389BBFBEEF48923,827,1170,RGB
3431,page-3431.png,266296,916C57097CD5A934CEB7880EF30FF6B31C04D7625292A2F302F89C087ED76043,827,1170,RGB
3432,page-3432.png,245418,8B9EFAD01EEAB66F5C59F58273541F5D0038FA686E4B3D59D682B5859CF8F48B,827,1170,RGB
3433,page-3433.png,208704,FF77456F5B64587B69E5823FB3FB0DA81E4E599306A99694FCD96E34F1E63E23,827,1170,RGB
3434,page-3434.png,268653,81E0398F470F7327A17DBC7C270A850B250AF0DF9D1FA8D4422320CFA9A13386,827,1170,RGB
3435,page-3435.png,323370,2C7073686DAB58E5BB903083DB4FACEE417F5B4CD8F9D149C696C37F2A862DE7,827,1170,RGB
3436,page-3436.png,215138,419A296B197977D296E2DF9830F6599F562A302D4B9F0D62AFEF867DC6293AE5,827,1170,RGB
3437,page-3437.png,314178,2C72478804C2EC1FF2BFD712F0069D53468BC3E28FC99214D11AA04F487990A1,827,1170,RGB
3438,page-3438.png,311955,25537C989BD084F102DC09ABB04307AE72CB7ECF82DA7B650C6852434B3AB310,827,1170,RGB
3439,page-3439.png,260131,423B88BD77E27233B8B34478D13D626A37ED2EC1D07BE4B8DF0D32CED00A06E7,827,1170,RGB
3440,page-3440.png,300765,76A2DE6D03333271E144FC590A171748F35B6D191B6D91139B084C8E1CDEED00,827,1170,RGB
3441,page-3441.png,300481,07A405C8C483B23074847392341FB257E8011563B7ACF7C0F0EFC70884C0DEE1,827,1170,RGB
3442,page-3442.png,277306,DAD64E5562F425066C57EAAE3C5BB7FD2FCFCFC16B002E8892BCDF0C04C28778,827,1170,RGB
3443,page-3443.png,260009,C1F87FBB99129FD3D846997814FA62E5327FDF1DE8A5E5DA6083D8E193F72982,827,1170,RGB
3444,page-3444.png,216279,9B951F7DA540D3271588AB85FAD6CE7205FF1B80D44E783E68AE828E6CC15013,827,1170,RGB
3445,page-3445.png,298749,6C21DC77F1CEF096ED0CFF8E1854EAF56C066C4404B31A583BF6852618DB8BB5,827,1170,RGB
3446,page-3446.png,356893,9D4EA6357A6B7A75353943AF45ED84B119F6DC4C839AED5A986E36417917A3AD,827,1170,RGB
3447,page-3447.png,281737,AEABB24A915AFDA9000A66E6424D7420E58F1D9547C9DF7F340AE734D9C8C78D,827,1170,RGB
3448,page-3448.png,301210,079D68BF92EEC15FED9CDBEBD40F347C17B91930135B16B017EB69BB6B1E23F1,827,1170,RGB
3449,page-3449.png,259311,A187D8B28A8E8A83CE853113E6914E767826D53345742DE2CA07734941966DD1,827,1170,RGB
3450,page-3450.png,246101,3781E84C234804C3D7A5B767E4354EF6EC400CDA7C3C24FFDAA8A55ADF266EE2,827,1170,RGB
3451,page-3451.png,228828,EE69AD9CA26EF7AC51622726B38C0D04D3255D862F0BE8F9A651219126BBCA2B,827,1170,RGB
3452,page-3452.png,187721,478CEC97FAA85EE3397EB303F28BE02774248E41C024F14766AEED80836BCED8,827,1170,RGB
3453,page-3453.png,268003,BF3B545D6F1358AD847580665189E657037B88F56EF0306016D7A1F11DC8755F,827,1170,RGB
3454,page-3454.png,315809,C9BB53B7274B189EEADCFF9F2D902CC366E6AFD241001CE2BAA832856601A2CD,827,1170,RGB
3455,page-3455.png,303193,96B45044367B4388DD6A6AAEE74A59FDD1614604EF4AE7333A10F249A41005CB,827,1170,RGB
3456,page-3456.png,331938,2BD31AA900C3C5E472B7F30C63B1C263DCF3E2A48CE13278470FB6FFFBB6EECD,827,1170,RGB
3457,page-3457.png,296146,D6471762058E40215431A0AB947F1A52F7C0833716DB578A2C84F50C9ED08439,827,1170,RGB
3458,page-3458.png,288845,F1D1F344A82CF2AAF5F529F65553597D413BEC17791AB15A2348475681303280,827,1170,RGB
3459,page-3459.png,273822,54F0483D0B451F90E9ED16B65BF375D60535312A3B2C5B808CF3A7A2C6B8262B,827,1170,RGB
3460,page-3460.png,303673,FF3E5F740F7381C026A6775CC01E517E13C69A2080A8F69025DCAB23A799EB42,827,1170,RGB
3461,page-3461.png,331981,49505E7C21300B5CDAEF8E70761BBC629ED9D11BBBA28A18A9C5487189DA0482,827,1170,RGB
3462,page-3462.png,357325,E1F9A59AAE3BAF3F62E18C338517FDE809D2A11A9AF5E7AB05115B63F29CA118,827,1170,RGB
3463,page-3463.png,281913,123CAB06D16B82728E4C625F4CCCEE5C6820A81B0C5F5937DC3DFDA1F07A5BCD,827,1170,RGB
3464,page-3464.png,272761,C0CEBAE09F1D00A5A0394E81153C51FBC3990C2B7B2DBA9650DE66952F096FCF,827,1170,RGB
3465,page-3465.png,271574,829971FA1333DF8AAB02C1D4E77128C959DE563078B12633AB9798FB52D3A582,827,1170,RGB
3466,page-3466.png,282967,331DBFA4C21F7897556BBE19F6104F2D7E9595724822E28AFF7C65D58F950C66,827,1170,RGB
3467,page-3467.png,289132,9C4600CD2319D109FA34CA197CB1597E17A6951BAAA638054BFD83945F6783A8,827,1170,RGB
3468,page-3468.png,300111,C58B98AB177BBC4FC4796447B2AA6F6A261923FFF671014D00C77737492EECAD,827,1170,RGB
3469,page-3469.png,303805,7A12B0080C8CCE17566A844B44F1F56805A5CB74CCAE3D7396D54C73224D38DD,827,1170,RGB
3470,page-3470.png,208278,B9C4D487B7563372166697FDC6C33DBE72C83148E5B546BABE5688BE3795DA9B,827,1170,RGB
3471,page-3471.png,256504,F7939811A31B821CD093B75124A72586A7621E82A2930CAEF425A9F0174B6ACF,827,1170,RGB
3472,page-3472.png,275742,F978434FF291750D8298A2BDC14426547FE6EBF58ACC667E1A25B7873086BA89,827,1170,RGB
3473,page-3473.png,304918,BB6FBC8044ED8B037A0686C2A5F6EABC1C913962DA3D119C4D2C86D0F71C7F75,827,1170,RGB
3474,page-3474.png,286522,51DFEB42754D30E6F88B0E032285F33CB8055955A74C6439C411F024D7B51E94,827,1170,RGB
3475,page-3475.png,305656,41D5324BEC4C20FDDFE65DD901D64B951B33019D80FA1B4F2002AB4F92CAF6E6,827,1170,RGB
3476,page-3476.png,293001,420D21239CC22AE5E78CABE952F7B27B58910C23D5E22C1AAEF69044391FBEB3,827,1170,RGB
3477,page-3477.png,312282,ABB3830ACB5E3E0D369F1924D4AA75646F17AE5459F890D46256404516E724ED,827,1170,RGB
3478,page-3478.png,313937,CBDF4FB1885C4578B6F02354230848F31F6C2DF5E5AD14A0032C76563D9251E9,827,1170,RGB
3479,page-3479.png,365594,D0DCD1B80298F63DBF2C7BE36C50C449596884E99459FB505FADAB843D5FA60B,827,1170,RGB
3480,page-3480.png,215047,8F54E76780D178B57AC7986D76A356C4E579EE614D81481FA40819877922013F,827,1170,RGB
3481,page-3481.png,270745,D35B76C25987DC05C6AA13317BD06D8AD99F36612427E9862C6C514D6B234E8C,827,1170,RGB
3482,page-3482.png,369574,E4DCD809EE5A7132D88BCABA2CE9A8ED26287E1E3CD152F8F0063B0DA43D8F49,827,1170,RGB
3483,page-3483.png,271728,9F51A16417030D38B1464BEC34295E0050DF9388961F0976401275D022B555C9,827,1170,RGB
3484,page-3484.png,279944,36FDDCE4BB823B21DC06C875155FA198970202555FCFC9F055658B4FC5023580,827,1170,RGB
3485,page-3485.png,343937,205D6958C99A3F227BCD2A6447775F24A80343CC8DC325648C05631BE1875DBD,827,1170,RGB
3486,page-3486.png,316526,C45A9EEFF4B98780AEAE0B1971B272AD7F90095F5A64C8115684C61D258C6A71,827,1170,RGB
3487,page-3487.png,227785,625C664F552D8EC7912301A0E825688846EF5343E08E36201FC62B7662D4BA26,827,1170,RGB
3488,page-3488.png,273861,DD5CDF7219E3805C6CF8560D2DFCEE10ABF7E5494E8B77623F9C603FB0EA960A,827,1170,RGB
3489,page-3489.png,255922,B807AA81092CD4D5889B0C6AD62029C1A8FD8598BF4BA1BAE3758BD8E82BD64B,827,1170,RGB
3490,page-3490.png,354298,1B35892839F490A9D5D5823EE52F5B0099BE850EBBCA6560C9E31C8650328D48,827,1170,RGB
3491,page-3491.png,268170,69089207B1046BB0F1BEF0BD8BE3D69CD0F41A235805CCEA19E0DAA38566848D,827,1170,RGB
3492,page-3492.png,268822,577380A2388413F06A7162AD0E28C73601DF5D82EFC8948F318630165D443852,827,1170,RGB
3493,page-3493.png,256163,FC33E9861078A300F39339B6C3FD595FE7AB64DA424822ADF026D95F1E3DC838,827,1170,RGB
3494,page-3494.png,279937,E66D617648B01A8AAAA1194AD9DF2F6F5640C3D2C582338508A5B2D2411675E8,827,1170,RGB
3495,page-3495.png,302516,170B8549264573002A7B438B0A8B59310E82C5851DC45C220FB53081A3C3D25E,827,1170,RGB
3496,page-3496.png,365695,9DE31D97C528781B14AEC79B359F7E12EFE96022B809726C0F8639CB800003A0,827,1170,RGB
3497,page-3497.png,248007,8BB41771A51E1A4E84E45BF30E353F54E13F4B51EAFCF5381BF1FDB67BDF0033,827,1170,RGB
3498,page-3498.png,278157,B76732C66B48E6109FFA4E5D1BFF880E9757579BB4A51396BEC84CE52F9353B7,827,1170,RGB
3499,page-3499.png,241493,C93F8B0CBAD21E49F0FA08B338B77EC46C0A57B30819ADF73B35BC733FA460A8,827,1170,RGB
3500,page-3500.png,318671,0022853D15B0AC1725C8831A494BD5A7389E8205B60F7C18BB4A75E9F1332121,827,1170,RGB
3501,page-3501.png,347284,FDE812E2D15805F3DAF8A8BD7F48AD7FA65E131251E6E18B91427FC329DDE81B,827,1170,RGB
3502,page-3502.png,307616,14B8B0E3A5836363BE90E6A67847A141BA5BD7A48E8039AEDFB3CEBC5284BCEE,827,1170,RGB
3503,page-3503.png,275778,7D033FDFE2BB154B67718C09ED3889C3F34C2D6911FD503BECEA86FECD993809,827,1170,RGB
3504,page-3504.png,217419,5E8A1F080BFC14289B055DFABE2373FE4ACB6DE105FEAA93DE3B6645F1163C29,827,1170,RGB
3505,page-3505.png,267353,C86EFDA72141A8B998D81B407DB896121458FD572339FCB8C99503C712A1D9A1,827,1170,RGB
3506,page-3506.png,263592,009E88C73184F0F72A0D2E1722E74A2BA6FED34D6CC3BA6D77B4F0263BE8C576,827,1170,RGB
3507,page-3507.png,310765,2F1213C10C16A012904354400779A32131E0E9B49FA0AF2853DBCC1E211C62F1,827,1170,RGB
3508,page-3508.png,315941,2B8E2E7F7FD0984141E09088FE4DE9185AF3C1D52603F9275909FE658D8CFACD,827,1170,RGB
3509,page-3509.png,267009,CB93D8DB9B63020904E25C80A22CC101BD363648458CD03F015860D4817C3E8C,827,1170,RGB
3510,page-3510.png,300824,D78D4D43187B8B7F8F23EFE04911213FD17CAB78164A32FF2D852638D307F922,827,1170,RGB
3511,page-3511.png,292043,C8675C0F9CD5A765B92861A33DC4AB872ABEF121824D26322A2711EDD612C7A7,827,1170,RGB
3512,page-3512.png,299443,E6E29E9A70EEEE0D7EB0D1D745387E46DF7DC96E730FA3A1B6885E6908750BB3,827,1170,RGB
3513,page-3513.png,306417,AF7EEBD424606349EC8E55325D257C1545BC21259DE38EEF50E34D9D9E6E2D44,827,1170,RGB
3514,page-3514.png,317533,BF53260EB5C7DA8AD161A27B3A4DD24DAD021596B1A155B443C57709F5D16EDA,827,1170,RGB
3515,page-3515.png,378866,D37282D7E7D769D1247F1B683A8D942B49FE4C27F4B6400846A6E4634F045123,827,1170,RGB
3516,page-3516.png,317111,C34B58C5D664E4A1CA81F748B83674E6C6909FD6A0A5DEC0F8EB0468707DC7E3,827,1170,RGB
3517,page-3517.png,347323,E6041BD132D1CC91550C3F72EE65F6913145CB0570A9B067ECEA5C691FAF0B95,827,1170,RGB
3518,page-3518.png,406717,A89AC143B363F417F6B820443BAA5F8DB01B0C6BFC19FA6F2785F1445C598C70,827,1170,RGB
3519,page-3519.png,376761,80EBA0FA33F127913C2B71A02DC3F9F0CC1D1F84B14B1E3C220A74D479302D60,827,1170,RGB
3520,page-3520.png,287351,D1CE7057E9686B7B78C7B505C5E790B0533AC4DD13643C17321BF086E1D1EA82,827,1170,RGB
3521,page-3521.png,297772,4AC37C30524C0756C0582DD75523BF6A33A0B7ECB223331EF2A182A1C14FB507,827,1170,RGB
3522,page-3522.png,308901,41E4C308BA821ACCF6C160A44B6CC0C7FFADAC59D72885116076F9D103D14B7A,827,1170,RGB
3523,page-3523.png,237070,96425FF364593D7E1938D5C23BA00EF7E1B0EBD46C80E8BE3CBB81CD948FDF3C,827,1170,RGB
3524,page-3524.png,298219,D438DAE4E9BEAD28993AE5D2A65BF72610C38122243CA4D08940DECFE44772EA,827,1170,RGB
3525,page-3525.png,306247,2C8C801371250D1785FE446AE57CB3EBA5FCA26517133E844FD19CB008379EA4,827,1170,RGB
3526,page-3526.png,281040,BC73E86C407D864D873A91F552E5FFD07A1F20D87AE4C2CD661CDF6FDB3C6156,827,1170,RGB
3527,page-3527.png,333623,1C0D376E5416A08FB6D28E218A8BFE9EE5C3B70EBE3727D75CF12CB35A7950D3,827,1170,RGB
3528,page-3528.png,289541,0B6E587CA7DECED4939B9532CDD0D676C9518FF16D8A06D23342316169ADB6D4,827,1170,RGB
3529,page-3529.png,278641,91832088D40EE6FA7DD4F0D992DA70C3E5F9959223C4C281C413B058EE45F294,827,1170,RGB
3530,page-3530.png,256448,8FD43D59FD5EB5027C4DC263E8D11CC562E6042E83CBB011498BA9B8F509C121,827,1170,RGB
3531,page-3531.png,276397,69B938AC182FA5BA95E11134DFF7014157CF6887E025F8300B1DC8D6E2052E65,827,1170,RGB
3532,page-3532.png,330769,5A65E69148E5B4FFEAF9BA76C816B4B4C77B94345AD579BB6C04DFE83DEE5BAF,827,1170,RGB
3533,page-3533.png,299726,DA9A196AA5F87D44FC693F9ED63BB10328457F363ED17EAC17971A0BFC6154A6,827,1170,RGB
3534,page-3534.png,257040,6F8DBD811AEF7E349E4A28C586607EA18B9075AACA7751905EA236CBC72F961E,827,1170,RGB
3535,page-3535.png,319689,B7EA10BC365750B1948317645C94A3754DC5C6E3D4D23715E0E01FD291A0D421,827,1170,RGB
3536,page-3536.png,239134,A527D4C2D1180E391948D6814D578F5F98A2E3722E4BB5869777FE3B1679F711,827,1170,RGB
3537,page-3537.png,206089,6891C9526C244AE4AE45E2EA066D1DDAA3CB3D7E28354DDA2EF20191DE65913A,827,1170,RGB
3538,page-3538.png,261997,05F17DFE1B459004F9612A93555BF58ADE288F965F537CA3B2F2E4B820B84E8F,827,1170,RGB
3539,page-3539.png,316367,E92BE9B759B88BBE3960212054EB4D69EB6FC9A71D6C55202F0E9418A2DDBC1B,827,1170,RGB
3540,page-3540.png,219404,22EABB6373353F6DB9CE9C12089CC512D17E8EDD1F7B42C964FECF329A19567A,827,1170,RGB
3541,page-3541.png,188284,5802C7BC3F1766A70AF865D6F7FE6F11821A6487075FE3F7698ADB3485BD2E2D,827,1170,RGB
3542,page-3542.png,262812,C5401C3F472FFDBBECDEA421056A675543909D485FF7F9A3DCCCA8ADAA012AD2,827,1170,RGB
3543,page-3543.png,286035,1F99FC01B5CDBDCDA5E25FEC0720FAD3F52ADFD9D76AC63542F8F28100DBACD8,827,1170,RGB
3544,page-3544.png,301778,6676B692CE1DD6DBA4EACDA40948B505843F4BD6DEA866C4E46168FD77E4E7BA,827,1170,RGB
3545,page-3545.png,268383,78FD1680262FF0084A259BC38F2635E452952F549F18E065F8C2DE215D14DDA5,827,1170,RGB
3546,page-3546.png,368058,84369268ED83178B7A18308AF4D4EE2AB5785777B23A7990B9F75BC15A70A74A,827,1170,RGB
3547,page-3547.png,310354,45F94746DC97782E8DAB5CD953B58F0C5075097595E21B8BA7387B86BE2D8009,827,1170,RGB
3548,page-3548.png,288401,7A5517F93C420371117C0C48866112459B497A599576A427C10BCE120E925C4E,827,1170,RGB
3549,page-3549.png,353081,F1B4B635577A53676A77BDA4712C46193D10D666E746795BED623256C06D1F85,827,1170,RGB
3550,page-3550.png,315787,2D8BE45ADF76D90877DE82C495C078759008A2930DD5F036A88431F70EDDC249,827,1170,RGB
3551,page-3551.png,291856,102F56D851E867FDCB4F8F427EDFE4FA5AA39D8CC4E64A0771132F0937B69C88,827,1170,RGB
3552,page-3552.png,266831,4C2B15261BE825333CE99EDB9088320A6119BF891D93EAAB0828062329558519,827,1170,RGB
3553,page-3553.png,297672,5344C942AA165C6AB418FAFCAE5A196500993D5BB8AFF9FC89534032498BF4D1,827,1170,RGB
3554,page-3554.png,267804,DF9CFD9416B00EFC14420CF1AC9E661D0C3F77C1320AA6FDC33DAF53CEB132AA,827,1170,RGB
3555,page-3555.png,283595,9F9F4D9A313795D2DBB7EED301537E8CF9DB2DA89E54D76DCE1D8ED97ED8751F,827,1170,RGB
3556,page-3556.png,285288,5434E0A75C5588DA3458C6D9E59426A88FC8745E5CD1C7F8B7E2BAD492A3F3DF,827,1170,RGB
3557,page-3557.png,313069,A621636E00DA82CA0123F004B624BEA071717D7584F12E2375FD9C758CD2A576,827,1170,RGB
3558,page-3558.png,351776,67479BF7C9BBCA8550FF47EF9CEE5E6BAB7D14381FEAC84B94E510BBD2AF9CC9,827,1170,RGB
3559,page-3559.png,323674,C8AC6BF67C757A0E053336A2EAF7205C2C06A763E87235C6515FA57374CF6473,827,1170,RGB
3560,page-3560.png,296670,576BE4E4A1866EBE6743CFB69169B9038C2768D7CBFE8ABA2BD69A718C48125C,827,1170,RGB
3561,page-3561.png,294652,D059FFE4F38F88B5B0D035BE035A9A59426A9B0A0EF9A38F4092AEC93C0EA38D,827,1170,RGB
3562,page-3562.png,303832,68E7A98C14101E197B6CB1CA41FCD11B2475B1CAFAE6774F5F2C6E9E8782082E,827,1170,RGB
3563,page-3563.png,309781,3C5A7F25CD4E6000AC50786CA40A12C1D55C66A64C7D1B3CA6573EB3D36BB3A1,827,1170,RGB
3564,page-3564.png,321900,0136274FB6DCC73F93DC34760259EF2CFD72240E0016FD0A926EDBD47698FDEC,827,1170,RGB
3565,page-3565.png,261887,F41FAE40A30BD46A215058BD4550B8BD5E9F1885D82538C9BE7A70B15C142B05,827,1170,RGB
3566,page-3566.png,291696,25C8E185DD8849EFF3473B59E1B3C01AE5221354000CC6239F34FBF0BD553906,827,1170,RGB
3567,page-3567.png,293322,5C5672D31E261134E474CFE6B0839D4C3A17CF16D4806DF4D6A493D160A62D1A,827,1170,RGB
3568,page-3568.png,312614,DC57DBB29D2F419B6BF6754794C72E1EE7E46235C59A7FF0143DE4005FD0F14E,827,1170,RGB
3569,page-3569.png,355056,F36B73CFFA7A8609577BFF1ECDF39BAAD90A65B845AA2CE923F2A9AC9A09CC6B,827,1170,RGB
3570,page-3570.png,298580,E09C4FADEE6F320527662A3E506AB8C1505815B67A8D3C9C145B8062AAE9E4E4,827,1170,RGB
3571,page-3571.png,324417,A6CCC8192A3ACF3D78A7F66ABE7C6700F2325336569F6B7289597A43B6B00367,827,1170,RGB
3572,page-3572.png,290939,D5A5BE282324E4D0E4BE19787F8D57C8E589CDFE18E19CD4F38514C982167961,827,1170,RGB
3573,page-3573.png,374225,79CD896C025160739AD0F24910A3B12D1FF75D089EAEE58D92CB05E8CB25A344,827,1170,RGB
3574,page-3574.png,252835,B47B112247BD955CD74C2E0CAF25215E5C9C33D03CD0CDC437E8AA2483DC6F3D,827,1170,RGB
3575,page-3575.png,157776,147D5B1AAE2CC79C7560E9BCC182460449B2EA341DDE05EEDA7981B7786DBA56,827,1170,RGB
3576,page-3576.png,263958,D5BD7EE7A1DE463D3842ADB226E8BD08C40E9879623EDBC12638614D2051CBDF,827,1170,RGB
3577,page-3577.png,270548,BC735D892B0AE9C81B6FF3B2D9925ED42B950C137A7AB6F3A061BBD6A0A7315E,827,1170,RGB
3578,page-3578.png,257606,532DCCA3B47E5630A514B05792E2B0ADDD6AAB98FDB69D42F8CC4B1DD3000279,827,1170,RGB
3579,page-3579.png,195995,499B561123E83D3C10672A96AE66098CB31E0B3914A640F7DC1D2A4164A0FBE6,827,1170,RGB
3580,page-3580.png,222035,90C12BDD8F0B87795BABF236F2B30ADDF8AD4C3627488A8C97E0054BA7F26B3F,827,1170,RGB
3581,page-3581.png,197487,289E4859E3684BAE48D99307E5F395602BB7F28B6E8A72DC10232FCDF6269F75,827,1170,RGB
3582,page-3582.png,231308,64191CD3DCA253BFB258ECE5288B90A1E30DD4356E0489379C86C328E109E012,827,1170,RGB
3583,page-3583.png,261416,02B165F7E358451B4E898030020FC0D57AAAA4A82879E6A92EF624722F622A1D,827,1170,RGB
3584,page-3584.png,236571,C292B24C9010C48798477A4ABCFA74C2265BB72FA72FBB2ED1EEE96FD60B6509,827,1170,RGB
3585,page-3585.png,322230,D0F36FE53FBB7CA38D2C59C300D95F4487CA57A193518E3DBFA60E84F5E1CA6B,827,1170,RGB
3586,page-3586.png,205119,E8590CE394E4B8E251B4F34152BDEBFB24EB257E5C5A60A1B986FBA7D757B29B,827,1170,RGB
3587,page-3587.png,159795,30230CD53D5F335E2E9E7D26441AE0867BECBF95BA7527E7E585D3089BB0F79D,827,1170,RGB
3588,page-3588.png,163355,01DBE1470497736A3B809586EA85CEF62C8759F5EC77140422844CFEACE08A40,827,1170,RGB
3589,page-3589.png,179378,EFB37250EE226E359660959466849F3D9C05E087C9C740FB811AB8C1ADAA279A,827,1170,RGB
3590,page-3590.png,174912,970F2F8F6051CA894918BFBCC194C29D9CEB1B9FBB261B0E2F1FB15D4C28E782,827,1170,RGB
3591,page-3591.png,171030,FB6EB16794F6CE4B280E44589FB68E98325997384C6E9DC6D52FD1A91B718E3A,827,1170,RGB
3592,page-3592.png,286133,427190151D9822202670DCA558FE8FFC185B00E4378E1B5E346DE82AD76EF2C0,827,1170,RGB
3593,page-3593.png,148944,0B851D00AB38810C7CBF1B2780FA5EAB3174841B5E8BE2748D7AC1FE282037D0,827,1170,RGB
3594,page-3594.png,134250,3F929C6F3333F6DEA290C4F05AD45984B9F8AD7666C1DB4ACA0146512D15E126,827,1170,RGB
3595,page-3595.png,128188,3AD058298AC9BD428E4A3660F17D50259E978F21F4AC192CDC515DD956FAD306,827,1170,RGB
3596,page-3596.png,163547,C8D6031C0C8E816DEE885A581475AB3E0AFF210461816ACCFFB07B498ECB2848,827,1170,RGB
3597,page-3597.png,107046,A149687DC254FABC04F9CC8F3B428C75C101063BAA5D824078B2CE86522ED68D,827,1170,RGB
3598,page-3598.png,104994,3B655056467B9188AF3709A2435242F69E701B7EBAD4FE201D7D4507C831351F,827,1170,RGB
3599,page-3599.png,118564,5E4B6AC5400269AC7C939463A237792D48E9CC5063321F837ECEBE6AA1D9605C,827,1170,RGB
3600,page-3600.png,159393,D24D18F1C5FE6277A85B63234D368C12F1FC334CE8A43129639128444BBEF28C,827,1170,RGB
3601,page-3601.png,163817,3B3F2D61A4B91DCA83AF225673D23CDB30828045F41A2533E1E2429E7743B80C,827,1170,RGB
3602,page-3602.png,241792,4E1981F6E9E1B64BF57D4BADE92215B8ABDB6B51B6AC7CA070D3BB9D301EA013,827,1170,RGB
3603,page-3603.png,319940,B5418E8DDD0804C1EF8567C1B93381870EBF370B132FA6B9B569D723C439B07C,827,1170,RGB
3604,page-3604.png,339037,F738E31C529DAB94EF90D42BD87A989E2E1698631BB024098722781484A05B3B,827,1170,RGB
3605,page-3605.png,343009,18F72611131225E63C1C4155AB54AAFE8EA435497009DF105AC62474BD30EEDE,827,1170,RGB
3606,page-3606.png,310834,3868970E0ADC2A6B32D99971F114AB1AD1BC1C8D4D31AF3CE33A777185486012,827,1170,RGB
3607,page-3607.png,270042,0C08F5E1DCF18F7D8A101B7D8D3B805E726BC7363F32881B89B5744C73F7CB16,827,1170,RGB
3608,page-3608.png,253609,675E8BBF75AD937EF6F8D29591E85AD94B7264D0F055FE18E0C18792D4E41CC7,827,1170,RGB
3609,page-3609.png,315402,A082F8F79830A85EEE0FCF766294AE87C852E9F22B5B09F103F87CE99D5C760B,827,1170,RGB
3610,page-3610.png,200481,B8D322B9D4DD54907B8EDF76A8C3A6E03C5266F14B0E8C904DA0BC347AD632D0,827,1170,RGB
3611,page-3611.png,288166,6979D8FDFC733FB14DC091B47CC0A0CAA51F8CAC6853FC77B8478AAA6E19439F,827,1170,RGB
3612,page-3612.png,286197,BDF61574A769C0013209B709DA171524220196CA95A1C83A2ECB85C1E53362BD,827,1170,RGB
3613,page-3613.png,256783,F21A3998EE9C58AD39003D98B4AB2EF41DDD07750D6F44768483570B26430B0C,827,1170,RGB
3614,page-3614.png,252322,2396F807D71E2E352B1F5FBD72686C5C4164735EE797F331B8AB16B11C8D7180,827,1170,RGB
3615,page-3615.png,347760,84B09D10F776DB461CA4E376CAC1098FD6F4C14CD2A326D83949D7225D7856B0,827,1170,RGB
3616,page-3616.png,297820,56E67B3A0F40FC9D149ED77860A504EE336AB04E208AE978E19AD4090A6A923D,827,1170,RGB
3617,page-3617.png,294911,7F096BB34A4E7F6AFB859F6C04C3E132A05FA594BE9F143E8ED0889C291E5B63,827,1170,RGB
3618,page-3618.png,291378,C5D7596BDA51BFE1229781DB6A11A8690C607E633FD7203C693691995A2F4CCB,827,1170,RGB
3619,page-3619.png,298915,FADA519A7DADCEE76914628AAD9DB20644A085417A69222054533E43C08B0487,827,1170,RGB
3620,page-3620.png,364291,9E84391BF333738311983DE681C9A393F23F55DEF9703EC149D1F73403FADC3F,827,1170,RGB
3621,page-3621.png,381461,75FF45755FCAE3C2CF6D9EA7921ADAA52FD14749EC19208F77173B78DC6517B6,827,1170,RGB
3622,page-3622.png,294318,022979135F0625DCF31A0F8250CCC11D236D3A63686E96CED98D9D1659F9B89E,827,1170,RGB
3623,page-3623.png,314283,A296D6B5A477C13CEFF6A32FAA4D5297CBB95B31E5642ABA2762F2B1D14142A5,827,1170,RGB
3624,page-3624.png,240589,B8344934069ADE8FBADD9F8AC1DF686529025C40BC3CEE94731F3802F1BF5329,827,1170,RGB
3625,page-3625.png,220243,81CC3BC01C25853B9D2332DFF2A9C8D13E8EF45A288CEDAB6BD701D5CB4B7226,827,1170,RGB
3626,page-3626.png,398266,CE48C0C98C38E1D3FDB5DBFFD3AB13EDBD2D524A1D233661D8C238C4438B9B30,827,1170,RGB
3627,page-3627.png,233357,C71546762F95C2FE2A99BBFC9581BA1554B9E7A15827E977862B4B46748A258B,827,1170,RGB
3628,page-3628.png,263385,2F0A51F12F98D20A30BE91BDEA900EA488F3DC62D1677CD0DF7709DDFB4252BB,827,1170,RGB
3629,page-3629.png,288410,7C5544630BD536DDF4D58A1A28826293265C351ED6EB91BD007CC725E9AF7040,827,1170,RGB
3630,page-3630.png,261227,6BD435FDE85794DC74D237667B0159ECA22400FD8F192022B57B3AD51429DEEA,827,1170,RGB
3631,page-3631.png,285597,25B4134CF54D7110841886D0E146917F2F5F95924D6B7F219AFE125134CB4965,827,1170,RGB
3632,page-3632.png,228840,E4AA7BD6B875201DE77770034D4B2F8EDAB09E4CD7997B7581A63BA4123AA2C2,827,1170,RGB
3633,page-3633.png,249604,4A9C6DD60BF5E9DEAC625DF7D694007C0E986697FA195D1C7F25D9B3077AF64D,827,1170,RGB
3634,page-3634.png,284928,5F2086A648B5E2640CACCDA5C30254206168BF9369E96D91EB3D3214B6EBF6EF,827,1170,RGB
3635,page-3635.png,272371,3312306E78A044BDD33F631CF80852C9A0E3D4C1885059884CAC09E266732505,827,1170,RGB
3636,page-3636.png,202950,254F617C27D45DD2CC17AE69F5AC894B2B3DBDD7DAA62AA0E6AA3E1D00381DD3,827,1170,RGB
3637,page-3637.png,353315,EFA36C024CE0043ACCEDC15E5D9FC02ABCE24F614B7E65E9A445936548A4E541,827,1170,RGB
3638,page-3638.png,273945,97872A2A0D5E4B04C53C873307D811BA8917A5D7FCB632B8A7523649D3078AAB,827,1170,RGB
3639,page-3639.png,289359,13EB9393371AB21DD147A6230FD82F343A1000A53515E35FD2B80DC9415F3F42,827,1170,RGB
3640,page-3640.png,342242,E729EE35A3BC317E81BF3BA9AF8115F1D3B96EF595FDE31D4764007F62039556,827,1170,RGB
3641,page-3641.png,240155,6540C155779D7DF1856A59170132D0FDC0FF447DD8ECC806E9E4ACDF6C57A8C2,827,1170,RGB
3642,page-3642.png,213559,D4CB47B913E00B8D0F19BACB1009B6B063B7928B5F9B8E923D3DF55D430953DB,827,1170,RGB
3643,page-3643.png,309294,D174E5207FB0F968DC28BFCD54BD83365D20EA1CBFA0E8C3FC3453F3139831FB,827,1170,RGB
3644,page-3644.png,261971,9DE24CE95FE8DC73D9FFE0F449B8308DF7A16AC09C9252C82E2CB88A5F184091,827,1170,RGB
3645,page-3645.png,226545,CC18B85876E3414CBE86ECF6E73D595CDBCCBB46DD1CCFECB493E97E6B9E4F59,827,1170,RGB
3646,page-3646.png,299402,FABED8B55DC9FA7BB40B7979EAE607B6175890CDFC5368B51FCBE3B2CB3B9C7F,827,1170,RGB
3647,page-3647.png,255676,E0192322E8B51C92F18F3CD044F48612873FB58E5C24769075770AD9EDD7EC44,827,1170,RGB
3648,page-3648.png,299677,39C8FB804A81F1C4B25368817388891775BD6C3628304339B94359152C8C79A7,827,1170,RGB
3649,page-3649.png,280081,EBD4FC09970438408F1F6063DBE31BF2C87170B6FA832877ABB6A5C14967C867,827,1170,RGB
3650,page-3650.png,276133,92A2404D7B091929FA2CDC77F893D3A713A4A521B7BD6807B02279D1DF05B823,827,1170,RGB
3651,page-3651.png,316015,21948AC558A34184B053AA025B1BB7944D1A17E0A2530A5CEE76D09505545F60,827,1170,RGB
3652,page-3652.png,296800,5652CC9622BE48E0F188F237772E411CC4560C6AC178DBAFBAACF061F1C44D31,827,1170,RGB
3653,page-3653.png,316215,E217116EA16C81AC7D292D62B88E12BE5D6B308CFCF09F77A619D8EF042FFCAC,827,1170,RGB
3654,page-3654.png,322539,3ADFE7B223E9ED7C6742E06B325400F0D234299C831DEAD629B064090CB823F0,827,1170,RGB
3655,page-3655.png,250920,FFB2BA52E7F453884ED749B295B3272A8FB774B0615493034010F3BA016D0332,827,1170,RGB
3656,page-3656.png,290810,E7CDB264B348AA4CA33D1FC8532B753C5C67E86330C11449B74638530C948F6C,827,1170,RGB
3657,page-3657.png,293979,27D1946389ABE2EA9BC5858F71568B8C62B391CADCF15AC4F6A4D49400B6B817,827,1170,RGB
3658,page-3658.png,260048,FFF59B270FAED35AFC022CD0FF7FC7D320ECEB67F47383F03BF88754669409FC,827,1170,RGB
3659,page-3659.png,235946,236A9DB240557BC88DDB84C4684055050D378741FAECA211B8BCE7BD6962C627,827,1170,RGB
3660,page-3660.png,272312,3D5293BEEB1772B04B1ED667DA1F98DA5061201270F42300E2EDEF8DDB23668F,827,1170,RGB
3661,page-3661.png,305700,E298610BEA6D821DC30979A8654E4B79D9F37FAC36F9F62CB043B587BE5ECFFA,827,1170,RGB
3662,page-3662.png,261143,69EB5FB850F07EAC0995221A97A457DB110D78A6A1AC117A13A2372B4FD52CE2,827,1170,RGB
3663,page-3663.png,320798,0582F36AD258DEBAC8ACD2FFA7BD7F378DF0F4948655896D6E795A2EC4198EB7,827,1170,RGB
3664,page-3664.png,298028,3A762375B1B4C420F9E9B9315F73E4742B9984F0D5F519CAD376411D22D943E0,827,1170,RGB
3665,page-3665.png,305493,A8CD7F32CA1D00406955814BEAAC4E00F3709949A5E7299109C5D70FFA912882,827,1170,RGB
3666,page-3666.png,289027,E64D3D67A1D7BAE5E7DC2D12AB6CE19370317C3939B015B018201DDC460ACCA8,827,1170,RGB
3667,page-3667.png,274000,5CB0B2AC7697D40F420F6882D78DA94F6951F9125E5F964614CD87F6E370CFE6,827,1170,RGB
3668,page-3668.png,279675,34ED73FFF0FDD345392ED6FDC61EDBCB47D32D3B4FFA8935CCDC874962639027,827,1170,RGB
3669,page-3669.png,280855,9C9F5FD43A6F698238273ACF1C4573E236D22481FF89525BFC958BADFDC3D77E,827,1170,RGB
3670,page-3670.png,257628,076FAE26775B045360B3F64AA277E5B001A04F7ACF9E449FA85852F12DF17650,827,1170,RGB
3671,page-3671.png,248381,2C329314EE3341B3A5117CBAC34530B8D7E78359BB188A4C10777C72B2212928,827,1170,RGB
3672,page-3672.png,254492,67C73DD9C3746C29B2EF2461AD034C2D1DA2500CE4F6F26B6E9E24CC6106B4A9,827,1170,RGB
3673,page-3673.png,317997,9E051585AC995C5AD95B99CD1F52B064F404336CB1B235C516EC4929747CD5F2,827,1170,RGB
3674,page-3674.png,302561,570322A8DB285EAA8E0D814FAB462EE9DB86F9CE2D4F06601595608A9F2E363E,827,1170,RGB
3675,page-3675.png,285795,DF057D1304465488FA3110C1749A4751E898D9313E6FC19D1081F77931DDCC25,827,1170,RGB
3676,page-3676.png,327763,B53D547CDE3B673B7A8239BF20721FC5C7639F79F6B12B75E93E87FC501B2EE7,827,1170,RGB
3677,page-3677.png,53637,D4E80CB8F7CB7A2EEBB8BB7397366DD85F160AAD19912B90F377E4A539B8E632,827,1170,RGB
3678,page-3678.png,219938,368AC694DEB7107E856C1ED8DA8E74E33627EB89A8E95E69FF263636E5175920,827,1170,RGB
3679,page-3679.png,309578,7A9F2891A44F8A14D00A6CF03DA5F3F462099996D991E27721D891D38A8C57D7,827,1170,RGB
3680,page-3680.png,245740,23FEDF891B62E99106C25ED35E0C1EA89E788B335234B24B236441795905EC6F,827,1170,RGB
3681,page-3681.png,280394,626CF240552F51CBAE093BBCC6E4A8D1961B5DCBE62CC84900D3BA2347E0F577,827,1170,RGB
3682,page-3682.png,320960,3993D2BDFA9BDF9A83B3EA067539FFE5222D5D804AF53D787967272BF50CB83A,827,1170,RGB
3683,page-3683.png,289447,42A270BE144C8E5A093A642BFD71BF8292CCE6C74D521A2105C755FDF472E8DA,827,1170,RGB
3684,page-3684.png,265357,5AF982910A337F81C5F5531697E5583D600D2CF84729D5F08989D523893081C9,827,1170,RGB
3685,page-3685.png,302877,7F95078BE707B8122D4F01951E650854E4A223071055BBBC85C9AEF142B928CA,827,1170,RGB
3686,page-3686.png,304515,9B31D756C512559590980CAF1BCA9ED3D1E03827EDA1697F1CD0B15B6583F8CB,827,1170,RGB
3687,page-3687.png,291468,397855C9557FB30C332645307CDA4606155FBEF0766C5D7EA4D92B3D854F98FD,827,1170,RGB
3688,page-3688.png,241054,1C50DA504B5A57C8487E72B28A94ABD225D3421940D15159275F9B3F2A741148,827,1170,RGB
3689,page-3689.png,264143,BA5B1D5D7F3AF514BDA025E473750E8F06B0B342765E1DA0B072B0B8629B55F5,827,1170,RGB
3690,page-3690.png,309551,BD1429C13EA499285DAC4D84DC6174661A6A5EFA32123F52ED5D15A279452016,827,1170,RGB
3691,page-3691.png,322174,92EDE56DDE96957E25E5ABD96C8AC99CCBFA92E6BC8E5FFCFA2FC3A7CDA6B507,827,1170,RGB
3692,page-3692.png,350677,E88813BD69966503E68B85D55177591F6AD3DEB6CCBB6CD7C8CF2D82D2C671D4,827,1170,RGB
3693,page-3693.png,363984,09E5997448CBF80E274CDA9ADA69DDAA4324C4BAB46D2E977C26FCA1399C987A,827,1170,RGB
3694,page-3694.png,355183,48A69F4A335CBAC338B096B42CC8FE967542A858665D2044D1B30151A323B16F,827,1170,RGB
3695,page-3695.png,323297,9483BB6C36BEE1DE18C2A340A6E4CEBEA27051E0FAAF0643B987F86B6F237B20,827,1170,RGB
3696,page-3696.png,325304,B59DCCCC3DBF64D60963091872CB25E4C0F7BDEA9E49E76C5496ECA1746AA4E0,827,1170,RGB
3697,page-3697.png,303719,28E461260AAE52C2055C0D7981B324CF5EB0A408924BFE1DF3076C728BC747A4,827,1170,RGB
3698,page-3698.png,305186,2EC7DA669966AE186261160D627B848CA6E108F631FD03661A3CC9563DF93F23,827,1170,RGB
3699,page-3699.png,337859,EC131ED10280697CBFCD2636F36C7186F896EE392BF9695BDEED1C0C68291EE7,827,1170,RGB
3700,page-3700.png,306100,A6D31BBC9168B1B492A9B73440886A6AEB507229855064EB0D1DF906EBA54FC6,827,1170,RGB
3701,page-3701.png,276727,D4B3E281FCC75B96BA35E8D82F14C3AAF684139824D00C8C489AE1DE8A7BCCE8,827,1170,RGB
3702,page-3702.png,358206,EDE38694A16EDAB82A34D1F82D3EAB68A02A13E82F3A7F23ABD2B63BA2D03E8F,827,1170,RGB
3703,page-3703.png,338990,D6DDBE91D7BB7D8E89F97FC999271AC3030012AA5AE647A88F6090C141046FDF,827,1170,RGB
3704,page-3704.png,247635,D77F551536DCCEC256921FFF9F49771F00EAD3DB4FC76EF4857296A12AD6797B,827,1170,RGB
3705,page-3705.png,275921,D8B0A21B8B5ED8025288FC21FBCFFF3DC3A4216A75253B2457F7FC08983C2D08,827,1170,RGB
3706,page-3706.png,298634,0770B2E9A52D93366D8BA73DB4D09FD3C7B5E157712DAD2E64DB5B7667D523F4,827,1170,RGB
3707,page-3707.png,292135,DAB0AE245C6AF7C1F3706FEE66497BFA5768D4DE2745C63B389C3066CFC50569,827,1170,RGB
3708,page-3708.png,183259,561D7812B78AF10D3A6D767BA9EA4AA40DFABF393EF6763F50A8DA55D7506CD1,827,1170,RGB
3709,page-3709.png,300675,1094B7D327D8E27D12AFD625A43BECEF0ECE16EC5AC2665DBCCCF8C6585B5986,827,1170,RGB
3710,page-3710.png,200607,8E5DFD9676571295C6C04EC10D9BF5E4C2B10CA89E46E289A9357CF7E91A26CE,827,1170,RGB
3711,page-3711.png,278862,5FAFE5F25559C6C6F1AA74811F947F8F68F2C7545ABE3D18367E3922DA100A92,827,1170,RGB
3712,page-3712.png,281437,BFB7BA80BBEE3A1766976A9745FE80F0A8D9B010DE732D5673B012CA8C683C3B,827,1170,RGB
3713,page-3713.png,256307,4CD5D855C9ADEBF50C5A9797A2C16F81BF3F301E9955AC446A0DC2396F45DAF0,827,1170,RGB
3714,page-3714.png,279882,AE429CCD30B770D2726F755F1C993321BCE35F6915134058B1F4AFAD626F5121,827,1170,RGB
3715,page-3715.png,344931,68A79F4F4D9A14AF8FF9ABC86155F205B2EB3EEF11ED4FE6E8524552E822D177,827,1170,RGB
3716,page-3716.png,285158,1036A7EE94F1927E5F48EFF920E76EC8F462031F193A3F720262EB302984F14C,827,1170,RGB
3717,page-3717.png,325642,FCDA8C150B0BCB7A356B1EC6A03FFE708F4EAFC3801F894545D9419D21C0BBA7,827,1170,RGB
3718,page-3718.png,302816,F18237CCC56973CE186337CEECA0BDD5C15286F887430459C1FC54A2E39AB02A,827,1170,RGB
3719,page-3719.png,360732,01A96C06BA9793C74881EA1FF4E664CBEB8DD35FD5611FCD1742A9AEDE74C611,827,1170,RGB
3720,page-3720.png,354375,E13BDF75DD1DF4136B8FEF593049F0EA60D999079215CD0BC602A3F0ABB5A4D3,827,1170,RGB
3721,page-3721.png,231828,673E9C41A5FBBF86784F972E275A868416741F5933EFA86F41D9DA2BDA807FBC,827,1170,RGB
3722,page-3722.png,242742,F2751E3BCF5BB02876B8DE6F742C65DAA06C8A845993365D2831672E113D5AD4,827,1170,RGB
3723,page-3723.png,288941,5F8D1A4EE5E92BF322829322C2667862F45D0676D6BCB0B395C9BC85DDA1A3E5,827,1170,RGB
3724,page-3724.png,250584,68844B0EB4CC19BDC43CDDE48606FD2264076C495790687D8121FA2433E0DB64,827,1170,RGB
3725,page-3725.png,388666,2A433414666F0B6D49B6EE6ED1F679A4F4417DB1BBDE7A5A4403F732AEB51DF1,827,1170,RGB
3726,page-3726.png,308353,81A0AA3990A4FBF3FDA9E541D753613EAF8C38B70A4CC255AA4C5C70B0FF7D4C,827,1170,RGB
3727,page-3727.png,371031,4156CF1A1980F290B610EA1BF1F8D51B3A0ACD6F584EBDB171C18103BDCD19AA,827,1170,RGB
3728,page-3728.png,360915,B7B51BD342DAE3C6ABF0D2B0A2CBF79D112637D981791B56AA8DC8807ABEDC27,827,1170,RGB
3729,page-3729.png,374619,C8FB350D536D69961C01DA360BDCFD527EA27841A60497E07C0E17FC7289A4EB,827,1170,RGB
3730,page-3730.png,294631,97B8BD6539C0C94716609E1A7F14BBBDACCD8E0249513B1A14CF6EEF2DE80AA8,827,1170,RGB
3731,page-3731.png,261498,0B8CEACC17E99A7DB9DB4DFE13D5DFE52FE755784DD3C4EAB292CC19DBF986C4,827,1170,RGB
3732,page-3732.png,338163,06288411FFFD510C38D216522266A01E113A8FE2805D7025D6F1146665470A64,827,1170,RGB
3733,page-3733.png,363926,C545109E7B37D953A15110C47ACDCB9DE20CF6F6832EE04B2C9F4685F8FCE96D,827,1170,RGB
3734,page-3734.png,323168,9CB3AF6B959385AF597098E362E69B42F5C345FC912848369FCC30342E752DF0,827,1170,RGB
3735,page-3735.png,374440,7DD80E228B19D4553BF57DF4FF63CD7C4B08B6190083F22B5360DD2596E211BD,827,1170,RGB
3736,page-3736.png,408873,CF13DA7C6D8D2569C9FCFF0F92315C33FF64895545ED987247E86117DBC682AD,827,1170,RGB
3737,page-3737.png,232828,86200F170C64187DEF87EFBF9B3B4C8B7B4C1D3B2CF4280901A852CA1A88B5D0,827,1170,RGB
3738,page-3738.png,251073,42BCC82ACC2AD55CA00C8B24F64197554F5C1E90BC2143F2FEF393299F8AC361,827,1170,RGB
3739,page-3739.png,56284,80B3EE9C230392862D38F2091AF66A7822EDF5E0B2BE06E706ACF8F284C17785,827,1170,RGB
3740,page-3740.png,245916,579ED79F9F5D5C25EF72CC9AAE38A6F7934D702AE3928E64D163CEA626A535B4,827,1170,RGB
3741,page-3741.png,315625,C866A6F6AAAB07126E995E297D8F9B830F80E74FB786A0CCA0706E2B607405F3,827,1170,RGB
3742,page-3742.png,264856,7911B249FF4897E808D538961C297D0A59D1D2F16B52840B7EBF436B2FB9B41B,827,1170,RGB
3743,page-3743.png,313926,AAD349AE1BAFD3C67F60806235C4B2E0491DC906D3D5DF72D8A40CA75A83E48C,827,1170,RGB
3744,page-3744.png,286084,B75A0090F08A195E94C88CFC951DE440D044AE8ACEE57F86520A9EE4F1A167F0,827,1170,RGB
3745,page-3745.png,204196,D210FD310396CBE8B5AB37C68EDF9330C6196DD7526A018AC9C5BF0D36279571,827,1170,RGB
3746,page-3746.png,163716,53BB670E6D38CAA27515CFD8F55AED050B57B920344836D80FD18A5B33FED33E,827,1170,RGB
3747,page-3747.png,332740,E1A3B73325627F9CC2FF5F64918A3AB26A8C907F67F10B2BE6868627760B1866,827,1170,RGB
3748,page-3748.png,237808,866B103ADE2A5FA7BE2D16306BBC3BA50E4C80A4EF0990784E6A7AE5029479A2,827,1170,RGB
3749,page-3749.png,225847,8AF15B32C978C355426DBCA89A8AEFCCA42E2FD16B417B28E61495545F9D7A40,827,1170,RGB
3750,page-3750.png,217741,49C0AE19B1A4212B1A1BF8B04D441CA936705BC4A2746A4EF1368FF02DD0A417,827,1170,RGB
3751,page-3751.png,306563,2DB34469A48818ED08524BFFEFAFC7AD57684579B0F539D110D362BAF8D3CAD4,827,1170,RGB
3752,page-3752.png,248705,0FEAB67739C4EE8A886B7E250BA04F7878BF503B2D83162C875F8FB7E22E351D,827,1170,RGB
3753,page-3753.png,187915,AC27441FFED93A661BA94927208FF9711F236200F6E76DBCD10C194E0E5ADE48,827,1170,RGB
3754,page-3754.png,280254,F11FA18F089DCF699CAC2E821B94EBA7978694D2CAA47E285FD726674A15814D,827,1170,RGB
3755,page-3755.png,391708,F5EAA474986A2588F00B87CCD407D3CDAB2A883C511B6DF5206F5C27B8054F88,827,1170,RGB
3756,page-3756.png,325952,08CAA323A91699E73190D8B210EA9AF886D80F9E8BA67A61ADFA5E1238F1140E,827,1170,RGB
3757,page-3757.png,342005,76B3363AF038E24A44C7E562450F0AEA027F53DBEB148A62E2EA17FAE6CD1157,827,1170,RGB
3758,page-3758.png,310671,DA37593A76CAE008D0AE254E89BC12D0FD540448C5D46B0EA7C6B2841AE672E4,827,1170,RGB
3759,page-3759.png,260833,A3F787DE9450D73EAF00F90B0FF1E245083DAD0AAE6C17CEB30F07DC769A1AC1,827,1170,RGB
3760,page-3760.png,292727,161FDA892015D7356832E86C987CB1CE20D078C9462563FBC19A1933C8FB7266,827,1170,RGB
3761,page-3761.png,328598,ECF2EF2FF2BA9AB84CCD581760B9A00127FB791E924EC8871C22FF27B47FA62C,827,1170,RGB
3762,page-3762.png,236731,726EF7A28D6B8A7D2C1E4E57204DE19450C04AF1C6ACE863D0F97D01BF64D474,827,1170,RGB
3763,page-3763.png,233348,2CD5E9F0C68BB94B5ACA936ECCCB9E76119EEA919A8A5B76C5E04B5CE4180F26,827,1170,RGB
3764,page-3764.png,335935,5BE9139AC1D8C092807C838EDDE618055F8E58492EA9CD2B3816FF605784A597,827,1170,RGB
3765,page-3765.png,298689,9A38DED8EF159DFC8247BB662D247734EAAB351D0B0FE660DD90B870CD8F92C7,827,1170,RGB
3766,page-3766.png,334118,92592DF847E3F934BB5B335636AC5942B309926F819B115ADE3F946D942F6695,827,1170,RGB
3767,page-3767.png,350832,594FF0A51F9D925A1918339582D16B33EDD5B5711D66C15CAE71FFA300171F89,827,1170,RGB
3768,page-3768.png,284406,12235617FCE10D613ED7693117312CA3FDF93A0647B1B102CFA95522B12BE285,827,1170,RGB
3769,page-3769.png,280373,00C23C3C7EB086712D313BCB7786C81CD9B3FC3DC4978991F9F70FBD544CE132,827,1170,RGB
3770,page-3770.png,285613,FD5DA0FAC48300BACB8E15D61937A7952A64F44CCF116C3DD6E40BA478ABD623,827,1170,RGB
3771,page-3771.png,311254,9F1E7169EE6C3D1B2D6850D9DDD6DED6E57452EDB45332A48337CCF5B96EEF0A,827,1170,RGB
3772,page-3772.png,302478,1FE80791C00BA2C4E2DD43B3B824926845E93F4A642050937C79C95667DBE905,827,1170,RGB
3773,page-3773.png,275783,B616EE1EC74E7ACD7E36CC6DD3885F08A8D024815496CFE326220A9CD59841D9,827,1170,RGB
3774,page-3774.png,241779,D6CEBE57EFA1F2E6B9417EE188EDA1081BB7E770AB9DABBBCF7C77AD310B0BFC,827,1170,RGB
3775,page-3775.png,233377,9B4918BE4CCE751453C532E5BC08952F480A932B1FB90C73CC5C78762E63CD30,827,1170,RGB
3776,page-3776.png,230235,6FDA3A064BF5BAFBF38C64DDBDEE616B371E93788B52F0A60146F02FF369A2D8,827,1170,RGB
3777,page-3777.png,302068,59B58A896F622A87D308E6D188B5F91636543603A9451C9E39852D3D50729151,827,1170,RGB
3778,page-3778.png,285547,E1868F5F899B1186808B9A583C36BCA4601469FCF43D39CF5D276057B1465415,827,1170,RGB
3779,page-3779.png,345035,0C13CB1C5F7F33D8E8E6CDFD680D72B300A5C022B4A660859E3262B90AD75CB7,827,1170,RGB
3780,page-3780.png,234949,F7A0AFA7E00380BC1DC3E0FEA8DB8A48CEC0AC65816D1760C9F1F07B703D95D3,827,1170,RGB
3781,page-3781.png,252274,09F53F7C23236AA1ACDD9F724FBFC39C3AC02868ADBEF6CAEC2158187CD7BB08,827,1170,RGB
3782,page-3782.png,189735,5853879D67A6AA828FED3669DD1660C002194F41A224D0C745FF4994D6A69888,827,1170,RGB
3783,page-3783.png,278378,230859E7D7703D415C751462E2F9291E5A7292A2EE5908498C50CF8C54EA2A86,827,1170,RGB
3784,page-3784.png,288757,73F4E048BC7D1461DC8CAB6AA86B6275920B198B4FEA0AFA99A244A154A7DB85,827,1170,RGB
3785,page-3785.png,241432,A50BE250783482FD4BF8D853CE268CCE1CE11D515B2BDACA1CF2E8684D45A23C,827,1170,RGB
3786,page-3786.png,284643,2E7A2282203E532C91911FDA80C0BB713FAAF7FDFFDD2EA22007BCEAB4774BB8,827,1170,RGB
3787,page-3787.png,320814,B4EC79A823EE638839FC9F3FA9FDA4EF6AC42D8EDFAC16A238005B6B6AD7405C,827,1170,RGB
3788,page-3788.png,291885,29654DA593A0583817B79B8FD41D5EAC4E81B9EDF8CC8F2278BAFBF40C19F0F2,827,1170,RGB
3789,page-3789.png,324145,979D2C79E9FDF6A74478AE0B02F18160550AC6A0490FFF3F761F5274A7E780FB,827,1170,RGB
3790,page-3790.png,288453,DBD11EFA9584F70C85783D8DE20C32EDE21A23657E0CD055177A47036C435581,827,1170,RGB
3791,page-3791.png,269678,492639412AA18728DB0C5EBDED6F3DED2534C904C0734906764805AC74DE6714,827,1170,RGB
3792,page-3792.png,306688,B6DD44EFE6C15CE1763169D8A6855AA393370FB65E5D287523E3EEC4C7136BBA,827,1170,RGB
3793,page-3793.png,312319,03BD13FA8D4163E3523052BEE20BF80019FAC5100606C7D0856CBDB2DA60392F,827,1170,RGB
3794,page-3794.png,250664,B915ABB9235129096BF9908CDB937BFFE6BBDA18DF36D19DEA0D354C5F8A6744,827,1170,RGB
3795,page-3795.png,288566,589B7AFFF5CD99F34271D8C434C77B55B7150A925D8E0B61F02D021D77FC63B9,827,1170,RGB
3796,page-3796.png,334476,44B23CADABAC5FB7D2A6E7552A5F3D155D07924DE32A49CB3B249EC78AB7A288,827,1170,RGB
3797,page-3797.png,287028,60A8C1CA267724A5893E4D8F99A59638FA448F89CC566C6CBFED33FBAA2763B5,827,1170,RGB
3798,page-3798.png,322383,C866916533AE99F09AF3B599B6C64AADB0E1D5468CEE34A74E8AC69A8567BA10,827,1170,RGB
3799,page-3799.png,273549,66ED20D478C6A70656EA007B255F48AD6FD2B049F196A9BF795D5BADE2B9AF34,827,1170,RGB
3800,page-3800.png,229236,2A04015307F50A0C9FB188BB973519177F793A54F6C27944734F9E5E05672939,827,1170,RGB
3801,page-3801.png,263369,97028995B00A82F40CF08BBBB5C3E6A12344CB3B42553F0BE88D8F3132963D86,827,1170,RGB
3802,page-3802.png,258508,454CD65A050E39C30623D99E76C5317490B0FEC33B47AC7C8EF19DF0A3371144,827,1170,RGB
3803,page-3803.png,217729,A96A9BB2DCE82E6117CFD60DAF12889D3DD30044BDB86A27C862C2FB82650F1C,827,1170,RGB
3804,page-3804.png,260385,EA9B347766C45FDE37C106BB1B7E3E17961E60571395657F2DEA8976AC25473F,827,1170,RGB
3805,page-3805.png,244775,6F66D829193D467C1F88BE813B3D000E975F2883EDCD6739926AEC487FD5B0E9,827,1170,RGB
3806,page-3806.png,316147,71779828A5CC06925586DB0252B813B68C96A2391DE3790FD1FE81489EF8B5CA,827,1170,RGB
3807,page-3807.png,264693,2635AE16AC52DC9E9AA8754F31A30192C350301765E85EFBB0713151A98496FC,827,1170,RGB
3808,page-3808.png,344259,DA710432AF0265E7EE8718322DDBB8730D670452038523C94EF5B7BDB5950615,827,1170,RGB
3809,page-3809.png,269659,22717461E612204202EF70791A2448714292122582423342108E0E1E7BFD723F,827,1170,RGB
3810,page-3810.png,278736,D9E135A02D22873C7BE443ACDCDD5F9F6D9B9F1DA2EB63ACBF8D19261E230DC5,827,1170,RGB
3811,page-3811.png,295487,9DD55AB54DB4DC6028F2E1D4697DDC64E2ED9443DA13EC9E1586F56CC8F3254D,827,1170,RGB
3812,page-3812.png,296547,0A83D8F0978D233FE80AB060374387068D1B1C6C663A9BEAC53321273EDAD051,827,1170,RGB
3813,page-3813.png,283354,662358E7A45DDB84FA3EEDE3CE16B10777981EF3C12CF4554B2627001B82B6BD,827,1170,RGB
3814,page-3814.png,277929,7E8F71563D31D3B96E535BEF12D1C9602DD3179A59C4E0266EEE4589B5575D54,827,1170,RGB
3815,page-3815.png,297791,4AB70C85DF5B68A1994A2B327596BDB206B0D3D17068168A169022E383962BB2,827,1170,RGB
3816,page-3816.png,348942,5B2359D3B13894DE0210F394B785468A1724ED9E4FED8F29A08E9851C798F755,827,1170,RGB
3817,page-3817.png,302874,7ED650C5DB4460CEF63F368C37DA0B0E31B62EDA7A2203D2A5BEC6384AE1C5D7,827,1170,RGB
3818,page-3818.png,313873,2EC9930ED805AAFA02945AABBBE372968606F5EDEA56C8422EF102C97C987416,827,1170,RGB
3819,page-3819.png,340515,9069724235682B86F83263960879C022062C8B3822592E182D472FDAF2EB3A57,827,1170,RGB
3820,page-3820.png,364692,B4D0EF315872E6BBA188FE0FA2C7B91F6237742542563375F1CEFFCFB7EF2BF4,827,1170,RGB
3821,page-3821.png,334498,D2480CBB62AD534A8B95D391302B8362C4C8E276722138066D6865CBC7EB6B7D,827,1170,RGB
3822,page-3822.png,282806,9DB002B16E039B9E276676E17ABF9D9550A1861824B1DD1AB4C92A15A8B4B42C,827,1170,RGB
3823,page-3823.png,277651,A65DFDA82FB70B061F058F8BA53FCE1A0240EA266A8CDC8556059657E103697B,827,1170,RGB
3824,page-3824.png,238053,675F069C2A054B51B704D897AA4E0BE54B955EA2F07F782FAA5CFD657C35F1B7,827,1170,RGB
3825,page-3825.png,267426,A6FB57048B408EDD7CBB4B4CFECE7C07FF651F7908A675A7EE893EB52973FAA2,827,1170,RGB
3826,page-3826.png,282432,3AFE8C5B5B76E6779DC6F6033AA680EF2EF4327A41E6989101BF6918D9B1FA7A,827,1170,RGB
3827,page-3827.png,248643,E4068EAD461327DAFFA531BC6966A1EA987E29990FFC92DDE3D9C5357C1A609F,827,1170,RGB
3828,page-3828.png,280577,46EB1B7B4841ACDB5B3B61A96A314FA49FCF26BE0957A4E2F2ADD9933791E841,827,1170,RGB
3829,page-3829.png,390130,168359D7DD17494B36086982F4F1DE0850C82AA9F63BD366AFC9CDFCC82F2604,827,1170,RGB
3830,page-3830.png,381836,1E7B6A2E4081B17A97F05E7587069278EC667B0CB0896A16C46A695422209182,827,1170,RGB
3831,page-3831.png,361069,8A89E8C8B4A2CB117672C743E2653A56BB701F5D4F87ABEA917F9168A5CC2AED,827,1170,RGB
3832,page-3832.png,361332,004EE800C3465B442A42EE7C6F992C0AAD155CD93CF1401FF08ABF95A827D0A4,827,1170,RGB
3833,page-3833.png,340688,79B631CF49BDBA30BA41BE17B3A9C4588B3392F6453D12FB93F3734260BFA1B0,827,1170,RGB
3834,page-3834.png,302626,A354BCA0AB72FD5B0FCC6A60B7677929AC82811ACCE4FE6CDA494A76A9408F63,827,1170,RGB
3835,page-3835.png,376638,8FEA79A481E036956B233AA06BDA38D7A120F710DD53BEA3964FF6E6778CE528,827,1170,RGB
3836,page-3836.png,381035,4306188DA8E6858BC9175A28ECC010E24921D8C6D71712E7F434125048CB41EE,827,1170,RGB
3837,page-3837.png,359131,1F6A47E526D06DE3B38781E887A2A2C0998FEB624A329512ACD11DE8FB2B6444,827,1170,RGB
3838,page-3838.png,278867,EAD28503B420C28BB5B69B582AA834396ECC9DD8E90D9696F7622B42668CE927,827,1170,RGB
3839,page-3839.png,301906,85BDB134529AF3B178C17CD92DC32A4F92B949FB54DA42C20FBCE1112CCD40F2,827,1170,RGB
3840,page-3840.png,252509,B3372F91A581539B0A6630B83A006D37D35F2C38A4C1405972603928EF74A657,827,1170,RGB
3841,page-3841.png,305762,4CEA7C15B11F29922BBD389D89655A795C86FE69B2B2B982D0E0ECAC5EFA1439,827,1170,RGB
3842,page-3842.png,234226,605996037551DC98897D943298723C5D7C9644FDB4990DF40B8D3251BF813F37,827,1170,RGB
3843,page-3843.png,309434,38D4CCAB8D8407ACA975C7BF3C990E53118B7D4210FB80C8AF2C87BCDA478D78,827,1170,RGB
3844,page-3844.png,319596,754D4181B579DEB70EB5B43029D45CE81E7296493CFDC533F76447F49C35AA01,827,1170,RGB
3845,page-3845.png,335750,B7350A2A7CC2D7298708953D13C6FD4144D25B68EE34C526BBCA3D57A1D82DCE,827,1170,RGB
3846,page-3846.png,231304,196B9566AC30B0A29C64AFDF59F5684A58F4005BB21F20394FAA32E9C0CE56FE,827,1170,RGB
3847,page-3847.png,344927,BE43D25DC4DFC9174580E2ACE461204A471269C48F9D2BC3998C3A4ADAA04682,827,1170,RGB
3848,page-3848.png,324832,C23971118E7407DFBB17FCCE64586F3BC76E970C306FF5651A303D94A5E7BF85,827,1170,RGB
3849,page-3849.png,328306,723B20A3F2170B16D58C5DDF258DF20961EA9A85540A045583DEFE13CD81CC8D,827,1170,RGB
3850,page-3850.png,242168,49989D2808CA4BB44DF8B959E08DA36C9815EA7581A950C740879D9ED45BC601,827,1170,RGB
3851,page-3851.png,226698,6E90B9913E9FAB4769318F14C771EC6296CBA73755FF4F80AAEE4D8A2A38BD27,827,1170,RGB
3852,page-3852.png,283612,2AA10F4BB048A2F8B0C5F3E77447530805F616C776AFEB1A3EE3F05CC1C26B70,827,1170,RGB
3853,page-3853.png,316819,A65E460AAB4CF31CBD7FEA218529DCDF31CF36B90B47C5C776F8BAFC0099E44B,827,1170,RGB
3854,page-3854.png,346008,957C80B5F695568372D9CA5CED61021A12AF2C6B88500498BF8B234ABE277C91,827,1170,RGB
3855,page-3855.png,317529,B1FB420869CD3E55168411DC498DDD7DA0D4E1BD5F682C219E399381CC852765,827,1170,RGB
3856,page-3856.png,310432,7951AA22F81D970D745B23E9C67B46471ED7008B590A631F419B38070F097ED1,827,1170,RGB
3857,page-3857.png,324560,DE3ACA4978124699A1AC76524FA55D0215E769BE43344FD92ECCE314B8162F9C,827,1170,RGB
3858,page-3858.png,289678,075BCC6779A5785FCC5CACE2A1FC18CDDDA2C2456C39C21503A05DEF5744FE80,827,1170,RGB
3859,page-3859.png,283812,D66CC01C5D1EE451CF4E6F7F42C5E1ABD12A79B4F05C6248B44E1947AFDC5057,827,1170,RGB
3860,page-3860.png,286877,12D64F1FEA747DDA70927515C1C9E438066CCBBAF02CFF085D42A3A8F3677AE5,827,1170,RGB
3861,page-3861.png,290293,9B80A9ADD9D9EF829E9F1333722D1B3A23A61B169DF4882DC8C902A23E4E8CAE,827,1170,RGB
3862,page-3862.png,368435,9002E7A592FFDF8F22611755A6CA261C912CC2A66353EF170639D8BE939AD8DE,827,1170,RGB
3863,page-3863.png,158985,F5E5FA6514F169C7879EB21317E9D46DF27A33DEAD3DA2A6D8DF17945AF75D5C,827,1170,RGB
3864,page-3864.png,178796,80A953FADCC1688FCC57B00F154F98BC287FF233BF57AD51CCC063F143E2AFFC,827,1170,RGB
3865,page-3865.png,250849,A76E593D1FD9C5D43AC41E772916C90C091C49B2F94D67953E38CA76EB693B1C,827,1170,RGB
3866,page-3866.png,221902,70837AC63F0ADF288D0264A8FD132DC382B49276B216C8ECA2311736BCFBE4B9,827,1170,RGB
3867,page-3867.png,208074,8C4DC635BCCA405C9477B010E6183CFE174FF3C96106A3FF231D8220EF3EE08E,827,1170,RGB
3868,page-3868.png,203723,7F2BBF7B8544A74027D0AFC63B6EFE1F9A3DFEF3A062B7BD0D65F801CF29366F,827,1170,RGB
3869,page-3869.png,212084,422A33F48F468B3D5EB9A50E169AD4CDFC9117BEF23123105CA294585E1AA497,827,1170,RGB
3870,page-3870.png,264807,A19169873CD73FC3108C10453559609E36E2F93C472C5A4BD8FFC63FBB26B7D3,827,1170,RGB
3871,page-3871.png,208866,53D6FC5D6D84853197F6A3FF9CF0DF69387EB603EF3EC38827CD3498CAC6C04F,827,1170,RGB
3872,page-3872.png,239185,B47C0953672B97E248FEDA1C29720DE1F4B1ABC9AEFC00DE23E24A8A26632145,827,1170,RGB
3873,page-3873.png,281480,F18DD91BEE1B0493A20E8804791BF7940934B86704EA3050E07A51625DC819E0,827,1170,RGB
3874,page-3874.png,228120,C26523F72F1E50CEFCE43806B0955856FB07445749AD9C10675982E6562104B4,827,1170,RGB
3875,page-3875.png,307287,9E0896CD2FBFFF90A272C97B8178B1AF4C86AEC5644292F0686479F3B49F5366,827,1170,RGB
3876,page-3876.png,300187,B2641EA24848CDE3C1BB88D2D401B00D6758D8DC0734C43AFE775A6A696E6CAC,827,1170,RGB
3877,page-3877.png,254746,F96A1A35C720D64B28BC70F18909E7675E04FB044338DC688C4809FEB753A964,827,1170,RGB
3878,page-3878.png,315011,372B5504C6A44BBD72F1D3C851580C32BF1606CFDE030F6699A9328D4B2B678B,827,1170,RGB
3879,page-3879.png,311468,2D940173647508C296FD311267B7B5A4E6742277C475E3679DCD917189B2195F,827,1170,RGB
3880,page-3880.png,248559,27ED3666513360C3A5583E5E83ED404DE986C4DD83911BA0375AB40CAB94DAB2,827,1170,RGB
3881,page-3881.png,267292,C2A116A1B85B981DE97D785F4CF3444DE049E6A12E9E87BD9CB93CB8244F92F9,827,1170,RGB
3882,page-3882.png,296990,5403B00BF8702B01F9F9048C825492A4C08DF781EA0634D09D4B707CD7380D6F,827,1170,RGB
3883,page-3883.png,251568,E60883CF530DAE2B7F873D739FA38D6C056B264CD1E6F9A531EB4866C465E1DB,827,1170,RGB
3884,page-3884.png,329130,6C76FA803C3DF3233B8EBA4A631C599AAEA28B1B6B66F9F0CE2B9B8D5C62F88E,827,1170,RGB
3885,page-3885.png,299355,12C30AB3DDB6BAD7C74DBA884E9A8E81FD5F0B557311863AEA62F5C9F52A8EE0,827,1170,RGB
3886,page-3886.png,261475,3C223FFB10FA104D4714F8CE327A46C56349661A4FCAA20945E2746A8C7891F8,827,1170,RGB
3887,page-3887.png,293204,895A58834BDD8E6F5445F550BC36998B57F1B04EF75A68AEF58918A42269E89B,827,1170,RGB
3888,page-3888.png,233205,4FBF32F9100920A51FE24CE0C12EE42862E125B6E11BAFFAE0B7AFD4BEE87E92,827,1170,RGB
3889,page-3889.png,229860,210DCF1E96A1A7BBA4AC387E9A6FB1061A846F6663000A3DFD1A3598429002AF,827,1170,RGB
3890,page-3890.png,323466,E55617AE15048EC749A26CAFCA0307F20FA627D13245E316090849B2482E652E,827,1170,RGB
3891,page-3891.png,316037,5B0F540722E7341A0C6B6675A46B07B4CA99BE11380BD83432D043A033828E13,827,1170,RGB
3892,page-3892.png,257063,3F0E332834C6EC3BBB53E71FDE511B6E17B1E644D196BFE6EA45B5D7E832DF3B,827,1170,RGB
3893,page-3893.png,256030,6D38965BB4BC46E366546329F8EC388D8F719EF12D2C1722FF9F5174D14CBDF4,827,1170,RGB
3894,page-3894.png,247257,33C41FCE2476550C4010D97D6900CCC400CC74ABB8E55144430E92A53FAEB56C,827,1170,RGB
3895,page-3895.png,275775,D92B1B2B3D13044C455BA487E90A75F8F7B21174B948987C701BB539E3B0F6F1,827,1170,RGB
3896,page-3896.png,295734,DB65783D2C749477A25F5876EBBCE70D4E301343388A8D26865960D3FB0EFBAF,827,1170,RGB
3897,page-3897.png,313255,CC23FD4F6C70753453B0701295D5600AAEC12F4B42BCDC71F896352F67306BC4,827,1170,RGB
3898,page-3898.png,267026,B9EE20EA176FE983676E0BBBA9DDDD578C8D87DAC99A2E8E84E5B940AE092047,827,1170,RGB
3899,page-3899.png,273519,2CF33DDF04EECFDE51E9C5DD4A2D070204F75493E76F676679302971044F2541,827,1170,RGB
3900,page-3900.png,244274,217CC5A62981561AA805CE1BB23F2BCEEEFAE820C98A8E510887F83513DF7E89,827,1170,RGB
3901,page-3901.png,272971,256E9C192584FE68B0577DFCC879A942A55A92A2EDF959F33DD2989253780A4E,827,1170,RGB
3902,page-3902.png,274869,CEC4347E1EE7FCBE8E3EE9E3EA69603B0A7818199E12EE6B96AA00BB656A7976,827,1170,RGB
3903,page-3903.png,233703,C1502D3A3696B64F146D4EE2FF3725D91E02A9AEE7E247AB55B7EBF504CE8979,827,1170,RGB
3904,page-3904.png,241253,3F237B9977649935ED8A2F92E7E3C24FDFB8EF32F376C856B53ABCC5BB93CAF4,827,1170,RGB
3905,page-3905.png,252902,1840BF80AD23B35007B36D0E784D6790E1EDEF5F6475EC0B9E30F9B739261B8B,827,1170,RGB
3906,page-3906.png,280575,295C31CC7169AA5B0C2B9C8DF59D6D78BAB2A4FC35A67C48DBD72DA33B52EA23,827,1170,RGB
3907,page-3907.png,306511,322B543FD8B36D5768694E364BCBF7576D8742BEF793B5D31A4F589609098051,827,1170,RGB
3908,page-3908.png,278620,E5238F9814BCD2DE23BEB57CD6252FFA74E0810BFFBF7FA1123198DD369C1DDD,827,1170,RGB
3909,page-3909.png,322889,2ADE3CA68DD2C487128D463E9650E521965BDFB97B318A5D62FE6918C30ADC89,827,1170,RGB
3910,page-3910.png,252179,78263F5D2A8AC2E7B851B823A5FC80B17F46F0A134A99E26FD12A24BF1369A2F,827,1170,RGB
3911,page-3911.png,215715,714234DF06BFC57C9CF8292E23631FFBD13D545B57F62F0322560C89F612C169,827,1170,RGB
3912,page-3912.png,282850,FA10F2292B4BD25B8415C3F63F1FAF3631F0D36A5A57143FD6FAC19E1F57D1D8,827,1170,RGB
3913,page-3913.png,307735,D3F0A990CAF5EA3C4B8E569C7E0510E7E16274A6D4300FC42317D9DB001FAF9C,827,1170,RGB
3914,page-3914.png,244757,0F900806F1A3B0C7C1C8535E2B21C5A33991BB7488E0E8BB0796052538A39C36,827,1170,RGB
3915,page-3915.png,310089,612374095143C5E62B58775AC2025249797477226B6802AF5884DACF0EBDE8BD,827,1170,RGB
3916,page-3916.png,258165,21B337C062D338C3FEC7041E435C3088A1C322BEB6D4D87EC873FE7D68F25F0A,827,1170,RGB
3917,page-3917.png,260025,EBC17534BFE09CCB7892CEDBF6B59CE3E90D74F5155EDCF6ADC862DF695A2706,827,1170,RGB
3918,page-3918.png,245882,0CD55ADE242DB1570EB3D401A08DEC042CB81300CF7ED5DA4EAFFB2C30ED4B79,827,1170,RGB
3919,page-3919.png,213416,BB04EE52DE43BE799D44EC60F44CEB71609B22646B1C76D8FF284A5697731390,827,1170,RGB
3920,page-3920.png,259069,4BD577E8E5E19B64B71E294ECF232A1F1D2F5460715BFB966362DACA9B7B34B8,827,1170,RGB
3921,page-3921.png,254281,17FFD87CD4CBD4FF170523AAD508D80F92934458C227BFD58A7DACF767224B06,827,1170,RGB
3922,page-3922.png,302202,4DD4E0CDDFAB948ABE5978EF06FC71BA83BC409E1B180E782BD890B480D4D219,827,1170,RGB
3923,page-3923.png,89316,ADA80127018F5490A7D87D78DEE75223EC4A1E9F460723BADA0695A528399EEC,827,1170,RGB
3924,page-3924.png,243213,4CD984EAA366C2F083D49BB84DA767F59A86B7249C53B4A5248C70170628B82D,827,1170,RGB
3925,page-3925.png,315259,AFA17F52C8729392A48CA787E37A2BD779561AEC5591685FED932F08280907FF,827,1170,RGB
3926,page-3926.png,232660,740BE4AC143C2DF0431E1AECAE61150B4A22EDF2A9472588973A27FF1B610672,827,1170,RGB
3927,page-3927.png,194184,78BCECBAEBC331FBCA9B0EB1ED8963C15AB623659FE666F0922E7FA5927F31E2,827,1170,RGB
3928,page-3928.png,215931,0EABE48415806A653DC42DB33147281C93F7477524EE4C324F53EE99B868B070,827,1170,RGB
3929,page-3929.png,171207,5AEB239786FBE58676C4606AF5CDDED5389B5F6F5A57578DA8139FC4878F5F4E,827,1170,RGB
3930,page-3930.png,213448,1F3ACB45A0855CFA6B658C9D56BFBE9B21A2B7BE8DD64D5D0D7874230194743C,827,1170,RGB
3931,page-3931.png,330822,D4018AAD374810B004EDD25C400DD768D61365C9DC33FA9BBE504119136384A9,827,1170,RGB
3932,page-3932.png,234302,8087CC8ED315E4DEF7696B2F49FE561C66DFC78ED84F41D2A1AE859F980A8139,827,1170,RGB
3933,page-3933.png,351474,EC41191DBE0D4AD91A518630EBA0D16F0EBD85A686F8C853770778E91FA66D38,827,1170,RGB
3934,page-3934.png,251277,B12ADB3B2E51DE378F96FF90A13D36535E8CFBA7D4F7BA17AC30476622AE46DA,827,1170,RGB
3935,page-3935.png,192816,2624CA0D2B1A87E9CA402326CDCB735131EFF6BA8FABBC365F65DAE0562CFE08,827,1170,RGB
3936,page-3936.png,297623,6475C28C0C11DB6EEC396B950E7A626B7EC770A1C19A2E908CAC79BDD19865F6,827,1170,RGB
3937,page-3937.png,221926,AB5022CF186C636681D1BB27DFAE3A75D82B8587C0C47E51392AB062156DCEBE,827,1170,RGB
3938,page-3938.png,235049,76EC9842FBBC32E9108E82BF8FE9AA0B91C13790A2B098A73354B12FD5EE5552,827,1170,RGB
3939,page-3939.png,233830,C8B018C91498952E1C3E3DD37B0B2527E19FDDFEE3B26A43CD07E29AA2BDAEA7,827,1170,RGB
3940,page-3940.png,230369,C4DF7C6CF0F633B58DD990195EE293F9A6CE8B319E566F767B47C0251E2DEDAC,827,1170,RGB
3941,page-3941.png,232155,53486635F94C955CA921D3225E3C5DD424A049D0A95F78379DE575698BBB926E,827,1170,RGB
3942,page-3942.png,310704,FE82FF23A9F11E6A6927A3AD54A4F3554E4FF40BEC3C2A8920872C76EF924DDB,827,1170,RGB
3943,page-3943.png,233812,41A30A2E4ADBD4129FA69757F044C004FD2A88017AC4B2B2AB3D9CD7C02E9A1A,827,1170,RGB
3944,page-3944.png,244358,0129175FBEB6F5FBE2EB1DAACBB21181A347D0ECF4CFF0747C73468C02DD46E8,827,1170,RGB
3945,page-3945.png,152010,7D7244BB317B81B7AFAA4A5308D0A8CA1947C8BF7F879CBD6BC0E0C921583B1D,827,1170,RGB
3946,page-3946.png,230575,E1529182FE7A34F4771F81B52D11283D59387FB3E2EEA3BEAE8999313F31D0CE,827,1170,RGB
3947,page-3947.png,248191,902F351CD894642547DB1AD39FC2FB6759CF43A7AE25A1BD45615566E0FB4B7E,827,1170,RGB
3948,page-3948.png,230215,0EF5FBA8DD6CC9BC3194EA39B724EE27762A66DCBA73FCA8FBFCF76D6B2AFB09,827,1170,RGB
3949,page-3949.png,242535,D298E3E48139F3EEC6750D965F0C8076BA1CCF293BAF92A68975D8F00AF374CA,827,1170,RGB
3950,page-3950.png,240348,098CD0B097DF6EE54665ED1CABC7293B91ECA6CE912FE090CB95DE8FE06B523B,827,1170,RGB
3951,page-3951.png,310859,91D9FFE6F3DD8E1EF2498B50AC44F5159A273D663E16A7002AA1CE947DA2472D,827,1170,RGB
3952,page-3952.png,334024,B3C0F03910A13E7AE259B7F02EF0A1730F5FE91EA3299C660D78DA5269D1C8AB,827,1170,RGB
3953,page-3953.png,233097,243B205A83A9780C3DD71570B2DA7852A98FD4D59A8DCA1D4AB44E10B705D50B,827,1170,RGB
3954,page-3954.png,259300,43598AA33B85A2897689A48F60F84FC8DDF740DC02D65264D33841B2C1BA9FA0,827,1170,RGB
3955,page-3955.png,221166,9818AF3245F76FF5158669A2836ECDB834DF6B6FDD8C2E90B88F8D03991D4974,827,1170,RGB
3956,page-3956.png,256365,A317CBE46D24E149015DDF16E6BAB72FE6BCCBA6039043C0A726DC350ABF10C1,827,1170,RGB
3957,page-3957.png,284626,997DB617C3B77C9CBEAD99A7E2C8FA8CF07222814750F52BC6FD785A72BEFCCB,827,1170,RGB
3958,page-3958.png,235662,85628816E8502F50E4FE506EF81B5EA1D630BD1102120A9F5970099EA82FF11C,827,1170,RGB
3959,page-3959.png,266025,F3BEECCA5285DEB0ACFE365AFBDF3B3CCFA86FE02FCEACCADF00DEA6F6F21E84,827,1170,RGB
3960,page-3960.png,259019,DE21D3E8489C6FCA79FF339E91AC8561A13C6B195BD19E7B2D1CF1D0589C2904,827,1170,RGB
3961,page-3961.png,288013,1B6A2DFB246D48AD21FBE8DD98A929E6EA21CBD0271CEBB3049044ED04C6C99D,827,1170,RGB
3962,page-3962.png,377800,2DE056257E50EDBA2ACF107873F691435C9D1D65B7DDAF5255440EF55B10E6CB,827,1170,RGB
3963,page-3963.png,316135,A6A738C945B775FAEAC2651D17B8901AB2B4E2C64B145497F86E051A2766BB1C,827,1170,RGB
3964,page-3964.png,322344,42DBB23ADA93AD54CFE57DAA28F95C78EA15EFDF24FA72360F00BB2BCD7F498B,827,1170,RGB
3965,page-3965.png,239377,63A41B8F693BFE770EB5A87E4CE331EB9E9D219F96CE77E5FFD44A5B2D51B65A,827,1170,RGB
3966,page-3966.png,194605,C703FEF8E010521A52E3FB078BE548165D9EC438EEB47D6CB064861F7D5F84C3,827,1170,RGB
3967,page-3967.png,211685,A49A06A65E7528DFEF0685901FB0814B6D053734DF56F9B03B6A4D2CD7744B19,827,1170,RGB
3968,page-3968.png,268083,0FF8C975ED2EFA3C7B7DF41B5398A7D1D138937C9E29B41570EAF76287F77F3B,827,1170,RGB
3969,page-3969.png,260544,294EFC3002B32949A318C179EAC62503EB708D8FB1F21BC197E249A1442BEDB9,827,1170,RGB
3970,page-3970.png,163183,420F614BE7E0EF32B26A890F3BC0110B1576F5618A2D1A1019C3CC92BEDEE0D4,827,1170,RGB
3971,page-3971.png,292956,2F8BFCD44A8B5E983A2A3A644CD8EFEB6B041E67E670013CAE4936A825EB9522,827,1170,RGB
3972,page-3972.png,363748,A3B3140429A17B43CD179DF381ABE0D72C8060A7A4B1BBEA2A68351215FD5073,827,1170,RGB
3973,page-3973.png,204176,9E40F13171E5BEABCD9714B3D7DD3A4389BF33634D4E31F9D8784726F2BCA69D,827,1170,RGB
3974,page-3974.png,232298,CC312F25F52509EFCAC9CBF171270F71ACB9DEFEE6428C052D59ED2014F8FF7F,827,1170,RGB
3975,page-3975.png,273099,B3CC1611C2A863DD63E17A0DED1240550D21DD4C24529498D20FBE5CB50E52C0,827,1170,RGB
3976,page-3976.png,321511,B8FDBE1B570AABE676D37A2B0DE4B79AE9FEB590997802980B06C5C129CB406C,827,1170,RGB
3977,page-3977.png,349446,D3E173E62C7675C4A086B41BD2F7D380FDE559E60FEE24AB4F246A3541E9F105,827,1170,RGB
3978,page-3978.png,258770,BE8EB7028665A828F266ECB9A0545703D7154131F42DCF981E98C40D2152B3F1,827,1170,RGB
3979,page-3979.png,290328,A952290CE5AD445FE1E08416B5AB002CEF1C7BAEAD9AAC30E8AC4E734C8865B7,827,1170,RGB
3980,page-3980.png,316587,D06CEE01209B31466356D39A6F7E9D780F7CD32B7F04CE1795B38FDE876B22C5,827,1170,RGB
3981,page-3981.png,254694,AA05238F1D432F4C135F4EACC161F94D34826A3E5C985C35FE041A6554FA7B2E,827,1170,RGB
3982,page-3982.png,249899,F75B097513D8F346D3E3ECE11CEC06B046762542EBF6104C080726BCC089D260,827,1170,RGB
3983,page-3983.png,313292,68AD1C57759264A422619B7F9C3513139DFBF47CFC1AEDF86B7125048C5E4C98,827,1170,RGB
3984,page-3984.png,283855,D3540ADEAEAB00A851DEBA482F7EDCC466FE452E963683B1ECB40FE29EE7149E,827,1170,RGB
3985,page-3985.png,339638,884DDB052D47EAB363381780BFD9E6F161C4CD385CB762A9B94B41E70D65FAD1,827,1170,RGB
3986,page-3986.png,287464,AC2B3D88C90CECA135684DA5D462C4E6D7D4374331A127FBB99AF651B6FA44E5,827,1170,RGB
3987,page-3987.png,314706,EDA0D914CF02EA64C4BA98F902F8A3906E32922D58892027E87A216C04FCF83D,827,1170,RGB
3988,page-3988.png,335207,E6050A22EA76184D6E15A2A144BF5C5B8DB7771B844FE33013EE018D32805559,827,1170,RGB
3989,page-3989.png,312230,06652C73E189435B82F4C10756A2DA4728619EAB6A28ABCA8A4B834CA070A6BD,827,1170,RGB
3990,page-3990.png,330348,C8F2BC1C01BBF52CB48A9369D6216D822B538BD0A1108BC6DF0867DCD3D86407,827,1170,RGB
3991,page-3991.png,305624,A6E96D85C7B0AC8864FDC38D938BA24405B385940E3F13AE2B53F672D790DFB1,827,1170,RGB
3992,page-3992.png,266539,9A48B3169DDB8FC783F76BBFCE24965CD0E4076B433191539E880998BD7FE2A3,827,1170,RGB
3993,page-3993.png,303714,AA30EA9BC2FA9E236C48D1EF27B68A0D5156B8D38D6A893F78DDD51A0ED41E29,827,1170,RGB
3994,page-3994.png,362581,0B47C0D0371F03AAA061A1DA01C825D3CDE769F486854A6794E523D2ACBFF641,827,1170,RGB
3995,page-3995.png,377339,E121F3472FFFDD92694A018317644D9E25464584009806BAF2773682EAC753B9,827,1170,RGB
3996,page-3996.png,273567,2B155E2D9BFAA6E393A59A450FD0E72C80D1B5501D085CBC4222EA9BEE6C0E31,827,1170,RGB
3997,page-3997.png,333093,54865912AF7DAD88121BEECB6E68A7D5347F48B0C3190B5FFCC9C1B494270145,827,1170,RGB
3998,page-3998.png,296463,642D4EAEDCC6C607B455894838B98A78857A902C3949A3F50C5BEEDFF8364DD0,827,1170,RGB
3999,page-3999.png,216644,F8A6B723A5C8B5319CABEB058EE13C089E8631A9C1EA0AE25E2CE699A7BA33CE,827,1170,RGB
4000,page-4000.png,308949,3758C0BA36C922D61B2DC4C27621C77734B03A64BC52C33D41E964577AC3B243,827,1170,RGB
4001,page-4001.png,271536,C1564722DC696C6F8A367F38EA3326BDAFEC6119CA12064DE4A6A9C3952B5B6B,827,1170,RGB
4002,page-4002.png,302934,D5BD5512999A04083DDC9CA8E9AAC6D84765A32BDF3CA211756D01775F06748A,827,1170,RGB
4003,page-4003.png,286497,C7029B34A4B2EC44158D2D8D24537AC1850B6D72D3682CC983DECA014A2EF92F,827,1170,RGB
4004,page-4004.png,281841,DA0BAC91706D9D5A391D1B05DA908B9EA06F08F41C4BAFBAC6C3191CA9DC367C,827,1170,RGB
4005,page-4005.png,261495,627DAF8302BBE910AD1C3B6C58B5E8F2B9D4831998F931CD3AE98CF25DEABC58,827,1170,RGB
4006,page-4006.png,312273,2D1E02E079485C3B4B43D387676716C4888CB629B2492760ED6518675123A681,827,1170,RGB
4007,page-4007.png,238988,7D32FD20C3E08AE1FC7E7E4C36CF4C4805F648635C2B7F3EACD2BD7E9ED6D653,827,1170,RGB
4008,page-4008.png,271171,B8C7609B6646A9BDEB9EA9D071F2AC63B9ED9C195EF879F97FD9F419B5811EC3,827,1170,RGB
4009,page-4009.png,322324,642D080EAC6646D6DD90D0ABAC4273361D6FA942CCFE83114DAC2DEDE6887D04,827,1170,RGB
4010,page-4010.png,315637,1F94544F30410404E70C6CE2897CF8E402D77C0C87536087A285DED2C2B0A093,827,1170,RGB
4011,page-4011.png,338213,4E700ED8184A1B6762CEC2A5DAC38095E94D9D944D956333BE9C5DC2404B91D5,827,1170,RGB
4012,page-4012.png,264251,7E1A48D32838C1317B93AF6F7763B6C68F917E87912466A7797FB258942A3D00,827,1170,RGB
4013,page-4013.png,273384,3B78D472CFE33055D475E1174B20C5AC04F961F10D1023CDEAA4FCA0F3DE1344,827,1170,RGB
4014,page-4014.png,242370,78640EE8568ADD83172DF74152ADD8D4E0EEA825DCB880CF41B0A56708C0FA93,827,1170,RGB
4015,page-4015.png,284466,EB93C4028119F8167B464A408DCF8D6DB8FD40C280466C4B0610CF57524083E6,827,1170,RGB
4016,page-4016.png,302335,C4F7A5C74EE07CF0966E482886ABC13311C2B84A7DC6C565E116EBA1A7C03D1F,827,1170,RGB
4017,page-4017.png,312520,A78C4DEAF560012860280630B7D0137BE3D0AEBBDCB989764158CF74BEE00093,827,1170,RGB
4018,page-4018.png,267594,3F32CD82A31F4601212691CCD7CD604FC33A259F8F90AEBC29A0BDDD029DF20B,827,1170,RGB
4019,page-4019.png,298687,F7FFD0E94728CC1900715CE949FBD6DEDF56B332D3B4EA4213E9529D5BAF7EE5,827,1170,RGB
4020,page-4020.png,261980,2FF7CAC5D245F7C9D861F160A70200866781D8F4FA66E048653A5E687F44B248,827,1170,RGB
4021,page-4021.png,261848,C40BABE212A89C7203F649E8B347366DA99F7ACE610D4BAC478E99BA4E4479A2,827,1170,RGB
4022,page-4022.png,280665,1DE0CC084965963DEA035CB3E2700D0CC7C4A9AD0389843BBC72E20A29D0AEC1,827,1170,RGB
4023,page-4023.png,316116,ED8B07C89C9AF0C0A71BD6247011BCD1C36D156EAAF7EB3275A7B699D317A649,827,1170,RGB
4024,page-4024.png,247724,12B31F8C5C1B7EAF9A0D10F206D3B6057F83B852A34E64BCF66EEFAC892706CB,827,1170,RGB
4025,page-4025.png,230512,E951A41C46C0C5AE77BDE55B97423A6249D9667CEB108B9C9FD4C77F911C7C70,827,1170,RGB
4026,page-4026.png,303638,B0E6088BC9A6C68FCA9FF6DF322735C3D77AD371C1838C2B111BFDCE091D9B5C,827,1170,RGB
4027,page-4027.png,264203,748A53B2AB0FC845486A1CB476EBC3041FE46F8EEFA263DE37E980C22BA9D57B,827,1170,RGB
4028,page-4028.png,365516,29A493FDCB2149CF9224D5B741E498C26BF7227B354B0800D6F4F16D764EB097,827,1170,RGB
4029,page-4029.png,369976,0A986E7156AB45DD5B1308FFCF459128480CBBC15153FB3EC248CFA6D6020A1C,827,1170,RGB
4030,page-4030.png,385175,1562FD364513A7FEF98845699A924F2842C1C51DE72CED088F4DD8F9335F210A,827,1170,RGB
4031,page-4031.png,321012,A9FA50CD90BB3438AA02491148029937698AA08B163C5C0575499103C04A493D,827,1170,RGB
4032,page-4032.png,384974,780C6B0BC7B81833791D4A3DD3B12257595CA991139F44B57643B40F2A8EBC4C,827,1170,RGB
4033,page-4033.png,258986,562FAFDE897B7FF83AC07689BA59C0AA508C5229FB1E1229FC24642C24A8554B,827,1170,RGB
4034,page-4034.png,336099,5014609E268B68527DD6399567333CC96E51593E6ED7AD3AE97539D2D74D0CB7,827,1170,RGB
4035,page-4035.png,337531,61B97ADE2EBA78A34F7C3731620A13B1B8BF5D3213A254BF789F2F5B6E7769D9,827,1170,RGB
4036,page-4036.png,352257,97D841EC8FB5B04364141A077B63785656FFBDEB50E7B893CF34B3339CA51E09,827,1170,RGB
4037,page-4037.png,290338,E5BA640FA0877382A3B7429F69B2D84580D9F7910F25166631291F85F8E2C2D4,827,1170,RGB
4038,page-4038.png,292916,D5EB9905BD613DC2C8DF9A818BD7901BEBBC2AC95E5A61CC94FBB90BDD34BD5E,827,1170,RGB
4039,page-4039.png,279156,DA760B466119B702416AC77DF79CCBE9375AF6CD5A54F239FCFAD9EB76C8B1D2,827,1170,RGB
4040,page-4040.png,234503,F63D8C464A71AF8E1F90BC1EE8EBD154B578CB8E453F1DACDA2900C9F9241141,827,1170,RGB
4041,page-4041.png,277254,9C2E14CD84028B4A27279CE3A69D05F7B63B8E8A51035FAED555C8F4D8346800,827,1170,RGB
4042,page-4042.png,288923,55EC92B64BEA99588CA11795C68CF644911A472A39FF5FB6F99F3D10615DAFE5,827,1170,RGB
4043,page-4043.png,216595,1353A80267097A7B69BC48FC4506C38CDBFAFC6C8C572CE646AC2D2C3346F596,827,1170,RGB
4044,page-4044.png,324118,983267A8C2D72F4A8497C44819F8512F5EED66E6C3F8F2DF83878E22A5DEC235,827,1170,RGB
4045,page-4045.png,303111,CF414B190E536F3302F477204801467AF8F8668883E34441C3B8BD6C139431DC,827,1170,RGB
4046,page-4046.png,82873,B7AD55836D529BFE8BE693CE00B1C4F6AD0B42F03D3BAD0371F31EAAFA200CE4,827,1170,RGB
4047,page-4047.png,209449,7510BA7CA785E05B7276C4E59C05186FE2DA61249F71BEA14D7D8F41B2A5DE6D,827,1170,RGB
4048,page-4048.png,340762,7F7D835704991D84A39A5EE54A105EA58DFE65DF0BE67801FE97EA252061FE7B,827,1170,RGB
4049,page-4049.png,276169,50C89E41A708B0E77F6DBD584FFB7C8381C909D614F431BF08E29B33ED1CE43B,827,1170,RGB
4050,page-4050.png,301958,E768E382CA888AD7248F63A572810E58631B11CAB3DB42D097D776A991E95152,827,1170,RGB
4051,page-4051.png,258378,8060C634251A978EC5F4F6CFB5E8143FA3F7BC655207792511C0C71F5F0E0EAB,827,1170,RGB
4052,page-4052.png,254113,F001E21D5612B17E288BFA82808C3E0CC13CD80579AD34BC4E5B3264425CCEFC,827,1170,RGB
4053,page-4053.png,274510,B10362BB45B20D153D9318484C06EA2A8E33018FD747E3CD6B0BC39E18050D0C,827,1170,RGB
4054,page-4054.png,335892,421FF4640AA395F636C0BCEFC7990EE007DC15967468A3E8CB29FF1761C54853,827,1170,RGB
4055,page-4055.png,281152,E323EB453417BBB746454B919EE84310D209308C3132AE9E439E6A6A70471984,827,1170,RGB
4056,page-4056.png,311008,E7B20280DF854717CE746748468CFF1813D033D5C87BB6C77A35A5ABC4DBA674,827,1170,RGB
4057,page-4057.png,279170,9D5C5B40762FF7179FED7D72CCBC4F4548EC0F8912EF8C92DF45CEDD1A13BC3E,827,1170,RGB
4058,page-4058.png,242843,45145683A72C9F777A55C6514764159543DBD1ADDD7C268D4E331DF96EAC9A17,827,1170,RGB
4059,page-4059.png,264106,77B4A05D6C8EDF6067AA770B77862AECF4E7E3AFE39399ABE1A11C8D33A730A7,827,1170,RGB
4060,page-4060.png,164078,4C32BAC2053B7087A7D779FE511E6069A3F4C7F3D89EC27DBA06BBF6BFD7F00F,827,1170,RGB
4061,page-4061.png,293676,8AF89E045268922E6151E4A83A11735C17187F329125003A6EC73B8880E48060,827,1170,RGB
4062,page-4062.png,297434,0AFE46A69357D59BED6C49A9FDAAEEA9413F9FC312954154AF3BEF3283760EE9,827,1170,RGB
4063,page-4063.png,248310,908E59AB4098A429667B757196FBB9F19158AC89A2C11F36023B0BFB6427B95F,827,1170,RGB
4064,page-4064.png,299963,8852D5D3501B54C50D8C285D8A80B8DB50F0F08C87E636FE9C0124AE13F8B1AA,827,1170,RGB
4065,page-4065.png,211039,E531BADA3D0BDF22BBF143C084A0BC35B5BAD7F37BA8F33DD9F75535AFECB25B,827,1170,RGB
4066,page-4066.png,235148,8D8A0984A24F682D58E17F00B819F7392F8438CA31AF44BEF07F11885ABCF201,827,1170,RGB
4067,page-4067.png,288495,87C8C61CCCE8EDF7E3C8E4A19A5F7F33B7128AA9ECCCF3520B97C3A29C200BAD,827,1170,RGB
4068,page-4068.png,254503,3744A0F476879D46EE8C5C56D46F73598A96791321034769F8F53ED7F31F306B,827,1170,RGB
4069,page-4069.png,147985,0F37FD5328DC2C59DAAD32AFFD0AE6E5EB18DDED7FC2982CFB729948091C8A97,827,1170,RGB
4070,page-4070.png,204584,B710A7C724BA5A035EC6F9DAB16F2C0D3D7384F769340BE0D39C0008139B7F81,827,1170,RGB
4071,page-4071.png,272443,E8A99907D73FB44719D4FE2002DF7B7E4607EC3FB3591D56392575B94501AD70,827,1170,RGB
4072,page-4072.png,233449,7EA244A233BA7A90AE57F9737EE51C638DD703B8B5C90D21FFA4B0D72CCDFF3C,827,1170,RGB
4073,page-4073.png,99746,C0DABDAB5C469D3054EA933F71776CF959BBB03AB229F38B6EC10D5029199564,827,1170,RGB
4074,page-4074.png,138874,1738FE09DDACC8CDD5CA5C99EF71A2FEF5A3DA637BF33FD4038CDC0196D75FE9,827,1170,RGB
4075,page-4075.png,233936,101F42EF9BD73EC935B0975C015BD6BE7DAB0DD5117E47C6FD71A05EB2BBC3AC,827,1170,RGB
4076,page-4076.png,343002,01FB093BAD6B703A67445F7882424CB25AA6D7B0603550D77A5C7C2E898C9C58,827,1170,RGB
4077,page-4077.png,252689,B39FBBEF1556B27E7F20AAF4A89DF2E50877B65BF073AD28C3E6086862E063EB,827,1170,RGB
4078,page-4078.png,283208,F033088CA9C7565689B95945E53EF115A5E4CCF85F24211539B13DF4079CF8D0,827,1170,RGB
4079,page-4079.png,197677,887D3B99BD8780AB2ABE8271C8F0421386E343CDA6460526FBA4ABA3AFA75A13,827,1170,RGB
4080,page-4080.png,291221,56A1FE14610149F0EE0C0E55FB85B21DC63D1EAD790D3FA9F2C71B7D4EC08130,827,1170,RGB
4081,page-4081.png,244095,5346891FEA89DEBBCA6F6F972C5E1C7DB6613601F30BBF9A343EFAEB7CE4DAC6,827,1170,RGB
4082,page-4082.png,326103,B6BB77B544B1E5C5D4D1DEB97513414BD236E9F1CDC25D65D62C6B881B97EC85,827,1170,RGB
4083,page-4083.png,328142,3F18ABFBEA483FBBA6417F436C65F3F625BB4253E7D73E0A26A68B966AE2E28F,827,1170,RGB
4084,page-4084.png,352770,CC649F6933161B30FEF85471820FD5DAC5F3BDA91CB5403AACB6B1104CD02F56,827,1170,RGB
4085,page-4085.png,309813,7CA3FBFF81712390A2CDABDECA0530F25CE6D9611F771000DFCE111262D25421,827,1170,RGB
4086,page-4086.png,180670,99ACD383E499702C3DCEF30007E78EE8ED3F16362DABAC0F31400DC954B337B4,827,1170,RGB
4087,page-4087.png,226215,F67BF65ED896DFFE9145F353543A6032513F56447821CCD10FA736A9AF880F15,827,1170,RGB
4088,page-4088.png,204405,607639F11BDC80C6EBD34B363324EF129133AE5542E7DE1790313790FA509262,827,1170,RGB
4089,page-4089.png,272976,39095EFCF4DDDDBB85F2E407402E2A44BD1832009325DEB7EC246F37B1212729,827,1170,RGB
4090,page-4090.png,300263,ED23BB75BE0B4EBD7DB803A7267AC39BA383AA10D4EBFF8A8C4F2A3E43E8BA23,827,1170,RGB
4091,page-4091.png,247693,2C552CFB4A6BE96B72D4E4DBC479193224885C1CF420800160C885819ED83CA3,827,1170,RGB
4092,page-4092.png,208142,365FB4C2966F20AFF941BCBE6A240E2500FD356656E0DD661C4CCE239EE91797,827,1170,RGB
4093,page-4093.png,204531,95E98C25FFB940FACEA0DBE8A41D92CFD9ED82E68E2B7E21780B15E62BB793CE,827,1170,RGB
4094,page-4094.png,204638,959C6DEC1CB070DAE12B45B921BF2C1CB4A70ACF1FA1461975175322F4445C99,827,1170,RGB
4095,page-4095.png,247066,5EE461634D52568D6E2D82BC1CAA3016334876428DC05A13BFA8DBA4CB6959E5,827,1170,RGB
4096,page-4096.png,272409,D6C56F84D5966871E5881E1D2378EF1B25084E7B430C9FD750A1511A7BCE79D4,827,1170,RGB
4097,page-4097.png,122225,AE4A02E3CCFA709E6A7569051F58922BCCEF0994FC62A266673B21664B331C32,827,1170,RGB
4098,page-4098.png,197530,D49F47AC53EBD28CC61CB247D2DE787127A3FB165C399C1180EE682A5A6595D0,827,1170,RGB
4099,page-4099.png,201348,2C7074E67B2F94889F8B9EC6041CCCF0BD83C30FF51F62474230FC0EBF49786A,827,1170,RGB
4100,page-4100.png,176712,55C2ECBCE5F061E1319E9D978693DFD71D1D814C3E4A700163EFC04A26A31BA2,827,1170,RGB
4101,page-4101.png,198461,C4154349937C2BAB98956DD5984FDB07F01A3577694AE1FA159364B028CB0FDD,827,1170,RGB
4102,page-4102.png,211698,334106FE40BBCD5A336C10DE907A563430797568016E4D292BD80403EE0AE51D,827,1170,RGB
4103,page-4103.png,253622,7AE522928BF13BA2BCE6C1B954AA849D021C4B701A96335AEEDB7851316D6B85,827,1170,RGB
4104,page-4104.png,195548,CBFC24306389528320456492F41292082A7DC42985EA8B183DF3A8B5E6D31D8A,827,1170,RGB
4105,page-4105.png,208838,1D36400FC1308274E8BB6E8D3D3EC9A9FE5538DD43D4D034BE2B9369E0D6EA7E,827,1170,RGB
4106,page-4106.png,246563,DD7F10B629668FD8B80048B98848E8E9F43A2D655CB1DAA752AC252A42C6E815,827,1170,RGB
4107,page-4107.png,244608,91600701143546507C71F3463B37F846144A362C5A3843473AC519F8DEB7FD2F,827,1170,RGB
4108,page-4108.png,221786,1EB1AD7E5E652D114316EB8E269FBF9C21BD267CCD7AFA05274C629781C54C0A,827,1170,RGB
4109,page-4109.png,183788,291291EC2EA5745651028D3C0F1A414A041461FDFAA4C3FE98E54032DE2DDEF8,827,1170,RGB
4110,page-4110.png,173696,35C7D6B5A4B3F78D51CD68DEA24D883B9F914CEA5AEACCAA474AB7DF511B6802,827,1170,RGB
4111,page-4111.png,205758,A8CC147095A9F3BF7AE5C2C46DACB5DE6B3136D16B6A11ACC6C70579CCF92339,827,1170,RGB
4112,page-4112.png,168585,275A90D35692CBFFF1FDE2BA6FF60E174EAE32C559BDC4B0595F07AC184CDF1A,827,1170,RGB
4113,page-4113.png,208824,AE9EDBDF5625715A7E7AC48FCB6BDFE0CC4EFBC5063123D737493EAEC7E2BBB8,827,1170,RGB
4114,page-4114.png,172230,580034A49CD82BD5D7C511A760ED6D11900F8E009956F5512D0D3BB7A0F17D97,827,1170,RGB
4115,page-4115.png,171575,14718EB62BDEB9E75C276DFC97FAD3CB29C94FA299200CBED67ECE78C64C3E79,827,1170,RGB
4116,page-4116.png,209971,D6534561683BBFD516DC61AF434101021840F3AEA7281EFECAFA6D7FE00D5487,827,1170,RGB
4117,page-4117.png,211173,6D506144785A2B4557FB20F4D89CFC1B1034B257B786D9ED67C7D1E8E4EE83BE,827,1170,RGB
4118,page-4118.png,227114,06E457E49FA339DA0115A88172EB0BCA4A06734FBF1E5D89C5A094CFA393E9A0,827,1170,RGB
4119,page-4119.png,200822,8F63ABBBD71574FDCB0EC9DA9D867B81B9C1F3BD31CCF2B00C4B2C496BEF832B,827,1170,RGB
4120,page-4120.png,142579,E6BAD8825C1195F3FDE7F2F3FFE192A69533CD71F712FFCECDC7CF69B5D58EA2,827,1170,RGB
4121,page-4121.png,256219,02C1D5731C9B0C83069080A91918512F65274ED05D867CAD0FBF54893515DED7,827,1170,RGB
4122,page-4122.png,78447,C7B7F26096CE8E5C24CD5B1F5458957A724CF5476828429E7939BAAAE60924B3,827,1170,RGB
4123,page-4123.png,291874,849C76557216BEF3C436AC7A12A7430C3E6049C84844004AE5ED187347063555,827,1170,RGB
4124,page-4124.png,229330,11679EBE5B7B5436736E17EE057F6DA415B735A16C69FA210BA42DD78677D7C6,827,1170,RGB
4125,page-4125.png,246129,429E84DB91EE4AEE9EEA672ADD20C0F0933976886393058E353C52F0C8FBCE2A,827,1170,RGB
4126,page-4126.png,234696,1DDA38246CFD28C0F71696A1703A4BAA2C4AB790A05874B971AB57F14B7B29D4,827,1170,RGB
4127,page-4127.png,262404,65F90F077E66045EE215E0458BD79378CD1E517C6858560229A07C28E71CC287,827,1170,RGB
4128,page-4128.png,294962,709DE002E8D54F955D27712A5B234F33CFF2A24BE7C905CC9BAD7936A501444B,827,1170,RGB
4129,page-4129.png,267412,B9B10469C6C49903D1B0B0B10EBE90065C2158B6320CA13DEC9025189B24CF3F,827,1170,RGB
4130,page-4130.png,305417,C5BFBBC55CF5F272DD097933C82C3EDFC947C49D4823E2934A90FD867C85C27F,827,1170,RGB
4131,page-4131.png,345849,713729C65618D456763692719B66FB9A8EF93DADF7A4222AACEA4DA33536EF12,827,1170,RGB
4132,page-4132.png,278945,87E668302B5FD5522E6F1B17218795739C9E215192CA855EE9CFD30218AC0B85,827,1170,RGB
4133,page-4133.png,214156,C7DC4BB04C23CBBED2116A911C75CE02FAE093BD5F6932FA9E2C7923697F55B9,827,1170,RGB
4134,page-4134.png,309268,554FE4F90651D5CC39469A16F43311EBC49CDACC27F0CC80CAD1D10144D0747F,827,1170,RGB
4135,page-4135.png,273498,AA22E7EDC3C42EE52D6AB79BC5EF30B2E72119CDCE8AA036CF99EE8979F01381,827,1170,RGB
4136,page-4136.png,273025,4F79D508BFB80AA212F7A38073B91148C23BBBEA87F694E39D61226F19D13CAB,827,1170,RGB
4137,page-4137.png,319490,87A98A311D6F67000529EC9DD5894C680F40648E0722CCB484FF34127C585187,827,1170,RGB
4138,page-4138.png,300104,6F515A5B1BF53FAF1DF80C46F75D596C59F69F97559CCE024282D549DF5277E9,827,1170,RGB
4139,page-4139.png,292472,15B6F69998349C2092A191893A177BB2B5753816F7DC78221408D16B9F17E392,827,1170,RGB
4140,page-4140.png,308299,CCE9B44C6E7EAEE73015F7533AFEC43AD0D1AA05D16F04B70F3457514B2B2D71,827,1170,RGB
4141,page-4141.png,271538,0423404BC5EAEB3AD7EF1CBC8593C5E9364B74A36E1C9766E44DC40EFAA68839,827,1170,RGB
4142,page-4142.png,337752,8AA7BE51EC0E7B881F9D1C8B581E7FB888BEB662A3D831B0D5E6DA33D7C55566,827,1170,RGB
4143,page-4143.png,357414,2A35E3212CA4262F30276157DFB9F2B929FA66D54B0E0BFABAE32900A8138306,827,1170,RGB
4144,page-4144.png,350331,D336181DB4CF906092883E2A099CB05ED1A024A75DA925BBC07D5E148111FCC0,827,1170,RGB
4145,page-4145.png,202467,0CB813DA767203A47D6FF1A647FC93BFDB25D9932083DB8A9205A736A575DFAF,827,1170,RGB
4146,page-4146.png,273698,AC6FEF3D8E5EBE0624F6BF82EE9CFEE05A0E2959F46B314FC8016C730AEFC6CB,827,1170,RGB
4147,page-4147.png,275624,F602C62CEBC4CBB673BC3E3F0992B002D6A7B1F0DEEC051719A8C846C7CC9E69,827,1170,RGB
4148,page-4148.png,246695,BA4DEF865B5D9917C6F5D79B5AB51DA766FA93B25448D9CDF7C3FC2C6ADF7FF4,827,1170,RGB
4149,page-4149.png,229886,525ADE590BB9981C6FFC098E994B2276DC837B165CC2DDDA743EBBA3E74C557E,827,1170,RGB
4150,page-4150.png,316762,24C16B07BB44EBAC69328275C7964E9BEB240A65364F673E2DE4DE702C0F6D07,827,1170,RGB
4151,page-4151.png,337266,3DD9E7003263F68CBCD134B25E7B275F47310E67E0CE4EAB71383FC87236ACC9,827,1170,RGB
4152,page-4152.png,308783,4632720E2C3EFDDFDBF7BE5A7C87DD60CD48EA7480A893C01CAC101C658B474E,827,1170,RGB
4153,page-4153.png,294005,F513C1197A39FD7403F5F2BB7996C602F588F7263C7B99DB9981F5E9B0B09A09,827,1170,RGB
4154,page-4154.png,305527,3DB6278C60764A45193D58B3216C1DDD425164BFBFC9EDEA2A3FBC90972704FB,827,1170,RGB
4155,page-4155.png,309391,C6F4ED8E3EAB434164F51D428868D9F27A8732FA78B40C2B26939E86CE629525,827,1170,RGB
4156,page-4156.png,333013,F3C69249387B2EC8A71B1AA7638EE304E00AB423443ACAA005A36950E695294C,827,1170,RGB
4157,page-4157.png,337969,6E4C0AC3F05250ED607A1AA28BD39BA344990FBE31F7040E7FD31D03AD1315DB,827,1170,RGB
4158,page-4158.png,356309,B3EF4A6A6D77871F213F2FD89CC072BE88203A532C131DBE052D1557EE15D4A2,827,1170,RGB
4159,page-4159.png,315508,02A742AA4860D8D3BF147F20288B7055072D82686743873CF523BAC30EA57CE5,827,1170,RGB
4160,page-4160.png,315784,1C209FE56EBFA39EE76E3D150BE7375452F760DD01993F738434DA05C610798F,827,1170,RGB
4161,page-4161.png,273311,F76FD33E5B37FBE82EA19343EDF53AB2EB814D02ED3E3FCC2B27A93926F11DEB,827,1170,RGB
4162,page-4162.png,201499,30113C24E2A073FC30DD145BA7E47B995333A984093357BA31948E4BD45F1C45,827,1170,RGB
4163,page-4163.png,311633,033268860B5983661A57D429A5F94E5DEFFB5037FF8F4143FD1AB42A85F9B358,827,1170,RGB
4164,page-4164.png,311336,34C1ACD5C0E984FA80FABF3A64566C7CC6DBCE3F7B1698DAD0406DC4A6868376,827,1170,RGB
4165,page-4165.png,300160,C99499829F14ABA64A1A94BE2060BB9D86A95559587269BE4D57071CA94CBBBD,827,1170,RGB
4166,page-4166.png,191812,8AA5EE9C44C947E71735248CC6828A562B5DA40A400BFE4B8795565B7D10AB1B,827,1170,RGB
4167,page-4167.png,282628,E33A8B2CCD470D19F7129AF8C1CDE20A4917A9138CA92053581BEF8BCA2B4E47,827,1170,RGB
4168,page-4168.png,237717,923DEFD01FA398B2E4DD88B372665245AE728B6F2B7AA36F3DB36507503585D5,827,1170,RGB
4169,page-4169.png,289701,2AF73A4B523BE2464C5F3D441EF4E1E140159AB524A89EDB0509B429E73CF620,827,1170,RGB
4170,page-4170.png,290714,37A169CA4BB87C6F5BCF65992930E4E491D768C8978496666C0B2A0B2B5B9159,827,1170,RGB
4171,page-4171.png,326001,0A984C7F866B6185DA08FE311F0AA1BB9E8C7708A9BE5B9C31EBDC365762AA6B,827,1170,RGB
4172,page-4172.png,245930,08CCB41E82653D364FE646FBB6C2AC30AD3E681984B0F0429CBDFE413B5AD767,827,1170,RGB
4173,page-4173.png,319655,9B8E5C33347537B750F2D6BB840E4695F6D5376871A80C923145F521D73C6C6C,827,1170,RGB
4174,page-4174.png,273111,F582FF25FD072DD04B2AF7AC23DCAA843D365DEA5C238618D140EC8A12A63A5C,827,1170,RGB
4175,page-4175.png,301337,BFAFFB3B36BC47C54039997C955AECA9D7EB3BA57024FD98944C53C6394765A8,827,1170,RGB
4176,page-4176.png,346011,5AF91F526ADF06D8D537CB1A4F18D594836ECDE2294080707AA0B1D4734DC21A,827,1170,RGB
4177,page-4177.png,292084,AA6CA563F88CA5FC10E95405ED03AE21C4B9A4365837EDE308E512CF4C1A05C2,827,1170,RGB
4178,page-4178.png,272522,D00E08874C114487168D5DC58E565560AA934747F9EC3727E467F20D13E347C1,827,1170,RGB
4179,page-4179.png,208526,631AF3176FE15ED07D40BCABEF29BD13623380C552890D2BBFC6F8C577689975,827,1170,RGB
4180,page-4180.png,312367,DB23F486C82AECB6F7CD66E8B62103228B0AAD7ECF4731BEB9621568E4C52EC9,827,1170,RGB
4181,page-4181.png,259224,C54605502BAE0693215138292E03A94D382679D89FFECF73B77F2BDC7FDD959F,827,1170,RGB
4182,page-4182.png,273875,87905B0FCC03D856FD1FC97695EFB2587E6E6AC235F43423223318A9241EEF16,827,1170,RGB
4183,page-4183.png,189706,3C9E93723A0EC3ED89EF5A12D0E2C2F36E1B49EF75EFC52525BFE311DAE9E3ED,827,1170,RGB
4184,page-4184.png,231013,D305840B339B3D1115E0234662A8BF3876DC82E39270D7ED7E202FB715FEAAEA,827,1170,RGB
4185,page-4185.png,315688,BC61FF2F51DB91C54246115F5DD12D0A84A8240DDBCFE108D79B1097CC140622,827,1170,RGB
4186,page-4186.png,270629,B30577A98B42643C2644274D919EFF70F346BB40787489BADEF3B903BCE31E56,827,1170,RGB
4187,page-4187.png,267778,6B1ED38E91425A8367CDC53B38723D1D6FA0B65173AEF26104F639AF53BB2F71,827,1170,RGB
4188,page-4188.png,261957,12BE816166A5834C46EBDF8B239707750B2D3DED44B96596A34DD0424E0D05FD,827,1170,RGB
4189,page-4189.png,339204,DCDCC135F7C3DE724E5D1F24F0E7630E93C6008CE757BC244B2F212485701CD8,827,1170,RGB
4190,page-4190.png,299162,FB01C350999A13060E710C4C78CCC948F7969621343B50D7D7006A1D163A3523,827,1170,RGB
4191,page-4191.png,209310,55B99B931E25D6A7A4FD15FDEC068CFF1CA6A665E12B71FD7DBD558B4CEFD577,827,1170,RGB
4192,page-4192.png,271046,CB24FF3FA8A6C8CF3A2C1DAC7B5B19B708B9DFD62626450FFF3933A8D3F63F62,827,1170,RGB
4193,page-4193.png,260485,9C0D06D26078A424DF7FDA54230111B4F2A593F87F00E0926D7FBFF53CF4BC3B,827,1170,RGB
4194,page-4194.png,251310,A277F338243A53DEECF395A2FB52BA43D0D819C1B566BF78ABA9156837D68E18,827,1170,RGB
4195,page-4195.png,278301,14754753FCF5D4BB2FD4E89F8308E4D57EE152B40A893C10FA82AC440ADEB762,827,1170,RGB
4196,page-4196.png,281754,A1B9236D25D6CE2EA3E37B7311C48D3300A84F01D6610372B9A09063BDCB6275,827,1170,RGB
4197,page-4197.png,218071,50B9A0D08F4324225F3463613BE136A364DCDF95880D83367C9CED7C577C0EC1,827,1170,RGB
4198,page-4198.png,264579,CBEF83B04A1ACC5DD70B5E2FDB5D826385D2F97B150779F26A0D356A2B61308E,827,1170,RGB
4199,page-4199.png,280046,D6256EEBFB840C3802C5F0488BB3CCBF1A95BFAAEDC5161F8CA949BFC69859BA,827,1170,RGB
4200,page-4200.png,303204,F108EB8EA410DB089B7016BF072F47852FD7E9CB6A3D88B0855AA292B0981AA3,827,1170,RGB
4201,page-4201.png,313600,F9FC532B1143AF1BE5BC6F6BBB191F1AC59879262CB494709D13554CE74ABD39,827,1170,RGB
4202,page-4202.png,265061,D0F6A113625CD67D515BD0C6004CA0C4AD5ECDEC5D3ECC4CB697FF538B71EF71,827,1170,RGB
4203,page-4203.png,347674,BD4E9BBEECDF5230902599C727A12F01CFF0A0F83B5F74DBFC8167147DD5A3F1,827,1170,RGB
4204,page-4204.png,283951,DB4E64266FD8C8D30A4182112B9F83C2CF6B7040A28FA27019F6C4668012EF0E,827,1170,RGB
4205,page-4205.png,302382,9853C6BE020FBA43CB567BF63144317302E83DB54987864A9CB6906B52A3715A,827,1170,RGB
4206,page-4206.png,338204,233AB2470DA138A1B3B2EFCD404CF8A52921A0CA995D263C0AA486A534AC3BD5,827,1170,RGB
4207,page-4207.png,336531,CBCCEAF061B29B3814C65DBE14FF5D93A47F8FAD9CF9615509773ACE6283CD62,827,1170,RGB
4208,page-4208.png,300494,4115991947F9D455EB8C60A443F827A08B6049CDAB13AB41F2F3968D7253B3D3,827,1170,RGB
4209,page-4209.png,252433,EBB180D3B6CDE31BE07B5FFCB70D5EFE4C7A808E303981F965523EBC7B371F0A,827,1170,RGB
4210,page-4210.png,309969,B584E54EFB095A71A5E89483F5A00EF17122C1677C14686FF2365D80458877F4,827,1170,RGB
4211,page-4211.png,255280,BF711AE1DB3CEA0EFD467CE840DD5584A1C151EC6DB348A16CD1C201A96839B1,827,1170,RGB
4212,page-4212.png,341490,7B26CF48190AE4364D529979CE9F3C0E0643C6F9EE94E47FF2BE5036FA174F6A,827,1170,RGB
4213,page-4213.png,354044,28E2775BB3BB50B0D5780638CE8ED8A52DFC6C902E8EDF6351CD5543F7259BCC,827,1170,RGB
4214,page-4214.png,251011,05751F6C9FE3D72A28A5D2517841EBD2C28F019102C0FD0964A7E660666B066D,827,1170,RGB
4215,page-4215.png,318826,3161427861DF9E8074DACA479575F5EED723B779F82A459AC6CFF742FFBC1DAF,827,1170,RGB
4216,page-4216.png,343910,E9906EC8365B8EDB5FFE30FBC27A84B1E15DE176665979A4C4046011DB173274,827,1170,RGB
4217,page-4217.png,311119,44B8307505CD95074DFF70969A4F0BB651ABB996C57CAC69CF5B4CF91630BBA3,827,1170,RGB
4218,page-4218.png,331249,E65E1CB557DFC17D3C61D2C3FD9E2B8B86FF70F678B9C5628AC2929D2B9D4275,827,1170,RGB
4219,page-4219.png,289608,D8C64E0E450C90AC4FED6C2BB7EAD40503ED37B656DC4D1C9F72866086F7B028,827,1170,RGB
4220,page-4220.png,339051,AC632EFEBDA4C91580B36BCBED30ABE199254F5F93A93A0B6197CC3F6D019427,827,1170,RGB
4221,page-4221.png,235476,EE6EC24BE9118F13BBDB28E2A06CAF3303AD648FD85A8038C41706AE9027791F,827,1170,RGB
4222,page-4222.png,288065,F1C7A0D46D3CD906659BB177F39F08D2CB380B75925BCA41831B9182233BE73E,827,1170,RGB
4223,page-4223.png,265932,742E549452217A24CE23FE4921FAEE748B5B21B58E0E9C844AD1EB4E9AD4A7AC,827,1170,RGB
4224,page-4224.png,216063,5A52A4DF6F21E3F7E2CD45110ECC111AC85965C4BA7A268A05B50F957C191527,827,1170,RGB
4225,page-4225.png,263272,E986F431C51904B9B12CBFA347FCCCCA1C2720A24CCAAFC63B61DAD3748DF45B,827,1170,RGB
4226,page-4226.png,328627,D72FC50217371E3DC45BFF1D65CE72F5B07977712E49A1F831C3658F320C4998,827,1170,RGB
4227,page-4227.png,315134,991B8636753CE9A4F5CDD2F887EA3C878AB2B56F2C61BFAC46B2A98A187B1619,827,1170,RGB
4228,page-4228.png,265700,52AF41ACDF96D0BFDCD540DA8C739C08B0A26C4D6D054476F9D23A83D5AE4D47,827,1170,RGB
4229,page-4229.png,318030,E1151F0CB95EFFC39CE7EA4991CAA1AA2EA00FCA50D093EE08E50C30FC95A36F,827,1170,RGB
4230,page-4230.png,247423,475CC6FB2F06AAC19273514A67CFACFFE9CE3775F2A3CFCB53AD21CE12F73ABA,827,1170,RGB
4231,page-4231.png,346476,0B8B1F46EEE22308BBFB0A7476E401507E842F0FCFA749B3A5CFD3984EFC7F00,827,1170,RGB
4232,page-4232.png,286722,96445BFF76D5351FFF3AA5B9CFF6508C4485300DDA52E15B2006517792897CFD,827,1170,RGB
4233,page-4233.png,344967,0AE4D62C513772993CA09E5F449ECC4245A9C2F60F2A78714A51ED0619BE5B6B,827,1170,RGB
4234,page-4234.png,214871,EC6A599FFF559D6A35CB14650C69B53A8194E819FF3D5318B097443FAD1139F0,827,1170,RGB
4235,page-4235.png,225096,C208010900F8DF03553AD7F9FC3E3A7AE21C348241969E60BF3EFE2EEADCE35C,827,1170,RGB
4236,page-4236.png,319998,13BE48A410FC9776B4D022AAD117D71BBE9E0A5D6D7AE137893D2A507B93A6DD,827,1170,RGB
4237,page-4237.png,231399,86117C70D720EDB21DED2160E24CD969CB42BF14D54FB58D516549EA96E77369,827,1170,RGB
4238,page-4238.png,360339,543EA37B6D63B241A6E0FA0C64FF0C2C42B29419CB8136565EAB58FCDCE06EE4,827,1170,RGB
4239,page-4239.png,277596,A65E53BF3173396DA26943DA78A5C1A11AE71CB89B7377F9C2A4647836369150,827,1170,RGB
4240,page-4240.png,246570,4B8CD71B036B36975142F957F69017ABE9934F07267FCF8EAC814B800FF43D71,827,1170,RGB
4241,page-4241.png,206359,6AAF58F067A4EAE58957DB2E3C545C81009F10F99BA47F4C6B2ACD95A58F459B,827,1170,RGB
4242,page-4242.png,222806,09B3776477C356AAB9E9995BBFF6844ACA3525A8A477219B3172A637D82EB089,827,1170,RGB
4243,page-4243.png,294403,E097AE609427D00918F8E96EF40A00EAC0986BF1A8150654E64C7F99AEFABB86,827,1170,RGB
4244,page-4244.png,226850,DC662781A3C80D2D28C204E468E439F2B86437007EFE728C5514C1277C2F1B86,827,1170,RGB
4245,page-4245.png,263795,1B38DA8BEF3BD608A6500009E8351D7B5CD5F6C846675B905D8BB2D0CA9D9545,827,1170,RGB
4246,page-4246.png,288273,859DB4FDDBF54EC38DB87DEAC318E7E8C067B28EEACA347632798AD6F196DEA2,827,1170,RGB
4247,page-4247.png,286362,C8D38219E397A1259BAFE004DF05DED1329C43CCDCF542728F172368E8E66FA8,827,1170,RGB
4248,page-4248.png,244219,1B64401B6A3ED2F4B6BAA5846720FD63A9F9A5705F7701CFADB410E9D2757D5F,827,1170,RGB
4249,page-4249.png,262871,ACB2563AE45297B06AF42080ED832BD78D065F6403E2C42839DEE77754CFF163,827,1170,RGB
4250,page-4250.png,245949,7E6F945CF954FDD9AB6B466AA5CEFF968484CA965F717B3FBE5863363399DB33,827,1170,RGB
4251,page-4251.png,233553,BEAC88CA83130B6272E205F79966844835D07FEE98795CF3C18295A4EA9987CB,827,1170,RGB
4252,page-4252.png,250604,7057CA8F09EA682140ECD8FC98949E09C935D2690CEEE001D456A55471762C97,827,1170,RGB
4253,page-4253.png,194578,E98824E4E7B3F2E6248EC14CB53187763EC1725F71B2493C18492C990ED6D034,827,1170,RGB
4254,page-4254.png,277419,0CEA3B75F0861B982226927126AC470D1EA69C0F8BFEEC12D4F2851A021992B0,827,1170,RGB
4255,page-4255.png,224621,A1EC5BA064D5E4F40AD33094DC26FEFFF50332F317E5A2EB5B437A9F91894897,827,1170,RGB
4256,page-4256.png,253183,383F7F5575CFF3426102F20B4C7EC3F3D19BF61D75149D15770E6BFC4818C3BF,827,1170,RGB
4257,page-4257.png,200828,FE3C3EF6E8FA25B99CA5267103E8B27006DBF5D1998E892566AF81C3377ADA72,827,1170,RGB
4258,page-4258.png,213422,772C8A3E41EF8FE8C986A975CD659CE03E7B69C27F7B3E2D43C6492B5A5C0BA2,827,1170,RGB
4259,page-4259.png,266941,93B25AEB1B7D1ED64E05486BCBE375278D8A81D4D9598C429942C15833137E39,827,1170,RGB
4260,page-4260.png,275336,5E69F3068C960DD3CAE7EAFCB0645392B8D40D958C7FD031C9CB6B4B711FCCF2,827,1170,RGB
4261,page-4261.png,301029,A0F27D5B76B1942621248F2CE1557373B6DDD12701E1C1EC993F13487D185361,827,1170,RGB
4262,page-4262.png,267415,39FBD74B777D0F1341A66FE5DE416E86FCF37E28940998BA6BCB2F82233CCF49,827,1170,RGB
4263,page-4263.png,330459,F41F5C8390E7FCFB1867D2DE58407D2695D7C4978183CA3A4C0FEEEC1A5ECE27,827,1170,RGB
4264,page-4264.png,334427,0DFCB073B39FF80834BBDF551F0F85E37412482715C2B53263E42A0B2D19E596,827,1170,RGB
4265,page-4265.png,408974,040501F2BB34A2C08E7EE66F28FEBF5109DE1B6D1634D8B76E02DEE7D8F287F0,827,1170,RGB
4266,page-4266.png,294688,6B6F5BFACD9ECDA7B41091A02A50C25569066340F2E3D0E488E4B3C3156D5B65,827,1170,RGB
4267,page-4267.png,261246,2413AB1E172F0B3B9889F73DD3C6242CC31F6AFB4DF4A243863102C2BDBF459A,827,1170,RGB
4268,page-4268.png,369590,B9E4B90DE46E3257CB082FB8779112EBA2618B8401F884C9D2DA48E4DA2F9025,827,1170,RGB
4269,page-4269.png,307436,64BDBAEFE08C34431269AE8994165E392BB2010DA6A934942AEC77CE3720887B,827,1170,RGB
4270,page-4270.png,263692,52E4A860E15D91EB74991F5DD1A39F1FF0CA0D4F5EFB51588DEF11C4CB36924C,827,1170,RGB
4271,page-4271.png,275172,E302155C683DF2CC2B46297A6F8B5D78C417E174F5A08A63B6AA47D93DBF768B,827,1170,RGB
4272,page-4272.png,307531,3B8B28F3EB05F38DB45808AC937D43C33676B3211FF3F5F7225C1D9DC164029F,827,1170,RGB
4273,page-4273.png,342341,955F683FBA3AA548B5D34C0D1DE1D5F32507F88AC56441069DF02769C8385144,827,1170,RGB
4274,page-4274.png,248336,1E1577DB5396341447E4433B47062CDC04CEE59B31B61088DC16D042883BE976,827,1170,RGB
4275,page-4275.png,303464,14277FD3122A362E348EEEA8128A35117BE04E3663C35C9D7EA12C06E0E2754C,827,1170,RGB
4276,page-4276.png,254782,5CB5649DD70929922A6317F2B0E21F3617216BCFC9164D0A6BACA614D80E2F74,827,1170,RGB
4277,page-4277.png,227783,90999C5D7BBF6905794EC8420F6F6C93446D4EF21FB88A396F470D8221C95F7F,827,1170,RGB
4278,page-4278.png,291889,51F39022507D0AFB5076CB7FF0059E33E038175589124E69AB2FCEB3EA2B49C3,827,1170,RGB
4279,page-4279.png,277846,3FFAEF103F39CFCF1DDD623451E346A9906E92EEA0A99CC4FD942C51969AFA51,827,1170,RGB
4280,page-4280.png,309377,98D0978EB7D209548F85B307EC460960D6FB3C0235740E8B09966D4529DFBEB7,827,1170,RGB
4281,page-4281.png,316852,004988E4F835292BD529084E86DEB694044368C1F2EA342CE9003774A90299EF,827,1170,RGB
4282,page-4282.png,266748,725332C59A2F61A1FD493C9F8A65557B3527BFCF9C459BE671E1C55EE1664621,827,1170,RGB
4283,page-4283.png,323601,019F644F2DFEA13CC28623AFBDFE2A26F542F5EB5996962896185BAC719A60A7,827,1170,RGB
4284,page-4284.png,294261,15712E85F612825FCD8D9583FC079FD102178E0CE4F67CE402A175DA0E1453AD,827,1170,RGB
4285,page-4285.png,294546,67629C822A9D2C697F52791267D63ABA344835DDCACD3F14ABF4B35A8EE0C576,827,1170,RGB
4286,page-4286.png,326689,BB0E7CD31AC52CD794FA3C39D05EF1071595D0C3046DB26043A975D0F12F4AAD,827,1170,RGB
4287,page-4287.png,333829,73503E3242D3D8FDFEAF73FB35984DBB939B9813FC621151E74427E75074E7E5,827,1170,RGB
4288,page-4288.png,330360,5F0B3E57C4A56D0677CA7ECDEE49F4B0DD79F47B8E7C90AE3E343EF3720C50D5,827,1170,RGB
4289,page-4289.png,319723,4574ADF555E1A30E1EDFFA404F61524F810A5916414295F561EA9BC5EEB030FF,827,1170,RGB
4290,page-4290.png,318029,01CACDA2D65CF8D017A9192E61A69E5B5D3C24C3699B1361198D82EB10798D23,827,1170,RGB
4291,page-4291.png,359378,D2FCADB99611CCD1DA3F9C5176FA3929FFC06F14E290900DD51825E0287451F6,827,1170,RGB
4292,page-4292.png,332181,81649C7CEEC7D6D2465E1CC6C026B3F3B61FCA339564A3F36A17053A92D5BD04,827,1170,RGB
4293,page-4293.png,394106,AA624B07CA6DBADE192DCAA482242757FFE036EE157F3E4AB913504DCBE530F1,827,1170,RGB
4294,page-4294.png,321185,B0C9F553A6A004471A98D0EC46F90D52C31D50751397FF7EB269260E6EAC50FE,827,1170,RGB
4295,page-4295.png,318801,099B8CD727BAAE915A23EF6465B2AFC23A5381D2D4546E8F5996778CE9A9657D,827,1170,RGB
4296,page-4296.png,322967,3C9D31E5C6B2D7B21CC2606D8DAD438AB2E0FCDA90FC6E7BD302016FDB31D4D1,827,1170,RGB
4297,page-4297.png,295744,7321CA200447461A7DD36EF4169233DF37D1518C6C1339558BDC1D35945FD960,827,1170,RGB
4298,page-4298.png,343957,32058EDB585603CE0E6D9634588A15BEF88D1224415BC576991468203B4952FE,827,1170,RGB
4299,page-4299.png,302677,01446389783A8D8F1B1A82F7D10EFD9B1BE83A0D18F9A910E1E5CBE44B69B5D6,827,1170,RGB
4300,page-4300.png,335816,25434117E94B291BFD8630ED5F2BEBCA08E3F438DFB5D83EF2A1107CFE36FF85,827,1170,RGB
4301,page-4301.png,299355,94CBCC931B704BD8283BA4A0D6400CD13022ECF2456DB6B043D9E27D5E04D67D,827,1170,RGB
4302,page-4302.png,267663,5F79EC1209A9C215A49F65377F39C2D6AEE27E5ED78FAE0CA580B0F86FB4F393,827,1170,RGB
4303,page-4303.png,266440,8D1B4335CDB19F4E3747D868E7BF450B43740C89572EB53D7F13BE2A3DCFC562,827,1170,RGB
4304,page-4304.png,203141,F41B6A65858B5D0240B0ECC1FC406FE2FAFEF95C3325A1FDE53BDE295A36A730,827,1170,RGB
4305,page-4305.png,302429,9629C0F9C14BBF041881A937B06FB5AA4BFBACB5D43301A50AF641E2CAC9866A,827,1170,RGB
4306,page-4306.png,336083,892ECBEDA06A0346D374E339E6B7ED612E83AD1E0A4B342AD281E827931341C3,827,1170,RGB
4307,page-4307.png,243684,C47C0992C9E129849426F4146F610BED89EAF59FD4670912E15D505BE6F513BB,827,1170,RGB
4308,page-4308.png,257706,E77D4E14D78491AFAA966C219F4DB03485C542E0F0ACFF8CBC85094413C11ACD,827,1170,RGB
4309,page-4309.png,300132,2CDF0095A930D2F92A785C678659773FC0930C18ACD57CF57A2025579F2275FB,827,1170,RGB
4310,page-4310.png,250339,D3E9FF18F45498B7EC53CF78CD70BC950F23F60263F8CC430FD9562E3892BCB7,827,1170,RGB
4311,page-4311.png,357679,00D84AEDB458F487D0459F24E3B89F75FB78D09164C92A945FCD4D63005282D9,827,1170,RGB
4312,page-4312.png,337712,205722C49ACFC76DE5816907B599DD6C58593747806FB4625537299CA020022E,827,1170,RGB
4313,page-4313.png,337759,8A4FAD580BA97A0C74911525E4B563682FC812957E02F5A5D8ABB90D4E4E1335,827,1170,RGB
4314,page-4314.png,328944,7509F99022A3E1AE551DDBCE02A5442985E874F30732F876F2C0ED6F68EB922C,827,1170,RGB
4315,page-4315.png,256708,E0CFD43C38D7154F1949993340621B8A51A0CFF5EE575CCCFA6D24631F1D3EC6,827,1170,RGB
4316,page-4316.png,304368,98FF17C82E62FE7598EF4C0C0FBC46D4D20957064B9E6700C7AB39626C0E9D06,827,1170,RGB
4317,page-4317.png,381340,5238A6DD10CC35A4A760170397BD714DF7F3E5C6B35A12561279C26A99E55527,827,1170,RGB
4318,page-4318.png,355076,598ABE50E40DBA300F4056A63B91431FDFE974DF605AC15B34BD9AF200E91A4E,827,1170,RGB
4319,page-4319.png,329347,B6A6254237823132152FC41E46DE1189B6375000086995CB6D2750C5BEC7918A,827,1170,RGB
4320,page-4320.png,297057,69DE821E240C1CEABE4336E54D9D5E32A8D903EFDEB8782DB45F7E98E035DC1B,827,1170,RGB
4321,page-4321.png,292733,A7EAB932D306DCBB3FF9B493C4B574DAC1C5D7CF55607789AC144F011565EFE0,827,1170,RGB
4322,page-4322.png,299471,CBBDCB3E1A90B36CB7E5D7E6CC45E2F8790DC80E6B78B99442AF785EADBBACF0,827,1170,RGB
4323,page-4323.png,319740,C68EF6484F49EB842C10BDDFB8578BE67717597C9C0867D967DB96A7ACE538A4,827,1170,RGB
4324,page-4324.png,256571,89F992A1AD0EC4B4C24143E6D37396F51CD1B6F9C4C2A82702110B9855F9D8F8,827,1170,RGB
4325,page-4325.png,255508,D0EE58F3B62542F21B7B10D0D9578279BBF2CB63DE6689A05F8228591B7AC005,827,1170,RGB
4326,page-4326.png,261452,41040AE089D8AF4E1FCACB7F505AA18BA5A4867CA0C6AE63F956B1C08BE44FE1,827,1170,RGB
4327,page-4327.png,218154,59FB6717D4F115BF29DFB6BBC50096BF3A50ADD3640420AB6DF7DDD8208D3352,827,1170,RGB
4328,page-4328.png,351033,F4ABE6AA01A55F0F2BC04EFDB511A4917CF41549A800B95FC061F3CF9F4DAB1A,827,1170,RGB
4329,page-4329.png,307634,D80D4BED804CB7A8ABEDB640CB5DE2280FBCA1A5B6BD3EC4FF515A9EEB847609,827,1170,RGB
4330,page-4330.png,243681,3B616CF6416635FCA2EF3146CEA6B8D0B4A406CB06E9347C434144E8AA5AB99D,827,1170,RGB
4331,page-4331.png,354114,AA76945249AD0FB77FDC59293727702CD35D84B092E174560E34A35A801A4F6D,827,1170,RGB
4332,page-4332.png,236399,73E7EEFE4CCECB18AB62A5C6762BB3BEEA32A30ABCC91F912CA43391ADE9F4C0,827,1170,RGB
4333,page-4333.png,269657,CFF9D47FA3EED1308001548BC8B49EA8B0879B720C1B8049631D8D07D44472D3,827,1170,RGB
4334,page-4334.png,384519,07F749328BECFB64AE16FFB759454520EF3EEAF6A9F63E872811F298CCD1AAA1,827,1170,RGB
4335,page-4335.png,362120,7252D024536396FF0737AEF225E8FCAF2182F41B5BC7A9C49A072B502324F9AC,827,1170,RGB
4336,page-4336.png,297758,5D4F8EBDC131DD9CD90EEAFE797A8A859F1F851D9A8D16DCDF37E58FC95B085A,827,1170,RGB
4337,page-4337.png,263535,9E753D7C33183B488BD3A1A98E86B39FFBF46EAA73F7F21ED262DBB5248AD32A,827,1170,RGB
4338,page-4338.png,256363,F5D2AE71DDC9D698830AE2C234DE1E15DCEC12CEAD6D3A0FAC0EB0469F178A51,827,1170,RGB
4339,page-4339.png,330117,3DF42CD88116ECE739A402CDDF821A843B37FB8E2BC82DAA6D6F319BC294A690,827,1170,RGB
4340,page-4340.png,255707,0745CBCED1177A9A931685F8EE0F735C9A63895FD2DD0CDC3F85FD3D3A9C046E,827,1170,RGB
4341,page-4341.png,323259,731A60E2B22F8160AD48E9DAAA53F1C51C33E6D2EFDEA1579404A8FC1AA377FF,827,1170,RGB
4342,page-4342.png,253020,A9243BDCE8777A48B249AA82C7B47A686544353B23C71B3DF6547F795B71F8AB,827,1170,RGB
4343,page-4343.png,322019,9E46695933B6473522E067FD437810DBAA35AD4CBEE96E56E2EE8A1EFC62282C,827,1170,RGB
4344,page-4344.png,375050,A7516F5BAB453F524681E376BD28C1365856388063DBABDDF43DCF5C4A7CB8BA,827,1170,RGB
4345,page-4345.png,248005,AFA54E366A1C2E612DD7404A51FCC2995EE3B73F412B9E6C670E740F7BA2C88E,827,1170,RGB
4346,page-4346.png,221663,86D6D6289CF77E8F56808C8A03E2ECB40AE1C858019B032E63A77FCFF457F11A,827,1170,RGB
4347,page-4347.png,312243,5ACF3F3631B54ACD14D03A33DE667C18F57D37810BC482B6C6FF49F902F3B3D2,827,1170,RGB
4348,page-4348.png,325907,FD70FE888743FB4A4C3AF0925D8097BCA00D7E14DA01A74FFBB623F705B99D41,827,1170,RGB
4349,page-4349.png,316998,4628B0C9B86CEDEB50CF0B8D1D67D928EC3F6A93FE7AA67C4935A7FECD00E49D,827,1170,RGB
4350,page-4350.png,223977,4FE211FF4FEC619EC0B841FCE18FD957338EB25EEA92B6056197900D8AE389A2,827,1170,RGB
4351,page-4351.png,168180,8991969559569F00F57C3C4C9E23787006684738C0EA605608FEB79B274F27BA,827,1170,RGB
4352,page-4352.png,238080,B27D454E9B9819CA3E6ADC92BA58C8700055D18A8E2107AEBAE7C519CF5B45A2,827,1170,RGB
4353,page-4353.png,343619,7FA356B21AD708256E3B1081D2CD9C16D101DF53BB9E22C23AC8AD502E89B92A,827,1170,RGB
4354,page-4354.png,120013,4FC8070C7A0B2018558746CE2F5126A96329D22B3AC62B184CFEEC0767D0C6DF,827,1170,RGB
4355,page-4355.png,268993,3DB22CB3B864454946ACD3A1AD4D6416C946C0FA9983B8D3A20127B7BFB34AEE,827,1170,RGB
4356,page-4356.png,217720,8B288E1EDB0C1462B3D4999ACA19E156C0B488BE4BC4A400F32D3E8C0D2FD606,827,1170,RGB
4357,page-4357.png,202611,64EEC36F7A19828AB51A2AEBA9192089BDADF99AB068443B4ADA35DCDF1AA14D,827,1170,RGB
4358,page-4358.png,297447,EFB25FCAE7A6FE3CFFDEF0C86D47919D38E7B7007462B61CA8A49C0ABCB9E82D,827,1170,RGB
4359,page-4359.png,306334,94F3EA5A1F6877A0ADF474B76015F0DC4C0C5F3BF9C45079CFDDDD24B524B883,827,1170,RGB
4360,page-4360.png,301150,73AB6794CCDB9AB819BDF6929F9783934757C638929EE59C3CB5D9718E2773AD,827,1170,RGB
4361,page-4361.png,300859,279F73B78151EB8B73C2619FC11272551CFC0F8764E17954ED7B1ED10CC32014,827,1170,RGB
4362,page-4362.png,356585,04E953FB253CA71CBE1F4AAD64B8CDA4FA4BCDE3524513839E317C47A4705CF4,827,1170,RGB
4363,page-4363.png,339913,2AA74F85DE60E38E234B4E21293713168F1F5B57EF8D318C79A0F68340ACF3BE,827,1170,RGB
4364,page-4364.png,320782,E08C55D2A227BEF280E86D18FADA0362A867CFF67D42D22B18A83296107EC64F,827,1170,RGB
4365,page-4365.png,352641,3C250FE282274AB3FFCD50B668DB8D33DE9AFBC3DE8F686453691894CD23B68C,827,1170,RGB
4366,page-4366.png,241592,4ACF6B1E93B77222FC904954C8F5A42F8F9F3787D291E17F1265E319D0EC63AE,827,1170,RGB
4367,page-4367.png,170222,FACA666B2786A97ACD55B201721AD80BA9236090B8D92C5DEEDA8C2CA4531F33,827,1170,RGB
4368,page-4368.png,286508,B2182E9B9462046B4D46005242FCD79FCA3AF076DCEC66740F965B013291569A,827,1170,RGB
4369,page-4369.png,226413,20280ADF3B7E6A9666B30DB95CFEECB82859D01C53D5A91CD288CD38E76C1BF1,827,1170,RGB
4370,page-4370.png,301905,2719D64BAC38897BCC99DC396E6FC676B18131780655379E826D1097C4CCD45E,827,1170,RGB
4371,page-4371.png,341492,D2805AF2127618B8290E9A26C0D81A96925CDD7D6CEF8574313B297C2EC6D161,827,1170,RGB
4372,page-4372.png,268113,E26CB449C7A52F26292E972C261FD4B605E708D13536478143782A002964DFAC,827,1170,RGB
4373,page-4373.png,346946,413CE70B581F767518923FAE79FA0318421635D9337921FF4C02AF95C470F504,827,1170,RGB
4374,page-4374.png,338259,669BD20619938A6879AF408602C44BEFFEA0EE67B6935B27A15B721E33C5CBEE,827,1170,RGB
4375,page-4375.png,261339,B873E21AB21AAB0471979F36BFDA820AD7F944ABC6861BD085F61795D0089609,827,1170,RGB
4376,page-4376.png,348437,3C0BA86AAA286C3EE812192E629259EEF66A9C898220F8AF8F326F50A9D99046,827,1170,RGB
4377,page-4377.png,326330,EFF5EA9DDA1679A8ABAE1013CF5F8FDB9E64DC660DDE0D105B97132B0F4EF94A,827,1170,RGB
4378,page-4378.png,320616,1013CDF3AE4A8E6B7ECD8A0A1DDBC2C47502F6923D1EBB5367E2C97F2EC4F785,827,1170,RGB
4379,page-4379.png,364414,A8632DEA8AAA81EE9ED278C2300FBADF1C0255147E334C61D1869E08785B765C,827,1170,RGB
4380,page-4380.png,314801,A7B48E7E34AB72BFAD12694173C5DEF8668063D193EB3C7F52BF308F53EB156E,827,1170,RGB
4381,page-4381.png,326836,2CFCDFAA0E14F8AD594D10548A3B86F805A3CF36E13044FD154171F490371EF7,827,1170,RGB
4382,page-4382.png,337901,81F93205E4F774C6E7E7001101FF7AF62B0E3543AA7CA04A70D6271178AA7281,827,1170,RGB
4383,page-4383.png,325418,3FECFBFC981B8A5BC86E44D3A652D6266EE8EA9D1F3CDCEC2EC1E26DA637600E,827,1170,RGB
4384,page-4384.png,308467,E37DFF51EA8B3ED67CD48FA0353CC52A2B2A045ED7235C68C677045B57F7F7C7,827,1170,RGB
4385,page-4385.png,322323,0DF0068330FF883EF14375E0BFCD03993D92A12E0A469FAF537E0913FAA9F088,827,1170,RGB
4386,page-4386.png,297480,F785A67D5AE664CEE11268406C1ECAE095BF06F90DB7C535B4191D30C6DC4B3E,827,1170,RGB
4387,page-4387.png,295366,70787DDF18B173099F1A3E334383A65C42D55C0BC62A0A1D10B9B938F603AE3C,827,1170,RGB
4388,page-4388.png,224861,C84DBA49E19D9C91DE33183B871DFA71A8D4D0B8A518D553EC45592CEA597F6D,827,1170,RGB
4389,page-4389.png,275224,2E5CB90D55F2A70596F37EF6BF3DD52B0753613F99DE132BBD112C0AA56CB80A,827,1170,RGB
4390,page-4390.png,313893,7335EDCD53DB236B5A9BF96D78F615760B6CE42B4386C2C86E882E2D3C619C2A,827,1170,RGB
4391,page-4391.png,290175,5119C33CF1A5A268E0F5DA58B7E8C2639CE9E94357F8600C85F6534A2CCADCFD,827,1170,RGB
4392,page-4392.png,259385,70369A1DBAD4E07915C42FC0A95F130B734183C05FC1C22EDE9126AFFFF5102A,827,1170,RGB
4393,page-4393.png,296515,73A8FBC0DF3B5A89991CAF90BC799FE52CA238EFD061713CF88F2D193F89A3DA,827,1170,RGB
4394,page-4394.png,219075,896FF2C2955F62FF61B23A4E5C7FCD629762004745E9F3CE37FBB408C0D46A2C,827,1170,RGB
4395,page-4395.png,298091,14E40061F6EE456BD3FF47FED80868611A3DD711D629EFDDF88B963BC6DF94E9,827,1170,RGB
4396,page-4396.png,131104,3EABEE435BAFE5F1A5A1CBF915C4465487AE1489D83A52590DA988E05BCC8677,827,1170,RGB
4397,page-4397.png,299453,3ECA11377D68A8F6B8CA6927D4D69C056F7F38074D0DA310F37962C31AF585BA,827,1170,RGB
4398,page-4398.png,339635,8ECBBD376614953FA0F954C1160A6426A54F6670C410A5352085C7D2AF3C69C6,827,1170,RGB
4399,page-4399.png,306872,ECA2D8DEFBFC372E3156094FFBB607A6CC6B39FE7333F5CE43BF24A258DBAD72,827,1170,RGB
4400,page-4400.png,307921,523D0D08D3E13AB183E459D08774187D1A80A3E83B94572C776DD847A11A53AC,827,1170,RGB
4401,page-4401.png,293068,DB6CD88722A0ED804CC719B3810CD0D607E7EA1B5A114430DCDA5896D761549B,827,1170,RGB
4402,page-4402.png,343952,980E09CB02493B7B60B6CD15322CD073D68ACFD48C4D7BA37E648D97708E965B,827,1170,RGB
4403,page-4403.png,335654,7063B1AE52E5FA57539234786E4B2706AB81A615A26CFB3C54C2F97A6ED37068,827,1170,RGB
4404,page-4404.png,283740,38A750ED80CE0587126F837477DBFC5E52E47EF88E7FF3DA19054444FD7666D8,827,1170,RGB
4405,page-4405.png,321884,C6814C0D06F08A1530E28251A7224DFA5655469F9ADAA383B2085E9876CD8D97,827,1170,RGB
4406,page-4406.png,253728,54D73ADE7B9B3DE8B66C413105C5DB4F3A6F75144E1674EC93081A8D1BAB415F,827,1170,RGB
4407,page-4407.png,307338,BFE9547C31FB7F1A1B09821CF004800031D3F8A7263F84DC766781FCFCA8358F,827,1170,RGB
4408,page-4408.png,370121,D87D9BB876D469627412C80D4C7BF385AAADD8D9991DEA2D0D26AB1A633A2D75,827,1170,RGB
4409,page-4409.png,275121,7F81F70C89C3D42BB5B0AA1E4A679FCEC4F7E495839266FFFD484824275D6B56,827,1170,RGB
4410,page-4410.png,288601,2D60EC66E5BD7C98981336FCB0BE2BE69E0DD8D4975A6FD009C80DB8CF2B9504,827,1170,RGB
4411,page-4411.png,291520,ECB8DD128AEA742C9F83E9C0E87023AF425A4AB215989E7BD7539898D04E8DC4,827,1170,RGB
4412,page-4412.png,295348,A5479DDC0BB7C506C961C08EE57AFBB029309DCE240A378280623B0F2C172F03,827,1170,RGB
4413,page-4413.png,297249,A21E561FE27574AD93495E34BB9140193F2E8D3D604CCDC7A489E566FE866412,827,1170,RGB
4414,page-4414.png,269062,4451CA331ED7BA09798846AEAE73035EF7E4845DD08F298459E38D9BFC56383E,827,1170,RGB
4415,page-4415.png,249259,A1C2E1572FCECDBA714A27697C17A8823A45C79C204C0BBBA5FFAB9EBC627892,827,1170,RGB
4416,page-4416.png,223362,A60888D8E1B17C08A6B8670D60A19120439958727CAC724201C0B3D3326A07BD,827,1170,RGB
4417,page-4417.png,338194,47292D2F7443BD8B577ED03C33CD73093C0F46FD21BE2B74740BF18C5D7CDA36,827,1170,RGB
4418,page-4418.png,286849,B68BDB7489C355D7E861F015C4BF2BCBBDFEEF773788F57ECC042141C6FF1F69,827,1170,RGB
4419,page-4419.png,343743,770044DEBB6095EA15BC7DB8DC6345D0CA08EA1E3A0B357DBD37A4004BB6285B,827,1170,RGB
4420,page-4420.png,325797,A07359CD8F2C728B0E0BB39FC0E172E4FA184203AE0E3B64A006DFA77E2B78BA,827,1170,RGB
4421,page-4421.png,291360,D467259946C918C2A06DAC1722FC6A91CB0E89D74C7138410873D88B5F5ED318,827,1170,RGB
4422,page-4422.png,303742,419D9E2EADA4E4B849D7F47BCB4B60F04B847A048F319C84E6DAFAE9943D0D18,827,1170,RGB
4423,page-4423.png,376378,2528E2F8A790CBEFF265F6D053604A0D36995A57DDFABE997F0CA41FBED157DE,827,1170,RGB
4424,page-4424.png,278983,60DB5FF4D64D031834E319EE34B1EA648D2A1075DC8F0787D5ECC348FC9C4226,827,1170,RGB
4425,page-4425.png,340843,C126E407FF74405BCC874026A9552E180BD207FA2978FD609B20F02CBB7A32D3,827,1170,RGB
4426,page-4426.png,381209,F6E5E3FF7D669DEED5F86B68386D03F3471413F7FCDADD17A77FCE54A967F7CF,827,1170,RGB
4427,page-4427.png,243240,5E0A304CA311FF9A90DABB138EB5325013749E86AB11570AE9C3DD2753810D36,827,1170,RGB
4428,page-4428.png,364922,938AE0D426D3A03CFE25677E4E444CE1731EF513BB21F70CB883F4401E2BD161,827,1170,RGB
4429,page-4429.png,328900,E648651A0ED1E675A776662BF7B08B9378B4B68C94E53D8CF10503F08419FCD7,827,1170,RGB
4430,page-4430.png,327504,C0FF3D0B6AC8C6AF3427C98FACF29EEA8DD051C2F0DA41A3DFE2420628E66F33,827,1170,RGB
4431,page-4431.png,354871,5F0E67DD0559598392C778BEF0CC5AD9CB4F64C9C5DA194C03E819AC1288DBCD,827,1170,RGB
4432,page-4432.png,245652,F7F12840C1F204028C9AD40217A72AAE92B5D8C3FD44294DCD11347008FD0228,827,1170,RGB
4433,page-4433.png,306273,7FA760E19EF52316B4FA5DC74945F3E0AEF23944445CC65B9CC42E350E1A288F,827,1170,RGB
4434,page-4434.png,294662,3961493997537349C58E6FA1F88D8FEC19075D8AE6BEF7F5AA59B613E86826B5,827,1170,RGB
4435,page-4435.png,332617,8D27780E5715A7CFB114B8B81CDA442929E2E9A5D95C5B9196FE23121984889B,827,1170,RGB
4436,page-4436.png,367305,27B8D7AF56ADA26E2E414AD3E75780EE22EA4A8148539AFE3B8C5721E8C01ACF,827,1170,RGB
4437,page-4437.png,360966,EDAC4A3CA5914CFF2B53609DA3875E6730476F2248025382C76FFC6AB6BAB631,827,1170,RGB
4438,page-4438.png,359030,3B64C8B5C7B10634C369EBEA4592F065DD8EDACBF81071799D91E886CF705801,827,1170,RGB
4439,page-4439.png,366969,47A0CC1D2A98351D0B4FFA5EA59522F93DD90125FEAB4CA6149D1C408654E44D,827,1170,RGB
4440,page-4440.png,343840,11D44A3BC5E2799D48ABE86CFD008811792F59D5D6545AC7D0378CFD4D431CB1,827,1170,RGB
4441,page-4441.png,262883,5D77DEFE66BA18BDD4520A7799CE6E47A7EAB2E629799565FA1E594F0BD0B0B7,827,1170,RGB
4442,page-4442.png,296611,E2551289D392E390A7B4231DDE2EE8A97BBC8D9541E004D6C1956E43D529ED46,827,1170,RGB
4443,page-4443.png,337689,576500DF7315B228A610D313189D742AF1032E79774DEAF1791ADDC83CC79E40,827,1170,RGB
4444,page-4444.png,305114,0191D5376286AFA3BB5C559DA4CB409628FFE8D9705F365DF4B1D7626FCAA004,827,1170,RGB
4445,page-4445.png,343227,EB3F251A353CD8A599195DF90A3795A44397F9605434ACA63E1680FAF852622A,827,1170,RGB
4446,page-4446.png,265756,D32FB810E77502231BFC7311CA75C17F2184A42E840DAC122401C299D8A4F0AA,827,1170,RGB
4447,page-4447.png,236551,C124ED9708C018A46E2D09DC19CEF1659080B1D136C58B4C35CBB437E980E043,827,1170,RGB
4448,page-4448.png,322808,72C455D55AEAB98ECF3D7F94E262F68AB91B54AC4ADDE9E6AC6833392D57A37F,827,1170,RGB
4449,page-4449.png,255077,AD5D0EF406F64ED50C2C13EC953904DD6F9C8D85092FA4625C9101B99CA97BF4,827,1170,RGB
4450,page-4450.png,200158,219180C397B32028957071AC3B099AD97A1D86280C39A4D8ADE5825D9D059097,827,1170,RGB
4451,page-4451.png,290399,FBB1AFCCFDC2B85F6B6DE3B3F59552E006BF3DEC496001A274CDDDDBF6F7E12E,827,1170,RGB
4452,page-4452.png,275979,C0CCDCB669FFA640FC943FBD7C0DBB8F33B256BD825D6FFC42906EA956698FBF,827,1170,RGB
4453,page-4453.png,295370,C593FD864D96A91F704B6560B926613A6C031857BBF1A9BBD7627C722151E39A,827,1170,RGB
4454,page-4454.png,230472,C50E18636489C183059C91E6DF92F5E31096DF481F9C653F31A8733CB8D20CC6,827,1170,RGB
4455,page-4455.png,288359,AFD971F2A4C0BDC7E51FBD76E83C63614E42CA92EBBDE03015C0FC853B54934D,827,1170,RGB
4456,page-4456.png,238728,6FE73F9808B55B7C56A746FFAB9BA14DCDB3BF0E94B2C2AEDE52471C9C30CC29,827,1170,RGB
4457,page-4457.png,257248,D8C59D30DF63876F55BD73D8284B9848141C7B51F42CBA29CC69495CF49DBFB5,827,1170,RGB
4458,page-4458.png,344618,92E0DE067FE1D302C3C03C789F5D1AAFECBD9B62A6D1E5CD60695B8F23CFE3F7,827,1170,RGB
4459,page-4459.png,303144,9E6CE8F629FA50E15AA56DC459BD9DC8F17B757375809C4A3F06D454C9E6B803,827,1170,RGB
4460,page-4460.png,358941,6E286BDB157F81C9324030A582C9B7CFC4DC12514AFD4AD4C02955FF4FB6F3F2,827,1170,RGB
4461,page-4461.png,98536,036E9BB46B23D5A8D2E73D8A8583DFBCC44F99C4848233B2235219B6BE4EEE39,827,1170,RGB
4462,page-4462.png,211559,8C50D7E0DED148A83F4DA84AC90FD65D727B05841F9472197EC09D69E99616AA,827,1170,RGB
4463,page-4463.png,359850,66BFDDB4F6D682E225EF1F0E9A41AE620BD744ACB55CE7671489B16B7BBCB10B,827,1170,RGB
4464,page-4464.png,323512,B5E4A4AFD0A026485B3021181E0CEC11AF5D76FC048AB048F8CAD209B9B9FD90,827,1170,RGB
4465,page-4465.png,352248,E08D76CE3BE1C8B6EDAB7EE3FD686079EAE90CB86D7F064F24CB562EEA8D1BFF,827,1170,RGB
4466,page-4466.png,357896,A3253CA436DE03486EED8E361BDA5A30E922A75C9A29C279B7EC497E50C15B16,827,1170,RGB
4467,page-4467.png,230834,DBB1EC0A6E74CB86442C01FE9EC034B9F8F7A41B71B8DD69DD2D998162CB2FE5,827,1170,RGB
4468,page-4468.png,315819,D35DF1A5A24AD69DF788D9EE9F10CA6ACA6FEF80B28505AA2D7B5681C8FC4824,827,1170,RGB
4469,page-4469.png,367692,5A5FE7FC2479EAF0BF9B60FFEDBA4C8557980F8AECD199296CFA5D518FBEAC22,827,1170,RGB
4470,page-4470.png,264319,8BDFD47396EA12D50FF921992781EB9934EE030579A8B9A0DEA9531CB71D7117,827,1170,RGB
4471,page-4471.png,280941,005E6D79D8D9DCF5F2D3CA1A60B1E8BB517614B5DD6D5AFB163377872E38CCCC,827,1170,RGB
4472,page-4472.png,338091,AA501497CA8F17F073211C2951F325844BF755111319850CE4AD6155FD139FF9,827,1170,RGB
4473,page-4473.png,268979,815051C718458DD95EF8B977006BA5F52488B656889A2B1FE5F45324917DCE14,827,1170,RGB
4474,page-4474.png,331264,2384AFCA05D32E2F0EE88B2483461AF8ACB3B2AE4F9B0C5167EF216DE92E7264,827,1170,RGB
4475,page-4475.png,355756,05BF849795D6E4C3DAEA5A318A7E172D81566A63E858634A8C7B95558E4ACE25,827,1170,RGB
4476,page-4476.png,315556,1809AADEB64867C45DB2724F051FB04455E6E8770A2E363E4D3584629C68CA4B,827,1170,RGB
4477,page-4477.png,373187,AB3C0106FAAF007D103BCFE4CDD42A9572339BE2673832CEB5DA7F3AA1D4CA33,827,1170,RGB
4478,page-4478.png,320816,6C188316749890ED9ACCC7EFCABC804FC9AAC24A9F84EE1D887EF6B59DDE923B,827,1170,RGB
4479,page-4479.png,267674,E2EE2AE7C9A37BD1899020E9C829B8216BA20B78F88DCFDEBC09925A4AC9DC16,827,1170,RGB
4480,page-4480.png,309365,FA21408D60E1F0492A1B00FD3C2B6735F5AC49D308478A82019908F428F3DC83,827,1170,RGB
4481,page-4481.png,267063,2B05C8A2D85D8633246182BF96E85D2C1B58CD284F997DCF8ADEADF17821A0BB,827,1170,RGB
4482,page-4482.png,249456,3C27426A488C55628FB598F632C6B1E2ADCD740CED5971F8CB64EBF2E5846E92,827,1170,RGB
4483,page-4483.png,253964,8C8E765C6AFC5CE5E9C912623D5EED902BA4B46DB3E8BD69AFCD6582AA33CD18,827,1170,RGB
4484,page-4484.png,321787,AA7AFCAA72C489F4DBACE2FD28F24BC01825EDFA5F9F5D3FDB17937258483148,827,1170,RGB
4485,page-4485.png,223699,BC6667D7D87EA28F05708904BA42BE2D072CE7E64EAC97DC919743783FAEF783,827,1170,RGB
4486,page-4486.png,197088,2BBA74CD7155599938B2EAD14D46B089B2BA8DFAC9ACD5AE833F141B1D9A52C3,827,1170,RGB
4487,page-4487.png,239687,714A2AA90493A5727B0914D46BF97FA74174266AF124BDFF32834E07BA19167E,827,1170,RGB
4488,page-4488.png,269109,7BFE8BA8F8B36F950DBF6A5CEBA9A01FD8288401E8710093651D26727533C395,827,1170,RGB
4489,page-4489.png,31309,66894A465DDFE3F31CFF128E42821198BB892B60C744E5A1F237BFB319751B48,827,1170,RGB
4490,page-4490.png,253658,107CA0D529E49AB9BED0465803E7F00008ACBCEAD925F06BABD605B99E400259,827,1170,RGB
4491,page-4491.png,323712,A0DCFE6C92435D4F1AF9AD9673D23C37541033ACB4311B4A7C445794443959A8,827,1170,RGB
4492,page-4492.png,319559,B1E94B415553B88FB25EA583A6193543DC552D38113B585EB530A4A022E0044C,827,1170,RGB
4493,page-4493.png,247159,6F00AD06E03D580C36702B8E205F5D63E9F0711D55FE4C7A937793AEE4BADF8C,827,1170,RGB
4494,page-4494.png,294875,8F7121E449DCF31147509561B979265126732D3AAB5C90FAA0B09F568C7B71A1,827,1170,RGB
4495,page-4495.png,267318,5A510EF44B83ECD888B6A37ACF2545900B15D404AB77E15586E488BEF475E82F,827,1170,RGB
4496,page-4496.png,322551,004FC031F9F4735422B0A0B2268379DEA60A35EE652D3FBC81F6D950AA8CAA10,827,1170,RGB
4497,page-4497.png,320649,C898CC86C7A65F3B968797C023F129BEA4774231516B5086A3EFB5543985A1D7,827,1170,RGB
4498,page-4498.png,348630,A8C16B0E3B59C6B42391EB7218E160BF59D2F413BA5D750520BDB2C530240A3D,827,1170,RGB
4499,page-4499.png,266766,7082E58E609B506B65C603603015E1F92EE04B60F989229B62EBAD8CE8D03142,827,1170,RGB
4500,page-4500.png,285796,6DC39424A2408596B926ACD8AB6567066467D3A6B11A4B754E7D52823AD04DD7,827,1170,RGB
4501,page-4501.png,246369,DD5196D9F047F194C393BBEF3D92D692B89F48C3ACFC7EF1432072492E79CFA9,827,1170,RGB
4502,page-4502.png,256575,1E8B34602FDE2E4AF52FCB1B6A706C8E457F260458ABC1CC37A001658C590D2D,827,1170,RGB
4503,page-4503.png,266303,04389FAB9F574F8A4AB7D5BC666BD3AF9E5BE40A5D8F26CD38E1C338A1B9AA45,827,1170,RGB
4504,page-4504.png,306244,C3EDE8DCC736B77C5D9E5B0446189F2933C02E830D863CFB681B216D8F34F62C,827,1170,RGB
4505,page-4505.png,244730,2C42D2C0ABE9EC0987CDD57B5F988078326FFF597C11B9B5B5A839A4D3B8CF4C,827,1170,RGB
4506,page-4506.png,283436,008D1BDD148D839BEDB629BFDE6B98676FA5C2ED55D00523665177D78834DD3C,827,1170,RGB
4507,page-4507.png,243247,E4910C0AE6D9F84D1AD8E0A4F6119D1BEF6553300497D1E3454135B9879C6A22,827,1170,RGB
4508,page-4508.png,285885,1271B8C02EB48333DD53F11F4D27526F95C9A3A91D0110DCEBF3A5AC22282F60,827,1170,RGB
4509,page-4509.png,317954,75C1EE14AE8042E1E84667D097CFC07B2C82A815FAF1CA197E465CBE7E443965,827,1170,RGB
4510,page-4510.png,345108,FE2218DCABBC6BDD78368C4DE005846F501C244345F5CCC2D9C2D52FB203E2FB,827,1170,RGB
4511,page-4511.png,284919,44B03E828E24AC3A4D1DD33611994B524EC8C72114872E96D28C3B03F449F052,827,1170,RGB
4512,page-4512.png,343826,BD824554060158BFE9BF42130EBCD62B17B251E456D46BCE3DD342DE19EA30BA,827,1170,RGB
4513,page-4513.png,325366,4C2AFBD755A3005699622BF9BA62AA6DBE31E9EDC1470A8A41E968EDE0F04FBF,827,1170,RGB
4514,page-4514.png,331864,7CBB02853F70557C5EFCF66FFD0E331D24702683C0283244172CCC72125765B5,827,1170,RGB
4515,page-4515.png,298106,47872DBCDC40A3170B5965C19612D42D03E9BBDE62A1E45DF11716C64B2441AF,827,1170,RGB
4516,page-4516.png,350599,AC02B6401AEA1DD793F9D7F86B55AB28A62ECA16664217E9FAE201393AD42A05,827,1170,RGB
4517,page-4517.png,321362,888E038CE99B3F052E1A45C7448ECE5F3C5F0EC7C1B790D0BB523624DD8C9BFC,827,1170,RGB
4518,page-4518.png,341074,1E74007DA1627C070A1C5D9670372C049F45CCA3172FEA9EA5B0E08B0FA0A9E4,827,1170,RGB
4519,page-4519.png,313882,68D34D53FD55ED5DDE8F869385AB5DE8D38BAFD1ECC93CE8E99AF69D93FED3AB,827,1170,RGB
4520,page-4520.png,389015,092E9FE49D6E0CA9C886F543B8AAC81091872AC13EEE68AB35F57D914E1664DA,827,1170,RGB
4521,page-4521.png,277112,FA232D479AE09DAE08CECEE4252973BDF3556DC962B0EA127E2710A77E686DB1,827,1170,RGB
4522,page-4522.png,288671,9CBB47912F4006DCB3BC2E3F5E4F1AC064D0FBD569E923102F7B768C207ECD99,827,1170,RGB
4523,page-4523.png,302555,D9B9ABE33A86EE0082EFC40C78D2726F315FE79C900115A6E2F4B86F7F1378D5,827,1170,RGB
4524,page-4524.png,284273,879F57874F87BB51E9D991C18594370F565E86D4E2636926A6B3304F45EE729D,827,1170,RGB
4525,page-4525.png,329244,4200F80B6D4FBE6D9C5ED2EEBA5CC0F197A953B67376B3C4211D4CBC0844E357,827,1170,RGB
4526,page-4526.png,269887,CAF0383254BA74A38AB0C6F3115AFB9188CB2ECE4EB8508697AEBCF10AC7055E,827,1170,RGB
4527,page-4527.png,273395,33C6F46903CF417919908F6915320B4C790357426A9D86C1C33CB91551A21D5F,827,1170,RGB
4528,page-4528.png,254369,986C26AE6DD77CBAAD2BBB441258FD69B55D4091CB9576D3FDBBC75238B22A12,827,1170,RGB
4529,page-4529.png,211953,561A4E2E10B6D4EEB51FED34E99C13520021310BF7B3D50321BE11C1299B0982,827,1170,RGB
4530,page-4530.png,243944,D8942C7064C53AC42E16B5283781E7D17B7FBD4D8EDE2768CC4D5607CD2CE292,827,1170,RGB
4531,page-4531.png,220476,6DBE61A4EDA26A2C12381EB86837FB0E5A9C61D9BF43C6EC7C23EC45E1B86E7D,827,1170,RGB
4532,page-4532.png,209894,4459FD48B1538FBC47FC90ED7E70F524CCDD52E2E31469EA88348B9CFA6936AA,827,1170,RGB
4533,page-4533.png,316969,A7C08D1F2DF51145721A7652C3BEF099257B7065C4B2781267A5F18DB50FECD8,827,1170,RGB
4534,page-4534.png,225644,45FE70A92167F55CDA1FACC189C015B94C65F7D30658959D7680142EF97FB453,827,1170,RGB
4535,page-4535.png,275944,ED48AE98D9E69FABEDF0132F7E89EE34FCB92A10AF296DC9091B254C2D61DF88,827,1170,RGB
4536,page-4536.png,294444,42F7F4524FF8CD501D0BD286D52089ECF3C3F8815D669BB390BD3E84D6BD09BE,827,1170,RGB
4537,page-4537.png,354624,D377EB96238EEF5B71E104765C817B2D603D9F792CC26573EF52343F53E0BD34,827,1170,RGB
4538,page-4538.png,295554,5281E9D7F987008E901D48595849DB908F1258342A18DDE9C524814E4DB4903C,827,1170,RGB
4539,page-4539.png,349515,E0E2E65EC89881B8F7C65D5E4F30EB8229FB0A0002AF6C3FD63AC1BC08A53E38,827,1170,RGB
4540,page-4540.png,301312,DFA60A6779AF7BAA2D591D42D68A9664B2E6EE0301AC1482BB7A3D4D72348DAB,827,1170,RGB
4541,page-4541.png,285635,CD67249BB858FFC6A325742BF5EE96C902C65B5D27F4BC38773A077FD6EDD7FF,827,1170,RGB
4542,page-4542.png,307451,3B637AEA8F5A4E283FFB67D520AD4B8AA8C527444FD007017104B8650C5D3F9C,827,1170,RGB
4543,page-4543.png,352681,A7073DF4A90B6B086CEB632BEDE1DBA8E53F16335E3D7039055E3812725709ED,827,1170,RGB
4544,page-4544.png,235117,44D1E3A7DB2B8170B55A12051C1CB469A607F17D472D74523C5D31679A621393,827,1170,RGB
4545,page-4545.png,320804,69030866DEDDC8699041C9F595A4B3ED78D04A7B7A0D15542EAC17091A33B40E,827,1170,RGB
4546,page-4546.png,329854,65FB8D936D88DAD4AA628AB96651356155C8BE124D38B51BC53260517E67C206,827,1170,RGB
4547,page-4547.png,294403,5EEC485BC2F586295A64166A21D3C0876CADED12187EB87C84600A861FE6278E,827,1170,RGB
4548,page-4548.png,237133,C47AA369998F7AB13932EC8A342466DA3DE6C55E1ED24CBB33C2E7DC3B317283,827,1170,RGB
4549,page-4549.png,364992,9398A5130FEA3F280B129BFF77ABFCCAF7EDAC2DE8B4C099F4D67FE305609AA1,827,1170,RGB
4550,page-4550.png,328894,94E011BD459385654C5E77EFA18E48690974C775293D4B32B7DCC396B85C5430,827,1170,RGB
4551,page-4551.png,234617,3149D2E3997C1A4B6567C74DC527BDFF2DC35B0CCBBAF4ED6ACB328EF7C62636,827,1170,RGB
4552,page-4552.png,247247,391D2003675A08CA09B9A36769A7743C5B5928BAF9DB899797835A0777302ADB,827,1170,RGB
4553,page-4553.png,232756,F2D7DBFEE67E5E3AB22BF63835D9447FF924FFAF99CE7BDC2D49F403AF0563BA,827,1170,RGB
4554,page-4554.png,278889,EED5907A51C35148023DC5D0F5E09E6A20F35B52EB1DE10548284157F7F7D1BA,827,1170,RGB
4555,page-4555.png,270599,D7B4A8F3912EC22645C0495360195076F5CB32B9890C67981E6D9D3EE3E2D28C,827,1170,RGB
4556,page-4556.png,270170,876EF18171CF8774CB8383B3325CC029964620B72EA67FEE15D2338E860B26A2,827,1170,RGB
4557,page-4557.png,263074,C20E14A5772F86EA68D1ECCFCAA643AB940AA125B6CEB7E9CEE79318E670FD1D,827,1170,RGB
4558,page-4558.png,334711,2CBE2F376D758BCF4E6B5599A703580169BFB98AAD33501D6BD8C39A95209395,827,1170,RGB
4559,page-4559.png,225189,757ED6C1A0F845021BC1CAFD98ABCFE198D6DDCF5434984407E2E4CE804F9971,827,1170,RGB
4560,page-4560.png,279747,36BA9CEDF5F4811CD2CBA489A79968287EA48285B41C22ECBEA33C64B9FE7E2D,827,1170,RGB
4561,page-4561.png,272847,A06CC93B23F88653398F33DBACD901B5F6B137652F29EE40F9C1FF44C68E772C,827,1170,RGB
4562,page-4562.png,292402,06911A9040B83B4CE4B90D90FCE3AAD9D56CB34035573B15122DD105FF0B84CF,827,1170,RGB
4563,page-4563.png,285479,694C2DD80B86DA7DC4EEDC54C9BFE24F36B3A8E0A3FFBCE418965B46B38907B6,827,1170,RGB
4564,page-4564.png,336359,4B1D788EA4654F0C5939B866D559E63C9DCCAC6BE2D70866167C7A17A7D6172E,827,1170,RGB
4565,page-4565.png,265578,173FC2D19D7D4F6357E48C82EED3AACBA8AA6D861F581647E16DECCBC5A64893,827,1170,RGB
4566,page-4566.png,214672,F143820C7349E0A02A0A16E9E3F2925CAB236D6C6B970285A01FB21DD38176DA,827,1170,RGB
4567,page-4567.png,230358,680D72BC02127D0D1D87974EE7E6467AFB7B5C401C5A754336EC5EADC577BAC3,827,1170,RGB
4568,page-4568.png,263546,7F8B01B20541972D9929E9E837544701468B8EF91247C080984DABE9F166F2BD,827,1170,RGB
4569,page-4569.png,236743,9B8D8BBE6599329A37710ED29433D53507549755E160A406E813DB7DD610DA6D,827,1170,RGB
4570,page-4570.png,224373,F75CB635DAFF4AC03691EDFE96569299EA2E0E0B1B9893A6D183FF2C97EBCECF,827,1170,RGB
4571,page-4571.png,326110,E3689A0E8457F5F0BB88A0B253D310ACA2C96FDCFA75A30E98AAA88DB90E498C,827,1170,RGB
4572,page-4572.png,300357,7084547EA576D849ECFA8319F598AE74FE7E12395DC8BFE1A5D3DF5D0F313A24,827,1170,RGB
4573,page-4573.png,209012,1E8B0885CC3141FBA2E1E9B81320B23BF70E777F88E79B8D72A3C9C9B1DCE302,827,1170,RGB
4574,page-4574.png,265040,E851084B01C1A320B901A1B6937B4C441B4C3B4594C84223DE3A3CA09C2E8FBD,827,1170,RGB
4575,page-4575.png,255821,8FD58413DD4EB6D15F989CA8D9C79CC1CE8239178888268B386A833F6CBD627C,827,1170,RGB
4576,page-4576.png,241026,F33550676451758116B5B62379E2EA5C4DE020190544D32C7FE58998879204DA,827,1170,RGB
4577,page-4577.png,251995,96F97F98963904C88D91ED03D15C5548030620B272F2B6ED16A844D905EC2099,827,1170,RGB
4578,page-4578.png,231808,7B953DD352B49487DF2A6FD4854E65F49C566F9AF1B3B67DF297F9F1EF6E1A9E,827,1170,RGB
4579,page-4579.png,212767,0947214681695A7148E953C86D32D0207958E1FD9DD51F2A7B5FDBA2DC4DF168,827,1170,RGB
4580,page-4580.png,251867,B259B820A590AC2748629D34807A09861E414D64B453D2387C94A3916E08DAE1,827,1170,RGB
4581,page-4581.png,202259,ED76044D5A781CC4092655659BF24194A1DE0B4CFE082EBF0FAFBED84B17EFD6,827,1170,RGB
4582,page-4582.png,242424,A0EFE73184C727CC25EF4D2B7E7388573DBEDDA9B541A3342EB1279C9A332134,827,1170,RGB
4583,page-4583.png,243286,E0CDDCF283AAF0142DB9151B554CFC56F2847B70DE7E5F9100691CE474C0BCC0,827,1170,RGB
4584,page-4584.png,228062,47A35C7403DE625716CAF98B95163DDEC372FCDFD0BAC5C769435344634A385F,827,1170,RGB
4585,page-4585.png,271511,70EDBD2CD688A747070749C62506E61710FB9FCE8065E047A3338793BCDFD520,827,1170,RGB
4586,page-4586.png,229298,B16CB522E709E32AED1FF3ABE96D126941658A9CACA04BCB64F5EBDBCEDC36F9,827,1170,RGB
4587,page-4587.png,181173,2ADF217EA471DFC50B223BD33B8399D6C3B98581ED7B337A05F4C9CE5E70DEE5,827,1170,RGB
4588,page-4588.png,201919,A62BF8FED0291FDE3FE4932794471E65722F740DD95323426EF55A831FE0E177,827,1170,RGB
4589,page-4589.png,268377,89F4960CA35CA23500609DD8715F8566EC14621D73A97776FFEA0A297F7903FA,827,1170,RGB
4590,page-4590.png,307914,2D18C7CE33D75E6E30B087F28F91CD853EFD365B45C6ECD65B8BD0E1CFA9ADDD,827,1170,RGB
4591,page-4591.png,222594,B276AF8C8C9CDC93DEC5E89EFFD33F9443BCEC8938730168EB742A0412D1C50A,827,1170,RGB
4592,page-4592.png,247557,82D3DD0AC5317C790A65E20F53D861586FB211E7C447173097D596DA0FD12A0A,827,1170,RGB
4593,page-4593.png,224853,2C3A963E3F1DBB079E8442E3ACC9976545C59347F0CEE94CC49F49C2CB224FA0,827,1170,RGB
4594,page-4594.png,283621,EC871B3E8551377CA2848E57A9D05D716F5D22527CE9EA383D9DD373D4B540F6,827,1170,RGB
4595,page-4595.png,288217,E85A1E14C51155448EA86808308755F562405C50B27CBA19011C7C1C3C9532CE,827,1170,RGB
4596,page-4596.png,269836,3C23FFBA9DCA7668D037C2F89F5BC4E1D0EDFA664A0E6DE0500ED265B6E7384E,827,1170,RGB
4597,page-4597.png,310610,FD7F38D0EE29D962B9A2BF427AC56E49765688334FAACDAA40E85EEC479B75E5,827,1170,RGB
4598,page-4598.png,283009,A1F80F1F3201E213283BF654A2C7D9CAAEBA04A26581ED6C5293793F02DAA898,827,1170,RGB
4599,page-4599.png,255905,87C1C6F4087969E3B3C733F85B93CFEE0D6D08CD3D235EB31F001797AD69896D,827,1170,RGB
4600,page-4600.png,291526,648324585B8265B14320109180CE2E69150161C17713100EF7B9FA4C764B1D6E,827,1170,RGB
4601,page-4601.png,284573,6237B8B99C39E03BE71C90870FBF288066824949EAE7971688AF3E436E6E8232,827,1170,RGB
4602,page-4602.png,257732,81CB4B70E24230E72893FDCCFE7BE78CAE03DE95E8FC584D443A8A75B5CF5785,827,1170,RGB
4603,page-4603.png,348977,A4FFDD7E991B917B20C6AE1401C9037AE84EF4F9C8CB6151E9E8D3533F455A23,827,1170,RGB
4604,page-4604.png,266645,8E9B7BB08BE90DBE4EA65537328ACAF79DC7DB1756201A1DBB13890F1ACB26DA,827,1170,RGB
4605,page-4605.png,362527,C1598FBC941945CE021C28C18A3E257D9D0ABB3F1FD9C2D929B60C98D5353918,827,1170,RGB
4606,page-4606.png,291139,BB4AC57B1D8B83A9373045E2A54119CBB016F83F194AE86563E0F347B3792514,827,1170,RGB
4607,page-4607.png,295122,9DDD675CFF6DEBA1AC172CF36813733826FD44ED187920484E0124632C0719A1,827,1170,RGB
4608,page-4608.png,285817,361CAD6C5EA5943E00C32A9F2AB831EDE8EA330342488E1B566D75850AA52C02,827,1170,RGB
4609,page-4609.png,285216,3DDE0CD5AF25E5753F6517C2A52DB21C9B09E54459DA2524B98E758974F8E6BD,827,1170,RGB
4610,page-4610.png,266722,86A99BEBF388BCBAF7C48212D9FE6C981FC1BF45B60A459299E76D41C6CD2390,827,1170,RGB
4611,page-4611.png,327657,95DF7C36F762ACF1EEE007EDAF1BC775D9A8A248EA05CCFD91D635521472B1FB,827,1170,RGB
4612,page-4612.png,271767,812F5F25C07F00E76D1F90C9FA60604FA006C4D92EB33D6EAA112FC3E8909704,827,1170,RGB
4613,page-4613.png,327780,1468FC26BDA3D3039A01A78A9DEAD1E20ACE295E510EFC9DBF344ABAAD08F7A2,827,1170,RGB
4614,page-4614.png,393236,BBD7AA14A19E5B34ACE4DBA0A4D7590B2722A191984CBAF773204D5877513D50,827,1170,RGB
4615,page-4615.png,336736,69505E04FE44D2F924AF4247A30258CA812C5F4E870D5A7B55828E7A5B940413,827,1170,RGB
4616,page-4616.png,333141,7AAB4F1AEA21E90A51CD6BED4261B52968AD930F31D00F66D7D9E6775D43404D,827,1170,RGB
4617,page-4617.png,360591,AADC3F6BC38C2769D60EF6A2430165E47C46B978DEC0086E2BB723637B331694,827,1170,RGB
4618,page-4618.png,289872,D8F864E6AEB766265C1B3C6682B6F6283210693B41257AF6B93811CC9C090A9A,827,1170,RGB
4619,page-4619.png,279668,8A90110704553E899324BF6640B2BE495058347080016DED351717D9D929C698,827,1170,RGB
4620,page-4620.png,228456,3A2E38146A0C75A7849A5F86E078BFC7EB40D99B0E3394168E116493EC719903,827,1170,RGB
4621,page-4621.png,287045,FAC38309C7BBAF09E8D79151B622805E7C3AA063F934FF56FE69B257005E067A,827,1170,RGB
4622,page-4622.png,304138,2048A701A5946850C4DD90D977ACDEC1B05DEB7F3213E2CF2EE305F47B56BC48,827,1170,RGB
4623,page-4623.png,318564,1E4EF8A53585EB5A6C79F18EC22A5E754441192F99C1A3E39A38C66FD2B62572,827,1170,RGB
4624,page-4624.png,284910,7C0645F7A875CC1FBAFCAC35549FCACCEFE3F04AE01B68FB9CE11A5FDD725C88,827,1170,RGB
4625,page-4625.png,345115,8899125FFB59F5ACB2E85914F85923759DBCF9D5450C8930B86EF477394F34CB,827,1170,RGB
4626,page-4626.png,392248,8CC39EBEF5B5D12FB7226048E197E2322043326B136050E6AF8F08F26B53330A,827,1170,RGB
4627,page-4627.png,260172,8B791E1B5A4CC37C49451B7F7D81BFFC93275E5DFF601429F6565B0AAA428542,827,1170,RGB
4628,page-4628.png,296945,000288C0BF5D639E4292BDD37445CE281D4F4C852E66ABC6AF3526B30AA8D1AE,827,1170,RGB
4629,page-4629.png,339668,1CCC81AF475E26F4018BFBDEA739A88056A27B4A8BFFDB0190C0FB5D4E15B5A8,827,1170,RGB
4630,page-4630.png,258082,261CE11CD8A0C4BB33ACD3FBCB515F4FE1AA7CE76C123EF1F8EDDC753C019E2E,827,1170,RGB
4631,page-4631.png,273197,3120C44C6E92E011182DFA4F9ADE4DE6F53A97ABB5F3D743398C1D73C6B96D13,827,1170,RGB
4632,page-4632.png,227959,95669EDF6792D9ED7A5341504E445B2924390418CABCBF1F76EBF672F1A130B0,827,1170,RGB
4633,page-4633.png,331029,3B124CB366934B7D656A44340B87966E37C780E442DDB392E1AE6DBFE2C8853D,827,1170,RGB
4634,page-4634.png,325200,F3F1B7901D0294AC06EC30AC8532EC4F5F49C285A724280E55F80D5883D68B32,827,1170,RGB
4635,page-4635.png,289507,5D239BC25730A9F44D3548CD2FDFA08B2769950615A72A2BF3F3DCF847326560,827,1170,RGB
4636,page-4636.png,328409,5D5C4DD8CA2FF2ACA7C5530032895E2D18AC5E652CAF74E6EBA0AD5AF1C439FE,827,1170,RGB
4637,page-4637.png,272966,402D193D95A9645E6BAC3EF1B17E9DB28BCFE386F4829BE715449EA6299EC48B,827,1170,RGB
4638,page-4638.png,229981,6A7562FDF1EF8512B0D10241352233966B36D575BAF67392AC8423048E8FC176,827,1170,RGB
4639,page-4639.png,187975,C34353D4D37F7A5C065372A7514CFFE4A1F9D08AEBE1C1F832DC7B8E7679CD1C,827,1170,RGB
4640,page-4640.png,215741,BABDB24D82A6AE4351727513411F280D3764B6ED9FA053D070B83C1FED3540B4,827,1170,RGB
4641,page-4641.png,254063,3DCD118083C72D2487F581AB0595E7A0F820219FC1C1F7E485BE8FA8B8094F34,827,1170,RGB
4642,page-4642.png,333119,C97CE0F528C589CEAC2C024071971CA3C338E3B8A09BA0C9EE10FD8AC4DC0E17,827,1170,RGB
4643,page-4643.png,298379,C01C8F2326DAFEA4AF648AE82EF22DF2BF0C3BDA56862AF4C0DB9A0D5BDDE48B,827,1170,RGB
4644,page-4644.png,350154,DD48BC067790FFB8B633A913A58684BF4CFAE0578F4748C7A45E4E56DEF37A60,827,1170,RGB
4645,page-4645.png,338788,EAAEED58DB3B2A49F93BF3E2867A783170D37BD0886F60BBCD3C8BBF8968A7E2,827,1170,RGB
4646,page-4646.png,326329,4BFF829AAA6977B6F42D1D31CB4E51D3222B5CF5B45E2B6BB4EB07A79442529E,827,1170,RGB
4647,page-4647.png,359754,C8C6FD7C990FD35C9EAF927F623B081BF4A753073012A2A4B6DC4E4E20335AA5,827,1170,RGB
4648,page-4648.png,314824,69565BFFF2CBBA3399E47483064BC27DAF24E7A4BF7FF25D534143FB739FAA85,827,1170,RGB
4649,page-4649.png,338593,6B4BC44F9FE92CA75A9796E0D42E834DC7D403E52121EC18DB770B0346DFF376,827,1170,RGB
4650,page-4650.png,348633,EE1BCA382DC6B9267951FE150DA9DD8B70CFF9ADB7EE68D57FCBDDDB08493DC2,827,1170,RGB
4651,page-4651.png,284059,64B5E520ADA88509F9C74467CA09D1BDEBD8C90BD6686D2D4B5FD3993AFC32FE,827,1170,RGB
4652,page-4652.png,240017,C9767DD0C7C91A6B249AD27E9F858023A887156FEEFC5D8EFD703FEBF104E40D,827,1170,RGB
4653,page-4653.png,338044,6FA0BB71E9406167C44C26A0C314479C3E32AD07848AFB558EB5A51B594BCECC,827,1170,RGB
4654,page-4654.png,391267,4182C09B2DA31BEDE50FBEFB997851AD575EEF2AEDEE95C78D126839BC9D76E6,827,1170,RGB
4655,page-4655.png,329167,6E3E77D4DE24A4DF5CE620C4E5EF5CBE1F21731143A9BBAA57FCAEB3DB5DE53F,827,1170,RGB
4656,page-4656.png,26430,9436DA69581C11F3DE0561E73DCEA05FC26DAEF87DB93DEA954B21FAA2B7FDCB,827,1170,RGB
4657,page-4657.png,241117,8FFEB531D9F0F7AA773DF2765F0294CAB6F8AD17F7CBC77E137579BF2A8077F7,827,1170,RGB
4658,page-4658.png,348923,0AF13EA53184D8ECB32279DAAB59B6EF43E674E66EF1FCF0D8620998ADD3C076,827,1170,RGB
4659,page-4659.png,296915,6A71A07367348A2E48047035E967A7097641959CD044DBCF1725436424CF20CA,827,1170,RGB
4660,page-4660.png,292802,735D5A1ECF6AC27164D615DF7B4F1F5F5531F08ECE0B9716C1476CB307E19EEE,827,1170,RGB
4661,page-4661.png,258975,FFB4FA993A46F512D45B995B65A281C2910AFF1B35B511458B2D2315A60B94F8,827,1170,RGB
4662,page-4662.png,232761,54883EDE822FD6FD592D19F0F4A5C892F8CC3AA03353BD700580D5317958167B,827,1170,RGB
4663,page-4663.png,322373,90564FB57604C4735E7C9E8E0CEBD846B235B5D7F1C8B930FCDDFE678B9375B1,827,1170,RGB
4664,page-4664.png,312859,04A5228151BE768D717143AB31D9F491CD4CE899F461BFCD16E4153F4F398113,827,1170,RGB
4665,page-4665.png,422435,256E379F63F5447A8CB6EE025939FBFAA1AEEC55FB16ECD7E294A95E0B50675F,827,1170,RGB
4666,page-4666.png,271016,73F3DA50F18020DF8C8D939CDFBAD2EC91829B70FF023ED636B395208CAA9235,827,1170,RGB
4667,page-4667.png,316281,17125D90532A0ED39D41D39A118A6B26D5D5EB38BFCBF4F578BED91E3D58ACF5,827,1170,RGB
4668,page-4668.png,282669,662DDFDD44D0B7972E541BD4DB14745525D32663B5873412F119E03EF8B8AF4D,827,1170,RGB
4669,page-4669.png,291262,FC1F1E4524E4B12199D0842C5DCE2E1F8A9ED33DBCDBC1E6409253241403CA8A,827,1170,RGB
4670,page-4670.png,298344,68FF68D42987822B812E82BD5210B7BA301C32F08AB7F499A5ABA71DC069BB35,827,1170,RGB
4671,page-4671.png,338757,2EE87C741EC3945039D865ED30B5005AD328DA71C8D846F503FF2B5861E2AAF2,827,1170,RGB
4672,page-4672.png,380554,74F8207CF9371DE4B5FE1D70DB65C9BB87D3496D04FBE4B24CE0C2534665A1DC,827,1170,RGB
4673,page-4673.png,306944,878BA411D7F6955E55CAB0D74D70041EBE1DAB0CA1ECED3CDE76C317D0EB3696,827,1170,RGB
4674,page-4674.png,296762,0355376D215027FBC056FC7A444B67282C32CA02876833B5C7F1F002D4AFD4D3,827,1170,RGB
4675,page-4675.png,374847,93885556D93B0B5895897F081B9C77732513333D593C6C5D13EA864D84710CC1,827,1170,RGB
4676,page-4676.png,294905,1CB82D7AF31BF90D8A8A2347EE530F6A53A2714147B408263F21A974F4D10477,827,1170,RGB
4677,page-4677.png,254557,9DBEABED35180593CC489DE8E955E70004A8D8A84F660FEC02FBC609B0DC729B,827,1170,RGB
4678,page-4678.png,279800,C87AE8073BA82AC053EAD09A79DFE672D21A50E16AABB4BA8258A7A60C3260D1,827,1170,RGB
4679,page-4679.png,314262,9780A2F02973139FF014ABC002DC5077FCA7B0463D519BE5D212A5EFCEA49FDA,827,1170,RGB
4680,page-4680.png,280363,E4FCBF578CFC738606C268A2AF5124BAF8FD3E702FCCCDF301276A057B69E019,827,1170,RGB
4681,page-4681.png,208744,BF980F53482AB1668024CA0DD5DCC3158E27F8171B76E30B932747187DB44279,827,1170,RGB
4682,page-4682.png,284151,AA8CE7F711B9D1274621FD487F62801107246AF880773C868AFD521616E0DBFA,827,1170,RGB
4683,page-4683.png,272842,E82F9FADD9624439406DE0AE3E716C076198AB64FC45F6A49CC7AB81DD825577,827,1170,RGB
4684,page-4684.png,190190,8AA8FE2D77B6A9C5B720DA9744E4D08C6AB5513501E9207BA673DE35D39346B0,827,1170,RGB
4685,page-4685.png,213342,2A9BB19A4FC499665DE7E67CE663DAFE63E34964095FE6825807EDB944EE0330,827,1170,RGB
4686,page-4686.png,290255,780C4F70B13B594F3565FA90A8C4AA5208A68BE6EE92A158CC2DF9E61BC1C048,827,1170,RGB
4687,page-4687.png,272887,7BBCFFD22C1AEEB2D938177D06B063C1B95E3FF6A2FDC2FB7C1412DC5CEA2F59,827,1170,RGB
4688,page-4688.png,292696,A86EF06F0CE7336F8FD1E8620F2827345322F7575D21B13946EF14BFC33906FA,827,1170,RGB
4689,page-4689.png,310990,3C737E7AC3D06493997AA28E69AA0B6568F30A15CA677B4919B11C9DB1419F00,827,1170,RGB
4690,page-4690.png,249805,34400060FFA37A77EEF95843169A430CA0C10C5EEBE26CA695496DC35CA2388F,827,1170,RGB
4691,page-4691.png,244779,C44D4E3571EE0E020BC2FAA68D115D26276B040983B2A72790E55A2513C113D4,827,1170,RGB
4692,page-4692.png,237031,16994738DAE7D513B17B255EF390904D6B329BB58389B783BF70E67E4FDE6CE7,827,1170,RGB
4693,page-4693.png,239843,1138B4FE45C7E877D13C8A40D7B9BF6755EE6D6783A725BBABB6B9988B97FB7F,827,1170,RGB
4694,page-4694.png,300873,A49995FD124EE150649B153F2169A1EBACB6AFF49C9933A2B190A76E6307E220,827,1170,RGB
4695,page-4695.png,284984,E9332236D1E5B3B5FA71513A3E1F29607F14A09702967DA62C8E28D6D61EC765,827,1170,RGB
4696,page-4696.png,230406,A2798B96D96FEFE7102D0CE3E89B63C56275077AB1B04BE7B8450DE594812E9B,827,1170,RGB
4697,page-4697.png,272393,C4053C9ED1082F20197466E48A20507CC4E93609188B317155B321D8871A4482,827,1170,RGB
4698,page-4698.png,238752,77B114F5E59B10D1781492D9C8FCC39EF5FBADC1C180F17692A065139343A217,827,1170,RGB
4699,page-4699.png,191628,1B5269FB342EB1097BAC899DC0C7F265EDDEBC7BAE1D0E931A987C36BDCE23ED,827,1170,RGB
4700,page-4700.png,160966,AA4A3926E89D5B1DB3D884ED36B6D9EAE1B01111F72AA6B4F542BCC1201F769A,827,1170,RGB
4701,page-4701.png,230595,4A4A11C122176908695037092C54427A51F982F5BF53619AC59101FA15DC5B31,827,1170,RGB
4702,page-4702.png,280636,4AA3DFA634CDB7D06FB752A464C71F729B91507439F78FB07877A1A09F6D3AD1,827,1170,RGB
4703,page-4703.png,146649,C1773DD2CE73C2A568C18AF2A7B70B4DC02B59C2A16B64C68F0D97EC7640F6A6,827,1170,RGB
4704,page-4704.png,260548,9FF712FDE5A1EAB9FCBE1C9F0D50177DDE5F62FCAE5A4D27A2441E10F56E5683,827,1170,RGB
4705,page-4705.png,257915,A67F9DD1EF12A65B4C44AADAB65EF4A4183D7D18954B700F0F871C776C8EDC6C,827,1170,RGB
4706,page-4706.png,226325,D3B1D8AF6D62D9A7AE2095C9F839C84C88BB5B00C3DC682B2283F54D371FFF72,827,1170,RGB
4707,page-4707.png,95114,D595722F74107507FF01FCB69C9980BAF6F49DD422929A2F2984F8F784BB2C10,827,1170,RGB
4708,page-4708.png,130599,CCB3E3B3E2406DB556EE40E414024F35328ECB89D22D2A6FCCCA29A253561BB1,827,1170,RGB
4709,page-4709.png,176384,826441164F8396F19A1C92C8F19FF39D3EBC81CBEA2A73A033AF2A842547211F,827,1170,RGB
4710,page-4710.png,221350,0CB7EEFFA3DFDE87E0162FC757D02F98B8D8C7110CE2C3CF2435CCB57016987E,827,1170,RGB
4711,page-4711.png,266551,D5A960DD39CB82890FDA226EAA80EB8D924980B41DC6AF2430338667A7DA7261,827,1170,RGB
4712,page-4712.png,288243,B367216FEFCE9BFFC2B8DE16408AB98A6E48E460AEFA82BE9CC080E5778A0699,827,1170,RGB
4713,page-4713.png,272588,687375B4112DDFB0ABB5ECBF533ED0B4C12CBF12A1FD246AAB39AC400B81C0E1,827,1170,RGB
4714,page-4714.png,223824,1C043828F4339A4D23EF548B43269956DE87600939F93B3425FD521E8A8282A7,827,1170,RGB
4715,page-4715.png,305837,7BBB077A032E3D1A1A28809C8DDDFBB124671F585C31D26E73D6821C0E70016C,827,1170,RGB
4716,page-4716.png,310828,133071BF615B6ADB20CFE3BB6959D3C127EC299F01032959D3EDB2669C96C7A1,827,1170,RGB
4717,page-4717.png,322261,28FF8F9EFC9442ED4D61483630213A0B072B2531C51E724A171DCAFC267D8CF5,827,1170,RGB
4718,page-4718.png,308784,44B2C180658BEC99F247E37765A417456BF29FF299D3195CD268A95BEDD0CDA4,827,1170,RGB
4719,page-4719.png,304258,19AFCD54B27F1F54EBA1C114953E7BB59FE6E28CC80C907FE87342C117E07E47,827,1170,RGB
4720,page-4720.png,231635,86AC3D82DD7DAF7ABA8AEF2A69AE8C6A92E5EA69FF607504D76C08B3E9E0A06E,827,1170,RGB
4721,page-4721.png,245662,AF5248BA760689C329247439DA00FD6EA8C0DEAE5EBDDF0A2F30B31DD3D0D90F,827,1170,RGB
4722,page-4722.png,292372,057DC5F0F324DDF3E69011EF7CF0608CBDAD482E7F76CE626770CDAEDA62DBD6,827,1170,RGB
4723,page-4723.png,294588,A892498D89F3F81D042247435F1036EE6F083E4BBC3E239BCE48C36E97F56260,827,1170,RGB
4724,page-4724.png,204552,3E0EC3442CE1D8765A1FF53E742D5CEBCE13202C9850B962EF4A2CEF8129EC76,827,1170,RGB
4725,page-4725.png,248293,D9CEE776DE5921FF5C29A4E3748FEA21101D939F3DFDD86BB05B3BEAC409CE2C,827,1170,RGB
4726,page-4726.png,290857,64493D94EBD42087C40C4638DADC4D9D32B033D2D0A5C88876D4D48A94A8E86A,827,1170,RGB
4727,page-4727.png,317329,B5481DB186F422969F5ED0D4FBDBCEF3146D3402728F9E0B23788434942E4860,827,1170,RGB
4728,page-4728.png,357270,BF74079CBFA709B1D57CD0DF77F05B67219E5A10D7669AFA39E2F2A1A41957D7,827,1170,RGB
4729,page-4729.png,156419,950E4D5E1722B8E26542F2142FABEBA3F740E2C1765B3125F51B5F918AE52C02,827,1170,RGB
4730,page-4730.png,220416,AFEABA9F0FFA6AB12810C5732A4EE1748B03301ED972D6BF6C477EAE052F13CF,827,1170,RGB
4731,page-4731.png,291193,1C250765058CFF2B92F457C2CF961547869C0896DC53A71A34C595B1746697AC,827,1170,RGB
4732,page-4732.png,294987,E7187129FBF136BAB59848045D6801E7A6D481C6F86DC90FA537647AD487AADC,827,1170,RGB
4733,page-4733.png,301361,499C0D3A284C256EDC2A31A6BAB7E5ECCBF2E761DA85672F19E80D675D505346,827,1170,RGB
4734,page-4734.png,322657,23BB95CA6633B3C8A0BDCBC551E44D2004D2CDF3D6557F4AEC9A472EFD04CB0D,827,1170,RGB
4735,page-4735.png,254576,87BD72249B91B3454ED2D80C2D13429FEE4784E7E1758E1A3DE93842EE41CA4A,827,1170,RGB
4736,page-4736.png,315336,1C3CDEF55CA659A6692782FBDC922E85DBDDC552D66E7D776425868455EBB020,827,1170,RGB
4737,page-4737.png,318304,B00B7DAF49AB6BD10826B7E58E4A6A7A93F63CECCADB572A0313BB410B5FE153,827,1170,RGB
4738,page-4738.png,317775,537E83AB13B8D4BAD1F4FFCEEF8C9EA70C3F22E60940787572A490D19E9696A9,827,1170,RGB
4739,page-4739.png,261748,878F07560197EFBB463F8301AA85A0E54015013A6B1551E42352237FB2F71ECF,827,1170,RGB
4740,page-4740.png,384251,E56F70675CF30A43CA4E7B00B39DDF0E9466BFD1E94A48752B26B36603C2F1BF,827,1170,RGB
4741,page-4741.png,337969,AE90805204911B5E30B68755F605793A087B26E43B68D7841D09BC96D4D99512,827,1170,RGB
4742,page-4742.png,312294,BB280401F8073602D6691745C8352180EDEFEE0325F693A16356B8D9648A71A2,827,1170,RGB
4743,page-4743.png,345145,41227B4F21F8D048057A598A655CF1E3E3B5E6D7EEE3B3AB116121E0E98E0D34,827,1170,RGB
4744,page-4744.png,393103,13A4700FA9BD0E9A51FAFC0424F18A771347C34C060C98AF93629972616FC5D5,827,1170,RGB
4745,page-4745.png,359156,A4A015EE5FB4F42E76949361B46EBF752E985649DFDBF089BD6417C724E30519,827,1170,RGB
4746,page-4746.png,357633,8EA8C82D7DFDFB4C1FE2464F5FB7FFA64E95CACD83DC37243438658B5A1B8800,827,1170,RGB
4747,page-4747.png,23393,2387AEF8A0A5200A80904FDA44388DAC18F39E060FDA7E4BE63CF5368A7D11FF,827,1170,RGB
4748,page-4748.png,218745,0294F03BC96D04171BB5B859DDD18447A9777FA3BDB2ECF9F1098C63C0BD51B6,827,1170,RGB
4749,page-4749.png,321101,B62C3C38A8A36AA8DFA32EB7D9E485DAEA8EA1AE5BA9D658666F2FF7434F140D,827,1170,RGB
4750,page-4750.png,323030,D3E85EAA37F65ACF62906157E2B4EEE5EBFC514E04B84FAFF0E9E3EC3229CB8A,827,1170,RGB
4751,page-4751.png,294233,6D99BC848FFDD4557031ACD0AF465E622F8C51A2B25F707728140A01BA7F4CA9,827,1170,RGB
4752,page-4752.png,256201,F89FAD536B799D2C5C57F816953A844116464B72453EBC46942D0D36F8BFF7AF,827,1170,RGB
4753,page-4753.png,268894,9379E522DFC0EA2E5078DB41DFADBC687B38D81DC2B8143EA913E5E83D5C521E,827,1170,RGB
4754,page-4754.png,319500,B59421E4A5433884DE721F978F5952E00C5BCCF2C0935A219C0C9511B17427E3,827,1170,RGB
4755,page-4755.png,210982,9B79054F8ED17B87B5BE7639BAB48703B6860846D8C5E5EADFFF2E1617117A1C,827,1170,RGB
4756,page-4756.png,295933,DAA4875FC0907992E83C293E7179DFD0E4ED4DD8333ACC1852C58541810430F7,827,1170,RGB
4757,page-4757.png,202477,344FE78CB571A3774828C67AFA6091F0B71FA8023A1CF96FD488D878A432E00A,827,1170,RGB
4758,page-4758.png,254438,5CA299F3D44E354E3E5F5EC390872D3E81D1D97E1D867206211A8E3197BCE88C,827,1170,RGB
4759,page-4759.png,281851,5DA7387049BC575320A89669E73EA99C6B1F005A8E3696E8F1E24DA2EAE4C32E,827,1170,RGB
4760,page-4760.png,268198,00B7C664D615F7B4114FE86C6E383F5684876BA2CD130A4C2780EF9BEADB2441,827,1170,RGB
4761,page-4761.png,271000,DCDA8CFC27D87DAE29E34E5FF2F9AC459FE2651B4357BBD3FBF06963CF085A7D,827,1170,RGB
4762,page-4762.png,279450,37863C1280F43D2BB829A9095BDEA08D6D8AD326D732D0ACDE66A57C5CF79007,827,1170,RGB
4763,page-4763.png,302303,0F6C4AD033E9E982083094DE9553731914BD8F5DB097627403BF95C29633864B,827,1170,RGB
4764,page-4764.png,248334,8AD1D1CD3B15F740ECB87B17C9EA56B6C5AA8F60C0C37A5A771D025DC185E1C7,827,1170,RGB
4765,page-4765.png,311943,A56C9499615F7DBD0C07407F782A797208C9BC7651CA45508AE851F1B0A72E29,827,1170,RGB
4766,page-4766.png,256237,72D962CF0FBDB76F0218D3020CEFFC6BF970B33A2F158E626E9923646EF1A749,827,1170,RGB
4767,page-4767.png,350973,0F40A443D7BF16A0591C6359FEBA1608267B1D2F45B07FC2ED7AA4B9A5022F53,827,1170,RGB
4768,page-4768.png,328952,02C001A04B6C3BA0ACB60F240D7C944E3086FA52EA9CF04166DCB264E6E9C8F9,827,1170,RGB
4769,page-4769.png,261834,F0BDEE94878AEBAC4BFEAEEBA9DB0E3477AFA73BEF56EB4AAF5BD600E4678047,827,1170,RGB
4770,page-4770.png,332777,645A89BCD86E72092A8767535833F996F4B18B4CC82ADD15481F8D75C52E96E1,827,1170,RGB
4771,page-4771.png,284996,5B8BAC62B159684BF1B2988C19F8655A10B40717E573919A4B036CC95E8C2A2B,827,1170,RGB
4772,page-4772.png,317240,976A7F4D76E34C7B2A7A0055150F49FB84ACF671F01DF61F4A4CD48B8513E0D1,827,1170,RGB
4773,page-4773.png,323041,D0A487206440DE8CDBFF80F522E89AE75728AFE4F4E0A0317330EB7FE4C6195D,827,1170,RGB
4774,page-4774.png,353125,1F212A64DA24744B2E58CBFB7A793EAE8042C990ACE1D7955908EAAE3267009E,827,1170,RGB
4775,page-4775.png,313557,C2BC56F6F435DED9EFA55718F5007122BC9C1ADF0EE2030A4378AA3315201266,827,1170,RGB
4776,page-4776.png,271927,FD703E1CA0B11B33A59B9F8C70C1778F10BFC5BC7A7627BF86156B8C9503562D,827,1170,RGB
4777,page-4777.png,330186,A17BDBC75EC3317D74BFEF15703761EEC5103F4AB593B7D84641045B593AB286,827,1170,RGB
4778,page-4778.png,266294,172051058568470BA2EE139DDC9EEA7958477F9E4EEA26BAF7F22B311B6018C6,827,1170,RGB
4779,page-4779.png,253038,0ADD3B76D7E9A5CB3A61D6B6ED32680B0CB4E8D4A0F462A5B7A57EC47FA3A069,827,1170,RGB
4780,page-4780.png,302894,6402C9C07FD1301391C8AD324FF5E6064D97FD3C3FCD77BC8E3A53041992819F,827,1170,RGB
4781,page-4781.png,297835,1BCC7498767DACCAB4FD92844D3FFC5A72469EF95DBA023A07112F9EEAEB1B49,827,1170,RGB
4782,page-4782.png,334216,1EB708BE4C76C3ACF8B4A1F60758921EC0CECDA941A178E204A026701BF90FEB,827,1170,RGB
4783,page-4783.png,274515,288F2E95B72907A6BA9E3F159795D7CF16BC47136C03F06C5617DE9997EBBBA1,827,1170,RGB
4784,page-4784.png,284810,4108391DC0B09D2CEB4C60B586CA82142143D4E7A767D59AD1076BD48DEBC35F,827,1170,RGB
4785,page-4785.png,277902,E0A579E8053B4C848EB0E4892BFFC01F5B19F1C83AA32061AE1835F75F3DAC0B,827,1170,RGB
4786,page-4786.png,263667,AA4F2D177741BD625153CDCA9E1401580EDB02C2B8676D1FBC756475EA40613D,827,1170,RGB
4787,page-4787.png,244629,8BF8CEC9340583F5944A5AA4A03A2A8165A8CA1B823066149FB87E78A74E5CCD,827,1170,RGB
4788,page-4788.png,259467,25EBFC0E93DF9D8C81DDA01A46C652E02B08B703351B2BAE6821428022F07B8D,827,1170,RGB
4789,page-4789.png,252228,F345EDC47EE997A67AD7C78FABE263D2D20B02D2086ED3AE545DD42990C469FB,827,1170,RGB
4790,page-4790.png,224033,27EF3648C92D9BFDB366F26F1C5716FD026BF8A6A4F645D5A589D3AC01FD1FDC,827,1170,RGB
4791,page-4791.png,298500,C2F72069C1F46E0269ADE1FE642C987F91E99024E98C684FE484934105098F46,827,1170,RGB
4792,page-4792.png,261085,9C3C5BE4946A72A5AA0592BF1EF326BFC0A56154214097F96A93EB1D7DB6E34D,827,1170,RGB
4793,page-4793.png,237895,049B94C02A23BBDB013ACF421D0351DE09E58AC118820D0F050E700483FED73F,827,1170,RGB
4794,page-4794.png,254703,D95986E66E3010FB9448ABFD11619242FE81BF7DD663C474F30ACBB57A541316,827,1170,RGB
4795,page-4795.png,308013,9789CA736924E27390B2CF1C710AD8A0942C92755342D2D64BBBF808FFDF1730,827,1170,RGB
4796,page-4796.png,268995,D1DA062809D15E76EA4708C90265FC28B3DE45907303BF2EDA65195C95CD4E32,827,1170,RGB
4797,page-4797.png,248652,AC21229F7E900B868CA8862E157EE6FF2539D5D328AB6BE4F3D665825C15D313,827,1170,RGB
4798,page-4798.png,228807,F681F7F71355B53D440417C7E5AE70F52CF4DB6768D48BA38DA29EC5F4E2DFE2,827,1170,RGB
4799,page-4799.png,257078,3404A0929831B0EE4DFEB924D1E7B9222AD474F1AC91E44A9FEF874D1490BA94,827,1170,RGB
4800,page-4800.png,232273,7E92931ADAC0D2EF168338E7E1CFBE3F73B8E4F35127AAED73694DB80AF551E5,827,1170,RGB
4801,page-4801.png,273686,1F0E18D26CBA3BDC080BC7A14FA018514BDD04244F9E41971741640A76A3AF5B,827,1170,RGB
4802,page-4802.png,267983,D68D1F2105F984E9A557DB5A8BDEE4BED5EC19F2108F10A4E4E0FB39DC495EEB,827,1170,RGB
4803,page-4803.png,244220,7730DBCEEE31CA8AB533072BADF6F5FD5479E3326481EFCD0BB98CAB7674E4EE,827,1170,RGB
4804,page-4804.png,249926,56AE2B4F8357EEB85395A46B059DB2282ECC135A5C0FBA413CB95D44D67660AB,827,1170,RGB
4805,page-4805.png,268653,4640062043317C91253901686DC5CDD43408DD37393E9B898E6009C6166659FF,827,1170,RGB
4806,page-4806.png,237024,EA479F950C8133F9C79F0DFD4535B386BBFB97ADDEFC524AB80B5C5C23F84251,827,1170,RGB
4807,page-4807.png,296718,475169096C9DB07EE239FA489B672F6AF2C1E281EBB48C8585DEB9DC646E21F2,827,1170,RGB
4808,page-4808.png,299094,FE3515C524C2F3714E1442B36B878846D2AFDB41AB443602B55AFB27DF8F98A7,827,1170,RGB
4809,page-4809.png,281939,F3913F470FACE054AB138B3992495A9A3706F0EB76B7D82625E0F9C44E97810D,827,1170,RGB
4810,page-4810.png,235235,7AC0F523CB5D9D10BE43763B63D24DA339EA26D221BC00CF4B07800A3D1C3240,827,1170,RGB
4811,page-4811.png,265883,5A08CC8C283BD591E64136AEC8E0FAD6CBBAF76E49398F61588675100EAF4F3C,827,1170,RGB
4812,page-4812.png,249058,2C653D0819D26AA0C6579C748F869678A31176D6CC7FFD1DCAC82BFD7B1D3C1C,827,1170,RGB
4813,page-4813.png,218353,B99ECFA043AAE36D5969566D9BEC58712240D1D25057E3E388A2646E518FBB82,827,1170,RGB
4814,page-4814.png,240408,B4B3E976E917222EF86A804760BF60B64FEDE5727810DA1E6F8A4D6FBEC400CB,827,1170,RGB
4815,page-4815.png,205482,609B82A98B48700C1E5121626509FA887CA26373E9AC298B98FFF40E3B2C3B7A,827,1170,RGB
4816,page-4816.png,119233,FFE79FE55364DBBE3DEF0996CFF027848D49EACC3DADA5F1EE37F876F2FD5E2A,827,1170,RGB
4817,page-4817.png,211410,2FC06ACC43B0FC0DFF6FFEF88899E272FE8D05B7B4EF323087966AE231999EC6,827,1170,RGB
4818,page-4818.png,210530,21B112CD95AA91DE3E578C14E2B6CBEE979015A47A1E3C330DD184D27256EFCE,827,1170,RGB
4819,page-4819.png,251643,B4E330AAA5A0BD24D9A33642F3F3F69B272C168D1A8F51F0ACCF5D2130A93A04,827,1170,RGB
4820,page-4820.png,311378,7C0462850C4DA232D48FC291D687ABAC172C51690949F153708B8F836DA2E088,827,1170,RGB
4821,page-4821.png,311117,857FC43EA0DC4707AFE84D519C763248E52222BB4F5A21E5778F643832FCA995,827,1170,RGB
4822,page-4822.png,311171,353D26C9358C4D81428CB96A5B64AF92B031D6F66761D63AD3FEBEB09FE47E3E,827,1170,RGB
4823,page-4823.png,259687,478E48986C95A731463842513945D76224FB63CDF4B8F6161509804D13AFA004,827,1170,RGB
4824,page-4824.png,312830,81075455DA6C42C9C9F90C46A434750F863629E901BC91952D5F69EA17AABD2C,827,1170,RGB
4825,page-4825.png,293843,21B231DAFD8935A16BF1C2F67AB03760375D58E6F9424B462338357F17D7421A,827,1170,RGB
4826,page-4826.png,309056,2123A227EF1DDC8E0B3FC88861309DEB5907C2C11103E841EB107B7F7580DE51,827,1170,RGB
4827,page-4827.png,293599,097E3EFEF82C0849484C1339BCD2A1929A37E48D4AC26DE040F23AF59C67A562,827,1170,RGB
4828,page-4828.png,108993,87968AF5BB5DED9DF84EC028455CA8519F54BE5D0F4CEC17C70186ADC08CE923,827,1170,RGB
4829,page-4829.png,231813,3ED31E4F572313B792A027FB0D7D7C4E6ECE68995F3C8E54E0D95704B32842CB,827,1170,RGB
4830,page-4830.png,265919,776BE013DF8BFA15866BA3CD5269395A9F773FEAA2BCCCACC2E48278770A0680,827,1170,RGB
4831,page-4831.png,274547,3171011DD4E8139FACDBA6A8B571084A1986749AFC8E7EA504B977D857AED61C,827,1170,RGB
4832,page-4832.png,267104,BB186A8961704F5076A7B5C24C87F3BA1BAE4B1CE06D61DEFC48112DEE3F1772,827,1170,RGB
4833,page-4833.png,284790,278978A8CB14AFCD06F689A7B72C4701EDE9498B884CD73BF458E9C5B1553173,827,1170,RGB
4834,page-4834.png,241156,8ACC8C4A13E4DD407AB816ADA1883E13D2123FA2535C68BCDFA0565495D66B8F,827,1170,RGB
4835,page-4835.png,277313,6DE30A713B730DC2E0C2C186136837BA04ADA7678464FE79F7DF3962916E85CA,827,1170,RGB
4836,page-4836.png,299430,D2FB6D24D3934EAF00F92350D386D3A59B126EE1AF7004A1EBF5ACD2F7D284B7,827,1170,RGB
4837,page-4837.png,231640,478BE4A70BFA7EEC72B188DCBD35B1B69F070A20E4ACCCE9576DFD221D8DC30D,827,1170,RGB
4838,page-4838.png,322356,71B9D6789EC0283F11B05769ACA04FF59741ED076A71835483074A40D9BF9FE5,827,1170,RGB
4839,page-4839.png,313835,728972910D468B5278E8E1160D0D5242EBD641BD900A2CED990BDC1F3E001962,827,1170,RGB
4840,page-4840.png,336955,34A9E6217D6D797C82CC818F8CFFB01F721D01704B51AAA810529664FB877126,827,1170,RGB
4841,page-4841.png,215331,D4C0877E3DAC36361017DF3B84932D95DE474DE8311E9D6741349582BACBB3A7,827,1170,RGB
4842,page-4842.png,337835,005D1AF6246F719D6BE0B699C5389AFB721E85C0A606080D02E7DD9C4DB342AF,827,1170,RGB
4843,page-4843.png,201298,EED6BF202326E105C63E5DC8745AB3C191A658E07287ADB1E87C3BFA492D5ECC,827,1170,RGB
4844,page-4844.png,66229,743E0668F232276B4124A3EE28846D8E470A1215B749B76CF862A4328EF3C3BE,827,1170,RGB
4845,page-4845.png,241517,F50FA74258113A126BA08542D8F9B527461BD38C9D95136501FCC0779537D228,827,1170,RGB
4846,page-4846.png,322617,50833948942F0211E0B01E97BC5EC66B259DE3077B649F7AB69EBE0E3255772D,827,1170,RGB
4847,page-4847.png,249585,79C068D624FB2B5D2BB78F3734CFAC17B9A174716C5CC0696F16CCBEF44DCC7A,827,1170,RGB
4848,page-4848.png,269015,BE2E9E3A32167F729BAFA7A6687B367D4579E5A5895186067D8B13838615DBFC,827,1170,RGB
4849,page-4849.png,364264,0EDC134764EB34109DD2EBB7D5A8BDA15FD940891B60A7014AD71A5544197DAA,827,1170,RGB
4850,page-4850.png,271132,EFDAE7FEF04CCCFF16D95301BA4CF5B5682DBD60D9FC413AA8CCABC6DDE8435D,827,1170,RGB
4851,page-4851.png,227338,7526D70E0378B472D0D951BD17B9379F2449EEFC38C6ED2B95E90E9AD4F1AFB9,827,1170,RGB
4852,page-4852.png,247114,C4751B5EF4AE8BA2773050AE4934D2242E2BABE4F935125D2F97560D61B1EAD1,827,1170,RGB
4853,page-4853.png,313216,188C084DCFDE0B0FAA1B9A895AF36D227CB33A94143283A71AE7407FB5F7EE87,827,1170,RGB
4854,page-4854.png,269860,9B9E5E0720E5D21B12590F934FA7FF61E7836E8CE8ACADA540F563D47ABB1042,827,1170,RGB
4855,page-4855.png,291469,2C82D22CE635720CB0A50D2AD15017A26348541979524F0924369BDE301A3C90,827,1170,RGB
4856,page-4856.png,308036,5626E4F354E6B527E4858CDE6EF50E88DF1282792A89C738B6731DBCB87A2149,827,1170,RGB
4857,page-4857.png,255902,2215702AD39D7E1B640FE0F9BDE440B5908651F587897138721EA9D67F52AE1F,827,1170,RGB
4858,page-4858.png,261634,5BB89DE1D5D108B1C9EA57A500BCA8CF9B5989E1482E2EA7D336EF924ECAF309,827,1170,RGB
4859,page-4859.png,289398,EB58A950D52F7372AA289CDD18C2104354811CCECEFCEF3026F95CDBB8A55D8B,827,1170,RGB
4860,page-4860.png,268305,BFB5CC62CB99A7FF79F0742F4870976CD2FCDDC25E0C80832A6A819F47649599,827,1170,RGB
4861,page-4861.png,252117,D5389712559FE13195E625C04CB17F58B47D9967BBC1FE63EBBB431D64499107,827,1170,RGB
4862,page-4862.png,251263,DBDAF2D8056FAB9167160BCBD0E5F53B3019787D069DB635AE42E717D3D9B597,827,1170,RGB
4863,page-4863.png,281068,E1A4C56AD33DCA14695344D15D9F5AFE4C68E3195C9565E29E0E1F57AC6BCE45,827,1170,RGB
4864,page-4864.png,256659,4D17BD01ACB8DBE33909890790A91E03C73E4F05F0969080A0EEAEA7446CE473,827,1170,RGB
4865,page-4865.png,233249,724D2A962EA5266AEE0542A0EEA228A686A8FCD8F60496B7E288B57645F8387A,827,1170,RGB
4866,page-4866.png,199029,6B61C71F4FD3DA9A2E0B59C36719248D637B2AB63A5CEC9FD81A896C46F353DF,827,1170,RGB
4867,page-4867.png,211663,ABC791E19ADE5EE85A2C5CB9F36739CDFAEFCB33874064FE082031703C8B8EC0,827,1170,RGB
4868,page-4868.png,262234,6923F879DB6E212CB3CFA95AA42AAFC3F46540D46513536C126192717C7E427C,827,1170,RGB
4869,page-4869.png,253892,E623DBC53BBBFCA50FF1E2AE2F25EC9FD4094D9DB58BB1A9CB4DAEE948493793,827,1170,RGB
4870,page-4870.png,239170,74938A8A45EBBBFDC2724E98C9334537C685BC9ABEC04827F54CC2172072C23B,827,1170,RGB
4871,page-4871.png,325675,ECCF880867075782AC4E36247C1F110AD85318F89E88367716BC5451E560E344,827,1170,RGB
4872,page-4872.png,283077,3E5FC61F54EE781A71BCFD2E922605F0321E11B94CA4613BE3968BA835AF6EDD,827,1170,RGB
4873,page-4873.png,328633,5CA3DE651EB3059C166743988B34D3F4A8487F0A4B6B7312E6E314BB9AAA0304,827,1170,RGB
4874,page-4874.png,265822,1554B3944823782090A6DAA31186A9FF9CE08B7DF0F710D5D106AACE51513B95,827,1170,RGB
4875,page-4875.png,298288,6B1756430C3858F19386393241C1C28B9AE0CC2B1F1C11D490E592544108BEDA,827,1170,RGB
4876,page-4876.png,243676,38745A4301C5AEFF5D9C77CE6AD0C615FB1FBF3BE6F61768A2C2A78FB3031584,827,1170,RGB
4877,page-4877.png,259058,635C606F6128C703F5A47CEE220D410A71E4AB8F21E97509DE0877F594F6C46A,827,1170,RGB
4878,page-4878.png,237557,9566FFF776767A5FF783588711AD108FBB3E2BB689BDF410DDE8DCF27A253711,827,1170,RGB
4879,page-4879.png,278521,56C403EAAE4C437E5C704E97E9E793840432EDE626EF963F2F38990016905E98,827,1170,RGB
4880,page-4880.png,233794,670316AC8DFEC660C2EDC11F99CDACEB38052B93D9C1F806BB413714BE5F032A,827,1170,RGB
4881,page-4881.png,273822,79314CD46B49195F40A9FD9CE0EFB29C57A4BF1ED20C8A26879E7095B35F9617,827,1170,RGB
4882,page-4882.png,253747,3CA7DD0717E8D37EA7161BE0EE457D60B9AD048900AF3021AC1C0F84BC53949C,827,1170,RGB
4883,page-4883.png,369128,93A6F253019C40281444B05FB607A9E689AB0F8231FA7BC5BD85D001BD30CCFE,827,1170,RGB
4884,page-4884.png,364222,9A58068CCFB9C6CDF19A9C944AE9C96F4293B0BFEFAD13F7D51E3BA8EDD3760B,827,1170,RGB
4885,page-4885.png,286574,DD083A410F22B34294A236B74BC591D672A5EE2334B822FDBFC8A6903C6316C8,827,1170,RGB
4886,page-4886.png,311531,362EDA32643B5325E86448E7E73ADF0003032E6DB99095CC06CA92754C0905F9,827,1170,RGB
4887,page-4887.png,290751,D02729A42F6463A754893637101EDD475FD359C71E314A7C80803DDA28C2150E,827,1170,RGB
4888,page-4888.png,282812,2F07F406204B334B12CB039D44F620C8C37D24B52359D35341F5127A2BB6D028,827,1170,RGB
4889,page-4889.png,274010,4C141926341F8DBBF1F92FF7F469963D32726115C69AF534780E68E020DAF97C,827,1170,RGB
4890,page-4890.png,253755,A8B76704A62E429B35546F028F72A390999DD22302BF3EFFC6C968A265BF07B5,827,1170,RGB
4891,page-4891.png,291584,480D5F753EE0E3D1BAB9FD635873448004BB6D07A99989248241A7E3C1720F6F,827,1170,RGB
4892,page-4892.png,222089,EF6FDE52E2852FF5E0C97ABC683482A20DEA58E546C0787C61B1B1C96914A648,827,1170,RGB
4893,page-4893.png,255613,2CAD7736653F696483177802E32FE82FA7D8356A4C7B7B1AA55E6C094031773B,827,1170,RGB
4894,page-4894.png,268479,4546E00121DCAE08DC1B0F2562409C0251C8E5B07237A75AA7F5505BFF26C5DE,827,1170,RGB
4895,page-4895.png,304007,A23F08CFB9ABE0D7FDBF257A60F4D4A248608159A3CF784B916906DEEE9B7960,827,1170,RGB
4896,page-4896.png,268144,51B78C799AAFDDD1A77D491BCE57676A4F65296B5735791EF10E91B988AE1727,827,1170,RGB
4897,page-4897.png,319463,0B21A56E394C6FBEF0FEB942C05156C5EDD7566C54E2A3E532D6BFC2103F0FB9,827,1170,RGB
4898,page-4898.png,301470,4DDFAA9B8E5A2D6381BA61333B798645E2DAD34D87F2C7F8C95AABD8FC461CD5,827,1170,RGB
4899,page-4899.png,310046,E01ADAEA21ABDB2F63E73313890E9BDDF0D180EAC1637507C1794B586DA236CD,827,1170,RGB
4900,page-4900.png,269084,4347F5066CD28DEE130962B3C3E7DC914A97B20E1DFAB366A4EDE70EC8441DC3,827,1170,RGB
4901,page-4901.png,304612,ACDCBD5EF370F78499BEEF505CD36B6BB8660C9508A08133C2A7D4827BC2FA57,827,1170,RGB
4902,page-4902.png,308160,912A8FF50E97C1429EF825F6E8A288AD32240079107CBFDFE488025D88864F1E,827,1170,RGB
4903,page-4903.png,199696,7C3C7A0A0DB88662808469A9BB485FDCE917A70E34A9841B7279C645124C993B,827,1170,RGB
4904,page-4904.png,258614,0220A4BDB30D4F27E6EFAA7568DB5250409217953D2138048C3BC9F06AF72F9A,827,1170,RGB
4905,page-4905.png,309031,621CE00119E2592D1C0E20C96CC368B832D3C3C9BBD1C09BE5F18D62055C3EC2,827,1170,RGB
4906,page-4906.png,301680,482284555D689CC1C139BED03B6669D46E199115B904553F7ECFFE61101FC42D,827,1170,RGB
4907,page-4907.png,288100,DB4D2B0A836F250580C1D58588A241BD911E5FFE97A22955B4B7010C4E27BFE7,827,1170,RGB
4908,page-4908.png,246992,D1F139F93A64CEABE7109AC11CDD56A2CE8B17AD302A1210F68641852A576BB6,827,1170,RGB
4909,page-4909.png,146299,3EA0FD5D5A4C1317E95573A15A71A7B5AEB28DCBAA415DE274639393E12D0EDE,827,1170,RGB
4910,page-4910.png,196220,52CF9DFB0673F4D7338AEED93386D4AC1C990930CF244BA2CD02085C8435AD72,827,1170,RGB
4911,page-4911.png,142960,9CA7619B40586523F60F8B3876B76DBAE6BC0677D9D34C6FD6807439E538BC39,827,1170,RGB
4912,page-4912.png,239922,E36BF4F7D7D25BA6336F87A039DE250BF84B5D9B4DFEB6FDD791BDA203DDAAF6,827,1170,RGB
4913,page-4913.png,280499,F5D168B117544EC562A3A1DD8BA44DDE27452D81F6738936F9BF5222976A4B51,827,1170,RGB
4914,page-4914.png,218007,1942221C8838E0848762F8CD64E8521F6CF4C0B628AE6337F99FA19CE98622F8,827,1170,RGB
4915,page-4915.png,186645,76E3B4F00AB6D06B0CF6CB990823C471015379E93EC0AD628C7F9062BA218DBE,827,1170,RGB
4916,page-4916.png,211135,7DC525AD91BD78FD0689F7F95713C8EA1D33A5C7F96F646DA0D491CADB072E5D,827,1170,RGB
4917,page-4917.png,302688,413D477256D8ABFFDE39B14CE17AA1C8A63CC58E60165D47D836118D4DFD017A,827,1170,RGB
4918,page-4918.png,283456,1247DC91558D3DEFC34000DCA3AB76060D3B1B2E4318D6E9576427342016725B,827,1170,RGB
4919,page-4919.png,321951,CECAA5A7AEEC7CBF8AD2F6DB94C883F7C60D45A6CF5A68BF4D2154660B0E7C81,827,1170,RGB
4920,page-4920.png,279212,134502009ABDA49CE05D3C57DEDAA03A36B539696D60DB3EA8678F2D19458DAE,827,1170,RGB
4921,page-4921.png,252547,E3ED5C711BCD2A708F6BC1CC4D2171E5ABFBF3634E8D4AD6ECAF5EB21AE411E2,827,1170,RGB
4922,page-4922.png,288461,B8C0870B42631C296670237B5B0664FA8CCD4A6D09EC7FE739EE822C23AA4B1C,827,1170,RGB
4923,page-4923.png,335127,4388C310C058845347DE874857DD70700825D55D6EC9E8695FC6EDA0F4AFB360,827,1170,RGB
4924,page-4924.png,318096,3E440665ED7E6A281450EADFD7B547D4D94D38BC5931E2298B84A8033D4153B6,827,1170,RGB
4925,page-4925.png,382738,51AAD24438054FF3ED1671AB2E5D804A5351D43BA684EAF28E2D4D6E6E510B36,827,1170,RGB
4926,page-4926.png,368087,0DDDF4C0A4FFBDC2F0C286DC07592724FF73C20C4C5471427B1A0B65FBECAD8B,827,1170,RGB
4927,page-4927.png,318097,2DF8B2E45CA8A4E97260E561877520E28D2A92B2337DDBE403DE9FB05AEA1C76,827,1170,RGB
4928,page-4928.png,279474,A5A2E448CB4FE41B74461AF6498C1066E2190EDA66A59713904FF9E813C24430,827,1170,RGB
4929,page-4929.png,317988,1A6F4753BAF3F58D6F3DE8B1A83FA7E1CCAF05CDA3AA15A6FFB485DBB244FB07,827,1170,RGB
4930,page-4930.png,296217,C9D752BC7719A21F7B18F71D5BC37350C1B4F4436C780E3DCB001C9CAFE22143,827,1170,RGB
4931,page-4931.png,299360,0B8FBAE356F1483DDC0977D5BF3343BAB852FAD384D4227DA025096CAEE70B27,827,1170,RGB
4932,page-4932.png,223743,2CBFEDD6DE24933306BC2C57FFA0E70E87B350CBEC6FEAB0693ED3788C901657,827,1170,RGB
4933,page-4933.png,271147,8DCC49CB8882B509A69186269F2D0428F6F1693175E50A790A70F3DA5B41B811,827,1170,RGB
4934,page-4934.png,324084,14E2339D4CBA0373836E6299B09E0731558703D8ADCA9ECF886B5BF888C1051E,827,1170,RGB
4935,page-4935.png,316926,CD2B7FA39C087761761ECFEE6628650E3A99364CD19A7DCA871DC021F586CB17,827,1170,RGB
4936,page-4936.png,333392,0247F3B8EC8C7C1872EDA93EF486F04E3E18ED6B4055B61BFAB1D0D5FF3D820E,827,1170,RGB
4937,page-4937.png,381796,C9CFD72E5ED55D156E574ABC5544CA5FDA670D75FE11FB0D3FCC4C1D0C5ECC84,827,1170,RGB
4938,page-4938.png,329030,92DB83F6F901CB4BD686A84F60E82AF8F8CDD57719FF79B1574499532EE0B242,827,1170,RGB
4939,page-4939.png,313464,CD42C81BAEEE49A7BE1DAABA03298AFB8905310B4D0A0E775A7B0BED4D5A4359,827,1170,RGB
4940,page-4940.png,340966,B03EB9DF5523D374D738BC6FFC04F6812D3A46351293D41B298DDA92BB8C25D0,827,1170,RGB
4941,page-4941.png,353283,35DAD99FCD522995624F15876C575044EC486500692BDA435F2F6BC76D960279,827,1170,RGB
4942,page-4942.png,371439,8AF4D940F2BFBD19DDBC5DA37B5634DC4C9BDE87A90DF8B3FCE7BCE05BD904F8,827,1170,RGB
4943,page-4943.png,322372,4464F1F77560544A16FCF56A052271597D2073426FE8F073169ABEB6712E7518,827,1170,RGB
4944,page-4944.png,368472,25A7C69C99F57BD37567CDBAF83A7D836222FE82E9887A669C5E96183F9D3A41,827,1170,RGB
4945,page-4945.png,272307,B35AB3B9950AF901322E2554E66E5414F7B6C7B7C39C077E94D502F1E74F32AD,827,1170,RGB
4946,page-4946.png,323093,AB00F7305FFD9882D61EDF19D3A64CBC6806BFE48D886E55A6C06AAEA1554368,827,1170,RGB
4947,page-4947.png,275493,FA0A947AC8B0EF5BB8296A9C6B99521C8B0E9BE28360653DF45B504DF723EF78,827,1170,RGB
4948,page-4948.png,293192,A591CD976B4DE5A78E5C309ED74EAB97B424915566B1B6D2156973E5B9139BF3,827,1170,RGB
4949,page-4949.png,292333,748F40C6D37D14B9FAA507D1B9E2B40A6F87A2FE473D41060F4A84CAC8814B4E,827,1170,RGB
4950,page-4950.png,301943,60C64FA6388CC734410334307885979289667AA9A8671A8A41A80765A85BFE7C,827,1170,RGB
4951,page-4951.png,251532,CECD2318D682A69E5AF9AA7D7EB1CEE9610BBE72D26381D7727389616EF856EF,827,1170,RGB
4952,page-4952.png,324677,B3E41D2D472FD8745E4CBE2DD0F375E1EEECD0226E5D01A2FD6A0D93F5970714,827,1170,RGB
4953,page-4953.png,294307,B47DCD54064FD8BA3639E6729441E5B02993250EFEA690D93F797334844C61D9,827,1170,RGB
4954,page-4954.png,315040,97F569A018B790C511790791D71DF174EB8DD560A6313E722CF19FC80B6A0CE6,827,1170,RGB
4955,page-4955.png,310813,2391C2411F02B7EA6F0E32942322473D6360D0EF492FAC24C91D673ABBDE8405,827,1170,RGB
4956,page-4956.png,347069,EE2FB3696B91E0D762FE3C011CD4915CC9D09937B748E15D82FAE2474AD86959,827,1170,RGB
4957,page-4957.png,312936,1440A4F9B23A0C2B1A8C9496B49B8640E278E5896DC80C7D89B64F1F6CD784DB,827,1170,RGB
4958,page-4958.png,310940,7FB1E49211187EFED10CEA754A1768652EB54B982BE457AC0AC538D9088FAD6E,827,1170,RGB
4959,page-4959.png,221963,9B0054022F05B720264F891B5DD22C3F223542866504AC9F2CB33AEC0BF1C916,827,1170,RGB
4960,page-4960.png,280962,37D1D370A7F7BAFF23335154C95CAA785E85BE2D407D171BF0FE3BE86503D7DF,827,1170,RGB
4961,page-4961.png,361181,012CF298057AA1959C2500FB49DC7AF1132D71A9FA5F97738F43869B9BB74D26,827,1170,RGB
4962,page-4962.png,340567,42B5C7A20BA63F05A691DA55900B99CEB0ACBEA63A658A371F86ABA72253CAE2,827,1170,RGB
4963,page-4963.png,303344,82D7239EAE77F988A8D77C178CD9A5B9F38E87C1B5F477A464FF79C6112FEC10,827,1170,RGB
4964,page-4964.png,287485,405E830DA79FA585F0605B8788F90CA1984625708C64903F5B009B07F977EB2E,827,1170,RGB
4965,page-4965.png,233481,64FCF046F7E18209C5648383FE7BB808653FE1A3F0D54E419F6A95229B47AABC,827,1170,RGB
4966,page-4966.png,261988,78101973AF8F0CFD536A0F4625FFC7CF5CD4674CB0CCAFD630EDCC48A6249B81,827,1170,RGB
4967,page-4967.png,244822,B4C1A106CDC62E7074CBCB63BBBEDC2BE491DB72B27844708B9EE6100D22AD10,827,1170,RGB
4968,page-4968.png,312729,74EF186FED32678EEB877DA18E7C4366410314A6C542C0419C023D1C3566DC8A,827,1170,RGB
4969,page-4969.png,339483,2A9AFD27705EF9FA4577A0F728F3DEBFA4D2078E6A0E19AB81557455730C59B0,827,1170,RGB
4970,page-4970.png,341051,8E448C06498E18DED358CFBCC9C33528FD9477BF7591D2F2FF70E10D55B90566,827,1170,RGB
4971,page-4971.png,322652,3B25945040E7EBBD034DED50804DA0C9189DB08F3C6D4406E4D5458435AD031F,827,1170,RGB
4972,page-4972.png,261420,5565AFA8DEAD17569E8166330D21492C8C88481BF16376CDF2E82DE66E731059,827,1170,RGB
4973,page-4973.png,277524,3E485F6CD9A9BD1CAA73D86711E5823EDB9D8D7BEE3828BC502BE0F173276100,827,1170,RGB
4974,page-4974.png,275401,823BE11725A91D9A19500F18AD946EBA65F997FF6F2D09240929DA1CF43C35A3,827,1170,RGB
4975,page-4975.png,270647,8F022C7C81D23C2ADB470820ED2AD8854C89C81BDB8FC9A716D2B46C6078AB17,827,1170,RGB
4976,page-4976.png,286266,AF9F192F19888CA95D3510402985F2263529DCB3A6A892EEB7B39A6E9FD3B7B2,827,1170,RGB
4977,page-4977.png,318120,25908059D608279FE8FE052EA77990C7A1D3ED2075060F23765269A091834FB2,827,1170,RGB
4978,page-4978.png,324865,3E90D0205A52A664EE8C2AE98D62E371FBD6B3294D4037284E23B26F221459ED,827,1170,RGB
4979,page-4979.png,315475,26B25B8433B9BFA1EB396AA9EC1C643397FDFBDEAAF21FE62980246BBAD7CAD7,827,1170,RGB
4980,page-4980.png,290522,67DC1DB7A3BDE4293A1F16A0E1499A4DA5D561455C1A510531D234F9A534FA24,827,1170,RGB
4981,page-4981.png,267224,F5CE2F855FE620E5A9258C80484BF7142FDFE911DEEF841DB23DF0D92EF6CAB2,827,1170,RGB
4982,page-4982.png,317368,48C5F7FA06A9C3C8D8D70F5988B42B5FB5477DECD99ADA2778E050DCDB5BF7CE,827,1170,RGB
4983,page-4983.png,298985,23D07A68F647C2C794EFE181C150D2C53276E265B0B6EFEF37A539114C1B1784,827,1170,RGB
4984,page-4984.png,285405,55A2BD4BFDB83DF3A046B62FCB7BD0EC5818DC60F405B7A789B55103B755CD45,827,1170,RGB
4985,page-4985.png,190570,B425368272E4E5FFE261399F2C9BCAC70E4016E16E8CA3E06DC18A575E72440F,827,1170,RGB
4986,page-4986.png,266917,186BC1BB90465456FFCCD35A3E7D821883FE63B01973BD3E20E76DA88E397332,827,1170,RGB
4987,page-4987.png,292520,BA43A4BDE4E9703E1F9CA1EDD2FB3B458B75B9853B9A48F33C9CDFBADA9831C1,827,1170,RGB
4988,page-4988.png,247198,4871FE421E93785C91C5FF5DAD77BC2BFB5338A1F5BAB7033A541FCD6EC20DFC,827,1170,RGB
4989,page-4989.png,223877,3F34179487816493FB65C3CA4355F8F5F943451E1E2FF3A979307200D5107B19,827,1170,RGB
4990,page-4990.png,181365,D39DA045B44E3F8D2486DC257011AFD1400D87FF2605AB7A41A245C8FB4ABC1E,827,1170,RGB
4991,page-4991.png,306353,A7EC2F743326751807A6905C8784545B28ABD0AE6462018CD642F0EDEC02904D,827,1170,RGB
4992,page-4992.png,300646,6CAD0B0FB1B58FC152F797D4B810126D84D5EFC10E48FC6BCF36E78D209D1D02,827,1170,RGB
4993,page-4993.png,234818,DF1DA143F1521C561BEBA68B1E54AF74E800480DE524DA88B7476600710FB3BF,827,1170,RGB
4994,page-4994.png,234140,B92BFBE39170FD9608278950B6D517311002BE0C2352143A73216B8248EA906C,827,1170,RGB
4995,page-4995.png,244499,08E48A38A65F8401332AEA27E9DC9D90678F4B112E51B2EEFD2DD842C812C658,827,1170,RGB
4996,page-4996.png,273384,495D43D59458192A39D3680993680426DB2A8C2365D74E258A59BF1FEE9D5C3D,827,1170,RGB
4997,page-4997.png,297570,F33F42BE068BA2D7DF86E94FD5F2AA558CE3614905781AD018FB774126320892,827,1170,RGB
4998,page-4998.png,279371,3FB3F0981AEA8F0082948B6EB0081B6452FB81D7BECFD148A3D4451ABD30D7E7,827,1170,RGB
4999,page-4999.png,278022,54BAB578A21F9701430CE8967EE363E710FC869950763B3A2DAD50770E7A36EF,827,1170,RGB
5000,page-5000.png,367668,AE7CBE22460384F3031522E200817C897590D409956D805018E689B10FA29C49,827,1170,RGB
5001,page-5001.png,283449,4684CFE563ADD751B14C8248AB995F7F094227B3CEED676BE20190ED1539B6EC,827,1170,RGB
5002,page-5002.png,147545,7603774DF44B4DD0D9601AC2935FD2718D2A1E2D15AEB4AFAD302D0C6E47D59C,827,1170,RGB
5003,page-5003.png,291843,0859438CDECE96204935688D0D30FB3A1D38549960DC528AD115F8AAAE905260,827,1170,RGB
5004,page-5004.png,310605,B14413B6371CD3A985D197F813BD4C06E06B4E68355CE7ABD1DB3704DBA39293,827,1170,RGB
5005,page-5005.png,282172,F38BB0B36D2BEB7DA54E57F55B308CF15E54844E8A7D41D79B23B36FFE916E1C,827,1170,RGB
5006,page-5006.png,246632,77331FBF1EC7A8FC1FC3D9B8FB08EEA48613E28F37D0940C483038997FE5A5AF,827,1170,RGB
5007,page-5007.png,277712,69A53735464D04C32DBC1A3F00A5BA363E2306880A9C956FF5866722684164E8,827,1170,RGB
5008,page-5008.png,300373,E459193256766528C0C6952B4398F25A183454612653ACC4A7E84D1BC1A6BC5A,827,1170,RGB
5009,page-5009.png,261706,E458AFCF07BF90B67DA1280224C99CDDBFE803A25D288F87B8D44D48909A8DFD,827,1170,RGB
5010,page-5010.png,255042,8EAE328BB1EFEAC88982D8BB3ACC951B50AB2E50584A94F1D71FE6EE44B69A59,827,1170,RGB
5011,page-5011.png,310729,C646BF4E1DBF93B0D938990621AAA0A60F151B89315E31CB35D765309CA7B8A5,827,1170,RGB
5012,page-5012.png,297701,A1B0DF330FD01205A86FC192928783DC39C38A18FF6560DFAED71E2E075AA978,827,1170,RGB
5013,page-5013.png,306044,0D1D32C55DBB285EE6B37BF73929888214BB50E3CDEFB8963BFF265BA4FE77FE,827,1170,RGB
5014,page-5014.png,319911,B80514884702FA562FF2585B7CA98946B0471CB5D5F29F86A3CDAFA822BFCD39,827,1170,RGB
5015,page-5015.png,270288,2E67D7DAB573C977B9722C29149060BFFF9D09C3C1F9D9FA5BF2B87E8AA57DBE,827,1170,RGB
5016,page-5016.png,157354,571B223AFB501DBB52C26A0384F0F3B70446308B91197D0254DD4350BD611EA3,827,1170,RGB
5017,page-5017.png,285990,01C8C9FED8DF0F9FE629DF8D5E973BB5D2436565B317FC81D755252E5A447C08,827,1170,RGB
5018,page-5018.png,290651,488F2312482D9D357B90FD111399EFDC9BDF26306A4F8EE45071D4D8B7E3AD60,827,1170,RGB
5019,page-5019.png,311948,6B0004F8873EFB3FA2CDCB3C402E307775B0468A50D75E9C08C629AE4B6D0CBF,827,1170,RGB
5020,page-5020.png,317984,870A9D22C7947542E19A844159228020A56578F5BA0829BB15B948D929F4CE93,827,1170,RGB
5021,page-5021.png,250642,AF6DAB245A36C9342EDF21FD32059BE4248D99FCCB4A13D3D13EA80085BE5FAD,827,1170,RGB
5022,page-5022.png,253160,B4827FCADBE743B346B106E92C76D0BE28C70F8119E0378399173FBA064A529E,827,1170,RGB
5023,page-5023.png,288644,092856B988A4D4297B70AF508061F3C106661CD1EED79E6937DA881EA6734ABC,827,1170,RGB
5024,page-5024.png,302232,82E85AE9DE31E3F0F17F34668EC55D244E2915F32672836B6E2734E2BBF7928F,827,1170,RGB
5025,page-5025.png,274987,A1FBC76EEA3ADA075452D3744435920455FB07569511EB57B0FFF42B5F5DB861,827,1170,RGB
5026,page-5026.png,291104,826CCD34A81470A321B878F69B554693AE1BB82EC8EDC01CC9D19AEAD46C231B,827,1170,RGB
5027,page-5027.png,381249,FD8CBAA63BB534C080ABD99C81A8878F528C9954CC9755522BDA0F35987EE295,827,1170,RGB
5028,page-5028.png,342520,0F5809AC01131E401131EFF9AF7B6CE1668A3118CE68B6B1B5D52E1AE1EF83FB,827,1170,RGB
5029,page-5029.png,337748,2BC8FDAA56A5808D8263200DEC360F863F776954E2A1C7C7142F86FDB59F2CFA,827,1170,RGB
5030,page-5030.png,346116,223BF07E97C0BC65A5BD6C1171040A35D1218A9C9AA11545727392F380D05317,827,1170,RGB
5031,page-5031.png,294783,CC2BD2E1D958F0A7B788A1DED08E5D861C0B3C0F27C83E454C72E7F60335A075,827,1170,RGB
5032,page-5032.png,246778,22E72140C30CB72B23EF0408D599E99829EA62EFA3C614F48B176ADF78B471BD,827,1170,RGB
5033,page-5033.png,347342,35ADEA5EE5828249A8695DC50A4E63C2F646D1D0BF41653C95D0C2FAA0E45EBA,827,1170,RGB
5034,page-5034.png,312507,6418B824FF229E2A5C7D88A7EA68A4EE2F08AAF4BCBD50F930E3A34D116405D1,827,1170,RGB
5035,page-5035.png,323982,B5BA33A9491360067767797109468B02F0D0D0FC8BC2DF594182754F156EA3F6,827,1170,RGB
5036,page-5036.png,339533,EE544BD71336F1481B4C1963812F0D56D534546962B290F5A2BF696A6A597522,827,1170,RGB
5037,page-5037.png,285968,5BCBF208E669050AA87F0A17748D6840DB2B9F519C2F63F337F5BBBC06465549,827,1170,RGB
5038,page-5038.png,250992,053AEE7FD6A95660A6586258E170F0FAD4D1515721CEEDB606D660055EF2B2F1,827,1170,RGB
5039,page-5039.png,360907,CB20BADC0E36D0B16093D85EA49D6902090A7B7EA473D874A9DC6F9D8DD4CC6A,827,1170,RGB
5040,page-5040.png,307498,3C30C045A122E5BA5F4F5C6EBD478AF4CC94DF325732F619D27C089B359D0C0A,827,1170,RGB
5041,page-5041.png,308196,9125F9D80FDCCA73BC985B8238A3F2D646A12DB12B04A0CD794C46C2871BC8B7,827,1170,RGB
5042,page-5042.png,289546,C87748EE05D248F59FD110785AA3775F853DA223BDA2E124A4ECC2FAE009A5BB,827,1170,RGB
5043,page-5043.png,325069,511A4B5068A33293A95806E899B6CE2F08FA1552744130D229BB48BFE10E7BA7,827,1170,RGB
5044,page-5044.png,98096,83D3E73871039AF3B56946CD05ACBE6582E4E695AA5FBD9F15D8A6C1EB0E3941,827,1170,RGB
5045,page-5045.png,278598,372FF3C38300AE1D506EF75AD62767303BDF3CBEE895B639D04D58E755A07140,827,1170,RGB
5046,page-5046.png,263619,4C7CDC076DCD8ED4CAEA264D59368944B09BB7A9DDD91A5548F6174CE3E17337,827,1170,RGB
5047,page-5047.png,310181,1C1F4D416DD3B0CB6B4CAEB38A1982AA558A3005D9060CE3B2A32704E32297B8,827,1170,RGB
5048,page-5048.png,299082,458F83B98A31AADE0FB83D616A2336D14B44604CCB32FF3529E70F0DAE9EB264,827,1170,RGB
5049,page-5049.png,321082,83560F7C85B23B1FF466D10DC31D81565C67C7606A7A63057BF01E1C199C4420,827,1170,RGB
5050,page-5050.png,339348,1822A9602F72859AF20E2E06469016EAEAE2E5F21D9AB8B9818A06299A18CD2A,827,1170,RGB
5051,page-5051.png,279382,83AEF3FBE1332D86881049141B25E7E20DC66FD89436F4425CE08E25E81ED9C8,827,1170,RGB
5052,page-5052.png,275080,7EBF5A5B90157AE4B89E8AFB0E3D3482A8D70E49B59ADB2550175D9319FA29B1,827,1170,RGB
5053,page-5053.png,58311,70D8FD745D254D501F89B1EB1D8D131A67D841A226042BEF0B0EDF2624D30276,827,1170,RGB
5054,page-5054.png,360972,03289E3F159BE8F9950739466D5363FB48F4A442EF2B6EBA0F0F7A357E747D81,827,1170,RGB
5055,page-5055.png,414203,CF337F0826BDB5006E5725D3C5F92B4C50E5F2A44183672BCBE9AEE70162E5FF,827,1170,RGB
5056,page-5056.png,282446,0CDD588C75AFCF38F46696FF0274749CF04C6A9B8C7E2ABFF86F5E676925CCDB,827,1170,RGB
5057,page-5057.png,309269,6A7C4A12851FEA4FFD86A5E680E051B79F607B523100EB1C214A0FAB0D489AC4,827,1170,RGB
5058,page-5058.png,278372,7557C647EC47C55E1A426E32145EF647D973FFE664D46C95ECF352669181C939,827,1170,RGB
5059,page-5059.png,314058,37ABD4A41A020FADACC546174534DE731AFDB506DAB5007A3B75231452215522,827,1170,RGB
5060,page-5060.png,333016,D0E5720C734B6C304B56DE3EE88ADE4DB86EAB99734218E89FC13C562DCDD52D,827,1170,RGB
5061,page-5061.png,316531,C58FCA26D17242DEA8D234F8A687F850AD088663F12E00AAE2D9A8F33676452F,827,1170,RGB
5062,page-5062.png,322864,CC9308D43857171CCD103B3F1671C4FF6C526FEA24E108B395748EEF17B38AE0,827,1170,RGB
5063,page-5063.png,364860,496A7C2648E437D7111A5F09CF2187CD129F007D7BDEE24A1010DA0BA0638544,827,1170,RGB
5064,page-5064.png,246485,E47E831106FC8B0505C7DB3D716EA73EB7D9FA1B403314F4D0ECAE5D1F48975E,827,1170,RGB
5065,page-5065.png,301197,EF86BF438B9B442046DA06762EFDDEB61E0C217283D177EAFF38E61008186F8D,827,1170,RGB
5066,page-5066.png,296651,678EDEDA6E486E1DC9B64D2B801DF9993DA508A8E833ED1572013DEB4DC97956,827,1170,RGB
5067,page-5067.png,199757,51DBEE4844E5195CA5C2EAAA8F6B26FD558EB4BD3B47B96D3F1ED2020EF14C45,827,1170,RGB
5068,page-5068.png,212062,D9C0B8434B876B634330385ADDCEBF65548E3E1C15FBEAF4143FEAB3BCC935F0,827,1170,RGB
5069,page-5069.png,311622,26EECAE201D1448F890AFDD0ADEC2608C836E85C23348C0FD441ECCFB68186CB,827,1170,RGB
5070,page-5070.png,257325,8A44B2E98FCA32F346A5EB1DB38070A546B36EC2EA0684233DB82450987487DA,827,1170,RGB
5071,page-5071.png,279789,7D70FA325B77D5D5B4C18F34403419A9100F735FE7481516CDD94BA32C0417D1,827,1170,RGB
5072,page-5072.png,282219,A1A09DABA73CCE31FF6B0167ABB15E47776F3D51A1D8AE022EA76DB1928101BA,827,1170,RGB
5073,page-5073.png,233709,22608752B0D5B482B1CEF2D1DF582B7CD2E124AAD50B7B21FC8A7471681D5AE0,827,1170,RGB
5074,page-5074.png,143791,52730E1D0F3CD149705B04CA4BB6F16839E057954196BB184BEADE760EE9737D,827,1170,RGB
5075,page-5075.png,226697,D5AC79526586EDA72FE4C113E3D7A79EA533448F8E70AF11CFB85A023752DB81,827,1170,RGB
5076,page-5076.png,215846,B6E7A13EBAAB96AF89D6CB48FD302245DD89D522A9CEAA90188ED8D2F8D181BF,827,1170,RGB
5077,page-5077.png,272223,2AA7612C6CD2DAD1F5750A6A7246295768FD1BC18936BB65778CFD47E9D3C3CA,827,1170,RGB
5078,page-5078.png,321452,16741CCE33893F73506A5D78C77BC3D54DDD3651017F09FAAFBA4B016E3789CC,827,1170,RGB
5079,page-5079.png,302294,3EE449716AD22E3023E7349D4FCB43D007991CF7036D66E522C50539A7C2D364,827,1170,RGB
5080,page-5080.png,248743,2407166843E24211DE962F1E3F6DF6AC4DF79BCF17BA365DE731B5C697ACFB6D,827,1170,RGB
5081,page-5081.png,157306,A2A3F2D71AC6C6F8D17E2EFB9290455302D84A01D34C1B0279E7132CFBC35CDF,827,1170,RGB
5082,page-5082.png,228952,98ADA105A60793E48076C82668EFE1067032CCFB091075C827FD8F95BF2AA658,827,1170,RGB
5083,page-5083.png,205251,E46B95346AFF93DE99EB7F8605A97782CCFF01F75F6A9B21824618059F5902FE,827,1170,RGB
5084,page-5084.png,259244,9859EA36795FE2B25501C07BE84B09C35E672CFE8B938EB65F88BFE515305C68,827,1170,RGB
5085,page-5085.png,256154,BADA497B0FE7EC64A71A467245F5CF62B1FF8EF4B9101CFE7F2D6FACF95FF6A5,827,1170,RGB
5086,page-5086.png,283442,E11BFAA1378EC8A17BF7B2BC267D1680BC87F8596136F516284B8B57B47B9410,827,1170,RGB
5087,page-5087.png,261596,5B0C6FDB9CD314887C2ECD5398A0ADA89A16638378ED30E029125132C4E59F60,827,1170,RGB
5088,page-5088.png,252181,DDA59BDEDF99FAFBD081AF9A9DD7C4CB69D983D7AAC2DC52184808A7A90B7612,827,1170,RGB
5089,page-5089.png,307803,BD2ED2931BC786D6B3C8B680A94433F3112AFABC63ED86D0C678F961F2A44876,827,1170,RGB
5090,page-5090.png,200826,77AE1FC9F9D9AB807404176E3519121B507B72DD1051C003D2C3F0AD183CAB97,827,1170,RGB
5091,page-5091.png,255763,20814FCD48309EFB1DEA2B45E64852582284E00F1566477E9BDB67515A2A21D2,827,1170,RGB
5092,page-5092.png,231168,F48A58800360FEE4DAA3F60767656F6C9C2B7F40CDF7E269DD5FE9C057C745DD,827,1170,RGB
5093,page-5093.png,212099,A350D10531E4983F8B425FE1AB63D02EBE7A6CE5FDDC845F8E399FCF4DDCD094,827,1170,RGB
5094,page-5094.png,186877,6F0C8945C7874888A2E76CB19123BEF010FBB179C2BDB815E72C68A847F47B9D,827,1170,RGB
5095,page-5095.png,246455,DD4E29E776B1EF494E28FD3C87C37206350030CF317D322A1FE6E273DA02811A,827,1170,RGB
5096,page-5096.png,279108,E18D5BCABE562B21698563D6A02AAB13F97730997724640A89BFDDE15BA70590,827,1170,RGB
5097,page-5097.png,323263,D7EBF384B2B782B3EE62718580C13CFA863C5824E3B6664B768EF194B7AF3685,827,1170,RGB
5098,page-5098.png,334964,EFC11FB4A4EB5AC02A4422F390982D80E3451739A974A351147CA4274D47907B,827,1170,RGB
5099,page-5099.png,297871,F3A94C537607E095EABC23BC1390B80DD5EB16A4FCC01E60F2DB446BF8723A67,827,1170,RGB
5100,page-5100.png,324187,4D7CA4F629F0449BEF3BD5C75FC1E9C3E6BFDB924857DE7F1645FF83ED631EEB,827,1170,RGB
5101,page-5101.png,324364,3B6CC96C1A61BA7D316FC9B80C4DCBF35238DFB8B79A7FC1B6C3614C506F391A,827,1170,RGB
5102,page-5102.png,246993,846A2878C516119E524E4F5FCEFA9A3B04E52B0FB2AA4A3F31111885B6469BB5,827,1170,RGB
5103,page-5103.png,243318,11D65098AB9FB988EB1B1464C122856700FF8A2442FD0CF9E39A6B50B3D23FD6,827,1170,RGB
5104,page-5104.png,272487,D9D7BD88D6030B9A9CD4716B5B4C3C9FAF8B9D8D75933E4CEA88FF8CE5BA62ED,827,1170,RGB
5105,page-5105.png,301245,2217114645057F481E06B559F50096C01CDAE3E87E69CCE659B3A28CC049F99B,827,1170,RGB
5106,page-5106.png,292369,6C06BF9593542A8270264BCD96C22B741CC51FD2800C8628560763A3F1F72CE9,827,1170,RGB
5107,page-5107.png,219095,A7BEA74E74AD0F0EFB954A19E6F409CD5EF940A1F512C904E0448A3370634E2C,827,1170,RGB
5108,page-5108.png,283979,A6FBAF1791575DECEF617145B64D780F64E4C5612FA57D3A40F099CD62504810,827,1170,RGB
5109,page-5109.png,220130,D41E99BEC498DB1134221568510E51C6AB14DDBAB08F630104E81BE304EA2A10,827,1170,RGB
5110,page-5110.png,268568,479FF82E836C418632ED13A6B8F0CA5DB1B66F4D6025F992DD90D27E87B14A75,827,1170,RGB
5111,page-5111.png,176406,8362CBE6176B0360EED7C8DB3266C076FEDF2A5DBC3CC974C8F9FD5570C7A516,827,1170,RGB
5112,page-5112.png,289629,F8406D275365D86C3217E5245157010666E35E78A907584B49806EA5BADCA37D,827,1170,RGB
5113,page-5113.png,223992,6EF4AD5631F262860A3DFBEBDB99956B2A7D701B117F57E6D269E382575FF693,827,1170,RGB
5114,page-5114.png,219076,8313135C20585429B2AA1DECC7D8AB5DEEA7745D18492A333008ECA88DD721A7,827,1170,RGB
5115,page-5115.png,306625,2F4AA94DCBE9737092BC4E0EB3406E8A958D50AAE821CA87199C58B9EB1768CF,827,1170,RGB
5116,page-5116.png,210273,F2F3BD01DE2112C39D6B0EA1245DFF2477DB8F0D98D099A5C6D670D0EBD27EF6,827,1170,RGB
5117,page-5117.png,193707,967287FB5D5F94CD415600EC5E4184449A6D20B4CC214D505AEDCB4A86C62875,827,1170,RGB
5118,page-5118.png,198229,40991D4C73ECD8894EAA98BAD5DFDD111E84386AEC3685A73CF35420E666ED62,827,1170,RGB
5119,page-5119.png,229697,045EE48D820CD485063843189841CA01606DCB3379E9FD70097E6A1D18D0BF1B,827,1170,RGB
5120,page-5120.png,213985,E27833BA002FDCA1BB82AD411659E76035679A09023D136668FF6930247305AF,827,1170,RGB
5121,page-5121.png,199532,9C437F21DA8483AE5B88350EDE1977C9977B2E7BE396FE7F33D193D6270911F4,827,1170,RGB
5122,page-5122.png,269148,0963E10A4535A6CE692591439F92E319D79FDF35C649D53A4F14BC42BCE9C7BB,827,1170,RGB
5123,page-5123.png,271348,6C79A83E9693C624E7FF826101CA5D4622F0669D20F5D29FACF8D5A2AB66B2C0,827,1170,RGB
5124,page-5124.png,236703,B9D1ED029971595FC7A3C16301B97F42F13C4F2D10FCD83C02D0944BC9C02F81,827,1170,RGB
5125,page-5125.png,212696,4D137B7A51EDD8EE8AF0497D7BC059BC68ABA7D6F62E200E2F1B44956A710D4F,827,1170,RGB
5126,page-5126.png,301545,078BDE706A2CB66C9A6D1D3D9718BA77B1F6A3F7DBDABDBFE380AAD041E06D25,827,1170,RGB
5127,page-5127.png,255594,8E033F69E586BAEDE40B3FDB4688A8F0A4811C130E9CE33D56BBC4D3F6840224,827,1170,RGB
5128,page-5128.png,197976,3933B3D3326776F66146890032A3F99C97F9A6CDEE1103FE3CA15E7460D67897,827,1170,RGB
5129,page-5129.png,224322,2578EC04D5DBF5C8F495950F208E08232A5BDEA14C7F0BFA38A73457FE3714E8,827,1170,RGB
5130,page-5130.png,296921,F1CFFFB5181ADD72472D12E2D5FA7365103CA7935097A600B1A083FD5A13F979,827,1170,RGB
5131,page-5131.png,213357,E063CD239E617E9192D81ABDBF615F73E0AB3CF4A11D7EB10F76807D5015DF67,827,1170,RGB
5132,page-5132.png,202234,90A098723AA0544AF582D80DBBE6EDB539D00506C9FE539242917D1DEC1468B5,827,1170,RGB
5133,page-5133.png,180297,56E947DC753578FC18355238A2AAD70F0FE725C601BB8302C61885E20EE74FC0,827,1170,RGB
5134,page-5134.png,214472,315E3AF9AA82996200F41DB3A85BA3C14DC8FB856E6C88B331C7EF571C142532,827,1170,RGB
5135,page-5135.png,190084,46E00A89813AD7646E5154FA1C41E705DFD75F1CC1ACD9A1DB7A0FE5EFB01812,827,1170,RGB
5136,page-5136.png,176762,AEFA2A99214B4B3759F8E6430A735D7877694B312F7453818198863504719DE3,827,1170,RGB
5137,page-5137.png,223205,B65E0CC61B700A3FA16D6CA5960E6220FAA2C3684E2CAD8682104039CC6157AC,827,1170,RGB
5138,page-5138.png,255412,2C26AA8576D3905D3287EDB450C6E8366541B428FEA504889D540B79BB82E433,827,1170,RGB
5139,page-5139.png,243416,AFDD55F6BBEDDBA05263E0B5579A6E4F710C1D3AB439DE7A585BBB78C765CE9B,827,1170,RGB
5140,page-5140.png,269812,9A5C79C4CD139E8ADD965767F8AF3AEC57480247D4CB1EDBD758825FDE2050E5,827,1170,RGB
5141,page-5141.png,198092,E12E70058810495969696E2CDAEF7C63D97AD355144583718B517FDB22E087A4,827,1170,RGB
5142,page-5142.png,296805,A6E48D66A532AE0088F28A28998FF9806D321654740706450A7517FA6C462AFC,827,1170,RGB
5143,page-5143.png,271117,0D29C9AEF72A72B44F84BFFDFACC4E4015745929F2964FF9441270FC7327869E,827,1170,RGB
5144,page-5144.png,208669,348F6B88A36686594EAD6A5C089E478155373D90DE1763BFCF39BE09F86A8C61,827,1170,RGB
5145,page-5145.png,230343,6EBB2A5EBE7FF588505D8C42A171DE8E98B0584EA723CF3D5CC80EB1B618FA81,827,1170,RGB
5146,page-5146.png,312886,68633DBAC547D1759455A695B94F3ED175A911B6C0408845BDC1837C3FDF9226,827,1170,RGB
5147,page-5147.png,281463,0DE95CD623F6FB48E82FD622FD27EEFD46D6C6442FCEBD8AE304DB43F27F9DC4,827,1170,RGB
5148,page-5148.png,212421,53495D4C5EFABEEDF0CCA5EFC7BE678249164ECC14D4B39EF83F4AEA94C6CAFE,827,1170,RGB
5149,page-5149.png,194351,3506C294DECFDBF74C3C66893B88BCA95F8BFAC6679DC3E607BC821918678F36,827,1170,RGB
5150,page-5150.png,235751,2897D2AD06A377A43DE4150EDDAE18BF1C4606E908532DA42CF469A6186FF5FA,827,1170,RGB
5151,page-5151.png,229752,551F35ADDAFFF29344607A1C892D98C84CF61FBD0331A427B6A4D721A0921FB3,827,1170,RGB
5152,page-5152.png,210824,E95755D531465605D7CAF991878ED13D7A776AC27EB7370238DF182FC15C8A63,827,1170,RGB
5153,page-5153.png,269837,14FD4EE4A11E994ADB9423D9455F07087517CFDE893CCEB3925EC54CB6952D8F,827,1170,RGB
5154,page-5154.png,60251,CE1B5F793258D73F4A2B0D736256F853C58EFC2EEFDCA9DD937BE1AC33E3E092,827,1170,RGB
5155,page-5155.png,264616,767118FC5978F09F4E187BBA1147D529C5E364F0B58315D764C4F3CE0E010740,827,1170,RGB
5156,page-5156.png,267900,F70BBE1DCD93ED5A082DCC9B8EEA646393543CC7787EE4B2F183A6D1B5ACE543,827,1170,RGB
5157,page-5157.png,258963,BA24696F778CE8219603F8519204A76012EDA3FA1B33A6EDD515023DB1485C8A,827,1170,RGB
5158,page-5158.png,272620,F5ECCCB0663F1DFF3E56978AD29CF54A6F82FCC566FFB96F60AC5DCFC79334A1,827,1170,RGB
5159,page-5159.png,278383,C2449D22D4D95431B096B4B86530BCD1F3BB2E5A0F0E3E5D11176F55137B8E48,827,1170,RGB
5160,page-5160.png,329314,462A385BCED942EDBE3A948B6F4184DE18DAFDC37C246B398AE1ECA71F404420,827,1170,RGB
5161,page-5161.png,275104,91031980932545391F447CE1F8E6864283FA4FF6270CD95C1C6F3207759E1D45,827,1170,RGB
5162,page-5162.png,210041,2CB8AFBE66F60B482D6908AE08139E29BAA788C321F5CDBD7C99FB15CFF92DBE,827,1170,RGB
5163,page-5163.png,253900,4EE64583E8067FDE390B8234C333FA83D2E7C5BB1C46182DCE0CEB81D4F9E32B,827,1170,RGB
5164,page-5164.png,195161,486C7BBC10F12156B7D3C678D4A4501D05EBA396046CDA89692213FE95555A1A,827,1170,RGB
5165,page-5165.png,291622,98C92DDF54C6E9390CF31087C24BC92CA6C820A85F3298679968EC280E1111DF,827,1170,RGB
5166,page-5166.png,301638,F25A31193D32FEA8C891BAF658D02040B399BE0F4F51B9838D9B6875CC5D0F23,827,1170,RGB
5167,page-5167.png,282665,A084271DDF4DB7788290AE9BA7E1AD6D55B4EA84A7970C2363A7D0F54FE2FD79,827,1170,RGB
5168,page-5168.png,265251,D48C746F481983C764E50B7E3CAA5F1506B99750A2374110572834D2C148640A,827,1170,RGB
5169,page-5169.png,234016,2CF85D459B7BFAB715F6D075FDD3BA173167478DDB58F0D6386241A43EB981DA,827,1170,RGB
5170,page-5170.png,286419,634E957C8B6315565529FEB365F30280ABB9B9EB1650C841F355C6DC8E8E543D,827,1170,RGB
5171,page-5171.png,267834,FEF6257F0D5F84FD660E927822A31710BD23BB02093601D6276AA09CFE1FF293,827,1170,RGB
5172,page-5172.png,293373,ECFE2E97FC56B561DB91DC2A7E8103B4C2FD9F750B08C58CF8792ADAF7322E48,827,1170,RGB
5173,page-5173.png,217186,D2B0BE8721804DDC10681AB36FC1BE5A39E22B8BAA980606DBA7BDA5299DA61C,827,1170,RGB
5174,page-5174.png,285351,6B43F7D733AEE3F2BA3AF1820AF56EDBFEA7D11B73DF8350E53A1B7575749D06,827,1170,RGB
5175,page-5175.png,246683,E25CC63BD53634489DD0BA4214C5FB076A55F65D1047D3D24AC88148086DE8BA,827,1170,RGB
5176,page-5176.png,216213,2CCC6F7A038F026EBA5AAFDCFA8D67B4AD46330E474EEFF32DC64F8A9582B8CA,827,1170,RGB
5177,page-5177.png,254578,00A594F3C4656882FA7AD126593038089965FF538471CED05BF59A444E46B3AC,827,1170,RGB
5178,page-5178.png,290339,FE3DF4A69AD1B6D91C719510654EF983D3264DDBEFC67AE7FDC327C98912A353,827,1170,RGB
5179,page-5179.png,243817,934680C7E50E29CC7BF9D0058DF6F8D456E93F69A3E31A7BC5138BB5D52A6248,827,1170,RGB
5180,page-5180.png,201974,49745AB11D7E61256BB9CC5CA5D1184DC63D6B9FC66BCE4A3D1BBACE02790FD2,827,1170,RGB
5181,page-5181.png,229941,4C3688333BA2F8464ECCC582DC396F655450B0750BE8B53A4FE84550311269A2,827,1170,RGB
5182,page-5182.png,302184,931FF8F3697240657158B10583E5142CCF396FD43D84F4626E5418878DE01ABE,827,1170,RGB
5183,page-5183.png,307644,7F0E43A8768F24DE9D6D7F70CCF776EC4B458B4FE55D6B50BFBDAD5668C6E32A,827,1170,RGB
5184,page-5184.png,257951,822FFDAD8E4AA451E2CCC969B2B5FD5705CDABA807A070B2C79B0C8973735CF2,827,1170,RGB
5185,page-5185.png,258044,A3793EC65ABC7B71C9B02DEEF7D706766D68CAA5D77183C03CC0E9EFDA55F391,827,1170,RGB
5186,page-5186.png,270449,D82A2050C530ED4A4529656306F7128B8CC1C6482E61975FC3D718E11EC6FE14,827,1170,RGB
5187,page-5187.png,257188,4A50F4BD67E3AE2EB6B49E74DDE3DE952AA4C080A86C146D84C16336DD080FCD,827,1170,RGB
5188,page-5188.png,248618,DB41758C2DBDD86FF661082ECF0D43618468305052914C5A43A376CECA5ABE8C,827,1170,RGB
5189,page-5189.png,267365,E22C452C95CE1AAE1C890BE11065FF00D9B71CAEBB68FE4A9EB2136023837B68,827,1170,RGB
5190,page-5190.png,121744,EE4BF0DF33AE3F6C39D3ABDAD547EDE39D4EF8D7C92DA1585FF8C2B9DEC58FF5,827,1170,RGB
5191,page-5191.png,222049,BB4DA78868B71D506D0692F9FEF0880BE46A7DE245F88A595F7CB985E3C0ACCA,827,1170,RGB
5192,page-5192.png,285772,EAFC72B1460ECA1E4861DD8C553C83D418363ABD93E60868F8FD7F9BECF49226,827,1170,RGB
5193,page-5193.png,256822,48606A7BC2001533A0DC3F6E3A588873067EC5991EC5ACAE59E356006105C6F7,827,1170,RGB
5194,page-5194.png,301315,914DAD61CD4A05FF98029B190A0C6886DD6CF571039E73B50BABD12DA3EE34C0,827,1170,RGB
5195,page-5195.png,269831,31F1C40EEBF2CC8D22943833DBA245016B9C7A4556AAFED7CD671DDE0B3EC5C8,827,1170,RGB
5196,page-5196.png,255319,C0FF5AF8903C98F84F3F5C93969C4AD7951DF3E055F33F70CA263DD2C0AF0B81,827,1170,RGB
5197,page-5197.png,316112,2C2F680A18C00251071D572BFD3A1201D2826BECC87C75C066E3C59E0D22C1F6,827,1170,RGB
5198,page-5198.png,339402,49AD24DB9C3AB8A469DE26739DAA32CFD3A74C5A6BFA88366C8501E6F469B962,827,1170,RGB
5199,page-5199.png,249470,0C4F6917F73AD9B16EFE717FD5B7878A5E4209DF4E7B1C807797D4582CCEDDCE,827,1170,RGB
5200,page-5200.png,262296,A5CCA220B8E1C0C83C943A946DC984E548A710B2AB9DC954109E3F3B3251E266,827,1170,RGB
5201,page-5201.png,250120,519E8085A327D19F781CCAFA20D15DE67BB3C6667AE80BCC8F6477605DB97054,827,1170,RGB
5202,page-5202.png,220522,A2470614AF07A66BDD0862FA22AE777BD711555CB997FC7E26DE0560ED1F6B84,827,1170,RGB
5203,page-5203.png,308577,0984BB6B056670D8476C1E4D586126C497BDAA4DE039D0138710368D9B29565A,827,1170,RGB
5204,page-5204.png,232165,8D40E5F26A7044D19E26DFDFECB18A8F2ACE8B99E922B2C76ACCB0B216197D89,827,1170,RGB
5205,page-5205.png,287505,3640AC2AF513EE36C9E7986E56C419BE2FB36451FEF775B5AF48222C25B87B15,827,1170,RGB
5206,page-5206.png,358069,B8BA4E9CE018B58A02C91D110325CE871C005765B1685B2BD9AA19590D00240A,827,1170,RGB
5207,page-5207.png,267518,33E494E37069347F43A2CA2C0822B8018309231E2699D1871647FAB1817E5957,827,1170,RGB
5208,page-5208.png,333276,702B84BEABC3871657D14CE63E6F3EFA038C465DFF76AA6DE704BC77FF1D1689,827,1170,RGB
5209,page-5209.png,334950,05F30DB4984408B89EE6A75A2AA928B31A6987A21237C63EB0619E5BC8800181,827,1170,RGB
5210,page-5210.png,344410,2A8D3409647256F60F68F010AE4A33159770FD8DFD28F9CEF8AF38558528321E,827,1170,RGB
5211,page-5211.png,284707,411CB6CCCE45F6E1D7DCCE1479EDAE03B2869C63D31A5E51455244B84B9DA5BA,827,1170,RGB
5212,page-5212.png,284458,E2C90E23D2F26F0DD2491F6FFD357E039018D89F770911E1BFFC6927EC26E467,827,1170,RGB
5213,page-5213.png,322486,2EA9F44679325050FAE997C72EE9682429B0B7D642A3273A62E56A244349B1BE,827,1170,RGB
5214,page-5214.png,368355,3A20F6C963C131E7DC4DA7ECE4BDF33FFBC3A1C0BC82B29BCF71681A59D40920,827,1170,RGB
5215,page-5215.png,171506,07A6E0E0EC59DC74FC9FEA85B26A5AC6F396FF19C4A73243E3147C101D074BC9,827,1170,RGB
5216,page-5216.png,282117,CB3CB98C893B29985842EF62BCF28FD52DEB10DDFCBFCF87C404C44050A56568,827,1170,RGB
5217,page-5217.png,248026,3C6B497CA28D99EF0764886D28C148570863860015D4D7F47B42D2B9A01FD124,827,1170,RGB
5218,page-5218.png,213233,AF6349EFCF36849CBA4000382C476515D1BAC616DA265B5F184305239EC3F246,827,1170,RGB
5219,page-5219.png,300953,81473E3F639413B372B6087AE21F9548DA8EF6519398D0CD156A997EECF37F1E,827,1170,RGB
5220,page-5220.png,261932,2DE5A9BB18AD6314D73ADBE5AD96694753A05D61F5B1A23D0D24B3B715EDBE3C,827,1170,RGB
5221,page-5221.png,293696,55C6436C55D0A8EEC4F79BD83EA99BD7E7F726239135D159521A5933294A50B9,827,1170,RGB
5222,page-5222.png,288381,0C9EE6D91DEA57A8390ABDDC35F3B6CBC12472AD95FAD6F06D24EF6FB2C65AA1,827,1170,RGB
5223,page-5223.png,339975,1EC95883620F8E0176B5D86ADBD5D513F4A724BC54645DBE14D6C92CB159700B,827,1170,RGB
5224,page-5224.png,311831,CF159935E7F2715495810EEF3A1B3ED9978F65BBB036E991ABE181382DE5112C,827,1170,RGB
5225,page-5225.png,337979,C0B5A3E793D8CCA9F6C44667C3C9714DB1A380554F42DDF5D31C7AE89C36E14E,827,1170,RGB
5226,page-5226.png,338144,E572D96CCF6359FDE642493B785D043F75569353A79CDE3FF3AD7C550479FAFF,827,1170,RGB
5227,page-5227.png,318113,A896F465A8C1DE9462F053EF64DA2E897C88FE834914102018ABD186044AB919,827,1170,RGB
5228,page-5228.png,252768,D198E1CF1A358ADD8974A0EC12CA23BE3D426112136FCA6DFB21B18152DCD6F3,827,1170,RGB
5229,page-5229.png,247748,9E6523556389A43AF57F532E487FAB0A78726583D01E05515FAA735DB5FF7AD3,827,1170,RGB
5230,page-5230.png,319242,58E35433249F8610CF57ECD1548E03B26BECA09495A36CC7737CB67D0C4FA6CB,827,1170,RGB
5231,page-5231.png,351859,643B0226809986BAC10743C30CFAF470D3030470BAAC122133374BD09EB696D2,827,1170,RGB
5232,page-5232.png,327411,CC3CC82ABDBEAD7DEEC1F8F14971C311C4019F24C5B4BE30FC316A1FB6AAF05B,827,1170,RGB
5233,page-5233.png,325451,A809E96C16D583C74D7935BE2606D49D2E7C63FF664AEACE26D9B035B02702C3,827,1170,RGB
5234,page-5234.png,133583,DB5C90C6BB14B49FA88DC974BAE5D6659BEFD779657A9ECECBD79394F623EAD1,827,1170,RGB
5235,page-5235.png,217678,D3CBC7C57CC79EDEE2C27D75A7792DF854B2D98DCA7EDC10166470CF2AFD9197,827,1170,RGB
5236,page-5236.png,336419,4A5DC0733275D0E74924517A35C5F5D0C3FC24871298675AA1BF0828D02A47CE,827,1170,RGB
5237,page-5237.png,198660,AF65D74A53EBE5D1FEF8A085743100F77FE54522B133B34EE780603B6AE40349,827,1170,RGB
5238,page-5238.png,315131,2AA0CAF679017486EC1CD7BA9D26C9F3B1A0424A91A0A37B3B6F2AD9D004ECC1,827,1170,RGB
5239,page-5239.png,335764,A8D9BE235D2128C903CBF1C559643497642A8CEC2BEEF20C516F14F3F19E8122,827,1170,RGB
5240,page-5240.png,235969,06DF9528139B428957A3764824A50B88DC03D2221770B8B1FC7E13E2246C12AF,827,1170,RGB
5241,page-5241.png,279843,1287ACD2BD459B89B4C42393444A247B6A0A420F42C0B710D76D56BA41386E07,827,1170,RGB
5242,page-5242.png,289697,309F6D34CD9158CF9E8AB0772CAAAD25BECC84540089D465191A701EFCA7A8B1,827,1170,RGB
5243,page-5243.png,238378,A38350C79463D59C9D4DE156E23DAC50E09F2FBC1C1576EA9F90A385CBCFB0C2,827,1170,RGB
5244,page-5244.png,209583,9535E9CB6B1997A5618A5228DE3C661DBEA48ACD69173F0FA2E377AE204AE293,827,1170,RGB
5245,page-5245.png,251689,4B0EB6F84F9046C0D63E93FA79EDB301868B011A268C7056567C0AA8C9DECDCA,827,1170,RGB
5246,page-5246.png,320744,2AF766505307676C0EF2A96F1BDD2BC730159D44B3AFB89D4D00927519557956,827,1170,RGB
5247,page-5247.png,265613,C3C811329C7A7456F328B86F9D4BDA744EA2EA9FA07B6D0891E5992768882E85,827,1170,RGB
5248,page-5248.png,249219,3E03043C6BCFE30AC156FFA9A174D150A36CF12CB3B238D0119086014E2FC099,827,1170,RGB
5249,page-5249.png,177929,C538F26B95A86A5D434BC0EF201C0297C68BA91CD8C7FC419661514412D85384,827,1170,RGB
5250,page-5250.png,291167,86B1C88968C4EA5077231557A79D8C548652DCF1FEF46EADF47280107E824510,827,1170,RGB
5251,page-5251.png,235134,B686B5DECA2455E75242001E76DECE64BF49BE0D1EC31664DAAEADC89224AF18,827,1170,RGB
5252,page-5252.png,340339,BE5B23A7A6BE3FDCF29E6241C2081438E183AAD14437B02B1DE58B7A30E0ED61,827,1170,RGB
5253,page-5253.png,311380,76D316B802FE00185A1C0B025B7E7C454F6F6BECA7CE1DCFE24C2D1EBC5C80B0,827,1170,RGB
5254,page-5254.png,232575,C50A964C1958FC1FAF02784182CC7B21C0FCFC411B37CB32DFB3751C50448A05,827,1170,RGB
5255,page-5255.png,307240,C92E6C4FDFA7E697F504286BD1F58D36E034CEF7C4D3E739CF632089DCBF7B93,827,1170,RGB
5256,page-5256.png,263713,FF3C9E246D4E51BEDCBCF8E42A8012E560ADD8AC0E56806C375F62A6035619AB,827,1170,RGB
5257,page-5257.png,256902,127B1C3BA9DD172E0CC73EAE299E6EDA065E810D8D4F134BE12EA4FB0FDF495D,827,1170,RGB
5258,page-5258.png,287465,58C89EEDE437585DC44DAC471EF3ED24F1F13FFBDCBE8B331226C5C5A174D52D,827,1170,RGB
5259,page-5259.png,270959,85EAA01CFA81E9DE4D8371273AF97E6C1B497B1720275E5CDE826416BE8AB017,827,1170,RGB
5260,page-5260.png,279855,FD9DD3940CC707E4105D5946A4925F0E6AEE9FB34BF8E25419FF5C6E8C20857A,827,1170,RGB
5261,page-5261.png,268960,3B9C6C0AF7A2563430AB1CE3A6805D24B571BDE1A62320382F39A50AA3A4ED1D,827,1170,RGB
5262,page-5262.png,351839,3FB78F4B00CAD92E97B2B2CF56C111C0520A4130902C6B1F2C0D83A71D24C25F,827,1170,RGB
5263,page-5263.png,358961,1A33FD466CFC7097E12380E79EFBF882F38C0DFA7B1DE81E8FF174C821080FCB,827,1170,RGB
5264,page-5264.png,363899,0493FACBC23424B97379ABD3D228409C963F4CEA9B77C2E6424105FD16299CD1,827,1170,RGB
5265,page-5265.png,310311,58F6A872C6CB75BFBA4D0517E0FA4B7C92F40BFCF1A09EE8CF7F4D5A9101E758,827,1170,RGB
5266,page-5266.png,288877,E6DE3ED08FA40E0220A74C28C60FDBB495AD81AB0E02B4880879A935FCCEB4E4,827,1170,RGB
5267,page-5267.png,292097,D585BE68B60A8C35FA509B32DD99A37161FBA1BCFFE494D0AAB4200BCC942DDF,827,1170,RGB
5268,page-5268.png,337536,75D08C61D27A51472E54D9C2EBD9A5EAC82D9420B398DC340FCEE4090C97737B,827,1170,RGB
5269,page-5269.png,338694,38A606CAD057A3421D9B718FCBD2E38D7A76039F5C2AC24C5C273BC59D990A42,827,1170,RGB
5270,page-5270.png,279040,B9CCCC6F59ED4E1D4133572ACEE3BF8B56175BEE45B39DBB63CC2686239BE4F2,827,1170,RGB
5271,page-5271.png,218838,DACCA85B15958C7A88B2C90A0CA50ACA29B150631562DB3FFE631C3C3414C07B,827,1170,RGB
5272,page-5272.png,245405,D267EB5B2207C6D4186C0CAC3F0B1985A1CE6473CAF8B9D049F65B93C81FABB8,827,1170,RGB
5273,page-5273.png,214617,0607AE2533C5CB5B5A7B21A8ABB22082EDA9674544879C1DFD844502A29735E6,827,1170,RGB
5274,page-5274.png,261951,C535D5E407014951F2DF0BD68D18226EEF9ABDF14DFB1E7A419346A99A0DCF50,827,1170,RGB
5275,page-5275.png,304484,F0B0580E625E7F838CDD8645EC81D5E3419CF1DA15959943DF55CD708527615F,827,1170,RGB
5276,page-5276.png,245754,897F7F7A99C33CB6DBEB1B8030CF88314DCA7EFBDEF7ABA7AE1626FDF63EBB90,827,1170,RGB
5277,page-5277.png,298884,947BC3CBA090A5CFFCB1B1151BC794F8EE09EA765AFCF4565319070E00C9AB58,827,1170,RGB
5278,page-5278.png,196896,B66EB18899E9CAC4C4E69F84E662774701B31C3C3BBB7E57E99D24E2FCCC4510,827,1170,RGB
5279,page-5279.png,236359,C3768C543CAC125FE4D55AFCB2F07D6196201EB87CA3221CF6A616FDA1FE4AE3,827,1170,RGB
5280,page-5280.png,338490,744EB82548C06D5E40B470B078A93E45FF5B763298CFF7E2B4AB0B7409D27071,827,1170,RGB
5281,page-5281.png,298913,43EF736A9DF631D7E87FB822C02585262855D071CB99E0A1C470F03752BD0CA1,827,1170,RGB
5282,page-5282.png,336707,E5EFD0C97FCB8BB28E7AB327EBAACFC6FB3C4918AF4C31B413DCB8B702486A75,827,1170,RGB
5283,page-5283.png,332411,1189724FCFBEBAFABF064EFDE3CBBC7B05F77E57BFF27A0F6B8113BAB20CFDCF,827,1170,RGB
5284,page-5284.png,410897,FE1D4F959652177A1F6F6BE0CE82750B5B891041B5FC1E27698F25642C8C4DAF,827,1170,RGB
5285,page-5285.png,316778,22DF7510A99EBBFA98DF1D1B8E263AFB8DDC2BA7AA7AC7E0A3431844CA1CE508,827,1170,RGB
5286,page-5286.png,208051,55ABC7DEF758D6D2507F9603F9F47D2771A19D9EFEDDAEB6F78DD49843FF432A,827,1170,RGB
5287,page-5287.png,285787,492194DF8DD259F5426E24CDDBF38EFDF778AB8395C817B28E45CC5470CF7B65,827,1170,RGB
5288,page-5288.png,215880,B66A475688070F7F327DB6203CA691E157B403D473A9686A980C157DEE6D1578,827,1170,RGB
5289,page-5289.png,290649,5271DF2C76F24244B90B151E5069514BA0D81C5A088CD0C96AB6303F6F045180,827,1170,RGB
5290,page-5290.png,356596,DB7B818839A4052341AB89DED80C3A4829BF68671230032F92B3327410FD4A05,827,1170,RGB
5291,page-5291.png,340953,2E504A627D48EB3462ECE2AA1168D16FD30BCE0D489196CD2135F8365549E727,827,1170,RGB
5292,page-5292.png,299924,C79DA978ABE14CAA08BFF2AF6933DB1CA4B63E980DF4BA8246904AB1CC941C07,827,1170,RGB
5293,page-5293.png,314988,5CA384C9EED456B50ADBBE5C9A7C88CEEF3F98B5240AB4F9D73A7EC6EA741409,827,1170,RGB
5294,page-5294.png,303380,7B0A66A19C35AFB69110B31D15726A3E6B49C1059ACE298AAC6C9C8453D513AC,827,1170,RGB
5295,page-5295.png,326734,3BA48C13DF1773E5EAE63501EB821A27D738DE109DBBC30ABE2B5ECF856B4DDB,827,1170,RGB
5296,page-5296.png,263503,4A6768BB4A65620FA071DA7267217414226F724617072FD4ACE8AAAD7629E51C,827,1170,RGB
5297,page-5297.png,304872,48FBF6C07EAA9EF08E494DFAAED668955EA93051462159713D257026C80853FA,827,1170,RGB
5298,page-5298.png,278003,F112F86ADC5E565B23246CEA53891FD9732C693C5F3598F03EA5BAF6A513906D,827,1170,RGB
5299,page-5299.png,245305,D05024D970F4AB37F44FC1481A57EB31A32B418122F77320AF990ED816EBB796,827,1170,RGB
5300,page-5300.png,267527,216039312FD871009A2162AE9FF0D9136D0EBEB83F9EF2E2C7A712D7474F64AA,827,1170,RGB
5301,page-5301.png,258371,231CC255F291B8C12D85B93C156E1AF37ECB9DC9EEF9F113B2E48058066A74D1,827,1170,RGB
5302,page-5302.png,258138,CEB755F3A9B0A442FA7307B27108C35704F1D48672ABCA07EA432AD4693EE644,827,1170,RGB
5303,page-5303.png,238488,9F9E7F4A053B56649FAF7A5D6E937A8D7F3AC0EEB6175BB6FA489841D97617ED,827,1170,RGB
5304,page-5304.png,287332,211DF0922CD5FA7CA533B02702DE393554F40F2CF81C8BC01814B3BA8083A5B0,827,1170,RGB
5305,page-5305.png,240788,BCEEFA8B3FDDC6E0F6F91263719D6716FE7B1698670B218F0D576BF564AB484D,827,1170,RGB
5306,page-5306.png,300869,EED2BC438EE9091B1DF8E052BFABE27303EB8BBB19B5864A9CA70558567F8C2A,827,1170,RGB
5307,page-5307.png,308251,B956DF162BC2999311A48111E37F8B981E138F2492733AFECDB5303D1078C0A4,827,1170,RGB
5308,page-5308.png,321817,E4ED1CE89B1D64174B4117B8FD48C97CAA06114497D5CD41044ECC80CC50CC86,827,1170,RGB
5309,page-5309.png,352008,66EE1B6C1643EE9E25728DF4FE30847222601FD361B625C9B44B40FA3B63885C,827,1170,RGB
5310,page-5310.png,324661,535244347A5C71C8E1637C5E154CCD24B0EBBF7C7CE4AA854D14F6F34534FBF1,827,1170,RGB
5311,page-5311.png,348480,2F6629C8BA05410142D17948410471812DB0C30A71F16026F0647D0594297F63,827,1170,RGB
5312,page-5312.png,43752,7098E6BA9344F94DFF38F36EE45F4A019DF9491ECC569B6C780C610EBB20D81D,827,1170,RGB
5313,page-5313.png,288797,A14FB0FF197761EFFE83D240610A65AF6008935460549DD2450CC17DD6A51EE8,827,1170,RGB
5314,page-5314.png,348406,6F4DEC7DCB46B87B97424622F191B48823CE05486089858EEB69C1DF5F1DD30C,827,1170,RGB
5315,page-5315.png,301332,65BEB8F460EA9B6C8B3A2A16649D9CA1F9DF1D19ABE9AA138EDBD3E0DF889EB1,827,1170,RGB
5316,page-5316.png,236114,33681A223B59782497418372FB9B61AA43A4885D97BE3235260B9615B11F1A46,827,1170,RGB
5317,page-5317.png,221542,20F2F369D50B7E39FB05C157C9CC080BD078F04A2399E8D93324DF41C3775368,827,1170,RGB
5318,page-5318.png,275287,99FF3BC1311F75BCB98F7D8974E4D89C5BDCD4077CAF9D584DB564445A078DC8,827,1170,RGB
5319,page-5319.png,269285,448F4413CA96F8EF2B26986DA174B6DDD962EA8B14A453DAC620378196AA84B5,827,1170,RGB
5320,page-5320.png,270684,F30F5D257B1A2DA05BF62B93215EC31F22B89E9F43E939D6E0FDA2621373D2E9,827,1170,RGB
5321,page-5321.png,316362,2C6AFB9A11C19A6FDF2D756CE94FA64D5561F7A264B21FDAE1B59FB790D441E4,827,1170,RGB
5322,page-5322.png,299874,A59B44D1F30317EB3A78D027957C730815CD1516AD36179EA3E6CAB74409EBC5,827,1170,RGB
5323,page-5323.png,318292,25D1F497BFCB6DA8D43B47C61405140A8AF59C1CBADD7F63710D26B9D5B56114,827,1170,RGB
5324,page-5324.png,299817,E4640385A9E290452BBA3DD6C8E5CBE0D9E5EDDA83EB059F4442F4D3035DDEDF,827,1170,RGB
5325,page-5325.png,299473,2411C2A18175A0B2791E93DF1AD87C76A2A4C4523B69467774B5EBA1BD9E33BD,827,1170,RGB
5326,page-5326.png,248281,977D78D37377F8E6FF4CBAA20D9FDBB8ED830E8EBC02443775BD0B419588D968,827,1170,RGB
5327,page-5327.png,243676,CA0038EA94B66ABE2A4A2EF1AA967FCD5799A5B5C769726C0620D450EF5D6A0A,827,1170,RGB
5328,page-5328.png,305849,05A8ED8D751AE445F67F70B0F659F88AD570EDD1BFA1E0B9D29E54FB114C38C8,827,1170,RGB
5329,page-5329.png,326852,D7732E636C5CB7409A96E6E1AF75448EC1BC04757C7CD2052922C8443A11DC0B,827,1170,RGB
5330,page-5330.png,291270,63B4BE85119B95D204BE04D31CFEEF92346C463875C8DED1EDFA0E3FFBCC6F23,827,1170,RGB
5331,page-5331.png,302859,D01B8FE96D2DCA7A54AC88FB1D243E44A56532F9F28CDB3EDC08761607FD3E1D,827,1170,RGB
5332,page-5332.png,306988,FE13DF50BBB4AAD11B5AC6E0375C33B7A806015E93989AEC48EFEDF6A5545C99,827,1170,RGB
5333,page-5333.png,327551,293EBC3472A9AE89E48C93A95F63E7AD2588A76345CFFC3CA743A5C158599709,827,1170,RGB
5334,page-5334.png,228521,7194259A0C06244BD95E66D9FE257A5E35F419EA552BE1F8C531293BD6154773,827,1170,RGB
5335,page-5335.png,194914,3FBF9139B8682FDCD6D11FBEE48B2D8C56BE844B0B653C85B985F75A457666EF,827,1170,RGB
5336,page-5336.png,280672,CD6311C2264198CE979F818E4040A86C542EAFD5419C3F6D80D8731F8528726F,827,1170,RGB
5337,page-5337.png,240719,C189962D32A744B321A3D52A0983F3984048ED69084F9F89CB3C37A2DFC51D45,827,1170,RGB
5338,page-5338.png,287977,E76F46D7D178E547D2AB266CFF6B445187CB56DB9842F4F606181AD3DA167A3B,827,1170,RGB
5339,page-5339.png,277282,8DBDB47BE7580CF74E21300FA44BDBB5DF7938CC2E5E992D414C15A052518956,827,1170,RGB
5340,page-5340.png,226239,7413A9AA4EF2DCF7DA8EEF591C4D095098661E37857AD11AC3F29A23AA1E3FFA,827,1170,RGB
5341,page-5341.png,242873,08EBA507B14694252239AC1716B72EE44C01C8D56B5B73E10CFC29B6731E94C5,827,1170,RGB
5342,page-5342.png,286117,9BCB6ECC59B364BDFE4DBF816793C5816C16298FF3D7697EB73F5B96EFF5FB25,827,1170,RGB
5343,page-5343.png,289011,8E936C99AB9A421602B0B3DA6B9AC07EC7EC02970871C201F16E62F34D3041BB,827,1170,RGB
5344,page-5344.png,290000,EEFCDBABC4186C3C11640212A9C3831D43F4FD544F21DCD29BFFE3A1B7CD4D2F,827,1170,RGB
5345,page-5345.png,316444,E3EE6557A6F2098E2F0AE8F31027677DACB43D1FA9F04394C8C18C5AC516DE2D,827,1170,RGB
5346,page-5346.png,342865,365E4E5707441499FFF0AA5BA7257E843873CD1BD2053856CBFCF2B520AE6023,827,1170,RGB
5347,page-5347.png,252292,9431A63A3EEE6D68B940BDA52ED6BB54E251B5D31B1BA256FF93D3042C0151E7,827,1170,RGB
5348,page-5348.png,333011,803C6BE58F48F97F97F58BE50D31FE23B66CCA8CD0E16176633E156AADAD03AC,827,1170,RGB
5349,page-5349.png,353794,3D61AE66421CA44B277E0BE366FD209F9A85EF924EE7F4EDE39AD7AFCC161B40,827,1170,RGB
5350,page-5350.png,326117,EA94BF32694193F9A8B3C51D7438D3F6EEAF682AF17E978415996FD821FC24AC,827,1170,RGB
5351,page-5351.png,396700,1CFC4FA2ACE784145870883D19BC9662F6D51239032739508D980C5C06024D83,827,1170,RGB
5352,page-5352.png,360815,2BFE44C3C5F50F378D1422633BC618791506B8B7ECD4FA23572C565D56F102FB,827,1170,RGB
5353,page-5353.png,235002,936F2C685F66A4874D410FAF53F7A07F21A681675ED34ED3D5C20F9C6AD5D4B3,827,1170,RGB
5354,page-5354.png,296414,42BF6CC7444151134422B5014572A07EAF25D8A8ADBCD0ED0CF7DAA2823D4D3D,827,1170,RGB
5355,page-5355.png,321349,5CA29CADC78CD0CA753DE3EE32130EAC034D08E3BBFD86A20A86AA00125C50B4,827,1170,RGB
5356,page-5356.png,269728,8562EB867838B2410233F1DBC3BC1A2265FA02D37AA216910DE852361D8EFCBA,827,1170,RGB
5357,page-5357.png,337312,FD94C160293A787FB3897D0080E3E09F153B29FD6C541A8BE99565FCAD9CA6B1,827,1170,RGB
5358,page-5358.png,361572,6C9C4234572BF25BE0A6E216A980D3B776ED07F552F11D8446A332880FB5F537,827,1170,RGB
5359,page-5359.png,312511,85C53BB6C49825B99405A332E7CF5D56FC7E63100383E61CFF6433E70AD04AAC,827,1170,RGB
5360,page-5360.png,310531,1079AE660BC56BAC8DAC77B2178DA91B9B6586ECF21CB803A554144C305C91AA,827,1170,RGB
5361,page-5361.png,358045,0D2FF14701237B30D1FBCEE04913A4BD2DDA8F57578F0166AF99580FF9A93524,827,1170,RGB
5362,page-5362.png,317680,5936693468FAECBB1B4C1B2236E9D273B4385E03E946B5487C418C832A765D33,827,1170,RGB
5363,page-5363.png,336576,BA8065B7FAB8E9D98873719F0BE1845642C2852CE64B60F00F69DFF468160083,827,1170,RGB
5364,page-5364.png,204331,DFA057E0A6EA46BA0B3EAC17EF7E25888518FCF6F1921F37DFF9644103398E4D,827,1170,RGB
5365,page-5365.png,329190,7544F4D6B99A7DAB3CB4165FC27B67A1C7935FD78AF763F8B92B3051E7C376EA,827,1170,RGB
5366,page-5366.png,312495,16B8B4670D359E2628780913A14363377E8038A78FB5E55F140A33C66C8B088A,827,1170,RGB
5367,page-5367.png,271308,4EA912912DCC74CADF6438968A71F0ED08C3561DCB31ECC258160770EAEDEBA3,827,1170,RGB
5368,page-5368.png,291235,6DD203A936027F5C04C1ED8FF803AFD14B63A8533FD873BFEE149E28F6EC1CB2,827,1170,RGB
5369,page-5369.png,263368,A563D20D27E6B0DF28ECCE6430BAA3429E4FC06FF6803FC3E130BC48BF3233FB,827,1170,RGB
5370,page-5370.png,339257,9ACBDD535B72F42CC0ED4EE07EBB98F379C91C92E931C3958891A03B279AFEE1,827,1170,RGB
5371,page-5371.png,261401,C60C2AF02E8921FB85E2910E7E4B489EE5DB4A47D4B1A7DD8A06AD2E33421121,827,1170,RGB
5372,page-5372.png,306161,DCB9FCEAB2F5E80B1642E48B8EB1D22402F147B6A9A6E87E85968CD3EA2D3C23,827,1170,RGB
5373,page-5373.png,221739,52655171D1F89B460B65D9C62C87B308E4EF4D7B9CF6FDBA98FA2442D56EB292,827,1170,RGB
5374,page-5374.png,336662,0507C5E58BFBA454E7FCC685897B0B11CF89C325C05710214739D65AA3776B7F,827,1170,RGB
5375,page-5375.png,338661,05A8FAD93ED3838139ECE98885B88F20D616D5979E649F59DC281515F16D9C5B,827,1170,RGB
5376,page-5376.png,396536,8D5CA741CB6D6C433740762598F31DCCF71A5D1F01D1B15F69A6C1D3CEAF6C57,827,1170,RGB
5377,page-5377.png,321748,6F3883585E3FC33DB6DF7E053B982F81FB43039628FECC8FA1EC2A45AC4706FC,827,1170,RGB
5378,page-5378.png,345583,27489B180EBEAB90B7BD59FA165A5794147206676009A39FB98F2D37BDC5B2C8,827,1170,RGB
5379,page-5379.png,297385,3C8A54DDB10E9BDED173772FC53CD5C2B45EEA5CCBF45F10F01E1BE39F849373,827,1170,RGB
5380,page-5380.png,237577,DC897DB5957EE58FA8C5A5E7EF4199C8F02CCDBD71A145B43246B6A004BC4DC9,827,1170,RGB
5381,page-5381.png,275918,64B060D33A6155A18C89F588B420D2997CF0263306B6F07EDC732EDEC0DC5B6C,827,1170,RGB
5382,page-5382.png,354075,1C62CEB943A5370CD919E820F685493CCA3FA3917872514BDC8AD8C06B992D86,827,1170,RGB
5383,page-5383.png,322080,320ED0FE9D468C09E285D10159340C2E22A6E4ABEB7C417EAA225351BAF42923,827,1170,RGB
5384,page-5384.png,280759,D09CED2E0E40B132DFC1322138C871FD5C4DEBA696B82D6780B6D5809D6794CF,827,1170,RGB
5385,page-5385.png,311570,1DA19EB9F844B493B1589B72CCC066EC0A0EC0482F8ECF3E913E379CA1676817,827,1170,RGB
5386,page-5386.png,347297,1FD978E11977F45D0EC6952BF7AC6360526C9FD16726C7E1328DE0DA7A22CC11,827,1170,RGB
5387,page-5387.png,363033,2EB161CE91D9C4F3E45B364C1302286D672179286927826DFB0AC169D0B71B86,827,1170,RGB
5388,page-5388.png,255023,70745DCBC2514DFE16E3EBEF7CB8D4D1104179D8FA491DD079A2B0A7A31D8A06,827,1170,RGB
5389,page-5389.png,298309,7B40A11F8655C8699172B65672713966C29A1B455526CD5EBEDA6FEEE7C6A5D7,827,1170,RGB
5390,page-5390.png,294089,CF1E5E427FABA81A4E26CC7ADDF6FF5345B6F3C8FB81152C45A372733F46B860,827,1170,RGB
5391,page-5391.png,371173,FA5F17A46539CC9002A1E72A1B50967033D4C4D46A589FF7355807E0E0897DC4,827,1170,RGB
5392,page-5392.png,291055,E44A0A7084EFBC643911C03D21B76D3EAED0B5E56D910FC93FCC91DF61290068,827,1170,RGB
5393,page-5393.png,321770,0A84238E592AA39B9C09DDE6CAE6BFA78DCB5839B5716334673A5BFCFF682FD2,827,1170,RGB
5394,page-5394.png,259898,61C3884E81FC664DCC17C6EE850BD25B180A842966267804A9E18256F34E113D,827,1170,RGB
5395,page-5395.png,353283,0B29B92715BD2D40F871405B60E29EE33F6CD7099796892140EBCD6C9B71C997,827,1170,RGB
5396,page-5396.png,281826,28405AC7DABD0075A12B7ABBA914092FDD42C23C1028EE60E9F3A9EFC84B6362,827,1170,RGB
5397,page-5397.png,313724,9E553935C5DF1496C9D248FDBEBC7DC51F8EFED0D42C819293A52886CE6BEDBD,827,1170,RGB
5398,page-5398.png,237173,FE58E8969BA42B65292F5922C6F7FC6E5616159CF0FB4D18EEFB64BCBC0FF68E,827,1170,RGB
5399,page-5399.png,329699,08C28CE281070D7881013FB3331FBD88A12C6AA9609757B9B21630A39E744521,827,1170,RGB
5400,page-5400.png,323561,66302007004B3B820834C1C159B06AFA467F80B21C891C169A594A95BF96E033,827,1170,RGB
5401,page-5401.png,308591,9622BEA512AE16D8B2DD66B0B408A079C241B38CD0B0F1A02C455B86FA02F684,827,1170,RGB
5402,page-5402.png,275936,4F3EC78AB1A3B3536562EBD82D49B6E40A776AA007C226D159196084A858D385,827,1170,RGB
5403,page-5403.png,310028,BEE04A1FE88E42A3434299E23E488A03E7E448C23D42E753966FB02A266C4EB0,827,1170,RGB
5404,page-5404.png,228067,AEA8EA7A3CE5E217F87CEF24446481E0FF34B0BF897A39F0297B39EE931B5DBF,827,1170,RGB
5405,page-5405.png,291555,E30DAC1302DF3AB7A766D09C7BD18369BC793AA165855AE875AAE37F778049E5,827,1170,RGB
5406,page-5406.png,400114,0BDFD438CFA65AD6B070A7C6B8241964862091C69CD6B46425901A3C4F55987E,827,1170,RGB
5407,page-5407.png,73746,0A96B5AF63B2D5CAB8888A530BE32B43E3704B413B2BBA9EAB4D1CEEA671B507,827,1170,RGB
5408,page-5408.png,291043,4FB7FC65E46EDE556DBE9D8D66A8D822F59DAB56F0C802DB7D578FCA7ACFEBD6,827,1170,RGB
5409,page-5409.png,370014,8D08C2A09BD505553B6C760C123CBA6C8F5771C5F7BD6E70551BFCBD029A304A,827,1170,RGB
5410,page-5410.png,356001,2BA9F258DD114AE5481AF83839C7647381C26F6A179AF50C988D15759FCD2186,827,1170,RGB
5411,page-5411.png,271038,03956099EB2A3EE924884A2EDBE8BDF5C3971A106C31988E6732DEAD501DC166,827,1170,RGB
5412,page-5412.png,244458,224CB541FD71DAFB63F31B7738CA23D8431BF6841A334BC9873BBE2229E865D2,827,1170,RGB
5413,page-5413.png,196308,AA637960D9F4BBB4147892FB5FF913FF861487BB1180AAC363DCEAF9F0577F6F,827,1170,RGB
5414,page-5414.png,283867,CF8CD5532E8428FF6BBAF1BC3FB176F002910AF8730207A06FAE90A5BF1C4301,827,1170,RGB
5415,page-5415.png,244178,9EDD516A264281FFED7DF463075E80C96BC88CE1E3DFFFAC2991CF32EF729E90,827,1170,RGB
5416,page-5416.png,280418,12B6B8AC99220A38F47DC36CB25422D2B42477C8F8BE0174D4FC8DAA1C5D8A84,827,1170,RGB
5417,page-5417.png,328623,616BB21528B06DD1C622C5479E085EE3700520A30BB0A3F9EC56A1208CEC990C,827,1170,RGB
5418,page-5418.png,268417,45FEB52A0973EFBAD31F1F71582405665B78417CA34A8BB5BB08F98B7CEB332E,827,1170,RGB
5419,page-5419.png,244981,0623B008F2CFC668755B4B015D30471A02BB0A9A3207C59E87F43418AEE6C8C5,827,1170,RGB
5420,page-5420.png,272422,AD5BCCDAA571AA2DF24BBD76BE6AF54E24F8A2918E18F605C2D4D42074304C4F,827,1170,RGB
5421,page-5421.png,326575,8212B3FA4E6290F82768355B52BB8B360CD6C103BBE51D0214A379F4FF3F59F5,827,1170,RGB
5422,page-5422.png,231413,0377FF491DEB2C74D996A606A2CA2EE580EB27CAE5D0E9E625F6B4ADB48D008B,827,1170,RGB
5423,page-5423.png,359945,EE2591030481C2B9BAE31ACAC873B0BFCDDBE2DB7CE3C9A4A6D070EB1DACC7E5,827,1170,RGB
5424,page-5424.png,338059,B13FF5ED78D0D7E909F904A0413E1B98B0585A07A226EC997E32390EF63ED7AD,827,1170,RGB
5425,page-5425.png,300862,7871E4203AC9A8A32AF97337AA4AD31F5586718067785F72729D1C39D210119A,827,1170,RGB
5426,page-5426.png,370122,0E98FE1E72A91DF61F6FF1D65056A139711BCF16DC23F8ACB33CAFE6CEEAC4F2,827,1170,RGB
5427,page-5427.png,340029,DEFDAE185F9EEA38DA5559A4E7EDD4337C76202C957A429428C2764113D03466,827,1170,RGB
5428,page-5428.png,287842,71B4747715370FB28AC1A8E35BBE504E304C42A358926C80546AB352E3DFBFD4,827,1170,RGB
5429,page-5429.png,298162,0100E0260CC01A3B5B6B1A6DF807D2EFC94470BA0B3E0600F549F2827525B0C1,827,1170,RGB
5430,page-5430.png,96062,AF52D46896761FC628AA3843A6F3FE6520F7568C2AF2C430C51B9CA1A71187EB,827,1170,RGB
5431,page-5431.png,252475,F6588E296CD622C84BB2ADF187520F1DEEC03BAB31E19494A61A4861427D3BFE,827,1170,RGB
5432,page-5432.png,312388,F88DB0DB6E908C7C20E4D0596A7C404838333C35F29207C4BBD64A489F43C2A2,827,1170,RGB
5433,page-5433.png,349808,75BB5060F5C862BF366476977AB6280411183CF8D4699891A103103116BEC803,827,1170,RGB
5434,page-5434.png,285147,4F8C09464B99B553ED864BDB9FE3F7AA4BBF8EC9A1AD08AE1D16CFDD64649E34,827,1170,RGB
5435,page-5435.png,263004,EE35CD53F4EEC00BEDDC6FA5C8F4E0F653B33DBF465C1EFDE33FEA9416159134,827,1170,RGB
5436,page-5436.png,233204,8C58F7C3B82AF1BC4FC435E51DAFF38055E70F3D8F24E710EB1D7997602CF32B,827,1170,RGB
5437,page-5437.png,284107,D145F550764B35019409D3942F08E9C5C7A66051558CFD93F51FD729E585DEC1,827,1170,RGB
5438,page-5438.png,249209,D2A1E75F1CB049E91E47D2A1DC55F2EBACBDF032297C0EEEB39289D05C0038A9,827,1170,RGB
5439,page-5439.png,220391,13F5A168292CF25DF58793B24CFE4BE7991C713D62DF939FEBEFDD1FD174332D,827,1170,RGB
5440,page-5440.png,224560,8AC12CF950734CB6979DA0FA624BD6244BCB5986133A83E2B867B9665E68117E,827,1170,RGB
5441,page-5441.png,303768,AD4D1328210A5688729F94C701E1DA83FFB4FBA859BC69DE463066F65ADD89ED,827,1170,RGB
5442,page-5442.png,249466,34FCC8B44265912EFC3619DA5372F22E6DB24985CDE584FA86865D530467FCFA,827,1170,RGB
5443,page-5443.png,288475,EB6FB0D4FD802FE119A54385BD59EF6DE91CD35E448E6F42045B3892CAB3A465,827,1170,RGB
5444,page-5444.png,232190,ACC3761BF145C857547EC5CA7B56A12305DE53F0603394D51CF4A7A3175EE6C3,827,1170,RGB
5445,page-5445.png,308910,4FB42D9662277B00030C41C02EF37042D664AF2E67E9D6C7E1515C8C88E9410B,827,1170,RGB
5446,page-5446.png,261025,75D884035CF83FAA8378F9E847AC9BA28B86C7552F046287FB9BE73019566741,827,1170,RGB
5447,page-5447.png,225911,994C04EE82F16D9106D2066724E1C1AC5F484FAB334E9C8D2A43B39884F3A1A3,827,1170,RGB
5448,page-5448.png,224639,1436D6CEECC1882CCCE790156EF0F00316F85066E3399578F58A048038EBC335,827,1170,RGB
5449,page-5449.png,243927,980FFC71275D286F87CDA815B017B387C94A0792BA5A1A146A41E10626970F73,827,1170,RGB
5450,page-5450.png,349958,058E010C23842DECC4F034CF66DA2EA87678A048218FF7303D618452B5A50D28,827,1170,RGB
5451,page-5451.png,228547,FA61F3DC66BC99B8C23249556F16C5C57698CE4CC09642D1F9E855730EE3CD8A,827,1170,RGB
5452,page-5452.png,255015,033D9C5697A5EC9CC6319D90647C1B0A3EBDAF40925D0DF9986EF89E18A42C0B,827,1170,RGB
5453,page-5453.png,308659,1159B9E649EF16030FA2017E6722F719D21106D4138B2AADA2058C237AC0CBBF,827,1170,RGB
5454,page-5454.png,288213,1B0F855818B8C9345A77532CF932F884DB180E39843AA2DD161015E225278424,827,1170,RGB
5455,page-5455.png,302990,2015CC3E29F5A9C7AE58E77A2A4F45B8D2424A1C7E8F0442D7776AC9B12EEC06,827,1170,RGB
5456,page-5456.png,242595,C8ADA907F01A2F2A238F8C1EC1F23FBD0B17928AF9EB40EFE63649917FF23EFF,827,1170,RGB
5457,page-5457.png,330547,523D708E70ACFEA04BDA2ABBB4FFD93B1CA7426D64DEAEF74E5C1BF0BB3E6CB1,827,1170,RGB
5458,page-5458.png,262257,84BB1DD2164FAD77EBECAC416B2191E1E67074F6A3C67CC6DF4A6187AB512348,827,1170,RGB
5459,page-5459.png,252378,77FCF720FB06D4BD90B3F71D0B463DD6E48970B9FD15D0F5C2D072D3E00F7DD3,827,1170,RGB
5460,page-5460.png,349108,B3FB1FD02483FBA2C38FBB7DABDA1BE3D05B5C50C630402B88E4FB9AD5EDABCC,827,1170,RGB
5461,page-5461.png,279114,287200A39B3FDCA9EEB9E17B271531362C61094E62297C432A662E94F54AC19D,827,1170,RGB
5462,page-5462.png,272371,FFECDC181F03A60048E0554DDFDF98B6F33D3D4FFE5ADFFFB51602D46896EDE4,827,1170,RGB
5463,page-5463.png,295543,F14962E19866F02184F39EAFEC51C2C138C17A58523E9687F3CA16309D02368A,827,1170,RGB
5464,page-5464.png,366272,E81508009BC565C7E9B573B1B28278870F7D541BF10971F7B18681F8DDBC7C19,827,1170,RGB
5465,page-5465.png,359982,BD4FEC64109F6F6A579409E6FBC1FA0123E93AAF35A385F1E0B6F539759B7AE3,827,1170,RGB
5466,page-5466.png,280961,3CA71289526047A6433D5F74704207FA758D0C832E01CEF3CDCBC858BC04BD03,827,1170,RGB
5467,page-5467.png,297247,7B92F1322F3650FB5C330F7CBF44063B1716F6F2A8B0B83B666B1D52C55DFA55,827,1170,RGB
5468,page-5468.png,256263,E183DF7700FA37098B2DC83E69816A0E50DC2E2EB4D12362A3AF85A528F59328,827,1170,RGB
5469,page-5469.png,355637,D26CAB70E2C0F3745D496208F17F8A14182BFFEC1B0AC44AF881CBE33457EE91,827,1170,RGB
5470,page-5470.png,384156,8977C2DDCA1254F6D70809787598F147DACEA330EEE044A315C1EEE7F5F42D1F,827,1170,RGB
5471,page-5471.png,319961,2EBFD6147BAB7BF23D57D2EAB6D0A6979CA2DFCB4ABCB963BABE309D64659441,827,1170,RGB
5472,page-5472.png,209268,39D9CE56CFF2FB02AD48C73C9BCDA2ADB9F635DACCF3ED539703FB6A3CEBE510,827,1170,RGB
5473,page-5473.png,337303,FE2E052F5433F98697760496B2116D30A53E0FCCA184A78A5C191FA3E88994C9,827,1170,RGB
5474,page-5474.png,233548,2BCE375B882500326F7DC34CC48858652EB1A3C02A58F282796258699D797856,827,1170,RGB
5475,page-5475.png,361663,7AEBD1944DAE184F717DAAA8D4DF98B3E61970AF8FE872D50B9EC52DAB8AA054,827,1170,RGB
5476,page-5476.png,359738,16BE4C8DE3BEE007B9E0CC13C0CAF69591C3A3B2203FBC8611626C058D2A2B15,827,1170,RGB
5477,page-5477.png,339627,2F92D11C148C99D550B186DD3859E9A5B1CC80C16F6A4753B3FE75B359AB35D2,827,1170,RGB
5478,page-5478.png,346668,4F3BD606A10FDBE8A82C17820A6DD22AAB5DD8E70F5BA84C173213B5A4F9AB80,827,1170,RGB
5479,page-5479.png,360452,748E138AB0EA03B4F31DE10255A8EFDB1E3B97FBA3620E7DED9C571914673E24,827,1170,RGB
5480,page-5480.png,359164,F6CDEB0831F283F41672BD3F80D7263251DFD0BA1C71E8DF905ACB432A790EFE,827,1170,RGB
5481,page-5481.png,319799,F49F5E1B5377259778AF04946A0C1195DB75D229A9AE13D0A4B4869100FFCA4F,827,1170,RGB
5482,page-5482.png,268171,FE3B6DEA865B80095757F16636D97B34E2AC8F487CB66FB84823B88344CF3B41,827,1170,RGB
5483,page-5483.png,290778,7B81EE352E4ED4C4C1A81C4AFB217C7B2D6D738D058EC623909FE20B09AB77F2,827,1170,RGB
5484,page-5484.png,290826,E7E683F970D32EC11B66034D8BB42D860C3D32631E1A64A1046E9013F9F30BC2,827,1170,RGB
5485,page-5485.png,298628,53AEFEA296484347E4D06B488F7084A2B5AF9D7E63208213B8F7D18843FCD0BC,827,1170,RGB
5486,page-5486.png,338163,4D91E80CD8F23A9CE87AFBBFE816E61F6C48D04099D773CB694FBE41B6B5A0B2,827,1170,RGB
5487,page-5487.png,316344,0C67C4668421D6EEF52F4A4385AB9F6F56A00164F9DD152993E83597B7BBC071,827,1170,RGB
5488,page-5488.png,246517,45C8BABA46AB3182A4E1295E9B29B7F8522F3D169FF424137813824B489E00F7,827,1170,RGB
5489,page-5489.png,301396,58B0735FBB573C1F0D2AC29779C8D715568ED9731E2E8D739178C73C8A0D551A,827,1170,RGB
5490,page-5490.png,327074,AAAD26A9394804475BDF58410AD021BD75A3A8CCCEE98C623F7F0413F26F0218,827,1170,RGB
5491,page-5491.png,277267,611ADF3BB98B00A573CF9E23428A7564FAD56BAFBEF27E5E7C9A04B26C06B909,827,1170,RGB
5492,page-5492.png,293510,DA475D80AE6525A81F52E3121BFE2CE86AE68E3F95A8C5B3CFE7A6185D7E5DC8,827,1170,RGB
5493,page-5493.png,252283,5F3EFDFD0B910F8A2BA339E8F3B74FD0EC801F75B9E3595E6C69335BC0FE4A9B,827,1170,RGB
5494,page-5494.png,240782,D3C3DB1000B5BE332BB897377FA4C83A21FE7EDB46CD4A7A33BB5066FB3AA7FE,827,1170,RGB
5495,page-5495.png,264591,9277C446E2BB23D478D1860169C413F0EDF178EAD2C7CFCFCACB19BDEB5F1DC7,827,1170,RGB
5496,page-5496.png,238620,5D012077000814BE7CD63F369ACEE0ABD9E466F68E2F196C6CA4CCD5C98323D3,827,1170,RGB
5497,page-5497.png,209813,5CFB12F905A7D634D2AA64BDF1A85F87758A86E43CD33CA62875BFA3AE2FFE34,827,1170,RGB
5498,page-5498.png,228724,61E2A1B414F512A038E4141BCC31F652B7AC55DC5C67853592096E8EF68F78CD,827,1170,RGB
5499,page-5499.png,256605,E2C4BC247B7C30B65FC6DED527DADBA53D29A46862DE8DEEB92FF8CBAF5A6564,827,1170,RGB
5500,page-5500.png,285317,BFF368EB5E10718780F608405F9C017A76C34B805D806ED91FDCBFDBC37D7192,827,1170,RGB
5501,page-5501.png,290341,54CD5F0D56D515CEFDA86461662557918F0E951BB7E6669C02058BE07FF519BA,827,1170,RGB
5502,page-5502.png,330881,DFE17889FC09DE7A7E4CFBE4128084F6B27AE671E7B3683CC4FCBB272396C370,827,1170,RGB
5503,page-5503.png,310921,36C886CB81EA6CD3426BA1FBC611FA29413A66C1E52068312EC147C26B8BB3E9,827,1170,RGB
5504,page-5504.png,351239,C06897FF2E776CD0E3AB5BB908ACF8938659F5DB49C0A633A2931B5EBA2AABBB,827,1170,RGB
5505,page-5505.png,315365,31B5D569F1B34B5D5C6E250D934C3E03532219C2C27A38EA43809DDDC87B20F2,827,1170,RGB
5506,page-5506.png,195385,764658C7856F47D4AB318F9A64702B3FF5B9B3DC354D5C9FE5E9B86B4D0A3B19,827,1170,RGB
5507,page-5507.png,226508,2D61775D173DA600C4B9AE0337C4B4CB187A6C7B7DD5D78F95AB499DC3A1FC19,827,1170,RGB
5508,page-5508.png,186092,CE506BD10CB975DA080DC67D8F0C55037978D7829A35FB4CF04CD1DBABFDC5F8,827,1170,RGB
5509,page-5509.png,293653,565005B65914735AB5EE2F27029976B22EE6B162DE953AF1A937C474801F2C9D,827,1170,RGB
5510,page-5510.png,375641,9566A1B1718C7651A552060144B4B398A6C8E0AFC9B224058F4717CFD54FC916,827,1170,RGB
5511,page-5511.png,255804,2BD1B97E0BD2468C8392C29FFAC21CEB24747B1133FDD2CB046C09FF2F7A3683,827,1170,RGB
5512,page-5512.png,272368,E330A20ED67BCB0A0BB76BD9656E0D4C722350D203621F2E7A8EC547B6517CFD,827,1170,RGB
5513,page-5513.png,216677,C38D229D5C38F84535A489F4BCABD89127ABC92110E74110D4034F5C980BCFF2,827,1170,RGB
5514,page-5514.png,231701,716CF09E231AA4E563B5891301769251AC2FCE80C9B4C29975DA583D8DC78FED,827,1170,RGB
5515,page-5515.png,251985,A6877FEDA0720F3254F9F829DBCCD3434FED9D3A4FF0232E64674CA1964C39DE,827,1170,RGB
5516,page-5516.png,303395,D129262122C877C6A20DE763CDD406DCE65FFA02BFE1B9A483AEAF4608FAD734,827,1170,RGB
5517,page-5517.png,328494,A594B8814F4C9DDB0BAAB5C14FAA7F3E766B0E8E5E8F85D70DEF0A6D43DC02BE,827,1170,RGB
5518,page-5518.png,340231,8CD50141346673617F68E364B71302581F2D3C16398BDBD25CE3A283800316E4,827,1170,RGB
5519,page-5519.png,325136,D5076C8DC788BC9BEC48BBB1938D3060A099F96EC9D04BAB1D89E27842182D44,827,1170,RGB
5520,page-5520.png,290110,74BD1DC0588044102C6438748963247064017776FB44116A528D1E8F3468ED8A,827,1170,RGB
5521,page-5521.png,263431,74A3F5833A7562616A412E756FE06633BC4B8BE2EDB1873D8FCDC51A3C1F12C7,827,1170,RGB
5522,page-5522.png,358008,FA1936C28D1DD088CFA9F086353EA5887CD1C4EB74CC4779E76250A7B9EF3A19,827,1170,RGB
5523,page-5523.png,347092,986DA30F880A44B452EBBAF4F65682A666BEE6F33E778D06C4AC82C02E3BBE0D,827,1170,RGB
5524,page-5524.png,354055,063628EAF8DC8D5A5AAA532399217833806226405F8C42B1607A36D432316F6B,827,1170,RGB
5525,page-5525.png,267514,482B84C6E3E6CAAB8F58B079FBB1E65173E90BF079A7C593A185363F96FE9B93,827,1170,RGB
5526,page-5526.png,350326,6062939795772191C55E4EB36A5B84196FFB912284C1D354051439DE06A8BE57,827,1170,RGB
5527,page-5527.png,287531,2D4EA4F7F9FC21F17A66A22D61FB705BEFFA0F30BFDE42DB0848DBD04D2A28A2,827,1170,RGB
5528,page-5528.png,273565,1C3B37417808F8C6E845A48D38406E826334527ED74C540AABF71078B9D08E05,827,1170,RGB
5529,page-5529.png,240807,6A32E9461B4F72E9C9D13A70BFC24096E2085A0283B09BA109E3D75B1F988A27,827,1170,RGB
5530,page-5530.png,228923,658626D4BFBDFCAD12D925AA7F13163A84CF47D473303DAFBC013BA327B6E2CE,827,1170,RGB
5531,page-5531.png,297507,658F39FE65DD049B78B15C58855DD55B1EF338E81A8ABE26026C35AEAC429087,827,1170,RGB
5532,page-5532.png,274638,F8ABFB6AE72B2D34F40AE6F506C75DAD69C6187B54D13FCAC6057C3F09A59AD4,827,1170,RGB
5533,page-5533.png,347940,ACAC19F3253ECA0442AD49AF4291E06FBCE1CDA271061CC5BF2C9EA11698FC74,827,1170,RGB
5534,page-5534.png,272738,EEBAF6CE4E461543184FB1589C983075AECF4E1B3CE0F34069478B209614A5BD,827,1170,RGB
5535,page-5535.png,294913,F047F97626D394B1B0CC4E485F6A91C08EB66053E69481F2BEDA995A332551EE,827,1170,RGB
5536,page-5536.png,247900,DAA2A3C5B846CDF1FE0F1FABC7FCC769C6A2E6078199AF5333B7EF40718532BF,827,1170,RGB
5537,page-5537.png,252739,A5422071F992693316D305610D9279FBE6CE4F67807D5584D5150157BE12422A,827,1170,RGB
5538,page-5538.png,246989,C1D6446116040459D1FF37C788AF9CFD1BEDCA026450A9F356955F573D9E793C,827,1170,RGB
5539,page-5539.png,395472,DF358A71D2033D6830AD94132712A82D2CEF3BEA3BDF90B49B274B8478322E36,827,1170,RGB
5540,page-5540.png,329962,A384DFCB4F2672F5115F651C36BFA468E41110458C7B8591188F759F3A3106DB,827,1170,RGB
5541,page-5541.png,347341,4D638456E3CF2B3015CBEF18BCA1F08234FE9A1869FF15D5CAE6FFAA75EEC603,827,1170,RGB
5542,page-5542.png,360467,6D68AA68F73BE4BFB443CC42DEFAC88B591BA5F4111E1CADE183A201982C0BDB,827,1170,RGB
5543,page-5543.png,193327,FCDA131B7198F8D0DBB6F6D97E83A13C157676C7B2DEBD387BF21DE02051158C,827,1170,RGB
5544,page-5544.png,236326,50DB9558E939499C75BC4887A933F1F5BF8991EB3B2E8EB33CD0783EE46C195F,827,1170,RGB
5545,page-5545.png,320244,2250806BDDC47E947DE411A44ED06E28545F573CE3FB2113C1C677FE52160A20,827,1170,RGB
5546,page-5546.png,284734,C49468BC2A9F568ED751A710F6FBAFA88D7D2663D7A88A1BB363C9554BBE7921,827,1170,RGB
5547,page-5547.png,252148,257E34E3A09C5E4FA80F22254A56DEEDD7FF72596DE4EC4EE84E4C8A10DDD8A7,827,1170,RGB
5548,page-5548.png,290438,344449D86C79A4CF3572079A0DA57B8D855EF170C754C6A2A8E3E267773A2BF2,827,1170,RGB
5549,page-5549.png,241276,7E381FAC139DC50CBF795F5676C978F56626BB16F5176C33E2E9CC7AEF4C59CB,827,1170,RGB
5550,page-5550.png,275876,A3A1E751FF93DC518EF1E01090D051A2790EEAD6DBBB58C1E28549B1FA0BF87F,827,1170,RGB
5551,page-5551.png,258190,F84AEABC4C6857E3B0765007CBF9666C775D811163624E58B26881E038623486,827,1170,RGB
5552,page-5552.png,360006,77905EF6C999FDE2BEB2B8EF305439A911325160E7BE3CF5553C2C37F1E48583,827,1170,RGB
5553,page-5553.png,303033,500881436CAC1C68676E57004DBE92D885DFBD0048E4A04427A8405DC6A3793D,827,1170,RGB
5554,page-5554.png,64286,DBFFEBF67F10B27D2605FBA8EC942C7E01A284FCA3EB6F21A8089B779D23DDA1,827,1170,RGB
5555,page-5555.png,210046,1E65D39BE4EEDB1333A68D3751A24003098623434A03B94BC8E656001D27AE4D,827,1170,RGB
5556,page-5556.png,211647,D5AACD7A998AEDACB00ADAF67749407D6ABA82B5263CD12815152449967F6222,827,1170,RGB
5557,page-5557.png,188506,413A85C51D673A6025FC0EC0E46F27E81D4DCFDE2039251179ABD99B35CE48C3,827,1170,RGB
5558,page-5558.png,291845,9B462B8C1E60F4523660E568821E6F56589E14B01D36852F63361A5F56F04B91,827,1170,RGB
5559,page-5559.png,265740,3E4E82A14FAC8CB891E0676746D97BD65F00C58EDDEDE3B9CA07B866C27BAD04,827,1170,RGB
5560,page-5560.png,110937,536555E0484DC2C293A3FC9AB7B7E16F5F51075C77A41347DA5DA76FA2C295C4,827,1170,RGB
5561,page-5561.png,272792,2537A3EF4C1D1205B0314AAE0B4C45B370CD845FD45D92A2E56313E5E5E99E7E,827,1170,RGB
5562,page-5562.png,286650,B1B74A24BB437D228718A4AF70115BDB29A6855840C2A70092E471ED902D587F,827,1170,RGB
5563,page-5563.png,286907,179986DBC5A0B36382F46F4D8D4106EE047640B9B61BB0DC1DC8C673A2793BE7,827,1170,RGB
5564,page-5564.png,218430,AEE3868C28027B33702EB02DCC02BA47AE1ADF6EE9871953FB982F3DE7A5A58A,827,1170,RGB
5565,page-5565.png,275878,3C3C8C357EFD2AED0024B8F4EA0BDE6FE41FC1D3F390385E4DE1154634FC04CC,827,1170,RGB
5566,page-5566.png,198627,6D22B94DCF7B4260B1BCE79EB45C9CFC24207DD7CEDDA8403DE5DE2C48EC73BC,827,1170,RGB
5567,page-5567.png,350491,CFFA3B74FB7A774AC57BEDA9443599DC0B8F177D1A96483570299C0C6CD649C2,827,1170,RGB
5568,page-5568.png,286039,66A2925078A7D0D35909D24551EB90C8C2A3CD733A5D481B7CCDEC599E1FA4F5,827,1170,RGB
5569,page-5569.png,232173,F5AA1C3549DF28AAE74BE9325A625203DE9F12046758E4BB6680C6AC5294982A,827,1170,RGB
5570,page-5570.png,297259,7998EDCCBB4E9A9597F784F50098CF817D798E7E15EB89E13D562E2E49B0CAAC,827,1170,RGB
5571,page-5571.png,283639,85EEAF249E9A88634CAE31971BC19EBB3C77442804B0DFCE7C94D40D8ECDA22D,827,1170,RGB
5572,page-5572.png,291828,2B7E79DAA262164867D78376221684200F435635D69A7899C081437778AEEBFB,827,1170,RGB
5573,page-5573.png,314188,F3845F3B6B7C1A7673C7BC444F41E9BFEDE941C549F417A4D096BA5FC9CE06EA,827,1170,RGB
5574,page-5574.png,270059,0A6BBD423CFD5EDC39291B4831ECC949A060F17BAACAB44BB199DBF976A7E6B7,827,1170,RGB
5575,page-5575.png,332636,C2B3EAD851230201FA7617954E1BD346C319579C83C281DEE305AE0A09DAA007,827,1170,RGB
5576,page-5576.png,303581,3F2E37AFD4B78871C83458FE2E9CE70085BC69D5D0990868C6A44E2DBC44CF4F,827,1170,RGB
5577,page-5577.png,236797,0B373EEEC79B6DC01BF8AF08AA0477B0A7202C9EEFFC613F4E6E6FEB3B7409C9,827,1170,RGB
5578,page-5578.png,311768,B4152F48C5542CAB4A1A2B2D051205E58BE1BF6E0CF2062BF110B63218F8FFA8,827,1170,RGB
5579,page-5579.png,256761,587FDAA6B67499976D0A686DA30DC2A3C16CD757B5804798B70F040352720251,827,1170,RGB
5580,page-5580.png,346839,3404E9DD0B64E7B0FC77FA05FFC6F806C7C3ADD77EF1057C28162E52E49D7F28,827,1170,RGB
5581,page-5581.png,274823,E1B23E7CAEBFBE323C8A9FC0B8E7D27F13DF2B656AA7CA48AF862D20CDD2B377,827,1170,RGB
5582,page-5582.png,294444,1A0DFC1E855C74898737BEFF7187381F47BF629877EB7AC19757A9002D193F28,827,1170,RGB
5583,page-5583.png,281815,4CCD5410E536306924B55AB1228C641FAA5300FD74EB63ECCD740E4E1654AB18,827,1170,RGB
5584,page-5584.png,285204,173DAC55749E0C3364155C106FCDF20B1507D97D2F91E3A0B500CFA4E8DB612C,827,1170,RGB
5585,page-5585.png,326656,A678F0A9A4564260CB2133DF48A9A998B6FBC6A1FB32B7C82FF4D96617DE2D17,827,1170,RGB
5586,page-5586.png,331094,3E0535DB9F121A2284C7560799892343D52C9FAAD069B61758F63101751D346B,827,1170,RGB
5587,page-5587.png,270224,A332336DB6FFF829E60BEDEBE833F0B5DD9572E52770A166566F5DDBFF71ECD1,827,1170,RGB
5588,page-5588.png,293738,14899001951008144299740F492FCBD78D84BDCF7D15E26B08D89912FAB91CDD,827,1170,RGB
5589,page-5589.png,268830,E1E9D1381EF0F0FD8FE83E3AD349512C2EDE792990BADBA75D15093C4FD55A97,827,1170,RGB
5590,page-5590.png,245667,B103614AFB783CEEFDC941ECB326A4950F279A82B576CE4748E31718B7016A82,827,1170,RGB
5591,page-5591.png,250335,D85E400C85258A23EC1C496101C005BDBFDBF2B3597BFA2814E63BB1B50B687D,827,1170,RGB
5592,page-5592.png,232851,77C8965E619C21ECB52225197012BA9A63E6236FD4D51E5749B0451AA6429D70,827,1170,RGB
5593,page-5593.png,261048,7CCE98BB6AE6DFEC66057B5E5BF48618A84FA904A6CD26651FD881701511F887,827,1170,RGB
5594,page-5594.png,230618,0A9732FB027654D2BF75C42EC046516A64601C7CF8C0B3FDE303A5258E0E532D,827,1170,RGB
5595,page-5595.png,301279,39E4FB6A4479E1CA9C5D2DBC41D193DC7FEC19F66A5DDEFBED8CE935457D6D22,827,1170,RGB
5596,page-5596.png,289824,C954B9D12703002EA3517F4CD63D8EA4414152213E7DB3F42C8581C775EC1B99,827,1170,RGB
5597,page-5597.png,323201,D4ECDF0B6704C5114A397EA4969356734F9F27D57B4B5F2F07AF5C1CEA657428,827,1170,RGB
5598,page-5598.png,124880,754EB32E9020DD7D5777EFEF89551CEBB28F9E99C5194C979BA8462D54B1801B,827,1170,RGB
5599,page-5599.png,307207,6CD111FCE8D501BF5921432223EAA313A4F114081DFE95BC2751E76664637E8E,827,1170,RGB
5600,page-5600.png,367495,33A496BCDE4E8645F9F941DA33C7E701E026F7D8FCDB057B60CA704CEA3D7208,827,1170,RGB
5601,page-5601.png,339555,1CE102B7631C069B4732EA832DEE9D7BA5AC73AD4E7A13C5B1CD0BFAB857302E,827,1170,RGB
5602,page-5602.png,337380,7AEE0B8C798B07CF141B414204AF6B108037EFDE2EC1356A87BCB318B1BE70EF,827,1170,RGB
5603,page-5603.png,329344,30A7EF73592ACCBB08FDB5B53DB63BB5B7779D36B86EE1CC3D237ED6643FCE68,827,1170,RGB
5604,page-5604.png,343947,D622B2107E7002882DAA0E1C0298D342A1FD18435AB159BA50B2E9C2E784574C,827,1170,RGB
5605,page-5605.png,380282,C03031EFF3E875A869985FC95A99A412C96AAFB7D7B229DA97592F4AC9A5E333,827,1170,RGB
5606,page-5606.png,339062,00502C0CAEAB6BA3AB4332D80601EB8FA1B98DB882191F514EA4BEC071B51815,827,1170,RGB
5607,page-5607.png,250539,206847A2A3C532784911AEADE915721A583D6C0AD4DBE6683F3B0E1722B9D514,827,1170,RGB
5608,page-5608.png,351349,57E83DB7A98E9509BAD98777622099E5CEB52546C194CC5101ED68CA80966BD2,827,1170,RGB
5609,page-5609.png,349356,2A634D5B136E2FB8AC71205F64B3CA3820D471775BCB53BFF7E007BC96121019,827,1170,RGB
5610,page-5610.png,342707,B63F14F6F8276B26AE4D66D83D81631CAA434CCACF1EE16FED82F876CA6CAA7A,827,1170,RGB
5611,page-5611.png,395364,9D0269FEBE2393B234E8404AF4FEE73137E607CD34B8FC88A465BD40E69CBDA4,827,1170,RGB
5612,page-5612.png,277609,26C231CF8FAEB77D6115CAF5F1068D2574ED8EE0A09A62804BD96227EFBB0C28,827,1170,RGB
5613,page-5613.png,338320,7C0AE15CC81412DFCA89DCA7760DF07F165B6A3EAF27DF8EE29B0329EAF81E7C,827,1170,RGB
5614,page-5614.png,333635,487A39A02E5DCD9471335F83F58BE646DF9F5D783E416BB13D8092B8AB6C9B26,827,1170,RGB
5615,page-5615.png,56240,122D7D08639F8ABFD87AAA4609256A5206635DEC37D05D1342B8D13EDE08CAC6,827,1170,RGB
5616,page-5616.png,245730,EBB147833F9A27BB29A5B0DED39018ED9DA84D9FF842FEBDE97A5A9963B9C694,827,1170,RGB
5617,page-5617.png,401047,C894117AD72129BB7DD894FD0D2E2FAD4277BAA5692342AC50905CF9D27B4AFA,827,1170,RGB
5618,page-5618.png,260144,29B4463B0BD51A88F17A07DD7F4AF29E9FC37CB597D931D44724A2B38F044C25,827,1170,RGB
5619,page-5619.png,291206,12C2BDF4572E4567891CBA1FBB63D2F32F26779EA723470AE23835FBD425A5F1,827,1170,RGB
5620,page-5620.png,386098,90F7D1C6FA6B3864F6C89C09F5BFCB407374919314A3DBD759A1827B0C5F323A,827,1170,RGB
5621,page-5621.png,251489,E8BBAF520AA5A3F865506473E54AB88DB783E391671628E2DB4C7DE76C5DF107,827,1170,RGB
5622,page-5622.png,259691,2C3010F968F5AD73D013B098F00C8DB072B8DB94C85B4282274587F40E7279CD,827,1170,RGB
5623,page-5623.png,344748,4CB8E5C36F54CB365920A35E1AFD32557DB17198BE53897EBB143C0338111EC1,827,1170,RGB
5624,page-5624.png,282849,95791C9952D4149810900425229B3E6DE2575EB1B894FD00573581D56F968504,827,1170,RGB
5625,page-5625.png,334767,FEFDE9F72CD9257D6150481C455D87AAF3DF28EE1A26909ACA9F9EBBF640CBAA,827,1170,RGB
5626,page-5626.png,360719,069CA3536F5CE53CB657049B68E1CE6A18878AE57B1CC07EAAC790A9CCC67BB3,827,1170,RGB
5627,page-5627.png,291113,9FEDF31E36ECB427FD92C792DBDDDB6B5EF275C705550215318D5D4363E39172,827,1170,RGB
5628,page-5628.png,321428,414385D9BEE9D73D4B306AA93340C6D9CC987FFB281FE28F44F07C358B556D1B,827,1170,RGB
5629,page-5629.png,275301,0EF367CEC005AF5B3FF36CED9A64E679DF3BB9E06F410592570DD281C90817C5,827,1170,RGB
5630,page-5630.png,208446,E9EAB98CD4EA05446C935C8468D3153D542514283D56B294846FD6642F3978A2,827,1170,RGB
5631,page-5631.png,267554,8C439CA18EE3E1F530116FFC45F113F9910D275D168015E1DEA76D3AF0940FE7,827,1170,RGB
5632,page-5632.png,265972,E7A0F5C74102E01A2656FF2818C0DCC762673ECF7D038FD85930930F9D60F6F7,827,1170,RGB
5633,page-5633.png,290683,B82D54CE1BAC47AF07265BD6A07203F286F0B493F805156939E5AC208D94E94A,827,1170,RGB
5634,page-5634.png,293529,68ED91F3D06204A862D37523A6EEA291F36089C9AB5E7B5A67CA30CFBF72FF1F,827,1170,RGB
5635,page-5635.png,289291,84BAB6A3BF85F39356372B5B2805C001EF10BBA3525BB70A4C5ED621DA0ED149,827,1170,RGB
5636,page-5636.png,317481,7F984C158F0A0EEF47A55D1309E13E95311CC575013FE1EC173C84DFF82A723B,827,1170,RGB
5637,page-5637.png,309190,DA6E9B69E88F97073A75FF32B6026AE50D8AEEC413B637EF8AC37BF849946C80,827,1170,RGB
5638,page-5638.png,294674,CA30BB3E825718AC5748505CB5714372241AE490A6E6EEE8709E1D30E8B166FC,827,1170,RGB
5639,page-5639.png,304267,3ECE9284C87005CCC767977CC65A9A4CE99FBC7C015CD87ECDD9AAD50F098ECF,827,1170,RGB
5640,page-5640.png,287221,A5C898DC14E94ACDA1C67BCBF8E8F18F633865E3D5538C1AB4FE807BED7296F0,827,1170,RGB
5641,page-5641.png,330436,74BC52708FC04044118FAA9A2C86CA7B3C76BE5C85855857CC2E13BABE6BB1BD,827,1170,RGB
5642,page-5642.png,256699,89D9D1191CEABF5A6C002BB282010D7060A322FEC40DC8FC0212AD4E7734DF1E,827,1170,RGB
5643,page-5643.png,273979,F2CF40B39B53F7322D08E533C648FB04154DC6C7B9554CD67882E6CD6A62D22B,827,1170,RGB
5644,page-5644.png,267195,C90B2E1ABE60024994CB3F2922593E57D35EB20E9D5F916E7177D90A76527699,827,1170,RGB
5645,page-5645.png,375694,B33A0C65F99500D1F8BA7A2124C53F6FF6EB170C3DAF7D4BBE729EC87CDD5C0D,827,1170,RGB
5646,page-5646.png,303902,D5C3227C6A9D7F7A1FAEBB187F99705ED05EC5F53CF416A02CEB7593838402D4,827,1170,RGB
5647,page-5647.png,331328,CA64AB66BA02913E7079AEFF88F07EC16CF361BDBFFEB73C26FF66EF242E0FA0,827,1170,RGB
5648,page-5648.png,298780,CF59B112C262B79BF83306D0099AF3E1A05929E14308C8BD6AF815B110426BEA,827,1170,RGB
5649,page-5649.png,306796,C0288CCFBBEEAE8CE39DBB8C868F399472622B2326C61D2B8B53239DC232E507,827,1170,RGB
5650,page-5650.png,277938,EDA808761525F791D6C3536E602D1ABC547FBEC5AF0E770318843A2F7FD2ED1C,827,1170,RGB
5651,page-5651.png,401228,0467423F0CF3D330CA68D5B3CF70E4C64D97071B60F4C49D60351AF908024F8A,827,1170,RGB
5652,page-5652.png,313324,FF40C93475E62EDA8A967CFF24D30130D9C03229118A6532A1E152B1ED881D00,827,1170,RGB
5653,page-5653.png,388751,F55674952B3C0F4C6333F916A270776FB776BCA82F5057438A98241169FB94BC,827,1170,RGB
5654,page-5654.png,361179,D4ED79EE96B15FC7F737B0794BE4BC2B9F9C6FB8E3671F20707E1361CAB5D46B,827,1170,RGB
5655,page-5655.png,274271,455B7856E1C80A85494C42E8F502A94B53B4ABE680D394496AD6E0282FF608F2,827,1170,RGB
5656,page-5656.png,161996,8B5E86B78CDEE5D0C547752EF9685C298368E14DFD9144B8C8CD2B74B3B646F9,827,1170,RGB
5657,page-5657.png,215293,28EAEAAF8B0CD00E4BA10BE9CE2C777ECEE6B1C198C0B5493081E38B0EC9EAD0,827,1170,RGB
5658,page-5658.png,226798,6254BC01F7E27A952CA5847DD35DDEC4D0C74100CD6C4BE35B226967B54FE12F,827,1170,RGB
5659,page-5659.png,350667,8CEADC871193058949981B21D1A5109149AF029F81D0B766E4FC149B7DCF4503,827,1170,RGB
5660,page-5660.png,234354,27BECF3AA2F202D5A116FC38A2FED91F844C347DCF9320C484CAA76CF54D93F2,827,1170,RGB
5661,page-5661.png,270035,F64E720A0F8622AA64B56DBA4D3234029C0A51831D8BDCC53D126DB7D77A5A5A,827,1170,RGB
5662,page-5662.png,304429,74C4EF781DD5238A931BD6560D27F0464C83BFF68AF7E62BFA41C5ED40A566B3,827,1170,RGB
5663,page-5663.png,318842,F1D15724D10A3B101AA8E8033E04CF39382BA61672C4021CB284C4FED63D23EA,827,1170,RGB
5664,page-5664.png,253421,AF395854C43F747ADF6EA3E8673C091ADD4D3FB9FEE8BC5779E0D326AAA893A6,827,1170,RGB
5665,page-5665.png,268109,1E843109D4E2A06B7D4B4978DC999BFEAF8CFA35A78520DDBD5006B243833B33,827,1170,RGB
5666,page-5666.png,277258,8FA1E83D0858823F13D1B9B06BBD425C1707115FEC03A347FBBB0D920410E1A0,827,1170,RGB
5667,page-5667.png,263005,8F1E7FE44B3292F654112EF15CA3A841E56D22BD98D870ACE315BE148C4DB8AD,827,1170,RGB
5668,page-5668.png,241742,0106C895B2FFEC4FE8B56AA37F1247517D5FDE1A110B1A268CA43897D4DA60C3,827,1170,RGB
5669,page-5669.png,272330,003678F79D573810E0B23D07354217AEA3020562DAD348FB98DED2FDD53424C1,827,1170,RGB
5670,page-5670.png,350781,20C62F465C6B61C00BE0EE6F1D441EB79D0EDD9FB59AC3C4F23E7892912E3A2B,827,1170,RGB
5671,page-5671.png,346986,DB923AFDC51E2F1EB20E9462766B1295A4B4F5BA6C24971DFECB42EFA3976263,827,1170,RGB
5672,page-5672.png,262307,2A524B6DE62E48D645204D4D8FABDE1874CAA1D3D21B914EBA9D93BCBF7F45E7,827,1170,RGB
5673,page-5673.png,295126,E7011793DD41A8FE201551D2F0EADED9530D2F36F6D80CE12E4C07E342729FAB,827,1170,RGB
5674,page-5674.png,347865,10DD2288104A56832FBE30EF7EF2D377A4BD5383C8AA5C690ECA982C729CCC05,827,1170,RGB
5675,page-5675.png,260805,5A15DBDCF60603BFD8ABF5CF5D720690A70B082E9D1860C549B94B1817E38F9D,827,1170,RGB
5676,page-5676.png,217144,3517CEAF5C0D8B39A9770A424B8D80671B9999AD5E94EF032BBA501E2093A848,827,1170,RGB
5677,page-5677.png,262157,9EBC1DA730854BDE998C16BF48DB1ABCCE65C04451EDF1979BBD28978E90C579,827,1170,RGB
5678,page-5678.png,183145,3995FF18C82B4D951D7EE562BF41F9F507EFF9278AB2BD92DF553E31C8B96452,827,1170,RGB
5679,page-5679.png,253307,FAD8CEDAFC8ADF574AC9A6CA4E92DEF9F5C55797BFE01BB4202B7F53D908420D,827,1170,RGB
5680,page-5680.png,344565,95355051729C052B377F5F7A33A59DF57E53F33D03964AEFF3B081C25C6916C1,827,1170,RGB
5681,page-5681.png,339849,4B054240378CC9AD9B9D914046D2865505116AFF169EE168A58F1EE4F00FA80B,827,1170,RGB
5682,page-5682.png,211913,3F9D20ABB1DDAF6DD17E9AFB7305A637EE6F67CA02108E47F25CAA436975B9D8,827,1170,RGB
5683,page-5683.png,280063,08F21E7687AB291989C9AD56A322E5DD0067A5D17B4AEA1CB9CA2C82E2E60910,827,1170,RGB
5684,page-5684.png,334364,FBB85C8EE814474F6464DD306186C5C91B686097BD06AA3913CBCFBE5326FBFC,827,1170,RGB
5685,page-5685.png,291183,49E51CAA1E34314EFB281C68F38602B8686E7136141E77FD858B02E8AEF1A64C,827,1170,RGB
5686,page-5686.png,290740,94C1AC06AD3D4CB15350D3637B876C59AF8F7CEFC8D297B46479EF79304E2CB6,827,1170,RGB
5687,page-5687.png,279510,D779F4B5D7B593B82038B574BDB57FAAACECDBA08287DF30E1467C401FE43735,827,1170,RGB
5688,page-5688.png,275123,ED44CE473F3F447DFBF2F80D9DB5B7CD0182E7D2E8BC2C3DA2DEBA45827ED4BE,827,1170,RGB
5689,page-5689.png,304000,FE825B7309AAE8CB73B212C2D94F451189E8B2D80DE497C5E4EE0AB801FE43A4,827,1170,RGB
5690,page-5690.png,352152,7ABBCE76B28A1B22C19E2F723D5905514367C40E44BF2EFC9A66C00102D25CD6,827,1170,RGB
5691,page-5691.png,390953,0CE25D6A1CF6ECEFCFCD03299553A794F515498BDC94EB99D8ED31F24C8826E5,827,1170,RGB
5692,page-5692.png,283468,7F0E9719341CB0735535809C53BE32B311A3534298C8F0FF7B2E907018F855A6,827,1170,RGB
5693,page-5693.png,323346,2DD1BF0B1C735BAAF63234A480430F60FD88086ABE9B6D81183E039BDB48BC09,827,1170,RGB
5694,page-5694.png,262424,CC66156C084819B322A500B86A584FF6D6BED497C0D98EB7F59E4CDD9ED19334,827,1170,RGB
5695,page-5695.png,225840,E6CA2662F6812B3664909C90CDB5015D501292D4908BC61C8CA26EE25205769F,827,1170,RGB
5696,page-5696.png,257141,4468A6AD5EFBB3C7ABF591755ACFBCD252127B4B6ED07B96F9B884D1358A5AA1,827,1170,RGB
5697,page-5697.png,266396,48BE3A38D5095946B1040E1AA3EB8BF4F8C99CCFFD5EFF0530D1696AF02DFE4D,827,1170,RGB
5698,page-5698.png,266153,514D1715A313D30E323ECF6010B82D4E084B958E0F95DA2748F5723B15B20A5E,827,1170,RGB
5699,page-5699.png,280810,C69E03362C456AB80CECAE33A1D17E1AF79A0321526DF19EE5C40C6644E37D82,827,1170,RGB
5700,page-5700.png,341006,FD05EADA1010A336D1920036636B9CF87C9653DA4F419A31AF764F505608CCA3,827,1170,RGB
5701,page-5701.png,315990,3B4F58CB0AFB93EABFE0BFECE63611844E041CA1F9CDE2C5916F63518E1E1B12,827,1170,RGB
5702,page-5702.png,248528,5A75EB4B87733E1A02D2CAB96DBD9AB5B074E23037F8A175DFBE9DFDDD09F067,827,1170,RGB
5703,page-5703.png,256334,CBC673F4A2CCE857F2510A465E7EC01503E2A5E84136A912F030976AF77B99F8,827,1170,RGB
5704,page-5704.png,317397,493CD3D0777DC4F8B4920F1B6090DD70C6E48B8419F2368EB51F06AA6552CC1E,827,1170,RGB
5705,page-5705.png,287651,86DFB55B9E4C37AD5340A323E45B9A65D844D5562742BFC420170B454FC21DC3,827,1170,RGB
5706,page-5706.png,298995,3D99725C072B8023BB5CE344AD726D73CC91EFDEFD7B7EBA3FBF6EBD01DBBBA3,827,1170,RGB
5707,page-5707.png,386793,04C8936C86F6171AB55886D24A0E9A0C4222892B3BDDCA41996EB49982131D5A,827,1170,RGB
5708,page-5708.png,349824,CF77D556621E4F8131E1B5171698A52C819E02103A65C89D5F57737C3BC08828,827,1170,RGB
5709,page-5709.png,333085,B2ECF9700D1A2A36646B352BF9A12CEC842B0B5FC542C6E10A0F2ED2B3DD3CDE,827,1170,RGB
5710,page-5710.png,372938,2BC1C200870D7881A2C7EDE6A106D9F1E1E01781B92789A19C4F16963380B445,827,1170,RGB
5711,page-5711.png,340352,A034A8FEA384366EDEC4B699A192E13F951C877E68BD785758379073DF61526B,827,1170,RGB
5712,page-5712.png,297230,3A40E296B12A1057F57C0FD2F7997D967A6E68CC5AB64513F10195A1A4D06DE1,827,1170,RGB
5713,page-5713.png,235733,4EA54F66D144810A8A4728F8C59D7646498D0BE61721E6B55C00DC5368EF6F61,827,1170,RGB
5714,page-5714.png,253198,EA9BED61AB5A090BA631DDE38FDF193FF569D76CACB04E19E99DEE0ACF4D66AB,827,1170,RGB
5715,page-5715.png,47423,AD2A67723C826FB53AFAADDAB7DB8E401AA4EEFA6CB19E0976EBFF9E48E27574,827,1170,RGB
5716,page-5716.png,223017,DF33F96114A422D39628E042263E560EF1029FA7A7BB1958E03F529B671BB06D,827,1170,RGB
5717,page-5717.png,279041,235BA50444D0FFB90E9355F82E08762F910AF6385A8EF9B537FE32BA9857CBAD,827,1170,RGB
5718,page-5718.png,267635,750429137ACD034FFEB0CD12942AA2A9DAA896EE932F35B9249CCBF73DED686A,827,1170,RGB
5719,page-5719.png,269148,005D7112FF7541092904A633954D724348DA621E29CA3459DD9779CE1FD1B8ED,827,1170,RGB
5720,page-5720.png,344148,F062F8A68B3E24FA406AA794F3D70C11A92998B2455D602A54F627682A5F083D,827,1170,RGB
5721,page-5721.png,260136,C0DF05BF0F0972A600D3DFC4CD8F52E91CB026B86A597C4B155F16335DF09FEB,827,1170,RGB
5722,page-5722.png,202204,DEA9688EDF23B5809852D2CC21591E2DB4E647320FBE0135A0A87643D968C3C5,827,1170,RGB
5723,page-5723.png,221712,FA76E0E23E2C02C85F0CE8496A000BE5F1FD7A8D595D5A77FF85DB4950E5ACA2,827,1170,RGB
5724,page-5724.png,255777,0AD5A26E41DEEDD448068F5A46069380CF24C3578120F529EFC5E9D6CE615B2F,827,1170,RGB
5725,page-5725.png,265983,C924E30055A2A2DDE29DB0DD79E27CDC60461DAB98353227120822EF1D72B92A,827,1170,RGB
5726,page-5726.png,261201,08A9118E3024C18C205A48F4B2FCCCA6EEA06DFD4E27B97AD3F364BF59E6D2A0,827,1170,RGB
5727,page-5727.png,286785,DF4FB52F0A587E442AF8DE778FE944EBDAFC1E0645FEC3CD70CDC34C6C8C0DFC,827,1170,RGB
5728,page-5728.png,233635,2A5981904DB086B3D75C0A0A21AD161D1030B4A12A8C028639560D87CD959783,827,1170,RGB
5729,page-5729.png,321266,02DB04A9666CB3158E831F475586A67BCFAB5778364BEA6F2F5ADF1B3E9B12C0,827,1170,RGB
5730,page-5730.png,273490,D7EF8A87C7BEF8D2F2008B862787553D0EB9BA5E11A2C8E190465AD82B6B358B,827,1170,RGB
5731,page-5731.png,270912,31DE98F65C9829970EE9730F5A3C68A3EBAF44B052C23CC480190E26DDB1E489,827,1170,RGB
5732,page-5732.png,271516,8E4549BDA59D35124AFF24ED7FE5083D5107DED825CF86F77BD4B177E01DF684,827,1170,RGB
5733,page-5733.png,277472,BE92BB22EADFC9EA8AB493B4DF874EF97E5A0CED99EC70225ACBDCEA22D5CCD8,827,1170,RGB
5734,page-5734.png,291330,D68243BA77A88944E5D4F7F3537DA030F35FCC0383D594151F09A146B760BA9B,827,1170,RGB
5735,page-5735.png,262813,3A9B9315C1D2318E7AAB2FA1911CFA36EC9F1A48960BF645B931CD194BE1DECA,827,1170,RGB
5736,page-5736.png,264513,D0B5E04BB8DD01BEA5A3693FF9B04178B33C2AB5A57B30E7F7E98A18088CEA75,827,1170,RGB
5737,page-5737.png,284844,FBBE30B717BF45425DB855DB697BA55B3678CE68DE3E9589F74AD3F583C5E956,827,1170,RGB
5738,page-5738.png,207360,29AAEE02230E620F290945CD4D423C5FBFE49A15D2CE108FB2EC186A464FA482,827,1170,RGB
5739,page-5739.png,281057,1262A85B0ABC2D31512B8DDFDE96DB4D429DB388F959296B645BB49E01E549F6,827,1170,RGB
5740,page-5740.png,245792,C8B04BADF048F92E00016BA91BEE4B4C3109F53FB7039D69261A34F73D43F91E,827,1170,RGB
5741,page-5741.png,313106,DDAA3AB3EAF4205DA05D707E9C02550B22797325AB26A3A49879CF8DCE876522,827,1170,RGB
5742,page-5742.png,260632,8E5CAAA924E685692626081B8FC6147F243757D9EF88B6583BE4FEC7E6A8ACD9,827,1170,RGB
5743,page-5743.png,243092,84C39329C7879E2A816F3CD9A4485BE0AB334E63A1AB4F00F8B5B4429A945A91,827,1170,RGB
5744,page-5744.png,308868,7A936DAEE0836DBA25FBF70A25E75B5A48FB670E19D71206256B1983168536EB,827,1170,RGB
5745,page-5745.png,285535,7D900E7E645C9C076537B2D9FE84E1B8B0EAE195947E94BA88141FA8DD474AFA,827,1170,RGB
5746,page-5746.png,261643,CB8F662527A23B55391EE1E29B1E465B0CCDE869D788D2D7665A61A905B96ECB,827,1170,RGB
5747,page-5747.png,291638,76C5656813737B97B0E8B44A18DD6B370DBA02A9846F7E2C8AED4801217ABD79,827,1170,RGB
5748,page-5748.png,284595,E1029EE2B97722E8CB32490313C06AC0DF8879E4DA1C2E53E693636361D3418B,827,1170,RGB
5749,page-5749.png,268382,3CD513AF3C4285A66A1A0E79A5BC5001AF48603950C3EBA950C163868EB743ED,827,1170,RGB
5750,page-5750.png,275225,B711C7118C7ABF15C447DCED5C72FF7CB21BCC28D4A87E380EFC957CA3DC8120,827,1170,RGB
5751,page-5751.png,236359,679CDB47EB54D96227342F76CB79FFE9ACAEEABA3DA2FE8D019F976DAFE04604,827,1170,RGB
5752,page-5752.png,280946,B03FB73CC524E1FB8E6B6EC6F8521E448842EED1E1E49AA6A6CCDF42B01885DD,827,1170,RGB
5753,page-5753.png,216859,795EA74FB413110B1461EE402998DF3F40EF1C71FA3ECBA96D9FE92BE9CE5681,827,1170,RGB
5754,page-5754.png,273081,A5BF89F315E0A6B744476CE340C5FF7D8A74D5489313B4FA594C6B5A5B259883,827,1170,RGB
5755,page-5755.png,248391,8036D2A5F619EF219C47BB66AB25AB177EFAC76E81F4132D8F258A09402000AE,827,1170,RGB
5756,page-5756.png,235264,A58D8ABEB5F0392273A2C44D418EBE2467EA96173BBB5591958ABB487B2D6D84,827,1170,RGB
5757,page-5757.png,235217,B12DE8BD9E16EDFD29903571F168C6E79CC7C3317E1D888218AD915EA7FD473F,827,1170,RGB
5758,page-5758.png,247507,F6883AC90CBB7C83257F238E99F65B670EA8969367257F48DF809464FCFE1FBB,827,1170,RGB
5759,page-5759.png,222184,D9765DB0CC873BD08C4126D7B15C851C48A6435C74C2A739877BA1C6039346E1,827,1170,RGB
5760,page-5760.png,270208,FD523A0A7B92BBF0A9618F2B380697CC3D96A1DD59B0BF1F0CFA2571F202D7D7,827,1170,RGB
5761,page-5761.png,258006,7753E2052D6AB8F4FF745D0D030028647826635A26A4825CC499896B3538BEB2,827,1170,RGB
5762,page-5762.png,215697,CA2DE08DDF99FF36D7F40C9C89E8805E1EED44B0E27F1220EBF52127B954E45A,827,1170,RGB
5763,page-5763.png,239872,1BE9329D57AFC538F275955F2FFF1E866DF4FC2A3AE42986CF6D96E90F2E94FE,827,1170,RGB
5764,page-5764.png,259054,9E19D27F3F017896C92F38A286FE45FEA1109EFC211DD2EBB87AED96C2FC9825,827,1170,RGB
5765,page-5765.png,238675,AFBDEED232ADE9F74D5395C59916DA5326991B3393229A002DFB5A2875137841,827,1170,RGB
5766,page-5766.png,254787,7CA2A02C7C450FF9250436C0DC1E4DD794858E02C637AC65AD5593BCDE8615C5,827,1170,RGB
5767,page-5767.png,241936,1E67AC60B97F469BCFA2C896D04712EA19F80501F2CC7E3E4DA8C5EF44F0F498,827,1170,RGB
5768,page-5768.png,270476,4C9140D5F3D5B39F2849D6E399729996EB122C33FC12622F94F9178FB293152F,827,1170,RGB
5769,page-5769.png,295539,924734A9F44DAB345F4E067AE2084DCD6AA8D7BBA5AA1FE95E3276D0B73F6AE9,827,1170,RGB
5770,page-5770.png,249955,5CBD315A89830C291DDD2433A0C2BE5AF0C8B197EE7639607CCD972C92ADCC19,827,1170,RGB
5771,page-5771.png,338870,B36D61CEA779004942F8D91112267748782F63CF73252BB56E9CAFBE9E09BC02,827,1170,RGB
5772,page-5772.png,391309,E4BE847BBD37556CB93350843084720DDD1BF26A7C1D73CC9F4F5AE60BF2843F,827,1170,RGB
5773,page-5773.png,382527,DCC3BEB88417F76C062852BC2ADFADADAEFC9C3548D6B93012B0BC32CC54A876,827,1170,RGB
5774,page-5774.png,380574,7C88B6F40785649C27087628AF8DF5767B2BA640F9ED3A97B4F5ECF867E325E0,827,1170,RGB
5775,page-5775.png,355094,34C3DA4CD9C0A5D898619C1115A2AABD7045D598B1E286DA3C9DFCDFB6930FF5,827,1170,RGB
5776,page-5776.png,343022,12AAEA677D0BD1FACC873CD9318E98E0244861729B4F696DE1A9C5FEA4DA84AE,827,1170,RGB
5777,page-5777.png,341081,37C52E63C4E3F4CD6A048F5F617EA64727E2E75D9384D77B00B125DF6334DAB1,827,1170,RGB
5778,page-5778.png,326495,5EE555486B731104AFFE749C6B08977660CD46B4A27CD6B4780E5C4174F50E09,827,1170,RGB
5779,page-5779.png,81654,72748CE8D974B88FF6CED310987EC827B52D9402F44694C842D0F2B300E195EA,827,1170,RGB
5780,page-5780.png,249753,6597030A2E64BF1AD8292F5B9F3A192A540643BDF9A98DF1BBE6FB53118C8E7E,827,1170,RGB
5781,page-5781.png,341574,71DE9657B677C674CB5934FAF6B52028597F6CB783761249564BC0FC0C18B1D6,827,1170,RGB
5782,page-5782.png,175175,5B6999646AC71FFC8171CD621F13F6D25BC95471B8A853864F01C7EFA9C22E26,827,1170,RGB
5783,page-5783.png,198703,B9CB846214620297F338F7A9C4A1B4111E421C1A6163B33D48EAC34E6D34440E,827,1170,RGB
5784,page-5784.png,271009,949E72A744C683BE0B34B2271DBCE934B23113D7AE2F2C349B90EC9DE3BDDC3B,827,1170,RGB
5785,page-5785.png,235313,219E279EDF3424C1A0EE16DC5438D2829F4EE11078A1996C4463E8F0054A57A6,827,1170,RGB
5786,page-5786.png,214921,D217D953E7B7D50E30529DD58B9C90C563D599B534D2D0A412B28EE016D34392,827,1170,RGB
5787,page-5787.png,251835,8E016850361727F946FC8712227541C0CD85201B4A77364AD4D5438FCBE1ECFE,827,1170,RGB
5788,page-5788.png,293885,63A9B30CB25B65172B931E2546AEC0F725724D5236C4103AEC40A8287B019E61,827,1170,RGB
5789,page-5789.png,277753,EA9FB82806EA618E07870F78F81196CB01AC546D71F66FE76DF77775D5F6598B,827,1170,RGB
5790,page-5790.png,311713,48BB0C29CC7D610D7B6626B96567B27BF0D98E5829CDBE74F72D8A79D8ACE016,827,1170,RGB
5791,page-5791.png,318392,A08BA9AB3E3EF5EB0781ACCB9CCC789B2422CB6A074A5085EFEEB9414F3A45D3,827,1170,RGB
5792,page-5792.png,197672,B5E7D479EBA19C190E99C8535B2628465848EF4C0248A6DDA202834CCE89A6C7,827,1170,RGB
5793,page-5793.png,261664,F252990AFFC4AE9CF6D919AE2DD8F47366EEE0A157A9C52A8C162ED2374A7B4E,827,1170,RGB
5794,page-5794.png,264688,AD2C8932BFD286DA9784E772AB731C08A7E6EF4D126D410E731E155FAF781633,827,1170,RGB
5795,page-5795.png,296807,17D57DB12A3A260CA4C502171A575CF0FB51E11A35564763E9C9C83A311CD0BB,827,1170,RGB
5796,page-5796.png,233803,9604CFEB38AEDC6968B42E302F6CCC73C1AA668386F3CF954A4E9CCF95F80140,827,1170,RGB
5797,page-5797.png,260584,6FCF72CE24D0F374FAD1227FF54B8009FBCF276DD71FACE06EE34C86B59DB1AF,827,1170,RGB
5798,page-5798.png,291924,DFE094AA775325DADF94361AA5232B2706554844B57B4BA349356C3EEA04FCA4,827,1170,RGB
5799,page-5799.png,257692,A9FA6D7079696F96AABE9EAD4A20361C219021D4157888091C70CBFB50F38C3F,827,1170,RGB
5800,page-5800.png,289209,9213678FB43E92F411F462690F0158A0450F8A3EE556789A494C1B2CF98634B7,827,1170,RGB
5801,page-5801.png,248889,254855B8BEE4449E123CAC2DD163A6ED774302C91F80E6D46483286353EC92F5,827,1170,RGB
5802,page-5802.png,317972,9F075F3D62F229AD4318AC89EE4482312D8AC13D2387A3DA6562B9F622C4084B,827,1170,RGB
5803,page-5803.png,242969,BC44CF688A3E8C455941C11A0A51AC263B1291880B6782E4C8314FFEE7FDDBF0,827,1170,RGB
5804,page-5804.png,268119,DCB0228899AE803FBEECA71F7C8759307409CCB360D1BB068D002DD86CAC4FA0,827,1170,RGB
5805,page-5805.png,260704,5A7C3B9ED3555DC3D1B18501D93799E03AEC7828C13CD0E0037245BA803BD1F5,827,1170,RGB
5806,page-5806.png,316563,F356FE1842771BE84E8093FB6F9C5FF3C76D59FDB98CC4A3198C4C82C322E00C,827,1170,RGB
5807,page-5807.png,202437,6F99CB66B220E75D85520E7286D7D2A8265269804046AD2C45E1BE147E503B2E,827,1170,RGB
5808,page-5808.png,272513,B8C1C08C2E6C4CC9AF8543DE9A990D4F37004A317489AC00A9F25C77FF5D1B98,827,1170,RGB
5809,page-5809.png,288990,79ECEB35F4DC7D200E185099EC9A53A1CBEB989BBCA5EEC2F0C44C168DF85AD7,827,1170,RGB
5810,page-5810.png,288002,B0EC5CDEDE17D05EC0A70E1E54F76D30F6F78557FDA1F1F68AD5337A7083B18F,827,1170,RGB
5811,page-5811.png,282735,CC0C44F60A2A96CA9C233B3A3FC70424CF73BA1FE64091F30FEA79BDB48217DB,827,1170,RGB
5812,page-5812.png,295748,6878FC5E6642521BF884214DCDBF188E5B156BCCC3AB4233410183A185A843EC,827,1170,RGB
5813,page-5813.png,274788,DA6478E8DC83DEAD3AC1EEB1BB3C4C5D605827458334221EEC9F5FBD803CBD33,827,1170,RGB
5814,page-5814.png,255694,C773B974113AE422EA0123FB130FEB43109E58C209D6E19647CA51DF2149A752,827,1170,RGB
5815,page-5815.png,245259,2FBAA035C3B69160C39B8B71EBCFAF6C5462A745D2C5EFD25FBC3085BA909515,827,1170,RGB
5816,page-5816.png,288869,A8DF71F4D59779CC9E6529B0D5997350BA47069ACD846B1DC70A20EC03D63460,827,1170,RGB
5817,page-5817.png,234945,F11F8256FA271DB706DE8B58792C03499238455E6A18CB4BE8E2609AF4C5160C,827,1170,RGB
5818,page-5818.png,235611,A57919E2B414193DC62B08AE0FEAB63D1319BE05EAB858396143099DE3378AB9,827,1170,RGB
5819,page-5819.png,250655,109211B066F66C4519C4AAAFF498231F8190AFFB5E84D64224D8151241946A27,827,1170,RGB
5820,page-5820.png,276598,A20F1B846960CD09D1490BCEDCE89C6251B1E2D097FC2A8CD610E9576AC864C4,827,1170,RGB
5821,page-5821.png,79455,06ACCFCDB82026470BA61DA1651A05370EC07706B8A05B1388E314655C60FFC8,827,1170,RGB
5822,page-5822.png,296123,9503DE9653721FAE3AB7E9E646B8DF70244D6BD7874DE06B1AB265930226C4A2,827,1170,RGB
5823,page-5823.png,475163,F1E28512136BB52477DD933E70B3F1F807A985A6469AFA0B20E44A815607AF8C,827,1170,RGB
5824,page-5824.png,383457,47EC3A66B3682D1EAA3CB3C555B36559D159B6236673A58275E230DFC4CFE8BF,827,1170,RGB
5825,page-5825.png,425019,770070C0C194A4FD9B20D75980F815FA56C2E7401A0650D2B66B3EE5EEB5A8BE,827,1170,RGB
5826,page-5826.png,266871,9DA0BF5005198A63A95B43F82E46943C23C7C4866113C2A5ED11D46A4D516EED,827,1170,RGB
5827,page-5827.png,223954,075447903E3DB980981DD37CFEAFC785E878FE36F3B15A03E79F2E310EBD3DEC,827,1170,RGB
5828,page-5828.png,254859,E02972449BBD0CC7A28C79633D31965716DBDBB255EDD421D59E8215CF362AB6,827,1170,RGB
5829,page-5829.png,279658,B5A853AA28C5DCD9563599A5A0248508655F3CB16DEA6ED690534183DC783282,827,1170,RGB
5830,page-5830.png,277830,D78CC74B38B0358F70F9BBD621A9827467C89078BC99498C19D622688C35CFB1,827,1170,RGB
5831,page-5831.png,299774,CEB54E74ABAB2A7683D732C8DF79E88F84F570F29B5EDCEC54191FC0251CDDE3,827,1170,RGB
5832,page-5832.png,294376,0B8F7A277A8EF5FC6E2DDE927862BCF836BA5DA34D0873E016F8D898A3B07A6D,827,1170,RGB
5833,page-5833.png,283980,30BC177B5D9EDAAA525B48316E5BF126738D39CA7F805C905A4DFE3CF66301AA,827,1170,RGB
5834,page-5834.png,274526,E379B38F7D7ACA7D488E075A7D50B8D94E344F594E9EACA16796C5CCD16651C9,827,1170,RGB
5835,page-5835.png,321425,F1950BDF198D373EA2A95327D2DF251BED549348D8564A8B49A92048A2FF921A,827,1170,RGB
5836,page-5836.png,261334,89C3C8932BF6A65DFFB4CDD1549A3C7BD2A56AECFF3189F3690FFB6C198F523F,827,1170,RGB
5837,page-5837.png,274879,2A61EEB4705B3E7C52937FFA837C15C2D6BE92EF34C7726EE8F2EA3869D61603,827,1170,RGB
5838,page-5838.png,283971,9E0B5368F0A5BA3FB5D6EFB5DB86AB4C48821D92D9D9AE0B2D22FE2EE21E5E19,827,1170,RGB
5839,page-5839.png,268049,82224C6652E91EC199A030C943CD655F2F9F6AE35C39C4C1E281ADDFDD3D892B,827,1170,RGB
5840,page-5840.png,268894,B90E5EBC99E63F804993F978394E98C4FC041E554503B5E8D28B6113F134945D,827,1170,RGB
5841,page-5841.png,303808,24B1191A9F74A653F3181B299AD1AB7AE673C6657E4BD8C42343C55B6C1F6206,827,1170,RGB
5842,page-5842.png,265306,E6A8DF2A40C7A41333627634E9CC09BE294FAC8954FE6D8E83FFB252E100850E,827,1170,RGB
5843,page-5843.png,249340,EE5F051ECCC1C4F96005572FA5F93DB56B8F856290FD61329B4D61A4B5A276FA,827,1170,RGB
5844,page-5844.png,313487,2E0858CBCE5B990ACB58EAC625E5285717789417EEBCAC1D908F4A5AE58FA8FD,827,1170,RGB
5845,page-5845.png,329467,1388B489124C3DDD4ED30945B41878F4ECC8F1AD9DE8DC60A6EFA21D32294092,827,1170,RGB
5846,page-5846.png,310356,7F88F46C8A9473FE7A21DA8727F9B794564C2B757D24B019A7A3CF124F5DAF59,827,1170,RGB
5847,page-5847.png,275613,5E98976F030021430052E0BC2C454472CEC16A498E94AC501EF267B7D4A85276,827,1170,RGB
5848,page-5848.png,266276,EE13E2B18F62816599023C0EE8D08E3CED77E6C8F920FDD79D20853EB119FB8D,827,1170,RGB
5849,page-5849.png,274823,3B5CB52EC9BC85C819A98C387813E8199BB301B72F78406EB8F46579A96715A2,827,1170,RGB
5850,page-5850.png,247306,D82A5603FB43B0DE150C868C1DAA726088CC98C3DD9F00324EA54E10EA32E40E,827,1170,RGB
5851,page-5851.png,305207,978C2892F3B025F98AF3CF98F5633C7FFC19E10C529D90A1DCEB283C023E80D2,827,1170,RGB
5852,page-5852.png,315053,CDB925925915DFBD4A0E9D93872D5DF14DEDDC386B12487E404DE766F965E43E,827,1170,RGB
5853,page-5853.png,290874,2E9B01788C73FAE04F0776A8B0851729D8DD82844A312F30E5D9761E6D0A5006,827,1170,RGB
5854,page-5854.png,267987,C45B565835D71191D0FB778EC568406E06BFD95B3B53D70459B1D33F46A3A6A0,827,1170,RGB
5855,page-5855.png,297657,717006D135D041B1E12F4865444624FE5981F00FDACAB9B6F411055F07BC5B3B,827,1170,RGB
5856,page-5856.png,280203,5BC1C277677A002E352C9230FF79BC625C510A2AD55C20162F74F7ADC6EE0A50,827,1170,RGB
5857,page-5857.png,275515,D8F3051D79CAA78A6773AF15EBCA33B16E829D64257EDD8AE733841353E39E49,827,1170,RGB
5858,page-5858.png,273046,0CFD28BC43D08256FD58A90A5716B5641B6C772507652476F4972F2DDA9CC756,827,1170,RGB
5859,page-5859.png,293396,CB46C7BD2811BEA48442A1AEE2FCE79539F78664EB50592B9325F89A2462F60F,827,1170,RGB
5860,page-5860.png,277582,C52733EB00C0ABDBE012AFD35B3C0BE66B1492342438A1B118AD3DFB86B44E0B,827,1170,RGB
5861,page-5861.png,347016,B9BDCE395802E2F3AEB5D51A3E23ABCD6649B8B55F632C6AD241AE7F247D74BA,827,1170,RGB
5862,page-5862.png,302561,32F0D1B94E5C864E2714DC7C64C571546962C3CFA88C40F0656820CFD812DB38,827,1170,RGB
5863,page-5863.png,300723,ED272F5DF9C722807E94B9985FD12282C96DABA85EF0F9EF9959C76F62C9408C,827,1170,RGB
5864,page-5864.png,317153,EB28232110FD9CF688554CECD40C7601B16C4630EE69B97E94F191E37C8F52E7,827,1170,RGB
5865,page-5865.png,330563,BCF01BF670CCAE983663F7C189BCDE6030A9CB5D2713C797AA3B8402A08A3387,827,1170,RGB
5866,page-5866.png,318474,3FB5855E96F82478B1EC1D5AE065D6FA67BBC76550BD3D9D6B117319B214C4E6,827,1170,RGB
5867,page-5867.png,345693,E21A69254D4916887EA50B399FE4B572A30D129BC61F770A8A7812F9E94129B3,827,1170,RGB
5868,page-5868.png,333139,0A684D0A896F2A74AB08CB7409E9CD117B7D0A2E47A1879865C6DAF7E9B04698,827,1170,RGB
5869,page-5869.png,346651,5C707A11D551D6480C8BD736F7D9A1C44414B30284AE8ACD90285FC13E24734F,827,1170,RGB
5870,page-5870.png,341363,CC8030783371BBEF6AC1D96BD3A4D3BE62B304387F6A2451037B0A598BB1A6B9,827,1170,RGB
5871,page-5871.png,319760,53AA742A514B7B40A8C06D45CBB41497BD5FFED959FFE3FE98E9C86A774F5CBD,827,1170,RGB
5872,page-5872.png,355240,5207B4A4EF257633400B6B5F6B86AB49380C419C2F1CFDE86F4A53D2609BC8D6,827,1170,RGB
5873,page-5873.png,350329,0A35B6BEAEB0393FAEE94D6828A53D508EAD29EB84CF9DC32FF7BDE73D1C3D6B,827,1170,RGB
5874,page-5874.png,307131,C9A79990A80256FB24D56094D4D44EE25590A5C72D9EC5F976FD35C58C488CE8,827,1170,RGB
5875,page-5875.png,302703,CBC20EDDADA96A9444CC3309398B014A25926B22FAFD0BBCEDE833482DB16BCB,827,1170,RGB
5876,page-5876.png,340495,6B0869ECA5323C22D6A1C0942887BFE49C0F4302A5FB80BE8F71777C1F8B21D8,827,1170,RGB
5877,page-5877.png,307398,9356E7F7439FE9BF3758F8F53E8312909C52E24912F81BC67C3192A8083E750C,827,1170,RGB
5878,page-5878.png,342965,5A0E8D7D328F30FF612AAAD485516519EC753C9FA27032006695371092EBDDAE,827,1170,RGB
5879,page-5879.png,336192,0DDDE504EADE44C7F219CF908E6B9CDE89D8E5AA5C8B0748DAA1B1D15FD0486A,827,1170,RGB
5880,page-5880.png,337340,8BAD86A8A22FC6CCEC2CC3FA169E91E68AE0E8E8E3815821869B33D60D473EAF,827,1170,RGB
5881,page-5881.png,309718,8BFCBAD63F4C312917E806A0A9C930A9CC4B75A30A939B469EE26E0CFCB75D74,827,1170,RGB
5882,page-5882.png,338463,1328546D383ABDFF8CF5BA221E89483E41D487B5FA429D112739B14D07ACF501,827,1170,RGB
5883,page-5883.png,279911,16780ED0654D04D3B3AB12868F34070CCA5D23ED2689B07732364AA3FA830851,827,1170,RGB
5884,page-5884.png,267738,FC9960B48987CE4511B7476FA091C36298AD9FD37BEB23B02940B988725ABFCE,827,1170,RGB
5885,page-5885.png,213933,619873C0B059FE374EA64F4A9C9CE9AB9E4F66B4A6A581C3B6F714EAAF1B75B1,827,1170,RGB
5886,page-5886.png,291641,D2BC45EF234CD224A59BE3EF25720569C55D86D0F93EE0589A8121BD80030621,827,1170,RGB
5887,page-5887.png,245974,0241B349B21BF892A574580BB997D153D4950085295C6F64552308EAA52ED6F0,827,1170,RGB
5888,page-5888.png,259106,55D85E657FDCE707F24E741F9583969381E885CAF00CAF6CD2883A95FCE7BCB4,827,1170,RGB
5889,page-5889.png,245808,5B40480CBD7E0DC5F38A7F7FC9D1CE15E84122F59EF077D81DACE831469DD513,827,1170,RGB
5890,page-5890.png,233735,3392804A6902B3B786771B8A05AB48CAEE8BAF1B18EB37BE7996B22BA574FF52,827,1170,RGB
5891,page-5891.png,279235,56718B3F33A1D8A46C12BFDBF868A2B7C84E081D6B5B9DD66B9C1BADF5B0BD19,827,1170,RGB
5892,page-5892.png,303697,B4F09F3280059412E5489FF17AE526BD14AAC3B2FC49D8ECEBF17325292B9218,827,1170,RGB
5893,page-5893.png,332368,E34EAD4A333A822E3BF09F530DE197C46270EA75843F14FF684127D04A647314,827,1170,RGB
5894,page-5894.png,302223,C871B330120669BAEA8EDB0AFAC30C49DAD1EC6D4DBD48DA7A5A9179A595F3E2,827,1170,RGB
5895,page-5895.png,314896,AE7FA6B6A4ADE7B45C7A9AA3D4808135DEB3A3DA1558F9E1DCF4F4EDE353FB84,827,1170,RGB
5896,page-5896.png,318846,FE2EC078277710FF58F8FFF67AB2F46A430E1C87851B6343B818B570D5304DEF,827,1170,RGB
5897,page-5897.png,336059,EC8A5378160FD36DB6C5CF614238008197C23D4BB6AA4C7BD3D91E1CDF391BB7,827,1170,RGB
5898,page-5898.png,323884,1E5424B4D713F5D24E92361E90BF245074020A904308589C149E64AABB7DF53B,827,1170,RGB
5899,page-5899.png,344697,447C7468D52043CA39497159A95718630F84D3F576B834CC1DEF3780749E9289,827,1170,RGB
5900,page-5900.png,334196,38D35F5E9F2C9D29C5D479B348760923C02C118AA8C103799720A83B3415CAFA,827,1170,RGB
5901,page-5901.png,309777,F10D5744106EA598B35645CBD69218D1419B3248486DD0BF4504033C657A6628,827,1170,RGB
5902,page-5902.png,320747,E7B62DBFB7D360C90CEBD65DF65D928713DBD163186F512945794FC757D90C3C,827,1170,RGB
5903,page-5903.png,325936,087FA9054AF468AFF6A356059AC5A41E1A79546CE1857A0C5D2B8C94041B009D,827,1170,RGB
5904,page-5904.png,339032,C1EA6BF3B3B46CD5DCAA7031F63CAC80E6D306854D3F2C54EB8D627ABAE4F476,827,1170,RGB
5905,page-5905.png,348052,3748E2C185CB3D1B750ACD67B452B05989BA9F5159B649370D3650A43E588DF6,827,1170,RGB
5906,page-5906.png,119746,146E71DD7CB85F73780B47B738EAFFE454A67D374C32CD5B13A993C25ED9D4CB,827,1170,RGB
