page,filename,bytes,sha256,width_px,height_px,mode
1,page-0001.png,41170,7FE2CCCD46CC5833E6B2EBAE0463B5B2D2965F33BCD8A0C003FCAA52C7D985BB,827,1170,RGB
2,page-0002.png,265899,A6DEEDBCB71609B8D584A21C5713D2C8F29A7DE5B7CB5A22615094D51B258739,827,1170,RGB
3,page-0003.png,96342,B98E562537DD934F3B48B2F9AF8927F9CC30CA9A308AFFAF97799F730293FEC4,827,1170,RGB
4,page-0004.png,87236,D9C09154F9FDE2EBCD6439C39B26BBFE78995303ECC6B3D0C9B4BE2B2444C1F5,827,1170,RGB
5,page-0005.png,141838,43976BCF976C360BA7B2A0A6F8FA20C3BF434809635385B1184292AE5CC04C34,827,1170,RGB
6,page-0006.png,141482,291E713144E22F0C5454D0CFA4A9E90676F09DDCBBDBD7A50511B39FF98FCE2F,827,1170,RGB
7,page-0007.png,150067,D5CD406C0756E57E161169ED3A9136C0EC3EC302309381F8B13B37EE2E213CA2,827,1170,RGB
8,page-0008.png,141234,90EECF2BDCD2C6D95F937D05E00F28BCC5FEB1CDFA8EE83C0A8485CD6B925783,827,1170,RGB
9,page-0009.png,132752,847EE64FB7828F0FF5672792354EE9A70CF47D5ABF8A739312FE382F39FAC714,827,1170,RGB
10,page-0010.png,163923,40A4DB7730912E75AC5D45C6E4BA0935973E59992D6D57D88D14F0C375674406,827,1170,RGB
11,page-0011.png,171302,F11065D6D75B74B92221061D56419C5940E6BE517B04AE1830AA2595037EAB1F,827,1170,RGB
12,page-0012.png,147561,5E0D3460E832B422BD226283BC2EC59575875FC9AE0AAD885FAD85EF41A4D99D,827,1170,RGB
13,page-0013.png,155494,F9F8868F56AAA19763D0F6B178ACCF9540200F6F1EC7AF7EE04F94A79B5B58DB,827,1170,RGB
14,page-0014.png,172074,995E27001E5478E5273B22DC2C9B5DBC09ECB3250DD9CAEEF6A5466CF51954AA,827,1170,RGB
15,page-0015.png,161088,81CE3C51EF438FB421CFEC4BD168183C99A5198174A0550A76682648920DCCE0,827,1170,RGB
16,page-0016.png,183752,ADB4A632988415B1539E2BBF236B6F81070C28B41DC146455425AB850D604672,827,1170,RGB
17,page-0017.png,210249,F71E1E4762B817D2CA07A9C96457568266BB321A4C6AE8BBBC302947FEF77D93,827,1170,RGB
18,page-0018.png,164218,9FE755C8528E40AC03C59876F22C4B353D5D5F0B0D1823E4459C432474207F61,827,1170,RGB
19,page-0019.png,179735,D67A9BCFD9269A402C836ADAA30843285D6A8FDE1D973F30844F90DAE5166DC5,827,1170,RGB
20,page-0020.png,177089,527C4788AE5A47103EDB6BE9B2F163E94A9C1CEED9CFC6D9E5044B2C4C068549,827,1170,RGB
21,page-0021.png,172141,3A40C17BAE899DA24EAEA54329CE09B2970EC6FE31C3C1CFFAFE1EB8D351D614,827,1170,RGB
22,page-0022.png,165009,AEF8ACC137A3BB3D9D3494899123B930A03446848311682ADD1DE01EDFD400F7,827,1170,RGB
23,page-0023.png,161271,E1921594B774E74DAFAD686530422B307FF160820B00B6A7540C61996E886DE5,827,1170,RGB
24,page-0024.png,169978,C45289D5E8A4B5CB854A1071AE66A0113CBEDF9E7A5FEC53F2E622BEB19CA72C,827,1170,RGB
25,page-0025.png,177640,30B7170F73603017006F5DEC3A1D6B4FA3B2AEE37FAD7FFD61B2E028255C23AC,827,1170,RGB
26,page-0026.png,177962,C7680D6909601828A9361FEDBE1D5737AA19B8D6FD347F55EF0717ED919710A7,827,1170,RGB
27,page-0027.png,179346,BAAFBCCD170B74A9315E56E3B8C17D62F275DF5CFE86B54E06911C261029EF22,827,1170,RGB
28,page-0028.png,151837,0019C507C09C9E605FDB83DBAC83FBCED02F75BBC5B23D2D444C5AF42B64D1CD,827,1170,RGB
29,page-0029.png,168101,99FA8C0A4DDFA0F6B246D1A7EF5D97B0B26335FEEFDD624F0825DDF4F70BB9E0,827,1170,RGB
30,page-0030.png,166350,A9768238FE45C0467ABEDB8BF2E527E285ACB68FAABD586D24BDD3DD3EB3BB9F,827,1170,RGB
31,page-0031.png,212851,BCF29AE223CDE4B6F8701704E4109C69DEA652007CF994AA65C1F720C3148460,827,1170,RGB
32,page-0032.png,204559,055226F7F3033BB11515618955AC636813CDF2FF15DCC04EFAC6FBBD8D6AC7C4,827,1170,RGB
33,page-0033.png,182808,8A60E4C827C778EDE9F40B04EBE9A5DDA7F9D276302D57C32D09909C7D9DEADB,827,1170,RGB
34,page-0034.png,177429,A9EDDCC2FBE705C2F740F19CC5DCCCBC4575A15980BCA9CC2EF88227BF5F5E0C,827,1170,RGB
35,page-0035.png,157625,FB1249668EF026FE7DFB8DB7B96BD740063CC901D9369C9C2BF2E86EE04B34D7,827,1170,RGB
36,page-0036.png,170370,475D04DB143F0A2D2D1D9278DD7199552F5CAEBED0D36D584D3552516572B2A9,827,1170,RGB
37,page-0037.png,177601,8A2EF1C2FD87B181E611D015499E868F52407C05DBCB29E496B341F689B9A440,827,1170,RGB
38,page-0038.png,174218,1C5B6A2B8852B80852D51E7BF288D54B6B33E5510CE270FDE71BCB073CB54BCD,827,1170,RGB
39,page-0039.png,242338,CFC2478593050C060A1B0F07012925AAC2264D118A91898691016322E568A009,827,1170,RGB
40,page-0040.png,207847,ED2BC910177F73F04E09482BE190C33BC0D53F8C7592FE852CEB7CF940A753F6,827,1170,RGB
41,page-0041.png,162643,FC77A9C93464A386EE683DB448364FFFFDA8F359BF478C4DA0F32B0394A20E5B,827,1170,RGB
42,page-0042.png,196169,A886049D66650CCA86D2C1AF76150FCCFEE9E8F41D6F9B5FA4759DBA860AC943,827,1170,RGB
43,page-0043.png,37543,722CD1CB94136200E3B80F80A300D746A707C4351F3BA2930CEAE6D6DBAF7F7C,827,1170,RGB
44,page-0044.png,276798,FD21E84FB61A7B08AEC36D99775FB0643B244D1351076C3BCFDD4F969582A035,827,1170,RGB
45,page-0045.png,153808,77C515F15AAC701FB9F6B44DA386A3F95B4061D3C0C94B2E88CAEADDE6C9A5FA,827,1170,RGB
46,page-0046.png,112923,554EC6A0E8C1A8411EFF1AD18ED3E45AFC3BEF53051A84A78796B206D4EB32CB,827,1170,RGB
47,page-0047.png,284946,C3DCD5845C07BF99D3160128532B7B93842326737C18FFA659981EDE3B7CA25F,827,1170,RGB
48,page-0048.png,326470,6F6AECC342894A67124FF503E0BF91DF73F098E513E4DCB027191A5EDAABEAF5,827,1170,RGB
49,page-0049.png,302519,E570B9CA15A2147FD5E1D04024AC60C33C6973FA21C1A383901B73693C66B725,827,1170,RGB
50,page-0050.png,395145,02608A38CC78FD871CBB9BA1FBA9C58545FAC1A4F24765B50A97AD32AC380EFE,827,1170,RGB
51,page-0051.png,287085,29042BFBE01427AF54B7EF7E036D86B8B0B67EE11E9800F3CDDE1B40C73959DD,827,1170,RGB
52,page-0052.png,401806,03A93581C79D9308541818E4298C26E54FC316D57A3114DCA96FE49F2FBD2D6F,827,1170,RGB
53,page-0053.png,312833,8119560E5ADC028EB32D56EFDA38D76E9B9C7631FBA7F3C8D67148FBA36347A8,827,1170,RGB
54,page-0054.png,345290,7B08C12786A8B80DCE9DE7B4E0F6325387DACEF70276BEE6122FE1431298E58F,827,1170,RGB
55,page-0055.png,199623,0774E3F3561AA201274DF64D019CEA478E3C169875CF53D6366B1B830367548A,827,1170,RGB
56,page-0056.png,241462,F1713D019AD1AC9F44D92194E389EA66211389A1F39F36D0055541E1C46B15AA,827,1170,RGB
57,page-0057.png,311982,A9FAF840E812B200360F091FE478420092EE3B17B93799F38B9803DF2BFB4FC9,827,1170,RGB
58,page-0058.png,303553,20EC8C555DCC7D19543FFCDCAD959E2EED72B516EB4EC5D2A017BC9AA97F3DC6,827,1170,RGB
59,page-0059.png,260784,AE9B7100AD560C3292DF9EE7DE2943443E71148D744BACA0DA4D961FDDFECA04,827,1170,RGB
60,page-0060.png,243284,686A5EAE78C4D745E6B7D3ECDC553F23CF3B51A2226A213CAFA97FEB14D9A147,827,1170,RGB
61,page-0061.png,173474,3BE8C733B0CDCD1C7DE9A59B989414C3D7525529AB1F0E21C71C6A99C62A241B,827,1170,RGB
62,page-0062.png,149203,DA1D33DE9D6C12DB75468AAC752281C01E805803E70042E042C6DA635982B151,827,1170,RGB
63,page-0063.png,257802,2247496AF29086FD1B18153F96F74311630466716A7F31D9897A53CB789CA4EE,827,1170,RGB
64,page-0064.png,209857,A7F5EF2141A61F8ED46E75A3B2DC274067858D6C73BC8123D2D35A658A547358,827,1170,RGB
65,page-0065.png,204822,07D9FEEB6C13F2B5E2084C6ECEDF01562933A71AFCDF789DA7367FE0799F9FE7,827,1170,RGB
66,page-0066.png,207679,6EAB6B9BA7CC88493A549E67205F2F3192014015765AFA28F220FD96AFA4957A,827,1170,RGB
67,page-0067.png,262351,25DD122C3CEA801C76F2901A2C11DF35748D0D20FCDC94F13D21F78C0839B85C,827,1170,RGB
68,page-0068.png,176069,C3EB8287C087BD8A4E715F2D14856220ABE0E2A9ACF426E6CABF5AD5EBA49F0A,827,1170,RGB
69,page-0069.png,274411,B4865D2225F77A0C1DF19ABBE2D6A587508D0CAFC3E8A04CD4166CD0E9965C57,827,1170,RGB
70,page-0070.png,185677,0F7AC7921383780575AB3224F50F60A84E665B20A55191E3647045965575C237,827,1170,RGB
71,page-0071.png,324073,F511394444F647D6DB6B0B2DFEA705ECAF5BC58EBFED6904E01048614C457C0C,827,1170,RGB
72,page-0072.png,256241,5DB25EB621E1B131E5E06F5475B75F29A382A717D6ACB6CC31ADB7966360AFAE,827,1170,RGB
73,page-0073.png,240707,2E8AF4B453D5C348CAD581272DFF6206379D52970048160A0DB6EB358AB193A3,827,1170,RGB
74,page-0074.png,287169,20C1967B0D54EC68523B59F2E019281E7E7BF397E39CBFC5A4131AF93B84D288,827,1170,RGB
75,page-0075.png,227152,ED3A051B8FFB86638AD10F39910AE0194497AA102398BE56BBB83E877A652868,827,1170,RGB
76,page-0076.png,296024,9C0CE2F868712372E5A79F4CC1FA5631449108295F7B5B26ECA6C4102C742CB9,827,1170,RGB
77,page-0077.png,342145,22C7E771A70DDEDF8C37F1EA1E83A73409ED5C0DE5E75F54D85D8005566618BC,827,1170,RGB
78,page-0078.png,333692,904B353F26EEB5EF805AF5CB8EA601D516BEEEE0B027485830367730D251C488,827,1170,RGB
79,page-0079.png,316188,D48DECCCDB54BE442639DE1C0AD6BA60AA3F7C84E0468CDE6FB9661983AAF111,827,1170,RGB
80,page-0080.png,293588,CF8147C4C92D7E59967CED7B7E9E002E5DADC9677CBBF331426850EA942BAE85,827,1170,RGB
81,page-0081.png,284309,E56C23CED602D40C2B40B8C79803A3D00A9B0ECEDAF9F01F270C7A595B9C1EE4,827,1170,RGB
82,page-0082.png,263545,C1A99CC7FD3117071EF315AB69C1C20F94CB4AB145A4C25BEF07F22E367F2758,827,1170,RGB
83,page-0083.png,274841,89F53E59CEFF67489362358A06A420ABBBC88AD464332677E4644F1CD385AE53,827,1170,RGB
84,page-0084.png,216723,4F71CEB37274F94E96E1D5A97575D1D5CA121A60BF8514FEE8ED2FCB08210FAD,827,1170,RGB
85,page-0085.png,255615,765480F9E75D5ABBD8F319735E80A5CC1AB4437557763178B597AADA32B90924,827,1170,RGB
86,page-0086.png,297852,F493148877A14754150BCDE64CA1E2BBB934AD89D30081FEA3547A20ED0B1DB7,827,1170,RGB
87,page-0087.png,234140,5D092E0BCA463ECD2DA8A4CA2CC9DD184F35DB2608B04008037557B925E20BB3,827,1170,RGB
88,page-0088.png,195543,ABB8E7364E2518EB0AC7DDCD5712F8857111F618B58EDB294C16325014D4F727,827,1170,RGB
89,page-0089.png,151774,2B6496F19E23FA553965CBA130C0D164D726E2FF46DBF53EF545539D2198B58B,827,1170,RGB
90,page-0090.png,169980,674CD4E938C2537D8E7DA0D7262598080A3C62608591365072DCE34A8C9C024B,827,1170,RGB
91,page-0091.png,283651,D7A3531729155342563C6335C10404AB47D0837FD23169CCCF02165CC6023A58,827,1170,RGB
92,page-0092.png,222471,C9C48F19C446A338861CB143AFB2B7734AFE8861E9ED9E1464D51A89B53C0A07,827,1170,RGB
93,page-0093.png,232310,435533A1BDFF0AF125A83FA86FF319D38E6671A05DC26D646AE53EC0F4C20BCE,827,1170,RGB
94,page-0094.png,248422,AF3DA729187C268B03CD7FED23B670D831A38C7CFE0C38C830A0095803A9928A,827,1170,RGB
95,page-0095.png,213437,BDA43E2A7C3F82FB4B30B623E47598B6917F7B05C18BAA36C0AADE14F51EEFB3,827,1170,RGB
96,page-0096.png,205096,BC3C626C151907AF15559E878169724C68E23833F40A284BCDDE3800913E9544,827,1170,RGB
97,page-0097.png,200115,E1E2918BECB6D4F37EC4BB6DB77D6742B96A31C0C335B3D9008C4AFC693A66B5,827,1170,RGB
98,page-0098.png,148870,1794C0810B1D3EF59916A4C17F5FDD91F32D63A0758474B01131047E7BB55D90,827,1170,RGB
99,page-0099.png,309633,1AF71F0C1F68F019EC55083CD8E4C5740F1F7418A25B81142A08CE01F07A4CB8,827,1170,RGB
100,page-0100.png,248825,66F89EC58748A36AA99065F09D301934CF517E521D6E0C726BCB2E75210FB6C8,827,1170,RGB
101,page-0101.png,179345,084A9431993F3609BD2EB662AF3DB8780379C9BB13815A30DE97A80A4CEF4E0E,827,1170,RGB
102,page-0102.png,199635,8AB1B5657E43AAB183D1D40DFCCF1EFD83C2E0A963B47EBD6B0FC5C37102D4C5,827,1170,RGB
103,page-0103.png,228429,0A12286BFFBD3CBEEB3AA70D94ED20E345210DAA87416727AE17EF80A5A2033F,827,1170,RGB
104,page-0104.png,161889,2EA7FA8D816347EEA2114EF2E504FEE5E712ACF1F8692308F92D1777A84070FD,827,1170,RGB
105,page-0105.png,167761,42BA8E5B2D1D532D2603919E19C32DBC9A5D1902405E695FE86B102FCD15840A,827,1170,RGB
106,page-0106.png,197640,A98BFE7CC350D54912566387DE4E25CBA37AB317B34C18F3DE0642A5827529AE,827,1170,RGB
107,page-0107.png,263395,693B19D0685EB931EF496CB6EDC4526DD665F18A6BD0B6B64DFE0E819623A475,827,1170,RGB
108,page-0108.png,252478,3D13468B42220F2F0667DDACCCD5CB9C028FECA0D74B8D903D042326177737A9,827,1170,RGB
109,page-0109.png,241763,0D461B7980E32A923325B3FECEC93FB59E03E758A83B2C09CDEF85FCB260EB60,827,1170,RGB
110,page-0110.png,292969,00C59AD7AA3D6CE5E94095E82B7F32DCDBF41D5F5E3F76BC209E5D92063BC1E6,827,1170,RGB
111,page-0111.png,298549,4A45B395BC150B44C5AFE479C98EBAF55D5DB8F6CE278DAD309CE7B9D98B2536,827,1170,RGB
112,page-0112.png,254024,6105B62E68308BFA111CA3B5B7861EAAA3C31D27BE399BE3FC595FD67506B53D,827,1170,RGB
113,page-0113.png,202683,D55422241BE729E86614E58BFE16F40F05963AC1A8792993471BA2A081C1A998,827,1170,RGB
114,page-0114.png,220340,7AFD58528614D159F018FDAD6848AEB038C126BEB776FD4AA0A8971E16D4EEEF,827,1170,RGB
115,page-0115.png,360202,C7B19F1F88A508D84994196A2195A422863DB16BA283B86EE388AF04ACA64337,827,1170,RGB
116,page-0116.png,307239,0D7A0BB19439C8DFA12B70106A22CC4BFE102A56C2F585B1160E8F1860FE0E9A,827,1170,RGB
117,page-0117.png,350763,A8C87C5471C5CB65EC1C2D43E9B239795E32D718C17AB9C028652C73CCD6EA45,827,1170,RGB
118,page-0118.png,339645,A35BF4C34DDB783A5480F66ECEB74E124B248B1C44F72C1985D0E5DE22FB6EFA,827,1170,RGB
119,page-0119.png,242254,02794DD6F627143DFE1FF208284631CA094E6A450CBF1035C14BCA874CEA738A,827,1170,RGB
120,page-0120.png,326530,D93E633E601BF2A2858559A1632A452D151C835C899A0661A3B25BD5C2A7D00A,827,1170,RGB
121,page-0121.png,336136,7829DFF172B4879828F331C3DE2B15D6200C6CAA1AB89777D3397D1CB7E43CF3,827,1170,RGB
122,page-0122.png,332081,948B706BE71A967EFA8E8FD26B74613580C3212259FE6DB3DD9CCF95E02F794F,827,1170,RGB
123,page-0123.png,322554,002F5FEB0E0C5495046B0A636E20A30B4EF5266FCF4B89A61695F645FAB10E37,827,1170,RGB
124,page-0124.png,333386,0F9CF343EDEE831C79389A95CFC7623AABB33FF3665B6EA1CF41C12D5A593EFF,827,1170,RGB
125,page-0125.png,198195,A69AF192C90B2339A373D72EF2F35ABF07911790656D5468CAA112667E99CA23,827,1170,RGB
126,page-0126.png,233965,91C365359FBD7788B1359C532B48500BFAF45D7096B36C4266C35256B82E2C7C,827,1170,RGB
127,page-0127.png,206777,72990C04BE54C53C12EC9EFEE9EC325DCCC2DB472F36AF2B1B206CE3742BCD86,827,1170,RGB
128,page-0128.png,161536,8761106C1FF6E043AF7566C9A4C081AE328369C8E061E86C9E5FBE7B53C2FC90,827,1170,RGB
129,page-0129.png,227360,BF3432695AACE6DB58EFF9EB9B0CA8A1044F1AFE0DD07553478D58DC289AFA35,827,1170,RGB
130,page-0130.png,236285,30830293FEE54DB94DB102883FE4432C9F4D2D5125BC103BA7DF976F36BD43BC,827,1170,RGB
131,page-0131.png,212387,6ADFA03D528627FE14FE428052A258FCDC066AA186193889F8EF24194A5BCFA7,827,1170,RGB
132,page-0132.png,215909,46FE8FB17577994CA7BAAAF69CA37B7510F7969B3ED460A936749327EAA22D26,827,1170,RGB
133,page-0133.png,220110,46FC0104D5323A911A26FEC51B8AE6FE4B97216F1F699243015C77A3B830659E,827,1170,RGB
134,page-0134.png,230094,A72A46C7B237AF66DF06B2FC31B99F6F8C925E0D586E16CDF2D31194ABF2CEBE,827,1170,RGB
135,page-0135.png,224492,A9A975AB9E0BFD10F409AD55F4B8543132B4735A19F033BC6FF95794FDCCBB18,827,1170,RGB
136,page-0136.png,22736,E79C87D14E259967B5D5AFC97CC4C800D1F85B9540D20E938DF4F9619456121A,827,1170,RGB
137,page-0137.png,211698,AFB7CAE1BAFB9E69B9F21EFB2C352EC97E9F492A4B6833F7ED61872FB19A2630,827,1170,RGB
138,page-0138.png,295627,AF5D92D7A168118F1792A0CC0E0B7D7E315FE3214506BA87E57721650E57E478,827,1170,RGB
139,page-0139.png,285153,648AF7D9D5BE25320528AB9CFBDE51753B5516E4AEE82E7FF0781C97A26FE9C7,827,1170,RGB
140,page-0140.png,227635,FAE017F1A59B22118EE67D79E218A37F518F8358C07D00A5FD391F4B59C745B3,827,1170,RGB
141,page-0141.png,255928,27672129EA7BE05DC1070BE64CAEA6DC4AE03EA0BF747BD828735E35C5416F66,827,1170,RGB
142,page-0142.png,304322,6B65E20E14ECC7EBBB4F945085632235A460FEAAF13947C49C1FB52C6EF39A30,827,1170,RGB
143,page-0143.png,313188,34B8A463F391E5FAF268867C779B4C749768A43931050DDD208032FBD8AD9B65,827,1170,RGB
144,page-0144.png,324558,4515ED430C558BB0BDF2557EB6EFC4022776076EE028D011E4D04BAE4F0BE05B,827,1170,RGB
145,page-0145.png,343114,12EE6737BEE7F5937FBC5048EE5681C3D253CD5EEDDE2CFEF88CDC01A70FF2C6,827,1170,RGB
146,page-0146.png,330086,ECF98A230D5E35EDBCD443FB52DAEA6AB1CBB094D7F157DA30CEB8B85730632C,827,1170,RGB
147,page-0147.png,342638,F85229B60B7AF9D37CB2AFBD2A0E9D2B129B6DB5A3DF9F94D175BE970E3D3E68,827,1170,RGB
148,page-0148.png,265048,6710CBA3C6ECD09866A6B722B5344FFED80FC113CD347CB28C0933C8A69475C5,827,1170,RGB
149,page-0149.png,262637,5AE8C46D9B23F3E90354C260B95659CBB73622A7BBD9CFBC4DC1D913DA5DA571,827,1170,RGB
150,page-0150.png,286849,0B65BF9B862BAE2C91182BE68B7078B2F99C25DD756FF0C52A022233F23A318A,827,1170,RGB
151,page-0151.png,324976,6A719E75952C3AA8BA2BFAC390A7AA8C283D92A328ED9DB833169D73733B4900,827,1170,RGB
152,page-0152.png,333579,65CC31DE0EFFCAD6EA2812DDFE752B52067AB51900FA57906903BFB26E2330B5,827,1170,RGB
153,page-0153.png,350965,76114AB05CD4305960F9B63587833BBCC80145B42223689BEAAADA797E30F021,827,1170,RGB
154,page-0154.png,326083,27A4FB0C8979EFBF1F960649A82A800744120CEE02EA98941B2CAC80A71CF11F,827,1170,RGB
155,page-0155.png,306057,C17B469D6B96D1404FA71479FBC220829CCBFB0D2884C1A35D837940B800A9E8,827,1170,RGB
156,page-0156.png,299786,2F9DF0E77E2F42561F894BF9595F9A84D83F9DCAAF70D59A969D4BB855148F5B,827,1170,RGB
157,page-0157.png,318409,486A8169E9821BBBE19572B6C6BFA8117D1EE31AB217F71A829B395F4E1DCDAC,827,1170,RGB
158,page-0158.png,308584,AC25CA94DA0D3F1084E6EF1BACB10307BCD76269F82DDB4F1AEEE6425FCD91E6,827,1170,RGB
159,page-0159.png,325897,B883E3795CD9891C1418A7ABF602FE21845C870A143B806BD4D4364E884345F9,827,1170,RGB
160,page-0160.png,354982,F649E09862DB10AF3CFAD1BBE564678DC22B48DD23681ECF8CDDFC248E7C202C,827,1170,RGB
161,page-0161.png,326211,6E49F52CC28898CFE2EEEDC52D0844FC26762EC5E4F474E6EC7047356EEB4D2E,827,1170,RGB
162,page-0162.png,304385,F64BAB10D158B0144E2B15C29CE3CE8E9E0D0911D376000CB603506ED104B5A7,827,1170,RGB
163,page-0163.png,285571,8689D6B0A038FC826EB7017A8A26F5177F081E1404DA5D3226B59A805350573E,827,1170,RGB
164,page-0164.png,315819,49CE989BA18EECFC3A9EB4A8EB5FFC2B48EB6B78DC7CB47CED86E7F81F1ECD02,827,1170,RGB
165,page-0165.png,272817,022C491B3E1FEDC270511BD6966FFD0A14EE319A5C0E3F0007BCC296027CD757,827,1170,RGB
166,page-0166.png,309207,E65DC2CA2AB4C5ED602B9BF7B3B9C3C0A032531DF94C03EFB61A647C9FEE88FA,827,1170,RGB
167,page-0167.png,284599,6331FF68B495935469CBD08B2CF0EF234D0FB6C4CF070F51C744510D1FE649C9,827,1170,RGB
168,page-0168.png,318637,E0D69EDC9A41D2411562E44AEB239445087DA8ACB311D8DCEE0E77A92D18BC60,827,1170,RGB
169,page-0169.png,378789,7B963A9D8FD51D4C90B0ED76C8B98552EF76AED53001B557614C57F7D73136AF,827,1170,RGB
170,page-0170.png,318104,91821BC4702EA0698126E37F926243CE388C2E8CDFC2BDA238F72878044D7F18,827,1170,RGB
171,page-0171.png,320196,65271F7CE6A1FCA390C6755A39D1382B279BC7B21AC3655EE96F194BFB1553B1,827,1170,RGB
172,page-0172.png,337941,AEBB7BEBC25BF99C681216A0232F3514A3BFF866119E8C1500F5A9A78ABE25C7,827,1170,RGB
173,page-0173.png,338182,8F030C09ABBEB0DA2AC55C5C83B1991D6F8C4079450A97B1E748C0AE8E39AF43,827,1170,RGB
174,page-0174.png,373195,0932BE4139EDEDCD9223B9039C8CF694D038CEBACA544233D69F05DAD4CB502A,827,1170,RGB
175,page-0175.png,326903,4C0C10BBCC6F0CF7DAAE76A8BB1D074FB8F788F13C9A70A663BB6E9985E0AB61,827,1170,RGB
176,page-0176.png,327682,E866EF860FB8C7E274C9E162988E2BC29925C90FCD6497D1F02BD9D298A8CB5F,827,1170,RGB
177,page-0177.png,333764,9B5EEEFBC8182664FBE3572CB08203BBFCDB5611681051AD1FA5653216396D2C,827,1170,RGB
178,page-0178.png,304013,3184B14B988AEEFE661734B58E1EDEC71D472742F0EEDB00E0932F049C845349,827,1170,RGB
179,page-0179.png,302945,791B2692EBC146BBE09A343522784FA4EE968F13913C60E10A0CBB53416D65F4,827,1170,RGB
180,page-0180.png,304290,00375764AD72DFF128EA7F09C702934EDFBC9F852DE5C0117DFD0C8EBD114DBA,827,1170,RGB
181,page-0181.png,356519,3D40CDB4CF9BEB6C3DEE5587E259C72260899FC4401EDB5CD11DC88A2EFE01B2,827,1170,RGB
182,page-0182.png,344521,16A62DFAB6A20F9FDDCF738C27DE01704E366F169FE921B434EF6DBF79B1D2BE,827,1170,RGB
183,page-0183.png,194963,71B5395683D45F3330A5633B48EAE1427DA6E7076F7DEF1FA8928DD08167D761,827,1170,RGB
184,page-0184.png,321040,F449D40D8B978D3652051C1E68349DA338F4326C4E973DE2E3182DBE04DA2645,827,1170,RGB
185,page-0185.png,328131,B59BA6502BFC719977AD2C38473B6A2200BD413B85A608AD678E41AD2A075411,827,1170,RGB
186,page-0186.png,219399,8014F566ECBC361FEBC3E2135F63FBC4F06068E204C4CE26B68D8C3F5CE36D0B,827,1170,RGB
187,page-0187.png,275749,63E6345AD4361CCAFA60CE0526A0D6093ADD38C3EF94E76049E697F3A3877D90,827,1170,RGB
188,page-0188.png,320441,3AEDEE759FE35E57AB657DC321132DC62EA5D34BAEE9AB358F8C0892977CDF43,827,1170,RGB
189,page-0189.png,264719,56C1F2D3EFB893AC225A82F7B6BF510C0A76F35BB3E59B76BC7478E8230C3532,827,1170,RGB
190,page-0190.png,315994,FB7B706D9122D509DC51B204208925EACEA4F8F9B0F53F49803553A7EFD39BB1,827,1170,RGB
191,page-0191.png,227443,8D592DD919E1CAFD805617506D4848147C318F35F39EC4FD0DF3E5D265CCE0F7,827,1170,RGB
192,page-0192.png,250159,44D9FD1FCACA3721CD76B61E432F8CBB3F748665862C40225F44A2B57413EA06,827,1170,RGB
193,page-0193.png,242665,93555C157393338E706A029488AA68C092B15E9FE66B8B8F333E9D0BE090418A,827,1170,RGB
194,page-0194.png,259551,928EC3B4301756EA964BDD50A65E8E5B09909F19749189F174E093F2C32D32C1,827,1170,RGB
195,page-0195.png,298869,8ACAD75B10A0A73B92140A02685C8A006934F3A840E25B20A00BB88A16F92344,827,1170,RGB
196,page-0196.png,186122,3ADE182452E5E48799BEA93A72EDEF2A5BCB062EABC9815952DBE214128C623A,827,1170,RGB
197,page-0197.png,203309,929303F7E4FA2773A035E27F1DAC1AF7650C44C8695A424EFCC0F43D5DFEE966,827,1170,RGB
198,page-0198.png,256888,A54DBDBE0B1841C91E073B877A3E6D379DC2C144049FA18D5D6C99077A8802CA,827,1170,RGB
199,page-0199.png,286020,467F305E7B9D8C7654D50C1CD6FC2A89C88DCA6BC080C6327747D27540DC2A0E,827,1170,RGB
200,page-0200.png,216412,5CDD618383E6B42DF6B697DC85C97E362146AFB794D3EAABB5EE95048780F99F,827,1170,RGB
201,page-0201.png,246008,54036EDCCE078642969635CDB711F0189696D30B28B0D417E9F2B817A5A89885,827,1170,RGB
202,page-0202.png,195261,E6CE799517098AEBDFEB2B8DF492C07A3F62EB06C26AA9FD05338E2284C270A3,827,1170,RGB
203,page-0203.png,230939,F6B71436ACFE80A24D8D5E40E2A922D45FCB35287544BBB13E7BB1DDDFDF1E2D,827,1170,RGB
204,page-0204.png,226992,4EA786318176D370F70E2E7B0CF61A38BB0D4779810441AD72E6669B1BDF9F0E,827,1170,RGB
205,page-0205.png,259586,EF75BF1D9D6682D51ADCC924EC91D4686C64D436F8FE93AC554CFE66C30204CF,827,1170,RGB
206,page-0206.png,235017,491BD6B1A44031D9E0A56C14BAA355C282AF68530FB9A5BA11C46F649D11DE33,827,1170,RGB
207,page-0207.png,250763,390DF579C91D2F3D665894FBA1F58DE8906A0E1DC994A2980982C53A43471E14,827,1170,RGB
208,page-0208.png,254912,9D55F658ACA3D0D254AF06648E9DAF0FB204CCCC26F2064FD659194A6646EDCC,827,1170,RGB
209,page-0209.png,381787,C2265499D891455FC313EE43D8FC6476B219C525815B5C5FC8BC48E4829E6A9B,827,1170,RGB
210,page-0210.png,261552,0BC23E4E9E6ABF49A9BDF4923B5545AE062B96F93B25038AF266A780C9BE9C54,827,1170,RGB
211,page-0211.png,278804,9C16AA637B0AD2E84143329625F522D0740EE7340C4AA98BB24EABA5B109862A,827,1170,RGB
212,page-0212.png,317206,4318AC3B26E4A27536EA79D0AE2355F111CCE947C419E6ECC66257A618EA00E1,827,1170,RGB
213,page-0213.png,283327,AC49118A18AD3DBF18A02D08318844099D6569E865B3FC260E0F1444BA0C84B9,827,1170,RGB
214,page-0214.png,302236,835A6CBBD18D81B3B0CA767BBE64CEBE96B98CFD1DF9DCD4377CCB2069A4AB57,827,1170,RGB
215,page-0215.png,312483,F59D9B93C6F9E5AF5932C09F370073F2AA9AB266094ADD5D50C91236ACF2D0D2,827,1170,RGB
216,page-0216.png,297764,603C85406315D13EECC5AF1B41D1BE22C1CE5D0A44F54A2534F31D86AEE6D596,827,1170,RGB
217,page-0217.png,268377,DF95196AD83BF5E16F575F525E3C804AA405CF6DEEABD55F2A62011125D41F56,827,1170,RGB
218,page-0218.png,211245,C4719AA33E90A593A82D8EA0C2BFE1B22177EAEAAEFD279C09F16B40C571C824,827,1170,RGB
219,page-0219.png,250254,BDD04A3B0A54B50C010D0CF15B3BBF13C25F19B7A7B4C4FB94ED47E9888B0010,827,1170,RGB
220,page-0220.png,203893,228AF9A9108479CA5DE3D317E17BC4BDB137B16A50C5BD075AEA1A80E423DA65,827,1170,RGB
221,page-0221.png,203756,8D036C67DA5336596016F56D962524F3D88DB7ED9AA2C7366AD5311780AB4656,827,1170,RGB
222,page-0222.png,143414,80975C45DFF27E0E73753A33B1C74D4B71104BEDB9010D7AB2C3ED7A1C2F1975,827,1170,RGB
223,page-0223.png,291448,0B950E3B5384308968BFCEDA7123759BF64472BB3CB3BEAEB0A8D2045B0A3B74,827,1170,RGB
224,page-0224.png,366259,94528DBAAB1B93B6F4455BF4D21857A5F8DA7070325418262834A64D25A65610,827,1170,RGB
225,page-0225.png,268706,C44AAAF8A1084A8948EB68A6E6A434CFB10C2411374AE30AE3CBAB136400D5B8,827,1170,RGB
226,page-0226.png,242682,CD8DEFA40168A38F8D778B975AAF650872FA254BE692CDF3040AE2B641194735,827,1170,RGB
227,page-0227.png,384661,732CE19854B501ECBB4699AA1BCD90742C12F652B25F09F85A3A325E979EFDC2,827,1170,RGB
228,page-0228.png,277887,300F4295113377A682295DC79D654F2BD2A26F52861C7BA5A940FED0E0278500,827,1170,RGB
229,page-0229.png,278226,795F47D94713D14F9EEB0972B162FE9240E2774DEB3F97B5AEC8630E159CC52E,827,1170,RGB
230,page-0230.png,297245,6407BCBE05270CA3B42B25D23C4EA053C93282EDDAA994FCBA71B7EE7C7989E3,827,1170,RGB
231,page-0231.png,303443,F290CBF34652496170085C01EFEAC3AC1B660D1A071932F93B0F6D23946D7FA1,827,1170,RGB
232,page-0232.png,215296,F926029D3ED1340FB12E6567E92C14EDEDFAD33F6BDBBBBFDDA18A32B271BDDC,827,1170,RGB
233,page-0233.png,299279,F6FE5A1C892F5C14D36B63F3ADD2AA9532661BFD078C25BB8AFC93584B18817A,827,1170,RGB
234,page-0234.png,293061,8225A49DE77EF89D6916F14096D2CA6D0E5740C32CA251FF6F80C789EA5C4466,827,1170,RGB
235,page-0235.png,215548,B5823254E088FD30C4CB9AED5C5DA6EEB3BD280E70D1CDC125466A987AC2E16D,827,1170,RGB
236,page-0236.png,278544,8F7DCD32B0DBF00461F1D8B402142109C282EB983C813865FC6CD039D4D2FA13,827,1170,RGB
237,page-0237.png,291022,58286406F40A936DD41ABCDCAB5EE0EF75F0BC29552BCFB43AAEA8AB28E0B237,827,1170,RGB
238,page-0238.png,298645,EFE640A58B7D478CA4241C55F0C23093812BBC9F6BBBF0ADDA86A09AA7232AEA,827,1170,RGB
239,page-0239.png,286376,C37AD8D6ED214D2E75B1FD2EE2F333B76AD7A7BFF31494331E0720233DCC72CD,827,1170,RGB
240,page-0240.png,278681,04CB8D6E2516DE4BC00B3E3BABF35D74850BD1163CB0FBE94E550FED192E08B8,827,1170,RGB
241,page-0241.png,331689,140149B1BBBB48B4886107E1393A8CF79474F6A536F68A8A56DD7C0293325F75,827,1170,RGB
242,page-0242.png,343708,109A9E0B26947D3B09C358A06D817001C22E9AFE041A6B72CBEC2F285E9006E1,827,1170,RGB
243,page-0243.png,309742,2BB80E595A95EF56E1A71938F22648257D76B54A089E9219D90A997F7FC9886E,827,1170,RGB
244,page-0244.png,329755,532AE82391B81C3DDE43898DC15FC6034634007528592D6B1AE40304045162C3,827,1170,RGB
245,page-0245.png,334392,7640DBA89848DFE8F0605A11B892B9D59107AED7133F4434F539263CF8CFEDB3,827,1170,RGB
246,page-0246.png,276587,179BAF774CD375C89CB09DBEF843B811446060406D7FD08D5BD5C3CC8007545B,827,1170,RGB
247,page-0247.png,293579,D7B24534B4775B6B42841F765D8763209F2E395A9555D485D18782B4D2AA7A2B,827,1170,RGB
248,page-0248.png,318536,3DE75FCBA48C24ABCC9C70752D71384B3F0E03A8FD568A94C03BF4F4709B3857,827,1170,RGB
249,page-0249.png,257809,3A2B7D09AF7C7CE0A27E1B9B07FB3CA352E42F7289923AD4326CE1B143E838D0,827,1170,RGB
250,page-0250.png,220898,4C2C2F31AD82FA47ECD2C2E770551D33610CC5FE208EF8B5072C4029A3D68E28,827,1170,RGB
251,page-0251.png,226232,FA6F4E8E7D7557DD6A4F888E7C5C31FD1401C60C7E22C937A9D8050C0B8A7920,827,1170,RGB
252,page-0252.png,231709,A17068B41CED6B05DFDA4FD070BA27849592D062903F7FAFD7199C17CA2DB689,827,1170,RGB
253,page-0253.png,277228,43D063158A65EA95806EDD9FC4C17C1E70A5D6C529E6E44CBF856D579270DDC7,827,1170,RGB
254,page-0254.png,308978,9B9F6C5707E8AA49BA7770AF18C0C616D5960851A1172A35658336B3397E60F5,827,1170,RGB
255,page-0255.png,292754,6681F1DEC326412F037436696F478B97FCA617EF8440C6CC36DAE34A63C80D81,827,1170,RGB
256,page-0256.png,318418,35D40AEAC51E898E3A958C7CAD4DCCF93B1062B15F51B184B148B352C4763F80,827,1170,RGB
257,page-0257.png,291531,2055B419076789351A4F66AA837290883A912A88129A8C57F2BD5A7CAB985950,827,1170,RGB
258,page-0258.png,223797,11D7135EF06AD4C88976D53E8292BAF9BB0020263D2AC6BE5119BB2CBA2573B9,827,1170,RGB
259,page-0259.png,248795,D59B2A566E9860D7DF4C84BCD13B35AA5535D276E1BD317201611FE4B19C0971,827,1170,RGB
260,page-0260.png,224628,9FA0C67C8DBEC709702D2B104AA4D89783EC809B19B2317525EA0E0CCA765D86,827,1170,RGB
261,page-0261.png,213083,094E1430B20ABD75B04BB19F6B5EBBA4EF54DCA9DEABDEE955994F6E1AC2D0FA,827,1170,RGB
262,page-0262.png,208374,4CB11816B616735E5E70FFF71F7D30C66534008A9039266B12FA11BCC325DC02,827,1170,RGB
263,page-0263.png,191997,9853CF26501F6CB6B0F60A79B9DB19004044AEF771AD90B7AB5729FA3467E361,827,1170,RGB
264,page-0264.png,278026,7DB2B3EF43E886DC314F1AD20828E18CA3393E453DBF708C954159BDB2843900,827,1170,RGB
265,page-0265.png,289251,701B6F84E845F0EEBA0CC3DF8A76958BAF370CC6104ACFDB850F9C69A526943E,827,1170,RGB
266,page-0266.png,170960,2F1855033B22BC007BC84A17A17BDD95AA611042F77749CB734B753AF300E64E,827,1170,RGB
267,page-0267.png,231813,3B1A73E45DEDE559EFDBC64F5983CE12184021CA2CC626B5ACFA823A307DE74F,827,1170,RGB
268,page-0268.png,210348,C7B2328A010EC6CFB42DEDABCEE84ED906A69BCED041B4FCD8C25A88034E4FE9,827,1170,RGB
269,page-0269.png,208709,D510023EC488DEDBEAAAD3E6248A0C67F34FB28E70244DF7395357F8401F8DD0,827,1170,RGB
270,page-0270.png,189687,FFF8AAE7FE51863C81F78B4B1204CF3D2809124EE5C1FB3F66AAEC3A69E6BD58,827,1170,RGB
271,page-0271.png,230101,3DC5A6F8F729301C4186244B1D88197B4B43DF1464C3DE2D970B16BC3DFEE8F5,827,1170,RGB
272,page-0272.png,274749,09C4D68E61F556F6848590D946AD357227939A82049EA70D4400B6B4E374A4FE,827,1170,RGB
273,page-0273.png,277748,1477F4A44D30C08B760FCF5BFF7E9994EB6D07B55E68C86BD8221037BA6263AA,827,1170,RGB
274,page-0274.png,263547,F9B19E1149C4797917744BB99E52F40AB419578061CFBC2F2479158A8D54A1CC,827,1170,RGB
275,page-0275.png,255215,CF9A6A76299FC2B22B8EEEAF9DA5A8C89711CFDEC7F21E3DE538819DF78B2F4A,827,1170,RGB
276,page-0276.png,267528,36FFC792EBF50DCF883DE1EBCBE66B98ED2CBB40F5937A2E160DE730EADF2506,827,1170,RGB
277,page-0277.png,246078,0A193D82C25D9CE1FC95FE34093A242BB50A57EBF682DDE8B256AFC265ACD80F,827,1170,RGB
278,page-0278.png,227449,1322E19214BFDF193C294C38A3EAF35DBFD9B8C9F79E266977349F3422F1E2C1,827,1170,RGB
279,page-0279.png,293639,36A7F7958CFEB340123FB7ECA4EBC51AAD7A2C20C2983B30BF33CBC8E07ADD46,827,1170,RGB
280,page-0280.png,297738,D7FCA84240B10E84D66971DE9EC48007741A0DDE82E6E9FEC50E046D34CAE3E2,827,1170,RGB
281,page-0281.png,259698,14634A09A84D7BD71EE5DDAD8D7B28EDDFA9AB967F81B539C0E494A82163D6EF,827,1170,RGB
282,page-0282.png,293800,BB361EDC4E428D05D0691538C14D5B6FBBC6387EDA605BD859522379FB960C16,827,1170,RGB
283,page-0283.png,269919,6C458585320400E784605C8AB67FF55797A5067F9C40103FDB17511C46EE3C06,827,1170,RGB
284,page-0284.png,268656,6BD9C73B6BC08A908BCEE42EA3326CD6365F0E533AA8F760838A9DF208251035,827,1170,RGB
285,page-0285.png,208589,0C7C05FCD2622ED50F9B4D3BBF8960441185D318425EDA6EB552D8BFAB737992,827,1170,RGB
286,page-0286.png,200192,65A0075F7C3910BE6BD6E839AA9819EB3D2D38D2D4A8A919732D141F4D331D97,827,1170,RGB
287,page-0287.png,246887,EE6FB6C2228D47DDA2B813B8E87E9FD522EC99D69BC2AE1DCEE1AD573D9BCB50,827,1170,RGB
288,page-0288.png,366770,E62E3AB3330A78EFC410ECE0B55397FB6B4EA84C0FEFC0B85C28C37C5EB4589D,827,1170,RGB
289,page-0289.png,296758,6F94305DF52C585B7C2C94704019F797F57BDDA61AAC85A09F2CB05846FEEC60,827,1170,RGB
290,page-0290.png,335389,CF1E35508B85C30A8264A488F4D98E82666A342961D3C8B84F8537166FD70EDB,827,1170,RGB
291,page-0291.png,235028,AEE39902BC5F57C5A1BE6127DB4D91D797C6E46BDBB51D2EECB843FDD3A322DA,827,1170,RGB
292,page-0292.png,183021,3BBFB618FDC2FBC08D65EBF386F5870F82716CFB2E9483E722E788A9F21C082D,827,1170,RGB
293,page-0293.png,133572,CCC8C9F55983498AE2BD562D2FCA7338F028D0720D83BE61869E2D0DFEBFA374,827,1170,RGB
294,page-0294.png,291004,802A897DB8BC4B45C358B6134D91FBF7B286301CFD03AE6E3B086AEEF9D9937E,827,1170,RGB
295,page-0295.png,282070,F224E83497DE7B82AB8DDC38916B1103C8F7168C67D09FBDF0106DD77B8779CA,827,1170,RGB
296,page-0296.png,282991,E20018DB936028A1278B2DFBBF088C98404468E9C80395A4616B2CE1E738ABE6,827,1170,RGB
297,page-0297.png,293067,965A6AE7DC34862CB23FDA7A88430038C7BCC971662C63890AB7CDA45D83A1F5,827,1170,RGB
298,page-0298.png,288615,A53CBA77EAA5B223BD06E591D0D4C1FF2452E8720BB887F2170362FE42A9C162,827,1170,RGB
299,page-0299.png,320119,394F7558FFACDDF50A35200027773B5BBAA3D82E4A0F198483F6FEAE023F74F4,827,1170,RGB
300,page-0300.png,233168,1A4E04F80C08BE86C738205CB071F3AED17ED5C6D7503AB4BF02D9AC46A84180,827,1170,RGB
301,page-0301.png,149596,AAF8B7444C0184D5BB756D3F4F9DAF515BF77F8C04CC59E9BF362D36559CBB5D,827,1170,RGB
302,page-0302.png,272998,90CB3E51418AC8013A4125157BA32CACB3D29699B10A19A3BCC931A8375D4DDF,827,1170,RGB
303,page-0303.png,241030,D37E3896DB10F8DDEF0E6EB7F9ADBB575AEFF5DFA615F481400B9C1B5E26A4DC,827,1170,RGB
304,page-0304.png,292750,72D640CC8ADFAC1802BD43274F7230803757FD0D8FF9EAC03DFCAF0B1EC8479B,827,1170,RGB
305,page-0305.png,308146,ABC9BF7493AB50A6A47CFC06C2C12D88F462A65DE46D34AD037B28A0C16A02D4,827,1170,RGB
306,page-0306.png,313902,F740E6AB90F5406EA5068F9D5A6ACD71BD822F01E6EE7D1EBB3B63E54E0755C4,827,1170,RGB
307,page-0307.png,249901,99E322299AA1501B856D427389608787D1F0D48FCF8FD32EB1A83EA402AC66A3,827,1170,RGB
308,page-0308.png,282343,1CE141E61B969BE9C99EFFD652072FDEC9367571281D579E57AD3DEF540E8B4A,827,1170,RGB
309,page-0309.png,167563,F7AA0E55F88836D301ED4807B32D707A5604C84C19B154E61277E42E47BA6CE2,827,1170,RGB
310,page-0310.png,184768,C84D4835BE25FB10670530A61DCE50D0B22E6D16425BE1CB8DF3D00D27C13634,827,1170,RGB
311,page-0311.png,314845,528CF2254045B6D8742C8B3A9E5B2708A6FCD8BD97B66EB0B35397BBC3621B3A,827,1170,RGB
312,page-0312.png,277333,D3F775E76B06A8D86D8A8E76F88C59B5EB1EF362F6B897AFE931B99DA2843C30,827,1170,RGB
313,page-0313.png,268020,919E89179ED61BF64291D675509D86FD534162900FB60C67991E7474D2524D6C,827,1170,RGB
314,page-0314.png,300335,561DDE333CCBBB8332F83B0F6D9CF8A7AFA227FDB90F9D6D8BF9DA566A984130,827,1170,RGB
315,page-0315.png,312007,71E3E7C482EE278CC66861B3A7DF0280E302B1A7709ABEA1E85B775FFD72444F,827,1170,RGB
316,page-0316.png,330533,DF6597E4219915B879EEF43D854D5A3D2752EF1B87F683318EC1B5055D3533D1,827,1170,RGB
317,page-0317.png,288971,96263F6146891ECEE0FD25765BE67DABBE27C2219BAA6CEC61461F7C15AE331A,827,1170,RGB
318,page-0318.png,227944,D044FF5A75E5DBBB276CF1934E415A33DE495AEC82B14B1055A1D7A55092B931,827,1170,RGB
319,page-0319.png,289681,E5CD0FFD2E20AF0C0FB6E3E236C3BE449F2B703A54AE5D024E857C1A56DE5F25,827,1170,RGB
320,page-0320.png,301521,E4B4B618840EE3B7E5F395589E5E6E8B4C42ED2537A08E973C76FB55E3B2F466,827,1170,RGB
321,page-0321.png,248956,07DE132345A1EB26AD58EC4BDC0E676BBA2DFFF8498C00328E42E6ADCB04CA2E,827,1170,RGB
322,page-0322.png,320963,C0E84AF62BC742DBC2131BA16A82422F04DC9709950DEFE15D3C384CA88B41D7,827,1170,RGB
323,page-0323.png,297677,0AE74F4181B104EB84D7D7F86A5F377480B2433B0C58F8B79EA1882B35E49298,827,1170,RGB
324,page-0324.png,273469,A100B446B1A906619E41F99673CF8319E4646415DCD7248A0896871584FE57B8,827,1170,RGB
325,page-0325.png,371420,6F153511DB795D8D8542CEC4C33EDEEA8B2EB149765C3EFA390CEB565A1F19F5,827,1170,RGB
326,page-0326.png,340114,E8BEC90195CCF56E57ED3E928F778F5513C6C97327D0EEA5A13151CBF35EA36B,827,1170,RGB
327,page-0327.png,316813,0927203F54A73C573514511CCBA0FB6FAC7D6ED18B7954B31FA9CA3D8FB71974,827,1170,RGB
328,page-0328.png,265257,E2E8FBA7078B35F6A40DC04B7E9185EE3A19FE1272374D6C641B42DADDED86C1,827,1170,RGB
329,page-0329.png,251267,BC790BEE2684392122A3F147D6A8071F0F2BBD74050A54B815D34DEABD378B57,827,1170,RGB
330,page-0330.png,287167,F799D46D7A20D62FEA7E8CC6257ACD98CF579ED0C198DD32D774090CB81155CB,827,1170,RGB
331,page-0331.png,265288,E7A18806E06E0C16D84A2DAA05163AC2A53DB39A6742A964A167A9E97EC869F3,827,1170,RGB
332,page-0332.png,280760,12295FFA42ADF44093BB9C0036AEA97986E1CC49895790BEC9AB16283C6FEAAE,827,1170,RGB
333,page-0333.png,262659,B47BC481398C4E096179688FBC1056FF0A49FF9C9BE554F0A4136EDA6BA4C0ED,827,1170,RGB
334,page-0334.png,292314,99F7437B2DCC4A158D48D3574EDE23216EB16E82ED2D5A1A997FB5D5FD68A392,827,1170,RGB
335,page-0335.png,206605,CD4028573396C95F19DCA8F28E9D31ED56256FA887B023310BCD79AF45D1402B,827,1170,RGB
336,page-0336.png,141770,2EE5D6805C6FB011B1934C795804C61BE50B90D50FF799B2AF649B11BFAD3CF9,827,1170,RGB
337,page-0337.png,250213,36FC534F418E47829BF82FFD38340C4A095717D7F73F23BF5F820A05090C7751,827,1170,RGB
338,page-0338.png,298094,A9E30686C94F0CE85E6D680156A9260D14E7F69CD9509867C39307C69D0F573C,827,1170,RGB
339,page-0339.png,283621,55CBBE243A088A836FCEF7F9E4A570E3009FF14D3026939913E9DE31C8D1FABB,827,1170,RGB
340,page-0340.png,319905,ABDB29FBEDEB103D89A9D49583F483A5A2ABD515C745F1704749E9721312A978,827,1170,RGB
341,page-0341.png,249383,F68D4D282E38178F5D35CD2660655D962DC9051B3E1D291FB8702882EC31894D,827,1170,RGB
342,page-0342.png,311506,68A6F5155DF6BC23E5A5CB28D9A7B6959A4EFD122577289DA8D0BC7661BF9A9D,827,1170,RGB
343,page-0343.png,342855,4443359C2A9EAA1B6238B640AFE16F0A681846F5C121DBFB6A3947B1741BB6EE,827,1170,RGB
344,page-0344.png,331972,CA96E501E36660CCB82598D56B63ADC60038897588CC648921BAFC615C38BB55,827,1170,RGB
345,page-0345.png,335356,6C7F84D644AB1DF462ACA00E66D03A4D1153A841A398077A5EFF4A71ECA06BDF,827,1170,RGB
346,page-0346.png,321928,3890AB05CEBB122C222C49FCB8F04A5B1D9473A20D40C2BB71B26F1D182AC55B,827,1170,RGB
347,page-0347.png,253970,F1B69A8DED2D2B571F72CE1B92A9925F87F00563C03DABF9AF5E653B593A0547,827,1170,RGB
348,page-0348.png,258853,3859580AA8EFFC7BCFA2179F3EF54112BB69C05F60C0573229052E29395E7B91,827,1170,RGB
349,page-0349.png,282171,8C87C54A33BC017B8E6DEC451A94C637F2EC95BBBB75E15E04283D07A4061F85,827,1170,RGB
350,page-0350.png,310319,C8552CDF486817EAB3460A7235B083EED6E629A4948BA0DB713BD08AD18DEA9A,827,1170,RGB
351,page-0351.png,289582,FD8FAB0105FBAD130D90DAF78289EF3A619A5A8AF6BE0D5BB46CAB5CFE4DEEBF,827,1170,RGB
352,page-0352.png,200190,711FAE7A0350927A5A0764FDD8AE6C22437AC5F0F604BF5E7121FDB2B062ED21,827,1170,RGB
353,page-0353.png,304101,24C7B4B06F9B53B8DEFDC6B5D4ED8F8814A25B5F20E94547D50B99E10425755B,827,1170,RGB
354,page-0354.png,281432,A4E8E8957A328D541D5FF29701042F0B79FE5874C1F96286C6851C93EA0C3C80,827,1170,RGB
355,page-0355.png,317745,0E3654A5FA26C817207A497B38AE97A0C8947F33C780533425FCE9936C7886AF,827,1170,RGB
356,page-0356.png,272258,9E69603C0CB6EB5E6CFB84466F50EC17FAA70AECB89E0879B60A19B4C10A8857,827,1170,RGB
357,page-0357.png,278781,CC624F0EB8FC0C4B0B3C0C5F27C758C7E6D340A614FD30368E5A8C40102D6713,827,1170,RGB
358,page-0358.png,320343,2A813052FFFE168F426D6DDBAC7A6D1F5204A4C6D992CB7CE55677A511716B40,827,1170,RGB
359,page-0359.png,298865,B87A7B80760633C1C73D7DAE39056DB5D42B3707D3B5D153D2218ADB5A3BF90F,827,1170,RGB
360,page-0360.png,356547,CB92FB5EE0A71EBCAD504DC627E8AD28289E27C92EB210B5AB36E7A90E00EA9F,827,1170,RGB
361,page-0361.png,314058,E0443515DFB308BFB56F2D3206A0CEB3754D2C2C76437D494B6ECBA88FB243DD,827,1170,RGB
362,page-0362.png,301595,A41699BF693A7E404730705145C1D708FADD11A5C9D426831298F616F539AFD2,827,1170,RGB
363,page-0363.png,331987,E2C2638451864D1E986FA196D0880A9AB198F49EA492CCFA1CA181D801A4F895,827,1170,RGB
364,page-0364.png,315153,F33896B5D863BF0906DBD5962D83EDE325017362228DA77E638E47106DDA892A,827,1170,RGB
365,page-0365.png,302245,00CDC525315B3430DFCA868DA29BD230D4413FD233F2EE29005E3CFD3BEFE58B,827,1170,RGB
366,page-0366.png,47467,6E97C376520FE997DEEDD04D7EF0D797D55C4ECBA41A3277252473129AF9B3C0,827,1170,RGB
367,page-0367.png,268987,D0685198DE02AF943711E10A32284DD7A1ECC2AE08B93F0BE7EE87CDB9B4928D,827,1170,RGB
368,page-0368.png,285448,C18D5E6CFAB88558C2B687B6277A1E354131125A40E1BED39DE5C4972783701F,827,1170,RGB
369,page-0369.png,270250,ACFE630AA70FFB6300E41F772E602BA18744567967EBCA79FCEDC63F9CADEA20,827,1170,RGB
370,page-0370.png,341109,3FB89EBE54874C6F764AA45F787C45273224E05529B237070B805CD37FBB4F5E,827,1170,RGB
371,page-0371.png,282916,1C8866B841972D16A3FFF0B5044A45CDE9F8BDFF164C128248195FF5CD2A4D7D,827,1170,RGB
372,page-0372.png,337034,6F09CE1F6AEB3EAAE27FAB7E92112579F12D9AF5ADA13E083B5A1DD60270CC4D,827,1170,RGB
373,page-0373.png,207021,E1662CB03AAF33DAD1592D8AD5A64F121E5AC4B5A568AC32297A8683920A8417,827,1170,RGB
374,page-0374.png,266639,6D3EA32C4AE5529A76D82BEF6E79C0D43AD6FF7A1023AFC0EBC2459ABEBAF3AC,827,1170,RGB
375,page-0375.png,299823,197225BEFAF8A9CCB809E1C334CFE25A39946FA13A9C3450865703E68A4F5B5A,827,1170,RGB
376,page-0376.png,236876,F7C946F8D21E1152615932995F9890CBC381E168AC1468D37A6D7845079B049F,827,1170,RGB
377,page-0377.png,275384,4627E1E66B48DEA46701049C985BDB92DA5F620E79723716EAE83A0724F7889F,827,1170,RGB
378,page-0378.png,267844,9D0B2D4C8C13428BA1CA3EB01D3CFEDD0913CC9A0EF99317B1E1A834F4AE102C,827,1170,RGB
379,page-0379.png,180319,E233A6EE906A2740E2E6FC0581671107F05A4A7A55281426A6F54EC2EDF7779F,827,1170,RGB
380,page-0380.png,258258,7F6756E3A7FA74784FF3839C8E6FCA4F94B002591D2345CACB9CA3EB75ED4FFF,827,1170,RGB
381,page-0381.png,192785,6EEA9D5DC984B39A1A46C4A2075F5D9AEC5DA882E2A6D6C6DEBAEB6FB0F7698D,827,1170,RGB
382,page-0382.png,114349,F88A52BDFED0699BBEE4CFABF609474EA3201434C7A9D6254B34C47F16CC4827,827,1170,RGB
383,page-0383.png,176122,B03AAABDDA50AF1B7EA6D9FA1AFC672BF01F2636093A5AC46523283EB9ADAB37,827,1170,RGB
384,page-0384.png,181520,E8887A6B2591E732291037F991C92117445C63EE4A840790FAC0B6B3BEDA9EEF,827,1170,RGB
385,page-0385.png,238326,0BDF931FEE4A6642A13F54B67825556627297DCDA21B25A271D02AB132CE1371,827,1170,RGB
386,page-0386.png,239390,ED666538A9ADF0BD163982FEBD4BCA7DE3FD1723D568D6011D576642FDA38B6F,827,1170,RGB
387,page-0387.png,223185,F887E5CC789DCB5457ABADC21542AC9F756CE88F4A3C4BBF74B0428AAE323BF1,827,1170,RGB
388,page-0388.png,216105,9044AC19946EFC65A369EF53FEF5C507A862B12B320BD10A11B0341221DD1A40,827,1170,RGB
389,page-0389.png,276790,4146539FF213078E11F5657AC4BE0E519A255B89F6294282A27B09CE9BE9E0AF,827,1170,RGB
390,page-0390.png,234271,68B96D79A417703260F182CA3680A63D7857C0C040F0038D88CF5179EC06A490,827,1170,RGB
391,page-0391.png,287426,9DD20C330388DF48AE2677FCEC14B8B228DC422E6009AF31837454C595C8445D,827,1170,RGB
392,page-0392.png,216892,DCF36BD23388BB530E4797D1D7D2348E318C481900174DF814BCE077C3672641,827,1170,RGB
393,page-0393.png,202480,A7D49B6B7036405015D485FB76E6E251AA97C7CDAD8C812CDC9C9C13871C6153,827,1170,RGB
394,page-0394.png,175664,6C1484214A4146D0E5181ABFDB52E292BD1634FE342E57578C17087CDE4E66E0,827,1170,RGB
395,page-0395.png,235723,C1B6C9103AF4E8ED4E692F91817335A831B68651C199CA999879EA0424993FE1,827,1170,RGB
396,page-0396.png,229011,9744269BE18DEE22F44FEA7A481685EC82F5CE7E06A1CF90580885722BA3B72D,827,1170,RGB
397,page-0397.png,156798,86DAF8E737B5D5AB8189D9860E03E970E76931F99A167CA61743EC832DE778FD,827,1170,RGB
398,page-0398.png,244291,E55EB725318CF7D2DC86770B0DEBEECDCCF2CF32B2B7EE4104D4A7DE890A7B17,827,1170,RGB
399,page-0399.png,195733,FE31F7CC3B0371F45ECF460B10789F942F15EE85DCCAA763F4240950598C5CF4,827,1170,RGB
400,page-0400.png,271174,4AA6F8799C2A8193907E4C4AF9B65F6EC9F0ED27F0BBD5788D5FDB2AD7C6BFCA,827,1170,RGB
401,page-0401.png,279549,E56D40E14C4E452809DC20A11E8DF12C6E8F38339E9A66E68AD8B5F16E4AA162,827,1170,RGB
402,page-0402.png,127557,FC78DE97A3375BDF502DDDCA74CAC13781271BE38879A2249CBD27FFE909CF8B,827,1170,RGB
403,page-0403.png,135607,27DAB411E8E0B203B76E15FB7F2F6740D74980A02688B4C09A626C7AC4B8513B,827,1170,RGB
404,page-0404.png,324930,2E241847B231812FF3CBA0F0C2C974AD91682D73A3C405F5BF82C59C579CA4EC,827,1170,RGB
405,page-0405.png,254933,666CDBD1C52AC3314348A5626C9176548E6D1BC6DDFDFC4C5E9F405B6AE80482,827,1170,RGB
406,page-0406.png,195360,0D018009A89FA488A50B5B7A8BB860624B909DD9D704C4B5DA0E72A7AA1E5643,827,1170,RGB
407,page-0407.png,200036,9BF62AA8A246DD84C20EACE4F753C6704AC9FBE22551A835B443E6137521161F,827,1170,RGB
408,page-0408.png,224886,84EFA164C660332851877D88E7F61EBEE58B2734D420200B91DB5E48D0AF5EAA,827,1170,RGB
409,page-0409.png,224795,64CB3E37C0F9C92FA061E99F4CE5E1364AEC2A79DA09ACB2677517DA49DE2009,827,1170,RGB
410,page-0410.png,265264,E62C458EF3CBA22CD90390CBCE841CFC2291AD258F54DF7038B0A44DB0E99A96,827,1170,RGB
411,page-0411.png,290670,C203F45EB23DFD4786BFF4619FFA610425900FAA72A9ED691F484A1D04563698,827,1170,RGB
412,page-0412.png,181035,6141D47BFABCF3F36EE082772932E08F85E11C43B38D8EB0B68E4ABD9C810271,827,1170,RGB
413,page-0413.png,217356,1B59456D5A6A23BB39104759769B3C3AFDA8D1F6E8C1A153ED2D50F03DB0C078,827,1170,RGB
414,page-0414.png,266679,148E5122642B85AED364A1A63C0682B3EAFAF8E12889DF38801A9DC7A72C4594,827,1170,RGB
415,page-0415.png,247393,71908B473C8A49D323D8B1617B71B60300CA66576B1B7E6E4608DC4566374554,827,1170,RGB
416,page-0416.png,210070,DB44B90299CBAD21DD8E7F26EEF161C99C9C047CD9A754DE6905F492E87FE456,827,1170,RGB
417,page-0417.png,177088,BFC135E69958E4FABFDF136F6C571F1DA8000D54F8CFA22F4DBD560D004753D6,827,1170,RGB
418,page-0418.png,253143,D466CA944AE4E7DAABCF755CAF5F33AEE4FDA4C2AC706E97C6DFAC6ADE5532EB,827,1170,RGB
419,page-0419.png,287601,5E4DE842450A15C38D3EFC60A28C362E6CC0C14A85DCAB47F79C3C50863BDCAD,827,1170,RGB
420,page-0420.png,239951,FE4AC27EA3F682548740C1587E62B4BE4B8952AF34B3AEF01AAE0517C7076790,827,1170,RGB
421,page-0421.png,285857,0AB58F7FC42C9D1684DC540C9CFEACD3C257A5396BAAF6979781EFBA9F258538,827,1170,RGB
422,page-0422.png,274641,54F19B24B302CBF008477CBFC4948E643C5E29DCE1B118ABC30D6D94BADC8448,827,1170,RGB
423,page-0423.png,233367,1D73609B1863E55C04AA9A8F7A67B64E1F9A88EEC346CBA6AB37586C9F93FFF9,827,1170,RGB
424,page-0424.png,337036,74D5F4A4097B083AF6630BE1264EE6898ACB2C6F9AF090955F6858EC60024DC0,827,1170,RGB
425,page-0425.png,258727,0AC10E6AB4F5159A0AFEBD427353A02A83D46A7A3B0528B3C05A6FF562C4C735,827,1170,RGB
426,page-0426.png,286154,029F344E7C1237BD35510A5A6F30816898E53FB657835BFFC6808437D0A07915,827,1170,RGB
427,page-0427.png,258282,A0FC6826EA49C1CA2AA844C39424053B9E0197649BFE525403CB9E9BC4FC0470,827,1170,RGB
428,page-0428.png,279134,12584ACEAD566AC03A6EA3D2CE19A58636D9D0A35E696DE3D357DDF63FB04C15,827,1170,RGB
429,page-0429.png,299092,57AEF346F786115A960DF70D41349B22561F7E86881C3A9B4451C3A85EFA2ABE,827,1170,RGB
430,page-0430.png,170589,63000B51E750E169E072D4BE94D53EDD52B8846DA77DC8A8968AB325CE894FBF,827,1170,RGB
431,page-0431.png,265587,420AA94BAAABABBE0BC1420D831DD1CFEAF41621EDB4AED11D9C3309484E62FD,827,1170,RGB
432,page-0432.png,243703,49DB8AEF90F312733B77842DC3A23A36F4BE50ED9931DBD36FFAD6D7C466CB24,827,1170,RGB
433,page-0433.png,321495,C1314FB462424A4B320C30E7F58F97E706643524578A6E507F67CF94269717C0,827,1170,RGB
434,page-0434.png,241026,53CAED178DCBC70FBDF1B743CFE46D3BC5AF77D8C364D378DCCB9C3769A654A0,827,1170,RGB
435,page-0435.png,259662,4D63BEDE0EFDA55E4F5759AE6E2C353EF565EFD9A91AD1213FBB10AF615D3576,827,1170,RGB
436,page-0436.png,222416,7B087A7A81A2F27AE88F220CB43AEA40E0B3C800B9B74B412668CAF5AAE0D54D,827,1170,RGB
437,page-0437.png,196092,E1C1CA1C04E683BD83D99A8D93A2C9C6E824E373763F545CB9A0CE0FCE719513,827,1170,RGB
438,page-0438.png,240788,E92DDB2185CCE68AFF74B67B384603591B5EDFAAF19F882EE48B5548368CE0F7,827,1170,RGB
439,page-0439.png,254898,4CF8B75E23F73009E5968A9F9B30257816209756F28084D9FC210B7890F37204,827,1170,RGB
440,page-0440.png,209968,DC01E4D444ACD2F6CCA217B1484AE60DB68A607F0DA3A88BBF609C587B74A0C8,827,1170,RGB
441,page-0441.png,221963,BA5145EE6A5EFAC2954B518603AABF7E111D8C3AB4448C2D943F6AF2CBF06415,827,1170,RGB
442,page-0442.png,247342,E2C3F07DECD0F35DADB0B2924B973F818D3D996AD6601823C3A66B3028D14A5C,827,1170,RGB
443,page-0443.png,316687,A1299228ED609DCC8D46658AD674699517C80FB5902E46A5E6EF74B6020E7783,827,1170,RGB
444,page-0444.png,263002,62FCBC114F0558D6163A52492A4B4E44B1C8DB821840E66831243B5EF01115BB,827,1170,RGB
445,page-0445.png,178937,09F01DCC6347C7B35BC8A566DDECFAB69A9B6FECE2049EF15A3C956A2DA0878E,827,1170,RGB
446,page-0446.png,220746,8737C0FA04249143E7A854F74F5BA75B3762F14054353B34598AD60C655A595F,827,1170,RGB
447,page-0447.png,260773,D8251A59CE5BF44D8383B3410A2BA48A90FE14B76596E1028EE0D201DF4FC1B2,827,1170,RGB
448,page-0448.png,245869,4D1397FC7E3ACE67D780745CBAE7DB8AA81E361731F43A94877198F62CA38B63,827,1170,RGB
449,page-0449.png,316256,CA55CD1B07D6B48C5DE5F6414F5188A4BBA2F06ED92649DCC89974CB50CF737F,827,1170,RGB
450,page-0450.png,385689,BC3EFA32FC3B565C505FFFAFC6AD5A450EAC3404C742F41EACBF4A3DF02E9895,827,1170,RGB
451,page-0451.png,274406,15CA08E356AC350B141AE21F8854091CA560706A8B5256CC94A6151946C3BEF1,827,1170,RGB
452,page-0452.png,238020,647C286496904732243890D2AE7ED6A22FCC5AE6AF0F6403734744A91B599E3C,827,1170,RGB
453,page-0453.png,280306,6CD394596612FB9CB177CE5A2D79D44E648D60A9F0BB4DB41DD34A0DB0C093AB,827,1170,RGB
454,page-0454.png,289300,1BD923FC842EFB15E17DD96D1FE8239B426CE69296B3456D763EA87B8C04A834,827,1170,RGB
455,page-0455.png,220300,A89FABB2A4993FA7DA99F2908CBCAC1A9923AA756283D3B3F2ECD173A60713A3,827,1170,RGB
456,page-0456.png,225321,B24A279ACE223AA88E32D34F617B4AAFA90908FE4BC1AA753441C1FE50BEFDE8,827,1170,RGB
457,page-0457.png,214630,2C6E697727E7B8B696778644B7D9E5B975135E80A30869A29489A4AB244FBCB2,827,1170,RGB
458,page-0458.png,164629,BA6D380FC424FFBDCB159904CDA42288E798E146E7A915EDEE687C01598F802D,827,1170,RGB
459,page-0459.png,178463,7D6BA84567BB1C08537EED4532872A4B78D0785223B8AE912447949B60406D96,827,1170,RGB
460,page-0460.png,226202,DB9F4D994DE0842C0203254CD4DFB7D2D1AD2E0B94CA0A97A986D4AA57B7E055,827,1170,RGB
461,page-0461.png,237134,FCBBF635D7F83FB25E523DDCBF48415A4D59C6EEC925F1C10B0D6E9FE9BD5C2D,827,1170,RGB
462,page-0462.png,233470,B132BD547019DEA69045D726542FD6A21D4C658109FFC58092018B1E68A46512,827,1170,RGB
463,page-0463.png,346681,53AE8A4004CDA12403B99AF33A2B41973F01F948C4F8BC18890CF58DC0D1A1A5,827,1170,RGB
464,page-0464.png,225975,BB54BDDF75582B351910BC5DCB2DADCE938FD74CE5D49505FBEBB0B74029B181,827,1170,RGB
465,page-0465.png,251884,9BC6EC3C8B2475845AC1ECD1D69EBCCEBA161AEC2D369492AB7B999D3D4C0839,827,1170,RGB
466,page-0466.png,271544,FA06CD0A694805292872FCC19103E11DA5A13A4474EB52C6328718886BD06B56,827,1170,RGB
467,page-0467.png,291742,B65A3296E6F0E1DBB3D8572A6A65F6C0124CECA4ECD2BD489F4A8DC9E82EAF06,827,1170,RGB
468,page-0468.png,202556,699712FE2D5A5010FD6AA641376FF56C5975B943097AE81B39E38EB4E2C2217C,827,1170,RGB
469,page-0469.png,286040,83A2EE154BAEC070AA98C93974A4486BD128D5F479750A1E8621F89ED4539544,827,1170,RGB
470,page-0470.png,272209,1E1599DD3B35E898AC9B940355E18AC88A0E5737F9A0F54D70AD993291E26861,827,1170,RGB
471,page-0471.png,277856,B53D33ED61CC7834B5DB8A7014238751B89F5786381F5546BA0F059D5B7E7B5F,827,1170,RGB
472,page-0472.png,158938,416596A724C5B959E52006EE6ECFE128FE917FE948C3F2EC3EAB66ADF9A82318,827,1170,RGB
473,page-0473.png,230805,751C4FAE7B9B5461B9CC8E943841E9D97C40A561AC7003E56D9BC77AB5561BF7,827,1170,RGB
474,page-0474.png,264067,63BB8C900DA8FCD1E4DC60E5A981301547296300FFA084D83EC119FA21905514,827,1170,RGB
475,page-0475.png,274618,0A5E6B4033E6893F4501D30D7309F028314C2B4ED27AEE6B39F921651EED1C71,827,1170,RGB
476,page-0476.png,264664,8CE262495FEC574E469F28AC5BE1A5B515B4C884DA9836EA0E8343DA1B6E3E15,827,1170,RGB
477,page-0477.png,285231,B70E6AFEE1D7E0960DB8E56FE7A4994B842FBA1034F514EE9C5F76B1C589CA01,827,1170,RGB
478,page-0478.png,255085,07C7132B9CF4FF20F57E780358ADB410FF4BD04409077948234ECAF09AE719DD,827,1170,RGB
479,page-0479.png,270374,22433194F0610976133D39AB7F673C2DB83BD37EEF645342D8B22555279DA603,827,1170,RGB
480,page-0480.png,265357,E7740BD79D3ED194F41CE80F9C066859ADB02F051081F2C9C875F8A79D4C2DAD,827,1170,RGB
481,page-0481.png,299531,9FFE24751FAD8B269583694BC862F2279B6D9239B84392AB90E34E535CC12C82,827,1170,RGB
482,page-0482.png,290117,9D0644772E6B5C8B87E1CB1C387D6D71CE0D449085080F037D9322DCE6BCBDA1,827,1170,RGB
483,page-0483.png,268066,EE43E19F5D2268561DC19B3A8B93D1DFC59E3B65BADBAF60E29E0E5071C1230A,827,1170,RGB
484,page-0484.png,230167,133947121E102148C50B0D400DDDA322488B2D59F414F6D85A62FA655D4498C8,827,1170,RGB
485,page-0485.png,292759,4CCECC4CC17A4CE348A47B2F15F917553E63480F91A83B5E8BE26791D5962F0D,827,1170,RGB
486,page-0486.png,238647,80E219519F533460F4C2D6E654FA0D565D804E26BECA7709300FB58A9A797CD9,827,1170,RGB
487,page-0487.png,204606,3FDD574024DEC596FDAEC9EAE720932C7D41B7DD803149B35B35463F8E1A6EDD,827,1170,RGB
488,page-0488.png,238975,94BBE3FAF924F031CFBF383B1C49B844794F93D6DD8F373130A51B86E4394105,827,1170,RGB
489,page-0489.png,244427,442CD6D51934C8AF681E12FE7B92DCE3529D57B273EA44086885A5F5C2786219,827,1170,RGB
490,page-0490.png,189355,01A8ABE3FC3A785628E194258003F0DEB23AC821CA9F67DA55F78CFBD2EB9466,827,1170,RGB
491,page-0491.png,247131,88E087D7041713883E1252FFD786155255435188588231C263C15DC21796114F,827,1170,RGB
492,page-0492.png,234763,D486742513611A5FBFD97864CEEDA97AF500CDA76A0FDC01435F56A89351F29C,827,1170,RGB
493,page-0493.png,323461,5E941AE78005C38C9DAB1A1B06DE137CABF00AB871F4A062F2134476D47C68B8,827,1170,RGB
494,page-0494.png,277734,D32D6ED2DB1798737CA11BED0DB4FAB37D0C46CE64D639A40EFBAA221315C8E2,827,1170,RGB
495,page-0495.png,255597,43F897BE22C49B1F99AEFD6405AE146C6745B2D36ECD744F1EFAEBA9F73FD526,827,1170,RGB
496,page-0496.png,292124,CA1F9ADCD05CBDC7EB77D0A469EDB8C270C808DBED581217B9D4C021FCBC74AE,827,1170,RGB
497,page-0497.png,204399,34BD0EB43F958CEC93E99F5872E610B88E1BB461238BE0520EA23D4B03B72D98,827,1170,RGB
498,page-0498.png,345778,F25D87B377666D571171C781B032B60718D5E43B8DE88D16A5C89FAA5A23A675,827,1170,RGB
499,page-0499.png,235668,53F63268163A952BE1D3C0529D68DA554DA8D9B7881B98C2374EF17FAC695AC8,827,1170,RGB
500,page-0500.png,213842,EC2077E8CAA20FD505AE154EB52D0DFBBB4BDF5ADD8B597A4F51FAB9990C90C8,827,1170,RGB
501,page-0501.png,238770,EB94F96332B67542846E2624EB554433BE36769AF37A0DEA850DA3EE65C20579,827,1170,RGB
502,page-0502.png,254582,593055212D31B88A2024B4FFE03B40F384895FFE3CCBA9887CA1CACF2E8A5FF0,827,1170,RGB
503,page-0503.png,329746,164EB431FCE8607C4134CC5C174E32673F9F0492CA89DF929E07465D49D57286,827,1170,RGB
504,page-0504.png,275528,AAAFDF4D2D64D7731439FC3BC5016F1B919360D5F09CD2CDD93F7A7840C8B1A7,827,1170,RGB
505,page-0505.png,220052,EA0F06B4C5DE1D21FF2693EA31018D31101A30BA18C6516C4285DF261FC0C6C6,827,1170,RGB
506,page-0506.png,178763,69B6CDF4AAAD0FA7EFD4A72A622035EB49E2B2D8A49319005E3D09B8909F1D72,827,1170,RGB
507,page-0507.png,270642,8DEFE63168D2AFA4E44B3A8A6974006860FBF6085ACBA27AAC0B1488349E8ADC,827,1170,RGB
508,page-0508.png,235874,172EBFD3965DAE1B57F74023D3C921BA5ADFFFCA9DEEEFA6FAFDE090BAE28964,827,1170,RGB
509,page-0509.png,298760,3FB36BFE230BCEAAAF20FDC4F144D3D23D38A92D4C51D0E9A25410D11885C284,827,1170,RGB
510,page-0510.png,199380,2807F2C9BDEF063F9FA1835A0F3DF04856DF824361CFA9AE1AD545A111834118,827,1170,RGB
511,page-0511.png,275095,8E7AD72143C3C9D0016AF00A9664BD5462A09D35263E7AA68D3E3406C732760E,827,1170,RGB
512,page-0512.png,241863,E37A04BB3441BB16A25C456E320C479272180470577136761340EFE5CB9A1CF7,827,1170,RGB
513,page-0513.png,234391,9BFC9A43B92CF367FA97420B6278060FF1DDBB0EEE4EEF6142A597D5E13AF0AC,827,1170,RGB
514,page-0514.png,246299,A30729AE2C4F7F43A3B01A741DF2F4CF8B350A0C7FB1A2F4B12A3C28F16EBE67,827,1170,RGB
515,page-0515.png,304189,355C7726665C6BEFD7BFDB26A432BC26098A10A330A742096A3367536FF3CB9D,827,1170,RGB
516,page-0516.png,252240,A4D22D42B5E7E8AAB47DC0726A3B8BFF787E91D16810B4DD1D6333BA6C9500C4,827,1170,RGB
517,page-0517.png,246294,03A66C321C9434DBBF5326568233FCC193C2F3FFD1C83D628BD416278DD257F2,827,1170,RGB
518,page-0518.png,248988,22AB55F0E2A90A61253BAB269E4A875C884AF863C895EEECC6A45D0680CB078F,827,1170,RGB
519,page-0519.png,294630,2151849D5F9469A51A75322F9372005516A7CBEC3EC5D2C2814EDB4310782FB3,827,1170,RGB
520,page-0520.png,244289,5DD0DD82E60E3A29B655E54C3E77DFC0A42C1109BC67D6638E6D6B30D9C04F27,827,1170,RGB
521,page-0521.png,216456,05A48F3E317A9F2D3F0CC0505220AE973E0B1D5C0A6419B4A037BC6FE48EDEB2,827,1170,RGB
522,page-0522.png,256928,94009CCD34318EDB604B9D33C72A629A305A1A9A0FC2D4BE648C869163F692ED,827,1170,RGB
523,page-0523.png,295939,7B4ED4EBD97D803321486BD7DF13EFB49146188B9E3AA3D623DF5B9CADD07C92,827,1170,RGB
524,page-0524.png,276411,256F7741208F0AD99403C7D0D502446275F47EAB6644B73B3B042223E56D7159,827,1170,RGB
525,page-0525.png,269105,3F8D274EF0A3C393729CAD95D4C9390FD60456E72E922196BEC0680BD8255DF6,827,1170,RGB
526,page-0526.png,256816,46A86908D84A21BA30A07D33A14F0000109E3F143ADDF6BC9A4FDA84318D09D1,827,1170,RGB
527,page-0527.png,217887,1C1FC0CA9DA7C570946AB4DAD961D3F3A57B67CEC3BB811397E223591AB74030,827,1170,RGB
528,page-0528.png,242180,87675B362186B1E1BDF36B391C25023BAF76E48AE8A8B523B1D9BA8B1A2057E2,827,1170,RGB
529,page-0529.png,198566,D40627A0972608204C4E418AFA9756E349CB574D3C114CB73086BC625D51EB78,827,1170,RGB
530,page-0530.png,253649,8D9CF9EB2C228A175036E5D6D216EC76734DCC949B315E6A87F3A8F3FFA1BC28,827,1170,RGB
531,page-0531.png,215118,7D21ECE1A09B9FFF9F9F41EFBF15915046AECDD4A3B71FFC15D4410CC35D4384,827,1170,RGB
532,page-0532.png,251021,A77BA2179F09BBA7C7A4C74ABAF5366E3109272B18FA226023154450CFC0D4B1,827,1170,RGB
533,page-0533.png,210638,50328CB6AB93D438FDF720CD3013452702D9889039784DD9FBD7DB427D229F51,827,1170,RGB
534,page-0534.png,257881,5987751D3904A10D0BB686B8EC39F3A4F28D8EF07B09D6B94327178DB6BAB32F,827,1170,RGB
535,page-0535.png,228611,BF61A462B780A0716A70183047E57681E0B34F0FBAB1F7836F50719464495DE6,827,1170,RGB
536,page-0536.png,143639,252DFB414B68B9D9D4DBEA851FAA1380EA22806B29185FAE90371E7997E62D76,827,1170,RGB
537,page-0537.png,177815,9121A7F31832B32861D24B1E08AFE4462C170F764505BAA905C29434EE3DA98D,827,1170,RGB
538,page-0538.png,112453,1840343F3C27738CC43CD4F18BE1EC2506BE8D9EDEC13E19B8750BEBC683CE8E,827,1170,RGB
539,page-0539.png,287840,1DC6FE8C423FB8B7EE76B76D501C33AB83ACBB8A9F1DF36C787C9EE6381BBBDD,827,1170,RGB
540,page-0540.png,259443,0E797FCF705532E955AED9B403CF89CF9F00F2689B513A8E54696F9FC5FC7D12,827,1170,RGB
541,page-0541.png,207049,4BECEAE706D7AD29FDAAE24CF4035EA8DC821B3BE609CC980C46914DA18AD159,827,1170,RGB
542,page-0542.png,253338,34C7EDEFAB9ADDC674F95E770DA33DBF21FD03B9B82E8679C353907CA8334314,827,1170,RGB
543,page-0543.png,279328,3FD93174A15BBE4913A59AB7A0BB808F44358043FE3AFC3AF1EC5DE68CBB5CC8,827,1170,RGB
544,page-0544.png,265649,13E18FED5BBBEA71E2D76637955C0C88B3B75968A9C6C5143B4CEC7C2E3832B3,827,1170,RGB
545,page-0545.png,231059,A4CAECBE17193CC77DE3DF2256A3C2095BF6FDB36612296B037893A7B3A56A13,827,1170,RGB
546,page-0546.png,241618,5263310E66678CBDB580AA9AB97A540DE262EAAA334ACDAEE8E4E31F1ED1642B,827,1170,RGB
547,page-0547.png,234600,7469C55CCDB29459EAA0BD3E442D1273EEB2C33551C490CFF342733A8C76A834,827,1170,RGB
548,page-0548.png,234978,E6AF16CEA02A52D9474C3539A726BBAAE5BA1B0BD47A8256DB8582C3087F418F,827,1170,RGB
549,page-0549.png,238786,D0957FDDC5A7233A1C015B16E1F95728D616ADF385B6AE4F7C7A33E8D029CB45,827,1170,RGB
550,page-0550.png,257489,A83A24CA9409B4D246D8FCF3A35345884E5E2BDC293F9A726CDED0A804291B0D,827,1170,RGB
551,page-0551.png,271391,39E82C55E29232E6E786C12E14D6CBA42991920E496FC6CE4D4B8DB6164357A7,827,1170,RGB
552,page-0552.png,240847,16121877571F0058B222DF90153DBFBABE5E7CA7645D051EF9C488DB05FB62E7,827,1170,RGB
553,page-0553.png,262772,B8ED7D3EF1F8B3A722FBEC7AB77BC5F1BF86DCAD712B6E906687762636A0D8A6,827,1170,RGB
554,page-0554.png,215182,700171436B211004A513C3C46241A0DF0787CA45BB2C0786C9630C4A7D69BF58,827,1170,RGB
555,page-0555.png,237811,40034CD6EFA728421803C80BDF4A226BB468D4E5707BDE352CD60CE440930B0C,827,1170,RGB
556,page-0556.png,220278,D3C2DD181E84B00559D64767938B524B9D3804B28007BF247B17C2C901E3FA35,827,1170,RGB
557,page-0557.png,283323,6932FC1F541E681B3D9794F079DF5A6E3D66C3C8B2E97BBD8BA3534E39BE55BE,827,1170,RGB
558,page-0558.png,258737,FBEA6C29AC4319767B1D00A35489797C4A2D21DB7D2A296E06A7827555BCA16F,827,1170,RGB
559,page-0559.png,206071,05765B8A830EE5A920FA6D90B83DA3985DFD64AC8C38D2386180D3AC9AF2698D,827,1170,RGB
560,page-0560.png,243645,3C9B92ACAE3F8C4FA9A5B46AEF5FA2493E4AB1A26EF3256F9B984063C1ADF485,827,1170,RGB
561,page-0561.png,267931,8450C070A285406A9F8FE80E8F7F0B4C2D39424CC7585E8E1BC784D819E5FA2E,827,1170,RGB
562,page-0562.png,256083,D3C1B7DE6D5F49BD504D13D4DE1BC981D0D7460F4F3EC2AC3BC4F26A0C661EE8,827,1170,RGB
563,page-0563.png,301604,86B089804FC2AA7D749608224D4CAAA0290075C39812C8F377FF60244615EC07,827,1170,RGB
564,page-0564.png,288135,8776482695C74424A9E71CF8C8F337F8F202D5DCE47B445804BF5D589B4224DC,827,1170,RGB
565,page-0565.png,241437,FF507A6142A90DF2C00FA015BF283E0CC0DEE3E669CCA1C6C7BA0CCEF1BC10F2,827,1170,RGB
566,page-0566.png,262851,B5F4A55429584C5A7EFB3DFB2EFFCAFBF46FBB5288AF54F14F45196E3AD2FB58,827,1170,RGB
567,page-0567.png,232126,B72F5117FB4364E482CDDE0D7C113C806C9A5CBD3FE2D9980F1578DBA5BF5461,827,1170,RGB
568,page-0568.png,258581,4F48D8BB2CCE85AF4BB4447D5E6ACB16D3B0A51190C895E5BDC9A11536E52B8D,827,1170,RGB
569,page-0569.png,288519,B2D1F3262BE9433E305422BC8BF9362B622F913FEAE6590BB41930C5741421D3,827,1170,RGB
570,page-0570.png,228106,C43D2256062F4A5E5D1D2AF773DA254068556EC6FF88C452FFFB4114DAB8BF98,827,1170,RGB
571,page-0571.png,223080,1DAECFB86D60AD81AF953599F53F893630028AE25A3BDE30DC82DAB02C79FC84,827,1170,RGB
572,page-0572.png,304429,212407DD2D31C17C772241AEF0996FCD10ADAAE5DE023342B841EBD3D1A10C40,827,1170,RGB
573,page-0573.png,281009,CF50FC51C3D9791E26C9207541F750AB455871D7E71118A87D70902E443771DD,827,1170,RGB
574,page-0574.png,187467,2BAED725F89508F33DAF9A3FC210513E4FB3D10B9845683236874A4EF329D17B,827,1170,RGB
575,page-0575.png,333825,3CFBB91E305970C044F15DD1A7F5028386FFD1F368E55E96D3DDF1CFFDC3C108,827,1170,RGB
576,page-0576.png,309686,96C2931F6F09E93E74958EB7DDB1CA45DC8FD5A1F7A29A0B4EA9A93CD5B53DCC,827,1170,RGB
577,page-0577.png,205093,899C4C13A672F9E3A738BBA7026CE0CBA2B48C8CC1CEADF31F7BA7C538027F87,827,1170,RGB
578,page-0578.png,268559,3D63CDEA381B7714F3FFDC7B5998C89017E9FDF7CD1F748F7EF98638D48E3329,827,1170,RGB
579,page-0579.png,197924,31CC56DC88BF5CC28D6F38958DA67BBDC205FE480BC618627403723A8E512227,827,1170,RGB
580,page-0580.png,245850,4978911A53F4D509EFA0401BD5D2E6D0BD0CF4FE518A4D5AEFC0BC45182BBE03,827,1170,RGB
581,page-0581.png,215678,9C2FC7051D2727EB7EFC94990374255E0EEF3FBA0F6C6852FC7AAAE21F004C4C,827,1170,RGB
582,page-0582.png,246170,4FA890214BD76C6E13C3E547FA79C160C02892853FEBFB4C661C787D61C018A8,827,1170,RGB
583,page-0583.png,277722,E343580F1DB92FBFBDB60D6D072DEC60E2D24AE7DBAEA9796D2DC0B854B28F62,827,1170,RGB
584,page-0584.png,239191,38C694DD89B0FFA010EAAD5A188714D8B25F58AB5B9CE9AAB478F06E2FA1C81F,827,1170,RGB
585,page-0585.png,218059,683B94F009CAA8FF753F2682B2AA71597D0F68C55BE772C70FF11EE83410F2C7,827,1170,RGB
586,page-0586.png,208354,E6DE02D134E6A10040CA0793D63CBBEECB1AF79BA04CA64C5D67079B4D54B4D0,827,1170,RGB
587,page-0587.png,228535,7E5C8C2C835F7B34578A04060CFC08D116CC99BF4598EF932C70ADFC9F3059E2,827,1170,RGB
588,page-0588.png,178850,A5F22F0262B59DBDECBFC9B5C056F832169E70443B5DF6CC22B9AE1F4FFF648B,827,1170,RGB
589,page-0589.png,220010,DF5A5308AEF7C00BF66446EAD1E37B46F1D507E80D1908402D8CFECE9B15F4A3,827,1170,RGB
590,page-0590.png,256111,E42F038294F5EF25E60FA3EB0B93EBA4E289D59C0E87E1CFBD1F59A4C498D677,827,1170,RGB
591,page-0591.png,175501,AB442091B0FB46D53FF946DAA67E8C43FE7625C924B1D3214C7D7BD7AD379198,827,1170,RGB
592,page-0592.png,10540,45525ED115F66AAF0CA4FA89D932407298BB5418E608B302A634A7319D7BD5EA,827,1170,RGB
593,page-0593.png,314161,8F284C40A97993E091684D5CD9913669BE3B01DAAD65C6D67CC344F9D2D2A9BA,827,1170,RGB
594,page-0594.png,284507,DE99ADBE2205C450C8D4566DF0DEB9764321B055BF5CFF341A567359F4F41EE0,827,1170,RGB
595,page-0595.png,299607,FD479D93E306F241E0A6924D1E1279A54A8DB515A3B4A42BF8975D0945715E9C,827,1170,RGB
596,page-0596.png,309522,36AC57C6AAA0DA292C8D6F17C83F85EB0FB51D7173620F66388C3F6C8F1F2A38,827,1170,RGB
597,page-0597.png,267762,D652329AD95A3FE9C4D829783634FB148E428750C26AF5742C3A2F1C7455766D,827,1170,RGB
598,page-0598.png,263478,881A9C170CDC3CDF95177A4A9D4D0842207DBBE0E9E68F89B246C4357218C68A,827,1170,RGB
599,page-0599.png,264414,D5B2CC350E0BF917F298574A0C248640914C59B2C182C4385DDA24A51D57EF9B,827,1170,RGB
600,page-0600.png,315595,4131866CB6637134C2E1492327B8368A2DC5DABC041F1848BADA51ABAE769FB0,827,1170,RGB
601,page-0601.png,269046,B4C9DE76C6B630F64B78EEC32D8E141A92920F05365E7C2E4314FA2CD7AE4F02,827,1170,RGB
602,page-0602.png,274850,DFDD469971DA05AB96F4C24C1ECB4006FAC0E4D8AA8CF7881741357FF453CC05,827,1170,RGB
603,page-0603.png,233655,FAB223AB01A18FA884F90C265CE826D4D1E71B0F15E1656E815BD64E78A91187,827,1170,RGB
604,page-0604.png,213537,91CB22CEC02EE094B6883CC1C3B265E95BA0054AC52EF26CA77053C419A802AE,827,1170,RGB
605,page-0605.png,253022,869AC25774252E2067889CF72EDFECE0E269D8BFB7C79A018DF7DFDBFECFE988,827,1170,RGB
606,page-0606.png,225392,2C55A74B11E9AD77E539E01B2026FB3D16ED5AADFBC44D2F03738AAD36E3CE49,827,1170,RGB
607,page-0607.png,262155,8143A6E9C817D2920E93972C271A7D8B1EC50343B8114238794B2C603D374B11,827,1170,RGB
608,page-0608.png,300383,D5CA94F8AFF09E75072E47385C15D89B034AB821DB73E191473720DB7D0A30F1,827,1170,RGB
609,page-0609.png,290280,0A68B82D6F1C28790236FC1D75675E44749AE9CD8391AAD71A7E1A1412895507,827,1170,RGB
610,page-0610.png,238072,7852C53D3239FDDDA8C29024C211C3B2AB137E1F6799D0417831941C9CB5B363,827,1170,RGB
611,page-0611.png,261817,6FB84C1DBEF009E6612115C55B1551051310E5491877C5D12493FEA25BC62D49,827,1170,RGB
612,page-0612.png,268560,9AE1B0F9C0EB1D80D9D97C120376DDD62DBC915810843CD7F2070AD6617ABDC4,827,1170,RGB
613,page-0613.png,371527,9A15DE2EE49565289860AFBB0CADC0A30153A68C29079C5FC0EC92D6873CF119,827,1170,RGB
614,page-0614.png,286665,959FC76A1C5B0ABEAE28CBC7D6C469FD3E05B78B86A96F366A019B2FA22240B9,827,1170,RGB
615,page-0615.png,223798,65B3C57A2CC81CB25AABFC1794E3DCF0A9E67C9D283976B11BD3DCCAD36B371D,827,1170,RGB
616,page-0616.png,307085,6600FC7F6862396A0BE1329FDBAFA938B486DB5B9D0AC8437A0AF942ED48E767,827,1170,RGB
617,page-0617.png,279414,6973440B19502F82977C119C9055BA73D6171A8DDD0293F4B6715C634A0E09E3,827,1170,RGB
618,page-0618.png,244894,816086E43E1759CFED572B0BE62F689EDA99E9DCACA02586EC69E3F2F1F0ECA1,827,1170,RGB
619,page-0619.png,319226,630ECAFD4AC282ABF18FDD042E6ADB4AEA486AC0C82B796C5206F72EDA65367B,827,1170,RGB
620,page-0620.png,272048,43B6F5F68170AB39E768FBA9C9E88D96D0013D23C3C92B9FF459AA8D496CC30C,827,1170,RGB
621,page-0621.png,308541,CDA2AEABA464AFFA7B4FF9B5239574808D19C24D8CB0C5200D9E62A5357AF3CD,827,1170,RGB
622,page-0622.png,272810,C408C424F07A10EF68E606181063525227D10E8C3B615770D4918FFB187C203B,827,1170,RGB
623,page-0623.png,270762,191C20ABB387E6429323032A8F6337E4732AFCF5C0D3D96BDB5026DC18E39BF9,827,1170,RGB
624,page-0624.png,280163,7F6C86FC5B3536CBED7DF41664EAED979E0CCFA2B8DCAC479326407183280FFA,827,1170,RGB
625,page-0625.png,232602,18CB735F99E9E8187D9D95572B8A2533009D15D8613D4E345211F14140330D7D,827,1170,RGB
626,page-0626.png,332182,FA4011653AD3B68DC66B4B204D240E212E973C88938E555156180A12AF102396,827,1170,RGB
627,page-0627.png,269450,12903D9EAE872017D4B9D4B581FD2EDFE0B35045E615715921B680B3EF055AA5,827,1170,RGB
628,page-0628.png,285197,B396E634DC98D008B341482039EB8F475133E91E28D0FC408514F300563AF7DF,827,1170,RGB
629,page-0629.png,254692,1BBCF5E1BD124D8B10CC18618D2E7E42BD9DCC7A23538DFDE853E42EAC8E877C,827,1170,RGB
630,page-0630.png,319181,6EB6CBE489D9958F4F80E5EDD5C8B6E8926E738CC40EF23EB3B2DA21BAE788B8,827,1170,RGB
631,page-0631.png,294272,73C60BA1F222DE04AA329815E8D35947948CAD39BC003A65D9D7E2E5BB81BB85,827,1170,RGB
632,page-0632.png,307430,582908958A16E8372BC0EE5AD9F5249BA2C6598AA4DE4A410BA950F4B36E2B58,827,1170,RGB
633,page-0633.png,257262,AFBAFA6FEE6B443AF1CC8548717E94AB20AFBE451BDDA8B42AE67F416DD1C62C,827,1170,RGB
634,page-0634.png,317193,2460F94E6BCB02CCD05F39224B9CD8F5F7EC06D44B6C1DA0985AFA68E55E00A9,827,1170,RGB
635,page-0635.png,203062,2A9F8176AEB8D449F7530BC424C2B6136EBF7E560F1C4BB0097CB567C76D8936,827,1170,RGB
636,page-0636.png,273116,1C0C8CF29F453F50C42FCEBF82FFEB4049DE59B2450D01DB55F3F591E402464F,827,1170,RGB
637,page-0637.png,208085,7AD3DD9189A4732421B1C4328F747F8BEB8E3DBA178F60DF3DC90ACBE1EE2105,827,1170,RGB
638,page-0638.png,244239,BA5E1A0985BF5938331879E5B758D342BFE044A877238EFB7513E080E6A7DBCA,827,1170,RGB
639,page-0639.png,239733,456F02414665DA791531926CE5BCD2F4CF5F391A8535767AF8D3DD083CFAA294,827,1170,RGB
640,page-0640.png,269808,CF5CEC43FB5E1B80E2AF17EBFCC627AB36271B031A370019540448E116AE7A26,827,1170,RGB
641,page-0641.png,241281,F42B501DA6416FDE0E0898B04B3373CF6547ED2C7EC51F56E82AAF2F0DB32A89,827,1170,RGB
642,page-0642.png,279228,5F4606F59ADABFEDCEDCDD80D4D7FC31D422BF15695A0FEE1FBF63AA9F993261,827,1170,RGB
643,page-0643.png,217062,B10A325FB969ABD697F67F2EA6DD60E701ABF52239AF90394468F2EFAA304D43,827,1170,RGB
644,page-0644.png,279748,F393DF97F3014ED693A2B1E7B07E59FFB99141BF09A2C5C03427DEFC357DEC78,827,1170,RGB
645,page-0645.png,214169,06FC6D59FC9501BEDB4E4FC108219225F77D82677C2DECA8B579D143C2CC547C,827,1170,RGB
646,page-0646.png,261965,133353986097D4BEAB0DB8E0C04D1FFCB71CEB60411FCC2C4D72F69B4740B5BE,827,1170,RGB
647,page-0647.png,299532,FB452B7E6D42BE90180E3D5241C31AB29EC8564EE0D584AD7480842CBB1B7386,827,1170,RGB
648,page-0648.png,286055,C9ED45291EEA896129CD6DEE2A3FCDB78037E8931D95F7918DD092800C486532,827,1170,RGB
649,page-0649.png,287812,2373CFCE0B1E0042EBDFC3CBD41AFE937F7209158DFE1CED79CFACA48ADCD4B5,827,1170,RGB
650,page-0650.png,282417,6433AF8F51B79DCAA2BF75BE0DBF00C4EA973BB14F3EAC85264C053FC707FAA1,827,1170,RGB
651,page-0651.png,221293,210844A73595451C379B378C69CF334227F750008E34A2E11D39DEAFD2E81AC3,827,1170,RGB
652,page-0652.png,248061,BC3F5601DF67F8F760CE67698431CC600808B0F7442B72BEA43DFC72FB83BF4E,827,1170,RGB
653,page-0653.png,231600,92AD1A9D6F696B12303DD257F85799BADB8436BCC3CB43677D02651374531067,827,1170,RGB
654,page-0654.png,233035,37F8EBC932C91CD41CC3C5BE3C033A8CB109E8AFC84D7058BCB398C9363D5E05,827,1170,RGB
655,page-0655.png,250789,42460B120B1B6D92CF1230089492A251E9F61AE4FF850002D3A4BECE9FB1AD1A,827,1170,RGB
656,page-0656.png,233472,864114B221FC6FA5F26DBF552677F5C21C712E69148ECA4531749F53F87B45A4,827,1170,RGB
657,page-0657.png,178917,7A867F631D1A694B35AF20B25429E075920E15531F119D4606FCDFA02F1B35E4,827,1170,RGB
658,page-0658.png,245331,504E838BAED22085EF53036BBF62C945514C961E44DB43B794A1F0F6632ACBAE,827,1170,RGB
659,page-0659.png,184582,41A66B64E5F192101DF78D0A3084476F63EE493D074A59DBA2C96DA8FAF8988A,827,1170,RGB
660,page-0660.png,58660,BB03321DA6D569C6C80D9B5A244509C5FA1FAE75E7F437507611867D6350ADC8,827,1170,RGB
661,page-0661.png,249467,99EFAF76624002D82C5C8DD07CBE854DC0F162CF19F0E9E0CB0717D15C4E0656,827,1170,RGB
662,page-0662.png,327613,6BBFA0CBD8A66062DC1C0342C482200288BA8D546F13F791E0B7A9F9B49A1DCA,827,1170,RGB
663,page-0663.png,207823,37E688CE0E254F4D7731CD22A7DB1ADBD4B97E351C6B0AECD2FF42DF802FFDAD,827,1170,RGB
664,page-0664.png,233282,6A63ACC720FECADFD3754ABF8357EAE007112AD45E1474DE649563D15B973A39,827,1170,RGB
665,page-0665.png,191929,4EDAFD875C4056F526F4295987E82904AD853156E439C0E3211ED8DD4B7A70B9,827,1170,RGB
666,page-0666.png,209318,37DBB6D9033B4D83BAC8575D330980755D97761F4CB05007ED3F3C43106B0ABB,827,1170,RGB
667,page-0667.png,202526,AD53C57AB6E0EF0D5B8BE34189DD9D9249C1293FF406BB0E05109B3EF41558E4,827,1170,RGB
668,page-0668.png,246263,6AABAAE52848B1C79237CEDBEB6AD9C7D8583F80959013EE279A57364F0805B3,827,1170,RGB
669,page-0669.png,235350,178F38E759931A5BE1213A14E80D2967DEBAA582E759DB02763F615DBD2C39E8,827,1170,RGB
670,page-0670.png,322567,9BE8569DE2EDAD3A734C11D3CAB84C5CABCEDDD8E9A7FF6B781F0FFB5B6C095D,827,1170,RGB
671,page-0671.png,250123,068C163DE02DFB354E1CB4DDAC80A5ADEF8B8853F314C63B231FBE4C22C15400,827,1170,RGB
672,page-0672.png,251315,63E0C33D91BB007D6168CE2429E227B6F9CDB81B91130E091E705A6B28DAB7AF,827,1170,RGB
673,page-0673.png,297959,F34B10D7C36F1FEDB780A171FE68E3BB81758310B9C0B80FADED6FD7702736FA,827,1170,RGB
674,page-0674.png,276009,3FC3214721B94D46B4AC96F127D982CEF7B4389AFD7DBA8985895D26AFA15FAE,827,1170,RGB
675,page-0675.png,287667,0B8A40FB5F577FC99605247017B9C9E2AF591B70EA63E968A21A37C5D97335F0,827,1170,RGB
676,page-0676.png,248077,E02CBA759E07DA10C8DD6C44C4E01AD7A65582F6998546E9EE969B60EAC651C0,827,1170,RGB
677,page-0677.png,218660,AE409EAE728682258954E3B5E75D7B185D116692C72A5317B5BB44F777FCD902,827,1170,RGB
678,page-0678.png,227892,888395B090D9D43F66685DEC813EC51FBC7D3866290F458465F656E1F4D8AFBC,827,1170,RGB
679,page-0679.png,241041,6D19EE1BE994FB12248C91D72DCD9CA7540F777E0EDF68DFB9E752B09D51E7F2,827,1170,RGB
680,page-0680.png,207730,8A6FE5199F1B12D16287B8B9EFE2DB8145CFE7CF1AFDDEBBE1195B6EF6024031,827,1170,RGB
681,page-0681.png,341942,386118ED24B479120793FA06CF14E243C42959400B71AC514840ACA4835A4365,827,1170,RGB
682,page-0682.png,333166,875069F39810EF788C6BD74C8D4D0E56E8427938CBF7D58E5E041256CC68BCC6,827,1170,RGB
683,page-0683.png,293290,1B357F63562E679A1DA3E5E939D6908F53DD3A70B7823289C29A5684BA6D6B56,827,1170,RGB
684,page-0684.png,250163,E30721801E12DDFC7D76C953289E499F17739CAAD99E2492E23D95E6C248F433,827,1170,RGB
685,page-0685.png,231463,CBDC17C4149C674CB15169033E7319D7BBB995B54494D1DA6232151E9616730F,827,1170,RGB
686,page-0686.png,244771,51781169870E5ADC9EB792037C430C8FA836B941D854F0A282849E5563F46A35,827,1170,RGB
687,page-0687.png,197135,6069FA69F674516D4233FF91684ECD9DA659768D84FE81E533DEFB92C70BCEA3,827,1170,RGB
688,page-0688.png,196646,4466E2E3DE894E5CB9C497539DBED82B2FC7494D864E2BAF6EC5E91E05BDBB64,827,1170,RGB
689,page-0689.png,210389,7D5E9E25428076ADC9C0E23F3D10D9F96D347570190DD409CA5082D6315A772F,827,1170,RGB
690,page-0690.png,227633,1671FD5C8205385C67A6A88875387B8829318B58C9318346EE993427D40678CA,827,1170,RGB
691,page-0691.png,278015,5146EBC04C68E208B1F8FC8E010E5A3386F31E02EE4ECA00D3714F69FC03B85A,827,1170,RGB
692,page-0692.png,169504,25BF68CD7DF5EB98A89F13EFE155C2F28E9AD6404F890ACFD427CBA814D19F28,827,1170,RGB
693,page-0693.png,207831,B41BFA3CB631893EF8E6CF266C859B60744A676A29D9A6345FC1A31D931A0DAA,827,1170,RGB
694,page-0694.png,283779,2CE21D7F3F3ADC1BEC97A3EE707FEB7BDE277BC88525E5298DA7CC77D255E414,827,1170,RGB
695,page-0695.png,266866,C859105A369AC4527459A2DE66133222954D4F50D068DD9872035E643B102F12,827,1170,RGB
696,page-0696.png,312230,5718987596D06A35EEFF27B0E82FDFC57C958D9CC7961C99D0E4AF1321422F7B,827,1170,RGB
697,page-0697.png,267075,86D51640CD03342ECDF7EBC599514F5E3736986675B18EECB391EA85C8288FB2,827,1170,RGB
698,page-0698.png,265071,B0D2C96A385D39599862083E3AD1D058DE6D70A760289E58C3F1B1644BD569EA,827,1170,RGB
699,page-0699.png,246181,BA268A82EE64CC5845A4155825F9B3DCED6F3B3CDB977D4D0216DCCDD791FCB7,827,1170,RGB
700,page-0700.png,248938,3F8D9C93BF172E457CCE50FA92F47371721C5EA16FAFCBD3E3558E2BC2A69DDD,827,1170,RGB
701,page-0701.png,260495,B3CE4163FEC42ADEE3AAEA645D1DBEBDF64FBC580F8665C0FD8CBFB94D743290,827,1170,RGB
702,page-0702.png,243854,432C6172D077D45B455BC734A2A080BB2B4DC8E7769E87AEE5218C9CDECACEAD,827,1170,RGB
703,page-0703.png,266762,0A95AE4557C77E763C89EC42D57C241FB45F6A40F50CAB82DFE8F6284D4FC117,827,1170,RGB
704,page-0704.png,246456,7A607B03811CD192FED251573E4B2C60C778BABA24EEFD4FE1EB5A3B3A946567,827,1170,RGB
705,page-0705.png,273387,2CE1EEA2D00DCA82FE7E8858C2A6A9621B57B87BDAB5727770B13D3BAF078E53,827,1170,RGB
706,page-0706.png,255189,A8D8FF68B49A38A421B2ED3DAA04C859278F522135AD8DD17E4D92C293CB8227,827,1170,RGB
707,page-0707.png,252392,538A155812E006CEE7CBE8FDB790371C7A79AE0FB49A8F193960335B3532CDFD,827,1170,RGB
708,page-0708.png,334465,F9F81FB8AF49370424243A1FFF2B29A15D276D370644C9BBA8E4AF257138A1B5,827,1170,RGB
709,page-0709.png,248840,751B67D95D4887A78B9AA5F8DE3DD9D87B53FFEEC0437862179842B9999BC5EE,827,1170,RGB
710,page-0710.png,296439,C838D8BE72031E6765E757DB285F87E1F287C8A7DC2DF9045714B7CCEBAB19B1,827,1170,RGB
711,page-0711.png,301978,9F50A9154C71BA58544E38C5F2B98D549628BA29F7878B9F1131A37672B46945,827,1170,RGB
712,page-0712.png,323504,26F0B7DBD70E97FBB29A9644300368FFCA192E0B6131FDF57EF993EE5E74583A,827,1170,RGB
713,page-0713.png,288672,6E962B7A4D7CE9D50E67C3F3B196CB5074DB13DFE5B93E7D19F7543E561AE426,827,1170,RGB
714,page-0714.png,228683,2F18A906C0201121FD2162274FDFF58EBC9E9E126DA3347CC7455C64C6BE6862,827,1170,RGB
715,page-0715.png,208122,7FAB3B1AF12DDF83720166125DC8AE33414C9EAAA01E54B20478B3AFE543EC18,827,1170,RGB
716,page-0716.png,238854,48AC4F6C0AB3C7CB0DD1A41B0F9EA60D3F530ED96246D987DBD64C24C3BD5BC7,827,1170,RGB
717,page-0717.png,170223,2013A1058F2F0649D3E7EEC137A2EB8509D9CD3D008166833BD1BCCC695DFF0C,827,1170,RGB
718,page-0718.png,248762,4AF4253C5C3E53B6EAEBA47D776D26470482677C88C50CF99851C81B61D895A2,827,1170,RGB
719,page-0719.png,312456,E71BDF2CCE14D872B58ED5313F906D1C0E260677B403174DFCDE16DB5F31546D,827,1170,RGB
720,page-0720.png,259838,8D2E723EAFB65CD589FDF968840EE038FF4061C0D5B18D9A29436EA0E8F4A6DB,827,1170,RGB
721,page-0721.png,189914,41903E2B545E3BB17CA04B94A1B9DA6822B53587B1E949A8F57C6E0952481458,827,1170,RGB
722,page-0722.png,138838,043B24B683239E5BCE9E7BF54C985D457289697796117D463DC888916AE8BA25,827,1170,RGB
723,page-0723.png,317837,4F84DA7DA2342FF5376C1052B143541FEF2163A8DB396EB01FBF53B96EAC14DA,827,1170,RGB
724,page-0724.png,288992,2A7DA3572B5BB04A151A3CE208D2A63A401F626EC9C225AC8ECF66C5898C1E33,827,1170,RGB
725,page-0725.png,204402,203136D41C6BB339D3AA21B27DFCA2518CC1CB9C10D14429CB21373F3FA4282D,827,1170,RGB
726,page-0726.png,244605,10D322F9AF65BE744FCD91248B9075D601C7BC8D1B95694708AA27292416F74F,827,1170,RGB
727,page-0727.png,259814,D5E4A7B47B79DA7459CCE0C2E4AFCD95EABD3282C53E34838537F57580704110,827,1170,RGB
728,page-0728.png,258894,E7E81F1BAC6ADEA680A7A321077C90B73DB3117DA918CBBFE8E75E132AB83CE6,827,1170,RGB
729,page-0729.png,318470,B1765ED574FA670091D691E46DD624E07F714C2AFD09789442E5A0E7EA810CFB,827,1170,RGB
730,page-0730.png,252501,135147C2D10E3F6E8AE31B6FD79B972921C931B335071BDE32D1406169E45210,827,1170,RGB
731,page-0731.png,351383,33F36C8C78E195CF5373253D1391D7D12CBB46DE20967A1B09D1A6F16B4DAA60,827,1170,RGB
732,page-0732.png,257657,0D1538357BD075EFE06E7C8A435C0269F6DB2E8692BB04E244386208CEC8C0C2,827,1170,RGB
733,page-0733.png,281410,EE0359491600A6F9CB7C4C0677240E19C17EE1B58E42BCFFE83CA860A4114420,827,1170,RGB
734,page-0734.png,248949,488BDC6BCCCCE117CA3B4DAC98A19F8BDCE91B61CDA4CF6518C9A8820BF91EC3,827,1170,RGB
735,page-0735.png,261489,5FD71761B315BD43F72D4A9FEC6765C779C76ECF2CA0F0331A69979B7BE123DE,827,1170,RGB
736,page-0736.png,244524,E216099705729C6330D8C3FCBE90EED6636A7CE072F0446393462C182FCB7908,827,1170,RGB
737,page-0737.png,279789,00F793C11608C4015B32AFD07294AA41A794840996B26CA291DDAA1795E320BF,827,1170,RGB
738,page-0738.png,265600,669561FE4B3CABB678AB5B804E4B16DFEF4D0529EF1721134B36B4D4782A0BB7,827,1170,RGB
739,page-0739.png,236556,6C77ADC15F296850F21AEA475E979E9865B1BFBD2EC5112A6E1C984242EB7FDF,827,1170,RGB
740,page-0740.png,318028,74E382C480C5048A3513A4ADD78EDF78DF38505EDB3A99D7CB9CBA145AB4E084,827,1170,RGB
741,page-0741.png,249630,E08621969BEE35E618D21BD014DEA4FB8FBA8D8BCC15006D646D3C5A5454D306,827,1170,RGB
742,page-0742.png,299292,AEAAC03E6D068A339C57B17AA1084E78383C58EEE4ECE1E259A8874A1042964F,827,1170,RGB
743,page-0743.png,216714,8FDB0950486DF13A3F65A8271242DE7568622B9B93900E510F245493B4854605,827,1170,RGB
744,page-0744.png,326473,A336523B62DD718372ED1DAD0A615C5BBF5CEB71901C2288AF3FEE184B69A75B,827,1170,RGB
745,page-0745.png,46022,AB461C8E07A9B6E75EEB8115B4C250A7520F01726370BB4A332D94785672BA08,827,1170,RGB
746,page-0746.png,315350,D339149819EB1A3E9FCE5C0A2E26D9C5DB8B73ABC80F5BDD846BF068BFC94A41,827,1170,RGB
747,page-0747.png,278483,0E2B5FD885877B75C0D5354C2AA3A9F83D3F39F74CFC809E3BA3987298DBC893,827,1170,RGB
748,page-0748.png,231781,D1739EA630B07953AD4C3D2AF5A0283403EC170AB087D563A448A71A83EC436C,827,1170,RGB
749,page-0749.png,335253,C524CF5FFDD2A905895C155DCDB00C4AFDBD04E641B155E51C47B494FA275EB2,827,1170,RGB
750,page-0750.png,277506,2E639FE7A8EEC479A49ED2C678855ED05985718452A66AB10F80331D7B528EE5,827,1170,RGB
751,page-0751.png,282257,15A25A3187D0F89C81D62B5443C470123253F88EA1F15C9062E2131940BCF32C,827,1170,RGB
752,page-0752.png,296126,79BD20C8660FA8DEB268E092B28DA77A9053DCC43778F73CB2BE36D814A1920D,827,1170,RGB
753,page-0753.png,350266,319AA0B62F3878B4443227E97C388B595F52AC712FA26CDB3A90C3DB7E7BDD66,827,1170,RGB
754,page-0754.png,311405,D6907E2895CF0007DE11B735874DD2CD15DB35F0A981CF5853519FA8622DFE3B,827,1170,RGB
755,page-0755.png,271053,E17F867085576CA0192EC3B817A10E29CEED2DDD81240CBEA45E1E8A7FD94094,827,1170,RGB
756,page-0756.png,299822,15742906DFC58B9CDDCC3220AD0E742EB88C3AFEC92B8BCBC052625E738161FC,827,1170,RGB
757,page-0757.png,300975,22819DD81F402EECD31CB47FC7473713B7A034C7BDA97EAB5BB4E0D2CC9A0947,827,1170,RGB
758,page-0758.png,351150,A721E2D1729FA3D798A086B44EE4497E0703C150D0BB641AE530535DE64191E3,827,1170,RGB
759,page-0759.png,371652,69FD9830BAB168B69E6DDA516CDF781EAF66C730D72D7C60A5E1FBEC9F8F8CF5,827,1170,RGB
760,page-0760.png,374730,640F2A2238799A4D4FD2FA2A2D8476D1CB0A9057E8CF822A9DC9DF1B51DE8511,827,1170,RGB
761,page-0761.png,331856,4CA10476157D1789E216E30896B9ED35D28A7B2745D3CF7F80D9EA5D8D13DFC8,827,1170,RGB
762,page-0762.png,275815,FE5938001260BEC9F663E9CE3FDAFEB5803789BC3688A9B8EA7008DE5C5A901C,827,1170,RGB
763,page-0763.png,214502,F0BAB4199247C4B745DAF0879E6046F7182903922EC5E153C1138932ED67C086,827,1170,RGB
764,page-0764.png,262179,9E85E203904ECD75D9DE43B45B28BFA1AB0BB0E7C4AC45E6192CFB90E103355D,827,1170,RGB
765,page-0765.png,344116,1B8ED5636FFEBC7A040FC008C146285A430410C28E539F83AF55C9106E896F02,827,1170,RGB
766,page-0766.png,369966,DE96F49D7BE32186EE5968839A1522F819FE2F7024E352F5BED331C4A7EA4643,827,1170,RGB
767,page-0767.png,264997,B340A4F92E8B8B633027BB6AFF1C2F5E87C7D715711F0D958878DF60BBB7B457,827,1170,RGB
768,page-0768.png,273039,3F4F306EAA3BD1B7F16D6A89DD623C6A3B2A229435A3C88954C733E4B09B73C6,827,1170,RGB
769,page-0769.png,275030,BB2F30775F82DBFFC6CB9ADE2487322AC0C63CC81BBB2F5C92C89D100D119D21,827,1170,RGB
770,page-0770.png,276214,D33E58CD3A0E05413400826C7202F2E1D71BC0F384C2125AD917B930775CC150,827,1170,RGB
771,page-0771.png,290910,B2C20A9B018CF43F06C70079A9C8E5A22E76398100BB5CC8281DBE4109BE63C7,827,1170,RGB
772,page-0772.png,307544,0EA5F20C19D7ADEA7F2A0836AC56D6C4F914ECD8AE31451DD36CD4F82DF10926,827,1170,RGB
773,page-0773.png,307467,D1FC0C5D243545E975C74A3AD23119468D093D99008FEB1A89116CB34CF4A1AC,827,1170,RGB
774,page-0774.png,228049,1EFC9D49DC4E410A24935D56F7FAC3C0EC18386D9203C909FD00E1808C314AF3,827,1170,RGB
775,page-0775.png,286067,E102D66BB054F4947C70CC0B7394BE124E6BF2DDE68F3BF319706498BF79AF42,827,1170,RGB
776,page-0776.png,301578,103E6E58AA97100723D7CCEEC27F0C78EC6971B932A7DD828F1A8016930055A1,827,1170,RGB
777,page-0777.png,302962,76DF4237C206694067BE8D9C266E5F5ECF00439D7B40DAC54C3EA8D2EB0A40AB,827,1170,RGB
778,page-0778.png,266494,7C96441E9862E2B0F03BE8A14443FD2B9E5E981E39514AC5F78DEE9B0527D15D,827,1170,RGB
779,page-0779.png,314330,CEF96A0E2D827CDC7AEEEAB90F0F59A499486392B602CA39D6CCFCF3A7E390D1,827,1170,RGB
780,page-0780.png,273552,1EA8F99BA7DEED1766431F509F0D7176F695C3E4A04645907F57CEC583D9327A,827,1170,RGB
781,page-0781.png,88119,1AE6CACA4F3E4DD8ADB7738C713510E5D6544014CE7FC3A8B7331EE5AA7213FE,827,1170,RGB
782,page-0782.png,262610,AB34E328EEE719BCF2130D188C6D81F95F30388124B0A028471BF5DBB58EC80B,827,1170,RGB
783,page-0783.png,257435,60A9568473EA32A853C0A50024082EF4E3EC58C232710174AFD3547376DF72C9,827,1170,RGB
784,page-0784.png,264559,D22D34E0AF4EE62B9A2FC2F99018E26C6F6DBD2774BC3EF73E6DE3514FF4340A,827,1170,RGB
785,page-0785.png,241923,C528A476674B110A9494097366EBB79E7C14362B95F6E08FB037D95D918C3298,827,1170,RGB
786,page-0786.png,308727,A74FC056D3D533046F6FCA3FDCAD84C71E4861F2C7BF078E1DF58B079DE1B139,827,1170,RGB
787,page-0787.png,246150,CD4DF9741558B32B132D315A39022D0982F81CB242F9989A7CA1354D10523321,827,1170,RGB
788,page-0788.png,209946,3708F7C98119AFA1EC034F8899C10B83A2AC9FE153A11ADD15C8526A0CD4BCB4,827,1170,RGB
789,page-0789.png,309285,7DC530670E9E7AD8D82E166A7351C3E551599CB7145AAD688B9E5D05769C56F2,827,1170,RGB
790,page-0790.png,309194,93DAB3767C1BF14E2968CAA5DD7C44FB2312BF040ACB909A9B58E606A9F4FEF9,827,1170,RGB
791,page-0791.png,309578,F5C8A215A9BA1F76587D18F3DDE46279B3AB28D3AE52F766195757C655A7FE7E,827,1170,RGB
792,page-0792.png,297485,89162843325CEEA9679DA69F6D0FC6A3DE27EBA8AAD56C80F14D8BD5B12E3AB5,827,1170,RGB
793,page-0793.png,342336,B653ECB0BF190982E0383D8D581BF15F9EB2008890BAEEB56EDC53D4D17C41AA,827,1170,RGB
794,page-0794.png,227638,58ACEF718DDFE61BE90EA83AACF63F40BD2BFC54DB82DA9DCD0207389127FD0F,827,1170,RGB
795,page-0795.png,221052,D6E30C4231F202B03F7964D34DBF9B6FB3C974AE1D4BFF33D906F34CF6A65005,827,1170,RGB
796,page-0796.png,318739,1D9DBAC2F36318E114F63D43EA7EC04BD71DEE9E5BE43ADAB1C45CE0FF6CE72F,827,1170,RGB
797,page-0797.png,276920,C7380E609C2D84277FE05FF3932E719E0D036B122C0723ACADC616E3B5F1EE04,827,1170,RGB
798,page-0798.png,241341,82372F2A3E46673FE80FACCE3023167C00C5CF2C628EB308F87F5CEF921147B5,827,1170,RGB
799,page-0799.png,284255,8C8819D7E3D924699E22F753A4E641CA3FE259A4E572A16D9FA83DD395422127,827,1170,RGB
800,page-0800.png,261205,91A9F2F19E38344E56B3307E92C240AB44F0E81D2C93ADAA756D43D3F95E6D53,827,1170,RGB
801,page-0801.png,336865,2D7AF6CCAAE18E7B6E84861C518458569CDFADEFCDAFD8D66DED33E4D6FF1D23,827,1170,RGB
802,page-0802.png,317792,3017AEB96AABCF6424CA2A7E85E7C7B1FA5B2843D184017B20B3E24253DB5587,827,1170,RGB
803,page-0803.png,247559,F0935FCFCC3290BD49FF8353770B7DB0A9CCFC829A8274BA2D0BC2CCA507C596,827,1170,RGB
804,page-0804.png,275530,29F5BD92E4E83517EC9C400FCB5780DDF79D23742AD0B790A059D18EC281D0A7,827,1170,RGB
805,page-0805.png,246092,277F1EC920AF824420D01F3A9DBC9A54FDB9B5334A65FEAF43492FE65DB7950B,827,1170,RGB
806,page-0806.png,218749,81C1BC3309A90DA0062B009D4BD6EEB74E4BF1EB55B49B0782BA234FDCB5699C,827,1170,RGB
807,page-0807.png,315321,32E5933EB01327349F9809017FB00CE5AB908521C3AC0A880E4590E2CD67065B,827,1170,RGB
808,page-0808.png,261765,D389B5E98C9F3A98EC840E137D9960CC0AA68796C90269F87065441B42A3682B,827,1170,RGB
809,page-0809.png,296622,3A8D611CC37FC6FAAB06FACC22DC55D463C951E81E02580CD538B5F61D59A76F,827,1170,RGB
810,page-0810.png,362586,015C9CC18AAD5A1E8157B84F361C46BDB1864F640C5D8D033865FEE389D0AEB6,827,1170,RGB
811,page-0811.png,326008,8D909BAE8797E3689BF7C97302F547D314AA2BE43A89F66E3FFA2A94E56E8799,827,1170,RGB
812,page-0812.png,307943,C249844638A15EEE563E18B9EFEC86F9E851CFE335D8E92CB285AC058C153F84,827,1170,RGB
813,page-0813.png,308019,472CC3110407473DA64093C871667DF7DF33229249856620890B04E520B1CFC5,827,1170,RGB
814,page-0814.png,234408,4C1F38CE78D1FC8F1D4E925179760AA71B4FF654BA34DF19C8A58F87B348C511,827,1170,RGB
815,page-0815.png,189445,2C763D0C14305941A49EFDE924F1AF0E24628ADD1B054550570F9C30F65A6397,827,1170,RGB
816,page-0816.png,202709,0C79F443459036B925EFA13A5613D22CB78B49130715EF607353B4C7D2320B62,827,1170,RGB
817,page-0817.png,275261,DCA748081E0ED4CA0581500E27A5E2AC1C08F67CF5C25235CCCB9C89A7F32E26,827,1170,RGB
818,page-0818.png,243650,504C52513F8C8929DB41662A80B435EE8E81396D7E7EFCC35FD9A1251C666B80,827,1170,RGB
819,page-0819.png,302599,918D346FA034C275563B872C41868A1C32F25BE00D7A14F665D85ABDAE6FB727,827,1170,RGB
820,page-0820.png,220658,9443E1F0F636C151F9FE4993AEF784AF79697C20BDA7A99A34ED114226A22D02,827,1170,RGB
821,page-0821.png,279199,8F9CA252C1044AEFA22A889E917B89E54F2526B2B9EB59AE89F016060EFF3AA8,827,1170,RGB
822,page-0822.png,335942,F940C4A9A9C21BBE04F865859DF76EE5014D73B97793EA1BE557A6869E8DEE26,827,1170,RGB
823,page-0823.png,278786,F9E0BCDAF40387A963AFBB48DD3027212309137B3D8E39A18AF9D2D9710C9208,827,1170,RGB
824,page-0824.png,379721,38D6EE60A8DBFB40FBBD7F8C18BCBE824199A3E4E259A327ED2DA1B717CC2556,827,1170,RGB
825,page-0825.png,340310,4E8290605DFE758AD0D8183882027F502C71981C3E70CB8BFC5BF687C3698847,827,1170,RGB
826,page-0826.png,356211,02146098B1BD138E20175E077A4126DBC6F86150A07BED2E52C1D4DE279452AB,827,1170,RGB
827,page-0827.png,292001,E70EF63A4BD7DFDD22ACE1DD7F059E36CC38E2FF8AD0DB5AA6BDA2E04CB2AEEC,827,1170,RGB
828,page-0828.png,342874,6CB9F390E55585A715BB274D6F8AF9A83E3BE3C37DED9BA4A652ADD0C98FD2E3,827,1170,RGB
829,page-0829.png,238842,B6453CAE3F923F89473B5DB027FBA321AEEF3C2A75EE06F716869E13900BCF45,827,1170,RGB
830,page-0830.png,314514,76BE57DE50674EE042ADB43B2869368DB84E3E6B6742F6D1C86B8E56DF5E740F,827,1170,RGB
831,page-0831.png,295931,1F32EDA8F7AB3B4EED4D480FEBA491A45B5DBDF2580F02150A89FF92E401E4BA,827,1170,RGB
832,page-0832.png,321141,3FAEF19532C82CE9B1D81F7EF7AA894C7BC5F94C97AB3E7AC571306205D6C718,827,1170,RGB
833,page-0833.png,311746,F6BBF7A8E2814BC81A6B41F831A3745C6C6CEF0F230A0129ACB4E355E2E18C2E,827,1170,RGB
834,page-0834.png,303285,DFC267663460F727EDE0DFA7918AF51D91AC1649DBB4804F9248FC9CC301578F,827,1170,RGB
835,page-0835.png,379361,EE14C0301C3C1899671B94016BC7BE7E91DF3B61C27A1CBF5A0FD0634603759F,827,1170,RGB
836,page-0836.png,277919,428C68C5C1E1C2492EFED4312C16DBC379750D689EEA59966306E54C11D788B7,827,1170,RGB
837,page-0837.png,276950,C6BDCD438DB476BC341EF25B410FA680662516F22B651393F0C5A298B7B016A6,827,1170,RGB
838,page-0838.png,281106,1171FCBED8BAE16A57188BF91C7041FA60A132E92B3061BDA2D7E604FF6E33F4,827,1170,RGB
839,page-0839.png,277655,121CB9B6D84B45126CFF3F81FE1DEE7A4C7C9F4F7861FCA71DA9759018988EA5,827,1170,RGB
840,page-0840.png,295697,8741438024F6725D09D61E5B4EAC56F3BC26576B34DC5CE84742BE6A87B4BC76,827,1170,RGB
841,page-0841.png,366705,D209AA0443EB1F446F8651D66FDCED5B1B925FD0225DC4F929209704DC5E30BB,827,1170,RGB
842,page-0842.png,309626,8A1730F7A99DCDA234B5D2D860AC5167EA24092BD01489395081E5CF3F1C782D,827,1170,RGB
843,page-0843.png,290534,B06ADE1D8CC0E58C2E6F3CE87AF85EE7A395CE2E739E34B8C3A32F663B15075B,827,1170,RGB
844,page-0844.png,390164,11463CBD739740BD97283458A5F7E9C2031AF58B3E313EA5D6B9969011CB9D72,827,1170,RGB
845,page-0845.png,290228,6E0BA398BC8AA5709296D38844D8A63DC1975CB4DAC2EC9ABEB7826DBEDC3BA0,827,1170,RGB
846,page-0846.png,285184,63ED1190E31398788DC397400629FB85C3B119BAC1D3172151BB19CEC0791786,827,1170,RGB
847,page-0847.png,365947,483AFEFB34B316D1003FB7A069BD24761E301E0AE442CF5DCCE148EB3DA070E7,827,1170,RGB
848,page-0848.png,301398,47D2D4D7B5D3D8B1D4B32965D6F3C2BE7D6F4F287FFEDD61C0D73B4486F6DA4A,827,1170,RGB
849,page-0849.png,319073,1C8B2D268FBEDE644878A5E9F241F8F8F9288D89255B3A50C5F9AE512AEF939D,827,1170,RGB
850,page-0850.png,280083,907F99CE559CC955B4C66AAC5B51E5054BD66287F255667F2C8064053413E4A7,827,1170,RGB
851,page-0851.png,257610,7C47A3E5B94B3A28C39A35B215B3F06DA05B083CF292CC20023D63BAD4FB5D5C,827,1170,RGB
852,page-0852.png,340404,77738247C23D7C007B5993EE2DB5FD5BA64748CBE1AD6DEC207035B6BE05FB6F,827,1170,RGB
853,page-0853.png,318624,FE605CD4D1B8E823070EE5FDBE4136755BE5DA53B3F345BB423E25DDFD71A28A,827,1170,RGB
854,page-0854.png,367712,82AB39B7D018FA9B8DEB15967E05040DE08A273A9A8A5699BEFD3502BB73DE9F,827,1170,RGB
855,page-0855.png,310680,982E046ECDFFE34A0569494F2E3348C2FB14D7EC782941FDE3E2AD176535C005,827,1170,RGB
856,page-0856.png,318913,754F945D1E0B2EB2671803043DFE1D79FDCBDF83300F7EDDF17C5DCDFD7B24D1,827,1170,RGB
857,page-0857.png,325668,653B965DD63D626275F9BF23E519BE490DAFDA486D3AD59B080F022DEB6B0A03,827,1170,RGB
858,page-0858.png,326344,77682AB1A128AB6F49CA5A43F69A8DDF611A2D2427954F132F8739A398A44D56,827,1170,RGB
859,page-0859.png,294361,44DA48C53C110DC2F4EC323053BFED10B432B574E6BC7A84509874943309CE4C,827,1170,RGB
860,page-0860.png,280704,A19B7A5248ED48D5A1C43F7E04079BC5A6FA20E2E66C5A3ADD5336E1EB48E1C2,827,1170,RGB
861,page-0861.png,345653,4D49C2570313B2F264E44C4AAB997FAB29EDB5A2CC29CD7E2A0C1ED46DE710A9,827,1170,RGB
862,page-0862.png,395443,E38EEA16363D3BAB130FA0233504114796CA80C1D9CB63DD3C187B7F4A5D9502,827,1170,RGB
863,page-0863.png,285070,6980B89D955CA010C35AC68EB81C04F08183002A2A486AED653F9F858842E74C,827,1170,RGB
864,page-0864.png,237387,D0A1332424AA98BF887B4E69D90D5C67408CD096E1CAD1699DBE4195EC9D9F40,827,1170,RGB
865,page-0865.png,308100,547F9C813013157A1EE8D706A8D916A51B949E18B4EF460A7D675424F60AC67B,827,1170,RGB
866,page-0866.png,384433,84E32CE27E459BB69F4104424C86E58B43092C6C6A781ADB0E5AE9FBBD8D00D1,827,1170,RGB
867,page-0867.png,333484,E7A4EED315B764F178BA94B1878A1EFB8C6D55F6C49346A5AAD87D25944B14BF,827,1170,RGB
868,page-0868.png,252490,8990FBCD57E4AD887F8560E111B4EBE4F404A0394A73410B19644E202C048010,827,1170,RGB
869,page-0869.png,304399,2310BBD5CB3DE24489AE136CF845C85C4A9A5229784A6073F3D9B9F25E8AAA84,827,1170,RGB
870,page-0870.png,306380,6E55BB0654439FE4F4CCB0307960B206DAFE2AB2F355331A4300C82B7EF9F357,827,1170,RGB
871,page-0871.png,325584,2ED466D257D682495C66AD02299077C5D249345DB1D61578329CBA4A453E2316,827,1170,RGB
872,page-0872.png,316660,AA6F174721F4811E9E88FE29ADCCFB99CA0CDB55DB328F6996BCF532C22F7E17,827,1170,RGB
873,page-0873.png,300244,87101937EE4488314CDE871EB4DF7F7924E5321DF31741CAEE2B3652A24815E5,827,1170,RGB
874,page-0874.png,355533,15E2DC41E869FFF7549A9BA92DE3D8D9706F82B254A01B3649B05F9CCBD04843,827,1170,RGB
875,page-0875.png,340801,4574E071D31E672D2B9A3C3F1C59C3205F0865C02EB35A56F51694F92CE28C58,827,1170,RGB
876,page-0876.png,308036,95C2F4ABAE1B25EF0586295D96F2E7BB59C23563A36BAF82884585A1B5F3D2F3,827,1170,RGB
877,page-0877.png,291629,769F58A0379DD92CDBD1DCD3D6FC59645BCDEF5673F53440BA7C71E9FA58D773,827,1170,RGB
878,page-0878.png,366369,563C70B73D7C551301751E8B9C862F7C969001E36F4AF845204CCC23557E23DE,827,1170,RGB
879,page-0879.png,369621,8A2AC5A18920F3CB18BA668506F903DED9FEA11353043C51272265604A38105A,827,1170,RGB
880,page-0880.png,320353,66245A985990E4A51C8BE83A62402378EB7C45A5B7473EF4E963353CA658B72D,827,1170,RGB
881,page-0881.png,359392,5B6A8E9A4767D67E9B9861F3B18A64AF873302DA77282EF3992A5EC6186BDFFB,827,1170,RGB
882,page-0882.png,314114,535565D4E2EF9267C1FED35DBED1DAD25556943D203A0B7DE76C269F2446A1BC,827,1170,RGB
883,page-0883.png,363558,30F199B84C8EBB8B5064A2683F9A6AABFC896BDF2DEA5711C4E110D3E333374C,827,1170,RGB
884,page-0884.png,281595,4066885C917F3B4D056C6E1009A977414724EC893374CF1CBF3CC16AB630CE16,827,1170,RGB
885,page-0885.png,239329,92FC14339A8163DBC9065C8999C1D7B36BAFCB47991402FF3AE8DEF75501B0C0,827,1170,RGB
886,page-0886.png,361299,7C5C34A0309C3E39D74B32062B21753BEFE9DED7F4324FA6FD87745389AE93C1,827,1170,RGB
887,page-0887.png,243489,010C560A4F27D4DF5E2C85EE32FE7E9AFED973A11D63ED89A2430D220457B507,827,1170,RGB
888,page-0888.png,216165,4383DA663D4077BD099E80A77BE98B0FB8E625AE28520F333283726C4FB8609C,827,1170,RGB
889,page-0889.png,260388,4D1F1A61754DC412450F7396A53530EEF265D2BAF5912E6F5D9DCA863CDED7FC,827,1170,RGB
890,page-0890.png,298935,B7840FFBBFC0982913C9B8E49315FB02BEBB5158E46E1AE7447074A1920F0C85,827,1170,RGB
891,page-0891.png,313154,8D68CE34ABB63D5FDABD33D08C454E229C1C4EBD011170EE1B157D5D7354E091,827,1170,RGB
892,page-0892.png,335403,C75A7102A9D2A9CB0A798F5D394F18613914CD44DA287C21057F27E144573CDA,827,1170,RGB
893,page-0893.png,238725,93940D515FA7A0341F716DB9EBCF978E176480A861EEB49F9F15A0B11B5CF478,827,1170,RGB
894,page-0894.png,223213,383BDBE92C2D53FEA9E82E1C904D9471F1178F00A63CBFB9BC17ED64F06AE7F0,827,1170,RGB
895,page-0895.png,265666,3D2ADE288590B95780F0F13F89EA9F4F70D496C12EF082A16C5F2350DA7EBB8A,827,1170,RGB
896,page-0896.png,206524,9D3BD03A3F535487D8CBBCAF8DEB7446CA6AF9A929EF1048511A9FBD4BAD8238,827,1170,RGB
897,page-0897.png,253437,A7DE777FB44941C1C502FA151183C0711FA98A2558EBBE6022ED6A40C6E18145,827,1170,RGB
898,page-0898.png,278975,A5DEF0FA94FF59C06D6A8D554471FDC850E7F426005E7F633713CBF2F9470902,827,1170,RGB
899,page-0899.png,314111,BD91F0F074AA2FB63AECCEB7681EA834C44E517A0F5144DD81B1440218334624,827,1170,RGB
900,page-0900.png,364643,EA452D5C3E5A0F83E8CD56DE89F2C134344B18D1E314606C63674F2A6A1F5074,827,1170,RGB
901,page-0901.png,284377,A6BDA9E8A278937B833CB38B093538A516E8EA655AC129060C18848F6052A1B6,827,1170,RGB
902,page-0902.png,240223,58748DC59B8ED4BBF2B69E9475265394555CF5D6F0B0D53CB617FF15D2643E77,827,1170,RGB
903,page-0903.png,161252,C43CC2F10F5B515355B11F9837B31F2F6431431CCBFA777147E1A7CF56C41623,827,1170,RGB
904,page-0904.png,261940,24ACA72BC9EA29C5571F8579D7CC56231B69A161A275E712B695D8C0BBA5FE68,827,1170,RGB
905,page-0905.png,249158,E569247841D4B5415F56C2AB8F671610D6D81D3BAF9A6EA31A7D181E89915717,827,1170,RGB
906,page-0906.png,316134,DA7B971A35A99E063F4B308755AF93A56BA8CC4F0D8ABC1FD0E7283F64E7EFC6,827,1170,RGB
907,page-0907.png,333655,8842AE29D3031D60D291E18DEDE10AB5C67598E563434F21F64FBC0F98F056FE,827,1170,RGB
908,page-0908.png,195671,0307511A2A0065A27A1AE5C9BF1B8784A93081FCF9B23C43EF88ED78DC28B489,827,1170,RGB
909,page-0909.png,269621,FF8539322A137FB1DD94231ABB536C2C15878C23172C1E2F3A4C073DAD278EBB,827,1170,RGB
910,page-0910.png,331104,7FBA7881033084DEDFA9F32668153D0B5CB0C03A027E89BD5A0447B4AE78BEDF,827,1170,RGB
911,page-0911.png,319681,A0765F2E54631B35B5A2D3C03A2B173F2C63678EEF9C5E79F9840DB25717AB46,827,1170,RGB
912,page-0912.png,251639,42B4DE1D6AA665E65412FEDE0A3A583666E993FF5230749568DA15998D99117A,827,1170,RGB
913,page-0913.png,280829,59CC9AFBE4CFF2059FBE80B4AE1A8C960CDA4819A76FC79216AC13516AEBBEB1,827,1170,RGB
914,page-0914.png,279996,F9E5CCD4DCC841936266B43BB700723CE3745E78A199220B6BFC948840B4977F,827,1170,RGB
915,page-0915.png,241784,C34E124F99E90E7165946AC4CA6D22E4A188EE4F3D1B3D42B9ED9FA2A2478722,827,1170,RGB
916,page-0916.png,314225,CE300AB4A58D3120C1C3E3525CBB2BC8FAC07E32AC1EEF1EC8C81C4C38595AD3,827,1170,RGB
917,page-0917.png,324617,602A23E39B9059D2170B357F05508E0E0DAD2211D1E3294DFAD229C511E6E3E2,827,1170,RGB
918,page-0918.png,315020,81AC9964F42E685F6D5AFA5A4EAF7C7504F232886AAE14F4CC38266EB614B81D,827,1170,RGB
919,page-0919.png,341139,038B6604EEDBDAD08BBA3516147492188ED976C3B800AD3308EC4CF4789EC001,827,1170,RGB
920,page-0920.png,329998,F0230A0928A7733C1AA31E222709448F200871F1B2D86EB7AA67799F5BC8B90B,827,1170,RGB
921,page-0921.png,301872,19AF5ECFD4F14B4A2963D0809C264DEF17CEC4E706F31322F285D4F74A2628A0,827,1170,RGB
922,page-0922.png,290696,ABE8A86841C80CEFDEA3A31327E2AD76E93C5B71B328884CCD983CB2AFD5305B,827,1170,RGB
923,page-0923.png,266233,617A2BBB50B23A08ACE67BB6F777E91E75BC0F32A9F95A0DEB6049B7B2D425B5,827,1170,RGB
924,page-0924.png,354129,0364DA090FB8425130DC95B1212370C825E9EF593D5DB1B428E84E60A9F65626,827,1170,RGB
925,page-0925.png,355212,B6C660722ADB2F5F4320EFB343B09BADA86670C7808A74B2E17962501EB05B7B,827,1170,RGB
926,page-0926.png,293981,D4A5EA321B84A9CE5EC8D6BE7E69705DAD4BE22324D79AE1DB3E2A8AF0650E32,827,1170,RGB
927,page-0927.png,202692,E79B98F881170388D152B491DC70EB3E7D5F3B255D034F13A222C983B0A8A168,827,1170,RGB
928,page-0928.png,330403,4F4B7BBC084A83B5B4BA054B5224D08D99E0F18350076AB5D2473585C4BA54EF,827,1170,RGB
929,page-0929.png,347846,73410EB5475E69C3481C3946714B22334515707E85E61EF407CF1EBB8BBDFF9B,827,1170,RGB
930,page-0930.png,357831,73A8868B39DA262264AD3D94C7C98324B3685DB749A4BD65223375BBD653E7D4,827,1170,RGB
931,page-0931.png,350877,695ADBC436A76D2E813BC4B68D222F8B881384866DCCD1167EB785BB8CEF0672,827,1170,RGB
932,page-0932.png,309716,C99DC41C75F748B8319F8F152CE16ED1D90F4D1114B20442D3C3A2BE4F27E7CD,827,1170,RGB
933,page-0933.png,325903,9C81A88FA792EBCE74A7FA07109A4EE30619DD493255FF0F1B1A9A3D440DEA53,827,1170,RGB
934,page-0934.png,360800,D1B6A0DAE004F8D97E3D253BF63AA9BD8070A4244A00593EA6995CFE758C5BAD,827,1170,RGB
935,page-0935.png,313685,89654B43497BE2FBA67786FDEFB3E10566A8001096497DDB30FD4908CBBFBCA2,827,1170,RGB
936,page-0936.png,332375,2FC848A5C1CBCD65B75EC026E8A3BC5A397F17CFE088E85499B8711492D1F528,827,1170,RGB
937,page-0937.png,347709,20E674A072583C3990466A42789D211BA639B97E4EEB3542B18D4CE816F836B8,827,1170,RGB
938,page-0938.png,365291,FA490FF991C63684C46FF5E8E5D9D02234D10B9156FC020ACCFBDC92108090C0,827,1170,RGB
939,page-0939.png,354847,8FD267524BA34C35010943B1F672CDFF3B57629556174E1938E879BB6C1076F2,827,1170,RGB
940,page-0940.png,380037,07C65EC7FA97A3F3122D4A42156EE8C57B92FA01A0C79A78C31939920738EAA1,827,1170,RGB
941,page-0941.png,316209,E2266070E39F43FD701A4C077975E5DE653AB0959B230D8847FED8114B2372EF,827,1170,RGB
942,page-0942.png,341355,0C9CCEBCDBB8DC4004C8FB61CA58D0DCED5E13AEAFE816498B2D925BF1C648E1,827,1170,RGB
943,page-0943.png,339746,B0819D1C35533F2B9F94B99AA8B2C391EE6FB498B4CB934AB39689AA4360986C,827,1170,RGB
944,page-0944.png,303965,82A00F0E818C4E177B3AD8CED26901FBAAC7FD5482BC6EEC22233B04F911D562,827,1170,RGB
945,page-0945.png,320883,35BC24E7E653B2F58DD8B3FFB44DF8428F8B58F9959A3F9E18610FD8888CF110,827,1170,RGB
946,page-0946.png,286440,D85522CC733ADA39A12CAECFCE159D3D2E73300D35A48788EEC6D0CF4D130C0E,827,1170,RGB
947,page-0947.png,280950,6B37B0E32AAC481469546B5B32990146D2A84B1A9BAD92D5078FDA831E37B4DD,827,1170,RGB
948,page-0948.png,308752,5538E06B016380F32EEF3F989CD8C005ABE48E7DF71D3306FDC463826C65E89F,827,1170,RGB
949,page-0949.png,257061,7B2D2C2A38AB76E1BEA1DA3D41CB34169FF07D91E3ED172D8C5662EFD8A75442,827,1170,RGB
950,page-0950.png,264645,E206DBA410F391B082AA4E5E3589939411DDA4CFB83CADD226C8C0AF4B8EF79B,827,1170,RGB
951,page-0951.png,222874,E6D6A1545FC78B4DD4CDA8C42DEA459F38B7FBB532B54C297F075CF6C9FA8108,827,1170,RGB
952,page-0952.png,216028,DAA53A101ABC7F673B863B4DDED29825917D78683799C7C9A831F9F20F4FE47C,827,1170,RGB
953,page-0953.png,248066,492B284394A55FC9DE3518D9AA4679B33482748DB5C18EAF9F79DFB9244F4C27,827,1170,RGB
954,page-0954.png,222932,9895BE6DC091A76B6B19467D01EFF02E2BBDA45B676C2A1977A318ED8A881ED1,827,1170,RGB
955,page-0955.png,211637,3569BEDD778D428A796AE170ED1BCAADB76AEA2A0384D7372A3EFAE97D0DDBB6,827,1170,RGB
956,page-0956.png,243672,6BCFE8990FCCE298D8C68CAED3DEAAC9112E1B87BE8E0032FFF7431DCD52E982,827,1170,RGB
957,page-0957.png,276236,8EB348278B6625F5DC46FCDEC7D3B2B0263182640A49D72320E5606C3ABC007D,827,1170,RGB
958,page-0958.png,288266,1F817AD36C1F58F8CA647C98C95BF0FB067635F50CCE969ACB50C4E3796D5CD3,827,1170,RGB
959,page-0959.png,333573,79324BED146F319BAA95868F3537E1A6E5EF21D6772434A50E97A4D90E2006AB,827,1170,RGB
960,page-0960.png,325621,892FA8C85EABA36B80E8015D7A3874DF070E4D276454BA0C0526581F820ED945,827,1170,RGB
961,page-0961.png,396608,18B1D5A3DA9FBF4BC7A84310F587A322C5287714CED1FE48193A7293FFDABEF1,827,1170,RGB
962,page-0962.png,309984,D4B8C1629A185988A58EDBD0AC65B5D2A5BE6E18422230EEAC229DEE22C06068,827,1170,RGB
963,page-0963.png,270855,58D8ECA4550BA20DD44397BD59AF724EE5C94BCA3487C5BDEDAE910972822024,827,1170,RGB
964,page-0964.png,50489,DEBD265E45F3EE0F998747899E8B6E6F6A257A705DBCCB977BD12F6BD87A8602,827,1170,RGB
965,page-0965.png,256707,8F2AF52BE7E024BF2D8F9299C5875C8C8FE98F79257B45872CA676C18A210315,827,1170,RGB
966,page-0966.png,223697,A5197BA41AAA11849DF77951BC8D18750AF7D24B932E0137BD92E33091F2306B,827,1170,RGB
967,page-0967.png,216807,092E01DDA06DDEFB957D895C48AC81DDA0EDB2FD1A1F70FE0D6F5A486AC5B245,827,1170,RGB
968,page-0968.png,202253,724FEDBEBD662518BB4C11D03CD80D7C1B11867338BA7C0F6B727D2C6CF32605,827,1170,RGB
969,page-0969.png,298998,035CFE4759621D2E8CF0DC6FFBB93F1305DECF0E48DF97DF63C67026B17EE4B0,827,1170,RGB
970,page-0970.png,311066,3080A743D12E6D926D09F000A0CB740071AA2BD296CF4F59E0298FB872D5B48F,827,1170,RGB
971,page-0971.png,310606,4B33E4ACAD94B52AF991D3FB0B5ADCF5F0336EDE94352852F9A2EC460C09F22C,827,1170,RGB
972,page-0972.png,264819,671843B042D694AE0C1739EB89E068F73783ADE70F991F0D74FACA68E3BF3758,827,1170,RGB
973,page-0973.png,277092,8BE3989AF612AC21122DC570DBE49B6FD6C83A01B1FE53F0AA95DB7BDC6238EC,827,1170,RGB
974,page-0974.png,201609,46210862CD31B7C1D3FE647E3DDEE12E61C630B1A5F4BBBEC1C6C3E710BE5B2A,827,1170,RGB
975,page-0975.png,247116,64F31DC151162479C7AD9C2E7CE36E378118E3824ABCC937C876EF1965EF49BA,827,1170,RGB
976,page-0976.png,262346,5EC4D35E84954C783F199B3EA2BDAB696CF8475B91745142FE8B6B0E66DC6081,827,1170,RGB
977,page-0977.png,232615,195638BD80FCE6EE141F2F810B981C33FC3A52CF3E0B916DE0B51C159DA81833,827,1170,RGB
978,page-0978.png,331629,B4D9316CA15DBD41CD5A8FF5D81086C5493ECF878880C6CF598870F5958CD867,827,1170,RGB
979,page-0979.png,214932,1A39876D0DC75170E6AA662DA1EA540C90B92FABB5C2B32894D69ABC4CF9A31A,827,1170,RGB
980,page-0980.png,233620,13C24C664EDD8D231B741F778D55735CE6D03999EB33D5524205736ADEBE96F8,827,1170,RGB
981,page-0981.png,272854,1B4DDF373CD9ADEA9CD758084C079C29B444C65AC8EF905FB044296274A0C057,827,1170,RGB
982,page-0982.png,328888,0F12EA2ED3E201742CF68D9A8B0F3852AE253D9D43B9D2CFDD7F626A68C558DA,827,1170,RGB
983,page-0983.png,369904,30B0D2AF8330C2D58C25BFFCCBB87FC01549C78B0CA87FC34BDE4C117EDFB148,827,1170,RGB
984,page-0984.png,259889,212E93B9548D6768C07B6D5B9102962A8F55AAABA708E775FED04338C137DB58,827,1170,RGB
985,page-0985.png,272732,4D906AFE1C8FEE7ECAD8FD78EFA9DB33CAE9CB7668B364CBBBC588E7EB7C4086,827,1170,RGB
986,page-0986.png,310407,C341DDDBF54C4F26B7A860BA4BE1107F8DB7D937280E3E142843DEB338D69F65,827,1170,RGB
987,page-0987.png,375980,D893A0A25A24011D5E5F32603BC3947723DFE136449E8B757646D0E2B4A39E26,827,1170,RGB
988,page-0988.png,320044,2B979DCEE98E4508A1DB4CAF8270B2A3C14724E0B194139833F9FC3B009C581C,827,1170,RGB
989,page-0989.png,236611,90929C9ECFDAD501DA1557EC0CDB7A18D9448BD6A0FEC432A0ED0BBF165AD54F,827,1170,RGB
990,page-0990.png,302239,269EABC13516AE500B313620D31687BC067943B1E3F5C3A55E540C6B0CE6167C,827,1170,RGB
991,page-0991.png,299387,FB81E07F5435E6E2D1250EF02141A6922B410C41C09141F5B0061FEC4F02DCE1,827,1170,RGB
992,page-0992.png,246754,274E8316848C518B244E2D680C3E830ABD7E98118180319380B39DC94A382E24,827,1170,RGB
993,page-0993.png,312876,834A1154A072D1C57F311BC8CF49B6206703CE70E1E68A46E799BCBBF4E11780,827,1170,RGB
994,page-0994.png,278025,A5D13B93D7C252C3B557DD6E7A0515D89CA483081F67BBAC1D25E5672BF4D08D,827,1170,RGB
995,page-0995.png,304685,C3B6553EDC8060E9681BD6FCB6B0C4AFF8222F68906E1C2EB037E564ED8748AB,827,1170,RGB
996,page-0996.png,305940,CAAF3DA7D50BFC8CFCBEE761D28187487DEBE56DD8A011CE082E1DDEDB48EA08,827,1170,RGB
997,page-0997.png,317699,F9DE15C407E8858A37A978829DE06DEE0DD83CF21C8C102DF3C2B723728A90C3,827,1170,RGB
998,page-0998.png,377778,7330029DFCADAB2EFBEA28FCA5F2D585FE000F06AA3B189C99123FA38AC30F62,827,1170,RGB
999,page-0999.png,272594,8494D0D1EF83DC98DB81516A252A0470658055A2A1A533271290DF34C495AC62,827,1170,RGB
1000,page-1000.png,281690,DE0B93CD6095F4999945B886B9588E77622A32B79513E6196960884A504355E5,827,1170,RGB
1001,page-1001.png,233625,1CABF792DDAE9B8BE5D7F4B005CC37D7F2C2C07CD170A4A275512DE2795D56DD,827,1170,RGB
1002,page-1002.png,294056,422CF668CB5BA365E6BEBD6D54A56020439BC88643685CDEAC8421196345557C,827,1170,RGB
1003,page-1003.png,297698,980F91EC5279542460270BBA097BEAAD0E695670AA5FEF9A4B45AF8BE6F4AA3A,827,1170,RGB
1004,page-1004.png,305319,D816950E3F60BF6DB81BF85BB13722E77C60B55D70F282AAE8ACDBA1FDF8C35C,827,1170,RGB
1005,page-1005.png,261751,DE51D15D58EDC32083D9C0D693D067EF4ADEE5DB1177BD30F265B2733DDDF833,827,1170,RGB
1006,page-1006.png,232036,857358845DF7F2038362FCF5B51AB27E2F6BC83C5138B7BA4CF53162F97C8DCD,827,1170,RGB
1007,page-1007.png,250711,9912DCF969ADB3F65C3AD8621740D59F09B23E209DB36E4DC40944C5E019368C,827,1170,RGB
1008,page-1008.png,300575,F9A04E380D2799EBC35640107FB712CDFDF8C3C51D7ED561DDFDF819055EB9FF,827,1170,RGB
1009,page-1009.png,307027,E74B40436E825C79301C6F5C3EE01510A981D50C837B49405B1A1992AEE12FD2,827,1170,RGB
1010,page-1010.png,297799,79D8DB5C8AF3F27FBCDFDC0A8A3F2DF15FFC996B734986343820249E6C0EC478,827,1170,RGB
1011,page-1011.png,223763,71C3FCC25481BB951E1F37C2EE67871124B95F06215F503527D864539DCE5521,827,1170,RGB
1012,page-1012.png,187320,E30AE3939E6043DC927EE0A9235645458F2D35ADAF5AA365980D93394BD5B343,827,1170,RGB
1013,page-1013.png,235514,F0D620E5E5ED71D33838195E30CE89ADA31EA583AB0A64E436FEA15B7E097869,827,1170,RGB
1014,page-1014.png,226535,8796F605FEE1CF8BDB3C95F71784C4CF41CEDC1DEF1FC7F40B938A3AF51CC136,827,1170,RGB
1015,page-1015.png,225754,701F6B2A21727A70C12E24BB574F2F16BE3B8FA66904075A22765F558C4D84AB,827,1170,RGB
1016,page-1016.png,214903,1034D4B6C22D1A9519E29EBE3B94F9FA322A49708B7ECF8A5638CC64351D6D97,827,1170,RGB
1017,page-1017.png,238183,BEE38B485E8AEA852CD818FAC05C13AAE911D14F401555BBDA443F218490579B,827,1170,RGB
1018,page-1018.png,287803,50368BBD57219A344B0DA811DF4666DB1B16F4EB467510CC164ADE54670FCF28,827,1170,RGB
1019,page-1019.png,214830,01885FB7BF359CEC20386A69AE3B976BE0B09D2EDBC14A320938B00A3CFC6F9C,827,1170,RGB
1020,page-1020.png,282625,5293705309D806550BA26C838DE46C2D86CB0696A9AE5E43406E4EF5FFEF367E,827,1170,RGB
1021,page-1021.png,273148,32BDF6C7311302F1E95F1E3D5449D85BB3BA3A6992D0F7A910AD3E88535C0D0D,827,1170,RGB
1022,page-1022.png,326957,B2C26F6465FB7AC261B5D4CA3FF3284F379E2C2FEA601D41A9E02CBFDC2C7BEA,827,1170,RGB
1023,page-1023.png,286352,0665E88EAAD4BC17630D24DA37A0478C1156943EDFDAF1D57A76C0F0D4F56995,827,1170,RGB
1024,page-1024.png,303180,2E26A1CE14429D90E69BC0520A01E0755F03AADFE3EB033F8B1DB435081CB880,827,1170,RGB
1025,page-1025.png,282312,CB7117E73B1C2377496B1626A771FD920F66CC328D20A59EB4F6494E6B26705C,827,1170,RGB
1026,page-1026.png,307747,27E93BE326BEE1FCCC5C8BC22D5FEC1F220F36F34AFC7CD00C82A86BA358776F,827,1170,RGB
1027,page-1027.png,263342,47EBED796E890F3BE32200258CC0B519A2E9052F1AE351BB1A56D9647063E2E1,827,1170,RGB
1028,page-1028.png,367689,6D92B7DC5111CE00B22857FD9F28F02C3A0C18B88C2C38A2B4D4640F3AF33DF9,827,1170,RGB
1029,page-1029.png,346117,77B4931E3E3E4F1187292929264A13D27D59E6EA6BD31BAEAB87007BA3A1A0BD,827,1170,RGB
1030,page-1030.png,317599,8F21B6ED0F633190CE05D9C62EE5D09708BD5E81B879E606946A04A325697DD8,827,1170,RGB
1031,page-1031.png,236879,8D61BCC848E11922AA767EFB1FED02D32C97AEED9CF75DB3322392FEE1B0C5E5,827,1170,RGB
1032,page-1032.png,308058,F6131A7FA054B8DEC4D0E9C60A8A1ED586CD7A34D8255926FE0763FCFA8583C4,827,1170,RGB
1033,page-1033.png,324090,0CE922C06DFD7C4307E340CF2E6C4EAE5562AD3E272996F78C0607C4B4D3E45B,827,1170,RGB
1034,page-1034.png,353896,1B761BA7E0677AC8C7702880F167365AF6832CE08E9F8ADEB7F47060AA1F8010,827,1170,RGB
1035,page-1035.png,275586,3BF327C5553584B974A883236E86A53BE2441070815118F113F78E9F61E655AF,827,1170,RGB
1036,page-1036.png,304470,473F69ECD0E424FF7B8C31601ABD21DC536673CC066BED66F5494119D6362A64,827,1170,RGB
1037,page-1037.png,338090,EAB20449C29472A5011921A458F3DB97C75373C1E63DD64168B21F5D4EB94C0A,827,1170,RGB
1038,page-1038.png,317239,D39AFA38EF73EE1908E5E3E434C7652C4419F7265542118D6E7E5BAAA4A82BAD,827,1170,RGB
1039,page-1039.png,301488,A3CEBC981E67F8AD04FB5D88DBB7AF0076480BA39A3FAFC9B1107FE8A848C8B8,827,1170,RGB
1040,page-1040.png,332531,D424476109706E6C3E4D48954ECF92B86559935C136A7CDD5731A7AE640473E3,827,1170,RGB
1041,page-1041.png,316824,330EE1B928C841948B4682BCB0F678B92BF716729A6E826D21C66AB0647C4961,827,1170,RGB
1042,page-1042.png,259161,575DA3985DADA31E5891CC3ED2E19F205B56161BC460726175F565DF8E97A646,827,1170,RGB
1043,page-1043.png,244560,4781185B675E21CEB1952282C2DAE110E001C197E07F57A0B0C811A3BF275698,827,1170,RGB
1044,page-1044.png,307173,295CB818C6DD00CFC0E92ED57E798226D5C73903FEC6A66552511C09C0FA298A,827,1170,RGB
1045,page-1045.png,259132,BB71738FAF024DE4110995BCB5CC02E3717CC1853845057D20CAA06DE79BB95C,827,1170,RGB
1046,page-1046.png,302374,66C07DA92016E3AD5496ADEC4F9F4DD20BB2F29BD3B92EA909CFABDF02819857,827,1170,RGB
1047,page-1047.png,280991,D028A1FEC343E62086631B5EE338D8D3DA6ABEECA7BC09E8AE47402BBC1D8728,827,1170,RGB
1048,page-1048.png,337574,06914691EFE777A614180D399D44973B9857E3FA6F6A18AD7F1AE99FDFF3F46E,827,1170,RGB
1049,page-1049.png,22414,473E3AA5F14DA7F098FACDE9804F2B300BC5635257E6EBA90DBC4813AC72521A,827,1170,RGB
1050,page-1050.png,243898,843E09FE0AC80F17ACC5C1EC43244B28B69EE9B68CAC3965CB09699929123B2F,827,1170,RGB
1051,page-1051.png,191344,7A9B1E327EC82393C08336B350B7FBD5747479FAF7E2EEAD56451F3DEC16CD30,827,1170,RGB
1052,page-1052.png,279403,186B209C29E1363D24E18ABD315C9993FF7F8D61631CC32D875B92F4B8F75B0C,827,1170,RGB
1053,page-1053.png,177139,053BE8F7B012C3A8E85912FEE0E94353F59090196A20AEE16DF8083E431B8770,827,1170,RGB
1054,page-1054.png,224985,55E1D17217E2BBDE8DA028E697624512CB80878C8BE77D39BA5E10876A8515E5,827,1170,RGB
1055,page-1055.png,204602,7277A5A0236B33A14C0370CFD7C6B3D2EFE9E53B3200FDB7CCDAF7F75A834A29,827,1170,RGB
1056,page-1056.png,314964,5F952B6694DAE33BB14DA66DB03C97DDEFE3A93FA204000896AFB72626D1254D,827,1170,RGB
1057,page-1057.png,341741,94B6016B0896826BCCD378BB8A1D372A5C316CC76ECCDD1C71AF6AB0B3039092,827,1170,RGB
1058,page-1058.png,303394,F586E846FD7B7BE2CCAB3F0980908EE453B4D5E9C49C981E74E8CFF67B66AF0B,827,1170,RGB
1059,page-1059.png,313960,9103451F8F4DDFF72666143A767126F08BDE75E080CB640B2775F57C30BA55FF,827,1170,RGB
1060,page-1060.png,326546,D4E3BB532DC8816F6F6812B5CFD47B8D17FB6101B529289F5D544A24235C5EAF,827,1170,RGB
1061,page-1061.png,330326,3864F4002A6B3FA644B199647B97A502AC0ADCECFDF41B436AFC7CC5EB10D266,827,1170,RGB
1062,page-1062.png,329616,0F4E38ADC7C3F646DE0368D43CA1D61A4AD3C76BD425AE9ECC5791DC72788A5D,827,1170,RGB
1063,page-1063.png,261009,3DAECDF950492E075AAFE38C2718F38F65C735683CAB49D287BA0541B6C8DA84,827,1170,RGB
1064,page-1064.png,335155,95CB12339526F59E3A2FBE27BF004E20EB5BE27F91460FD6FBE986E43888690C,827,1170,RGB
1065,page-1065.png,315567,1186BB3BDA3FC0C6873B7B389080E0466A45407059E50B2C33CEE9EC93BA09EE,827,1170,RGB
1066,page-1066.png,230054,7E98E6818F404C75A38F2CB2BBF8E517D581A38613BDD98446CC2BCD17EFD56B,827,1170,RGB
1067,page-1067.png,282250,44E1898F95E1299FFA0626A3DEBE77523A3F4184FD3B8A99A25AB45989B4B35B,827,1170,RGB
1068,page-1068.png,247672,0B71015197176F8F27728E7D389E8F2F83DD0795E8DE47E0462E11A5579AEF23,827,1170,RGB
1069,page-1069.png,278832,88E4AA254ACD4AC3432C13592A7A46D5DB6BEDC180EF3CABE6CD0438EADF4BB7,827,1170,RGB
1070,page-1070.png,177590,E0E3E54081C2CC143CC57B3C7CA7DF5D61737175264561611C8EB127676430AD,827,1170,RGB
1071,page-1071.png,205755,CCA2DF20F0C8ED6594378875773F2471674F08C1C445F5658CCF23BA69A4639E,827,1170,RGB
1072,page-1072.png,292104,D56B1C8FF44765756631C46086DFF6C5D3157DC2D64F87B0C95ED38AE8176A25,827,1170,RGB
1073,page-1073.png,256939,1337B23FB8318B06F1B8E725BB647335F996DC9A020DAF33193A97BA278C2693,827,1170,RGB
1074,page-1074.png,264390,A671F14829F79BFC1FE85356BB7EC7823791E24BEEA8132A972160806D068DA2,827,1170,RGB
1075,page-1075.png,275331,F65F7733E763C3503B9F76F43E739C2A1AE77C1B6656E5229C67D9A296BC6C65,827,1170,RGB
1076,page-1076.png,281920,2114CC9A8503B346F8DDDBEE3D3CC1ECECCA594C88A38886EA46987FFA6329A3,827,1170,RGB
1077,page-1077.png,240700,8C08C9FCBFBDB8A39FED05B3A59FE912BE5B2458A63320A52EC3F2BFD4D93876,827,1170,RGB
1078,page-1078.png,315172,6BD65F081022178FBC09DD14EA391051DE9BF4F57B180792818059B99466C880,827,1170,RGB
1079,page-1079.png,293219,B8C13571A4D5B04F83840F0328AACF3EB76A964D7CB4F661E5458BC3D1E5BE04,827,1170,RGB
1080,page-1080.png,312214,ECB77DD2B4ACFAD8FC7DBAA1DFE129ED468B418773DC3349BF161F81A790672D,827,1170,RGB
1081,page-1081.png,222625,41E4C5506CC773282711527CDE8678555CDB479FFB15E57EFB66AA8CEB0E798C,827,1170,RGB
1082,page-1082.png,213083,A70EF4EE85546B28F0D0E6F8A2E2CDFCFC9BE83B75C9496F98EE069D39F2202D,827,1170,RGB
1083,page-1083.png,253065,DF7202DF801BEEA325722E3C4BA46DB72FD784F7D53523869C32467BCD3BF1F7,827,1170,RGB
1084,page-1084.png,317800,898B7F9E44315BEE37B6F26E5950622F2D12AF59322518168928DB90FC4D9842,827,1170,RGB
1085,page-1085.png,284258,68C7FD21A23BD569D4BBE6981C9E2CC018B1970F33006207A89601FCC7981D5F,827,1170,RGB
1086,page-1086.png,299147,19DBF2D6D1A6E7E09BE12EAA11EBDEF323CF5DDF0A9D6F163BE37FA535B585BE,827,1170,RGB
1087,page-1087.png,300931,3A37BE5C2E33135EAC53869CC602397F32F5EE016EAE0E3F333699860A5ECAD9,827,1170,RGB
1088,page-1088.png,320402,72C63ACC21BC78690B35D3B594C3F5D0DBA80081CC1AC4CA08D616D9AE681220,827,1170,RGB
1089,page-1089.png,289148,4FA761A9EE91771A986EEF3DF65F98C0B6BD17B746946D22A5B6979DFA482BB3,827,1170,RGB
1090,page-1090.png,227054,2F1C30854538D472B925792984E02B1A0618ED2B52E337ED81527B8528502DF8,827,1170,RGB
1091,page-1091.png,119030,876370586843FCBE2C1839B396E0116F36FAE01FC30E6ABAE0645294B966A627,827,1170,RGB
1092,page-1092.png,183228,52FC06211B8CCDE1A2BAAFDBA9FA0B155211BE0EBCAA4BD6A706D27CAB7FFCC9,827,1170,RGB
1093,page-1093.png,240320,2C0E24F4D79A27661A396846CD3B692B5BD51B2224799CEE293BF6B7006719B2,827,1170,RGB
1094,page-1094.png,347503,551CBAB03539DB73A8DDC919A65743B82C4E196F89DD06BBBDE5A7690D745C8D,827,1170,RGB
1095,page-1095.png,321900,9F4EBBFEE8167F959321F23B92FEDA5036515C9BA37C8DB5E60677752E01C6A4,827,1170,RGB
1096,page-1096.png,284605,29FCFACC23C8D3D201CCC2AB3062452E61A5CDB77905148B2C9731E2EAD0CFBA,827,1170,RGB
1097,page-1097.png,261177,7A2608AE3FCB280FFFCCE1A583172F837245046C38D8525333CBB3015A4AE13D,827,1170,RGB
1098,page-1098.png,260814,D027A3FB06063EE176DA4006A1BD03E46D0EA55F828AA54A1C02476C891159A5,827,1170,RGB
1099,page-1099.png,238219,DE2983F17469379AF210C0099F8965EFA449686277BF6E8CF1146A6CBA834226,827,1170,RGB
1100,page-1100.png,196755,D04ED507ED33CAE75C2B7771E016AD3DE24AC7C086BE1CAD6AB2CE43CE0E7F67,827,1170,RGB
1101,page-1101.png,350447,0E1BEA828B24FFE810760AD2A7D8F5F7A2ADDE167B087E58E83A14938995CD19,827,1170,RGB
1102,page-1102.png,215352,357351C3EDA5033F557E836780995A695555744140D474D52DA5BAEF700EB1D1,827,1170,RGB
1103,page-1103.png,260853,B8F2DB1EFABE6FD05641B81DFC411D8DFC72ACBB94B74F1A8CD2A16FD1700CBA,827,1170,RGB
1104,page-1104.png,265586,BC8E1C9C902886EB180A2D4133A29A376DEB905C48DB0F9D2C64487C23DAFBFB,827,1170,RGB
1105,page-1105.png,273984,97ED0EDD80C76CC12DE25B18EF7751446C850A46129CEB6BA6776CC4905DEC42,827,1170,RGB
1106,page-1106.png,263908,2D61AF0169C5CD46DA3AF6A92A347237DD2A02A75C4D0181EB611AEF264F7240,827,1170,RGB
1107,page-1107.png,303647,DC8F9534FE6E5C9431612427C33F8AF19274279EEA6081D97ABAD5D147DF98A8,827,1170,RGB
1108,page-1108.png,259792,C3B3DA160DBE0EBF3505A8C4AB60A055D63171AD792E6AB35606EB71E1475E7A,827,1170,RGB
1109,page-1109.png,359273,FA876400BC94DCDAAFD4A6CDD3AA41E424CAD87C7B82A5A719F4316A1FB34AC2,827,1170,RGB
1110,page-1110.png,289015,B7665D107C88920803ED6285D60F3F8CE2F00CEB97132C1DACEA095FD8E998E9,827,1170,RGB
1111,page-1111.png,297986,D800116B6DA142E4A4B900A68ADE6872DB8F757443CEB7F29D45EFFDED5A7B26,827,1170,RGB
1112,page-1112.png,368196,E728D291C52FCE642A51BCC96A4A49FCDC7BB8C3A70C40676A2576DB1A54DC66,827,1170,RGB
1113,page-1113.png,361709,0BC7B3DD5C767B7BD7B685717305624BBC2228D2EC8F9F473206282CC9A7BA8E,827,1170,RGB
1114,page-1114.png,302337,0258498C585C9CAB2B80DA45C013F2255E40A322B66B364C794C815798718AD8,827,1170,RGB
1115,page-1115.png,238886,192FAEAB0029B0E88A6AD019A8EB0D638DA2D4A7BC01806F0FC7DFB405045B2E,827,1170,RGB
1116,page-1116.png,299472,8F3BDF43A0AC383D494144E80D2B40568C59AE0C18D16E7900B9B56B37FC85F4,827,1170,RGB
1117,page-1117.png,274854,DB985EACF894B6B1A2B6D6D818D9914B43D516773B65453A087935F566892EEF,827,1170,RGB
1118,page-1118.png,338814,C85F8236496B092A655AF775B830364F469B959966F0FC5D9DC150A5B167A7CA,827,1170,RGB
1119,page-1119.png,281138,5F6D4471C55EEB9ED561E4976A4FDC878F7D3645AF6863FDB1240BBA7EA04A5C,827,1170,RGB
1120,page-1120.png,301254,66466DCFB765A67B8EB3CAC9BDE4AED5B4824A57C231BC620B89ED621942576A,827,1170,RGB
1121,page-1121.png,305126,8D9610C46DA6EBAB53EF1CFEA8A3310CFBF31D5150A6240CC72BCA17D4F8744F,827,1170,RGB
1122,page-1122.png,278807,6EDCF0D7B66DE9F3ECC5E8062A368DB73171400CAA307B3FE9B71C0D89FE545E,827,1170,RGB
1123,page-1123.png,346772,C14838B203D9C6FE0A9BD829C22352E17F4D9D83B7C0A34539F627868715C88D,827,1170,RGB
1124,page-1124.png,292667,CC11D425BAE1ACEE9FAFC78B66F7CCC0FC0B05EC933C9227DA5349CF4B1C0764,827,1170,RGB
1125,page-1125.png,358647,A61D1E3E8BAEA6D26DCEA4646C5765414018A9E97AA7B181B08603A6185630DC,827,1170,RGB
1126,page-1126.png,321548,3E52C3811EB5A1ED44993DA603276CDCDD2C1BC90664E4765B42F56A72D609B4,827,1170,RGB
1127,page-1127.png,257692,9A1249A89F416D1FEA39F416D982BF9B34124DCD0B8E7C84C9B75BF8ACAA161C,827,1170,RGB
1128,page-1128.png,289463,D8A74FCE10E555D0BB66F92346397E3821114E5B856980E40058254174DA5FB1,827,1170,RGB
1129,page-1129.png,265889,E77A9526EDF4C745CFE901D624AA077C56C298386903DB702F813D6F3F69489A,827,1170,RGB
1130,page-1130.png,263521,B89725BB3CB192A3457ACACBBE2645E74BDB4799BAB3120A3E027882EEA108A4,827,1170,RGB
1131,page-1131.png,268870,0B1C45CC0BE8C3432946A5ACE62BD2E0AD374E5EC629AF514B15C0CAAB90CA9C,827,1170,RGB
1132,page-1132.png,335369,A7E5AF9FDED5C6E447F6BA40ABF21A1CDA5F93AD7684D366EB13F34A45908C83,827,1170,RGB
1133,page-1133.png,336934,DA2E3142DBB2A0E0868284F804AB601D671C491783841E35879FA431215AA5E8,827,1170,RGB
1134,page-1134.png,362448,66E6088A357E8AD00885447AA4F800EB551953F56F5D0D77F518564A6D1C3B49,827,1170,RGB
1135,page-1135.png,321067,46501546994E0601DF461D51099221B5F860CF2C47528B68483854E40B173E2A,827,1170,RGB
1136,page-1136.png,354308,B6191584438122EBFF4F768BB23156B29F95B75D6E811DD035CA3307FFE85AFC,827,1170,RGB
1137,page-1137.png,391129,2C4A48797D823067860DCF833094EFB8EE1EFD17CF7A0CB1EAD7E21838BCA7B6,827,1170,RGB
1138,page-1138.png,101186,987458DAD4CE17377C832EB9B4D8BFDE22A40F2C1C664ABAA3FD964BFC3FCE98,827,1170,RGB
1139,page-1139.png,300562,6387C95BFB48731FE84C5E0E8CEEA218B013CC216DE91B85D161AFA35760CC0E,827,1170,RGB
1140,page-1140.png,262508,9D9847BF6AFF7BB9B77A3A5B6DA5055460C1B46025A5DF0AB6C5CF9BC85AD0C7,827,1170,RGB
1141,page-1141.png,302224,43CBDD7305A13447E784CDC3E47D63AC5D212378082C1E9D963A081A37D63983,827,1170,RGB
1142,page-1142.png,224191,FC07A940BED58C6F71E28E6C58B84B159DFA035CFD89C9F3D684B6B85032242A,827,1170,RGB
1143,page-1143.png,352062,6CA1008021B52D2EB3A1E851B9C795C1D6118B07527BADE7EB3F6608A23529AE,827,1170,RGB
1144,page-1144.png,317543,DC4BFC575F4D6BE9DC65A2D099DE32BFFDDB258543AE28BEE3734FA32EC3D2E5,827,1170,RGB
1145,page-1145.png,279619,2B3FC5ADDF9DCB1CD81403117A9E483320B5B9655AFFF1D3FC51A3541E0173FF,827,1170,RGB
1146,page-1146.png,249766,65C07CBECD1B12820E3E26DBDCDA9289F1EB277E9C104DFCA47179DF67C0171F,827,1170,RGB
1147,page-1147.png,292616,D05008D1B9C21551E258C8934808382B681714C8E83A1FA5B90FD2AD91843771,827,1170,RGB
1148,page-1148.png,225791,98E338AE6093EF3E443B4E42FCC6C87415FB8627C8DED6627F467FD372B63B9E,827,1170,RGB
1149,page-1149.png,353511,B840E8363E5656023A9B1F82D57A208B480FBD1E4E609BC41353ADE073402A74,827,1170,RGB
1150,page-1150.png,284273,2300D4F4FAD689157BCF44D180389453661A44B733CAF3B3D81FA91453995405,827,1170,RGB
1151,page-1151.png,268020,8ED7CD0434A3229EBF18F4FC88DC7CE797D50D8CF655EFC55780CEF8BC93D6E5,827,1170,RGB
1152,page-1152.png,310842,F24B6A5CDC52C015A73CD8BEBD3E319C6B3E7C399B1A13AD88B8A920C53401AA,827,1170,RGB
1153,page-1153.png,208833,545A5E3C9AA4C94B060164797A0804DCDD3AFE2BBEC681E9C71DC8BAC7CD77C3,827,1170,RGB
1154,page-1154.png,292045,C53D94C04418B8A5B78C02EABA95E32BDDDF93AD772015AFD1AABFEC6DA85311,827,1170,RGB
1155,page-1155.png,265661,E36608E8C76FE074178BA445CDD6A799CAC306AB9A36DCAAD536A2DC5232D6B9,827,1170,RGB
1156,page-1156.png,277553,85A24F4C27B7EBC4629C91269B061712C866E2E67039B18416FF118D3596C86C,827,1170,RGB
1157,page-1157.png,280910,424335AABE5A0459509B4A4B25A336373927D6310A899B8D77200D208F9D5A0B,827,1170,RGB
1158,page-1158.png,266782,FCB033111B9C950C9C03E0517282284DB5123CBC8A0376C57A5185EB47F4C903,827,1170,RGB
1159,page-1159.png,272654,87CC57270D2AC4F86E7796A4CF0DE97E28145FA8429208387ADC6C6E4739447D,827,1170,RGB
1160,page-1160.png,307336,D3571676A5D396AD93EF207FCA15718BA07832749D91342DE1DFDAB8C8E6EDF3,827,1170,RGB
1161,page-1161.png,272377,A9902DBF04834EDA74E117F4FBE24427E1D0F65B666766353AF4FBA9172D8C53,827,1170,RGB
1162,page-1162.png,336322,1FAD81AC6418A4931C1A7A1D821B8FE2AF17E5B74C57333F15080126072AE0A3,827,1170,RGB
1163,page-1163.png,236012,B41A159B5371884C23AB46E9D88BCA70F5354312583DA18D003019F00121FA68,827,1170,RGB
1164,page-1164.png,243868,E1BB4EB56DAF6D524E4FFE9A99835448E5C9C580B533CA1CF4A6B35B233DC293,827,1170,RGB
1165,page-1165.png,280216,57013CE7F84B8222D1222766FF048F71EF85A2725FA9B1FE73B86B84E21AAE82,827,1170,RGB
1166,page-1166.png,263656,6D42170B42A044D9BBBBB6136D5E1F8B740645A22FC6BBE791F9CCC0F6307A69,827,1170,RGB
1167,page-1167.png,340036,C5DD35C2E02865DF6949DD084D187496776D54C12AAF1AF1DCF6FC62F1F581F1,827,1170,RGB
1168,page-1168.png,259142,0DFD80B03EA54A9A960BD6C813960410B606AA2DFB507D87FC059491A5CB2190,827,1170,RGB
1169,page-1169.png,272800,17AFBC1AB7E9C29487C3DECE5BBEAB9106946218BBBE3D12F89BBABBA86F93A7,827,1170,RGB
1170,page-1170.png,221301,EDA6C61378705714D39847EF3955DE6CF4DFB68DB5DB72490694B7DB68C51C97,827,1170,RGB
1171,page-1171.png,277969,1EBA039D280D6A319CE0562A4CB0E79C0D45D808C302A3880B7826A78670EAF9,827,1170,RGB
1172,page-1172.png,262117,B74E8BD6BB56F97A0C2BA8521BF5EAC9A0D1419A98A8CD54094C407FE34C7543,827,1170,RGB
1173,page-1173.png,255785,99EA9FA5A165C5CD6F73D7D567AE75538C22746ED23495687EC7BFAC6A6A5243,827,1170,RGB
1174,page-1174.png,252968,896F17921CB3112AB71C3E8FC0F5F5B8B6B4D049A21ED31C81474A9B0F80691F,827,1170,RGB
1175,page-1175.png,223288,CFDD02B385C12F891EB7965EF6564631E4DE57873071AF2DF13ECD811DFDDDAB,827,1170,RGB
1176,page-1176.png,315261,958DAA5AECCE55A995F992578EC4D6AE7FF4EBE70D686219909231725671B891,827,1170,RGB
1177,page-1177.png,304777,13A80E8665ED5EBF94BE6DC272D6AF0276F6CD42E58346FB0E1FA020CA2002CC,827,1170,RGB
1178,page-1178.png,302524,66215F050876765AED4F23930FF05DD59A2E93099FE46E82FDD60551097EA3D2,827,1170,RGB
1179,page-1179.png,267487,01045BE4E18B3E412DB5B91609C77C9E2BEC35BEF05ADECD49D8BA6FCEA612BE,827,1170,RGB
1180,page-1180.png,272319,80F0AB58914F845595751A0858B21EC2DD77F56B1194B02780B10236EBEC3331,827,1170,RGB
1181,page-1181.png,263382,4FC3A16B67E9938BF34565EEDFF2510E2F07A06B0D3DD05436FEB569F32D945F,827,1170,RGB
1182,page-1182.png,260298,6875CEB28C3A05F88ABA82300F6E7B2A9B55CAC476B56B31A7130107E364291C,827,1170,RGB
1183,page-1183.png,316289,BF73F8698F68363A5EC0FE66BBE20FBECDB49CAD3B3464CD03C43D591C15BCDC,827,1170,RGB
1184,page-1184.png,248714,0324271D9C1F9E0B788C1292361E9B2179A80ED722BDC1839B01BB4070DE7E76,827,1170,RGB
1185,page-1185.png,283742,FE026F834926EBF211E835CF2484DD73FBEECAA53F6D3D0BA9601193490FE53D,827,1170,RGB
1186,page-1186.png,295454,3A635A4C200007FB6D4370585FBEDE45A8EF1FF5860FF41CF5CD946861628CCC,827,1170,RGB
1187,page-1187.png,286647,71598B6C791028A6C69344A80660D8575170DE0EF1782FFD939663BB6E89CA55,827,1170,RGB
1188,page-1188.png,266508,D1423CB58ED2944798A75E412CA73C63624E844B71C5305A786DFD1D4190885A,827,1170,RGB
1189,page-1189.png,312299,A42C98FE53FEF2DE6E9F1AF03B747F79D0F83FFCD28F2B3BA6C728706D34EB7E,827,1170,RGB
1190,page-1190.png,256001,1FF9F0DBBD292D8E2A5BD42C48F82FE03D0F2E311F1E65337C536B623439E929,827,1170,RGB
1191,page-1191.png,272107,C43E66CF953B2764E7199B97309C9BC93C9B10AABC16F5EFE2C1B408E3011948,827,1170,RGB
1192,page-1192.png,236039,1722D4160186818A50F8BCE5348FD228747223A1FB6F7CE768DA85098B960580,827,1170,RGB
1193,page-1193.png,240076,5ED55E377A2D68CD67B37390771995F7CE22C37056ECE894E227798B2560EC3F,827,1170,RGB
1194,page-1194.png,282691,1A13676D223317BE738D31463D8BC9FD6EF98AF368938E27B6D0A8B337ED10C1,827,1170,RGB
1195,page-1195.png,268559,60BD0ECDD30261518B22248C93DD3912282F9C348D9EB0D1134F011C1071CFA8,827,1170,RGB
1196,page-1196.png,243837,20C8C522DE4DE989DABFC80DE2B24F88C88019DF6B16CD6243B0C4AC401B1321,827,1170,RGB
1197,page-1197.png,204915,0D1807141855BDA4239ED20C69FB3484DFBD9AD8DD54A878D53F9F577812CCCD,827,1170,RGB
1198,page-1198.png,246651,3CD2A2C18167043CD4ADC05709103894371CEC7D871BFB4228562420BF2273EB,827,1170,RGB
1199,page-1199.png,244374,4F650F35ECDAFB12E3D1CD0215D6CF6E1F55E6C558566141147CF23852A83DE4,827,1170,RGB
1200,page-1200.png,195843,BB527850149A8EBD508F2099607A01FBABAF2D6D8BF7A8A2D2F196AA5786CE60,827,1170,RGB
1201,page-1201.png,213849,225DFD60A8C8C5248D168E501124A88D1583847764E54F3E5924CA6B9B0303EB,827,1170,RGB
1202,page-1202.png,280484,71AAB5E05178A3AEB4911E028F86047B08574D873A1023EEE91C072F01F1DB7C,827,1170,RGB
1203,page-1203.png,234177,F1B81912E178B4BDB50633BE68782A97BC3078A1FE99305A4A68763CCADF8D30,827,1170,RGB
1204,page-1204.png,312616,941FF29D4FEC7A3A7E615178F5B9DD15BAE30467EAB7152B4B279937CA8077F2,827,1170,RGB
1205,page-1205.png,295092,8D0A58E904CFAA1DC8D61457D15316BA11B3C4270C3B588D21AAF30167B46B98,827,1170,RGB
1206,page-1206.png,217719,90B00144FEDDBE09978DF1E9C2F9E0536D43AF1D4C47AADBDB90AE8454F73386,827,1170,RGB
1207,page-1207.png,215190,F528855207DDA2C4E25944082F8EA07E1175AC50CDA8B28BE98984EC60561159,827,1170,RGB
1208,page-1208.png,272842,0534B1D75277836776FBCCCBF3498031F8CE6899BB173AA87036BCF732D4CC93,827,1170,RGB
1209,page-1209.png,239377,8B98F5433A5A0AE12021C938F36697A2DC18C0CA25D11AD11E0EF2821BEBC2C1,827,1170,RGB
1210,page-1210.png,274150,C50779B6D158427D37A60932E4F697A462C8B01ED10A7DAB0BFEECD70242A3DE,827,1170,RGB
1211,page-1211.png,292683,69DD39B546E661AB1E084B278CA777DC0A328434D98AADCFF4C7286DCA00C5CC,827,1170,RGB
1212,page-1212.png,327571,CBF3B1E97D8D6852B8B02EED6ADC4E02AB701DB42FC42F40E9EDB4F0281D370A,827,1170,RGB
1213,page-1213.png,342815,23CCC1406B3EC9F36FD6FEF304F1259222AEA8221C2F1E5DC7BE758F2D142E0D,827,1170,RGB
1214,page-1214.png,233891,61E55B4D284524574F1C8894050F1669D4C136C32A13DCFFAFA2B3C5BEBB942B,827,1170,RGB
1215,page-1215.png,243631,C19B52D1C235958937B2BD1ED69373893302AC3C65CA47897D597B3137B6F407,827,1170,RGB
1216,page-1216.png,292921,1A1A113CAC79A8712B053D7912B0C6C877607C8DBFD5EED7F25118DA4A52B2D4,827,1170,RGB
1217,page-1217.png,242843,4E131F3986FFF49AFE6890B2A409D8A16A5D5C3AC7D055ACC7F495AD79D117FA,827,1170,RGB
1218,page-1218.png,254040,0381846AFF84F52C4959B4EF809F269721D4FC7DFE2A3CC0B3086B998D074405,827,1170,RGB
1219,page-1219.png,281582,C19E31EA5E60CBD1AB8AB58A923D2E79AC147A02C4D7AA8328C2674DFAC20621,827,1170,RGB
1220,page-1220.png,264729,327E894EF775FEF87AB9B62E1B451527DA7187BD647F14F0801560450175AC7F,827,1170,RGB
1221,page-1221.png,254582,5FB106AD8EF9514EFC04E171459F43A0EB9787871D41D6F5CF4D1E26E88FDF4B,827,1170,RGB
1222,page-1222.png,254470,1DDED0C82D91C0FC790F60D6F3B23732456C13E0F958B8191E4C35A99C2EE587,827,1170,RGB
1223,page-1223.png,209923,778643CC0B84E1B877CCD3FCF62F3C92BED60AE3D96AE1788503D31D529B0213,827,1170,RGB
1224,page-1224.png,233237,93CF91F12D5193B4DC2B6F9DCCF4592C11D2C19078D4E742B7812CA05B89A7A7,827,1170,RGB
1225,page-1225.png,288091,EB22407CE506698FBE4450D4E0AAD8F51BEB5A5D37019517BEFA3CAF1DA9E553,827,1170,RGB
1226,page-1226.png,342258,6C098E55EAF285BD41D1B842B926E5705F7DB3B69E74AD089A90127CEC78F169,827,1170,RGB
1227,page-1227.png,287114,0D903744982907B814391A98709B96289C4BBEBD38AE4B4CE04AA2234C5A842D,827,1170,RGB
1228,page-1228.png,301481,ABF4FE7CB3CDDE756EA222D487D3B813DAD59E8DD7F797D031DA8E2F4EFCDE67,827,1170,RGB
1229,page-1229.png,230773,E51E4E5CBBAC3954F29741CAC0C32DB0F4710C276079BBE4BB91DC7B05BFB774,827,1170,RGB
1230,page-1230.png,246898,249A7363E23A7D11E038944B417665DD25430E32ACF01C4193E35D21FFCE581A,827,1170,RGB
1231,page-1231.png,237001,1E9FECE6F495B057FF48B5C8B37BB8BF42FE81D877D31F6F28A5E0F0F43F705C,827,1170,RGB
1232,page-1232.png,223040,C739390046043D10DF453A23CB5C658ED4FB6F2C743CB13AB6C43AFC2890BBA5,827,1170,RGB
1233,page-1233.png,275953,FF11DA572760148D2810F9A4236C260029519A304693D3C44810526054EF8BFA,827,1170,RGB
1234,page-1234.png,234526,35E3D89C87542CE07F29A0BD219461D2713F23295F13E9F4B25CCCE441635070,827,1170,RGB
1235,page-1235.png,205960,44D9DD6ACDD82391E249EAEA6CE47FBAB8F31F0D0355B349EB2EAC08988FC41F,827,1170,RGB
1236,page-1236.png,261754,7D1B412768CBDDC277067FF44EE392F9D831894669296F06120CA68C89CC907B,827,1170,RGB
1237,page-1237.png,330187,9763457A806AB89E3BC5B031A2BE9FF1B34ADA22C47796DE6307E6B035C4511A,827,1170,RGB
1238,page-1238.png,285853,13E7AD8FD3E0E1ACEEF1D4BA95295BD97E3A795EFF14435AB9A64F67601B2914,827,1170,RGB
1239,page-1239.png,206317,E53303F8940AA78F6FD4B0254C941F9EAD0E49D357324B738700F4411754FCDF,827,1170,RGB
1240,page-1240.png,227715,62963412D58E4A2D4A388B063C25EC165F488E56FEBC75F3C7F87F2A36F8832F,827,1170,RGB
1241,page-1241.png,295718,19A45FA12E961EE3F2A81C707B5F6687320BA0B3B060F72F98A46E86535F7A8B,827,1170,RGB
1242,page-1242.png,256091,78448D4A35274710F355DEB98781D1320B72D1E832F0A0A607059050C073AAB1,827,1170,RGB
1243,page-1243.png,293797,EE4752704903149E473C8B3E3F664B0685428EFC93C4B17B35645F96A00AFD15,827,1170,RGB
1244,page-1244.png,307321,5FC508AE681C633542AD76754E993FD5AB30A65177CFA349486776486EAE51EB,827,1170,RGB
1245,page-1245.png,246498,84614536830EABFE6EFC3A935CFF70BA59E447FCC22EECAA794BDB2519A1E33F,827,1170,RGB
1246,page-1246.png,292912,3E4310DDA4A6C20B21F357F77013E75E116924C68F0A3EA8528382E5E1D0D7F6,827,1170,RGB
1247,page-1247.png,297337,1AF3E706FB6FD016CBB6B64CD16DB2D0234654797F19DD9EEDD7CAC1C57AF886,827,1170,RGB
1248,page-1248.png,271420,04537837D895285960EEF48CC4D96BF04A69C5E9CDE9E93E757FD7A8D840F016,827,1170,RGB
1249,page-1249.png,301953,2AD24D25A26E1FAE16CF86EC288DA9AD6F44F7A500207EF3175465E96C70913A,827,1170,RGB
1250,page-1250.png,220656,623D2BC88B8001436CD9DA706219E85CF0D60B68245BB2BB53D8866F872CF70D,827,1170,RGB
1251,page-1251.png,237893,850B661018CC976EAA51EE44161581F26A5BE0204DCA2A6CA7AE17B27829D46A,827,1170,RGB
1252,page-1252.png,214552,2C5AB0DFA2FD3AB0D46DA20BF0FF00E3ED8802BBDD00F46D7078874DC575958A,827,1170,RGB
1253,page-1253.png,164694,79507070EDF8142D99BE25F5C63192B0AD7D2A69F3B39D10ABAD7D1355F235D4,827,1170,RGB
1254,page-1254.png,293588,313C4CA591642063D73D81A3C0D13BD9797549D0ADB4F54BB0DAF0A995B46261,827,1170,RGB
1255,page-1255.png,228958,ACD01B48421ADF48CD5824E7DAFAA1A0B66965DD10B99A922D46B36468A5715D,827,1170,RGB
1256,page-1256.png,247557,5D230826745152CD869EE7EB57094ACF9119940D93F2BE1C41584D38F4C95431,827,1170,RGB
1257,page-1257.png,260127,537A38E73AE06D4FAF74A60333C82682A315F69D1C48FC32F33E3780B251D5BD,827,1170,RGB
1258,page-1258.png,281419,5E297412411A5E8BB8438C01C90F4C91FA6700BA9C0ACC89BA01130AAB440252,827,1170,RGB
1259,page-1259.png,278318,55E7A578B147D48E97399C95177598F5A62B1CDBF7A72F740ACFE649CEFC4121,827,1170,RGB
1260,page-1260.png,236748,EB836F5DD3F13070325AAB9A0FEF0BFE8732E6BD1C837B5F0DD54ADCDF9F7432,827,1170,RGB
1261,page-1261.png,206903,6E576344E4EC35C7635F8AC51AD7AF81EAE59F0A4D0B6C7C852D42FCD5B5E396,827,1170,RGB
1262,page-1262.png,323755,98DC9D46BD10A8BDA78D696BDD7455F88965EF112DCF6AC798D55E31AF6ACE4B,827,1170,RGB
1263,page-1263.png,305547,A35EA52691F9E2805FF19DE442E9E7F58F05044BA440FC88155092DD0599800D,827,1170,RGB
1264,page-1264.png,279864,BF2F4564CD6D2783CBC0DEA1E764AD921D0740CA596EF7813443D69EC67846F0,827,1170,RGB
1265,page-1265.png,350135,25F6F4BA18878AEECE076E6E85F81CDFC3AE5508415CB4CC521CE3E38744799C,827,1170,RGB
1266,page-1266.png,311098,F554A95DAE5E9BFF0E36BB184D4D4C6F736B8F20AD053224C99A329288611E52,827,1170,RGB
1267,page-1267.png,291738,408BB70938BCD7B9ACCA00E2B5E46C4CB2BBECC745E71EA0B759D6E85762A8BB,827,1170,RGB
1268,page-1268.png,224827,5BEA95575D8652AE5E4AD56B77EDE2A6309584CA481AF0D235494E852C98AF85,827,1170,RGB
1269,page-1269.png,180802,7E247E249E810CF8F74756EB7F07BF5EE9CFFEDD942C786C592E16DA98780119,827,1170,RGB
1270,page-1270.png,175836,42B4442501F489721A8DD2C2BC34CF5F9889F9248505A6937EB1FEAE0B9C2740,827,1170,RGB
1271,page-1271.png,254018,5086A94137905445E0C758CB02C4CC33FB804388CB22C1F7AD7ABE428B04F475,827,1170,RGB
1272,page-1272.png,295054,2D0B967F7F5B5818A4C6D909AD90C30EE1DE78B78C19C9E805AF5762139A4C1A,827,1170,RGB
1273,page-1273.png,216051,3746B0694F8910EEF3832201935B568B5ABE4404B0CD449DC35762E52BB48D59,827,1170,RGB
1274,page-1274.png,185086,095A98AFBB52267A46CA3318755B6BC494F2B4D08A15E1366458662B1014D4D0,827,1170,RGB
1275,page-1275.png,201989,97812A27AF8ABFC884AF0A3A343CB79FEA635C10D0B22CE8CEB029F050608456,827,1170,RGB
1276,page-1276.png,229450,9FE7832BE94B27042400B6C1ABE662AAE4D5C6475774EBBEA804D8EF9E0CDA75,827,1170,RGB
1277,page-1277.png,211822,03CE9747B2ACB59B1FC04B29F86DBE2E2F37A5D7818437EAC56DDC443837BDA3,827,1170,RGB
1278,page-1278.png,227865,E94663678EA7821270EC8223C46CBB2A5A430617E40F4FA33BAE9DF9B0D2AECD,827,1170,RGB
1279,page-1279.png,224990,6833391D72AB6D097FBC7391F0F69975BDAC38CF692FC16AA54F1BA6279BEA14,827,1170,RGB
1280,page-1280.png,264668,A7EC7DF8EE3521AA41A83BB7C1ED66540020146A24398F51429DD751B9653627,827,1170,RGB
1281,page-1281.png,215884,20A89913C286EC3978ECE300CD8A7B0F9E46130F4DCC7F4635BE07678DA26A62,827,1170,RGB
1282,page-1282.png,194324,C80761E9ACD397717CE6EA9C5A48EF4DBEA7B6F9B1313A5A10FBF2F4F1932BCA,827,1170,RGB
1283,page-1283.png,252832,754971C2E1C3CBF12BA027B8212306F47B0161F6542362B9AEE540BA9399F4F5,827,1170,RGB
1284,page-1284.png,274274,B551C60763B812DCC554BB2D5F53CC940AFCFC42ACE5C7CE2C97808107081E8B,827,1170,RGB
1285,page-1285.png,155078,600AA1535EF1EA4B5347BCD05B8D90714826E1D2BD959ADA98C9D0A36CD9E74B,827,1170,RGB
1286,page-1286.png,231546,7AD2F70CE1D1EBDF619523BD5D08C50F96428C29ACC18FC232E0C83B2129EAC6,827,1170,RGB
1287,page-1287.png,270542,6A43D2E3F829D87BFBBCFBBF99DB9ADA5386AC236A89ABBCB364DEE57BA0E717,827,1170,RGB
1288,page-1288.png,215717,86A59D54DAD94247ED2C74E617EE7BF8F091090A3EC5EA5679C1898BB237063C,827,1170,RGB
1289,page-1289.png,263753,489E746B951DED9EE1458D7FA5A554B4FC0172FD214A6BD4D3F7BD2CA2947341,827,1170,RGB
1290,page-1290.png,59755,5E2665EA132460A3212C7344E1A6B5CF4EFB9EC10179C78002417D4D84233288,827,1170,RGB
1291,page-1291.png,281881,1E5D567B5CED4D83FA8646F9E2665C249EC3C07B36C6BC58C53C45C393EC3BC9,827,1170,RGB
1292,page-1292.png,242686,E7E5699FED576562FB47EC4F64E62D767D14ABEC3760D7BEFC652080FFE6D49B,827,1170,RGB
1293,page-1293.png,281962,C5AA1A462FF7E731B9651E3C2D4B42401809967171BC41D87E3AFB745F6D6C83,827,1170,RGB
1294,page-1294.png,264835,4DB4C21F9B4619BFEE9CEE55295D600AE54ADC184A9DA04900B2C5D40B42A39E,827,1170,RGB
1295,page-1295.png,251085,940AB3AC623BA7B902F37AFFC80A5A608D9651AEC99AF6A147284BADC77B02A8,827,1170,RGB
1296,page-1296.png,287977,59C4F478F94199938580E51955318D8ED8D0D7A74C2892DF28880BF9F78BAAFF,827,1170,RGB
1297,page-1297.png,366529,A1B3CC2290DB2991A0C8B2283BF00AE1E9963EFAC0AB90F9B96AD07E8BDCABDA,827,1170,RGB
1298,page-1298.png,258941,4CE19F8BE6E30068038ED48AC77DDABE1CA4CEBD0E47BEFF2B877F594B7A13E9,827,1170,RGB
1299,page-1299.png,239334,9B500CCFA556BE35C8C3012EE101E048B4BB9776173FD9FF0F456A009AF6552C,827,1170,RGB
1300,page-1300.png,245640,B7BE81B7AFD8D36F4D69465E1D9AA16ABA63530ADC130255B33F111A732808DE,827,1170,RGB
1301,page-1301.png,254373,DB3ECE0E15A298D60180E94E1AE7ADE54EC7F7AC00154A83F9920850FCCC0C01,827,1170,RGB
1302,page-1302.png,302333,173CAB0A63BF2B5F8858E8379C2160E56FFD472DB98D75FC5A114E768C0670BB,827,1170,RGB
1303,page-1303.png,236365,AFE71F7C77E1680DB5270E49C3C56F974F27B85B3E79D8B3E889A1F4DFD8BA5F,827,1170,RGB
1304,page-1304.png,261955,A997238E56CBD32FF5E3284171E43DD59469CA2E4504240A56B6C377D1F210F3,827,1170,RGB
1305,page-1305.png,236998,ED312EFA65CE9B4BDBB72BE8EA34244B989F875920D636E3AE300D0AE1FDF1B1,827,1170,RGB
1306,page-1306.png,277500,356F6A3E8C869A13EFB5B193410A1B34F5346B5697BBB5852B77B6F6671F99CB,827,1170,RGB
1307,page-1307.png,306846,FC192611C3A65D8D7B0E19412D2ACA110E247776E18A4DDCA7E58641DA921FFB,827,1170,RGB
1308,page-1308.png,218395,61762F181EDE04B5E7595F30464282B41714E6E20555BA64555A67008087EB35,827,1170,RGB
1309,page-1309.png,327144,82C17ADB71CE6FF082293A14CB7A7D299CB18D5418DD8647BB254AEA20297B4D,827,1170,RGB
1310,page-1310.png,262618,CC5F6FF6AE7E9109FDB992E8AA7192724FECFF71FFB258F1CA87FBA73707E578,827,1170,RGB
1311,page-1311.png,268109,7E4E17AF5A6A55DCD057942C3E1CEFC9EA7F8A94006CFAA2ABCDDCBB3F5D1BF4,827,1170,RGB
1312,page-1312.png,281662,09E00EBF25FF786981D05224E0972B9F08689720A12BDF268421C4FE0F13FCA3,827,1170,RGB
1313,page-1313.png,299818,B7B6C8004DA7A98125AB719F46AF64C7E2D29C20F187F1042CB9AE1C35104DAB,827,1170,RGB
1314,page-1314.png,227224,AE83D848837C54C9AC8A0FA474EFCBC400296999580668278664FF7800A8E65E,827,1170,RGB
1315,page-1315.png,246042,FC86B560B44C84E8EEF3AED3282B6912EEAB5CBFF4DEA06F33856F275F150A97,827,1170,RGB
1316,page-1316.png,208548,FADD503BFDC4BA33BC31A73586D3E1A3DDB1E56F47FFD6D101D8EA0ED495EEDF,827,1170,RGB
1317,page-1317.png,198544,5F452FB2458155D6A57E872FDBA7123034143E761A5902AC5587262D4580CF8D,827,1170,RGB
1318,page-1318.png,47949,A900DF50BB7EEEE4783C14E7D57120D6D55DC82903F0DC15C6080C08CFD5BDE1,827,1170,RGB
1319,page-1319.png,257950,529500522CDD8879727AFD79DAC546E84B72596F4A6D1C05242131A7634F9763,827,1170,RGB
1320,page-1320.png,340658,D6A5169E6C370B20C66E0FEA6A84A070DE89C71CC3A99C1676BA3D3C0A7A547A,827,1170,RGB
1321,page-1321.png,301073,CE98BBF390D41248A433C56DF319BBD9524911302F1F6A1DCC306C3D6D72CCF2,827,1170,RGB
1322,page-1322.png,318671,C37A600F45713A4EA545F06F81C6FB72F998C9B05DA62929401FE8E54F9F573E,827,1170,RGB
1323,page-1323.png,314447,725C58E66254D202E67D735CABC0B889B0774CB61965B6F1E0ED5989075CC1D2,827,1170,RGB
1324,page-1324.png,297518,2D1FB48330B2D663872B1AE9C10E6100C611ECC0782B346BF7330D45CECE0540,827,1170,RGB
1325,page-1325.png,290691,0A711B9F8FCACCF919F31FF7A6B47736AB647A15A06E2C9EF03E080AA1684FCB,827,1170,RGB
1326,page-1326.png,298758,693FF94BB66B06EAB07DC9C04FFF0F45D65CA0331549C296A85BCB84FA7FD40A,827,1170,RGB
1327,page-1327.png,308526,C8A2E4C1F685D9458D1A0A6D97900EAEB48DB527D407E8DB3F269EB9F39BBDEE,827,1170,RGB
1328,page-1328.png,272241,FBB9CF9075B7944FB0E75DBD8D67907E0D4F6CC6C0474D434F3F1F9756B5FEE5,827,1170,RGB
1329,page-1329.png,333680,B334ED68A6C9A69A8A09E2D89F19AA9F56D089324629BAB51475B2FC2FA524D2,827,1170,RGB
1330,page-1330.png,249112,3C5F4D3AF191948A096ADA0155DAC367C8C5A126D18BED09B8DF1C4ECAAB5358,827,1170,RGB
1331,page-1331.png,305397,8BABAF9F59EB7D231025EA46282FEC04EA71D79D6F020746A4BAB51DA2E40008,827,1170,RGB
1332,page-1332.png,243823,7A7D30DD3E2ED3992D40E2786403BB1CB17B564ACB86DBA6C0548A38B192C37D,827,1170,RGB
1333,page-1333.png,262363,04521A8ED4DA41B8B8A65BAC836BD971EC3B9EF1DA7D836C1627DD5DD2FAD7DE,827,1170,RGB
1334,page-1334.png,271891,BFF5C4B95FFFB717FFCF0AEFE059BFB578270BF855D22F6459B08C156FFF1A7E,827,1170,RGB
1335,page-1335.png,200641,59E9273035066018BFA8AAEFC5992AE8E2556BB20D1CFE3DD92C626D5354C86F,827,1170,RGB
1336,page-1336.png,229214,90B62EBD04855ED0FE27CDB1817E83508FB28046612675651378E9A3C32E41A8,827,1170,RGB
1337,page-1337.png,256136,87DD75B3812A3BD3C596180C188CBE5B19420C5053F80E41DA57F14DC581467A,827,1170,RGB
1338,page-1338.png,214064,61DB6E6FE0CCC27CEA01DDB9E22295E92C98481010D378B2E845853BD37C13CB,827,1170,RGB
1339,page-1339.png,251027,075B53E65FDDAA984E9BBB904BABE8BA137FE60298854A95B99EA13854808D5A,827,1170,RGB
1340,page-1340.png,246759,4EBAEC3B5FD07985232F15E2E8BE83EFF54BBBA4827C5C103D7D9D48C8C2B7AD,827,1170,RGB
1341,page-1341.png,293054,BEDEB9E00A4A2D21E3F8D8BA62D33AE2E6F071453F20254B337272FBDA42F6BA,827,1170,RGB
1342,page-1342.png,223545,95531B02731E581A4D32D73BE717656B93936BF272CBA8F8588E9EABD81EFB9E,827,1170,RGB
1343,page-1343.png,269343,A826C2F5DA61D660C81E5C4F7AF20D5C79193BD9DF39C6BF17CE64A885895400,827,1170,RGB
1344,page-1344.png,243704,068AAE71FC9F0E1E0584C64CB5B6B2E823EE5A659BD1B28702BB8DFD0BA0C94F,827,1170,RGB
1345,page-1345.png,278419,5B77F766FC775936F95F47C20FC933AA8E069BF170E0FEA6FFB59DA741038D3C,827,1170,RGB
1346,page-1346.png,335196,7F785775AE7E3F9D1476922679B19D3696F5E325C0ACE0C65E3576AE0D71332E,827,1170,RGB
1347,page-1347.png,322554,C7E7E66B591C2417209894135F7C947FAC59FF63A0FB348F608E79062352E6F8,827,1170,RGB
1348,page-1348.png,308208,61C9F64AD13B29F58FCCAB400049B1FF7BA0FE4E1718B088917D1E300BC7358A,827,1170,RGB
1349,page-1349.png,274214,6FC313D5B58EC3E7195A5CE664145D18D4A5A8208EE38490881AA61242489DFF,827,1170,RGB
1350,page-1350.png,268545,4C636921EC665A758EF008535652AC28677C433B5B14E9A22D0BA0E457C3424F,827,1170,RGB
1351,page-1351.png,300326,2470C2848F831181678B3536CE3F0B078FEB3067CA6EE299FC0A4AB890F9D622,827,1170,RGB
1352,page-1352.png,288399,3A9B0BAFA2E7A7142BE167F518D653BDA8230D8355F93E726AB95890876E4012,827,1170,RGB
1353,page-1353.png,320653,A61DACE78C613E386B53336228D79BB3B8EBF4693856EA6E612A61E05B5B0142,827,1170,RGB
1354,page-1354.png,298322,B143BB66ACA635B52CB70FD26F37ED183CC5080BCC2F1BF8B38E5E6A631418EC,827,1170,RGB
1355,page-1355.png,294617,B406637D40A9AFDA454907C9DF7BC78B0B53DD74E5A9DCF14EEF6433AD850A43,827,1170,RGB
1356,page-1356.png,263182,A733637DD3D7B9F0B0DB049F269126F2BEF59E28BEBCEBBAB7D1DE9FC97D793C,827,1170,RGB
1357,page-1357.png,245347,F6A345C3FFBEF186F5235A4C86CD7EF8145219CB29D64BACBC90EFE516875CBA,827,1170,RGB
1358,page-1358.png,240049,BB28F3F58C1F49A2AE665B595888DED9682315243F4A9E7B706ECC94201AB72C,827,1170,RGB
1359,page-1359.png,314528,86E159FF7868A7CABFC9D99E24C27074FA119748CDBFC5FC85405541EDAD2956,827,1170,RGB
1360,page-1360.png,341324,10DEAFB2836B0E037F58E50D4A2B24BF6F4602F2204BBEDC8196F9ED5D7C2DE7,827,1170,RGB
1361,page-1361.png,289670,BC62D009A151C212B9B6967E3ECC9777C8033A7BBAD592BE34AA7FFF334C4557,827,1170,RGB
1362,page-1362.png,279495,CCD4D42615883F0CE8E03D315A853A8716A0395EBFA5CE700C0BBA2973288721,827,1170,RGB
1363,page-1363.png,220119,2DF5B393C98B3B6CC6567C9F9727884E98DE34B83DD84099D4D2B1A3B54329AC,827,1170,RGB
1364,page-1364.png,282645,6723ECF48FDE279A973021CBABC2F83ED90180E498044C8438027038F872742F,827,1170,RGB
1365,page-1365.png,216259,F91ECE95D772689AD70F97786B640D0B44D4E3CE5765B40F866E439ED5E0D131,827,1170,RGB
1366,page-1366.png,233723,5A50081519C6E60611499D1CE5D19CFC62B35E9BB6BBF5E2DEB876C0BB15B709,827,1170,RGB
1367,page-1367.png,308610,DC5C5AE861D973ED83EA4D1DFDD06CB51F5FED04FF2955AFB4834745A4918D54,827,1170,RGB
1368,page-1368.png,273133,4079D9A5CAB3374B8169D12C25C8F76D52716B89CAA0EEED04AE6999CFC97288,827,1170,RGB
1369,page-1369.png,257487,B2EA9C97F716416E1EDDE016021FCEC02A1F1085DC87010156A7886216EA2C3D,827,1170,RGB
1370,page-1370.png,243033,6D602DDAAFED9EA5ED13D4C04705AB89849C6FF06F4E47C3E358E228F96DDD33,827,1170,RGB
1371,page-1371.png,323972,C4D921001EFAFE6516937BAA4659217AED17E9E447D42D3BA46D550DBABE7C60,827,1170,RGB
1372,page-1372.png,307287,B7135ADCE624685ABDE593EA0DAA21DA61B2AF9677EE390B625DE904D978A143,827,1170,RGB
1373,page-1373.png,228294,FD2F2E59485E509524BDF6F55C61739E9E44217E27C796C20CDCC5158C638888,827,1170,RGB
1374,page-1374.png,314987,84CE77855FF416E95CFC553618E51736FF2DB95EF804851D703CCD7B37DDD65B,827,1170,RGB
1375,page-1375.png,160208,9F35932252D30F099A272C7417039DB8F71436941E23FA215FA2ED4FAF1131D2,827,1170,RGB
1376,page-1376.png,160587,E044B98DA5C322C315C92EC9EDCD57ED797F3B1295AFE8F5A1E09C2F021F9A2A,827,1170,RGB
1377,page-1377.png,275836,97AA46BE4C6D94D449C427ED7A69B3F57008E1E08371554ECDE3772B98CEE438,827,1170,RGB
1378,page-1378.png,230425,3AE8AD44CD7D61457DB152F80E5305B629C4E187EA8773267426C9408C4B1D20,827,1170,RGB
1379,page-1379.png,199108,B3A05CA7C9FD722E578D6A91020CDE2D7408E253C0465030DA3BFA182FE3E900,827,1170,RGB
1380,page-1380.png,229440,D08B2D71CC0FA09A31DAC44FBCFB18C1606EF651722237C30FA4217400914721,827,1170,RGB
1381,page-1381.png,225257,840354A2B08C7EBF1DF489ADE42B0310221144B6B19143B3C5C20789852E7DBF,827,1170,RGB
1382,page-1382.png,191576,1653AFE55A624315E5588FB3DA35E9C2608CF0F620D2A61ECE0BDBEEE6582308,827,1170,RGB
1383,page-1383.png,218116,FC443198A720021A72F71CC069BE0EA536ADEB7BD92FD885B0B093B5FA80B784,827,1170,RGB
1384,page-1384.png,275809,5D79E52FA2645AAEA145CB7B370C938C17DBD79297CE90CE2823F18FA738C19D,827,1170,RGB
1385,page-1385.png,273970,AA58A00561538E408DEB9DF1EDD19B219F51F425691D5C4C4FC93408B25E2FF8,827,1170,RGB
1386,page-1386.png,271410,A14FFBCCAD8F4FDB4F7B0FAD6CBDA0658E0788E57E441F5C7C9D7F5417DF406E,827,1170,RGB
1387,page-1387.png,252554,0E71EECDEA62A5D3BFCD760C21C8E20A39E20FF67EC0C827DA55B82D18A5939E,827,1170,RGB
1388,page-1388.png,266901,7F0C128567BE7B2A618E93D9BBE13A18EC8B1A34291DDADA685B3A886B73196E,827,1170,RGB
1389,page-1389.png,231554,7F8BA891362D09B8132B8CE7578950CECF803FB60D643E80D207ABBC2A4C5C02,827,1170,RGB
1390,page-1390.png,272633,8E47C38EDF1B65820F4B15344A4803562E30A330A3BB124F26A585B7A3BBC3A6,827,1170,RGB
1391,page-1391.png,248166,3A4313BA555FF7829F452705B25D6C921E6308FAA2D864610E5C2A4B26F13971,827,1170,RGB
1392,page-1392.png,230733,C85B1C8FA90FD518A2251A0D257A5C2FD6F451979C1CAD96525A086957C357E5,827,1170,RGB
1393,page-1393.png,247139,DC55D0EBE49A0C5F3AFD28D5FBDCB538D09960CD071E1337D31F5D049D6B76B0,827,1170,RGB
1394,page-1394.png,272685,64F3E7F63BFA2897E8B93BE376CA710ED0760B38775CECB7456F614446D236B9,827,1170,RGB
1395,page-1395.png,193420,B420B08AFBE473511ED4D9448FD0884099A2BCF79B677579ACE3E4759962C9F8,827,1170,RGB
1396,page-1396.png,216001,9946B087C9DD34036B4F6765E6CB4B8DC4BF62730518E4DE597BE73EA9656450,827,1170,RGB
1397,page-1397.png,251799,52E5463664A26D9E4D1E29F22625E8CFE6FB3D9116194DB5D8A33F81B2B37916,827,1170,RGB
1398,page-1398.png,248800,14E1EE0B40E893B6169215D80B6B344DDEDF5672DAF0CBBA0166EB05E2754C70,827,1170,RGB
1399,page-1399.png,290146,74CE5AC6DD4DFB8E26969ABF86B0EFBB0144DCD4BD172D044AEF63C721AB3A24,827,1170,RGB
1400,page-1400.png,247554,B7B2C54CC63D8CBE9684650C5426005203D6C6F97DBE29FD2A766E189FC90BF8,827,1170,RGB
1401,page-1401.png,217451,4D52F155153F18ED697C71A3B1D87A632DA8A0D169CCB002DF4C41EE25C04D20,827,1170,RGB
1402,page-1402.png,299088,11F1875F082AE9742C7EA01CBCAC6AF97C4CF7D59C42EB8D685520DFC971BA07,827,1170,RGB
1403,page-1403.png,250995,35F916B2F4BD9F35D87F97E717B356E04D824895717D244BE5F8147DFBA6D997,827,1170,RGB
1404,page-1404.png,238801,FBCA5B192056A77095D6511B6D72E8285E5D6073F12B685838A8DE9D0E56330D,827,1170,RGB
1405,page-1405.png,323822,6D502D66A6C80F39C67037AE7955586778C70862E8D67B66AEF8AAC9D95B9243,827,1170,RGB
1406,page-1406.png,255370,B2212AA29C7254082DF79BD5BEAE4826712872179FA2B649802BD8CE00153A40,827,1170,RGB
1407,page-1407.png,268364,1756CD4D15AF1F269BD6F1B78DCFBDF0F39AB73DDB4C8CDC618DFBCD61D9C56B,827,1170,RGB
1408,page-1408.png,273118,3BBE00398EA1BBF570925A40FDC6A567401CF023FBDC811D396AE108A64297B4,827,1170,RGB
1409,page-1409.png,261648,A13A914A5B47C9305BB98E369843013A430BAA4BA6FBC5DF3541A26AFF81ACF9,827,1170,RGB
1410,page-1410.png,205325,EDE5350C9754EA89F3DDD3E9F98C90708C5A15B05C72CBFF327FE5FA126A93E3,827,1170,RGB
1411,page-1411.png,249233,86F9E14C1A95FD4CFD9AAF42BDB7665E837DB0F2BC3AC3C9561DCABE3305DFB7,827,1170,RGB
1412,page-1412.png,262764,8C87C5837F7F54F651FD67E862847400AD58FCBD1E7230F3F9E327CDB58A749A,827,1170,RGB
1413,page-1413.png,277095,3A8948E193C637359D455008AC0C2DB56597351C48E77BCDCE58D1CE1F7B74E3,827,1170,RGB
1414,page-1414.png,161370,599D231AB660835E078CDD8B509A836CFE22579A16FFF265D3669C4F9B8415D0,827,1170,RGB
1415,page-1415.png,318893,6EAF3D0A4E852FCC4683DDCDF0263B0E67CD5A0C9931CD9A95A01A2A7549394C,827,1170,RGB
1416,page-1416.png,289868,40BAFF18FED5A4CB1B6957BA78694CA123075056CEC19A107AD8EC33B8537B4C,827,1170,RGB
1417,page-1417.png,263843,A13A6C9751A7C9BBA5F4D1C727A578203918841136ED56DF9B016B2AA8356D4E,827,1170,RGB
1418,page-1418.png,329408,A2520FF152FC7C190D2004B0577A8806746575AB752C5C37336BC919B8E0B8C8,827,1170,RGB
1419,page-1419.png,270983,6EDA93651850851469ABEB5B4789379F7305463EB6C64D238349AF31839A7DED,827,1170,RGB
1420,page-1420.png,209330,9C9C0690E82C1D3E04A8886ACF5C7B2F05BF1955C1912A1302475F4597F067DF,827,1170,RGB
1421,page-1421.png,273113,446C0230549E0C995966AEB2F15018B8B2BF89501A4170FBC174788318461C86,827,1170,RGB
1422,page-1422.png,279463,C0D27FE336DDCB183D83B164626979CCE9F18D67E216821D375218E557EE6D2C,827,1170,RGB
1423,page-1423.png,282317,B50301F9313B89104B029528F7A081840D9104315293C36D04BC4C25B0C966DA,827,1170,RGB
1424,page-1424.png,324777,F2CCE8B78F3EF5314A093A8AA7F57556467958AC91E1A88FB439C73E75359806,827,1170,RGB
1425,page-1425.png,210646,941CE8178013F49DF655A101789FC059E4C6D37A419436CAE14B5286A3F460FA,827,1170,RGB
1426,page-1426.png,236726,5B908A88AD7314A046CF5E5B2EFA37BAB59191EB9672567D045C0A5C289D11F3,827,1170,RGB
1427,page-1427.png,206699,A497D7CF517EC51B1CE0F5A0F5D4C74C525F49AA27FB1A710C321BBAE355E303,827,1170,RGB
1428,page-1428.png,84024,5562693C12F4EE55A066D83B34BBF4187D23F4F9B9C3EB39F10E087093390A17,827,1170,RGB
1429,page-1429.png,242940,5B20B62D647548B845CAF184AFE33D8A9CC714B2ED3C1B05790A17B8625E0F73,827,1170,RGB
1430,page-1430.png,256103,2340582F49A1ACD8CAC95618B81AE3FDB720D4F9AAFCAED35C5FD283D73D31DB,827,1170,RGB
1431,page-1431.png,316547,1342354A3923CEFAC018B54B2B64E28B9B8A28507F18F23B995533F87653B881,827,1170,RGB
1432,page-1432.png,336059,EB89A3CAE291F1ABF4182E35ABCEDC282AB4A67C9BF8E2C7A67BA1FB2E942299,827,1170,RGB
1433,page-1433.png,345296,A19AEDC504FF17B712BE086817C5566A4B470745E923E960DE33B8D54EC42EA2,827,1170,RGB
1434,page-1434.png,294608,C1369C2FCC37F5D220FBB3196C4C4C8A0A973882E28965F93E5F2FC90B243E82,827,1170,RGB
1435,page-1435.png,285936,1144219C8016537F98BFA98BEC5FC2EC17D5658B8B911405091E0142D1A86698,827,1170,RGB
1436,page-1436.png,291610,96CFBB2CDA9C586F371EAC966E78DF3DD27CDAD3CBC3A521BF0A575CD798953A,827,1170,RGB
1437,page-1437.png,260203,5EFED82C5ADFF3D0B436381F18580A18D96B7C42706EF03D0E78482BB2FE4B27,827,1170,RGB
1438,page-1438.png,301935,51CAB4FE259BD5C195D33B89492222E5AEBDCD3278CBF9E00F11C8B88682D2A0,827,1170,RGB
1439,page-1439.png,342748,A742DF207FCC7F535CF7C0E26CAF35B775E085536D0F8766CEE9FFF056B9B2E6,827,1170,RGB
1440,page-1440.png,328977,93E18A61329F9C344CC00F4752FBABE248E0FC300C42403C6DFA817EC871B874,827,1170,RGB
1441,page-1441.png,305212,3D5F0538CEDD9FD4FB85698ABBFA56AED959942219DFE13F9A1969752342C378,827,1170,RGB
1442,page-1442.png,308410,7E1C2A2718D6D2EBF37049758E4228BC407B71E2E3BDBFEA319B4B2352C595D5,827,1170,RGB
1443,page-1443.png,363812,49309F6E59D3F107B14DAD4275B6AD62EFE8B70E0951BE414C6F15B42E4799DF,827,1170,RGB
1444,page-1444.png,283274,F421E62CD38889DB2749841101FAFD4E6366CB3F9AC78860B2AA43FACDBEA7F2,827,1170,RGB
1445,page-1445.png,278640,FDA384E76BE412D97BCB320E90F5AAF2A1E8312A1C6DA09E82A550DA0F273966,827,1170,RGB
1446,page-1446.png,274599,9609DDAEBE68188B5D73A8B9996C6C0414D5769F8F20CE5C4069EBBD1A6EC1EA,827,1170,RGB
1447,page-1447.png,215623,E95A96268A5BBFF8AA87AAEDEC6CC6CE63DA588CC67D23061124BD7203F60D14,827,1170,RGB
1448,page-1448.png,317367,E6C28E1A1B1D614544A865C6FAFBFC257FEE402EB4FBF85EDEE60B6DF843AD04,827,1170,RGB
1449,page-1449.png,318228,520D3FD3F9F57E9CB3E0AC938AB3090CDBA08F060C41451E86760D28B40ACDCD,827,1170,RGB
1450,page-1450.png,281896,F4FE7302E17F3A25B0CE7B46EC9513443B9037168579639E18E04D724B1881A0,827,1170,RGB
1451,page-1451.png,301061,5635E1D4547FE5C5DABB23711698C4DF1485619602C7B2D8D1C5B80158815630,827,1170,RGB
1452,page-1452.png,316949,C8F305E6C9179B866CD8F5EB589E9277996905C29E42448ACA51CF536757D890,827,1170,RGB
1453,page-1453.png,316657,57E0329E7B14DB46540E396D5FB097275E6A658CB7D9B0CF620CD8379EA19556,827,1170,RGB
1454,page-1454.png,321979,A1A9D01D4B136B2B2210780290E295E18D59ABA4E39DC3773FD5F54996F8AD0A,827,1170,RGB
1455,page-1455.png,260463,DF1DA85DCEA04D54706D6E36CFCF4DBEAF9013B3E7A8A487CCF9C73713C3CA4D,827,1170,RGB
1456,page-1456.png,255857,068912239A3EEB8BBDEBFECC81A21FB8F3CB470735EBD21D39B26C50F2A5C422,827,1170,RGB
1457,page-1457.png,291544,1CBB1402F12DF153287466DE65A64BB3E18FB77E85109BC5056910F113EAA523,827,1170,RGB
1458,page-1458.png,290832,4751096E60EFC739C3CFE4DCBD02E1F4D64E611533A03E496BF462BF4987673B,827,1170,RGB
1459,page-1459.png,278329,4FBBD456FADA46160A2802F3D38C941E44B60E9B3A4ACE9676125AE59E95A0EF,827,1170,RGB
1460,page-1460.png,284710,AC0B7158B1ABF24AFD671124B803543AA739061D0AC9A3D5647C0CED441B69E8,827,1170,RGB
1461,page-1461.png,274718,B0D546423E5FCC837A3B20CD00F3622335F7C1A16958A735490BEDE704003572,827,1170,RGB
1462,page-1462.png,289950,C4B3C7979801301818DFA8AF645341B55A57AB806CF71E3248FCAE9D4860D352,827,1170,RGB
1463,page-1463.png,244417,0E31193B19E77A3F85005DC55F69CA5C5624186132AB7B9FF95A8D42AFB35A8D,827,1170,RGB
1464,page-1464.png,337295,92B52B9620ACDA3FD74521C3B4CC1075A0C0885FECFB23A03261CD63E65DE43E,827,1170,RGB
1465,page-1465.png,269192,E211E203CBE4F454599F10BF905D0400E02628FBEFE2E1B8A9A5DD326FB8DF03,827,1170,RGB
1466,page-1466.png,253014,4CCC18FD1F03E6D716384B40367239D55E8AB6C06755115E6258F0762C97EBDE,827,1170,RGB
1467,page-1467.png,255180,D76B77689A92A18DB4765857690C395264081DA716FE70C633452D3762FBD0BB,827,1170,RGB
1468,page-1468.png,275818,A3B71B56D358DE2A71086B6B5C1D9E38D661162C6F0436DCE97059EE9C69FD8D,827,1170,RGB
1469,page-1469.png,279589,890486BFE5C1276990C43086DE0930A38D781A51754D60CAC9B26D16C7FCC049,827,1170,RGB
1470,page-1470.png,212331,B0434DB4376ED5971036FA9876E37BBA78C296B3219C229621938E27487A6FE0,827,1170,RGB
1471,page-1471.png,244493,B1275E6F54383D8F3477E5F3870F7E2AC4D464ECDF165EEF3740F0979111B560,827,1170,RGB
1472,page-1472.png,315150,7813253DCB2AC5816A21C2FEC41BC78695A70AF93004CD966ECA869AC73A313F,827,1170,RGB
1473,page-1473.png,231183,434261ABC240481C834BE8563D10BEBE575568CE244E24A8E379940077983CD3,827,1170,RGB
1474,page-1474.png,193764,F3A666FB5311FDD7BFCF4997E409E544F01348FE10D4B6546303164CADF113F5,827,1170,RGB
1475,page-1475.png,215545,D733714D4A6501098448FD8BD603BD83F7C20AEDD06B34E08DDCC26A128C3913,827,1170,RGB
1476,page-1476.png,171170,82024CF19B3E309555F30A3A786421BC3132F0A4224C5DA9432E78A4904415B5,827,1170,RGB
1477,page-1477.png,213267,2EC9480B50D7707C9A3B493AED71AD497F278BFA789B0FBBBBDA7A559BD2B19B,827,1170,RGB
1478,page-1478.png,331908,9DF10F87447949D3C24E9AA6B2E67CB2D466C9C786B76D40F0DE47B70AD3746C,827,1170,RGB
1479,page-1479.png,234394,3499859F688D057A5D45EC1DBB0960EE204C8F7A3808870DBC1703D458E5D27C,827,1170,RGB
1480,page-1480.png,351610,67D2B816BD26E69AE281685BCB0B71190EAC72E72E493E78B9B1141E60BF74E7,827,1170,RGB
1481,page-1481.png,250815,6E7F488355E2EC2CBB7C915629140854FBB13B48680D03570BB8916F0115DFB3,827,1170,RGB
1482,page-1482.png,194035,AD2CB90DB24AA14CD0A0D794C89A0734E72D385B9CBDEBA65475B501B975924E,827,1170,RGB
1483,page-1483.png,295443,059613265B0D5DBBD3068679154961B5AE9D0C1E848FFE66C5CA9B538FF3D6C0,827,1170,RGB
1484,page-1484.png,221724,67C2AFAF61D7D85037957DB4E50FA71012C3207AF15E01F5C9284265946A5A82,827,1170,RGB
1485,page-1485.png,234815,5D7CCF0FC0DA6FA9C093450AD33420904CF78619D738563EF672B716F4F2D00D,827,1170,RGB
1486,page-1486.png,233528,F69AE1394581DB82763A4A28ABC467FB2E8F3C9A53134862E78A02FFA0019B3D,827,1170,RGB
1487,page-1487.png,230258,0E6105EF0CC23F7388C76F1A3637717E4DFAA2DD1916C5A334A6B013E1766FCD,827,1170,RGB
1488,page-1488.png,232325,F82ACCDCD548D160D461EADB3DA00B4B8EC1E7A01A1688CBC43229F197CB0963,827,1170,RGB
1489,page-1489.png,310526,E25687B7A3EFB0C08D353E6AE8080FBF01EAF3ECA37133ABF8BBA723EC4BDA7A,827,1170,RGB
1490,page-1490.png,234106,4245E1FBE92DC5F57835D934D39C5228A12B7CD5A90D90A085237090820B04F8,827,1170,RGB
1491,page-1491.png,244156,CB80996BC091F56B6FB67956237E22AE012B09D9851F31AA17DD65EAFD7E0CCD,827,1170,RGB
1492,page-1492.png,152167,62296E0EFAC49225B3AE127F5F82B4A2021D93B746B6565CCB87C3A3D9584E46,827,1170,RGB
1493,page-1493.png,230347,BC720A8F1EE2EAC6F2B841D3891E41F6BA298C0D000CFB2912B9DDDB19C69527,827,1170,RGB
1494,page-1494.png,247945,9F6CD61510E9842708F7E0FBD6C1A96C775BE14BEC737CA6DB2F077861424AA6,827,1170,RGB
1495,page-1495.png,230023,F6558FFCC5B3D5F7D28D890F98539A1E4AC4F6D1E82344D3AB1D6FE3DAEB8DCB,827,1170,RGB
1496,page-1496.png,242878,F55542E4819A6273958AB4A11A752EB8DAB3AE3C06030F12F8FB237622992F7B,827,1170,RGB
1497,page-1497.png,240623,97573938686212933916D422C00EAE668D53C3EA65179FC60F2FA79EACE2CE8E,827,1170,RGB
1498,page-1498.png,309470,D7C05B99D2DB35573283CBF05AA8149B6545E11F7B1DF726F7FBAE1A99127423,827,1170,RGB
1499,page-1499.png,334294,2D33D428304E6772A2295C43CAE3B8B499758C0BC72211900A9CCA7998EABF38,827,1170,RGB
1500,page-1500.png,234063,1BF17C3179A6B77B4537DB674959A56C94FC14937BA8A37827175A02462EEB98,827,1170,RGB
1501,page-1501.png,259308,2EA47DA2C4609B4B6E3256486A7D67433D05612B526A116AE66C765A40D42263,827,1170,RGB
1502,page-1502.png,221997,D14F4572BB261794004FEEDA32FC4952DF65715663B5D550D2A52A646C3F1386,827,1170,RGB
1503,page-1503.png,256220,A7D870E4734304F2F44E7FFB1D9937449FB27E32AAD8C4EEEB8A017405CEFC48,827,1170,RGB
1504,page-1504.png,284272,A80028634D920AA31FF0749FA119A11F83C81D7DF6929AF7FC2004B704435E2D,827,1170,RGB
1505,page-1505.png,237046,CB7E95D8FE12ACF823399C37DDD5D0191A67E2775D28E6342415CBC7A34C1C08,827,1170,RGB
1506,page-1506.png,266643,D9489D6C9815F24C86BDE32E8660C51E36A4A1A1FD6B9585CEDA08D8158769D8,827,1170,RGB
1507,page-1507.png,259228,F7144F9E50F670219B909B095D8330D3FDE0A10F7492D9AA9D55D6F2722350F0,827,1170,RGB
1508,page-1508.png,288005,C71FAF4CE4FC463973F0790A314925BD0D89F4B1DEBAB4247A48455BD48D2F9C,827,1170,RGB
1509,page-1509.png,377350,110D36EDEBA74BCAE7BFA13B9B40D5DFE18B19E501972EDA78DA777D82591EB6,827,1170,RGB
1510,page-1510.png,315383,9A808EB3C66BC9D94157CF2F6ADA115585EC67F949840473D6302FE045974958,827,1170,RGB
1511,page-1511.png,321964,AE63A97634AC68CA71C1DE0163ADED80F1C52790F35CD65CFB68795DD5E16A7E,827,1170,RGB
1512,page-1512.png,238902,CCB6004EC110E4573B531DCAD77C26067CA7410C971CA51C2F4B5D2D54D44E52,827,1170,RGB
1513,page-1513.png,194964,A705771C04166CD090F686A82EABF0F3289D299F4C37F3253A2EDF1D6D752BCF,827,1170,RGB
1514,page-1514.png,211453,3A3C070D1284DF0FA89AA507BE06903F2081A1B13A81DAFBB145A6A8969A62A7,827,1170,RGB
1515,page-1515.png,268066,11E0390D53D174C537F2F5E61204D3205C22C3A8293320457114084725F6E5A2,827,1170,RGB
1516,page-1516.png,259882,25DD1D9C21B9B0EE5ADAD7CD205BECB3D0C421945D50F8D8642F16BC045728F8,827,1170,RGB
1517,page-1517.png,163016,05F12C03FC7A855A19D2A14F2EDA78087B05E53D11520F994428341FC830C5CA,827,1170,RGB
1518,page-1518.png,292854,39E39CD77AD8E4D8FCCD30C723A61A71DCCAE0FBC6E9A966EF80358176830C21,827,1170,RGB
1519,page-1519.png,363730,7CDFF0011C01767895504B30ADEA0FF7CBE1794BCA99A3F82326F0A736EFC799,827,1170,RGB
1520,page-1520.png,204366,886333D9285D746ECD94B4297038279A71198C298566A54CFBC9B7AB7120AE1A,827,1170,RGB
1521,page-1521.png,232588,82BC1DEC0E3F98CD6D3124FAC2AF0D815F8DC47BD4B0844D6F07D65A64C8CDCC,827,1170,RGB
1522,page-1522.png,272857,23D6A2B03C99C95E2CD831E933EC7F9F068B547212C6F2F95CDE202C2D752590,827,1170,RGB
1523,page-1523.png,320290,AC2B3209978674C709BF4C9DE2F873E72D2F6B5AC6159ADE16CA5C20F3985D77,827,1170,RGB
1524,page-1524.png,345739,717A4481DA3F4CD716A669C13ABA6303633AB081447C59C516E5F5BB5FB7DA53,827,1170,RGB
1525,page-1525.png,258805,13BC307D2C68DE5CFB4B8EC118FAE2FA88272451EB139FB63C914F6F69A14561,827,1170,RGB
1526,page-1526.png,290160,8A0DAD13098A12D00CD794BDFBF722D929BA3367D5092CFD8F0C62C36A7191ED,827,1170,RGB
1527,page-1527.png,316621,CB8476047B96E305943755DFB756B28DA59D7D5BB4BD09CAEA6A109EE4FDE943,827,1170,RGB
1528,page-1528.png,254370,CEEF7F2B8E7297186A3D3B7D1008FBF912DC46F13FE5AC9FEB00408548F10F38,827,1170,RGB
1529,page-1529.png,268676,6A5C4CF3FC07EDFE85F075CB62DCBE25D0276E50BEDD6B3C6B0A268F6102D98E,827,1170,RGB
1530,page-1530.png,303264,EB1064E9D25B4173F93FCC8EBA2416530AC3D54D561260A12E0D81A1371CE329,827,1170,RGB
1531,page-1531.png,318705,6D7045AA7D85729CB603F4638D23FE28EB07EB04526F6F269CF87375289332FD,827,1170,RGB
1532,page-1532.png,335684,3AE73482157EF372E59EC2F968E5D957D7B5CE4980B0EB22F88CA674C9AA4E82,827,1170,RGB
1533,page-1533.png,287454,717BABBD3A40987DAF2A1C15B0056202E0FF1FDA1DE5A5E297F75F1D3FD912EF,827,1170,RGB
1534,page-1534.png,317742,DBC97E14A4938BFF54BBCEB050832C64482B6996D445048D6CDC99435EA1CA7B,827,1170,RGB
1535,page-1535.png,337006,A11400E31AADAADC01725E38444302A7A576D942020D8B58068CA5D129670B49,827,1170,RGB
1536,page-1536.png,316526,37F8A49A6EE10FCD799A86E6A227A47A66D2794BA199C1F86A2E269DCF630638,827,1170,RGB
1537,page-1537.png,350566,B9E2BD8ABF94622B574642F70EDC36286EBF4DB43153E3EEFC4ACE2A319148F6,827,1170,RGB
1538,page-1538.png,290998,1DC54DADE1E773E949999FDF07AEBFB67E1FCD591A0C7E32ACC2999223A0ED11,827,1170,RGB
1539,page-1539.png,246432,F8C8E080B8A3AEE250D0E8B6A9EC55D68436B4A1FB82E8A1BED999E0C818FF57,827,1170,RGB
1540,page-1540.png,318630,697AB6C12CE96BE53A9EF0E91D7E2D71F97146BFB2B9B37EB11281A7F8B8F676,827,1170,RGB
1541,page-1541.png,367321,BB9C8D8AB0E726E1103FCBFD7E2A7B8DC3F4AE17EB040C865EFFDFBC7F5699CC,827,1170,RGB
1542,page-1542.png,367658,8D76824FFAC733BF48FEDDE3B78E469D430C66A4B7EB5A2DE53E1B1027E7C6FE,827,1170,RGB
1543,page-1543.png,312052,6EE2EAB2D3C7B0F52CA6DADD3CAC3EFC175E06771A961C4CFF738C8419B3B973,827,1170,RGB
1544,page-1544.png,273058,68FF8A4927BAA6AFC3C1DB29F05A0119CE0F51ECC77A3EB02DBDCF648454C0C7,827,1170,RGB
1545,page-1545.png,298463,9400FA4317752B71CC0E17F8AA87A525F58DC7B8A6276CDAB15A19351BF72F81,827,1170,RGB
1546,page-1546.png,229799,5218F404ECC72C8186B23736918AC3C75AE2148CE06AC3806F2E695236EFD092,827,1170,RGB
1547,page-1547.png,333478,E971D560B0BB63D8351C6D0E36364A4964EDFA0DDE0DC139CF6F5DAA24935976,827,1170,RGB
1548,page-1548.png,254873,A801F1BD45878EED0819B72DFA1AEB499BDA7140580B574FD56BD83F0B9B7737,827,1170,RGB
1549,page-1549.png,313791,0FB87EEB0B46AC6CBBBBFA77EE36EBF4B33CBAE0610A43BC2907FFE2A0CB56BD,827,1170,RGB
1550,page-1550.png,249872,69D03607AA398CF0FE9FB43DAE0404DDEDA67A6F71A5118ACF363D60A99B18AC,827,1170,RGB
1551,page-1551.png,279090,CA545E25E235FC538D0DE895FFC499ACC6CBC3568759AD66E6D6085BD808F41D,827,1170,RGB
1552,page-1552.png,270467,ECC3510FE13D7DC8FECA6C2B57F0356607DEEE059E4378ED067D87CF17944FAA,827,1170,RGB
1553,page-1553.png,322012,1A7B23C70C47FCB3C8354348E79E47FA77A7737ED0C521AD7FEDDAFD354A4310,827,1170,RGB
1554,page-1554.png,256370,C0A41600A66F1DB029473A924D1259416ACFAD536D5DD653A9B192E3E168FF2F,827,1170,RGB
1555,page-1555.png,228353,B08FC129EC743C6CEB3F851BC52579B96074861227B1DAC2FB5218361339D209,827,1170,RGB
1556,page-1556.png,336182,9F96A57D1DF33F8D26AA5E031B56433507E7F034D0DE42BFC128F114FEC79585,827,1170,RGB
1557,page-1557.png,346343,7BFD8B874D148BA436D8614AD1C355D61599C1393E568D51CA2B0A9E78A37418,827,1170,RGB
1558,page-1558.png,305614,B5D0804FBE896FB7F86817D18D0D7EB1E6024B140AEAEFA444B5D3E5C7DA7003,827,1170,RGB
1559,page-1559.png,303806,D58ECC246D5509727EFA0CF5895C87AA7AB896C4907DDF2CB540E6FD938B74F9,827,1170,RGB
1560,page-1560.png,236601,E64200CE0432078C4A804A9269C458209BE2CF310CA21016D3017D3BC121A5CD,827,1170,RGB
1561,page-1561.png,281373,6F1C5F253D99637BFD069929277E22E108C80BF678A42B2F143D638E461B1108,827,1170,RGB
1562,page-1562.png,276508,D86EE53FEA326C0618058B2B5F275AB64D6E19852C7B3ECA57744205234A7FC6,827,1170,RGB
1563,page-1563.png,306761,1BA97A8C604CBF392CB5BEF621996BFE50A5E14868FF72EABACC2D0665D10DAB,827,1170,RGB
1564,page-1564.png,293049,26E6241220F0DA9AA59E4AE17F744463FCD1843F843C6FF325047FECFE17EE22,827,1170,RGB
1565,page-1565.png,252963,6DAF98C3EBEA9B3999C8645FE0D8662BBC465C7968A4215B8F65B51C40D5F837,827,1170,RGB
1566,page-1566.png,276372,E39112D2067263D58EDC598ADA3F45EABAC1E7FA5297814F1371D6F29CF5E740,827,1170,RGB
1567,page-1567.png,274439,556E05F77AB445E7CC49C8127A677C7E510D99DB16BB45EE0D54B79F3C7915BE,827,1170,RGB
1568,page-1568.png,229659,FE4990015C9528069546BB476EBE205402D968D5ADCC3A717407FE6C0CE3AD65,827,1170,RGB
1569,page-1569.png,281031,67C1D09378CB7967DEE3459E52535AE4D1F544EB01B68E03646F9E6A4A8C18AE,827,1170,RGB
1570,page-1570.png,316363,89905BEE46DA9F2A550463DBC3ECD0262464CE093ED058A02408121EF77C4421,827,1170,RGB
1571,page-1571.png,247333,F775731C09444AB3DFD613DA7C8830760CFEB378DCDEE2DC86F5CF284E8A53FE,827,1170,RGB
1572,page-1572.png,230761,654C1407E5BAD6A8F8E5F7858A57EF4446325AA66A44D808FC817A8D4D8850DB,827,1170,RGB
1573,page-1573.png,303276,57271BB842287FEF4D8BE11C88F94DA83B7DEDDB0CFDCF267EB555226D781E95,827,1170,RGB
1574,page-1574.png,264754,02FF7ADE42491EC6E154CC78BBB3574EC8C346CC8EFE29E2ADC0DBD9FF3E7835,827,1170,RGB
1575,page-1575.png,363772,514A0EB8E1E3215CD060F28B8B81C95AC8A53C0A66518C8734A7F314989D30E2,827,1170,RGB
1576,page-1576.png,368418,248953EFB146037F4B6B6619AC462DFF0A3254006170FD1AC9FDEA9A048930EC,827,1170,RGB
1577,page-1577.png,383070,391FBB051C80BA23B8ABFF19EBF2294F13A1DA41459726EB165B858AC5C84324,827,1170,RGB
1578,page-1578.png,320985,F1F9FB27FD956434FB46A86E35A2051C7EBD93266A6B5FB2231FC685C27E3BB7,827,1170,RGB
1579,page-1579.png,384115,F93F1DBA8833F6302052ABB9FB5AE808D01E9DF89A07F0002FF0601FD42C49B3,827,1170,RGB
1580,page-1580.png,259071,8ED64ADAB1345D7006F4A70F129CB9C4B1E6D1D5CEB07A4F94593016AC975CDD,827,1170,RGB
1581,page-1581.png,337347,30118F631DD987D0B0B00C40F885821E590E5ED6E4D69E950736FA68629B702F,827,1170,RGB
1582,page-1582.png,336758,CCE6BCE4FEA8D453AE9B5FA27923A30EAEA499871200D17B9B7187EEA3174E72,827,1170,RGB
1583,page-1583.png,351730,1D775E6B53F24EDE7C8BC3357F2CF8A78425B871C7043A66C6A2369CDCEC8BF2,827,1170,RGB
1584,page-1584.png,289765,2F7ABF1B1CFF4A7DE690AAA25C39C660DD8085A5D7B343576F081E65116D8DF1,827,1170,RGB
1585,page-1585.png,292581,E58CE42A7AB31B6A87A0961F9AD790C417FB80091914B6F5856EA4858642EC89,827,1170,RGB
1586,page-1586.png,279127,85D20F586B5822D820F9B29E3C3419A83749E9639E8194830C1ED45F1E286B32,827,1170,RGB
1587,page-1587.png,234710,48D838A0D724E9E70F8A8F670C6EE89B7915819A59C5DF1A7538844480AF9DA3,827,1170,RGB
1588,page-1588.png,277339,5412838F0E35DCF3748CC3DFA53B4DC44D2817F88EE10A4E55BF376BE877E034,827,1170,RGB
1589,page-1589.png,288903,FC9223ED3ADCF85172D19A91336429CB62BC355C6CAD74602D649818BBC01E08,827,1170,RGB
1590,page-1590.png,216758,B3B3EDC899DAF294E42F77769CC7A9F837255A63D40D2C81EDBD30D551A09E12,827,1170,RGB
1591,page-1591.png,324075,7F80E0DE72CEB406E391D4F0BA174BD9BEF1F1324F462E79976ADD50A68F4146,827,1170,RGB
1592,page-1592.png,301329,8DC2FF81BDEBE9C3D84E122FC841998E5AABCC682788C91F7F83AF63D6598910,827,1170,RGB
1593,page-1593.png,82889,F5D81DDC54DD0A01465CE7013BD678D95641E6FF9CF76E5B73B4781175B51C66,827,1170,RGB
1594,page-1594.png,209644,0BC22B394000E31904F235CC424D825816D827763C82A814320905E3C1A3BB97,827,1170,RGB
1595,page-1595.png,337657,93ACC298678BE51B39AE9E08A375F020985421E42F5E5CD0BA3E06E413081C47,827,1170,RGB
1596,page-1596.png,276380,3F8607467A18CED6A74CAC0CFFC8FC6B8D5C3D94074BA14DAAC0F78217C7DAA5,827,1170,RGB
1597,page-1597.png,301796,E4450E805F2A0984DE99B7F97730ECFC283553E31FEFAD0DF66F257D3BB544F3,827,1170,RGB
1598,page-1598.png,257886,971DEF01EAC5A6C2C0CBF110DD212E639F5770D6004B0C5CFBBDBB992ED386B7,827,1170,RGB
1599,page-1599.png,252589,8C881975DB0E03F76C3EDF60681EF928145901DF671529F608F8EAED2584D58F,827,1170,RGB
1600,page-1600.png,274495,D1FFE8570EFE9F5BA20034A0B121C5A735A11D22712AF93CEA10626152303922,827,1170,RGB
1601,page-1601.png,335079,9073AE4312823EA49901A9609C4DE571177955CC48D096853760DC846FAFC587,827,1170,RGB
1602,page-1602.png,282351,E6742B858A0D3DB89E4358BC667DA756F83F0BF9ABDA113F0E4DBB876282E298,827,1170,RGB
1603,page-1603.png,310170,081782E1DF2AA40380CD67FE5A73B45EE5F536DC1E18CF39F88DE4D03E161F1F,827,1170,RGB
1604,page-1604.png,278159,8514CF25343DC2337CE0ABFA91BE8E5D54191C00B92E9EABBDBBE1A27E31A409,827,1170,RGB
1605,page-1605.png,243069,66A3EE92F420213D23D477900FE9C117690E1392DB0413A96C02DC0AB039620D,827,1170,RGB
1606,page-1606.png,261961,52B2435C57324CB37701C7DB6D8AB801E2193CA4B5AEFBA6ACD2554C17AD598B,827,1170,RGB
1607,page-1607.png,164034,95F99B1E6F78B307331B994B3D7F765E48F9677349D1883B92605449DBAEC288,827,1170,RGB
1608,page-1608.png,293594,4992B7DF868DB17136497923642934FEECDBD9DB3DEA8EA5205270C5AE53BE1C,827,1170,RGB
1609,page-1609.png,297344,9B48443382A6CDA32159C1C0EE8E42B1F72E34FCAC0A35087C743F97DBE7C4B2,827,1170,RGB
1610,page-1610.png,248465,4AF74FBE5E15A6589CA25EACC2D97AA411671F1538872679B6252E87E39586BA,827,1170,RGB
1611,page-1611.png,299947,4F58D4F2B2F84FC2425EB69AEF8DE60AAC030D507972D7AAB69D774474D4EC0F,827,1170,RGB
1612,page-1612.png,209319,AEC2415E6C6E63F5752198DD051673B7A6905AF9D497D998D8D36E1604944CA0,827,1170,RGB
1613,page-1613.png,235506,F2F928B95692F57BAB23E58D97C8A458D48C11CA9C2665049F069D7C86322786,827,1170,RGB
1614,page-1614.png,287850,CBE3D58ED2ADA59ECBF3C5A60B43ED02E0ACD0755E659583C68887DBB605EDD2,827,1170,RGB
1615,page-1615.png,254088,B93AB059472295C24D503037EEA780585CFB0148976741613B7907AA59EA80C6,827,1170,RGB
1616,page-1616.png,148074,90523D20B4120F4EF01ED4B5643884C6EB98C1D4FAC37173758A1F45449A3D7C,827,1170,RGB
1617,page-1617.png,205309,FDECB8678035D2786141C4B29B17418840BF67D05F9BD79E214D650E02C08FB4,827,1170,RGB
1618,page-1618.png,272278,EAEE4101CB41083032719F47C8079D1B301271F8AA8F1BAC439ABB9343F1F787,827,1170,RGB
1619,page-1619.png,231203,4403A5D60B4E5AD5973E529BCA15719363961A1CA784C78C3D51AE76B5C33AB6,827,1170,RGB
1620,page-1620.png,99609,CCB6C1BBF831C30477E5A37D43C9B8FD7171BEB09211B599B3D1486C185804A0,827,1170,RGB
1621,page-1621.png,139147,C41349E87E8C7837BF31CC561EFF36A48F73C8E2AF1C415A5EBDB01B76D5E95D,827,1170,RGB
1622,page-1622.png,250169,7BE4F356F9E9BF07285153F2A58C5A82C6137ADDAB3814E36AF6A8D33C901B57,827,1170,RGB
1623,page-1623.png,361289,4D5D8B5870221D6204C343229A2AE0510C4953D834725B391311E3C198E1A6B5,827,1170,RGB
1624,page-1624.png,252085,1E31D508479169B2B95723B038C3DE2F291AB3EF8FB7A4C01C054780208F5DB6,827,1170,RGB
1625,page-1625.png,264764,7C12752BE74A1D318016DC9B99F706C467D42D6CE443DE5CFFE0227D2B271542,827,1170,RGB
1626,page-1626.png,196031,1443570F88630340BE7E90C5F17C7F5AADD66076AF8A91E1E1EC5EC939180DA9,827,1170,RGB
1627,page-1627.png,299043,F2CDB0CC9FD1F2148AEF09779F56F0949E241431B00E6D83E62FCB7092A43D0D,827,1170,RGB
1628,page-1628.png,244873,611F7A4132F846081EA12A1E5A97766DE1F80CD6F14ED1D9FE9D3B90F75DBD88,827,1170,RGB
1629,page-1629.png,317028,3084A56FA76727A1C4C8EBBEE340D02709633A691D10BBAD5DD794BFC40CB6CC,827,1170,RGB
1630,page-1630.png,318793,9DE7691E18956095EFF4300B6776F21086B61CA4AFD0B4D560C472D04EC118AB,827,1170,RGB
1631,page-1631.png,353111,12A6329879700580055EF8BD8ADB64002B16445160CBA2E0600D94F8447FE4E6,827,1170,RGB
1632,page-1632.png,308908,C13B080FB200A1692A279A1FFD686659B382A418DD97098B4E845AE5C3B40FAC,827,1170,RGB
1633,page-1633.png,170060,EA245A399CEC06194078AD970E52F8222D3887D70C3BCC84B528D6A87DBA39BF,827,1170,RGB
1634,page-1634.png,226069,8268A5FDBAE862BBE2F8070FC33C30F13052C7D4524600001A6E844024CA4C7B,827,1170,RGB
1635,page-1635.png,204065,96684C5192810EB9BB37DEC3050092BA28E685553DC7FA09F41DA2E37255FD72,827,1170,RGB
1636,page-1636.png,273148,11D7FCB365A11F61B0ABF0B00E9926AE19ADCA1BAAF43A75ECD9220573FB2F41,827,1170,RGB
1637,page-1637.png,300398,F313F4A8330659628BD2C6FDBCF7724C3BEDA7E59C4C64793B6E8B1EB4360826,827,1170,RGB
1638,page-1638.png,247839,4003AB2A3283380C82E1C35E6AB881088069134EAFC394A74A957C4D8525800D,827,1170,RGB
1639,page-1639.png,208301,2AFD1BD7AD7ED644596B35F552019F3F2F4A50FE7C09246935F4A72CB15084C2,827,1170,RGB
1640,page-1640.png,204749,5131EE77AE5EDECDCA5265DACF91DC0FE158BC7DB055603398826E15B8E15C7B,827,1170,RGB
1641,page-1641.png,205045,9410C7F91C145E2045CBFA9AF5E269B6BD7552D25913B2A69E35F0C1F20033FD,827,1170,RGB
1642,page-1642.png,246122,1D8CC9B2B74EBA3266296C526E68B6C97EE086E9FDFD4E115C23A8AFF3975D10,827,1170,RGB
1643,page-1643.png,272693,749F235A4445B3A617E5C2FB02F01B8C1FD15CE37AD3BD92584F7E1710AD3B8D,827,1170,RGB
1644,page-1644.png,121981,2A24246DCEF1E817D1BDF0A00744D1C2E9C47AED4E337F39B3D9F5C79D7EA059,827,1170,RGB
1645,page-1645.png,197749,74A29AD11C485C6BAD2CFA30F924648982110F048141A15277D600DA7DEC00C0,827,1170,RGB
1646,page-1646.png,201444,A555B6F28FFEDE353A01187FDF565D11CC201781A033C6C447384F107916FAB2,827,1170,RGB
1647,page-1647.png,176830,72CECFDB697F5FB495DC629FB201D98324CDBD43F84C4151EE335D357405E334,827,1170,RGB
1648,page-1648.png,198596,9AA99AF20EB9A7306F949D4F021005D966E2E4C14934A05A53526EBBF09FE574,827,1170,RGB
1649,page-1649.png,211746,22A5D7CEF4234C464D384260FFD424E35833A6C61242847EE66148160D458777,827,1170,RGB
1650,page-1650.png,253561,F7F7858534F244BC33E7D73BBA1E9773B590956493C33E5A8C355097DF7DD84A,827,1170,RGB
1651,page-1651.png,195984,FB2A0EBCD4515EC92AEF9EB8ABD1AF1FFA799AE1FF2848F4B49F2F45098D5F41,827,1170,RGB
1652,page-1652.png,209071,F9CF5DA0A9A9F67C89A2483D8112643E74B3C8EF025F5B946B01FE7A85DB5206,827,1170,RGB
1653,page-1653.png,246698,2240F8B1DC84974BEE8B78F383F2ED3659DBEB4A8F9753477D199B738FD22668,827,1170,RGB
1654,page-1654.png,244411,1652FB41FDD0660808CAB9C82BCE5C4C589CD2E477F563FE77AB3F8D79FD1846,827,1170,RGB
1655,page-1655.png,220862,C5F9C6BE2D69CC5A85DF2082A5A1999CC030DF7641C2E235BE52956A5C2306A4,827,1170,RGB
1656,page-1656.png,184490,EF856EBAFCC21A2A5991B2D01ECF45B9940CAA614E4EBD4936D7535E94622768,827,1170,RGB
1657,page-1657.png,173677,418A9A3DF9671DD21C2D4D739C6B55E85EEE50B84727E993416162A76C0615AC,827,1170,RGB
1658,page-1658.png,205324,EA58BB72B191F922667DB8B94A699A7F14DB47E13CE3ADD2BE6D2C26F50F1310,827,1170,RGB
1659,page-1659.png,168382,6079C39F729C18369FB59C0D90C0CF45E37CB7CB189514795680B218FDA4992E,827,1170,RGB
1660,page-1660.png,208584,2F165991018FB29C377D996B7A808268ED213997FAF777511BB2F0F305620112,827,1170,RGB
1661,page-1661.png,172667,48F73040F11EFB386E9C94D5C9877706D15D0B3B94A83F0858DAA8999750244B,827,1170,RGB
1662,page-1662.png,171402,9DF036753171A3EB1E1C5B79D17659649846EE654B50BE6DDA634744D15E97D4,827,1170,RGB
1663,page-1663.png,210010,5FAF4C085E7E130242C30C166F05CDF57BF7FD4CA64D7ADC00DEC60AD8726250,827,1170,RGB
1664,page-1664.png,210887,7F1884ED212476DB60FFD28157F342AC95F02DF2A6184AC638976CEF4FFCB5AD,827,1170,RGB
1665,page-1665.png,226996,DED79FE65EA19839DFFEDBEF7983C7FE4B40BBB3F97EF54E53AA87445C9E04E3,827,1170,RGB
1666,page-1666.png,201461,FB212A0B615CE7FB8B2D1BE0238CFE329A2A81DFF81AF63F6536E8B1201C39CD,827,1170,RGB
1667,page-1667.png,143152,DB4EC47FDC70BFA86300F258D74136222D3E645E5E71AB90864C3A0959E9CDAA,827,1170,RGB
1668,page-1668.png,256408,70AE5A3CA5A7DFCA2791CCE6063F6948AB975EC471C9490C85D4E9481AAE51D7,827,1170,RGB
1669,page-1669.png,78509,B1EE2FEAC9EA6B69174EE82B1A883C6522C71F5BF687772757C73DD1B900F9F5,827,1170,RGB
1670,page-1670.png,291924,D7B12419E68302D3B0C8487030189D73C48F5490D42F7174083B4DDFA0DEA413,827,1170,RGB
1671,page-1671.png,229412,6547B73DED8ACB67397F4B45838F49FA1FAFA00682973D8636FA96B946BD514E,827,1170,RGB
1672,page-1672.png,241162,0146CD8E9250003FC80361BA3605343C2ABF4681EB5B3FB3BF9AF283A7E6D865,827,1170,RGB
1673,page-1673.png,231191,9445A46ABFA18123698686789585ED50F9C6C028004130D310BBBB5B2E8D02B4,827,1170,RGB
1674,page-1674.png,262777,E0DDBC220B6B8AEB5B891C392B78FC97DB8285439D685EDE1CDB92B8751F8952,827,1170,RGB
1675,page-1675.png,294931,A5ACC73448E835202FBE6568E1FFB3E411FBC77D5B9A30894ECF41FD0A4A2563,827,1170,RGB
1676,page-1676.png,267252,5D66104B1E2A6292F08A79804788E304EDAF7E95D2F0101BD1798883CE10C552,827,1170,RGB
1677,page-1677.png,305336,1BCEA0779541BB4667DCC220C72D72375B2E677E6E9C0251C14BFE8AD3ADCAA4,827,1170,RGB
1678,page-1678.png,344627,E6DB14A2EF342150BE5D58B6E3F61A28A33CD89B385076862E2EAF66ABC84F02,827,1170,RGB
1679,page-1679.png,278824,D483F69D33BA38502CBF295BF2089711DE195A454218127638034792D12D46A1,827,1170,RGB
1680,page-1680.png,214456,40BB66ABC3AB1AB0B4E5A403B760AEC5F6382F7B2F5649204831103FA42753A9,827,1170,RGB
1681,page-1681.png,307894,890079CABD987FB393C523260BDC709030C8C4C2A41A59ACC11EDF44EF4A072F,827,1170,RGB
1682,page-1682.png,273352,D8C9ACF14416F49AD0C5EF3877F0FC213BF76BC00A8AC95F07EC4B9A8854ACBB,827,1170,RGB
1683,page-1683.png,272800,DDE8E073A8AB0BB8109EFE219DB0075449BA8A5D5B97873DF1F212D3916645EC,827,1170,RGB
1684,page-1684.png,319459,ABF293ED9830996442835F45631065993B76DF4692B707B4AFEEB8702BA44058,827,1170,RGB
1685,page-1685.png,299995,DD5178D1F7EC3C269DD50C59B0C35F6DDF05B9378A466E4CAE612C8873583EAB,827,1170,RGB
1686,page-1686.png,291479,3716A385841D82F7C8FD6E7C8676843352075F70501FD486290BF5849D12D9E5,827,1170,RGB
1687,page-1687.png,308158,39395ADD8F9303C820320D2C63FE60A4A0655C23D90BF1E2063C1C49DDEF9186,827,1170,RGB
1688,page-1688.png,271716,33A013DED7B96A808D0BEC74F63260810C6555BDABE94B979AE97718B4F7A48D,827,1170,RGB
1689,page-1689.png,338714,97A26EB9AB65912F71284C34E9B0D011544AAD740A0EF4CEC86AE207EA6A6994,827,1170,RGB
1690,page-1690.png,357292,87F533A9EA8C3CD0BE0CF647C9963B2B04C44BB44CEBEBC2AFB4D9D09471ACB7,827,1170,RGB
1691,page-1691.png,350320,F959AA1CF02A9B4297820C8F2095177D7C0A61AEA63B8EDDE01F113FBC11E97C,827,1170,RGB
1692,page-1692.png,202481,03B80C4F97D883CC5838EC140068B166899AA091B2D60DF3C7A0DA354749E4A2,827,1170,RGB
1693,page-1693.png,297746,25C4F8405059D11B27D576F657692DCD0AC8B381383CA7556D3F4650ACB24274,827,1170,RGB
1694,page-1694.png,331684,FE3EE96A136301E2966B1E5AF9814FA9AF6A4ECA08720284B49C28A1C86DC90B,827,1170,RGB
1695,page-1695.png,256731,D894E7A7267424255CA720AACC3105A11B6728FAEFB0471D0D4456FC0181DE22,827,1170,RGB
1696,page-1696.png,318841,DA82FFEBD5EEF370840D499AFF32EFD8F7ECBCBE1B0777ED485E6F3DCC38AECC,827,1170,RGB
1697,page-1697.png,256214,13D33F5B52DE60C7DAFC6B40E661CC3476A2A35BB4C1D63B3A759E7570877DB6,827,1170,RGB
1698,page-1698.png,254902,01743665EEA28A0D0F7A81B93727E848C63F00A8D02FD16AD614B1ADB5378C2E,827,1170,RGB
1699,page-1699.png,260453,FC23D32EBF361E00E6000F263A8590FFE70A03A545CDF0C653D6CF4BA23EC4DE,827,1170,RGB
1700,page-1700.png,218180,EA612C0AFD553A94C24C232B100110350FB26F3C250F93E3D9CE6AC4E04E7D09,827,1170,RGB
1701,page-1701.png,350489,F07069D5372F5D06AA498424E0634DCD55617A2D46A4F8EDDBB5FED9C5F62A30,827,1170,RGB
1702,page-1702.png,308018,9B9CCF314B8C88BBE74F2ED6A3A4C47C22037DC1A2164CE0A1D74ED241D53A8F,827,1170,RGB
1703,page-1703.png,243401,C0D0DC1FC64A62544479E4CE935A9090698EDB4AB3845002BD526427CA5045A1,827,1170,RGB
1704,page-1704.png,355155,D9BBD85262875B7D4E863C2CB2CBC99075D1CB9175811A84C44BF0C5F4718753,827,1170,RGB
1705,page-1705.png,236134,4C7FBC9ABA1512216D853A740C9161C5D45E39E7B6DA45E1E3D583DA5797A4FA,827,1170,RGB
1706,page-1706.png,268483,E7CD997FFB286FAB28A699496A543B0E37A88BFC2EED7162940F69F05A2A69F3,827,1170,RGB
1707,page-1707.png,383437,58AD8CF7DA2F90311FA00508656864B04BA88656F2CBC15D4D71FC0221B5B9A2,827,1170,RGB
1708,page-1708.png,361415,F911960C0B704222BD125AEEB117233B99AFD415D83C94C56BC9D77A54C133AF,827,1170,RGB
1709,page-1709.png,297608,E3C2E1B9131C462258CA7FD3C1230F676224324989FC4631643A7169B4676EBD,827,1170,RGB
1710,page-1710.png,263051,469054A5AA7EC6A9BAC6A9707B13CCA4CA1CF02D81C8F10367EDE7BCA65B78DF,827,1170,RGB
1711,page-1711.png,256094,D074F6DA93212AB3FD811CA104C45AF12D10BEA15630A5710662628C34E97C40,827,1170,RGB
1712,page-1712.png,328886,78A2C86AC31BB4DE89D67364C04DF607BB3169A9F15CD308378F3F7F9F425559,827,1170,RGB
1713,page-1713.png,255321,738B31860900DC1537D3E07564258E2B2E6F0E8E0272EDD50E170EC548E82958,827,1170,RGB
1714,page-1714.png,324301,6A486EA78BDF0286A8474E0EDF688A84E5BEBBE0C930F907906D0B5C1FFA5A39,827,1170,RGB
1715,page-1715.png,253831,91DAD9A4DB5C949C658944CDCF41E1A70B26100D2C9B05C5A4C9759FFB21D032,827,1170,RGB
1716,page-1716.png,322444,19232AB03D332DE84268F6DC5D4BC58D16D34EC95FE01D4C2311ECCB1AC36C09,827,1170,RGB
1717,page-1717.png,371830,A00BF14D9B58CA07818952F86E2E61323550832B5B7FF20E4C5DD2E7542DE4B7,827,1170,RGB
1718,page-1718.png,246881,2294287376A219FD85F7FC92D93B86B3FA8F4452439A44AE721B87B6D8522C50,827,1170,RGB
1719,page-1719.png,220893,F18A6AECAC2F0CBB80E1F6B11AE78F815919334775033C1C33D96C64D00C6BC9,827,1170,RGB
1720,page-1720.png,311662,B7B30B15E4902EF607E5F328056158DA590844260D1753EA97DBC4760D770E70,827,1170,RGB
1721,page-1721.png,325418,60DFA17DCB1CB4E79FF80609BF02EF2E7E6C97383E8E2628985B00EAEC2D6E8B,827,1170,RGB
1722,page-1722.png,318107,265A8D03C7751D82FB0BB5DCD97433C9163D4DFAF1D5EAE2FE3F4CB51719552E,827,1170,RGB
1723,page-1723.png,224103,0FC01737199A5120512E4327B5E2BDF985CD37BB836BC2C5EB803C109EF843E3,827,1170,RGB
1724,page-1724.png,168753,E0A3D77349F38AE8A29CAC406D3DBB5D1342CF3ADF61A05FB0C8D2F53533434D,827,1170,RGB
1725,page-1725.png,237754,E50BE408573B05C91D69916798AF917E5D48186FDC8B0848F234F96CE63C2E07,827,1170,RGB
1726,page-1726.png,340144,702D87C2F7F7CDD653420717DDF9F85104D0D1F3B80DE59ABC0B500B2DE139D5,827,1170,RGB
1727,page-1727.png,120266,75B089A92A3E3614B836E02E63BB0DEB6505C3B63BA4F72902632886E2E828D4,827,1170,RGB
1728,page-1728.png,268581,C188A60AF1EDB8BF3AFC938E87FEAA5721C8124B3CAD56E9D928BCC2D62D0713,827,1170,RGB
1729,page-1729.png,217425,2F1D0D94A81DEAB274A0F3CDE43F9C0198DDD33A48FD5C42B4464DDB58A42F34,827,1170,RGB
1730,page-1730.png,203168,5D5ABF31A65D2B5E07753F0B9C04A82AF432CD104DD9F65251EA8C021E504B6D,827,1170,RGB
1731,page-1731.png,297713,E928A56EBB57E195D3F5FF445D5F44ED12246D9BA3937466EB8A220FDC717A2A,827,1170,RGB
1732,page-1732.png,305358,5E977457030BFE4FFBE7F636353C545D0800E27A7E96579E2C1F734B049D85ED,827,1170,RGB
1733,page-1733.png,301263,CDCCD8F34AB6548918589E241780CFC2174783D4CCC4DFE9C3673547F68EEBEF,827,1170,RGB
1734,page-1734.png,300376,1A1D7AA81BDCE47778D65552C58A709D7692E066B19767A12890C5A690109A3E,827,1170,RGB
1735,page-1735.png,355835,7A21B5BFB0261092663E0F7176925846701763F8FEE2A9A4F4B9399B7FC0B952,827,1170,RGB
1736,page-1736.png,356328,159D1BFA8662829EFD122C520AB27A95DCFB2BAD4B2ED048FB31E4897645AEC0,827,1170,RGB
1737,page-1737.png,320830,E8DE331D103A48703074EBEA5B517C75EF86890F71C879EFF275D41541345CFF,827,1170,RGB
1738,page-1738.png,339160,74638A17FE4C849D2D70385712E41A547D93DD7A2BD73637CB197361C800F62B,827,1170,RGB
1739,page-1739.png,236287,042B152752047AEA4ECF316A25959AC9B368C7F40EF0EA4EBD03225EE97FC869,827,1170,RGB
1740,page-1740.png,170038,7CD515A3BF0E6AEAB08628EEC83DBA27039129BBFAF2AEE83409A6CBB5DF4013,827,1170,RGB
1741,page-1741.png,283655,330FA8B5154F493A2EA4EFC9DC0EE77F06A87591D870A33E2A69B75B5BB82259,827,1170,RGB
1742,page-1742.png,224649,DE4104D538C422379BDB79459C2071918DF6C89123E1C4F3159A3197005C8241,827,1170,RGB
1743,page-1743.png,300281,6071D4BF54AE19EB58D1701A3AA2CFC116A7DC939C7F0A2168892E6C9A8DBFFD,827,1170,RGB
1744,page-1744.png,341037,C7D86AF87B09105BCECF9A3936A8BFA2B8F4ED195206E4DC51F01673B4992896,827,1170,RGB
1745,page-1745.png,269129,7FE884AA1054ABD9C984F689C9AEDE25CA7DF75384A4874BFFA10F6B5F504CF8,827,1170,RGB
1746,page-1746.png,345635,0C53AB2BB5EEEF94C26A491B9D77726B7ABAD2C269E361E80C112AC07CA5EE03,827,1170,RGB
1747,page-1747.png,337693,1DA1ED2AD8EC1BB7C1EDCAE5899C3B399928CB6BBDF6BB3D1591377E3C952458,827,1170,RGB
1748,page-1748.png,260935,5B958DCC82DD50A0C9C244E6195D56190B6FA5163C018956D7256F30BE64EEC5,827,1170,RGB
1749,page-1749.png,386573,E5E99F15F8734527559709F1C44EFB79FE8E639DFF264E9C05E9F76C3AA6F8DA,827,1170,RGB
1750,page-1750.png,307765,B2407BD24604252CADAEF767623B2AC9A9694F13CED734322C907F777D1CF483,827,1170,RGB
1751,page-1751.png,342627,2B0B0A2BBDF26DDFD487567C06C88F124536505869A4F25C676BE11D0AD673ED,827,1170,RGB
1752,page-1752.png,329567,EEC21245657B16FD6176D42ADE0E113ABC0D80AB0BB835C5FEB99FB4D64711A4,827,1170,RGB
1753,page-1753.png,344222,D7004F2FB846C32B3E8B509432C7F055FDCA01C8A5E1B4267192BFFB8B69F13C,827,1170,RGB
1754,page-1754.png,333232,193EC83D34430CE20E4CDCCBAFB613F5DE736C9A378FCB8372096116EB4CBD4E,827,1170,RGB
1755,page-1755.png,344557,C4B9DAD73E053DE8F37CEF961AF46227765F49A464A7FC5F77AE083B222D20D8,827,1170,RGB
1756,page-1756.png,321855,E403AAC3882C9F798448B5171A2D071E5C7D3D55CD47F39826DEFD962E167A8E,827,1170,RGB
1757,page-1757.png,326129,112D0AF62E75C98871EF89E29DDA8815A5A7320674C5F0B00D711B807F1E4DC9,827,1170,RGB
1758,page-1758.png,329573,509293314D36BC4D6EDD62753F7A78E3B7A56E30F4990663FE00C62BCC71EFEE,827,1170,RGB
1759,page-1759.png,297826,1F3485F78B7F6EDF6BC43182FC9C7460EDB20C2B0F0ACC00EC1E1F29B727E437,827,1170,RGB
1760,page-1760.png,283210,C28041B07B7DFF69C92A8E01CB960EC0D4437D4C406AC076FEB0CBFBB899AA6B,827,1170,RGB
1761,page-1761.png,244381,68288DE3F86A6E5D8AAB70DCF032FEB3922A1E5ECF944EF0F7ACFD2A63ADEAA8,827,1170,RGB
1762,page-1762.png,270593,D51371B9FE2C51F328EAB55EE117637E2B0D6DFA97C96CF63DF19A4DA6CDD586,827,1170,RGB
1763,page-1763.png,309654,B84F7A89F80AFCD5F76DB52B831FBE4C55227B08D6D571F5FFE06DB91454771C,827,1170,RGB
1764,page-1764.png,300222,38793903B2594C0932DD5A190AE4439C8FFCC1F4A5E38384F6A0CC8B58097DFF,827,1170,RGB
1765,page-1765.png,295877,6CE1DB7D53C6C00A213E391148BD23916B78C1B9F9C88338E507F88F3B220A53,827,1170,RGB
1766,page-1766.png,250666,1B6482FB32C39E094A5BFB9416B39C67CF2EE7F53C6BBC98B33E881ED2238AB3,827,1170,RGB
1767,page-1767.png,206352,04331EEEA3B1EEF41F4A459D40515ADEA603889E8CF63DFC01A36897A19CE1CE,827,1170,RGB
1768,page-1768.png,295657,4B919784D2BBBA67939912AA4A0D9AD7CF6A7D1E8561F6FDC2C77A986E9C6CA1,827,1170,RGB
1769,page-1769.png,65153,63F7009B398D76674C237473BDEE4FEA0AC2DA6C62416AA2CDFC49B9ECD8AB31,827,1170,RGB
1770,page-1770.png,299356,0672A0B26F3E5926AD91C35FFF66B6FE45E7197501848D9A1C81DB53A3CB0C8A,827,1170,RGB
1771,page-1771.png,342682,022ACDD8DEA018E7B9C10D64A7A2BAA4CF8F7C4F85B2E8D1DB8846DFFBED8A56,827,1170,RGB
1772,page-1772.png,307205,26278620E5DE31B553ED630C394DADE82BDB9CD91FDB70491AEBF4947ADD16AC,827,1170,RGB
1773,page-1773.png,309179,FA338BBC39204117618E9FDDB5DF41C9213E7FC5999FCCACAA75F7B4FFD708CD,827,1170,RGB
1774,page-1774.png,292999,7499B0980CFEB701D504C462440DD5C2BAD5B1AD532FF7A01E1B877F0203F5B4,827,1170,RGB
1775,page-1775.png,343501,321ED4643D6BFA4952F510CE6B22A8EAA9F2E7C75BDC503B9D781CEB14B38AA7,827,1170,RGB
1776,page-1776.png,336000,D8D7AEFE2FCFB4585AFB5B55C844AD3A700089F96273DF48F0F321164846A03B,827,1170,RGB
1777,page-1777.png,283287,11E5C6A9D6A98901E8D089FC327DA417961DC15AB11F0B33927892358773A45B,827,1170,RGB
1778,page-1778.png,323708,7F61E49B2A02735AD6D19C1573B126D1DBE8DFFE8DB51BF00F447302B675AAFC,827,1170,RGB
1779,page-1779.png,253804,8E69E029F1E3522E3A6688F1F8B12B67BEC0CDC9FDA53D05B3E296B52D527A8C,827,1170,RGB
1780,page-1780.png,308597,D0CEE1CE96D691EF2EB8E5DA37E4D843B7486D690521274A69F3D7250CD26D71,827,1170,RGB
1781,page-1781.png,368134,947D334B393902C63D4E9883AFE024823B84C232F844F7B007B147E441E81C54,827,1170,RGB
1782,page-1782.png,275222,08FF1A53A9E39FBBF0A22B7C6C6C4C33F13FA9E2B03E6C68D071B000834F2AFF,827,1170,RGB
1783,page-1783.png,286795,8055EECF173D27296FF9E63B4046D7CC78B92758D65BCC1D863A680A5B851156,827,1170,RGB
1784,page-1784.png,290927,2ED12B167ADD62B53E6E08D6AADEA173B7E09F9A1DF385E1E7AF5A9D57E799BD,827,1170,RGB
1785,page-1785.png,295763,AB2318AFF6BA8037BC0ECC19074B259428458D5F5BEB655D2A68DC82C4B611CD,827,1170,RGB
1786,page-1786.png,297105,F32FA808F0648DA19A79795F414053E18C49E0BB1A62A8C1C49E292FF04997BC,827,1170,RGB
1787,page-1787.png,326977,ACDEBA729EBAF89756284DA27A3EACCAF4457E453C2AF7FDF35F0BA5760944A1,827,1170,RGB
1788,page-1788.png,223041,B7C08B2BBF0492FCC3B7E5182E6B041A4FC3E47EDE3E2F836683072F3F6D3907,827,1170,RGB
1789,page-1789.png,207687,6B1A809B4C91A5D46FA1DE62D116AC3F75B120DD3269D0E496FE0F6A693BEBF4,827,1170,RGB
1790,page-1790.png,318886,554E989BA362EA6A6D1D18CE44096F4DF0133A3AA2096B8B36AB011E4A1B486F,827,1170,RGB
1791,page-1791.png,284305,74DC28AE0B2E49BEDEB5D0D02C8820E7E56B8C937756F41E5762D905DD0C47ED,827,1170,RGB
1792,page-1792.png,341888,B03A2CBEC9C614F67389C62E16C754A62BE76437FF01015D3217EF7EB3800693,827,1170,RGB
1793,page-1793.png,324627,CB5BC3A173FA41198ADE3B2E3D206A5980C338B2062CFED05C9ABA892006CAE4,827,1170,RGB
1794,page-1794.png,291003,275FC30F95952ACE08CE63BA197537D7F3ACED6314A2A7C5EC825E49AF5A0956,827,1170,RGB
1795,page-1795.png,302686,9121F5B4C7B2ED377FC23C8823B1BC71C73227876A8DBBFE10E85D12962C5FF0,827,1170,RGB
1796,page-1796.png,376479,40AE59987FAA2A50CF28CB89D1C9B5F7097F730A72CC32E259510932D11B6696,827,1170,RGB
1797,page-1797.png,279642,175C6792D3664829257326855B483CE72937B2D3BAC7CC3CD7A1C212DC472ED9,827,1170,RGB
1798,page-1798.png,339878,36FAAB9D3234CDA468205CE4749E8505964A79D3510DFA632CE8165977391DB2,827,1170,RGB
1799,page-1799.png,378954,1C77F7275DE69B04FDA9F28B96E2D479F6B7439127AD74533494DBF9957B7B0E,827,1170,RGB
1800,page-1800.png,240632,80C350525FE20B91DE1BAABDDCB9E9E50F56493DAEA0173FA37AC5C79544FA31,827,1170,RGB
1801,page-1801.png,365374,BA72E820F812375C7D0A9D53B079A08986665632A716F2818EA498EEF9919184,827,1170,RGB
1802,page-1802.png,325396,39BC3FEE1AB0E60B816B014F5A1DBD1C47052614541D1D3806B45AC66A578D14,827,1170,RGB
1803,page-1803.png,326046,CFBC8D1636386287229513BA0CA3F9B8065E465F3A1685A6777303D52E548B3D,827,1170,RGB
1804,page-1804.png,350350,D5D9CA57EC81ABB80E85E51629D0E1A87009C42F6FC2C672A863A0049580BF67,827,1170,RGB
1805,page-1805.png,262232,3F9F3AD0CBC365C16A109F4F2402F725248B4DC81ACEA7F03A3468148EC4A822,827,1170,RGB
1806,page-1806.png,289403,BDA6CEAD323A4506B309CD9E82FB1C5D8F84FCFAE0CB2E58F820A047B0307378,827,1170,RGB
1807,page-1807.png,294622,1FF37B3A90038E14203C7319725948696476D917DF0463E22FCFCAE2AD35CDA8,827,1170,RGB
1808,page-1808.png,333174,6B198865CA2742542162288AB7CFC86958C365C1DB92B535D07D7E74EA916685,827,1170,RGB
1809,page-1809.png,368114,76559447C1811E80E81324AA5E814F9A8F66658381993C667AEB888DDC92FF92,827,1170,RGB
1810,page-1810.png,381562,E073F9B1CC97B8E025F2BD8D27EAF0480CE21E00107A5C523002F2085A07C746,827,1170,RGB
1811,page-1811.png,344922,CB13B42536BEC6CEDF3C9D5D8846C5D754528E2BFEA2026BA062C852CD104833,827,1170,RGB
1812,page-1812.png,361149,8D04AB6DB39B5C69F54ACD1E16C2BEDE4765D0F8D0C4D6EF5FBBD967CF8126CC,827,1170,RGB
1813,page-1813.png,345871,C072A7E29D4939A4EF83E5EE3E8C4439A57854061C2B05002A7C940BD0C26F19,827,1170,RGB
1814,page-1814.png,263318,6A4C6CB7EC823053BB8533F4840AA2F0F84E6919597B11F5AAC7A63B287A0F53,827,1170,RGB
1815,page-1815.png,318048,13071096E71499C94FA12B4E1660092E3205913E969C3C03037F011A26912964,827,1170,RGB
1816,page-1816.png,329821,42FEFE0C73EB9DC75BE4CB13774F77F958921A3D74E04AFEC72E4D6B04EFB712,827,1170,RGB
1817,page-1817.png,338145,9461871B21EC7D32D25E6EEB1877832C8955138447FAA619ECB728FE16A0837D,827,1170,RGB
1818,page-1818.png,297380,2ABF419BFD4A1FDFDBE25F7F931552E6CE9D1B5053B9AF131B24B9B418CE26DA,827,1170,RGB
1819,page-1819.png,258556,2AB5B8C273E5FF64B286EC19E61CB47B740566CC40DE3C49D4DF99DD9279B536,827,1170,RGB
1820,page-1820.png,253800,3CDC46E76E332DBE7C5A4D5C5DF0B5DE199B32FAB532543E588337CBAB911E33,827,1170,RGB
1821,page-1821.png,306456,62A95491470D64BCA4C674A0592D12F71BEACCBB8B1EEC7E4A188645DEC167A0,827,1170,RGB
1822,page-1822.png,239804,745231672C58C2D7BA000149EAB04899FB1D529A32186A27925356DF2154EDA6,827,1170,RGB
1823,page-1823.png,199339,6A60B525832F562A651C93B0A092D76789F575366BC5E4EB9C3F5D1D6F1CF780,827,1170,RGB
1824,page-1824.png,289716,23BDA197A83610C9091DE1771338D3B95BC48568BA298ECFC5EA3CA488D1F3D2,827,1170,RGB
1825,page-1825.png,275958,51F7227E9228FDC610D985DFFBF101C8CED07D019AD91CEA3E9B20F5C4B2C942,827,1170,RGB
1826,page-1826.png,295607,57AB1AD040CF52FE9780CC63AEAA8423EC7B06BD4153CB21939D34D7FB09F514,827,1170,RGB
1827,page-1827.png,230001,EA0EFA1E5E78ECF110E2FC2B974BBEF9337603ADEE597084C3F06F3DCAF02C4F,827,1170,RGB
1828,page-1828.png,288209,BFFBEED968C5426AFC0D82DA1C5F7D8CACD09E514CC09B82FD5C95DDE7F4A05E,827,1170,RGB
1829,page-1829.png,240552,06BE01FAFA87C79582F1F62E336B95B94EA480D3173DC8A4E368D5884AEF7022,827,1170,RGB
1830,page-1830.png,257511,2771AA8D8363B11CE9CF7CE42B897790111BBD5483A8039AEE5A784A0B62D739,827,1170,RGB
1831,page-1831.png,345117,8DD49A5C24C520730E6DBC51E11EBCD6193D84F83225CF3E5590D02A2B7C5820,827,1170,RGB
1832,page-1832.png,303753,ACA2200D1F0327BE75C115BE8BB0ECEAA085EEA6BA3EEA84051028B2E070B791,827,1170,RGB
1833,page-1833.png,361387,73A30B369836C70D84D64850711EAF3ED855BC6A28A345BB4962EC93F65A74D1,827,1170,RGB
1834,page-1834.png,98345,3D1911BF92BED51776A5D18E2AA7431CA44C310EFFDC28B7E9A07D08217D754A,827,1170,RGB
1835,page-1835.png,220125,620A420923840903C0D2BE01A685C2607AC4A0BB85A32A0585D6EF6E20D61A7F,827,1170,RGB
1836,page-1836.png,291182,5074E527099C2A9228EAD13ED0E9F37DACE8EC09CAAAB17B39575FB052B788F4,827,1170,RGB
1837,page-1837.png,306044,23BC060D247B8779C62870631046DBD8BBEC0348777DBF8F466B12849FD216B7,827,1170,RGB
1838,page-1838.png,307883,73A3D849D16863ADA58370860F0BB063C282506C121CF89979DF2B144454E3AC,827,1170,RGB
1839,page-1839.png,321350,6C996FD2F5A8B852715137D0DCED7CF5E03AB6BB9F7E78F375E4F70347D351C4,827,1170,RGB
1840,page-1840.png,290568,58D612C4E92A0731394D37740E61309A15D8BEB4223F04BC41DC1E0B49F6BE39,827,1170,RGB
1841,page-1841.png,275882,FF4F05788BD48894CE5FA914277B5095DEC99E8F268FCAFB8D29AD786B457333,827,1170,RGB
1842,page-1842.png,341204,A80C8F1C4A8F83949B18D6FB5299E4BE50DCD68F58B4276C9432E122D0A99442,827,1170,RGB
1843,page-1843.png,300365,98FDEF3EFB2361AE2F71C55F6304BD573BE6BC99ADB28C35B6F20AB8111B4E4B,827,1170,RGB
1844,page-1844.png,289113,F03E7EF09E543206C77746FE68A002C77AAC0B836A70B59099FF8A02664B1FDB,827,1170,RGB
1845,page-1845.png,415362,7E99DB416E18D6AFD9163C1299232C3DC386D3D37721B2E6707DE591C5A91111,827,1170,RGB
1846,page-1846.png,307606,88F426ACE54AD341BA2DAE8FD7A4E0C28018A50A60FC98FB047E28DC1E7BA320,827,1170,RGB
1847,page-1847.png,333949,A46F6279F27C8F5E054F67AB762933A14AAC3958C19DD30835C24AEA600EACDF,827,1170,RGB
1848,page-1848.png,341522,AA6AB6487745D9F9B7767A993CEE35D8864AC102F4654EEB4625246900F98776,827,1170,RGB
1849,page-1849.png,390967,5B72C275EF97DD1613D49A08DCBA19BB529975735CD53469233A548854F98C81,827,1170,RGB
1850,page-1850.png,349069,83507A4E1EB314A5AD952F277B469BFA380889269BF8297E6DCDDD15B2DFB0ED,827,1170,RGB
1851,page-1851.png,306926,C682D88BA937B783F7FB9778FE8CDB46D56FDE44459787BAD768FC4E1870C706,827,1170,RGB
1852,page-1852.png,218625,4BFF901AA21ED50B352B5916F6231BB7ACC32A2ECE17F4AB2A5940AA4EB9FEB3,827,1170,RGB
1853,page-1853.png,321512,A74881F915C570E6C3DF76F9AA9BD7BCAB8AA115C560DC7E7D9ECA5B07DD3932,827,1170,RGB
1854,page-1854.png,324342,F68626072E43703B6A7622EB2C7D700640D36491DACD48A9C8E62EBFF9E18F36,827,1170,RGB
1855,page-1855.png,295161,A8D00C5F69F37FB29D179764114802737A8D63E3B9B6D2E0DC35A5F3FEF59D4D,827,1170,RGB
1856,page-1856.png,255768,3A1B335F3E966CFEEEA5B74278D32B3DD73EED0A15DC78522C2579CB1B01816F,827,1170,RGB
1857,page-1857.png,267792,20B09174E9357C4C6DAD66A3679AAD87F6C409413C580BEF279B4A183632AEAF,827,1170,RGB
1858,page-1858.png,301694,D93A85070D3D6CC3983F846C5932454421D5815C72211158A8197A20857563A7,827,1170,RGB
1859,page-1859.png,225912,04D5B436EED32DA456126B62FC8F15455775929C4334CCA364A396D9D66F8819,827,1170,RGB
1860,page-1860.png,296260,440068EB18A5B4861283B6AA8AC86CDF318B0E9528B1D1AE17ECF3C7BE0C9ACD,827,1170,RGB
1861,page-1861.png,205006,EA1A8C0FE45D8F39727F8B2E2EFE352E43C01029744EFC002F86DB1AFB235168,827,1170,RGB
1862,page-1862.png,254573,99E612F3DA1AA4183C92D32146D26581F8322A42C20AB0CDAB203E218FAC8302,827,1170,RGB
1863,page-1863.png,280932,DB8CB501604B1E95B91C7B6083DCBE0DE97D092D210E3873B504B7625DF643A5,827,1170,RGB
1864,page-1864.png,266423,169C1543216A4F9C91A55C7B4572FD3F01A36BC84DA8E37F6E2EED49F1D1E9E0,827,1170,RGB
1865,page-1865.png,270846,55C6AAAC0254852776A0AE02ACAE797F6D303873BF6545DC750103F22CE4C6E0,827,1170,RGB
1866,page-1866.png,278878,ACE1FA5FA3498C34C232D6C634966F545474DDD960DBE54B31EF77B112FE6812,827,1170,RGB
1867,page-1867.png,301552,47BAF17C2E64D23AA05D1BC1EDC078FA970C3DDDE9FACE92F9F0807813D689B7,827,1170,RGB
1868,page-1868.png,252126,4145A4E3F5FB741CF7B611C95B4CAA17446CD04066DFDB834E171C057D64969C,827,1170,RGB
1869,page-1869.png,310703,09BD726EE8DAABDBA84FBCC8D1410BC0C2D3AFEC42F6D59C98F427655212FBA3,827,1170,RGB
1870,page-1870.png,256162,9060E5AFE362B6048598A057AC8AA9DECBB3D3C42B5CBE8CF382215FCC11CD75,827,1170,RGB
1871,page-1871.png,350587,92A836C035987F697E008287582716650C54EF7E6D415FBC9F370229387079EF,827,1170,RGB
1872,page-1872.png,330611,1373D92CA4007FFEEA6083519E4D0C8DFE46A159DAE2DA7107EB13F1F3C2850E,827,1170,RGB
1873,page-1873.png,261394,B2C228D9FD55279C50CEAB102E99C1F27DE2F263D921474EA2C174DA7D415F60,827,1170,RGB
1874,page-1874.png,328745,0F2AE9D14AEC53A785012DA1E25511539DDA9B19B3F18A9262FA8E3D596EC311,827,1170,RGB
1875,page-1875.png,284870,9007820EE93CA1E308425D09060AC01660AD0E15E2540D9446E15C79D933A88D,827,1170,RGB
1876,page-1876.png,314929,9712CD0A5E52137FC014FDE173DF914126A5C228F5E2684EB8653ADEFEF97A64,827,1170,RGB
1877,page-1877.png,321787,D5029FD54375B603210F0551726873655EFF7DCA326AE959C67952A76FA9761D,827,1170,RGB
1878,page-1878.png,352476,15ABCD4BE77EF43C105A147D0359B1DD87D2BA1E21D5AAEB7B7D19A16B2B128E,827,1170,RGB
1879,page-1879.png,314547,15261A82F409D66DC38E3E34914D6888DFCD6910292A953A411B67C9BDBE997F,827,1170,RGB
1880,page-1880.png,270113,819A0FE7F22EDC542ED9B80117037245D53A2F9D5A05BDD9A06B3DF84836D19D,827,1170,RGB
1881,page-1881.png,329582,4B0690CC82CABDFA7BF5CE3F40D6231DCB50204B74315C601659C8CF9B2A7F14,827,1170,RGB
1882,page-1882.png,266335,749B53C523B21EFC4494798178061615CEC02979C00CC8C8B4AB8937B361DBA0,827,1170,RGB
1883,page-1883.png,250800,40C13703BFB75D685F2C0C20A0C7EC5863E81F521A91F83E0CA735A32190E266,827,1170,RGB
1884,page-1884.png,302814,E886D668212202487A9B212A6B680A60A0FD49654ABBC78CA9784D19BB3E102A,827,1170,RGB
1885,page-1885.png,297774,9BDDA65C99FA2060A0109F895C94DAD3AED7B5C6B2B50AABD9AF8DF9FBE77CA3,827,1170,RGB
1886,page-1886.png,333969,C23A028BF01D982FDE37B41EB6F7AACFDC2A3F11B0924A70B187FD862E279B37,827,1170,RGB
1887,page-1887.png,275248,C48121C92F9D297E8936EA4FD1EB6A740C37F3372F6158C1AC813DD1F4461F15,827,1170,RGB
1888,page-1888.png,284597,E460F2DF56133E75F922EDFE2FB998FD7FD7305E1572485DC2264682C8C90BC8,827,1170,RGB
1889,page-1889.png,277183,AED283092870AF3D1727E288A1B49748C0E0D95AA1CE360DF7E4BC90BD46E51E,827,1170,RGB
1890,page-1890.png,263421,101B88818278B0F42401515DFDBDAA532B0E08A5082E1465D555068FEF365140,827,1170,RGB
1891,page-1891.png,244446,8FD61E5E5D2E25B150D988567C2BB2A73541B4E1D4076BB45F7433364087A4F6,827,1170,RGB
1892,page-1892.png,258663,F5FA9534A7F9B8632A9C3F1E4B745C0868912D5FE1C9A15B0ADFEA75AEAC6091,827,1170,RGB
1893,page-1893.png,252196,D09742C654AF953D1DF4D99F16C3A25E68CE6409D47F35D197A4B6EF49845087,827,1170,RGB
1894,page-1894.png,223936,298BF23FB3FFB802F9CAEBAAAF3F23A0A0555FBB51241986C817B0439F7F7069,827,1170,RGB
1895,page-1895.png,298307,E9507E54352F756FCF2611909378F447E51CE4FF2EE1665011532BBC30CE86BC,827,1170,RGB
1896,page-1896.png,260298,87610FEAA0FC80D1BF9D9794EF360C351BE8F402E4D3AB2545E1B05BE7C329FB,827,1170,RGB
1897,page-1897.png,238669,72D81BA7CB024219465876EBF7DDE9E45B64563EC13B344B34CABA027496922F,827,1170,RGB
1898,page-1898.png,253662,60C30D6369947BC4A291DD6278E0E83C9D56A202F5FF2CC77A4FB33140883058,827,1170,RGB
1899,page-1899.png,307977,0B82ACEDEE0D9DDF1B42D6CEA5E608DE8A76527E004CA1867F2CCB71D4AA564D,827,1170,RGB
1900,page-1900.png,269082,473523D5EA24ECD085C3A526FF9C34B7198A54E7EF3152763B47029872519319,827,1170,RGB
1901,page-1901.png,248769,45DFEDE83FD7CB477397BAC32E6E83C1C343DD5D3EC705C40E33C0AA741DFDB8,827,1170,RGB
1902,page-1902.png,228861,AC0E76BE7B6C5CE89AA5B3C6BC85545C3C724A7AD52B2650BC6DDC1592516963,827,1170,RGB
1903,page-1903.png,257346,B5755F27A866D3075A9638D80FA99CF1BD0885AD882350369327C2E4D6583E01,827,1170,RGB
1904,page-1904.png,231970,368473D17C15B8CA937A1CFFB119D92784B05800F95AB2931776DEB9781279E5,827,1170,RGB
1905,page-1905.png,273449,4FDD6824ADB0E9996265C63238E52EC2F19C4A5FE6FD9C303205AF29E37746A1,827,1170,RGB
1906,page-1906.png,268182,2B2B1907C6A3B7444EEF9C66A643A667FC4AD4AEBBE42367866ED2ACAEBA25A5,827,1170,RGB
1907,page-1907.png,244771,8A319E3F2FF2BBD14D6443F67EC07B6948547E26AD8EA2A55AA5E695FC224C80,827,1170,RGB
1908,page-1908.png,250011,A795817C80D99DB3F5FCF1E4B3A53AD17CD5C99E9A51A1F74841EAFB9DEB5C43,827,1170,RGB
1909,page-1909.png,269178,EA3D7FBCBE3F06B6615278D9B7BFF31ACB3B20F7040CA7983110B24AA2B8F764,827,1170,RGB
1910,page-1910.png,236938,638B100581F91B5AB0E4CCAFE366A88CA9ECB21EB0E23C63EA74F89986A53BBD,827,1170,RGB
1911,page-1911.png,297200,133984FC9A12F248DDC6B08CB741AC11078B9A56F9690DC2BFD005B3196AAA38,827,1170,RGB
1912,page-1912.png,299257,5C073190E45F5F64D55CF07CE20B0FF44FC36A3D6C9865D2BF8964182C675659,827,1170,RGB
1913,page-1913.png,281916,B98D3BD5976270AEB6E1D337528F282C676A89E0B5BCA93A4E2F3574791E55BD,827,1170,RGB
1914,page-1914.png,235383,9B74E8011A10CEC6621D7FE7FB4D2F4B0A7FA51C7FA519162004325818479BDE,827,1170,RGB
1915,page-1915.png,266297,94FC59500EC884FCAF13D86E8DAD9C3514F579BA1B27784A86806AB26A91E649,827,1170,RGB
1916,page-1916.png,249696,9487E66C6B00FED4F616C01D059D0B1C772C76C80E8094C95AE8B4341BD2096F,827,1170,RGB
1917,page-1917.png,218368,3014FD30F08FE20C6FB06C6B65AD851B39C185B4EADE5C48FFEC739F570B60B1,827,1170,RGB
1918,page-1918.png,240331,44BF95E2A2A8369C0AB9BCE51B56063EFCD63DC162122611D714588E52A82200,827,1170,RGB
1919,page-1919.png,205899,2807063AFD5EB3A79ABCD19F32E4E3B872D1AAA1137183016B29F4A3501A9200,827,1170,RGB
1920,page-1920.png,119097,9DDE34D9A20C36F542CA54501AA6D47583E35326BA3D830E65AE0E02597B0DFF,827,1170,RGB
1921,page-1921.png,211016,368FF9C77551E1C1B6E028FE13C15EED3C8C336383392D31226A4EE6AC74BB8B,827,1170,RGB
1922,page-1922.png,210078,9459C45EF6B254308A4762BCCBDA2803FE7F6407939E3848D240310E76DC5378,827,1170,RGB
1923,page-1923.png,251289,FEDE6845F536AB0963FCE69F077AB777DC160C1CE6B8598DD92D084953A5F120,827,1170,RGB
1924,page-1924.png,311036,5EA5FB7BBD417FB33CFF7A3A9204C4F310CFAD5ABF63FABB485F7E69112B3D43,827,1170,RGB
1925,page-1925.png,311210,9B7BED7C93C83452D1C3340EDDE86F6188C85C9F96958D2DAABEF3BF9D5BA14A,827,1170,RGB
1926,page-1926.png,311920,3812E181BC448B7C81AFA8CD3C5347AF011802E9ED5DC433EEF3A30B2C3BA6AA,827,1170,RGB
1927,page-1927.png,259662,835C9AD044444EDC09206AE67AF344C3DBA442D141E79DF6329613E8D2EECB68,827,1170,RGB
1928,page-1928.png,310836,4ACC44EA8D801C378FA8BFCB6D5C4C5F238B841C1488B9745B7A5AB57FFE3112,827,1170,RGB
1929,page-1929.png,293273,5A225ADD1A81558D173B98D8A8C759559D80CE47D4566255BD925CD1F00B3FC7,827,1170,RGB
1930,page-1930.png,308621,D3A7875008EB07FBCA83A45F4B1F23F5CB4B4B44184D145CFD846D5330E64330,827,1170,RGB
1931,page-1931.png,293091,C00A66CDD91BDEC1182B61F339A7A18D40A6691A88B537B0E92A61ADDBCBD04C,827,1170,RGB
1932,page-1932.png,109011,01E0F645E3AE0EA869BFD9EC80F9163D193A7EA2B71F30D633E2826033B21A57,827,1170,RGB
1933,page-1933.png,231875,447B3B73442DD34E6EA005452D6D288C0491E251A95DDC68CF6A111A17283504,827,1170,RGB
1934,page-1934.png,266395,1E0CCC05394CB189E257E7A56D42464F4C2D1FD6C8AF7A630EBB0AA8006B9FA1,827,1170,RGB
1935,page-1935.png,274072,697DF283A5EE5D64CE1EEC26062806866D52276DEC5C69F12002C04B8845125B,827,1170,RGB
1936,page-1936.png,266912,AE46C20BD2D6948EBE2CD500315F8E0662549F7785F31369994ECDD5CD0FF870,827,1170,RGB
1937,page-1937.png,284763,D706892A2D1E4CFC8A9A63860C05A5F9296E7DC36DB384E0D98D72153083A00C,827,1170,RGB
1938,page-1938.png,241454,1EA9291B129A726FC5401A34A23460ABE1AB51FAFB8B93CF98924F2FAE3553D0,827,1170,RGB
1939,page-1939.png,278396,110FF1B0D53B5D069A077D0C2670C9EF3B070B2D35A8830F501AA7DB475D5351,827,1170,RGB
1940,page-1940.png,299183,072951DC2926BB45EAB43E6BBC61032962ED249FE3DE65AF569103418F087174,827,1170,RGB
1941,page-1941.png,231884,9D48286BD57AD89A2559AFDB76F36FD9BFE53FFE336EF2558C9B635B61538B9F,827,1170,RGB
1942,page-1942.png,322074,880E97A1D3CB218F73D2B46A27043D189B2271B4DAE9C9D327B629F864805568,827,1170,RGB
1943,page-1943.png,313952,D2919729518FE6C2E88386026A57BE090F410AD0270303CDCB54B0C83309A9CA,827,1170,RGB
1944,page-1944.png,338106,D1A2EEFF04413AEE41269EDAD20D07D1C1302BF3965CC7B7B33DE2D039B7432E,827,1170,RGB
1945,page-1945.png,215481,69362D112BC1590C2572D7ADAA5C65029867CC9AD624DAA7377FAE0E6F74A0A7,827,1170,RGB
1946,page-1946.png,338285,E50175DBD29E382B78C63C40EEEFE8F3D67A03652C7A0E21616B4648E546B496,827,1170,RGB
1947,page-1947.png,200988,5FE11050224A6A7EABBFB16F159A9D9078B06EA9C62E307665C15DED62611C6F,827,1170,RGB
1948,page-1948.png,66298,73A828F33CBD323CA8F523FD0CC8358D1F21F4ADAE5FBC9FBE51EFCBA9401469,827,1170,RGB
1949,page-1949.png,241541,1F3116BFB9B5D0EE6C4EB70E0AC2C36200E6B54FD4C8713F7FD795F30D5D671D,827,1170,RGB
1950,page-1950.png,322914,775CCC32415351864F2280A9B9349B2F300A9684C17A9AD2544C2A1538ABA314,827,1170,RGB
1951,page-1951.png,249854,B6362C7D979526CCD840C512B4A3ABFF10A7825595B53A79DF2F5BB13401466A,827,1170,RGB
1952,page-1952.png,271003,0DD9BB4414934D14D453A29F6AC847582E084F77AF83DA881EDEAA6A6729205C,827,1170,RGB
1953,page-1953.png,363893,7ACEC45FFFA94D489890B8B87CAEB88ABC04BF97673DCDFF013EC35F0F628B10,827,1170,RGB
1954,page-1954.png,271291,0A76A19085F9A1966EFA762209EFFEEACDCDF11974945B5CBC390E6BEB447648,827,1170,RGB
1955,page-1955.png,228218,D6074312B125687F3AF53DD4E06A21108BBF213A7E4258DD26DAFB9C9F0D39C5,827,1170,RGB
1956,page-1956.png,247912,E8B234F4A673B4197125393079A11A4B994B4B8ED71013F9C5C2F2B76DC18BDD,827,1170,RGB
1957,page-1957.png,313197,E433704939C2783985EDB92F89AB3E0656C1ABF75C1B18D268477FEE9E0EE280,827,1170,RGB
1958,page-1958.png,269671,447A37FE4E055D6EBA295775FC1376091A3F93B70034205393A233A0DEAE1B94,827,1170,RGB
1959,page-1959.png,292639,4C5478F0833C13F24591CE376FD519F101649373F1C79F79C9C230E5E610B981,827,1170,RGB
1960,page-1960.png,308797,E9939C0E45D34454FCB33A5013888CA15AF123F7B58A759B6F29A988ACB226FA,827,1170,RGB
1961,page-1961.png,255913,0A4DABD1A8651AB1BDF8B68E968174D1223CBBA5729B70CA035A01434EAC79BF,827,1170,RGB
1962,page-1962.png,262387,C22049238746C7E7D4C9173B590ABD48572EA964ACE82CA41934130188062AB2,827,1170,RGB
1963,page-1963.png,289151,83467C59ACF4E9A27D93EC5DE771798BDF0D15047D3A822C8C7CE4AE31021996,827,1170,RGB
1964,page-1964.png,280835,166A0560BF345AFB0959A92F61128CC51AA1F82F1A135461BBA3E593EA0A6863,827,1170,RGB
1965,page-1965.png,262575,509A6FE2E55929CF6A0EBF4229B28252EB3F3B67760C38C3CF8122F0B64F4983,827,1170,RGB
1966,page-1966.png,295572,8FFBCCD6A2764AE54E19219C54E703E44937388D6D47603C072104FBBC60D3FF,827,1170,RGB
1967,page-1967.png,284527,1807D74964565A58D1598608193EB4DDE693F74C7270BA7C1516604E5B634849,827,1170,RGB
1968,page-1968.png,237400,A16B3F9C3D8FA534590791A785EF4963E0F51D72172BE5D140281403DD5C5ADC,827,1170,RGB
1969,page-1969.png,230208,21C1F0416A8B2053FB048C94476C054914764C1C942DDA8D283541BB4201CFF2,827,1170,RGB
1970,page-1970.png,212731,771475C9042C1CE77C1953B35D4BC4A2F95B1366719C311F4004B1D9F951BFE5,827,1170,RGB
1971,page-1971.png,181711,711DADAB27EEB2E6956790DC08ECED1810E02B8874B143B8FF9644FCCB52B86E,827,1170,RGB
1972,page-1972.png,301830,A79B7012C01967F08F49DCFB5E1FC8ADB964D228FF60E600ED965AB629ADC349,827,1170,RGB
1973,page-1973.png,227853,85A2169C1620EB825506606E32D99074795313B6832F571990AACB8142965791,827,1170,RGB
1974,page-1974.png,243316,92D9B9FE017B5C938E7DB4946F931D47C6610944E6B99EE103885C86FC198DC1,827,1170,RGB
1975,page-1975.png,326139,1701D1175BA28472AF2B503F66FEA9E830FA14ABA732E2606948F86D18AFD6C3,827,1170,RGB
1976,page-1976.png,294679,A10DDC813E16FFD4CBC9CEAAA2EF4890A91CE11FBDE1FD172FD16B43D8A5250A,827,1170,RGB
1977,page-1977.png,332943,0B64D7BCE4D2811C9B6142113283ADA4FC0E25B1AA228570945FFE0E32DC5576,827,1170,RGB
1978,page-1978.png,252911,E3C4341F27ED0095F5994AB061D8D83A84B4E8CD8FDF28A07A0B2090A6CBB1B5,827,1170,RGB
1979,page-1979.png,305341,172B5C29AC60B73994C7F2BEBF1EE1E18B99C2BBD0FADEAA3D83A137DD2FD6C5,827,1170,RGB
1980,page-1980.png,250285,8FD10C12EFF301C6C04E946F32D7CC60F97C920D5857054022978182E6108EEF,827,1170,RGB
1981,page-1981.png,246763,AEB159E43BF576648F025488092B3DFE4CEFD1DA74EDE3E61A87B91C6EF6BE50,827,1170,RGB
1982,page-1982.png,272621,5C5A6E256BD38D5F26F6D0B17D20648BDA0C20D905954190E75B21B2BB4EBF58,827,1170,RGB
1983,page-1983.png,227930,15AE0574FF333DB696C85619F4D5B69AAD44F8767AFCACD824F1E74D663F65A9,827,1170,RGB
1984,page-1984.png,229039,14F20D8476A17858913707BF58DAF64C2B40694EAC90ABA4C2BD5ADF0BE7005B,827,1170,RGB
1985,page-1985.png,273919,DC45157BB15D9352AB43780C7946FC0055F4FA0B79979B80AE3EF9A4B0A333FC,827,1170,RGB
1986,page-1986.png,288356,24026B560B81A93EF4D5896F462902BBA5BDD1C2CFB6E7CB96169BA60EA729D8,827,1170,RGB
1987,page-1987.png,372368,60EE9BB9D9219249E499C792219A7656EE46DC2FA6BB0B087C1BFB67CDB8EA4E,827,1170,RGB
1988,page-1988.png,347336,BAF6861373B37AF129A2903C5A0229F2E9EA8FD97A7525A1E4968EB933623F26,827,1170,RGB
1989,page-1989.png,269952,0C9FB5D9D7452E37D70EBB3BE5ABC7E17A2111DC05B541C9C3014343363D7AB8,827,1170,RGB
1990,page-1990.png,311901,4372E92782BE099CA27F37E6D6C799E3F576014E64A8873D7201909161E4E839,827,1170,RGB
1991,page-1991.png,258313,5F929A1D424D4A8CF22126AA7B34D13ADCD4AFE5F58A1D245F9C6750013731FE,827,1170,RGB
1992,page-1992.png,281451,F5DD54A218956F08646B70A11196F242F6E34F372192332E0F78B788F769EC8F,827,1170,RGB
1993,page-1993.png,273932,980D90A0C6592D7D88536744BFE4E3FF528344CECE8113ECE55291CBAEFFF8A9,827,1170,RGB
1994,page-1994.png,253172,DE844700D824ADBB6FC687188A84EA576C6D943BF0E21B3C7A43CCBF33E85854,827,1170,RGB
1995,page-1995.png,290948,D48E5C8B9A2C9AA82361A7BCF51EF6D2ACA521E9FBAECD86F73D4BD24519A45C,827,1170,RGB
1996,page-1996.png,222357,C8789E225AA5F5589E810E97C0E1C333012488D35537ED082FE12FEE61837D8D,827,1170,RGB
1997,page-1997.png,255784,596AECF8D727798E14F7E28660CD65A8751EE7B9341F065558D02DF825B47D5C,827,1170,RGB
1998,page-1998.png,268395,D5A19CB3BEEA5399AE960327277205F691BEE1B8D679D0DD67397485C8E6D77A,827,1170,RGB
1999,page-1999.png,302666,35B3FE14D562B777B69C97A83BB5A459378F373C2813EC0D22429AC72B51C96D,827,1170,RGB
2000,page-2000.png,267718,2EC4F2EB8FBE3B66F355CB560043AB6B7D090BD6DE8485094790ACEC2882C051,827,1170,RGB
2001,page-2001.png,319692,73EE3FEB9331CDF880D4D87CC94BA080DD3F1728BEAE6083F18F32B19866AC9B,827,1170,RGB
2002,page-2002.png,301869,D053895AD1F9DBD5F2B4A394E3E3A6BA2B204A3426A20D4A2CEDC99DBB1C7C03,827,1170,RGB
2003,page-2003.png,311506,4F3F8D3E1B78377B5748661CFD24CB338EB62E27B9D1387FDA4A8F998B0CB051,827,1170,RGB
2004,page-2004.png,267874,31DA7F04B124B2CCF07B33F3CCF3BE5D258DAC6FEA85D0A04D1EE4A4B8AD3A87,827,1170,RGB
2005,page-2005.png,304602,AF763932B43A3AFFE76BBFD83916EE9C6D1882553F526E5CC61B687FFD7B4E35,827,1170,RGB
2006,page-2006.png,308169,02D2A7AEC681AB35D11B700B768EB86003A3408A560AADE0C62F70B6ED0E7B05,827,1170,RGB
2007,page-2007.png,199527,961EF8571537CA20BFE322805A935494619533707C7C6963BA10B545DEF77C8A,827,1170,RGB
2008,page-2008.png,257332,1C831CA730BDA4BE1B8BC41D6469FF59851AE76221F0C492AABC8AB2880B2ADA,827,1170,RGB
2009,page-2009.png,309886,4FF728981179029A0BF591A59946A290E48E7A54255DE1C2DAE4485AD952379D,827,1170,RGB
2010,page-2010.png,301316,0A68EDAAD16551752253409998D66E099D92EC6DAC9DA506245F133DA48DD41F,827,1170,RGB
2011,page-2011.png,285290,AE1E43BBB44899A81ABF7E73CAE4904FAC2D65EE39EC33FFB139A3FC99BC171E,827,1170,RGB
2012,page-2012.png,245295,94D37DFD7FAE4A7F770DD568E10DC25CADC56F35A061F98B79F816E18724B5D1,827,1170,RGB
2013,page-2013.png,146398,EF04CE249BF56EA512FBB85C958D41FAD636CDBDF8404E75282D051C63D65B68,827,1170,RGB
2014,page-2014.png,196418,52ABC020E1112CAFFBC4F6B6261F161633A43F4D4E81E6770ECDB871D458ED3F,827,1170,RGB
2015,page-2015.png,142785,D14556108325B5F46EFC274A98B4D6DB7EE6D8FD58132E2888EDB38FDA03BF44,827,1170,RGB
2016,page-2016.png,239721,FC1502038C5D590CE2530D6E9E91655CD9C7E5B5BE0C81C3C65115338CA78D7F,827,1170,RGB
2017,page-2017.png,278510,3F8E665134D89C3482333252688941C4943D3AC2DFE9474305A5997B14AF58CE,827,1170,RGB
2018,page-2018.png,218346,20A92D09FBD32D675EF99CDA89FFE7AC7D7867542F04768A2025CFE8D0FAEC04,827,1170,RGB
2019,page-2019.png,187635,F13B06D63A7D8CCFCCF4AC6189FFF70727F47C857EF435067DC162FFBD3B6EF2,827,1170,RGB
2020,page-2020.png,210302,9BFCC67095FCB4D46B11DC2B5AD49EC4E25F15D7495CBC378E9A160C034A19F5,827,1170,RGB
2021,page-2021.png,299510,0575D38E842A5E06B793F36ED147443F06367F1CECC8AA7EDFC2BFC782D36265,827,1170,RGB
2022,page-2022.png,281234,10455C1A37B6A73FCA1FDD710D007543FEE5CEEACEA32B2240A5222E81AAE332,827,1170,RGB
2023,page-2023.png,320959,22B84CB6FC1852B0646D34A49E965A05F736889F0DA7A8A6671D505593E70156,827,1170,RGB
2024,page-2024.png,278069,0A96DA2B4168ACFF19F9C45E89E7C4DA4D427FBE0358C3FA020BC2E791652CF1,827,1170,RGB
2025,page-2025.png,252390,64CE39B5D8D1C3F42687EF2B0704CA0973A557FA81F8B16324A4AF55488600CE,827,1170,RGB
2026,page-2026.png,288487,C21047408278B327E1C87F74070E76325A1D78256A7AC57BEE5ABBAC28AADEA3,827,1170,RGB
2027,page-2027.png,335800,A0E0A28BA8DD77FFEFE3EF3E704AA16BB570BB68505658C7029F686264FE6F91,827,1170,RGB
2028,page-2028.png,318314,CE17D7CE2F2F33DB5D787DC243176AC63C80E352C28429B90A4B9A41D880F48B,827,1170,RGB
2029,page-2029.png,382337,7893F3017C6BB764B14FFEF78948F43EF94B2B9214A4F77BFC0BDAAA09E5893D,827,1170,RGB
2030,page-2030.png,367783,19FC1C0B1106F888471E5E2E49967D057691F11DBA90D622376235FFBE98E034,827,1170,RGB
2031,page-2031.png,318245,5686469ED640DA4D89330F49CFCFEFE3DF5FB9F307FFD019568F85D33B1325D7,827,1170,RGB
2032,page-2032.png,278564,CCEEC82F0B09442C95DABC1621E7F6BFAAE6366A0BB9947039ED9A18AA68E449,827,1170,RGB
2033,page-2033.png,317821,D6923652E8608326EC09355C28D8589078282A7B02CF236829FD870748FE41C7,827,1170,RGB
2034,page-2034.png,296336,D866AEDF7F6F96D8ABE7D4E17874DC57DD7340EE7626CE5FDB2267C350C69CF1,827,1170,RGB
2035,page-2035.png,298807,53DEC17B2DD659AB767F7026D6D365FBEC337808C6C2B307CB1D0EABDF2072E6,827,1170,RGB
2036,page-2036.png,224345,20736987702EDAC649DCFF5CCE848478C6B6EC0AC3B4E10295A290F234F4F924,827,1170,RGB
2037,page-2037.png,270679,0321023E65B501C4E28E94249DFA0E0E82A8169C9FD01851CDC6BD6BE51909EA,827,1170,RGB
2038,page-2038.png,324071,96CDFA0EFD382F65566358B95700C302040FEB51D846378C8944D04B7893D489,827,1170,RGB
2039,page-2039.png,316743,DC0D1E1A95EEE0B8D7E47293DE96E445614E17AABDFA2FAFAF20C695F6965E0D,827,1170,RGB
2040,page-2040.png,333772,E802A9ECFD1528EA8F547D92E39D871CD8578D7729FE93499D45C4B96DA2F4AB,827,1170,RGB
2041,page-2041.png,380516,E9255489FC11D90D6FAECEB89C9FD9A8CD4C52FC96FAE23F6B8DFBB2387DEF23,827,1170,RGB
2042,page-2042.png,328075,AFEE65AEB23A3211CC7715C6A7F2155645D0A0B8CF53B49BB3EDE180C3EAA4A3,827,1170,RGB
2043,page-2043.png,312656,39250963B4148DD22F8E7F5CEB871322EE0389B4078C34FADD1A5BFF32FF0E49,827,1170,RGB
2044,page-2044.png,340919,908303F645D87A35A80BB09CAB94ED44FFA3DD4486CBAFE78A6DFA33980D335C,827,1170,RGB
2045,page-2045.png,354341,D9A4D9205F61F3E4D641BD666B36788A2A8CC37A65F0EC1AFA1A14EBDFE0B5F8,827,1170,RGB
2046,page-2046.png,369613,4698BB838C3B9949C05289E737928116DCCFA4A948E20BC54219666444E5FC77,827,1170,RGB
2047,page-2047.png,322319,7B9E613637A68BCAADBAB7BBED6815E52CD31ED4AB627D88D63542BF226800F1,827,1170,RGB
2048,page-2048.png,368742,4E8211949CA6632E75A289C574B58CAC6CCF8034790D4B2C478EEF84E76B3E33,827,1170,RGB
2049,page-2049.png,271830,180C1AA83B7D0458596A30C4AAC5A306047D72D9D0A0449F61D148ED18E4AE55,827,1170,RGB
2050,page-2050.png,323324,7A1506596DB9EBE7FA38400B728BBAB07674D146740AAE95DC1DC4988EEA2003,827,1170,RGB
2051,page-2051.png,275671,031772E2AB2D979C19175EFB2B10DC6F678B43540578BA46CA692D69BDA1FA1D,827,1170,RGB
2052,page-2052.png,293470,9396EB23A33268636BD2708F0628638FD3239BCBC086C2402427FCB3A55540E0,827,1170,RGB
2053,page-2053.png,292368,61A52723FC937E8EEC54365CFE1B1AA68C0B4E523F1DCA818F63C98444791B0C,827,1170,RGB
2054,page-2054.png,303237,C7ACC0AE837A79F7211BD206A6C32E8280A2B3FBD25321B228DD2E54055CE593,827,1170,RGB
2055,page-2055.png,251780,7515ED91FDEA769D58DC9C49E462FB37578AE780F359D9DE2FE519BBB2B908C3,827,1170,RGB
2056,page-2056.png,325093,5CA06595AC2A0BCC9B6F4C6859F0159C1D4626020DF0474DEE12B8B52EBFB1D8,827,1170,RGB
2057,page-2057.png,294199,A3950656353A81682E6460F3015DCC952B51920B63915EBE6A40A9D3D7325F77,827,1170,RGB
2058,page-2058.png,314615,4B03112EB525FB04188F19AF1EE40683EBB9B6E72761ACAB83F4CEDDE5442C00,827,1170,RGB
2059,page-2059.png,309645,03FD7B5903736F0883F9D5CB8E2805F3003CCAEA3C7031B40B61B3660154AD0F,827,1170,RGB
2060,page-2060.png,346716,3B8484FAAD9A026A80CF2B0A3A65B399EDE30E5DEDB7FC57A1930057947D9E5E,827,1170,RGB
2061,page-2061.png,312603,FE7896A2C33FE64865FB331834EB52139679A12FDAB2DF81A979CA1DB85D7DAE,827,1170,RGB
2062,page-2062.png,310992,139D0495F87DD42756BE41E1555962CE37DE0990A86498FCBB0C98598461C5F0,827,1170,RGB
2063,page-2063.png,221831,82E0997DAE1DAEF55B749838EF71E304D7DD0DC5D47683AB100F139E4603DF0C,827,1170,RGB
2064,page-2064.png,281092,53B7A7D9B564EA524B41DA9DB6951A168C27CE5293EE0D982E153BC350349E15,827,1170,RGB
2065,page-2065.png,361286,33E42A6CB75CC9E00C4997461B604B6B393BA39F9FFED2FF36CEDF19BFFBB59A,827,1170,RGB
2066,page-2066.png,340535,EB35CE3F40A3973516EB3568CE8D4D5330FC2922FC930861AA9FD2F687F8B179,827,1170,RGB
2067,page-2067.png,301969,DA5178300F5214648DA6105D3465C81E46AEB27C2A23B23339217438E2823A89,827,1170,RGB
2068,page-2068.png,286796,0F1D4030F88E0D567497A5322F374654884BEFA7B116462C358E880FFA4E91EF,827,1170,RGB
2069,page-2069.png,233099,85DA4A7F12E328BDC6D861AA1E5C37A79D5123E44E0C4B528AC86699B113F224,827,1170,RGB
2070,page-2070.png,261923,1B8D2F834371DA6ACA859FBA9A5998DEE681C83635C77F7937BC06F4527041FA,827,1170,RGB
2071,page-2071.png,245023,AD1D145FC41A53F61FC306AFDBE04285B90E02AC71B0762138247E4C688393B5,827,1170,RGB
2072,page-2072.png,312431,98F2777494D77BA8C71068D67ED124FE7A89085EADFF63BF9EB3CD607D859CF1,827,1170,RGB
2073,page-2073.png,339092,319384BC6A05DE7F6CCC3FB14B12F4A2F4C26EA70C2DE5B5DBC177D07CE55289,827,1170,RGB
2074,page-2074.png,340951,6174CCD5BFC579C358EDB39AB9743AA1D9F44F58EC3876CB87C398596EEB71B4,827,1170,RGB
2075,page-2075.png,323113,B041A92C36EDD55BD7D251D07B055337FA42D2DD588AB7C73AC69365B36C9122,827,1170,RGB
2076,page-2076.png,260756,EC2249FE14AE7119CF47A8A51174D8D8F73A8F6BCA8F748007473FA114C8E4B1,827,1170,RGB
2077,page-2077.png,277412,61E840A30BEFE4CDBA476F59D351438444D20349288EC55D5D0F24E5053C6E60,827,1170,RGB
2078,page-2078.png,275658,68D4A4184F693BBAABA4B059D42C2177C564754CA475874308F0B3F127310F78,827,1170,RGB
2079,page-2079.png,271041,48AE01A9755D1D6D5051EEA44CB15ABBFF843925BBFF8DBC9874CEEDAE48B65C,827,1170,RGB
2080,page-2080.png,285599,642A353C4F39754E4338E4D4418CD19A594E29BCD2ECA5FCB0A5AB0CF669FEAF,827,1170,RGB
2081,page-2081.png,317437,CE94CB5433499BF367A5A5346BF2F68CBD5236EC981D9FAC0BCCB44BD23D6855,827,1170,RGB
2082,page-2082.png,323345,D9E549B910F6E24AC3700C19CEDFF314C001301F9720E0A31C65747014E5ED56,827,1170,RGB
2083,page-2083.png,314578,DA8FD6F0512E21BE4BE765F2F660619D9603A0C7DEBC33600E060BEBA2F100F1,827,1170,RGB
2084,page-2084.png,290820,C648A0F6E626D77CD0554A3E916FAB73AE7330F07D0D7D1BD1C0345A6A7864A6,827,1170,RGB
2085,page-2085.png,268477,2564D8F1B7B2AA445370DEEA45E57301EDB7358D335730BCA6D113610E8BA3E4,827,1170,RGB
2086,page-2086.png,318198,3D50AE21E377174AB03DBFBD0EA297C1277686E8A9F8541FB8E79BE4BC52B6ED,827,1170,RGB
2087,page-2087.png,298230,830AFDCA48A0289347A25F9A364AC29CCEBEDDED1DD548C09CAC2AF3C65B2CEA,827,1170,RGB
2088,page-2088.png,284729,9950F5B9A086465870846CFEDD7FE83D8D94A900045E854B4F443A3D1F5FCBBD,827,1170,RGB
2089,page-2089.png,190570,B8499699B40900ECB8EF21610D1668B19C7AB7FFED49465F03937EF6D0F5A721,827,1170,RGB
2090,page-2090.png,176431,E8F1282B890F4EF2836FBC4CBCBEF6E12D426F55714A6E0B45E6D776462B8CCC,827,1170,RGB
2091,page-2091.png,289275,367A360AE5BE02A3E1F538129E68422A27FA1C44E304A23421186703FCB06D08,827,1170,RGB
2092,page-2092.png,224154,14336019EBFE492EEFE682214C93849BEBAD2934EBB17D745D01C7783823BF13,827,1170,RGB
2093,page-2093.png,219047,7500376F6567F663B33EAB7F90892F610AE559FA7249CD3BA8E2722B810C4295,827,1170,RGB
2094,page-2094.png,306187,EB16AA005433B54880B5C6217719275F605B555F67F55A1D7B9714F832B89C68,827,1170,RGB
2095,page-2095.png,210669,3A9B8F6F93F548FE28DFBBB7770A2B6FA116BF03B731712BE438948C4CA0B1AF,827,1170,RGB
2096,page-2096.png,193722,958D5AFD3C0A01B753E2848B6EDB2FBFDAAB87279C81383D10047C530D15B5D7,827,1170,RGB
2097,page-2097.png,198599,55FBF4CCB841AB38FE14C0D76960588A762E437BDE42B6C3C89454631D499AC7,827,1170,RGB
2098,page-2098.png,229634,37D3FC469C3E58BBCB6F166E44D70063FA9B41A66ECE091D471461009D2E6DC1,827,1170,RGB
2099,page-2099.png,214260,C6188EED3577A647600B6C6504CD48550DCDA3E9F04DB6994AF12D3C3CC9D8CC,827,1170,RGB
2100,page-2100.png,199312,A11A30DA9917AD82CE81F6404436B3F916F9D2E6D2549545D1447CC9FF310B95,827,1170,RGB
2101,page-2101.png,268819,A8614E284FDBFF312FAAF824B3C3A860B59CE751DE2E8A8AA1B1611C2FE2D0B2,827,1170,RGB
2102,page-2102.png,271125,CA1E120FD88CDC8CDF342D32ACECE817D04D90B8A601C915DFCFEB28CC70ED40,827,1170,RGB
2103,page-2103.png,237090,74B12719C727714B52097051B05CF3E48A9BCFA5BE8A5BDF1B46994F24F7C8F9,827,1170,RGB
2104,page-2104.png,212793,65C6F14EE3865243F5490577096157F80033C6B7544CA9CF82BE2B095A327797,827,1170,RGB
2105,page-2105.png,301668,E41EC5C8D9DD5E57FAD9032442B5F34CDD3ED90AD9151CF1990EE2EAD29016F3,827,1170,RGB
2106,page-2106.png,256157,0F8171C3F7276E1D08404C3DED0DB7053A0BF1578BA2DE1D6ADE3952619152D1,827,1170,RGB
2107,page-2107.png,197925,DFAC93F7448B2FE94EDB3A5525D2D80934ED0E4C737DFF264BC9AE6AC5489C90,827,1170,RGB
2108,page-2108.png,224689,A84185840024EE1CFC09F31D964924B394E40E59A18650A30541F5A5B3BF99D6,827,1170,RGB
2109,page-2109.png,296817,DB38E22D1A800B847EA3702B9FC718E2E57EB870E035171C36E285C3065B1D75,827,1170,RGB
2110,page-2110.png,213576,B2C111FA3AAFF2AD6985C2ADBE572494712BA9484C848B2CF21DE289DAED8B2D,827,1170,RGB
2111,page-2111.png,202396,1FF52EC256C595119DEC7C0878F200C3B125F122722A6FEFC7342B20C9CFB453,827,1170,RGB
2112,page-2112.png,180614,93112832DAE68DA28D3CED469116A3B072F447FAE3F934ACD62117C688CF1E92,827,1170,RGB
2113,page-2113.png,214910,DAE2DB699A732F65EC3B1F0890137DABA42ED468F206DD9DA44F3D95F3E38759,827,1170,RGB
2114,page-2114.png,189930,01B70E7278FAFF26799EEC24780D1D6C22F63D7F93BF37A3D062D1AA0D3D5F99,827,1170,RGB
2115,page-2115.png,176803,FE1D9006DDFBF7D6B10149DDFD6E032100A95D1AA390606250C0777ACD8E382B,827,1170,RGB
2116,page-2116.png,223308,D156872709E15C083B0F497E73C482A623895B7CD8ADE9271A235E21DE892C44,827,1170,RGB
2117,page-2117.png,255418,28F9B52D1AFB37C2C056F5B185D17D22186A516B10B45F2D7FBA0878D433A5EB,827,1170,RGB
2118,page-2118.png,243365,D7CBD3572B405A196D4E1DB563C2AF35538872E93AF729C94C4B80E2EC09EEDB,827,1170,RGB
2119,page-2119.png,269782,2F63D1330208FA03FF4189A2C873286A7025BE2C77F338C956175D9772C0E232,827,1170,RGB
2120,page-2120.png,198333,67F7D4FF26FDD34802F7938EE9556F84677F56FF639CE0976D77F38682EE86D5,827,1170,RGB
2121,page-2121.png,297639,AF46D9455588766ED96D4D562BAF5944EB29F635659949FE9CA8D78EF9E8FC0A,827,1170,RGB
2122,page-2122.png,270613,3433B09114278A98124112F08E22C15594F850C309518A70295F67591732106E,827,1170,RGB
2123,page-2123.png,208662,C319FEE44CFA79E3C57EC3E66ED054C7DA492FC7CF45202785908E7688D5D4DA,827,1170,RGB
2124,page-2124.png,230091,596B164CCF4863CB582D2E558D521BB402CEA1ADE7295C825BCFF4DDED08E97E,827,1170,RGB
2125,page-2125.png,313075,1A3C39A4F7B28696370523DA307E6BEC638929979D87B7F6C95295AD7518999B,827,1170,RGB
2126,page-2126.png,282762,63D9A93ABED20D8BFDFE803400CDEAA7E4725ADF8603095229BB697FBDE47E02,827,1170,RGB
2127,page-2127.png,212956,397EF412034A9948BC73DCE396E613248D27F35C37F1B02533816F33FE95CA0B,827,1170,RGB
2128,page-2128.png,194347,3E9C59D350069CEFA65D63763EE49A2C9B7663E2B7443508CDDFA56EE8535924,827,1170,RGB
2129,page-2129.png,236068,C2262ABAFB6219F1294A4B708D92E43F7C3A3A4D9C6639C0C7EEF48241BA3BF0,827,1170,RGB
2130,page-2130.png,229715,AB8FD5AEF7A728301201379DE36EE475E4A4904CAD525DCEE00501025C7D80A4,827,1170,RGB
2131,page-2131.png,211712,5739FD80C040A1F41814FF4793C3D896626ABC469D3B678A2A7FAA5FA362A84B,827,1170,RGB
2132,page-2132.png,270204,52D50A7B999446D8533E3E91C1475DA9A8FEB7FB82AA302ACBBCDD3C63CDB504,827,1170,RGB
2133,page-2133.png,60282,8ED0A5F0AB50CE0060D7906FBE9120A82127B5411DAEFA797717851B2B75C116,827,1170,RGB
2134,page-2134.png,264691,ABB77537350418CB79350455BC52B4EE9591B54E2A05AAD06FEDA6D8412D95AE,827,1170,RGB
2135,page-2135.png,267569,983E137EBCC01EE5F19DC0502EF93D5D6305F5BA8DE3E65454EE91292E1F01A3,827,1170,RGB
2136,page-2136.png,258922,AE7C327221A85CBF099FCF54CFF761F7AE0E6354CEE9A4EB6446F92749A0D52D,827,1170,RGB
2137,page-2137.png,273830,B57DDACBBBA9A356A02F9EC51F2DBB31708D82B59DE68984926B57D0DCE86D21,827,1170,RGB
2138,page-2138.png,278274,AF22F6D35768675BF3D6638357245364174DD10E5D09A77D3E85695521B24D8B,827,1170,RGB
2139,page-2139.png,329699,415B7C6EBDF529205A442381C48DA81D78217FC914435F41C274393118031EF0,827,1170,RGB
2140,page-2140.png,275727,B573ED2F7F446BB812869E205049CD7E770746625759BEBF1D88745332B2E2C6,827,1170,RGB
2141,page-2141.png,208852,030A933922266C525A5479043BA95A2568A399DB71FBFAE14C57DC2EF01EB60C,827,1170,RGB
2142,page-2142.png,254736,FAFF4101C15F0CC18DF79BF84CCA59CCF4A1214F67E2D022831F906151C1256C,827,1170,RGB
2143,page-2143.png,194855,445F8A383D9DB21C412964325D06322B4C46B4DE72B7E7D9B3864F0EEA5075FF,827,1170,RGB
2144,page-2144.png,290680,C987B1E14437472EDFF532718ACF454AEF253D93F14B998E1EF955C591FD534D,827,1170,RGB
2145,page-2145.png,300140,AFF55D0DD580BDDE7690ED7FCF2EA75FC713F5EC352A218D14F643DB18B216CE,827,1170,RGB
2146,page-2146.png,281367,CB87B197BD75B6066A1AB8544DBDADA616FBD6B96C82478DFF0677A0584095A9,827,1170,RGB
2147,page-2147.png,265074,DC22889F024375B7515552F6F48B191276E69D55D4C1BCB14D0AB2FBAB68EF47,827,1170,RGB
2148,page-2148.png,233924,98B7CE5911D22473AB2AC39827751D4AAAD07DB5FABD52D4E346D1D4C1217A46,827,1170,RGB
2149,page-2149.png,286439,BFAFE5D83496D8FA12677AF2CE8501C178487DABB9BCE7A0988A5FA034E42FED,827,1170,RGB
2150,page-2150.png,267176,3162F34D8A9D9843395D9800711BD77F25CAB7DDF4F56F0BC22705B8F9BE4907,827,1170,RGB
2151,page-2151.png,292214,39E39FE25E2522A9DE24A256C51D65A8FFCBC36F47E2C00EA7D6CDFFB2DC9B01,827,1170,RGB
2152,page-2152.png,216786,BA9CD9408E8CBF618499346303595A8EB199D9ACF94B3FE82BB2724D71716210,827,1170,RGB
2153,page-2153.png,285338,E47BA8758368740E6C2FA75A54A8BD90272328053C5813DACD8BF08327C2DC44,827,1170,RGB
2154,page-2154.png,246548,E4AADD149D2AD2F067229550572D4883A891FC931CA73640F453CD06ECE2FD79,827,1170,RGB
2155,page-2155.png,215500,01921CB7F9529850AF29E895D84F57646C8D9C2EAECFA5B413F4EF369DC14E30,827,1170,RGB
2156,page-2156.png,253680,30279181499538F56D4D302E1AFC481836726BF38FDE6BC4931FAFCA66CB075D,827,1170,RGB
2157,page-2157.png,290421,A3915237393DF868F21BB90276EB0516787F7A44E3C9BED4128389BB6180CC15,827,1170,RGB
2158,page-2158.png,242398,A65BA097AB3A9E8A85CFA4036142EDB89388003BB2182E220DD1E303DE82086D,827,1170,RGB
2159,page-2159.png,201921,576EFDF072348914DDC7A59083399F48D9C4DD726AEF57B4CD2F506C1407A9D4,827,1170,RGB
2160,page-2160.png,229971,CBFA441D0225F9B59D015941B0949B2C2C1FA3B5BDA7DBC1F0763C2311CDFDA1,827,1170,RGB
2161,page-2161.png,303520,895133A1E73E204DEBC48429DAE6FB0090EB1B4193BE3820743F2D78A22CC0FC,827,1170,RGB
2162,page-2162.png,307462,B316E45F1A74B4979B70F1C67B354FC828982D8A91DD5039F879B28D0860546E,827,1170,RGB
2163,page-2163.png,258241,872D472779B15B7AEA35A1945239F661E8C5CC2FD2AD548FA47ACD5D78006922,827,1170,RGB
2164,page-2164.png,257782,AB12F5931696F7A24FF87BA8450C91C80802E83619D2630A3A135033C8569DDB,827,1170,RGB
2165,page-2165.png,268475,30855D7254B3EA22EF2C216823118BF2E64C25EA196954B332A474BAF9E88A3C,827,1170,RGB
2166,page-2166.png,255778,385064B0C8B8F3B8D0FC8FFBDC9A6564938DAFAA090A0E806451E25ABBDEFC41,827,1170,RGB
2167,page-2167.png,245501,35D89CE6B4EFCA609E5D24EB35030E07A387B62BC4AC614B6AFFB1AA69CF634E,827,1170,RGB
2168,page-2168.png,266820,50F87D36E5EBEB5C8A12BED36CA3529B0FE5F862299FE47ED830AE2A81D2C7FA,827,1170,RGB
2169,page-2169.png,121459,BB3EF4C4A0C52A4AC625A178F3D4F19DCA970077D32BBF47A0ADAACC85B1B161,827,1170,RGB
2170,page-2170.png,220503,E82EAFB7A72D2680601601650F2E40E684E404249D0B9E936F8B43CA4680BF4E,827,1170,RGB
2171,page-2171.png,285095,A2BC343DE926D2A9FCBBEF31BC9B86104939D9A1DC6FDE6794055FA88DD11A98,827,1170,RGB
2172,page-2172.png,256263,0BF8801ADDE5E8DD8083B91CE490849EC0B25CC3F40133F79042603E78FFA203,827,1170,RGB
2173,page-2173.png,300155,988A27BBD142E7AA1BE18644FCB6BA777973F5EEADCDDFB05716E999B4747FF3,827,1170,RGB
2174,page-2174.png,269110,207321BAA824D9D619A48822FB759FF94E26382789467EEC827953F1BBDC1A45,827,1170,RGB
2175,page-2175.png,255038,113C0B09342BFC3BB730BC663E2125E5EFD4BB0706B1B5550A78D8217866D3B1,827,1170,RGB
2176,page-2176.png,316536,0E1CF2EBF7314DEDAB59B358A759CBCA66936A7A01050EEE8C4E796ABC5C2F65,827,1170,RGB
2177,page-2177.png,357395,C839EB8CDDFD38790E1B969BBE22287D6CE9BE15206FE84B079F70CA34080FBC,827,1170,RGB
2178,page-2178.png,242847,E78E7BF0BF26C49250627FE432D344BE8744B16B35232AC688C894A24142A8F4,827,1170,RGB
2179,page-2179.png,293287,6E433504AB4FEA98B4F2B0A728AA61F3DAB2BDF96929666FB2678E88DCCA20C1,827,1170,RGB
2180,page-2180.png,232948,DD801ECF23B59D978E5DDE029FBA406D5291D282371A873162F163428301283E,827,1170,RGB
2181,page-2181.png,226830,E5C7294D134B3709442FB49730E16D911BDA2C505F23A76EA4AF403C62204FC0,827,1170,RGB
2182,page-2182.png,324072,CE12EB4A34EF56AFA991D99E582D7AA5D0E107E151FAA5E17CDCA5D2E8FC5B84,827,1170,RGB
2183,page-2183.png,244713,236599446DB0386029387738D2AA69145EBAEEE76A9A91B82AD5A19C4A5C47BD,827,1170,RGB
2184,page-2184.png,263505,4971BD88E988990065490B9C4F6549CD14C7BD4FC097C94C7F541423CFB66EBF,827,1170,RGB
2185,page-2185.png,338164,ADFFFC22D26A5FCED0FA5F0CBB11A21ACF144BA19018B9C9AABA22B55753AC14,827,1170,RGB
2186,page-2186.png,268554,B0A2B77C097EBF66F730E9A9D9511471FEAA0850C18FADE2864748A0649B1FF9,827,1170,RGB
2187,page-2187.png,359595,A8C69E510E1DA42136F1B79A5116C76F8478854A439742BE51CDF8F9D97CDB91,827,1170,RGB
2188,page-2188.png,346555,6DF805FB53C76387BE9FD56AC4667603568FF8B131EE15E71072A6CDF25971DF,827,1170,RGB
2189,page-2189.png,325967,3A3DDAC5ABD821ED7169DC925897DB19715BC7DCB060DD9F7F9F84D313C6ABD8,827,1170,RGB
2190,page-2190.png,302143,3EB01C875A2AD7DB8CE032253AE63CEFDBD2ACC4E5DEBC3CDAFFFE58E1C26105,827,1170,RGB
2191,page-2191.png,302651,10D29E5F312C870A1FB1D9886185303F1675D1D45FCEBAA7DA60758230EEBFE8,827,1170,RGB
2192,page-2192.png,333414,BCC348E53CA249FA845F39139512AA26C43F2406A43F8285189C6BD13040E794,827,1170,RGB
2193,page-2193.png,353570,C55A8F82939AA686C418803C159EDF4DFF0FCD7424375A4392B16CE6ACCF4396,827,1170,RGB
2194,page-2194.png,95065,4D77CFBC3BDF9DC976AF27C8B365F2623B92D0FDD7FD8C21065E7F2129D5918B,827,1170,RGB
2195,page-2195.png,282268,B0768E402F3BF26CC4C68C6092914775F3E93A42414E5DE783097CDB32217B89,827,1170,RGB
2196,page-2196.png,248740,6875F9952DF02EB0F08CEDEC1B97A268C054DE1C8713DEB04B897E9EC46F8601,827,1170,RGB
2197,page-2197.png,213171,699622468FE2A2467F3AD49DCB764212DCB76C019A7998551C45C98684B756EE,827,1170,RGB
2198,page-2198.png,300837,3936E41E9F399B9A37FDD2DE1210376D857BB1C5D1451E6685EED0DC9FDC1468,827,1170,RGB
2199,page-2199.png,261979,930A57DBF1B10D7791A69A311C603E4AF7B4496C1A66BCD3E8ABD07A7C373192,827,1170,RGB
2200,page-2200.png,293914,D6B4C9391683BA48BC1E989E339553F1BBB995853B72E8BEDF596C413DC5AD12,827,1170,RGB
2201,page-2201.png,288422,25D070E6B48CD91E6F752254B7307F5E077EF1248059304375CC1185DA869D4B,827,1170,RGB
2202,page-2202.png,340206,A0DF788B8E6E3D916042DB561051E76DD156C09E6D03ED074ECB317337336FB2,827,1170,RGB
2203,page-2203.png,310995,203B7308DB7F630E066FDE8C2E8B6E2F3E1AB4B7198AFDA4FB2B9FABDBBFB831,827,1170,RGB
2204,page-2204.png,338639,F449DC4A058ABBFB9126AFDFC31D2AE5BC42C6C05AB3ACB07975B101477B7EC1,827,1170,RGB
2205,page-2205.png,338245,9491523535279461F1C728244EDC0ED3B93C388F415199A2A4235E7BC705ED6F,827,1170,RGB
2206,page-2206.png,317664,5C973FC699A7B0C50BA53CC4DEBA79A0DFB2C0F58F639A8DFE6D3C25B69FF02F,827,1170,RGB
2207,page-2207.png,252925,AAA5139E8EFBB824D794B69E3131361D86FF9BD68F3863C0AA930DDCD0BBBEB2,827,1170,RGB
2208,page-2208.png,247949,1D808D744675D7FE5AD35C34AC150418D66DC7C9BB6DFAF35FEE57172343AFA8,827,1170,RGB
2209,page-2209.png,318911,EDF991E1934E940D109C548DD345867B2AA7A8AE34C9A8934C5F0FB4A051CD08,827,1170,RGB
2210,page-2210.png,351357,6058A3567F0431BCE011B45EEC20E32C312E2B007F633533B7EDE4DDBA22459C,827,1170,RGB
2211,page-2211.png,328526,2D6185A6BE2451CC44193F2E36450D8EAD2C1BA58D7C196857936F3B40094CBA,827,1170,RGB
2212,page-2212.png,324954,AD111BE4F586907818DFB939A8A8745D0C4023178B074E5C4DB0EAF6F7A3CEA1,827,1170,RGB
2213,page-2213.png,133618,A54D2D0FCEEE1D0C017BF565DA0294BF3D9388B7915986C80F6EF4AC5EEC72B4,827,1170,RGB
2214,page-2214.png,218007,C178A2F3DB752403D5905032981F68E49926FCA00EBBFEDE058327598937CAE2,827,1170,RGB
2215,page-2215.png,336072,56B2515862DA1B8DAF3DD3CAE547F4A02A2131340D06D7BB6DE87080EEADD851,827,1170,RGB
2216,page-2216.png,198528,C46CA73EDA502CC237C0398A6C0A40BD4D209ABB326CE76C1730D13CEDC584F4,827,1170,RGB
2217,page-2217.png,315794,72F2AAE87D5C2DA7382ACDD358434E13E519145A07B2AAE30EFF98205FB55AF9,827,1170,RGB
2218,page-2218.png,334057,8708E1E2F054E7F417CDB790221E4C40B44C16E75DF87B87B29C2E2098E76372,827,1170,RGB
2219,page-2219.png,236788,5825F1AA7AA8E5776B1E1BF371D6243CBEE6385E0896307F49EDF480A9CD6890,827,1170,RGB
2220,page-2220.png,280550,90F25F2EB5E5F9B761E4FD0196B2B647DD3F7F5EACA7148FEC30C43AF451B594,827,1170,RGB
2221,page-2221.png,289456,D2D1D49A269C7D140D0BB89D927A246846CB392E28A23F5B5B2DFAEAA79E4F9F,827,1170,RGB
2222,page-2222.png,238599,B1A0EF8A3A4E77956EA61696D8A829619B25BD5F39165B5B45E809A585F3E7C7,827,1170,RGB
2223,page-2223.png,209610,0E669233622447F87A02ED40D69BC88C733A17738CCF5723A4D5FC32924BB27A,827,1170,RGB
2224,page-2224.png,251747,C4A1164101860EBFB2B4CD3247272692336EADB7D041B05ACD2EC5BA38A46B46,827,1170,RGB
2225,page-2225.png,320266,AEE76072E0FB6E415C6CEF7809E41BEE0BB4B8F724025B25450CD38321126C3D,827,1170,RGB
2226,page-2226.png,265502,DBDDB3043C0F119B0882DBBB7CE15B7E9A481EE4312C481ADA129D25A26F5CD7,827,1170,RGB
2227,page-2227.png,249096,06A5925361053F39A723053C84556AA90A4611172E0A48774F2CAE2B3E3DBDF8,827,1170,RGB
2228,page-2228.png,177816,8F4E42055E3CBB5DCA199FB4C2C57E31247FFC465E85D77F08952CC35156DDC4,827,1170,RGB
2229,page-2229.png,291018,418919B978117B58148C5A0166A1A47BEB003A06A7F0ADAB1FDE4D9E1EBDB9CA,827,1170,RGB
2230,page-2230.png,235251,CED3A6D78DB8405EB7E4AC2887F8CDC45570D9AF82AE8DC58190E82AF262C1C7,827,1170,RGB
2231,page-2231.png,339846,ED688DAD40CCE9308DC4BE62987867A0C173931C66011A76B471E54E8C088C21,827,1170,RGB
2232,page-2232.png,311429,885D1E97160D7D2704FE6350C4544ADF1C895EA1232EFC087B86CCBE6BB30506,827,1170,RGB
2233,page-2233.png,232567,CED3304876E7A02490BC9DBB9DAAB49A6848C816E8C7652540B7056849D1195C,827,1170,RGB
2234,page-2234.png,307444,7A9B380311C1F4E1EE3A727EC8E1F9CB37093E43C9CE38B3C48F8502DA78B074,827,1170,RGB
2235,page-2235.png,263978,4C19A6CF453FB7C3A369744D5DDD972702CA4C95390120FD11914D7EC92F0806,827,1170,RGB
2236,page-2236.png,256662,4C2DDB12821615983F740643C0CBE88723541693FA959457924F7B0A058DBCC6,827,1170,RGB
2237,page-2237.png,288594,28477C0CF1F192D07E58AD179DAB916F7BA23E63D83AC903466F231A9B3FA29A,827,1170,RGB
2238,page-2238.png,270626,051E149B79BCC010C3EA0097E90AEC7470559878F417438E5E77D327B558BE0A,827,1170,RGB
2239,page-2239.png,279570,42F334DEEAE5D67DFFFD146F3BA03E6DBC650EC408DF23D36B35592DA7988F5C,827,1170,RGB
2240,page-2240.png,269207,539D4C115B7422995770E4EDBF25A25A492E8D61E0CFF67B3BA75FEB1955E44F,827,1170,RGB
2241,page-2241.png,351929,41EE4FD13371A3A0FAB3147357711F16E95BBD7C9351A3F1ADC2C7E6F865A360,827,1170,RGB
2242,page-2242.png,358064,20F1F49FC26C9DE844AC5B727642355BD3026FFEEE081FCD33F80CC3B9037249,827,1170,RGB
2243,page-2243.png,363418,4FF9167840FC61C818607458EBA270B35EE783D4E9D23FF16D5BECE3D4750175,827,1170,RGB
2244,page-2244.png,335574,149F09E477D86DB95C4391D3530B9E167D62FA8EF7CC860A09EF075ACCE1858D,827,1170,RGB
2245,page-2245.png,289112,C4787193F497DF4675A579C7CD0F815470E59C30608B340CB245EDE90F42F834,827,1170,RGB
2246,page-2246.png,286761,BD1AAB3D637BD7385F7BD2E26368BB168A4EFAC50579E993BC58B7364F69A990,827,1170,RGB
2247,page-2247.png,341292,2D507ECCAB36D8E46D253496FFB449287AA6FF847E45D69190E71D899DDD6B80,827,1170,RGB
2248,page-2248.png,332705,2B63BD28F0E64000A4AF5A31736D39033AC6B3F5F57381A9D253C97C65B491A1,827,1170,RGB
2249,page-2249.png,279671,693081590737A0A6F949A7B31CC4AEE93BF5206ECB46B1FC3C18ADA4AD1945E6,827,1170,RGB
2250,page-2250.png,231481,7359E7D328D2414EB439E865F4B3D7AACF1F6DBEFF0EAAB06611BDBF7BE9B980,827,1170,RGB
2251,page-2251.png,231400,32F30D81A53D1C16D89AB781F728F20A9E7B3482D973FF084AABC46C84386C03,827,1170,RGB
2252,page-2252.png,211138,6F393A8FACE4507E9462C8E9E69A2E9B2D6309D6A71E3CB831C7E22C3664C1E2,827,1170,RGB
2253,page-2253.png,280437,E4FF72C8969168D0A3CEAD3D0105DEC91132B0505FF6C792E886CC8288D2640B,827,1170,RGB
2254,page-2254.png,299484,062A657950A1F6A4C653AF2544DD6E0C3D26B8FA08CA305E8E9B1101851C56B2,827,1170,RGB
2255,page-2255.png,286584,CB6425EEF9D1143255FF2777CAFC134A658C310B8574DDF6532A23D9D6E96B8A,827,1170,RGB
2256,page-2256.png,285422,6CF2BF5BFBC279A955C8F1F20BEFF3D9B7E7CEC2FEB2A6882045F78163A38F90,827,1170,RGB
2257,page-2257.png,241546,D6367D2A51EBAC4F08E2D5544A1BA9C985EE7655FC6EF0164DB680F13D64B9B5,827,1170,RGB
2258,page-2258.png,253051,0C8D74998E87D354437B0C235604170F5F9B571C6EAB63C293992D4C52B322C1,827,1170,RGB
2259,page-2259.png,340572,D5192A3DF91DC4908ACC194FCECCE72B5742E22804A444EDD89546E362270A64,827,1170,RGB
2260,page-2260.png,278877,EB84CA83950502A9E068974B3BCD21782D768C325BD1DA538F07F2F9DA921EEB,827,1170,RGB
2261,page-2261.png,314497,17BAE8FF99B890FD9F43DEE7415638A1AAF14AA31576441704758D22AA639BA8,827,1170,RGB
2262,page-2262.png,395925,326E74D4EFB69BBF8815D92F57A7BA6317964E96C34BFFD09C322D63E81DE0DB,827,1170,RGB
2263,page-2263.png,367723,52E47E7E70824FBD1C519766D3ED3EFF61433102A44A9AB1F987017DB3378FD3,827,1170,RGB
2264,page-2264.png,335216,0FD9516AAA4C385FE4E7F7FCA19797B174921B9479A8843C6CFE552B4D8B467D,827,1170,RGB
2265,page-2265.png,82907,5369EEA7892C630328810B182CFFE22B3BF9E765DC88153C9F4E23AE0ABF079E,827,1170,RGB
2266,page-2266.png,285884,B5BCC077094C82B36245373D10FE1D81C2D2A09CC75E55478682D8D6CB7F52DF,827,1170,RGB
2267,page-2267.png,215898,FFB14655F34179E7BFF7D74CC414A1F3F45D03AF06E710993E9F26ADDF8E44EA,827,1170,RGB
2268,page-2268.png,290437,0C73ABE1DE18B7C4A80BD8E8B27CD1A0B4ACC6F25AFB1B23A8937A1CF747EE35,827,1170,RGB
2269,page-2269.png,356892,C5AB26F9AB616C1DC26FDB0CDDA9D0194FDB7A3820A281E794372930C9485ED9,827,1170,RGB
2270,page-2270.png,338828,C107E0C4E6A2C3F4E36898F0CFBA971592F2876CC6E2307B3224CC899A597DE7,827,1170,RGB
2271,page-2271.png,299610,A987435D2F461F5AFAA1918F7A72CD496DAD8A09ABF88A1845362336CF95C915,827,1170,RGB
2272,page-2272.png,315212,264D6CECF8B3EA47669F63CB09D885043A499DFE8DF892175A960F485D73D1E6,827,1170,RGB
2273,page-2273.png,303406,953463DA98F5539558A75BDC4347E3133B2ECCCFDA83879C105DFB5EAF4DCB94,827,1170,RGB
2274,page-2274.png,326639,46F1A849A1DE44154571F172369EA691CEE36BC1A5445F953E997C82DFD225C9,827,1170,RGB
2275,page-2275.png,263549,B2EA7CD87E73C7EA4CF00960CDC9AEC39FB6DD6E89496281DB7A66E9C1A0B15E,827,1170,RGB
2276,page-2276.png,304626,7D1855FACE9959226CE3F806ACCE1D87C81D74EE16D4339FBAB8CEFF98AAC13C,827,1170,RGB
2277,page-2277.png,278110,45D81C4B5D378151B87A9F479FDFDF196F7DF31A146305B6592B475E4969D672,827,1170,RGB
2278,page-2278.png,245293,85F155B992F2382243CE810FD8F54CF96A520A49DC7038B154D5BF7F92A20023,827,1170,RGB
2279,page-2279.png,267456,1BB2D3790C12BE71EECB4A7E27DB1BB4EED25274A6602EC05F2DDDA324F12650,827,1170,RGB
2280,page-2280.png,258533,3B8C241632C1B62AFA87CF83D9362AAC50AA7CEEB79E1665D2DA8196524B4672,827,1170,RGB
2281,page-2281.png,256860,D18F9E39ED60550546E7DBD7D7C86C7C9FF43DF304E0B876AFE45C438BC1E2A7,827,1170,RGB
2282,page-2282.png,238319,723F7CAA8AD467DE7C7EE7CC4DAA4DA1595878F66D73AC7EDDE9094CA75493A0,827,1170,RGB
2283,page-2283.png,286155,355D90961663CBB3CDFFA7E0BAFE02653ECB10EE3368D5814FF25CE514C05E95,827,1170,RGB
2284,page-2284.png,240933,73AAC2E2FF30E70108FC16738F7D61AF6FDEA55C6917345FB7EF1E49F47FF0C9,827,1170,RGB
2285,page-2285.png,301276,F3D992EE74B2725757FCD13096D01ED87FD4B6815D864B280D189FE13AB311D0,827,1170,RGB
2286,page-2286.png,307017,349B2E70831B2EAC0EDA21DEF297D5B6A67646949DC13CE5F8753C6442D479B5,827,1170,RGB
2287,page-2287.png,323285,879F282F8A7A9729516EE2C11B6C8D445479490367E7765730C6BA2DDD3B8A31,827,1170,RGB
2288,page-2288.png,352060,15F5AFCA0138B5921535E760F19EE76B3287742A8A83F9A95B70B9895D3E153E,827,1170,RGB
2289,page-2289.png,321967,915BBEACA560666785680D8F0530CF08D86D6D14F557C4FD3B00C094FDBA14C8,827,1170,RGB
2290,page-2290.png,347967,FE8601B135F3F5D16F3730643EFE9B34FE88A175E0473634E95FFD645E00D199,827,1170,RGB
2291,page-2291.png,43697,2FF9D816669590D5BF66B36D1163A2E7AFADC11E89BEB0DC468CA0FA9905FEE4,827,1170,RGB
2292,page-2292.png,328851,4328AE9BCA5044CCD318EA0B582F35022AD03741D8C61C21C1993A322A0F53EE,827,1170,RGB
2293,page-2293.png,313045,03CD8841CFA4D25D4362C5FC49356A3BF939B536B04EC984B4948F077579910F,827,1170,RGB
2294,page-2294.png,271767,29034C0F5B0CA5F198F85AFBE60684BBAC322B738B24263ABC033BBC1F362736,827,1170,RGB
2295,page-2295.png,291594,B02FB6B5C1C3B5B023490BBAD98143DB1F00B779BB3040E51A33412666FE1523,827,1170,RGB
2296,page-2296.png,263910,B0C146AC87B6245DF8FA327AEEC7F9EADADBDF75E494A10B21C9F4937E2BDB09,827,1170,RGB
2297,page-2297.png,339440,8FD1937E5CAB98209B9A15F649A99D26D50D24D70132C294FA467C78B63C16C5,827,1170,RGB
2298,page-2298.png,261804,C7C65330DBB85B5B87B06CD6D9A92C7CCF7C2E58C38DC88C153C679F801345A7,827,1170,RGB
2299,page-2299.png,308568,E010D25978BA7F48913EA7A8CF2354706A151F9C313FCB508352A6BE559D0713,827,1170,RGB
2300,page-2300.png,221919,847A7C58208C027AAB11EFC737187CF80CD486CE4D327F0F1E37DAA7F811D3CD,827,1170,RGB
2301,page-2301.png,336612,141CB9E822F8332D6225FDFEB7C487594255B09CABC56938DB0F1171C2D9EAAD,827,1170,RGB
2302,page-2302.png,335827,BDC2B5CC1B0BFDCE46CFEBB724D87F420CE517F318C269376ED20897C8D9B049,827,1170,RGB
2303,page-2303.png,394984,6AC8CE2D96B0C17DC63C86E63F11B1794CCE8C13B8695C4AC5150745EE3C9C39,827,1170,RGB
2304,page-2304.png,320756,F78F7483548E805F84DD1C01A7FA8D7CA31CFB995C8D5F44C5D3AC6D9335C507,827,1170,RGB
2305,page-2305.png,344014,4638E26710E0AB0A8CA9B976A54357025FEA56CB0B29A187D932BEEF634BE4B5,827,1170,RGB
2306,page-2306.png,299183,B798D4D8CB20A08AEED1AFB6B9B2036B238144B9D0222C18A036483349DA9887,827,1170,RGB
2307,page-2307.png,237467,E8D44A3131937D8A82F873AB36222F1340A478A102EE8A0AB00FE4F1949F1AFE,827,1170,RGB
2308,page-2308.png,274889,49962A4D84248AA7CEE2A723577942F3661078BE6FDCC0C1E1D32EDFFE230A28,827,1170,RGB
2309,page-2309.png,352419,CE466E40AE530238365D00DFDDE32DD3CB961F905B47F3CC78127DCEE198A7AE,827,1170,RGB
2310,page-2310.png,320190,06A9E8D64C8597B56821BF5D7A1D31BFB32C1DAFE589AD39A7D5E2751C90B842,827,1170,RGB
2311,page-2311.png,281475,18AFDD12EC804DC819F6FD17F12104A72BEF35B8A8E74DE995EAE9B9D56D13D0,827,1170,RGB
2312,page-2312.png,311322,0F9FD5B0E4992BC4ED77983807FAC2A3E1F04EB9BFE6E5C3E68F22A2BBA06EB8,827,1170,RGB
2313,page-2313.png,347117,E432946C9BB37DB4FC2211CCA627580B7285D22B2DD2524F7B5C55099F00E31A,827,1170,RGB
2314,page-2314.png,360865,3B3C4628BAB7DD5E64D128D6C772D17928ED425DB6A74BAB1731B8BF906C88D9,827,1170,RGB
2315,page-2315.png,254735,B5ACFC9C0EACD510D19AF4302AF87D66AC681ED0EA19CADB265159D6839EBCC2,827,1170,RGB
2316,page-2316.png,296451,7FA9526D902754A44B8E13E92217AF3B3F3F5248E82712AB2F76EF1694EDC319,827,1170,RGB
2317,page-2317.png,292591,E209CF998E3CF6A808D0A0912C1E566DABBD3F8B04B4F079B25E0D96926B40BC,827,1170,RGB
2318,page-2318.png,388899,B4BA9AD8EE3B25ECC3E744D23F2B269C27391A329900AA1941185E7507AD269A,827,1170,RGB
2319,page-2319.png,270766,0378E6DE491313C1671925A3653008F487E7E654F27021D9CA0D3776C81DB934,827,1170,RGB
2320,page-2320.png,323067,89D52E9ABBA3F8D97593AD05533D4AD33F3F63AC3E4456A8EEF73ED170623728,827,1170,RGB
2321,page-2321.png,259819,607541766616D9CDD38125C5DF4199BF2B6BF773C4C0ACF01A8CE06FA2BB6981,827,1170,RGB
2322,page-2322.png,354728,ECBD2EA42082BBF9B78B3CC2997D82FDEE744F9B2A4006014907F73B3ECE38F7,827,1170,RGB
2323,page-2323.png,293685,F4A289F64B5123254111CC4D8B48269AFD794BE1FEB3E9E9671C89ABF535F096,827,1170,RGB
2324,page-2324.png,315053,28DC06161E7272157F6BD297C8EA9FC5A17341CC23A91A4951D9733289CE2715,827,1170,RGB
2325,page-2325.png,241946,6881112A4D7ED903F26C4AF0CAAA29BCD68088D3CC8084DD1337DB2818B70196,827,1170,RGB
2326,page-2326.png,323515,A2D6CCB669ABA80F9376949E16D27A40031EBAF867A3FDBC2EA813C6CEEE7B96,827,1170,RGB
2327,page-2327.png,323610,D3D836490AF2C774C8A2E2B537596FB79902119C8622E440D2BAD8D0B6BE9994,827,1170,RGB
2328,page-2328.png,296200,11AD50F5AAA09C10E51C4880DEFF062D398C035C9841DBA9773B167D020492CE,827,1170,RGB
2329,page-2329.png,272351,F8A94E8EC8FD8EA3E5E092B5C15E6BD1D63ACC1B4468DA4BCA0111A7772E8A97,827,1170,RGB
2330,page-2330.png,310864,871984F0937772DB15D25B0E75DC4E1B47127AED4217C8049BE2493AEE97E32F,827,1170,RGB
2331,page-2331.png,225287,0B6AA044AFD78911AFD143F299E2F0BD1E50AE33435EED15225EB83F95BEF38E,827,1170,RGB
2332,page-2332.png,292019,A7E46083ECF6B70FB234B79133525348A594A367CC0FFA9DA0EA5669BAAFDF86,827,1170,RGB
2333,page-2333.png,398288,62681DC696A25067B5ED8D877B3E2D290450F88D7D42E28DC695E7A941A55CE0,827,1170,RGB
2334,page-2334.png,72676,54BEC2C173C61A60C9CF64F72F107A9768D37C131BD76AE9D2F68EAB4FC080EC,827,1170,RGB
2335,page-2335.png,195161,AF0D03EC52E232598C9E10E72210DDF54808CC75239C10BE97B662A08DE4F174,827,1170,RGB
2336,page-2336.png,226792,0C42B56EE7876087B358367AE5878368844A208A225F0A59CFEF7CC7647D8A30,827,1170,RGB
2337,page-2337.png,186495,2AFACDE8926A3A0D434BA29FD5A321814237FB78C0EDACCCDA9C0FA30A58EEB6,827,1170,RGB
2338,page-2338.png,292721,97307D8D98D17CBB6148211FC091A0C6DB99368ACDEE0BDA5B08805F3BB259B9,827,1170,RGB
2339,page-2339.png,378319,A7523C9F4D03A875FA143E399435662D9FD5FC32EEC492E08BE5337A6599724B,827,1170,RGB
2340,page-2340.png,253870,D6518D8380DABDEAEB6B3312461F07B6DE04CF92769D1652C9DEEA3801FFACA7,827,1170,RGB
2341,page-2341.png,272220,DA16853EB3E43D7E39830A0F300DE5EE0D1F721848BC1A9F2B50F57464B55157,827,1170,RGB
2342,page-2342.png,215311,48D0BAACBF8B13D704E39A5AC48D84CAF27DBB6A0B5FCCCA77425E4CD79E11A6,827,1170,RGB
2343,page-2343.png,231138,A67D9097F634B1112488A168E450CE9DA59BC7C1B2F695321B8E4DD3A3175D90,827,1170,RGB
2344,page-2344.png,252554,7612E4CDE99C5CBC9AAD10682461FFCBA581183B6A252ECF9614FB471C6C6257,827,1170,RGB
2345,page-2345.png,303192,2D2191CE05A85E4E4A28487D2445100798DAF8F5D627CA531D5D6407E07D7ECB,827,1170,RGB
2346,page-2346.png,329459,A37FDDC426DB7656226309F80817E0215D37D014999FDD0312E1EFD8B9F5ED3C,827,1170,RGB
2347,page-2347.png,339212,885E6EC4F128C34AE9C63256E0CBA8AF50BEB6E4AA7C96E29063C17EDC3C4E6B,827,1170,RGB
2348,page-2348.png,324492,3538E75D924F34F6C2074A9C6343E8A5947584AFFA286D68EE1C60A57D3A652C,827,1170,RGB
2349,page-2349.png,289758,99C9DB2C1C9BEE85748D0B7ACF18C397BCCF2CD714E95ED67421EECE5ACABD48,827,1170,RGB
2350,page-2350.png,264242,77D4BDDB04D0F0604CD5629B7349FCB507AB2DFBFB24841071110132D2C11051,827,1170,RGB
2351,page-2351.png,359218,1498681EDC5AEE1EF9D92239F339A3FB9DDE4033145A6FB60BE882E71A878F63,827,1170,RGB
2352,page-2352.png,346371,D61996A33E30E0D7C41469EFC9FDFACA950297C9CBA46D4373B0CDE4987BEB1D,827,1170,RGB
2353,page-2353.png,352477,844A3C4A6241FADC84577016CC3D3218E8B240DDAAC1D3D509B82F95CE20358A,827,1170,RGB
2354,page-2354.png,266583,15CD182AD47B168662D3AF954DEF29369C685C000FE602E15973C18E294DBE06,827,1170,RGB
2355,page-2355.png,350268,63A46F8680E73A7EDD5108599553AA53B2C49704D785FB8D309B7A86E17E89C8,827,1170,RGB
2356,page-2356.png,287785,B33128CC7AF03F96586645931CF3992F06C0F4C808A2A4882051EF1F5077F935,827,1170,RGB
2357,page-2357.png,273475,539EFE0A77672F201588AA99FC61CEDF034460F3EC3C83E84B9691A698A1E8EE,827,1170,RGB
2358,page-2358.png,240691,43D82055D9197D64892DD324CC980C67EDB815E82D24856EDE5525421E1C312C,827,1170,RGB
2359,page-2359.png,229059,C65FB4F5E1EB6D31EF8D248A6FCF1D70E58DDBFE35514353D82B43CCC86FB77A,827,1170,RGB
2360,page-2360.png,297919,A4969BA7D1058B8009DDA2261E255EE190CE8F74A9F5C52806393DDE541CF500,827,1170,RGB
2361,page-2361.png,274624,257285AA9C2B7A84C6441207E40E922111928E01515ECB07D4BB45D220C620CA,827,1170,RGB
2362,page-2362.png,348133,A61396A8D90F8ADF7808647BB4BFB7449B27F71A6E8C0DD5B431971678571542,827,1170,RGB
2363,page-2363.png,272793,24EF5E93A8347D4BAB037469506EB3F04C9EB0D940A4CB0107EF790571CE939A,827,1170,RGB
2364,page-2364.png,294642,9960AC90DB1B27658BDDC40872514C66598369725B7F71DF2AB9B0A389913374,827,1170,RGB
2365,page-2365.png,248205,3FB8F09FFD263607C32E33A9EE423DEEDB02C44328D32E20AF57A096354867C0,827,1170,RGB
2366,page-2366.png,252014,DABA35B95ADC4880D5917ADF41C048B2FBDAEBD6467C7A3B97B1FFE16F27855B,827,1170,RGB
2367,page-2367.png,247602,8C14D89A62A3182F4DE9BF18B7CE9F8455FF27EA9A9B92A6A8D3DF9AB920A919,827,1170,RGB
2368,page-2368.png,394904,BDE54E25E1EC0DE74696A7E66A26D9727A6069AAF2506A1B3C4FABFDECB34C2A,827,1170,RGB
2369,page-2369.png,330029,1F53E45BB713B2C7DFD18A8E8A8345F556B3A3CF248B91AC214F9A1B1C622B25,827,1170,RGB
2370,page-2370.png,347187,48634314471B37A8C07B1EEAFA37C3E3D8E381CE5347570088FB04DF28A4B0CE,827,1170,RGB
2371,page-2371.png,359396,71004530FDF6401EFA729CA135166BE507F21DBEBE9C6B0DEB1996E9BE176416,827,1170,RGB
2372,page-2372.png,192808,37BCEEBB5A0067B6547044C04EBA36228CA48929C35F01BDDF4BA405615444DB,827,1170,RGB
2373,page-2373.png,237067,AD57BB89E6E36DE7A9CF2636BDBCF19573EB09A85A2334A5EF15FA63E25193FB,827,1170,RGB
2374,page-2374.png,319944,26EC7370FE31D4918F6EC9B24F696B2374CD7CC67A286F7E51341F77C2E9C269,827,1170,RGB
2375,page-2375.png,285186,717FA341E123B37ABB84B7A56949882B2E0CB36457EB4F386D1373A1C4716D6C,827,1170,RGB
2376,page-2376.png,252579,EABC8FE0575670C298355FEE2E35ABE4D2AC5E5A09E5979AFF16529DB75BEA07,827,1170,RGB
2377,page-2377.png,290873,159BAF9082D6B2825985E091FAD3E156362968BCC9801105D6BA62B88FFD58AB,827,1170,RGB
2378,page-2378.png,241488,B5FC9EC45E667A299F321524DF94EC038DAC76B7D2662305064B47217AD4E18D,827,1170,RGB
2379,page-2379.png,276530,D85B6F42557FF0978DEB7D6DA6ADFA780A693FEA4696D5DE6C4DDCA42D96343A,827,1170,RGB
2380,page-2380.png,258279,5B37296A56EBF7BCE060D4D08AABBA3528EEF91B5D7FA0A2DA8E6D45301A8279,827,1170,RGB
2381,page-2381.png,360281,386D292C453B6756D46A6C66A1B634C15495B8C8EF37F6433985C40B9F194844,827,1170,RGB
2382,page-2382.png,301640,ABBEEE3FDFA34CDCF0393DC741AE3B53015329B063EB20BD4B19A20CA58D018E,827,1170,RGB
2383,page-2383.png,64759,193E8514A167DA2649AA42F6ED01687AAEA81659974F81954EAA20315901E6F3,827,1170,RGB
2384,page-2384.png,209972,2B3D642C1A31D8054DC27E56BD29C84A0BD38AA6C6E89F14B448CB5F89CFE3D6,827,1170,RGB
2385,page-2385.png,212221,ECBC4641BB5507CC08CDE7B355F626CD483894714FB6EAD95D51C6EE0CDACDF5,827,1170,RGB
2386,page-2386.png,188599,CFD7DE0FAD5E27A00462D840BC4EE9C5FBEF4F07D4AF0F9F27D40131F19EE8BB,827,1170,RGB
2387,page-2387.png,292362,C0BB679624C9E84F60B1B719FFDA95685E9D98F97C8A3897103F8B21880216F6,827,1170,RGB
2388,page-2388.png,265709,A41D26F3BD84D50CCD5221BC542C3E2A2B0E08262D90E8EDFAD175BCF2A8F10F,827,1170,RGB
2389,page-2389.png,111052,0DC2AB511D0BAD02F0717C791CDAF0DCDC6E9683F749E4FA437487487E1859A1,827,1170,RGB
2390,page-2390.png,271666,720B2CC784A7F32EC6A69E94287A47D235D6F62ABEBC7EA8A052F83BF3193BF1,827,1170,RGB
2391,page-2391.png,292126,0B2622859B92D083B173ED6F23F237000A0BC2BA292EEA0CE9D8D6459953EAA9,827,1170,RGB
2392,page-2392.png,290305,B430C7147B5951C9644A3651A9054C939EF48F55F917A5186C7921180FA17DD5,827,1170,RGB
2393,page-2393.png,216728,41EF4F8098BEB6E5C3D1F2567E4F6565237749722818B48689F7091C32BDEB09,827,1170,RGB
2394,page-2394.png,264964,E729EF787F53EB66C159A3A9C2DF4C600874F1F561D67D4FEA704844E230D87E,827,1170,RGB
2395,page-2395.png,198614,EA03B29F225CDE7A17ED9889C0933285740929E48AA102A60F3111074BD77AA2,827,1170,RGB
2396,page-2396.png,350565,5F1D55F8F6DDD2B85F3BF955E19F705BE47DAB62DA6D40EE7426020088A293F7,827,1170,RGB
2397,page-2397.png,284759,2B051325BE3883F9360935F12286A46824F095171F24831DDD14B90A673539E4,827,1170,RGB
2398,page-2398.png,231000,3741309036BE99247DA933A66BE8ACC6A480B533CA9A2953D185FC73A174BFD8,827,1170,RGB
2399,page-2399.png,297847,3C4CDDD92E270E1950B4A6D8D663D17567D2DBF3ACB0B052B731E5CC1CD0BF1D,827,1170,RGB
2400,page-2400.png,288586,A9989F5E9444BBF07EAC5EEDCE51DACA36B556499A0E993DC466EA357F334F5C,827,1170,RGB
2401,page-2401.png,290823,6334274D7EB0F3C2073905B8BB88594178006343A2A5037CE37D680087164D06,827,1170,RGB
2402,page-2402.png,311338,5542B31CB9B641460113FCB43FBDC833EF0E929F7FA19E46ED0C73E9068BF2E0,827,1170,RGB
2403,page-2403.png,268740,6595B74A09F39DB18251D8036AFBED4501FECEFFD7002CAAC42D674111EB5109,827,1170,RGB
2404,page-2404.png,333133,80F77CA801206D87ECBE8E9C808D1A49A754375A77158B8D383B851F909F0FD9,827,1170,RGB
2405,page-2405.png,305362,A4907B8E6E0CD325E745337A9D969FE5459FA3C4A41638C8CA1C7445243CC83F,827,1170,RGB
2406,page-2406.png,261558,0C6F60312182754CF9E694097F5BFD15B50E68D0C772C1A8D3FC9EB60A123E89,827,1170,RGB
2407,page-2407.png,304408,28EA9D8B588703B783D7147CC4275788FFA4F218534404C369C478CE9C51DF07,827,1170,RGB
2408,page-2408.png,232690,F84A5F2C58B54B00BF036F3AE515D8932B36A0C840B98DB59DCBA20194DCC921,827,1170,RGB
2409,page-2409.png,347501,8C753FFA08AD0F96C87CD5B67939A03C661C44934A4880590651237C64E4F860,827,1170,RGB
2410,page-2410.png,274966,9B4CC3AFC559E92CFC351260389E1E5C2482A05C136A31C45F7624D7BDB966BB,827,1170,RGB
2411,page-2411.png,293646,C04EBB027F9FD604A7C1ECC3A527CCBF8905D0CF28E2BA3131A03FB9C081FBFE,827,1170,RGB
2412,page-2412.png,281517,D09A937CD01B9D7B3E99B312A752DFDB2ED7DACC08569D136414E11334D07695,827,1170,RGB
2413,page-2413.png,285202,4FF2F950D959E2393C70CA495F1AEC3AA2F7831C38CFE4EB611856D8E611DFAB,827,1170,RGB
2414,page-2414.png,336596,40BC57342AC2CE673B4B7BAB3290D46203FF80DFAD68FA1E729CD4201AF13520,827,1170,RGB
2415,page-2415.png,317539,674C22664DA6275F96A80D95869FF511442B489FDAEBBFDB61A320C3EB0BC707,827,1170,RGB
2416,page-2416.png,268604,4B44A2FFB9CA6F892817AFF8A814A83A37499475CD0B9E1AF90D00933639E7D9,827,1170,RGB
2417,page-2417.png,292681,953C3D4F19167A25DCFCBB5B364F78FE31B927AE5EA32C9217DE37E0E470EAFD,827,1170,RGB
2418,page-2418.png,269805,F151BE19457EDA21E86615728C299946A2070CB8509E9BA14D40F31EA9B748A2,827,1170,RGB
2419,page-2419.png,241711,42902FAE3A21CBEBD00043BF82FEFBC428A30AD9006DA52EE31279FC0DD0C248,827,1170,RGB
2420,page-2420.png,250417,A80502224EE70EDD0C8EA1CAAA274E812ADD6AD8834C7073731EDC64A21C74C7,827,1170,RGB
2421,page-2421.png,232830,214BB205ABE70257D752376A1A939AA495E6CDBDC05D320FE74DCD53D8753199,827,1170,RGB
2422,page-2422.png,261397,C5F4C8DB726D517BF790F4472F91DD3317AF95E080BA3AE6004BBDFD79018A54,827,1170,RGB
2423,page-2423.png,231183,2CCAFBB2C85306FC7B0C9C78C53EE5663CA96F074B0BD4111AF5264348B265E0,827,1170,RGB
2424,page-2424.png,300950,23AB4C0547139D575DDDDA4432A51CDFA6360E747A0F5A0E0CACE2ACE9F1FD9F,827,1170,RGB
2425,page-2425.png,288757,E485419965A2737C229E1B6DEAD7938C8176F61E05FAE4A808F413F4FD06C888,827,1170,RGB
2426,page-2426.png,325333,20C182399A8D01E9801E360C126D57331B2A60612CA5F3AAE67BFF85FC96114C,827,1170,RGB
2427,page-2427.png,125031,86087F3C0EA7090FDFCCB253664A1E08ABB417EB9948AFFFC7D90DF5D18F544C,827,1170,RGB
2428,page-2428.png,306849,DE41923C34B48E0BE9E515E78DB8A5391C18F82B98F38B2B6FFC66EDB4D4EDBE,827,1170,RGB
2429,page-2429.png,364094,E9AE21927B1D97D6803F198040519CA39621E787C6BEE53C48DD2656B1512F5A,827,1170,RGB
2430,page-2430.png,337692,2D9C86669FC270C5711BB6490064CC1DC4AD633D191097C360C7F71C245534E5,827,1170,RGB
2431,page-2431.png,336958,835C1A067692194DEDE9D34B08661E930B706545CD3FE2C3A3DBC5EF4D6B2E98,827,1170,RGB
2432,page-2432.png,330685,F13A99B308D885485D4EE08E32AA6E8642EFBC761EE44D5D44F797E766276581,827,1170,RGB
2433,page-2433.png,345131,2D34C7F2D9F439BC4632891B17CDEB697EE06C3B28A327A1E15430E077E5C672,827,1170,RGB
2434,page-2434.png,379735,B576F428D7E545CD57B2895F60F1FFE32E81A2A87F2C800B0A16FF01887859A6,827,1170,RGB
2435,page-2435.png,338318,D50B27FB75468CE8BD71253066ED53F28D61A292D87BCF60331BAA5814F81154,827,1170,RGB
2436,page-2436.png,250768,79B8C3D0019BC9C859ECCD17B3D2196786DF5836C8528A07896F74D361403B85,827,1170,RGB
2437,page-2437.png,350764,D9F2BEABC32AEE73DEF570EE27E809AEE211889A48E118C09B83705E3D2DBBB7,827,1170,RGB
2438,page-2438.png,349740,5F2449A9B0341A77FCA9B73CDD64C3148EB6F34C76E1B54EB670BB4DA5612EFE,827,1170,RGB
2439,page-2439.png,343312,81E771AD901ADE6B593030D2DDE68BF9660835EC4212BAACF4408E3B2968D3D1,827,1170,RGB
2440,page-2440.png,395737,BE9D490EA2311947BAD7C6D0945175003CC5B3F451F967C81FC6B4ED4B8553EA,827,1170,RGB
2441,page-2441.png,277991,E4693302C23A029C343087B5E7C0414B704ACD7CEF1A9B5B7B8A5523C8A82594,827,1170,RGB
2442,page-2442.png,337046,F1CCEDABDB738A935623365876EC1CFF09EC3FE78DC7036311D2AD823DC7319B,827,1170,RGB
2443,page-2443.png,332203,354A8D90682ACA32E068C0F01194111C99D88D69E5186BF59AF372CA1E728F51,827,1170,RGB
2444,page-2444.png,55991,5F9F30FED6481AFCA49510C489C236FE5B10D4ECB406F27269D7C18CA6F10B30,827,1170,RGB
2445,page-2445.png,245548,50D66D5CDE711637CF90E8A98B529F28859C9A45B675C26CCB1BC404E0A193E1,827,1170,RGB
2446,page-2446.png,401274,F6C598BB4B91289E3E3D157DB458D0A97557B0D51AD23E836764603C92C2928C,827,1170,RGB
2447,page-2447.png,259578,1E22159D05CE45E30E09270A1872EA99DB08097DCC4FF988201AE1E130B1E2AA,827,1170,RGB
2448,page-2448.png,290796,C9053919F39803C0F1734C560EE8BEF452926EC43E343A91842D8B3DD7466BFD,827,1170,RGB
2449,page-2449.png,387024,7BF904504198CD046BDC396B4437720C08AE7D94AD346339CF084E82439E2ACD,827,1170,RGB
2450,page-2450.png,252087,FA42215D3927FE3F297FDB575B6259D71E4BF26994A76AD1360CCFC06DED302D,827,1170,RGB
2451,page-2451.png,257740,29C5AEEA833EEB665792A61B325A8CFD00451DE2E6A98AC81D9ACFFDFF5E8D00,827,1170,RGB
2452,page-2452.png,344688,E54049B23BA46A5DAF61E5ECAD4810AAA8198832FDFBEC9551233156E7D0D16D,827,1170,RGB
2453,page-2453.png,283124,0CC55562991870FDE059B598E8EE12830904EC598704A1359E982851E54E4BCF,827,1170,RGB
2454,page-2454.png,332601,24A4697A4DBB907F8ABA13C35C473FAF3B36A5F9C2EAA11B2AABE9EE04A38354,827,1170,RGB
2455,page-2455.png,368550,05006EBD57360F3E617E235B8ACA2560A6038A23CC6BE430B535281E0DA252A4,827,1170,RGB
2456,page-2456.png,288652,948B74C93DBD28016284D68884CF01661221479B6089DE0CFF3627F6B8CAA5F8,827,1170,RGB
2457,page-2457.png,308947,C4B33EE609D7A11CD35B40C67D4D39EE7E6AF78BCCA1D286EF88593477995849,827,1170,RGB
2458,page-2458.png,275361,B75E1C9ED0F75C743921869AB7C20181CFFF68160CA0ABC3AD1BB3F05BA41F51,827,1170,RGB
2459,page-2459.png,208483,752F496F97BC3853FA0901744416018E4DFF72979083B0F9C1FF63DEC3FB0950,827,1170,RGB
2460,page-2460.png,268425,9B8C9B4500FBF9129C760CFE81B7F7B9C85FE74D29D4928A66F20F348D7CE71F,827,1170,RGB
2461,page-2461.png,265986,ACC8A3EC1AC59EFCACEF3BFE84D310D2F3687E9070B8A3BDA1F8F6BF68171EB2,827,1170,RGB
2462,page-2462.png,290103,53B26B3FB7D862A091C6BFCC98AC53B88EC4445503A7228594F73B021B06FA77,827,1170,RGB
2463,page-2463.png,294652,18A746878DDA3390D192DA0E2A9001B94023376F042E20F560621961879A2F40,827,1170,RGB
2464,page-2464.png,290417,CB476B66E5CE07C30A71614EB1A90C1EA52A6F9AE399F6A6950D0345D7BF2457,827,1170,RGB
2465,page-2465.png,317223,5439234943D870172B470BE3620A152FB6B698FCCE17C9632BBCED06809489B7,827,1170,RGB
2466,page-2466.png,308812,CCC01243CAED57939E7C14AF719EC5B7AF28E45558E32EE9D813D733F9EA1BC5,827,1170,RGB
2467,page-2467.png,293613,2572BAB277C48B572FE2CBC3816F604F411F7BB5F951CBA000DB63B1C82D6463,827,1170,RGB
2468,page-2468.png,303639,8EAB056C5BDF33108AA95AD0581DA308E9A6676314A7B1E982BDA9BD077D6D50,827,1170,RGB
2469,page-2469.png,285092,AAEA7653ED493A1D138DC65EFD356BB13B92CB8D15F93CE4708E0B2F30247F1D,827,1170,RGB
2470,page-2470.png,329622,37C7B25DACD242C164EBD298048961756A062C641527C42178263BEF53CC1208,827,1170,RGB
2471,page-2471.png,256272,2F7DE81F193656F98E2B066777785BC9CC0907692D185FCF93AB495D7BC15098,827,1170,RGB
2472,page-2472.png,272543,2C1189FE187FFCD3542EDEDDA873D7FA678DB916A1DD1CDD9B4937257B1D7453,827,1170,RGB
2473,page-2473.png,267998,583C940961FDB3F53A2F9CB3EC8B46277ED2A3EC045807C9662F21C613119A0A,827,1170,RGB
2474,page-2474.png,376132,A6EC483658A2441DF499AB664A29BC2C1393B371FE3F73A8D6445E844C3BED47,827,1170,RGB
2475,page-2475.png,303209,6451C90166768F2DE03E7D4C621A646EE7221C408A6D1BDF8389A34C468EBD02,827,1170,RGB
2476,page-2476.png,329987,B3B53737E07C36D4C8063906F22EBADB2966E101D12BA76F646CB14A23311491,827,1170,RGB
2477,page-2477.png,297793,3E59C2E0F8F3BC4E4CDB87706E5A51BCB720EE1E706CE75715436B0B814469A0,827,1170,RGB
2478,page-2478.png,305666,5C49E7390974B54A7C72FE3F4F73AAFA63A22316C840CFFB91AE1F263BED5B81,827,1170,RGB
2479,page-2479.png,277986,9FBCC25CA1580B3ED8A02EFEE68FC28A6A80ADB2346CE3DDF247F46D0DDFE075,827,1170,RGB
2480,page-2480.png,399364,20270D596DB4A9EB23228EB88D4B96B6C61993D38DA1382518057080AE223B7C,827,1170,RGB
2481,page-2481.png,311050,41CEEDB125085DEEFE4F019B5F3371E6200DF82E38C1823B6BFBFA6D8AA45AEE,827,1170,RGB
2482,page-2482.png,386181,111CD87D9A6695816D484FDF06424E516556D6052B423794227C3DE928423596,827,1170,RGB
2483,page-2483.png,358668,1998DA8090A1E53881BD20A0D4990017424B1645B7D1D92CFC72073DACEBD506,827,1170,RGB
2484,page-2484.png,273200,9A8C291219586ED15450C64AE410D5D154341D1CEAB2928A15368DC4954CE87E,827,1170,RGB
2485,page-2485.png,158228,6BF129BA975DAFFEEDF0D2FC20A026CFAAE5D094B9436A66F71844BC50D57114,827,1170,RGB
2486,page-2486.png,215517,C95DE69708919E3C9FABAD0DE579B9CC4C0AB88272B022BFC7F886106EAF19D6,827,1170,RGB
2487,page-2487.png,226874,AACF6C67D698D2C581E018720F73CE1B88FD9FE21C4B60C47A0B0B97FE6382A3,827,1170,RGB
2488,page-2488.png,350763,291CC4BD02CFE838B62128207A72A2E5ADCD99AC2DB7DD8DBD777C115F288503,827,1170,RGB
2489,page-2489.png,235247,78FE0B6546D4A3F8AB239DCD0A6CD3986D5A75971DF7676FBF8AE75E29855DF1,827,1170,RGB
2490,page-2490.png,269752,3CB7E391A0C3A72B8B08816EB5085D09BC875B939433112961FDBAB9A12FE800,827,1170,RGB
2491,page-2491.png,302970,8BF31BA184961A3F046D8DD0DCECDFC64C087922335DE2F9C094DA6E9A11D585,827,1170,RGB
2492,page-2492.png,317938,51C77AD2BA79606AFB9490E05FF92E71F1C7DFE42E457A5FB1EFF6AC883AC67C,827,1170,RGB
2493,page-2493.png,253484,807C03191E93483D74B70A59E47A51BFC9CA6C397E0BAAE227B19DC49EEB15D4,827,1170,RGB
2494,page-2494.png,268406,EC7B105E51F1EB5702A29054C0EC9203496FF1A667E14F562F6093A934041A57,827,1170,RGB
2495,page-2495.png,276732,30686F2D2D45289B40242C0A837FFBF38F328E84D16368FEE408C6A9587CA13D,827,1170,RGB
2496,page-2496.png,263422,F6ED9A83E893BC6B6A844BD5481E20C2379829C7B6608E15770A96DB20358EBF,827,1170,RGB
2497,page-2497.png,240750,EC9388B6E7A31E14C8B9F4C4585583889D4B29B93CE966B8BF01BC3BE4AAF790,827,1170,RGB
2498,page-2498.png,272923,71F5F405595D5226FD9A13C3664D68D84847D7E4BBFA4590BDEDC274AFA93BD5,827,1170,RGB
2499,page-2499.png,350732,E2A68AE9F91AA1C1D7FFAAC6FAB92A796927D5FF3E0DF2D401CEED2788BCDEF2,827,1170,RGB
2500,page-2500.png,347700,BD6982852EEACF4B79F7C734717C16ED7A23EB1218154DEB3FA7B49570ADED09,827,1170,RGB
2501,page-2501.png,262929,2A557B058BFCBD8C99E6C7CA4A7F46CCA75276BBCC7E25AE628C82CDBBE7B0B6,827,1170,RGB
2502,page-2502.png,293722,12AD86052CBF43FE8449AB78FEF8EAC913795460F3AEBD1583649D584E99551B,827,1170,RGB
2503,page-2503.png,346727,06C0310CB3AE2AF17EBC62E90E9FFBC916F12DE3A002CEB345422F517B2C9742,827,1170,RGB
2504,page-2504.png,260593,68D7CE6272D15FB09677A03375FA4534E52535443C389E8AF6E6B1B8D8C3875C,827,1170,RGB
2505,page-2505.png,217762,BB85A55F4C807EBFC940279127DF4176EAC30F3E7D0C12A6E5B66D718C0E73B0,827,1170,RGB
2506,page-2506.png,262784,654E458D39E01A3D6B313FA47D7D5CA9E13A30DFA9EB2154EB2A55B5E8D491A0,827,1170,RGB
2507,page-2507.png,184239,EFB3ABEE5F7484C033F65AA27522F1B21E4975AD036B77232128E69E306E40BC,827,1170,RGB
2508,page-2508.png,253308,6C22CCABFA9675988CD21A3CE278CB57D74BE70724A5C99368190648241C4BD4,827,1170,RGB
2509,page-2509.png,344227,F632128F111F78046D5455C2EBF8DBBFFB86254F08713703C6BDE49DECA4900A,827,1170,RGB
2510,page-2510.png,339261,5F9E4737B571C20FF940F75EABF453D5D22C967788C299FA5C8ECBD69CA0E616,827,1170,RGB
2511,page-2511.png,212319,22A940577453C5D51E269BDE12205793B1203AFB03D350D72C23B75ECC0EE9EE,827,1170,RGB
2512,page-2512.png,279501,5FB4CAD751B5CC8D6340657659503FF2A1E50EE1EAB6469D71C7367D01796BCF,827,1170,RGB
2513,page-2513.png,332916,33069DC535500A2CD34AC91A5F7A2792C81DE823936104D12B87CF388F9445BC,827,1170,RGB
2514,page-2514.png,291622,1666AA56D3BF0860B75AC12EE7ADE0FC48217FA92C78292132E5A320F4B962BB,827,1170,RGB
2515,page-2515.png,290345,29E0E6E86D4905DED0920FDD1589DE0458EFAF12B96B34A3131D90FDF9E438CD,827,1170,RGB
2516,page-2516.png,280272,867C3001943C8DC7E8E5AB81D420DD7AC7D340B6F2846973A39F099D5A5462D2,827,1170,RGB
2517,page-2517.png,275506,FBAE6795C6DC2D2CEC7EF933129135557348004F617E40ACC7CFF90E11ADFD05,827,1170,RGB
2518,page-2518.png,302872,53187BC6FE8F07CD796A0DADE60A0B9B9AD9A6ABC5CA13398382145FB9011AD8,827,1170,RGB
2519,page-2519.png,364567,8811ADFE4CFFECF0ECAA836BBCEAFF4EADD2BF5E02503C9953FB54E04B013728,827,1170,RGB
2520,page-2520.png,378285,83AB64F27C312B4EAE2D67302022A9AEFF4AF2E2FFB2F10A22301F50D5C3FFEA,827,1170,RGB
2521,page-2521.png,283906,A4A6DEB67768D5C4DDF7DF8EC6B31CA15FF58EF6EF92E1C66B5DE06864C21A94,827,1170,RGB
2522,page-2522.png,323900,CEDA0DB55AA673F2442B2DBBBDCF842631E84BDD1F714407A620ECC71779D25B,827,1170,RGB
2523,page-2523.png,261558,DA2E5343C0B64A0CFA4093BB089C37DC7262A8F609E50530839BB1D3FD44776F,827,1170,RGB
2524,page-2524.png,226167,395075918549175D2C2D44BADBFDCC5F3C0D499FE03C9FE6BA9452C9FA1F2A3E,827,1170,RGB
2525,page-2525.png,258006,B0651F152F1A92588DBF3217BFFD82F26599FF279694D5E4C4DFA9C09247924A,827,1170,RGB
2526,page-2526.png,265618,A699AF840E6B86D9E24902ABD569FAF26F011E60A49E6DC4C6AAE62EBCE6DA08,827,1170,RGB
2527,page-2527.png,265934,002E6F41CE8C71F924482011B0B9FFD2DCF9D7A35976220E677B05D34CAE3FC9,827,1170,RGB
2528,page-2528.png,298770,20C9648EE2037596B1318DBDE33EA571E08B45881B7DF095729E05F36325CC56,827,1170,RGB
2529,page-2529.png,352611,6F89DC416CAAF4777A5F374CCB144D9A248C90271F63590C82A5F245C2EBDBC7,827,1170,RGB
2530,page-2530.png,293309,EECB1549C0D4900E6D3FC64B11257EAFF82E4D1544AADBACD847087373556A82,827,1170,RGB
2531,page-2531.png,276862,E65E077C0D8EE49CC7E655FE7F65BEBC9002C04C94F188B06A46C2002604D70A,827,1170,RGB
2532,page-2532.png,281967,794C02CFC4DBE59BCE17C61470B0C2AEE77503EAB779C69FD5E8CD2FB8DE46CE,827,1170,RGB
2533,page-2533.png,292216,1271BB973983FFC9F9FAF625E9C02DF5B6B73908B96D761C59DFBE088A0399BD,827,1170,RGB
2534,page-2534.png,321330,B521818BBB85C597DDA0955C2FE64BCC72A8BC063491E00BF8950FE5000F125C,827,1170,RGB
2535,page-2535.png,302370,C6510A5FA9ACE65390CF124BB875601DDDC3242CA2610CC16F90C9B5872C91C4,827,1170,RGB
2536,page-2536.png,357428,64704032920AA3D3BE0427F43E1FB307897CD066EC2B0D46838DF8F74F9ACB60,827,1170,RGB
2537,page-2537.png,336032,F8A42E6F5BFDE81BC2F5E9527801FE41F2BCC8FC74C017F53D8167F81AE49643,827,1170,RGB
2538,page-2538.png,310541,82BACD836F2916DEB2F2AD1086B849BCE7B36AEC2EA849F93CDFCDCE5B3DA819,827,1170,RGB
2539,page-2539.png,391418,13FD676F8966BE80F511BBAC339838B43EF6406764B35192B59320AEB403490B,827,1170,RGB
2540,page-2540.png,347131,D2CEBBFB9A4DDC85011C40654540287E113F759F2CD1EB76F84A8B1BAFF6D0B6,827,1170,RGB
2541,page-2541.png,273695,3B055DC47380DB0BB86924CCD88218222EABDF999A081C12C088FA8E8F618B69,827,1170,RGB
2542,page-2542.png,221815,75B8D5A41CB27BC35F5C309ADFA813030C8849127371A4D59A81ECBCADA356DD,827,1170,RGB
2543,page-2543.png,252994,DD8CBF547D1A57E78804918102AB4423B5058CEC4F839E291CF34CA9B1520B56,827,1170,RGB
2544,page-2544.png,47132,D722176A24A5B386EA4FE9655C55EC3E9ADD04D53D616E759C456930F3D371B0,827,1170,RGB
2545,page-2545.png,222963,77719AD7239C236B3E39427908C0720557A1F30485A97523D47A3A069A8DD849,827,1170,RGB
2546,page-2546.png,280375,970547398BF29A6F950FDC4E8E929497EE707090504B44E4C0D76B8276AF0DDF,827,1170,RGB
2547,page-2547.png,267615,AF951435FE76539D8234ACA4208CFEBD78D8AE3960234078F46F811B875FF60D,827,1170,RGB
2548,page-2548.png,269121,BDF1332C7E3C8A43352AC3E51F337FEB26D7A4091B187E0DAFA7B1DAAF30D3AE,827,1170,RGB
2549,page-2549.png,344199,0A3D66CC502D83FEC6136EBC1FA1C1412D2C5DFDF7B3E26FDDF2E11998C73F2E,827,1170,RGB
2550,page-2550.png,259952,85BCE019C285593AB28279E1C5DD2CD68625F470E40197823414F0991EAC1711,827,1170,RGB
2551,page-2551.png,201576,A00158BE54EAEA6B2E046A3050ABA68F5C004C4BAC2D274A61C847F4DC95544A,827,1170,RGB
2552,page-2552.png,222335,4392CE18126EC636F38D5E08D913D136B42A285BCD1346607D05810F0B1E3CA0,827,1170,RGB
2553,page-2553.png,254848,376F5F62020D1DF994162F7A7A56DF1CF56B7A92C44D03130E07B1A42A056BB2,827,1170,RGB
2554,page-2554.png,265749,5B0AFAFDF7C5D59CA0A45F8596B3447D7953EEACE5CE8CE685C0977C657132F0,827,1170,RGB
2555,page-2555.png,260718,DFC299E7AF16FBB7D4A1C3F5746D5308CC76982DB9107A0E5471850ABDCF0CA5,827,1170,RGB
2556,page-2556.png,286768,7CB6A6F92CBA425A07AECA52242E89F42C1F4158EC969E2F0749E68FD71B770B,827,1170,RGB
2557,page-2557.png,233982,BFC66D0E36CD186997B2B2F1DEE6552ADCE31FF9F0B4ADBF7C1B5D8A220CB719,827,1170,RGB
2558,page-2558.png,321226,9BCA73BE230AD3BB9C9080C2B2214252935C229552D59733336D8503CB0B17DF,827,1170,RGB
2559,page-2559.png,273366,EC20D09172878FB42C6F759738E78809A2497D7490968200D159299157ACA44E,827,1170,RGB
2560,page-2560.png,270909,257D9DADF8B10D84D7A22DF4F81BCD6DD4A14108CF11030820A94A1C98CF00F3,827,1170,RGB
2561,page-2561.png,271505,20B060EA89D3414548A99685EBA76EE1AADF0C5CF91A31387B044C766229D1D0,827,1170,RGB
2562,page-2562.png,277389,36C70A3F7CA62608C85939D44A2CAE109A384DC57F656E0C4391EF9CD6FD4756,827,1170,RGB
2563,page-2563.png,291243,72A7C99966629B84DB0E05FBEF510C342F2EFE90E259D4B609F381780568ED09,827,1170,RGB
2564,page-2564.png,262873,0547181DCFB51EA234A04F9A65518622F3CA677A37556A3E8ADB08F37D9DECD3,827,1170,RGB
2565,page-2565.png,264635,093462FFAE4481BFA358FCDA3903FD047A2FDD16202B3FC948F28931719D92F4,827,1170,RGB
2566,page-2566.png,284605,124ED25A91B4FCA66BD2406C0FDE5711146156BAF7B56B6C8F8382ECE084386B,827,1170,RGB
2567,page-2567.png,207390,700732B3F7E77D0C7D6FFCB5D39D147C4C3A8A731EF981041E6F14E86FE188BA,827,1170,RGB
2568,page-2568.png,281412,AF5AADD3B5AA0E2B9728E88B36B2FE7DA5F6E0E96C958950AD3FE80950DE5310,827,1170,RGB
2569,page-2569.png,245634,5899C71C887105F639E27B1390AA05390AEF2320EB675A016B7EB6C2A8AFA695,827,1170,RGB
2570,page-2570.png,312856,8458C3674CB6A57747800A6BFDF3D25C1D493358110760E21CE208801D726DD8,827,1170,RGB
2571,page-2571.png,260761,D97B48AF07A35E6D4EEF4363D3AAF3034CBC68F8B26F33CAD8446C02696E33E6,827,1170,RGB
2572,page-2572.png,244063,ABE90C844617CBEB06D2300A231C0189D3BCD46ABEA295839001BF5A73800874,827,1170,RGB
2573,page-2573.png,308872,DFC2C7F20BDCC1B9D5D5A3D9748DBFBF176376B95E1CFC424C1037C38AE0EFCE,827,1170,RGB
2574,page-2574.png,285557,37190185475004B2119D30655D849698C851AFA6C923F6518189E03B4747F9A8,827,1170,RGB
2575,page-2575.png,261771,C64B754BF8B32F3D31511BBBB1D8C9AD0A2013550CD7469CAE56DC4AC17B78B3,827,1170,RGB
2576,page-2576.png,291694,077FB21114041F4F81AECF0A8979E9028AE1DC3AE474CCB9EBEA451FC2CBDDBB,827,1170,RGB
2577,page-2577.png,284121,64163FDDB3B8A7A33D7E80392A631FDFE7E5270A07F46EE653E6CDF7FADACC30,827,1170,RGB
2578,page-2578.png,268209,4322801349805D5FB76F42962AC2986E1CDA7B86BF737F41CF70D8729B566F15,827,1170,RGB
2579,page-2579.png,275329,018052ED70170F52D30BF66706DC3A2AA5FBB8BFBCA4AADC0C722F5C1CEDDEB3,827,1170,RGB
2580,page-2580.png,236496,CC083AB7625BFAD3DB1E86352B23258D8C823053959C01491E889B1D39C9D635,827,1170,RGB
2581,page-2581.png,281666,D91D1A3C0E238905E079150489E11A9FA8791EF8CD0C307BC7A0597DC43A5743,827,1170,RGB
2582,page-2582.png,216862,C04F5483AB015FDACE6B221D7C0E48682C4D83DA20CDB4812F901713FF916808,827,1170,RGB
2583,page-2583.png,273012,8D22DC848B03CE7D3D7CE35C470FAC9C852B27B95A2A689DF8C91F6C7E1884F0,827,1170,RGB
2584,page-2584.png,248441,28B7EAF20D674B4D17212C20BFD17095766818E81895BC4733C51E213BD3CBD1,827,1170,RGB
2585,page-2585.png,235204,534D9D563E3882E68558AF20D8A5AAB961E86B83D6B424E11CF5F568F65D8F3E,827,1170,RGB
2586,page-2586.png,235265,96E67AF5192BA3D704E8799992B41A65C9087FCA9FE913BB5494DF5D39D71F08,827,1170,RGB
2587,page-2587.png,247214,E6CF7D786BD096DC910A6EA606D77860A6542222011EEF06807A49C48225084A,827,1170,RGB
2588,page-2588.png,222140,84B46EB3E8B6BA450F3AE83BA2F3201020BA98C2521DFF87833FD2B77965E971,827,1170,RGB
2589,page-2589.png,270789,F17FC966A31CDDABD4B2EC02E67254DEC185D953286B067667620B3013E1CC06,827,1170,RGB
2590,page-2590.png,258281,14F26621AF03BD8B1C80BAAB0273642A7D60B852F73D57CEE6F13B858D56587C,827,1170,RGB
2591,page-2591.png,215854,C8F52F6595F65F710C238D4C538676BD2624F60322B84225DF5D6260CFFEAA8A,827,1170,RGB
2592,page-2592.png,240157,B865C958645F8B32BBC6204B072B00A100F0AB07AFAD96731DFA7E4DB50C33DA,827,1170,RGB
2593,page-2593.png,259279,D392A3A2B6E5364E4DCEBFF116430B2E6A155A5612F176104154BD389309A5C4,827,1170,RGB
2594,page-2594.png,238690,D7791A327D92F9B02F1C0169236CCFBF66B6F69215A2154FB87EF1C194835DAD,827,1170,RGB
2595,page-2595.png,254974,CF72086E8DEE5514CF60EF1A9820DF6A13ECED190CEBA9093385237B36D8344D,827,1170,RGB
2596,page-2596.png,241810,966315C88FEFCC2D7F27790071A69FD85C9C4F2A06E3F39806A7266FABFD9D6C,827,1170,RGB
2597,page-2597.png,270656,CE48A4DF1C63459F20C22A015E1F297BA52F382EAB16F7F57246E28158AD0ACB,827,1170,RGB
2598,page-2598.png,295268,FBABB582E7A5E033A51CE71FB03EE0E9E3F09EB0BCFEE9F6263A846E6FC62855,827,1170,RGB
2599,page-2599.png,250064,8C74A0D7DFE0866A388A0ADCD2FCC31BBB11C4B390D6E88546CE3A7625DE2F80,827,1170,RGB
2600,page-2600.png,338836,D44C2E72CD57041512FD13C2C51827D11E61037B80DB65F0F854661379FC2111,827,1170,RGB
2601,page-2601.png,391437,95DED137B4B98167432BB05BFD1B1D8039EF9EB8D685B77B5374F0A9A2F8E431,827,1170,RGB
2602,page-2602.png,382525,ECF7C55F325F204DD64A939615BEF5E7CF8EDF07707F9898F8EE86DC948CDC50,827,1170,RGB
2603,page-2603.png,381181,DC5A2B885148D454E2F86A1A6D18D31BFE4BCCC3B785E901512ACB05AFC1F5E0,827,1170,RGB
2604,page-2604.png,355076,D325C754D0C8F136757657E1816ED85BA4F5103423C66D776B0FCD00F0BBD42E,827,1170,RGB
2605,page-2605.png,343101,A7BD3C3AA643E1E06B8E590C6DC01F3B1B7484C88609434C3BCA633AC3E41839,827,1170,RGB
2606,page-2606.png,341033,54EF269FDF1169A97BBCBF7FFB84CC7F2E92B357A56BF93FC1561F6E18928DAD,827,1170,RGB
2607,page-2607.png,326650,B1320027DCBD6033BFAB96112858BFFB30BC5C5C2EBD2D90C0B54568C6791E55,827,1170,RGB
2608,page-2608.png,81755,34CFF4147502F3CC8C39708A921847F1F23DC4BFABD9A387B26C798325774FA0,827,1170,RGB
2609,page-2609.png,249025,44D85053BE5E33F1A17AEE1103DE025727DCC75DBDB18E818D35F4DE0BFA2C60,827,1170,RGB
2610,page-2610.png,340783,A976E89A066F07620E34EACE562C1B2A4961B8110D3878DCEE1FF07736472CE4,827,1170,RGB
2611,page-2611.png,175309,E38E36E562929F8F587A7F3A7F5356393293AE33E4DB3514943EEE9AE37576CE,827,1170,RGB
2612,page-2612.png,198879,132D3F921013EFC4135D4C7079E8F021CED42A987E75F29B69DF7F094F1C3EE3,827,1170,RGB
2613,page-2613.png,271095,77C639F26E737419D06A047B460717357AD30F14D07D09B2D07882DB6EE8C0AB,827,1170,RGB
2614,page-2614.png,214551,1289939183ABC89A291E0BED84A22AC615E3A30A831CF2FAF154792A026EE910,827,1170,RGB
2615,page-2615.png,292531,1688FE716868D9F39BCCCE7468B5D773376A33C926F6615A199EB963F737B841,827,1170,RGB
2616,page-2616.png,246300,416ED6C81BDA02D2E8466B743CA5527C1C8BF60A3A708D6963057EBCF1914687,827,1170,RGB
2617,page-2617.png,258086,4E329883269FF53D175E23F030748BC47295D83FB5B733B8BA3054715B5ADF73,827,1170,RGB
2618,page-2618.png,245894,76E6AC5AF8239CD01CB8804C14293BBC679B65B9DBD6B6BA5A8CA870491E2D8C,827,1170,RGB
2619,page-2619.png,234406,168821026E4352E6BF71783F5D980B5BD7CC9BF8C610B24B6A6ED5B21522699A,827,1170,RGB
2620,page-2620.png,263963,E674974EF329B2B5A978166395E98F676B03CBFCE2F79EBA18D7F81FA3520CE1,827,1170,RGB
2621,page-2621.png,326694,0BCF559647B29F0BD7CDFAC6ADCFDD92DAFA0C1D6F7CC16FBC647B83AF66DA4C,827,1170,RGB
2622,page-2622.png,315245,6C97F3D9C4562B88946B308BA793F7BAEA54A55A31E69C56DC95D4ACDA02DD48,827,1170,RGB
2623,page-2623.png,310115,EAC812CD6B95791DAF886E19F7126EFD493D8ADB235510C20B55476CEAA4942B,827,1170,RGB
2624,page-2624.png,330064,C36BCD81C2BEDE39FF2F8B3007B9BB190F06A556FB9AA94621981EFAB054C707,827,1170,RGB
2625,page-2625.png,341823,8C1BCBEED867A33D937F8324D54C8C2600F618FCB151495713B5C5BA52AA081A,827,1170,RGB
2626,page-2626.png,333882,9735E54F816A9B96031F2C9C4547074983F317C3FE32F0A3FC89BBE560657514,827,1170,RGB
2627,page-2627.png,310184,0F5EEC4D700108656057B14417EE680299BCC258DB53BAE3423BF356DE0F112A,827,1170,RGB
2628,page-2628.png,341925,28D3C993D2097E55A74A541165FD082531F0526445288F6F81276EC19B1183BF,827,1170,RGB
2629,page-2629.png,337320,C07E9FFE98235F51BD763094CB68AEA651DBF272B59A0B96220EE100271666A3,827,1170,RGB
2630,page-2630.png,95783,7AB7F5F99FA78535F4CE10F1BB8788813D996E1D2AFEAAC323C074B14F650092,827,1170,RGB
