page,filename,bytes,sha256,width_px,height_px,mode
1,page-0001.png,41335,787FBFC41221F8454A97F033E83CD09D96E00C61B97E7DA3B92109FBC83ACCE5,827,1170,RGB
2,page-0002.png,264332,4428BC08754777EA5E25534006DC214BDB5E77921807ADB18D11DD5B8C2E5324,827,1170,RGB
3,page-0003.png,68543,672E4D42399DC72169C2289FDF3315034278D9E8A51E9E476D62089390141530,827,1170,RGB
4,page-0004.png,87236,D9C09154F9FDE2EBCD6439C39B26BBFE78995303ECC6B3D0C9B4BE2B2444C1F5,827,1170,RGB
5,page-0005.png,141838,43976BCF976C360BA7B2A0A6F8FA20C3BF434809635385B1184292AE5CC04C34,827,1170,RGB
6,page-0006.png,141482,291E713144E22F0C5454D0CFA4A9E90676F09DDCBBDBD7A50511B39FF98FCE2F,827,1170,RGB
7,page-0007.png,150067,D5CD406C0756E57E161169ED3A9136C0EC3EC302309381F8B13B37EE2E213CA2,827,1170,RGB
8,page-0008.png,141234,90EECF2BDCD2C6D95F937D05E00F28BCC5FEB1CDFA8EE83C0A8485CD6B925783,827,1170,RGB
9,page-0009.png,132752,847EE64FB7828F0FF5672792354EE9A70CF47D5ABF8A739312FE382F39FAC714,827,1170,RGB
10,page-0010.png,163923,40A4DB7730912E75AC5D45C6E4BA0935973E59992D6D57D88D14F0C375674406,827,1170,RGB
11,page-0011.png,171302,F11065D6D75B74B92221061D56419C5940E6BE517B04AE1830AA2595037EAB1F,827,1170,RGB
12,page-0012.png,147561,5E0D3460E832B422BD226283BC2EC59575875FC9AE0AAD885FAD85EF41A4D99D,827,1170,RGB
13,page-0013.png,155494,F9F8868F56AAA19763D0F6B178ACCF9540200F6F1EC7AF7EE04F94A79B5B58DB,827,1170,RGB
14,page-0014.png,172074,995E27001E5478E5273B22DC2C9B5DBC09ECB3250DD9CAEEF6A5466CF51954AA,827,1170,RGB
15,page-0015.png,161088,81CE3C51EF438FB421CFEC4BD168183C99A5198174A0550A76682648920DCCE0,827,1170,RGB
16,page-0016.png,183752,ADB4A632988415B1539E2BBF236B6F81070C28B41DC146455425AB850D604672,827,1170,RGB
17,page-0017.png,210249,F71E1E4762B817D2CA07A9C96457568266BB321A4C6AE8BBBC302947FEF77D93,827,1170,RGB
18,page-0018.png,164218,9FE755C8528E40AC03C59876F22C4B353D5D5F0B0D1823E4459C432474207F61,827,1170,RGB
19,page-0019.png,179735,D67A9BCFD9269A402C836ADAA30843285D6A8FDE1D973F30844F90DAE5166DC5,827,1170,RGB
20,page-0020.png,177089,527C4788AE5A47103EDB6BE9B2F163E94A9C1CEED9CFC6D9E5044B2C4C068549,827,1170,RGB
21,page-0021.png,170048,11C161C902A57593ABDF012A890617DB4E4F89B2C60A058412785E0B3A731AEE,827,1170,RGB
22,page-0022.png,175217,D03EB51E606EE09FD4A11DD417DC5AF1FD3ADC28663035390F8C590A24661F56,827,1170,RGB
23,page-0023.png,159547,BC2B027B3A911322BE956B3853B2E96B84139D1083F3EB5317F2B040AAF17EBE,827,1170,RGB
24,page-0024.png,186269,83101C42A64ECC3D1817C9EDAD4AE0AB6B7F2E4D31A590A43BD4B2FD3DA6232B,827,1170,RGB
25,page-0025.png,163966,B5344F0C1D100A833EA0BA7F1CC16152B4E39BA575BCC7F356A48A4D0ADD72A8,827,1170,RGB
26,page-0026.png,185157,E393FBFB83D0551A4F9EAEE3A89C8A558F4570E2B33AADA1323D818EC58CA6F0,827,1170,RGB
27,page-0027.png,171814,2AA6DD86C9852F9D053CEA31423172CED325C1D048D3C0ABFDA5AF19B1C4C07C,827,1170,RGB
28,page-0028.png,160666,38FD59A5ED19989D1C916EEBFE8A5585F7C85C009C92F83289CB260BB43C1117,827,1170,RGB
29,page-0029.png,155251,28C5E7F1979498E3ECF4EDCA47DA1BB548683C596C25E86CCC0CFD51473C2774,827,1170,RGB
30,page-0030.png,207876,B2A875272DFF255F68BDF309D28ED288624FE16D095EC79F28C3171A5CAC1384,827,1170,RGB
31,page-0031.png,205730,045D8AD7C1C62D70C211A64B1B5D82378A853AB01EB10AF11436CDF2683FD3CC,827,1170,RGB
32,page-0032.png,170977,1F2035E64FD9621E274205B15AF4792407673C383BCBE8EE8D89F874E9DE4EFE,827,1170,RGB
33,page-0033.png,168276,99B7413359825ED1BFAB9173181BF09C95B14BA994C5554B2F553C820BD913FF,827,1170,RGB
34,page-0034.png,180182,DD8145C6EC1700DD5D645DE5BABE97D94683EC03C000F59C7EA48E0A46482A31,827,1170,RGB
35,page-0035.png,173216,0D66AAA95DA044024E32481628927CB900991743EBE1D2990E6A5E239B1DF252,827,1170,RGB
36,page-0036.png,181645,12B4F024C94948DC70898BC8D52CE0996DFB08747DC5D6E0AB2CDA8940E17055,827,1170,RGB
37,page-0037.png,247537,5380746369BA2CAEDB34707F60A97D3777471FFC57FE68DB91CFB2A283DED570,827,1170,RGB
38,page-0038.png,207041,56EE8FE1733E014D0BAEE354EE4C3ECEFADC9BBEA40CA3749CCB4699A7B1D0F7,827,1170,RGB
39,page-0039.png,277044,BEC5A9DAE296B4E7353F66C10DC965EB64EF0F9189AF1BE355B35A8D6D8220D8,827,1170,RGB
40,page-0040.png,153086,B08F53A0288D33FAECDD5E30F00FD5494322B297F01546D1C0C944548B74D704,827,1170,RGB
41,page-0041.png,112923,554EC6A0E8C1A8411EFF1AD18ED3E45AFC3BEF53051A84A78796B206D4EB32CB,827,1170,RGB
42,page-0042.png,284946,C3DCD5845C07BF99D3160128532B7B93842326737C18FFA659981EDE3B7CA25F,827,1170,RGB
43,page-0043.png,326470,6F6AECC342894A67124FF503E0BF91DF73F098E513E4DCB027191A5EDAABEAF5,827,1170,RGB
44,page-0044.png,302519,E570B9CA15A2147FD5E1D04024AC60C33C6973FA21C1A383901B73693C66B725,827,1170,RGB
45,page-0045.png,395145,02608A38CC78FD871CBB9BA1FBA9C58545FAC1A4F24765B50A97AD32AC380EFE,827,1170,RGB
46,page-0046.png,287085,29042BFBE01427AF54B7EF7E036D86B8B0B67EE11E9800F3CDDE1B40C73959DD,827,1170,RGB
47,page-0047.png,401806,03A93581C79D9308541818E4298C26E54FC316D57A3114DCA96FE49F2FBD2D6F,827,1170,RGB
48,page-0048.png,312833,8119560E5ADC028EB32D56EFDA38D76E9B9C7631FBA7F3C8D67148FBA36347A8,827,1170,RGB
49,page-0049.png,345290,7B08C12786A8B80DCE9DE7B4E0F6325387DACEF70276BEE6122FE1431298E58F,827,1170,RGB
50,page-0050.png,199623,0774E3F3561AA201274DF64D019CEA478E3C169875CF53D6366B1B830367548A,827,1170,RGB
51,page-0051.png,241462,F1713D019AD1AC9F44D92194E389EA66211389A1F39F36D0055541E1C46B15AA,827,1170,RGB
52,page-0052.png,311982,A9FAF840E812B200360F091FE478420092EE3B17B93799F38B9803DF2BFB4FC9,827,1170,RGB
53,page-0053.png,303553,20EC8C555DCC7D19543FFCDCAD959E2EED72B516EB4EC5D2A017BC9AA97F3DC6,827,1170,RGB
54,page-0054.png,260784,AE9B7100AD560C3292DF9EE7DE2943443E71148D744BACA0DA4D961FDDFECA04,827,1170,RGB
55,page-0055.png,243284,686A5EAE78C4D745E6B7D3ECDC553F23CF3B51A2226A213CAFA97FEB14D9A147,827,1170,RGB
56,page-0056.png,173474,3BE8C733B0CDCD1C7DE9A59B989414C3D7525529AB1F0E21C71C6A99C62A241B,827,1170,RGB
57,page-0057.png,149203,DA1D33DE9D6C12DB75468AAC752281C01E805803E70042E042C6DA635982B151,827,1170,RGB
58,page-0058.png,257802,2247496AF29086FD1B18153F96F74311630466716A7F31D9897A53CB789CA4EE,827,1170,RGB
59,page-0059.png,209857,A7F5EF2141A61F8ED46E75A3B2DC274067858D6C73BC8123D2D35A658A547358,827,1170,RGB
60,page-0060.png,204822,07D9FEEB6C13F2B5E2084C6ECEDF01562933A71AFCDF789DA7367FE0799F9FE7,827,1170,RGB
61,page-0061.png,207679,6EAB6B9BA7CC88493A549E67205F2F3192014015765AFA28F220FD96AFA4957A,827,1170,RGB
62,page-0062.png,262351,25DD122C3CEA801C76F2901A2C11DF35748D0D20FCDC94F13D21F78C0839B85C,827,1170,RGB
63,page-0063.png,176069,C3EB8287C087BD8A4E715F2D14856220ABE0E2A9ACF426E6CABF5AD5EBA49F0A,827,1170,RGB
64,page-0064.png,274411,B4865D2225F77A0C1DF19ABBE2D6A587508D0CAFC3E8A04CD4166CD0E9965C57,827,1170,RGB
65,page-0065.png,185677,0F7AC7921383780575AB3224F50F60A84E665B20A55191E3647045965575C237,827,1170,RGB
66,page-0066.png,324073,F511394444F647D6DB6B0B2DFEA705ECAF5BC58EBFED6904E01048614C457C0C,827,1170,RGB
67,page-0067.png,256241,5DB25EB621E1B131E5E06F5475B75F29A382A717D6ACB6CC31ADB7966360AFAE,827,1170,RGB
68,page-0068.png,240707,2E8AF4B453D5C348CAD581272DFF6206379D52970048160A0DB6EB358AB193A3,827,1170,RGB
69,page-0069.png,287169,20C1967B0D54EC68523B59F2E019281E7E7BF397E39CBFC5A4131AF93B84D288,827,1170,RGB
70,page-0070.png,227152,ED3A051B8FFB86638AD10F39910AE0194497AA102398BE56BBB83E877A652868,827,1170,RGB
71,page-0071.png,296024,9C0CE2F868712372E5A79F4CC1FA5631449108295F7B5B26ECA6C4102C742CB9,827,1170,RGB
72,page-0072.png,342145,22C7E771A70DDEDF8C37F1EA1E83A73409ED5C0DE5E75F54D85D8005566618BC,827,1170,RGB
73,page-0073.png,333692,904B353F26EEB5EF805AF5CB8EA601D516BEEEE0B027485830367730D251C488,827,1170,RGB
74,page-0074.png,316188,D48DECCCDB54BE442639DE1C0AD6BA60AA3F7C84E0468CDE6FB9661983AAF111,827,1170,RGB
75,page-0075.png,293588,CF8147C4C92D7E59967CED7B7E9E002E5DADC9677CBBF331426850EA942BAE85,827,1170,RGB
76,page-0076.png,284309,E56C23CED602D40C2B40B8C79803A3D00A9B0ECEDAF9F01F270C7A595B9C1EE4,827,1170,RGB
77,page-0077.png,263545,C1A99CC7FD3117071EF315AB69C1C20F94CB4AB145A4C25BEF07F22E367F2758,827,1170,RGB
78,page-0078.png,274841,89F53E59CEFF67489362358A06A420ABBBC88AD464332677E4644F1CD385AE53,827,1170,RGB
79,page-0079.png,216723,4F71CEB37274F94E96E1D5A97575D1D5CA121A60BF8514FEE8ED2FCB08210FAD,827,1170,RGB
80,page-0080.png,255615,765480F9E75D5ABBD8F319735E80A5CC1AB4437557763178B597AADA32B90924,827,1170,RGB
81,page-0081.png,297852,F493148877A14754150BCDE64CA1E2BBB934AD89D30081FEA3547A20ED0B1DB7,827,1170,RGB
82,page-0082.png,234140,5D092E0BCA463ECD2DA8A4CA2CC9DD184F35DB2608B04008037557B925E20BB3,827,1170,RGB
83,page-0083.png,195543,ABB8E7364E2518EB0AC7DDCD5712F8857111F618B58EDB294C16325014D4F727,827,1170,RGB
84,page-0084.png,151774,2B6496F19E23FA553965CBA130C0D164D726E2FF46DBF53EF545539D2198B58B,827,1170,RGB
85,page-0085.png,169980,674CD4E938C2537D8E7DA0D7262598080A3C62608591365072DCE34A8C9C024B,827,1170,RGB
86,page-0086.png,283651,D7A3531729155342563C6335C10404AB47D0837FD23169CCCF02165CC6023A58,827,1170,RGB
87,page-0087.png,222471,C9C48F19C446A338861CB143AFB2B7734AFE8861E9ED9E1464D51A89B53C0A07,827,1170,RGB
88,page-0088.png,232310,435533A1BDFF0AF125A83FA86FF319D38E6671A05DC26D646AE53EC0F4C20BCE,827,1170,RGB
89,page-0089.png,248422,AF3DA729187C268B03CD7FED23B670D831A38C7CFE0C38C830A0095803A9928A,827,1170,RGB
90,page-0090.png,213437,BDA43E2A7C3F82FB4B30B623E47598B6917F7B05C18BAA36C0AADE14F51EEFB3,827,1170,RGB
91,page-0091.png,205096,BC3C626C151907AF15559E878169724C68E23833F40A284BCDDE3800913E9544,827,1170,RGB
92,page-0092.png,200115,E1E2918BECB6D4F37EC4BB6DB77D6742B96A31C0C335B3D9008C4AFC693A66B5,827,1170,RGB
93,page-0093.png,148870,1794C0810B1D3EF59916A4C17F5FDD91F32D63A0758474B01131047E7BB55D90,827,1170,RGB
94,page-0094.png,309633,1AF71F0C1F68F019EC55083CD8E4C5740F1F7418A25B81142A08CE01F07A4CB8,827,1170,RGB
95,page-0095.png,248825,66F89EC58748A36AA99065F09D301934CF517E521D6E0C726BCB2E75210FB6C8,827,1170,RGB
96,page-0096.png,179345,084A9431993F3609BD2EB662AF3DB8780379C9BB13815A30DE97A80A4CEF4E0E,827,1170,RGB
97,page-0097.png,199635,8AB1B5657E43AAB183D1D40DFCCF1EFD83C2E0A963B47EBD6B0FC5C37102D4C5,827,1170,RGB
98,page-0098.png,228429,0A12286BFFBD3CBEEB3AA70D94ED20E345210DAA87416727AE17EF80A5A2033F,827,1170,RGB
99,page-0099.png,161889,2EA7FA8D816347EEA2114EF2E504FEE5E712ACF1F8692308F92D1777A84070FD,827,1170,RGB
100,page-0100.png,167761,42BA8E5B2D1D532D2603919E19C32DBC9A5D1902405E695FE86B102FCD15840A,827,1170,RGB
101,page-0101.png,197640,A98BFE7CC350D54912566387DE4E25CBA37AB317B34C18F3DE0642A5827529AE,827,1170,RGB
102,page-0102.png,263395,693B19D0685EB931EF496CB6EDC4526DD665F18A6BD0B6B64DFE0E819623A475,827,1170,RGB
103,page-0103.png,252478,3D13468B42220F2F0667DDACCCD5CB9C028FECA0D74B8D903D042326177737A9,827,1170,RGB
104,page-0104.png,241763,0D461B7980E32A923325B3FECEC93FB59E03E758A83B2C09CDEF85FCB260EB60,827,1170,RGB
105,page-0105.png,292969,00C59AD7AA3D6CE5E94095E82B7F32DCDBF41D5F5E3F76BC209E5D92063BC1E6,827,1170,RGB
106,page-0106.png,298549,4A45B395BC150B44C5AFE479C98EBAF55D5DB8F6CE278DAD309CE7B9D98B2536,827,1170,RGB
107,page-0107.png,254024,6105B62E68308BFA111CA3B5B7861EAAA3C31D27BE399BE3FC595FD67506B53D,827,1170,RGB
108,page-0108.png,202683,D55422241BE729E86614E58BFE16F40F05963AC1A8792993471BA2A081C1A998,827,1170,RGB
109,page-0109.png,220340,7AFD58528614D159F018FDAD6848AEB038C126BEB776FD4AA0A8971E16D4EEEF,827,1170,RGB
110,page-0110.png,360202,C7B19F1F88A508D84994196A2195A422863DB16BA283B86EE388AF04ACA64337,827,1170,RGB
111,page-0111.png,307239,0D7A0BB19439C8DFA12B70106A22CC4BFE102A56C2F585B1160E8F1860FE0E9A,827,1170,RGB
112,page-0112.png,350763,A8C87C5471C5CB65EC1C2D43E9B239795E32D718C17AB9C028652C73CCD6EA45,827,1170,RGB
113,page-0113.png,339645,A35BF4C34DDB783A5480F66ECEB74E124B248B1C44F72C1985D0E5DE22FB6EFA,827,1170,RGB
114,page-0114.png,242254,02794DD6F627143DFE1FF208284631CA094E6A450CBF1035C14BCA874CEA738A,827,1170,RGB
115,page-0115.png,326530,D93E633E601BF2A2858559A1632A452D151C835C899A0661A3B25BD5C2A7D00A,827,1170,RGB
116,page-0116.png,336136,7829DFF172B4879828F331C3DE2B15D6200C6CAA1AB89777D3397D1CB7E43CF3,827,1170,RGB
117,page-0117.png,332081,948B706BE71A967EFA8E8FD26B74613580C3212259FE6DB3DD9CCF95E02F794F,827,1170,RGB
118,page-0118.png,322554,002F5FEB0E0C5495046B0A636E20A30B4EF5266FCF4B89A61695F645FAB10E37,827,1170,RGB
119,page-0119.png,333386,0F9CF343EDEE831C79389A95CFC7623AABB33FF3665B6EA1CF41C12D5A593EFF,827,1170,RGB
120,page-0120.png,198195,A69AF192C90B2339A373D72EF2F35ABF07911790656D5468CAA112667E99CA23,827,1170,RGB
121,page-0121.png,233965,91C365359FBD7788B1359C532B48500BFAF45D7096B36C4266C35256B82E2C7C,827,1170,RGB
122,page-0122.png,206777,72990C04BE54C53C12EC9EFEE9EC325DCCC2DB472F36AF2B1B206CE3742BCD86,827,1170,RGB
123,page-0123.png,161536,8761106C1FF6E043AF7566C9A4C081AE328369C8E061E86C9E5FBE7B53C2FC90,827,1170,RGB
124,page-0124.png,227360,BF3432695AACE6DB58EFF9EB9B0CA8A1044F1AFE0DD07553478D58DC289AFA35,827,1170,RGB
125,page-0125.png,236285,30830293FEE54DB94DB102883FE4432C9F4D2D5125BC103BA7DF976F36BD43BC,827,1170,RGB
126,page-0126.png,212387,6ADFA03D528627FE14FE428052A258FCDC066AA186193889F8EF24194A5BCFA7,827,1170,RGB
127,page-0127.png,215909,46FE8FB17577994CA7BAAAF69CA37B7510F7969B3ED460A936749327EAA22D26,827,1170,RGB
128,page-0128.png,220110,46FC0104D5323A911A26FEC51B8AE6FE4B97216F1F699243015C77A3B830659E,827,1170,RGB
129,page-0129.png,230094,A72A46C7B237AF66DF06B2FC31B99F6F8C925E0D586E16CDF2D31194ABF2CEBE,827,1170,RGB
130,page-0130.png,224492,A9A975AB9E0BFD10F409AD55F4B8543132B4735A19F033BC6FF95794FDCCBB18,827,1170,RGB
131,page-0131.png,22736,E79C87D14E259967B5D5AFC97CC4C800D1F85B9540D20E938DF4F9619456121A,827,1170,RGB
132,page-0132.png,211698,AFB7CAE1BAFB9E69B9F21EFB2C352EC97E9F492A4B6833F7ED61872FB19A2630,827,1170,RGB
133,page-0133.png,295627,AF5D92D7A168118F1792A0CC0E0B7D7E315FE3214506BA87E57721650E57E478,827,1170,RGB
134,page-0134.png,285153,648AF7D9D5BE25320528AB9CFBDE51753B5516E4AEE82E7FF0781C97A26FE9C7,827,1170,RGB
135,page-0135.png,227635,FAE017F1A59B22118EE67D79E218A37F518F8358C07D00A5FD391F4B59C745B3,827,1170,RGB
136,page-0136.png,255928,27672129EA7BE05DC1070BE64CAEA6DC4AE03EA0BF747BD828735E35C5416F66,827,1170,RGB
137,page-0137.png,304322,6B65E20E14ECC7EBBB4F945085632235A460FEAAF13947C49C1FB52C6EF39A30,827,1170,RGB
138,page-0138.png,313188,34B8A463F391E5FAF268867C779B4C749768A43931050DDD208032FBD8AD9B65,827,1170,RGB
139,page-0139.png,324558,4515ED430C558BB0BDF2557EB6EFC4022776076EE028D011E4D04BAE4F0BE05B,827,1170,RGB
140,page-0140.png,343114,12EE6737BEE7F5937FBC5048EE5681C3D253CD5EEDDE2CFEF88CDC01A70FF2C6,827,1170,RGB
141,page-0141.png,330086,ECF98A230D5E35EDBCD443FB52DAEA6AB1CBB094D7F157DA30CEB8B85730632C,827,1170,RGB
142,page-0142.png,342638,F85229B60B7AF9D37CB2AFBD2A0E9D2B129B6DB5A3DF9F94D175BE970E3D3E68,827,1170,RGB
143,page-0143.png,265048,6710CBA3C6ECD09866A6B722B5344FFED80FC113CD347CB28C0933C8A69475C5,827,1170,RGB
144,page-0144.png,262637,5AE8C46D9B23F3E90354C260B95659CBB73622A7BBD9CFBC4DC1D913DA5DA571,827,1170,RGB
145,page-0145.png,286849,0B65BF9B862BAE2C91182BE68B7078B2F99C25DD756FF0C52A022233F23A318A,827,1170,RGB
146,page-0146.png,324976,6A719E75952C3AA8BA2BFAC390A7AA8C283D92A328ED9DB833169D73733B4900,827,1170,RGB
147,page-0147.png,333579,65CC31DE0EFFCAD6EA2812DDFE752B52067AB51900FA57906903BFB26E2330B5,827,1170,RGB
148,page-0148.png,350965,76114AB05CD4305960F9B63587833BBCC80145B42223689BEAAADA797E30F021,827,1170,RGB
149,page-0149.png,326083,27A4FB0C8979EFBF1F960649A82A800744120CEE02EA98941B2CAC80A71CF11F,827,1170,RGB
150,page-0150.png,306057,C17B469D6B96D1404FA71479FBC220829CCBFB0D2884C1A35D837940B800A9E8,827,1170,RGB
151,page-0151.png,299786,2F9DF0E77E2F42561F894BF9595F9A84D83F9DCAAF70D59A969D4BB855148F5B,827,1170,RGB
152,page-0152.png,318409,486A8169E9821BBBE19572B6C6BFA8117D1EE31AB217F71A829B395F4E1DCDAC,827,1170,RGB
153,page-0153.png,308584,AC25CA94DA0D3F1084E6EF1BACB10307BCD76269F82DDB4F1AEEE6425FCD91E6,827,1170,RGB
154,page-0154.png,325897,B883E3795CD9891C1418A7ABF602FE21845C870A143B806BD4D4364E884345F9,827,1170,RGB
155,page-0155.png,354982,F649E09862DB10AF3CFAD1BBE564678DC22B48DD23681ECF8CDDFC248E7C202C,827,1170,RGB
156,page-0156.png,326211,6E49F52CC28898CFE2EEEDC52D0844FC26762EC5E4F474E6EC7047356EEB4D2E,827,1170,RGB
157,page-0157.png,304385,F64BAB10D158B0144E2B15C29CE3CE8E9E0D0911D376000CB603506ED104B5A7,827,1170,RGB
158,page-0158.png,285571,8689D6B0A038FC826EB7017A8A26F5177F081E1404DA5D3226B59A805350573E,827,1170,RGB
159,page-0159.png,315819,49CE989BA18EECFC3A9EB4A8EB5FFC2B48EB6B78DC7CB47CED86E7F81F1ECD02,827,1170,RGB
160,page-0160.png,272817,022C491B3E1FEDC270511BD6966FFD0A14EE319A5C0E3F0007BCC296027CD757,827,1170,RGB
161,page-0161.png,309207,E65DC2CA2AB4C5ED602B9BF7B3B9C3C0A032531DF94C03EFB61A647C9FEE88FA,827,1170,RGB
162,page-0162.png,284599,6331FF68B495935469CBD08B2CF0EF234D0FB6C4CF070F51C744510D1FE649C9,827,1170,RGB
163,page-0163.png,318637,E0D69EDC9A41D2411562E44AEB239445087DA8ACB311D8DCEE0E77A92D18BC60,827,1170,RGB
164,page-0164.png,378789,7B963A9D8FD51D4C90B0ED76C8B98552EF76AED53001B557614C57F7D73136AF,827,1170,RGB
165,page-0165.png,318104,91821BC4702EA0698126E37F926243CE388C2E8CDFC2BDA238F72878044D7F18,827,1170,RGB
166,page-0166.png,320196,65271F7CE6A1FCA390C6755A39D1382B279BC7B21AC3655EE96F194BFB1553B1,827,1170,RGB
167,page-0167.png,337941,AEBB7BEBC25BF99C681216A0232F3514A3BFF866119E8C1500F5A9A78ABE25C7,827,1170,RGB
168,page-0168.png,338182,8F030C09ABBEB0DA2AC55C5C83B1991D6F8C4079450A97B1E748C0AE8E39AF43,827,1170,RGB
169,page-0169.png,373195,0932BE4139EDEDCD9223B9039C8CF694D038CEBACA544233D69F05DAD4CB502A,827,1170,RGB
170,page-0170.png,326903,4C0C10BBCC6F0CF7DAAE76A8BB1D074FB8F788F13C9A70A663BB6E9985E0AB61,827,1170,RGB
171,page-0171.png,327682,E866EF860FB8C7E274C9E162988E2BC29925C90FCD6497D1F02BD9D298A8CB5F,827,1170,RGB
172,page-0172.png,333764,9B5EEEFBC8182664FBE3572CB08203BBFCDB5611681051AD1FA5653216396D2C,827,1170,RGB
173,page-0173.png,304013,3184B14B988AEEFE661734B58E1EDEC71D472742F0EEDB00E0932F049C845349,827,1170,RGB
174,page-0174.png,302945,791B2692EBC146BBE09A343522784FA4EE968F13913C60E10A0CBB53416D65F4,827,1170,RGB
175,page-0175.png,304290,00375764AD72DFF128EA7F09C702934EDFBC9F852DE5C0117DFD0C8EBD114DBA,827,1170,RGB
176,page-0176.png,356519,3D40CDB4CF9BEB6C3DEE5587E259C72260899FC4401EDB5CD11DC88A2EFE01B2,827,1170,RGB
177,page-0177.png,344521,16A62DFAB6A20F9FDDCF738C27DE01704E366F169FE921B434EF6DBF79B1D2BE,827,1170,RGB
178,page-0178.png,194963,71B5395683D45F3330A5633B48EAE1427DA6E7076F7DEF1FA8928DD08167D761,827,1170,RGB
179,page-0179.png,321040,F449D40D8B978D3652051C1E68349DA338F4326C4E973DE2E3182DBE04DA2645,827,1170,RGB
180,page-0180.png,328131,B59BA6502BFC719977AD2C38473B6A2200BD413B85A608AD678E41AD2A075411,827,1170,RGB
181,page-0181.png,219399,8014F566ECBC361FEBC3E2135F63FBC4F06068E204C4CE26B68D8C3F5CE36D0B,827,1170,RGB
182,page-0182.png,275749,63E6345AD4361CCAFA60CE0526A0D6093ADD38C3EF94E76049E697F3A3877D90,827,1170,RGB
183,page-0183.png,320441,3AEDEE759FE35E57AB657DC321132DC62EA5D34BAEE9AB358F8C0892977CDF43,827,1170,RGB
184,page-0184.png,264719,56C1F2D3EFB893AC225A82F7B6BF510C0A76F35BB3E59B76BC7478E8230C3532,827,1170,RGB
185,page-0185.png,315994,FB7B706D9122D509DC51B204208925EACEA4F8F9B0F53F49803553A7EFD39BB1,827,1170,RGB
186,page-0186.png,227443,8D592DD919E1CAFD805617506D4848147C318F35F39EC4FD0DF3E5D265CCE0F7,827,1170,RGB
187,page-0187.png,250159,44D9FD1FCACA3721CD76B61E432F8CBB3F748665862C40225F44A2B57413EA06,827,1170,RGB
188,page-0188.png,242665,93555C157393338E706A029488AA68C092B15E9FE66B8B8F333E9D0BE090418A,827,1170,RGB
189,page-0189.png,259551,928EC3B4301756EA964BDD50A65E8E5B09909F19749189F174E093F2C32D32C1,827,1170,RGB
190,page-0190.png,298869,8ACAD75B10A0A73B92140A02685C8A006934F3A840E25B20A00BB88A16F92344,827,1170,RGB
191,page-0191.png,186122,3ADE182452E5E48799BEA93A72EDEF2A5BCB062EABC9815952DBE214128C623A,827,1170,RGB
192,page-0192.png,203309,929303F7E4FA2773A035E27F1DAC1AF7650C44C8695A424EFCC0F43D5DFEE966,827,1170,RGB
193,page-0193.png,256888,A54DBDBE0B1841C91E073B877A3E6D379DC2C144049FA18D5D6C99077A8802CA,827,1170,RGB
194,page-0194.png,286020,467F305E7B9D8C7654D50C1CD6FC2A89C88DCA6BC080C6327747D27540DC2A0E,827,1170,RGB
195,page-0195.png,216412,5CDD618383E6B42DF6B697DC85C97E362146AFB794D3EAABB5EE95048780F99F,827,1170,RGB
196,page-0196.png,246008,54036EDCCE078642969635CDB711F0189696D30B28B0D417E9F2B817A5A89885,827,1170,RGB
197,page-0197.png,195261,E6CE799517098AEBDFEB2B8DF492C07A3F62EB06C26AA9FD05338E2284C270A3,827,1170,RGB
198,page-0198.png,230939,F6B71436ACFE80A24D8D5E40E2A922D45FCB35287544BBB13E7BB1DDDFDF1E2D,827,1170,RGB
199,page-0199.png,226992,4EA786318176D370F70E2E7B0CF61A38BB0D4779810441AD72E6669B1BDF9F0E,827,1170,RGB
200,page-0200.png,259586,EF75BF1D9D6682D51ADCC924EC91D4686C64D436F8FE93AC554CFE66C30204CF,827,1170,RGB
201,page-0201.png,235017,491BD6B1A44031D9E0A56C14BAA355C282AF68530FB9A5BA11C46F649D11DE33,827,1170,RGB
202,page-0202.png,250763,390DF579C91D2F3D665894FBA1F58DE8906A0E1DC994A2980982C53A43471E14,827,1170,RGB
203,page-0203.png,254912,9D55F658ACA3D0D254AF06648E9DAF0FB204CCCC26F2064FD659194A6646EDCC,827,1170,RGB
204,page-0204.png,381787,C2265499D891455FC313EE43D8FC6476B219C525815B5C5FC8BC48E4829E6A9B,827,1170,RGB
205,page-0205.png,261552,0BC23E4E9E6ABF49A9BDF4923B5545AE062B96F93B25038AF266A780C9BE9C54,827,1170,RGB
206,page-0206.png,278804,9C16AA637B0AD2E84143329625F522D0740EE7340C4AA98BB24EABA5B109862A,827,1170,RGB
207,page-0207.png,317206,4318AC3B26E4A27536EA79D0AE2355F111CCE947C419E6ECC66257A618EA00E1,827,1170,RGB
208,page-0208.png,283327,AC49118A18AD3DBF18A02D08318844099D6569E865B3FC260E0F1444BA0C84B9,827,1170,RGB
209,page-0209.png,302236,835A6CBBD18D81B3B0CA767BBE64CEBE96B98CFD1DF9DCD4377CCB2069A4AB57,827,1170,RGB
210,page-0210.png,312483,F59D9B93C6F9E5AF5932C09F370073F2AA9AB266094ADD5D50C91236ACF2D0D2,827,1170,RGB
211,page-0211.png,297764,603C85406315D13EECC5AF1B41D1BE22C1CE5D0A44F54A2534F31D86AEE6D596,827,1170,RGB
212,page-0212.png,268377,DF95196AD83BF5E16F575F525E3C804AA405CF6DEEABD55F2A62011125D41F56,827,1170,RGB
213,page-0213.png,211245,C4719AA33E90A593A82D8EA0C2BFE1B22177EAEAAEFD279C09F16B40C571C824,827,1170,RGB
214,page-0214.png,250254,BDD04A3B0A54B50C010D0CF15B3BBF13C25F19B7A7B4C4FB94ED47E9888B0010,827,1170,RGB
215,page-0215.png,203893,228AF9A9108479CA5DE3D317E17BC4BDB137B16A50C5BD075AEA1A80E423DA65,827,1170,RGB
216,page-0216.png,203756,8D036C67DA5336596016F56D962524F3D88DB7ED9AA2C7366AD5311780AB4656,827,1170,RGB
217,page-0217.png,143414,80975C45DFF27E0E73753A33B1C74D4B71104BEDB9010D7AB2C3ED7A1C2F1975,827,1170,RGB
218,page-0218.png,291448,0B950E3B5384308968BFCEDA7123759BF64472BB3CB3BEAEB0A8D2045B0A3B74,827,1170,RGB
219,page-0219.png,366259,94528DBAAB1B93B6F4455BF4D21857A5F8DA7070325418262834A64D25A65610,827,1170,RGB
220,page-0220.png,268706,C44AAAF8A1084A8948EB68A6E6A434CFB10C2411374AE30AE3CBAB136400D5B8,827,1170,RGB
221,page-0221.png,242682,CD8DEFA40168A38F8D778B975AAF650872FA254BE692CDF3040AE2B641194735,827,1170,RGB
222,page-0222.png,384661,732CE19854B501ECBB4699AA1BCD90742C12F652B25F09F85A3A325E979EFDC2,827,1170,RGB
223,page-0223.png,277887,300F4295113377A682295DC79D654F2BD2A26F52861C7BA5A940FED0E0278500,827,1170,RGB
224,page-0224.png,278226,795F47D94713D14F9EEB0972B162FE9240E2774DEB3F97B5AEC8630E159CC52E,827,1170,RGB
225,page-0225.png,297245,6407BCBE05270CA3B42B25D23C4EA053C93282EDDAA994FCBA71B7EE7C7989E3,827,1170,RGB
226,page-0226.png,303443,F290CBF34652496170085C01EFEAC3AC1B660D1A071932F93B0F6D23946D7FA1,827,1170,RGB
227,page-0227.png,215296,F926029D3ED1340FB12E6567E92C14EDEDFAD33F6BDBBBBFDDA18A32B271BDDC,827,1170,RGB
228,page-0228.png,299279,F6FE5A1C892F5C14D36B63F3ADD2AA9532661BFD078C25BB8AFC93584B18817A,827,1170,RGB
229,page-0229.png,293061,8225A49DE77EF89D6916F14096D2CA6D0E5740C32CA251FF6F80C789EA5C4466,827,1170,RGB
230,page-0230.png,215548,B5823254E088FD30C4CB9AED5C5DA6EEB3BD280E70D1CDC125466A987AC2E16D,827,1170,RGB
231,page-0231.png,278544,8F7DCD32B0DBF00461F1D8B402142109C282EB983C813865FC6CD039D4D2FA13,827,1170,RGB
232,page-0232.png,291022,58286406F40A936DD41ABCDCAB5EE0EF75F0BC29552BCFB43AAEA8AB28E0B237,827,1170,RGB
233,page-0233.png,298645,EFE640A58B7D478CA4241C55F0C23093812BBC9F6BBBF0ADDA86A09AA7232AEA,827,1170,RGB
234,page-0234.png,286376,C37AD8D6ED214D2E75B1FD2EE2F333B76AD7A7BFF31494331E0720233DCC72CD,827,1170,RGB
235,page-0235.png,278681,04CB8D6E2516DE4BC00B3E3BABF35D74850BD1163CB0FBE94E550FED192E08B8,827,1170,RGB
236,page-0236.png,331689,140149B1BBBB48B4886107E1393A8CF79474F6A536F68A8A56DD7C0293325F75,827,1170,RGB
237,page-0237.png,343708,109A9E0B26947D3B09C358A06D817001C22E9AFE041A6B72CBEC2F285E9006E1,827,1170,RGB
238,page-0238.png,309742,2BB80E595A95EF56E1A71938F22648257D76B54A089E9219D90A997F7FC9886E,827,1170,RGB
239,page-0239.png,329755,532AE82391B81C3DDE43898DC15FC6034634007528592D6B1AE40304045162C3,827,1170,RGB
240,page-0240.png,334392,7640DBA89848DFE8F0605A11B892B9D59107AED7133F4434F539263CF8CFEDB3,827,1170,RGB
241,page-0241.png,276587,179BAF774CD375C89CB09DBEF843B811446060406D7FD08D5BD5C3CC8007545B,827,1170,RGB
242,page-0242.png,293579,D7B24534B4775B6B42841F765D8763209F2E395A9555D485D18782B4D2AA7A2B,827,1170,RGB
243,page-0243.png,318536,3DE75FCBA48C24ABCC9C70752D71384B3F0E03A8FD568A94C03BF4F4709B3857,827,1170,RGB
244,page-0244.png,257809,3A2B7D09AF7C7CE0A27E1B9B07FB3CA352E42F7289923AD4326CE1B143E838D0,827,1170,RGB
245,page-0245.png,220898,4C2C2F31AD82FA47ECD2C2E770551D33610CC5FE208EF8B5072C4029A3D68E28,827,1170,RGB
246,page-0246.png,226232,FA6F4E8E7D7557DD6A4F888E7C5C31FD1401C60C7E22C937A9D8050C0B8A7920,827,1170,RGB
247,page-0247.png,231709,A17068B41CED6B05DFDA4FD070BA27849592D062903F7FAFD7199C17CA2DB689,827,1170,RGB
248,page-0248.png,277228,43D063158A65EA95806EDD9FC4C17C1E70A5D6C529E6E44CBF856D579270DDC7,827,1170,RGB
249,page-0249.png,308978,9B9F6C5707E8AA49BA7770AF18C0C616D5960851A1172A35658336B3397E60F5,827,1170,RGB
250,page-0250.png,292754,6681F1DEC326412F037436696F478B97FCA617EF8440C6CC36DAE34A63C80D81,827,1170,RGB
251,page-0251.png,318418,35D40AEAC51E898E3A958C7CAD4DCCF93B1062B15F51B184B148B352C4763F80,827,1170,RGB
252,page-0252.png,291531,2055B419076789351A4F66AA837290883A912A88129A8C57F2BD5A7CAB985950,827,1170,RGB
253,page-0253.png,223797,11D7135EF06AD4C88976D53E8292BAF9BB0020263D2AC6BE5119BB2CBA2573B9,827,1170,RGB
254,page-0254.png,248795,D59B2A566E9860D7DF4C84BCD13B35AA5535D276E1BD317201611FE4B19C0971,827,1170,RGB
255,page-0255.png,224628,9FA0C67C8DBEC709702D2B104AA4D89783EC809B19B2317525EA0E0CCA765D86,827,1170,RGB
256,page-0256.png,213083,094E1430B20ABD75B04BB19F6B5EBBA4EF54DCA9DEABDEE955994F6E1AC2D0FA,827,1170,RGB
257,page-0257.png,208374,4CB11816B616735E5E70FFF71F7D30C66534008A9039266B12FA11BCC325DC02,827,1170,RGB
258,page-0258.png,191997,9853CF26501F6CB6B0F60A79B9DB19004044AEF771AD90B7AB5729FA3467E361,827,1170,RGB
259,page-0259.png,278026,7DB2B3EF43E886DC314F1AD20828E18CA3393E453DBF708C954159BDB2843900,827,1170,RGB
260,page-0260.png,289251,701B6F84E845F0EEBA0CC3DF8A76958BAF370CC6104ACFDB850F9C69A526943E,827,1170,RGB
261,page-0261.png,170960,2F1855033B22BC007BC84A17A17BDD95AA611042F77749CB734B753AF300E64E,827,1170,RGB
262,page-0262.png,231813,3B1A73E45DEDE559EFDBC64F5983CE12184021CA2CC626B5ACFA823A307DE74F,827,1170,RGB
263,page-0263.png,210348,C7B2328A010EC6CFB42DEDABCEE84ED906A69BCED041B4FCD8C25A88034E4FE9,827,1170,RGB
264,page-0264.png,208709,D510023EC488DEDBEAAAD3E6248A0C67F34FB28E70244DF7395357F8401F8DD0,827,1170,RGB
265,page-0265.png,189687,FFF8AAE7FE51863C81F78B4B1204CF3D2809124EE5C1FB3F66AAEC3A69E6BD58,827,1170,RGB
266,page-0266.png,230101,3DC5A6F8F729301C4186244B1D88197B4B43DF1464C3DE2D970B16BC3DFEE8F5,827,1170,RGB
267,page-0267.png,274749,09C4D68E61F556F6848590D946AD357227939A82049EA70D4400B6B4E374A4FE,827,1170,RGB
268,page-0268.png,277748,1477F4A44D30C08B760FCF5BFF7E9994EB6D07B55E68C86BD8221037BA6263AA,827,1170,RGB
269,page-0269.png,263547,F9B19E1149C4797917744BB99E52F40AB419578061CFBC2F2479158A8D54A1CC,827,1170,RGB
270,page-0270.png,255215,CF9A6A76299FC2B22B8EEEAF9DA5A8C89711CFDEC7F21E3DE538819DF78B2F4A,827,1170,RGB
271,page-0271.png,267528,36FFC792EBF50DCF883DE1EBCBE66B98ED2CBB40F5937A2E160DE730EADF2506,827,1170,RGB
272,page-0272.png,246078,0A193D82C25D9CE1FC95FE34093A242BB50A57EBF682DDE8B256AFC265ACD80F,827,1170,RGB
273,page-0273.png,227449,1322E19214BFDF193C294C38A3EAF35DBFD9B8C9F79E266977349F3422F1E2C1,827,1170,RGB
274,page-0274.png,293639,36A7F7958CFEB340123FB7ECA4EBC51AAD7A2C20C2983B30BF33CBC8E07ADD46,827,1170,RGB
275,page-0275.png,297738,D7FCA84240B10E84D66971DE9EC48007741A0DDE82E6E9FEC50E046D34CAE3E2,827,1170,RGB
276,page-0276.png,259698,14634A09A84D7BD71EE5DDAD8D7B28EDDFA9AB967F81B539C0E494A82163D6EF,827,1170,RGB
277,page-0277.png,293800,BB361EDC4E428D05D0691538C14D5B6FBBC6387EDA605BD859522379FB960C16,827,1170,RGB
278,page-0278.png,269919,6C458585320400E784605C8AB67FF55797A5067F9C40103FDB17511C46EE3C06,827,1170,RGB
279,page-0279.png,268656,6BD9C73B6BC08A908BCEE42EA3326CD6365F0E533AA8F760838A9DF208251035,827,1170,RGB
280,page-0280.png,208589,0C7C05FCD2622ED50F9B4D3BBF8960441185D318425EDA6EB552D8BFAB737992,827,1170,RGB
281,page-0281.png,200192,65A0075F7C3910BE6BD6E839AA9819EB3D2D38D2D4A8A919732D141F4D331D97,827,1170,RGB
282,page-0282.png,246887,EE6FB6C2228D47DDA2B813B8E87E9FD522EC99D69BC2AE1DCEE1AD573D9BCB50,827,1170,RGB
283,page-0283.png,366770,E62E3AB3330A78EFC410ECE0B55397FB6B4EA84C0FEFC0B85C28C37C5EB4589D,827,1170,RGB
284,page-0284.png,296758,6F94305DF52C585B7C2C94704019F797F57BDDA61AAC85A09F2CB05846FEEC60,827,1170,RGB
285,page-0285.png,335389,CF1E35508B85C30A8264A488F4D98E82666A342961D3C8B84F8537166FD70EDB,827,1170,RGB
286,page-0286.png,235028,AEE39902BC5F57C5A1BE6127DB4D91D797C6E46BDBB51D2EECB843FDD3A322DA,827,1170,RGB
287,page-0287.png,183021,3BBFB618FDC2FBC08D65EBF386F5870F82716CFB2E9483E722E788A9F21C082D,827,1170,RGB
288,page-0288.png,133572,CCC8C9F55983498AE2BD562D2FCA7338F028D0720D83BE61869E2D0DFEBFA374,827,1170,RGB
289,page-0289.png,291004,802A897DB8BC4B45C358B6134D91FBF7B286301CFD03AE6E3B086AEEF9D9937E,827,1170,RGB
290,page-0290.png,282070,F224E83497DE7B82AB8DDC38916B1103C8F7168C67D09FBDF0106DD77B8779CA,827,1170,RGB
291,page-0291.png,282991,E20018DB936028A1278B2DFBBF088C98404468E9C80395A4616B2CE1E738ABE6,827,1170,RGB
292,page-0292.png,293067,965A6AE7DC34862CB23FDA7A88430038C7BCC971662C63890AB7CDA45D83A1F5,827,1170,RGB
293,page-0293.png,288615,A53CBA77EAA5B223BD06E591D0D4C1FF2452E8720BB887F2170362FE42A9C162,827,1170,RGB
294,page-0294.png,320119,394F7558FFACDDF50A35200027773B5BBAA3D82E4A0F198483F6FEAE023F74F4,827,1170,RGB
295,page-0295.png,233168,1A4E04F80C08BE86C738205CB071F3AED17ED5C6D7503AB4BF02D9AC46A84180,827,1170,RGB
296,page-0296.png,149596,AAF8B7444C0184D5BB756D3F4F9DAF515BF77F8C04CC59E9BF362D36559CBB5D,827,1170,RGB
297,page-0297.png,272998,90CB3E51418AC8013A4125157BA32CACB3D29699B10A19A3BCC931A8375D4DDF,827,1170,RGB
298,page-0298.png,241030,D37E3896DB10F8DDEF0E6EB7F9ADBB575AEFF5DFA615F481400B9C1B5E26A4DC,827,1170,RGB
299,page-0299.png,292750,72D640CC8ADFAC1802BD43274F7230803757FD0D8FF9EAC03DFCAF0B1EC8479B,827,1170,RGB
300,page-0300.png,308146,ABC9BF7493AB50A6A47CFC06C2C12D88F462A65DE46D34AD037B28A0C16A02D4,827,1170,RGB
301,page-0301.png,313902,F740E6AB90F5406EA5068F9D5A6ACD71BD822F01E6EE7D1EBB3B63E54E0755C4,827,1170,RGB
302,page-0302.png,249901,99E322299AA1501B856D427389608787D1F0D48FCF8FD32EB1A83EA402AC66A3,827,1170,RGB
303,page-0303.png,282343,1CE141E61B969BE9C99EFFD652072FDEC9367571281D579E57AD3DEF540E8B4A,827,1170,RGB
304,page-0304.png,167563,F7AA0E55F88836D301ED4807B32D707A5604C84C19B154E61277E42E47BA6CE2,827,1170,RGB
305,page-0305.png,184768,C84D4835BE25FB10670530A61DCE50D0B22E6D16425BE1CB8DF3D00D27C13634,827,1170,RGB
306,page-0306.png,314845,528CF2254045B6D8742C8B3A9E5B2708A6FCD8BD97B66EB0B35397BBC3621B3A,827,1170,RGB
307,page-0307.png,277333,D3F775E76B06A8D86D8A8E76F88C59B5EB1EF362F6B897AFE931B99DA2843C30,827,1170,RGB
308,page-0308.png,268020,919E89179ED61BF64291D675509D86FD534162900FB60C67991E7474D2524D6C,827,1170,RGB
309,page-0309.png,300335,561DDE333CCBBB8332F83B0F6D9CF8A7AFA227FDB90F9D6D8BF9DA566A984130,827,1170,RGB
310,page-0310.png,312007,71E3E7C482EE278CC66861B3A7DF0280E302B1A7709ABEA1E85B775FFD72444F,827,1170,RGB
311,page-0311.png,330533,DF6597E4219915B879EEF43D854D5A3D2752EF1B87F683318EC1B5055D3533D1,827,1170,RGB
312,page-0312.png,288971,96263F6146891ECEE0FD25765BE67DABBE27C2219BAA6CEC61461F7C15AE331A,827,1170,RGB
313,page-0313.png,227944,D044FF5A75E5DBBB276CF1934E415A33DE495AEC82B14B1055A1D7A55092B931,827,1170,RGB
314,page-0314.png,289681,E5CD0FFD2E20AF0C0FB6E3E236C3BE449F2B703A54AE5D024E857C1A56DE5F25,827,1170,RGB
315,page-0315.png,301521,E4B4B618840EE3B7E5F395589E5E6E8B4C42ED2537A08E973C76FB55E3B2F466,827,1170,RGB
316,page-0316.png,248956,07DE132345A1EB26AD58EC4BDC0E676BBA2DFFF8498C00328E42E6ADCB04CA2E,827,1170,RGB
317,page-0317.png,320963,C0E84AF62BC742DBC2131BA16A82422F04DC9709950DEFE15D3C384CA88B41D7,827,1170,RGB
318,page-0318.png,297677,0AE74F4181B104EB84D7D7F86A5F377480B2433B0C58F8B79EA1882B35E49298,827,1170,RGB
319,page-0319.png,273469,A100B446B1A906619E41F99673CF8319E4646415DCD7248A0896871584FE57B8,827,1170,RGB
320,page-0320.png,371420,6F153511DB795D8D8542CEC4C33EDEEA8B2EB149765C3EFA390CEB565A1F19F5,827,1170,RGB
321,page-0321.png,340114,E8BEC90195CCF56E57ED3E928F778F5513C6C97327D0EEA5A13151CBF35EA36B,827,1170,RGB
322,page-0322.png,316813,0927203F54A73C573514511CCBA0FB6FAC7D6ED18B7954B31FA9CA3D8FB71974,827,1170,RGB
323,page-0323.png,265257,E2E8FBA7078B35F6A40DC04B7E9185EE3A19FE1272374D6C641B42DADDED86C1,827,1170,RGB
324,page-0324.png,251267,BC790BEE2684392122A3F147D6A8071F0F2BBD74050A54B815D34DEABD378B57,827,1170,RGB
325,page-0325.png,287167,F799D46D7A20D62FEA7E8CC6257ACD98CF579ED0C198DD32D774090CB81155CB,827,1170,RGB
326,page-0326.png,265288,E7A18806E06E0C16D84A2DAA05163AC2A53DB39A6742A964A167A9E97EC869F3,827,1170,RGB
327,page-0327.png,280760,12295FFA42ADF44093BB9C0036AEA97986E1CC49895790BEC9AB16283C6FEAAE,827,1170,RGB
328,page-0328.png,262659,B47BC481398C4E096179688FBC1056FF0A49FF9C9BE554F0A4136EDA6BA4C0ED,827,1170,RGB
329,page-0329.png,292314,99F7437B2DCC4A158D48D3574EDE23216EB16E82ED2D5A1A997FB5D5FD68A392,827,1170,RGB
330,page-0330.png,206605,CD4028573396C95F19DCA8F28E9D31ED56256FA887B023310BCD79AF45D1402B,827,1170,RGB
331,page-0331.png,141770,2EE5D6805C6FB011B1934C795804C61BE50B90D50FF799B2AF649B11BFAD3CF9,827,1170,RGB
332,page-0332.png,250213,36FC534F418E47829BF82FFD38340C4A095717D7F73F23BF5F820A05090C7751,827,1170,RGB
333,page-0333.png,298094,A9E30686C94F0CE85E6D680156A9260D14E7F69CD9509867C39307C69D0F573C,827,1170,RGB
334,page-0334.png,283621,55CBBE243A088A836FCEF7F9E4A570E3009FF14D3026939913E9DE31C8D1FABB,827,1170,RGB
335,page-0335.png,319905,ABDB29FBEDEB103D89A9D49583F483A5A2ABD515C745F1704749E9721312A978,827,1170,RGB
336,page-0336.png,249383,F68D4D282E38178F5D35CD2660655D962DC9051B3E1D291FB8702882EC31894D,827,1170,RGB
337,page-0337.png,311506,68A6F5155DF6BC23E5A5CB28D9A7B6959A4EFD122577289DA8D0BC7661BF9A9D,827,1170,RGB
338,page-0338.png,342855,4443359C2A9EAA1B6238B640AFE16F0A681846F5C121DBFB6A3947B1741BB6EE,827,1170,RGB
339,page-0339.png,331972,CA96E501E36660CCB82598D56B63ADC60038897588CC648921BAFC615C38BB55,827,1170,RGB
340,page-0340.png,335356,6C7F84D644AB1DF462ACA00E66D03A4D1153A841A398077A5EFF4A71ECA06BDF,827,1170,RGB
341,page-0341.png,321928,3890AB05CEBB122C222C49FCB8F04A5B1D9473A20D40C2BB71B26F1D182AC55B,827,1170,RGB
342,page-0342.png,253970,F1B69A8DED2D2B571F72CE1B92A9925F87F00563C03DABF9AF5E653B593A0547,827,1170,RGB
343,page-0343.png,258853,3859580AA8EFFC7BCFA2179F3EF54112BB69C05F60C0573229052E29395E7B91,827,1170,RGB
344,page-0344.png,282171,8C87C54A33BC017B8E6DEC451A94C637F2EC95BBBB75E15E04283D07A4061F85,827,1170,RGB
345,page-0345.png,310319,C8552CDF486817EAB3460A7235B083EED6E629A4948BA0DB713BD08AD18DEA9A,827,1170,RGB
346,page-0346.png,289582,FD8FAB0105FBAD130D90DAF78289EF3A619A5A8AF6BE0D5BB46CAB5CFE4DEEBF,827,1170,RGB
347,page-0347.png,200190,711FAE7A0350927A5A0764FDD8AE6C22437AC5F0F604BF5E7121FDB2B062ED21,827,1170,RGB
348,page-0348.png,304101,24C7B4B06F9B53B8DEFDC6B5D4ED8F8814A25B5F20E94547D50B99E10425755B,827,1170,RGB
349,page-0349.png,281432,A4E8E8957A328D541D5FF29701042F0B79FE5874C1F96286C6851C93EA0C3C80,827,1170,RGB
350,page-0350.png,317454,D0B6897492BEB44BE44BE02678D02D78B580500D6AA7FD8EF0047DB6E636CB24,827,1170,RGB
351,page-0351.png,272258,9E69603C0CB6EB5E6CFB84466F50EC17FAA70AECB89E0879B60A19B4C10A8857,827,1170,RGB
352,page-0352.png,278781,CC624F0EB8FC0C4B0B3C0C5F27C758C7E6D340A614FD30368E5A8C40102D6713,827,1170,RGB
353,page-0353.png,320343,2A813052FFFE168F426D6DDBAC7A6D1F5204A4C6D992CB7CE55677A511716B40,827,1170,RGB
354,page-0354.png,298865,B87A7B80760633C1C73D7DAE39056DB5D42B3707D3B5D153D2218ADB5A3BF90F,827,1170,RGB
355,page-0355.png,356547,CB92FB5EE0A71EBCAD504DC627E8AD28289E27C92EB210B5AB36E7A90E00EA9F,827,1170,RGB
356,page-0356.png,314058,E0443515DFB308BFB56F2D3206A0CEB3754D2C2C76437D494B6ECBA88FB243DD,827,1170,RGB
357,page-0357.png,301595,A41699BF693A7E404730705145C1D708FADD11A5C9D426831298F616F539AFD2,827,1170,RGB
358,page-0358.png,331987,E2C2638451864D1E986FA196D0880A9AB198F49EA492CCFA1CA181D801A4F895,827,1170,RGB
359,page-0359.png,315153,F33896B5D863BF0906DBD5962D83EDE325017362228DA77E638E47106DDA892A,827,1170,RGB
360,page-0360.png,302245,00CDC525315B3430DFCA868DA29BD230D4413FD233F2EE29005E3CFD3BEFE58B,827,1170,RGB
361,page-0361.png,47467,6E97C376520FE997DEEDD04D7EF0D797D55C4ECBA41A3277252473129AF9B3C0,827,1170,RGB
362,page-0362.png,268987,D0685198DE02AF943711E10A32284DD7A1ECC2AE08B93F0BE7EE87CDB9B4928D,827,1170,RGB
363,page-0363.png,285448,C18D5E6CFAB88558C2B687B6277A1E354131125A40E1BED39DE5C4972783701F,827,1170,RGB
364,page-0364.png,270250,ACFE630AA70FFB6300E41F772E602BA18744567967EBCA79FCEDC63F9CADEA20,827,1170,RGB
365,page-0365.png,341109,3FB89EBE54874C6F764AA45F787C45273224E05529B237070B805CD37FBB4F5E,827,1170,RGB
366,page-0366.png,282916,1C8866B841972D16A3FFF0B5044A45CDE9F8BDFF164C128248195FF5CD2A4D7D,827,1170,RGB
367,page-0367.png,337034,6F09CE1F6AEB3EAAE27FAB7E92112579F12D9AF5ADA13E083B5A1DD60270CC4D,827,1170,RGB
368,page-0368.png,207021,E1662CB03AAF33DAD1592D8AD5A64F121E5AC4B5A568AC32297A8683920A8417,827,1170,RGB
369,page-0369.png,266639,6D3EA32C4AE5529A76D82BEF6E79C0D43AD6FF7A1023AFC0EBC2459ABEBAF3AC,827,1170,RGB
370,page-0370.png,299823,197225BEFAF8A9CCB809E1C334CFE25A39946FA13A9C3450865703E68A4F5B5A,827,1170,RGB
371,page-0371.png,236876,F7C946F8D21E1152615932995F9890CBC381E168AC1468D37A6D7845079B049F,827,1170,RGB
372,page-0372.png,275384,4627E1E66B48DEA46701049C985BDB92DA5F620E79723716EAE83A0724F7889F,827,1170,RGB
373,page-0373.png,267844,9D0B2D4C8C13428BA1CA3EB01D3CFEDD0913CC9A0EF99317B1E1A834F4AE102C,827,1170,RGB
374,page-0374.png,180319,E233A6EE906A2740E2E6FC0581671107F05A4A7A55281426A6F54EC2EDF7779F,827,1170,RGB
375,page-0375.png,258258,7F6756E3A7FA74784FF3839C8E6FCA4F94B002591D2345CACB9CA3EB75ED4FFF,827,1170,RGB
376,page-0376.png,192785,6EEA9D5DC984B39A1A46C4A2075F5D9AEC5DA882E2A6D6C6DEBAEB6FB0F7698D,827,1170,RGB
377,page-0377.png,114349,F88A52BDFED0699BBEE4CFABF609474EA3201434C7A9D6254B34C47F16CC4827,827,1170,RGB
378,page-0378.png,176122,B03AAABDDA50AF1B7EA6D9FA1AFC672BF01F2636093A5AC46523283EB9ADAB37,827,1170,RGB
379,page-0379.png,181520,E8887A6B2591E732291037F991C92117445C63EE4A840790FAC0B6B3BEDA9EEF,827,1170,RGB
380,page-0380.png,238326,0BDF931FEE4A6642A13F54B67825556627297DCDA21B25A271D02AB132CE1371,827,1170,RGB
381,page-0381.png,239390,ED666538A9ADF0BD163982FEBD4BCA7DE3FD1723D568D6011D576642FDA38B6F,827,1170,RGB
382,page-0382.png,223185,F887E5CC789DCB5457ABADC21542AC9F756CE88F4A3C4BBF74B0428AAE323BF1,827,1170,RGB
383,page-0383.png,216105,9044AC19946EFC65A369EF53FEF5C507A862B12B320BD10A11B0341221DD1A40,827,1170,RGB
384,page-0384.png,276790,4146539FF213078E11F5657AC4BE0E519A255B89F6294282A27B09CE9BE9E0AF,827,1170,RGB
385,page-0385.png,234271,68B96D79A417703260F182CA3680A63D7857C0C040F0038D88CF5179EC06A490,827,1170,RGB
386,page-0386.png,287426,9DD20C330388DF48AE2677FCEC14B8B228DC422E6009AF31837454C595C8445D,827,1170,RGB
387,page-0387.png,216892,DCF36BD23388BB530E4797D1D7D2348E318C481900174DF814BCE077C3672641,827,1170,RGB
388,page-0388.png,202480,A7D49B6B7036405015D485FB76E6E251AA97C7CDAD8C812CDC9C9C13871C6153,827,1170,RGB
389,page-0389.png,175664,6C1484214A4146D0E5181ABFDB52E292BD1634FE342E57578C17087CDE4E66E0,827,1170,RGB
390,page-0390.png,235723,C1B6C9103AF4E8ED4E692F91817335A831B68651C199CA999879EA0424993FE1,827,1170,RGB
391,page-0391.png,229011,9744269BE18DEE22F44FEA7A481685EC82F5CE7E06A1CF90580885722BA3B72D,827,1170,RGB
392,page-0392.png,156798,86DAF8E737B5D5AB8189D9860E03E970E76931F99A167CA61743EC832DE778FD,827,1170,RGB
393,page-0393.png,244291,E55EB725318CF7D2DC86770B0DEBEECDCCF2CF32B2B7EE4104D4A7DE890A7B17,827,1170,RGB
394,page-0394.png,195733,FE31F7CC3B0371F45ECF460B10789F942F15EE85DCCAA763F4240950598C5CF4,827,1170,RGB
395,page-0395.png,271174,4AA6F8799C2A8193907E4C4AF9B65F6EC9F0ED27F0BBD5788D5FDB2AD7C6BFCA,827,1170,RGB
396,page-0396.png,279549,E56D40E14C4E452809DC20A11E8DF12C6E8F38339E9A66E68AD8B5F16E4AA162,827,1170,RGB
397,page-0397.png,127557,FC78DE97A3375BDF502DDDCA74CAC13781271BE38879A2249CBD27FFE909CF8B,827,1170,RGB
398,page-0398.png,135607,27DAB411E8E0B203B76E15FB7F2F6740D74980A02688B4C09A626C7AC4B8513B,827,1170,RGB
399,page-0399.png,324930,2E241847B231812FF3CBA0F0C2C974AD91682D73A3C405F5BF82C59C579CA4EC,827,1170,RGB
400,page-0400.png,254933,666CDBD1C52AC3314348A5626C9176548E6D1BC6DDFDFC4C5E9F405B6AE80482,827,1170,RGB
401,page-0401.png,195360,0D018009A89FA488A50B5B7A8BB860624B909DD9D704C4B5DA0E72A7AA1E5643,827,1170,RGB
402,page-0402.png,200036,9BF62AA8A246DD84C20EACE4F753C6704AC9FBE22551A835B443E6137521161F,827,1170,RGB
403,page-0403.png,224886,84EFA164C660332851877D88E7F61EBEE58B2734D420200B91DB5E48D0AF5EAA,827,1170,RGB
404,page-0404.png,224795,64CB3E37C0F9C92FA061E99F4CE5E1364AEC2A79DA09ACB2677517DA49DE2009,827,1170,RGB
405,page-0405.png,265264,E62C458EF3CBA22CD90390CBCE841CFC2291AD258F54DF7038B0A44DB0E99A96,827,1170,RGB
406,page-0406.png,290670,C203F45EB23DFD4786BFF4619FFA610425900FAA72A9ED691F484A1D04563698,827,1170,RGB
407,page-0407.png,181035,6141D47BFABCF3F36EE082772932E08F85E11C43B38D8EB0B68E4ABD9C810271,827,1170,RGB
408,page-0408.png,217356,1B59456D5A6A23BB39104759769B3C3AFDA8D1F6E8C1A153ED2D50F03DB0C078,827,1170,RGB
409,page-0409.png,266679,148E5122642B85AED364A1A63C0682B3EAFAF8E12889DF38801A9DC7A72C4594,827,1170,RGB
410,page-0410.png,247393,71908B473C8A49D323D8B1617B71B60300CA66576B1B7E6E4608DC4566374554,827,1170,RGB
411,page-0411.png,210070,DB44B90299CBAD21DD8E7F26EEF161C99C9C047CD9A754DE6905F492E87FE456,827,1170,RGB
412,page-0412.png,177088,BFC135E69958E4FABFDF136F6C571F1DA8000D54F8CFA22F4DBD560D004753D6,827,1170,RGB
413,page-0413.png,253143,D466CA944AE4E7DAABCF755CAF5F33AEE4FDA4C2AC706E97C6DFAC6ADE5532EB,827,1170,RGB
414,page-0414.png,287601,5E4DE842450A15C38D3EFC60A28C362E6CC0C14A85DCAB47F79C3C50863BDCAD,827,1170,RGB
415,page-0415.png,239951,FE4AC27EA3F682548740C1587E62B4BE4B8952AF34B3AEF01AAE0517C7076790,827,1170,RGB
416,page-0416.png,285857,0AB58F7FC42C9D1684DC540C9CFEACD3C257A5396BAAF6979781EFBA9F258538,827,1170,RGB
417,page-0417.png,274641,54F19B24B302CBF008477CBFC4948E643C5E29DCE1B118ABC30D6D94BADC8448,827,1170,RGB
418,page-0418.png,233367,1D73609B1863E55C04AA9A8F7A67B64E1F9A88EEC346CBA6AB37586C9F93FFF9,827,1170,RGB
419,page-0419.png,337036,74D5F4A4097B083AF6630BE1264EE6898ACB2C6F9AF090955F6858EC60024DC0,827,1170,RGB
420,page-0420.png,258727,0AC10E6AB4F5159A0AFEBD427353A02A83D46A7A3B0528B3C05A6FF562C4C735,827,1170,RGB
421,page-0421.png,286154,029F344E7C1237BD35510A5A6F30816898E53FB657835BFFC6808437D0A07915,827,1170,RGB
422,page-0422.png,258282,A0FC6826EA49C1CA2AA844C39424053B9E0197649BFE525403CB9E9BC4FC0470,827,1170,RGB
423,page-0423.png,279134,12584ACEAD566AC03A6EA3D2CE19A58636D9D0A35E696DE3D357DDF63FB04C15,827,1170,RGB
424,page-0424.png,299092,57AEF346F786115A960DF70D41349B22561F7E86881C3A9B4451C3A85EFA2ABE,827,1170,RGB
425,page-0425.png,170589,63000B51E750E169E072D4BE94D53EDD52B8846DA77DC8A8968AB325CE894FBF,827,1170,RGB
426,page-0426.png,265587,420AA94BAAABABBE0BC1420D831DD1CFEAF41621EDB4AED11D9C3309484E62FD,827,1170,RGB
427,page-0427.png,243703,49DB8AEF90F312733B77842DC3A23A36F4BE50ED9931DBD36FFAD6D7C466CB24,827,1170,RGB
428,page-0428.png,321495,C1314FB462424A4B320C30E7F58F97E706643524578A6E507F67CF94269717C0,827,1170,RGB
429,page-0429.png,241026,53CAED178DCBC70FBDF1B743CFE46D3BC5AF77D8C364D378DCCB9C3769A654A0,827,1170,RGB
430,page-0430.png,259662,4D63BEDE0EFDA55E4F5759AE6E2C353EF565EFD9A91AD1213FBB10AF615D3576,827,1170,RGB
431,page-0431.png,222416,7B087A7A81A2F27AE88F220CB43AEA40E0B3C800B9B74B412668CAF5AAE0D54D,827,1170,RGB
432,page-0432.png,196092,E1C1CA1C04E683BD83D99A8D93A2C9C6E824E373763F545CB9A0CE0FCE719513,827,1170,RGB
433,page-0433.png,240788,E92DDB2185CCE68AFF74B67B384603591B5EDFAAF19F882EE48B5548368CE0F7,827,1170,RGB
434,page-0434.png,254898,4CF8B75E23F73009E5968A9F9B30257816209756F28084D9FC210B7890F37204,827,1170,RGB
435,page-0435.png,209968,DC01E4D444ACD2F6CCA217B1484AE60DB68A607F0DA3A88BBF609C587B74A0C8,827,1170,RGB
436,page-0436.png,221963,BA5145EE6A5EFAC2954B518603AABF7E111D8C3AB4448C2D943F6AF2CBF06415,827,1170,RGB
437,page-0437.png,247342,E2C3F07DECD0F35DADB0B2924B973F818D3D996AD6601823C3A66B3028D14A5C,827,1170,RGB
438,page-0438.png,316687,A1299228ED609DCC8D46658AD674699517C80FB5902E46A5E6EF74B6020E7783,827,1170,RGB
439,page-0439.png,263002,62FCBC114F0558D6163A52492A4B4E44B1C8DB821840E66831243B5EF01115BB,827,1170,RGB
440,page-0440.png,178937,09F01DCC6347C7B35BC8A566DDECFAB69A9B6FECE2049EF15A3C956A2DA0878E,827,1170,RGB
441,page-0441.png,220746,8737C0FA04249143E7A854F74F5BA75B3762F14054353B34598AD60C655A595F,827,1170,RGB
442,page-0442.png,260773,D8251A59CE5BF44D8383B3410A2BA48A90FE14B76596E1028EE0D201DF4FC1B2,827,1170,RGB
443,page-0443.png,245869,4D1397FC7E3ACE67D780745CBAE7DB8AA81E361731F43A94877198F62CA38B63,827,1170,RGB
444,page-0444.png,316256,CA55CD1B07D6B48C5DE5F6414F5188A4BBA2F06ED92649DCC89974CB50CF737F,827,1170,RGB
445,page-0445.png,385689,BC3EFA32FC3B565C505FFFAFC6AD5A450EAC3404C742F41EACBF4A3DF02E9895,827,1170,RGB
446,page-0446.png,274406,15CA08E356AC350B141AE21F8854091CA560706A8B5256CC94A6151946C3BEF1,827,1170,RGB
447,page-0447.png,238020,647C286496904732243890D2AE7ED6A22FCC5AE6AF0F6403734744A91B599E3C,827,1170,RGB
448,page-0448.png,280306,6CD394596612FB9CB177CE5A2D79D44E648D60A9F0BB4DB41DD34A0DB0C093AB,827,1170,RGB
449,page-0449.png,289300,1BD923FC842EFB15E17DD96D1FE8239B426CE69296B3456D763EA87B8C04A834,827,1170,RGB
450,page-0450.png,220300,A89FABB2A4993FA7DA99F2908CBCAC1A9923AA756283D3B3F2ECD173A60713A3,827,1170,RGB
451,page-0451.png,225321,B24A279ACE223AA88E32D34F617B4AAFA90908FE4BC1AA753441C1FE50BEFDE8,827,1170,RGB
452,page-0452.png,214630,2C6E697727E7B8B696778644B7D9E5B975135E80A30869A29489A4AB244FBCB2,827,1170,RGB
453,page-0453.png,164629,BA6D380FC424FFBDCB159904CDA42288E798E146E7A915EDEE687C01598F802D,827,1170,RGB
454,page-0454.png,178463,7D6BA84567BB1C08537EED4532872A4B78D0785223B8AE912447949B60406D96,827,1170,RGB
455,page-0455.png,226202,DB9F4D994DE0842C0203254CD4DFB7D2D1AD2E0B94CA0A97A986D4AA57B7E055,827,1170,RGB
456,page-0456.png,237134,FCBBF635D7F83FB25E523DDCBF48415A4D59C6EEC925F1C10B0D6E9FE9BD5C2D,827,1170,RGB
457,page-0457.png,233470,B132BD547019DEA69045D726542FD6A21D4C658109FFC58092018B1E68A46512,827,1170,RGB
458,page-0458.png,346681,53AE8A4004CDA12403B99AF33A2B41973F01F948C4F8BC18890CF58DC0D1A1A5,827,1170,RGB
459,page-0459.png,225975,BB54BDDF75582B351910BC5DCB2DADCE938FD74CE5D49505FBEBB0B74029B181,827,1170,RGB
460,page-0460.png,251884,9BC6EC3C8B2475845AC1ECD1D69EBCCEBA161AEC2D369492AB7B999D3D4C0839,827,1170,RGB
461,page-0461.png,271544,FA06CD0A694805292872FCC19103E11DA5A13A4474EB52C6328718886BD06B56,827,1170,RGB
462,page-0462.png,291742,B65A3296E6F0E1DBB3D8572A6A65F6C0124CECA4ECD2BD489F4A8DC9E82EAF06,827,1170,RGB
463,page-0463.png,202556,699712FE2D5A5010FD6AA641376FF56C5975B943097AE81B39E38EB4E2C2217C,827,1170,RGB
464,page-0464.png,286040,83A2EE154BAEC070AA98C93974A4486BD128D5F479750A1E8621F89ED4539544,827,1170,RGB
465,page-0465.png,272209,1E1599DD3B35E898AC9B940355E18AC88A0E5737F9A0F54D70AD993291E26861,827,1170,RGB
466,page-0466.png,277856,B53D33ED61CC7834B5DB8A7014238751B89F5786381F5546BA0F059D5B7E7B5F,827,1170,RGB
467,page-0467.png,158938,416596A724C5B959E52006EE6ECFE128FE917FE948C3F2EC3EAB66ADF9A82318,827,1170,RGB
468,page-0468.png,230805,751C4FAE7B9B5461B9CC8E943841E9D97C40A561AC7003E56D9BC77AB5561BF7,827,1170,RGB
469,page-0469.png,264067,63BB8C900DA8FCD1E4DC60E5A981301547296300FFA084D83EC119FA21905514,827,1170,RGB
470,page-0470.png,274618,0A5E6B4033E6893F4501D30D7309F028314C2B4ED27AEE6B39F921651EED1C71,827,1170,RGB
471,page-0471.png,264664,8CE262495FEC574E469F28AC5BE1A5B515B4C884DA9836EA0E8343DA1B6E3E15,827,1170,RGB
472,page-0472.png,285231,B70E6AFEE1D7E0960DB8E56FE7A4994B842FBA1034F514EE9C5F76B1C589CA01,827,1170,RGB
473,page-0473.png,255085,07C7132B9CF4FF20F57E780358ADB410FF4BD04409077948234ECAF09AE719DD,827,1170,RGB
474,page-0474.png,270374,22433194F0610976133D39AB7F673C2DB83BD37EEF645342D8B22555279DA603,827,1170,RGB
475,page-0475.png,265357,E7740BD79D3ED194F41CE80F9C066859ADB02F051081F2C9C875F8A79D4C2DAD,827,1170,RGB
476,page-0476.png,299531,9FFE24751FAD8B269583694BC862F2279B6D9239B84392AB90E34E535CC12C82,827,1170,RGB
477,page-0477.png,290117,9D0644772E6B5C8B87E1CB1C387D6D71CE0D449085080F037D9322DCE6BCBDA1,827,1170,RGB
478,page-0478.png,268066,EE43E19F5D2268561DC19B3A8B93D1DFC59E3B65BADBAF60E29E0E5071C1230A,827,1170,RGB
479,page-0479.png,230167,133947121E102148C50B0D400DDDA322488B2D59F414F6D85A62FA655D4498C8,827,1170,RGB
480,page-0480.png,292759,4CCECC4CC17A4CE348A47B2F15F917553E63480F91A83B5E8BE26791D5962F0D,827,1170,RGB
481,page-0481.png,238647,80E219519F533460F4C2D6E654FA0D565D804E26BECA7709300FB58A9A797CD9,827,1170,RGB
482,page-0482.png,204606,3FDD574024DEC596FDAEC9EAE720932C7D41B7DD803149B35B35463F8E1A6EDD,827,1170,RGB
483,page-0483.png,238975,94BBE3FAF924F031CFBF383B1C49B844794F93D6DD8F373130A51B86E4394105,827,1170,RGB
484,page-0484.png,244427,442CD6D51934C8AF681E12FE7B92DCE3529D57B273EA44086885A5F5C2786219,827,1170,RGB
485,page-0485.png,189355,01A8ABE3FC3A785628E194258003F0DEB23AC821CA9F67DA55F78CFBD2EB9466,827,1170,RGB
486,page-0486.png,247131,88E087D7041713883E1252FFD786155255435188588231C263C15DC21796114F,827,1170,RGB
487,page-0487.png,234763,D486742513611A5FBFD97864CEEDA97AF500CDA76A0FDC01435F56A89351F29C,827,1170,RGB
488,page-0488.png,323461,5E941AE78005C38C9DAB1A1B06DE137CABF00AB871F4A062F2134476D47C68B8,827,1170,RGB
489,page-0489.png,277734,D32D6ED2DB1798737CA11BED0DB4FAB37D0C46CE64D639A40EFBAA221315C8E2,827,1170,RGB
490,page-0490.png,255597,43F897BE22C49B1F99AEFD6405AE146C6745B2D36ECD744F1EFAEBA9F73FD526,827,1170,RGB
491,page-0491.png,292124,CA1F9ADCD05CBDC7EB77D0A469EDB8C270C808DBED581217B9D4C021FCBC74AE,827,1170,RGB
492,page-0492.png,204399,34BD0EB43F958CEC93E99F5872E610B88E1BB461238BE0520EA23D4B03B72D98,827,1170,RGB
493,page-0493.png,345778,F25D87B377666D571171C781B032B60718D5E43B8DE88D16A5C89FAA5A23A675,827,1170,RGB
494,page-0494.png,235668,53F63268163A952BE1D3C0529D68DA554DA8D9B7881B98C2374EF17FAC695AC8,827,1170,RGB
495,page-0495.png,213842,EC2077E8CAA20FD505AE154EB52D0DFBBB4BDF5ADD8B597A4F51FAB9990C90C8,827,1170,RGB
496,page-0496.png,238770,EB94F96332B67542846E2624EB554433BE36769AF37A0DEA850DA3EE65C20579,827,1170,RGB
497,page-0497.png,254582,593055212D31B88A2024B4FFE03B40F384895FFE3CCBA9887CA1CACF2E8A5FF0,827,1170,RGB
498,page-0498.png,329746,164EB431FCE8607C4134CC5C174E32673F9F0492CA89DF929E07465D49D57286,827,1170,RGB
499,page-0499.png,275528,AAAFDF4D2D64D7731439FC3BC5016F1B919360D5F09CD2CDD93F7A7840C8B1A7,827,1170,RGB
500,page-0500.png,220052,EA0F06B4C5DE1D21FF2693EA31018D31101A30BA18C6516C4285DF261FC0C6C6,827,1170,RGB
501,page-0501.png,178763,69B6CDF4AAAD0FA7EFD4A72A622035EB49E2B2D8A49319005E3D09B8909F1D72,827,1170,RGB
502,page-0502.png,270642,8DEFE63168D2AFA4E44B3A8A6974006860FBF6085ACBA27AAC0B1488349E8ADC,827,1170,RGB
503,page-0503.png,235874,172EBFD3965DAE1B57F74023D3C921BA5ADFFFCA9DEEEFA6FAFDE090BAE28964,827,1170,RGB
504,page-0504.png,298760,3FB36BFE230BCEAAAF20FDC4F144D3D23D38A92D4C51D0E9A25410D11885C284,827,1170,RGB
505,page-0505.png,199380,2807F2C9BDEF063F9FA1835A0F3DF04856DF824361CFA9AE1AD545A111834118,827,1170,RGB
506,page-0506.png,275095,8E7AD72143C3C9D0016AF00A9664BD5462A09D35263E7AA68D3E3406C732760E,827,1170,RGB
507,page-0507.png,241863,E37A04BB3441BB16A25C456E320C479272180470577136761340EFE5CB9A1CF7,827,1170,RGB
508,page-0508.png,234391,9BFC9A43B92CF367FA97420B6278060FF1DDBB0EEE4EEF6142A597D5E13AF0AC,827,1170,RGB
509,page-0509.png,246299,A30729AE2C4F7F43A3B01A741DF2F4CF8B350A0C7FB1A2F4B12A3C28F16EBE67,827,1170,RGB
510,page-0510.png,304189,355C7726665C6BEFD7BFDB26A432BC26098A10A330A742096A3367536FF3CB9D,827,1170,RGB
511,page-0511.png,252240,A4D22D42B5E7E8AAB47DC0726A3B8BFF787E91D16810B4DD1D6333BA6C9500C4,827,1170,RGB
512,page-0512.png,246294,03A66C321C9434DBBF5326568233FCC193C2F3FFD1C83D628BD416278DD257F2,827,1170,RGB
513,page-0513.png,248988,22AB55F0E2A90A61253BAB269E4A875C884AF863C895EEECC6A45D0680CB078F,827,1170,RGB
514,page-0514.png,294630,2151849D5F9469A51A75322F9372005516A7CBEC3EC5D2C2814EDB4310782FB3,827,1170,RGB
515,page-0515.png,244289,5DD0DD82E60E3A29B655E54C3E77DFC0A42C1109BC67D6638E6D6B30D9C04F27,827,1170,RGB
516,page-0516.png,216456,05A48F3E317A9F2D3F0CC0505220AE973E0B1D5C0A6419B4A037BC6FE48EDEB2,827,1170,RGB
517,page-0517.png,256928,94009CCD34318EDB604B9D33C72A629A305A1A9A0FC2D4BE648C869163F692ED,827,1170,RGB
518,page-0518.png,295939,7B4ED4EBD97D803321486BD7DF13EFB49146188B9E3AA3D623DF5B9CADD07C92,827,1170,RGB
519,page-0519.png,276411,256F7741208F0AD99403C7D0D502446275F47EAB6644B73B3B042223E56D7159,827,1170,RGB
520,page-0520.png,269105,3F8D274EF0A3C393729CAD95D4C9390FD60456E72E922196BEC0680BD8255DF6,827,1170,RGB
521,page-0521.png,256816,46A86908D84A21BA30A07D33A14F0000109E3F143ADDF6BC9A4FDA84318D09D1,827,1170,RGB
522,page-0522.png,217887,1C1FC0CA9DA7C570946AB4DAD961D3F3A57B67CEC3BB811397E223591AB74030,827,1170,RGB
523,page-0523.png,242180,87675B362186B1E1BDF36B391C25023BAF76E48AE8A8B523B1D9BA8B1A2057E2,827,1170,RGB
524,page-0524.png,198566,D40627A0972608204C4E418AFA9756E349CB574D3C114CB73086BC625D51EB78,827,1170,RGB
525,page-0525.png,253649,8D9CF9EB2C228A175036E5D6D216EC76734DCC949B315E6A87F3A8F3FFA1BC28,827,1170,RGB
526,page-0526.png,215118,7D21ECE1A09B9FFF9F9F41EFBF15915046AECDD4A3B71FFC15D4410CC35D4384,827,1170,RGB
527,page-0527.png,251021,A77BA2179F09BBA7C7A4C74ABAF5366E3109272B18FA226023154450CFC0D4B1,827,1170,RGB
528,page-0528.png,210638,50328CB6AB93D438FDF720CD3013452702D9889039784DD9FBD7DB427D229F51,827,1170,RGB
529,page-0529.png,257881,5987751D3904A10D0BB686B8EC39F3A4F28D8EF07B09D6B94327178DB6BAB32F,827,1170,RGB
530,page-0530.png,228611,BF61A462B780A0716A70183047E57681E0B34F0FBAB1F7836F50719464495DE6,827,1170,RGB
531,page-0531.png,143639,252DFB414B68B9D9D4DBEA851FAA1380EA22806B29185FAE90371E7997E62D76,827,1170,RGB
532,page-0532.png,177815,9121A7F31832B32861D24B1E08AFE4462C170F764505BAA905C29434EE3DA98D,827,1170,RGB
533,page-0533.png,112453,1840343F3C27738CC43CD4F18BE1EC2506BE8D9EDEC13E19B8750BEBC683CE8E,827,1170,RGB
534,page-0534.png,287840,1DC6FE8C423FB8B7EE76B76D501C33AB83ACBB8A9F1DF36C787C9EE6381BBBDD,827,1170,RGB
535,page-0535.png,259443,0E797FCF705532E955AED9B403CF89CF9F00F2689B513A8E54696F9FC5FC7D12,827,1170,RGB
536,page-0536.png,207049,4BECEAE706D7AD29FDAAE24CF4035EA8DC821B3BE609CC980C46914DA18AD159,827,1170,RGB
537,page-0537.png,253338,34C7EDEFAB9ADDC674F95E770DA33DBF21FD03B9B82E8679C353907CA8334314,827,1170,RGB
538,page-0538.png,279328,3FD93174A15BBE4913A59AB7A0BB808F44358043FE3AFC3AF1EC5DE68CBB5CC8,827,1170,RGB
539,page-0539.png,265649,13E18FED5BBBEA71E2D76637955C0C88B3B75968A9C6C5143B4CEC7C2E3832B3,827,1170,RGB
540,page-0540.png,231059,A4CAECBE17193CC77DE3DF2256A3C2095BF6FDB36612296B037893A7B3A56A13,827,1170,RGB
541,page-0541.png,241618,5263310E66678CBDB580AA9AB97A540DE262EAAA334ACDAEE8E4E31F1ED1642B,827,1170,RGB
542,page-0542.png,234600,7469C55CCDB29459EAA0BD3E442D1273EEB2C33551C490CFF342733A8C76A834,827,1170,RGB
543,page-0543.png,234978,E6AF16CEA02A52D9474C3539A726BBAAE5BA1B0BD47A8256DB8582C3087F418F,827,1170,RGB
544,page-0544.png,238786,D0957FDDC5A7233A1C015B16E1F95728D616ADF385B6AE4F7C7A33E8D029CB45,827,1170,RGB
545,page-0545.png,257489,A83A24CA9409B4D246D8FCF3A35345884E5E2BDC293F9A726CDED0A804291B0D,827,1170,RGB
546,page-0546.png,271391,39E82C55E29232E6E786C12E14D6CBA42991920E496FC6CE4D4B8DB6164357A7,827,1170,RGB
547,page-0547.png,240847,16121877571F0058B222DF90153DBFBABE5E7CA7645D051EF9C488DB05FB62E7,827,1170,RGB
548,page-0548.png,262772,B8ED7D3EF1F8B3A722FBEC7AB77BC5F1BF86DCAD712B6E906687762636A0D8A6,827,1170,RGB
549,page-0549.png,215182,700171436B211004A513C3C46241A0DF0787CA45BB2C0786C9630C4A7D69BF58,827,1170,RGB
550,page-0550.png,237811,40034CD6EFA728421803C80BDF4A226BB468D4E5707BDE352CD60CE440930B0C,827,1170,RGB
551,page-0551.png,220278,D3C2DD181E84B00559D64767938B524B9D3804B28007BF247B17C2C901E3FA35,827,1170,RGB
552,page-0552.png,283323,6932FC1F541E681B3D9794F079DF5A6E3D66C3C8B2E97BBD8BA3534E39BE55BE,827,1170,RGB
553,page-0553.png,258737,FBEA6C29AC4319767B1D00A35489797C4A2D21DB7D2A296E06A7827555BCA16F,827,1170,RGB
554,page-0554.png,206071,05765B8A830EE5A920FA6D90B83DA3985DFD64AC8C38D2386180D3AC9AF2698D,827,1170,RGB
555,page-0555.png,243645,3C9B92ACAE3F8C4FA9A5B46AEF5FA2493E4AB1A26EF3256F9B984063C1ADF485,827,1170,RGB
556,page-0556.png,267931,8450C070A285406A9F8FE80E8F7F0B4C2D39424CC7585E8E1BC784D819E5FA2E,827,1170,RGB
557,page-0557.png,256083,D3C1B7DE6D5F49BD504D13D4DE1BC981D0D7460F4F3EC2AC3BC4F26A0C661EE8,827,1170,RGB
558,page-0558.png,301604,86B089804FC2AA7D749608224D4CAAA0290075C39812C8F377FF60244615EC07,827,1170,RGB
559,page-0559.png,288135,8776482695C74424A9E71CF8C8F337F8F202D5DCE47B445804BF5D589B4224DC,827,1170,RGB
560,page-0560.png,241437,FF507A6142A90DF2C00FA015BF283E0CC0DEE3E669CCA1C6C7BA0CCEF1BC10F2,827,1170,RGB
561,page-0561.png,262851,B5F4A55429584C5A7EFB3DFB2EFFCAFBF46FBB5288AF54F14F45196E3AD2FB58,827,1170,RGB
562,page-0562.png,232126,B72F5117FB4364E482CDDE0D7C113C806C9A5CBD3FE2D9980F1578DBA5BF5461,827,1170,RGB
563,page-0563.png,258581,4F48D8BB2CCE85AF4BB4447D5E6ACB16D3B0A51190C895E5BDC9A11536E52B8D,827,1170,RGB
564,page-0564.png,288519,B2D1F3262BE9433E305422BC8BF9362B622F913FEAE6590BB41930C5741421D3,827,1170,RGB
565,page-0565.png,228106,C43D2256062F4A5E5D1D2AF773DA254068556EC6FF88C452FFFB4114DAB8BF98,827,1170,RGB
566,page-0566.png,223080,1DAECFB86D60AD81AF953599F53F893630028AE25A3BDE30DC82DAB02C79FC84,827,1170,RGB
567,page-0567.png,304429,212407DD2D31C17C772241AEF0996FCD10ADAAE5DE023342B841EBD3D1A10C40,827,1170,RGB
568,page-0568.png,281009,CF50FC51C3D9791E26C9207541F750AB455871D7E71118A87D70902E443771DD,827,1170,RGB
569,page-0569.png,187467,2BAED725F89508F33DAF9A3FC210513E4FB3D10B9845683236874A4EF329D17B,827,1170,RGB
570,page-0570.png,333825,3CFBB91E305970C044F15DD1A7F5028386FFD1F368E55E96D3DDF1CFFDC3C108,827,1170,RGB
571,page-0571.png,309686,96C2931F6F09E93E74958EB7DDB1CA45DC8FD5A1F7A29A0B4EA9A93CD5B53DCC,827,1170,RGB
572,page-0572.png,205093,899C4C13A672F9E3A738BBA7026CE0CBA2B48C8CC1CEADF31F7BA7C538027F87,827,1170,RGB
573,page-0573.png,268559,3D63CDEA381B7714F3FFDC7B5998C89017E9FDF7CD1F748F7EF98638D48E3329,827,1170,RGB
574,page-0574.png,197924,31CC56DC88BF5CC28D6F38958DA67BBDC205FE480BC618627403723A8E512227,827,1170,RGB
575,page-0575.png,245850,4978911A53F4D509EFA0401BD5D2E6D0BD0CF4FE518A4D5AEFC0BC45182BBE03,827,1170,RGB
576,page-0576.png,215678,9C2FC7051D2727EB7EFC94990374255E0EEF3FBA0F6C6852FC7AAAE21F004C4C,827,1170,RGB
577,page-0577.png,246170,4FA890214BD76C6E13C3E547FA79C160C02892853FEBFB4C661C787D61C018A8,827,1170,RGB
578,page-0578.png,277722,E343580F1DB92FBFBDB60D6D072DEC60E2D24AE7DBAEA9796D2DC0B854B28F62,827,1170,RGB
579,page-0579.png,239191,38C694DD89B0FFA010EAAD5A188714D8B25F58AB5B9CE9AAB478F06E2FA1C81F,827,1170,RGB
580,page-0580.png,218059,683B94F009CAA8FF753F2682B2AA71597D0F68C55BE772C70FF11EE83410F2C7,827,1170,RGB
581,page-0581.png,208354,E6DE02D134E6A10040CA0793D63CBBEECB1AF79BA04CA64C5D67079B4D54B4D0,827,1170,RGB
582,page-0582.png,228535,7E5C8C2C835F7B34578A04060CFC08D116CC99BF4598EF932C70ADFC9F3059E2,827,1170,RGB
583,page-0583.png,178850,A5F22F0262B59DBDECBFC9B5C056F832169E70443B5DF6CC22B9AE1F4FFF648B,827,1170,RGB
584,page-0584.png,220010,DF5A5308AEF7C00BF66446EAD1E37B46F1D507E80D1908402D8CFECE9B15F4A3,827,1170,RGB
585,page-0585.png,256111,E42F038294F5EF25E60FA3EB0B93EBA4E289D59C0E87E1CFBD1F59A4C498D677,827,1170,RGB
586,page-0586.png,175501,AB442091B0FB46D53FF946DAA67E8C43FE7625C924B1D3214C7D7BD7AD379198,827,1170,RGB
587,page-0587.png,10540,45525ED115F66AAF0CA4FA89D932407298BB5418E608B302A634A7319D7BD5EA,827,1170,RGB
588,page-0588.png,314161,8F284C40A97993E091684D5CD9913669BE3B01DAAD65C6D67CC344F9D2D2A9BA,827,1170,RGB
589,page-0589.png,284507,DE99ADBE2205C450C8D4566DF0DEB9764321B055BF5CFF341A567359F4F41EE0,827,1170,RGB
590,page-0590.png,299607,FD479D93E306F241E0A6924D1E1279A54A8DB515A3B4A42BF8975D0945715E9C,827,1170,RGB
591,page-0591.png,309522,36AC57C6AAA0DA292C8D6F17C83F85EB0FB51D7173620F66388C3F6C8F1F2A38,827,1170,RGB
592,page-0592.png,267762,D652329AD95A3FE9C4D829783634FB148E428750C26AF5742C3A2F1C7455766D,827,1170,RGB
593,page-0593.png,263478,881A9C170CDC3CDF95177A4A9D4D0842207DBBE0E9E68F89B246C4357218C68A,827,1170,RGB
594,page-0594.png,264414,D5B2CC350E0BF917F298574A0C248640914C59B2C182C4385DDA24A51D57EF9B,827,1170,RGB
595,page-0595.png,315595,4131866CB6637134C2E1492327B8368A2DC5DABC041F1848BADA51ABAE769FB0,827,1170,RGB
596,page-0596.png,269046,B4C9DE76C6B630F64B78EEC32D8E141A92920F05365E7C2E4314FA2CD7AE4F02,827,1170,RGB
597,page-0597.png,274850,DFDD469971DA05AB96F4C24C1ECB4006FAC0E4D8AA8CF7881741357FF453CC05,827,1170,RGB
598,page-0598.png,233655,FAB223AB01A18FA884F90C265CE826D4D1E71B0F15E1656E815BD64E78A91187,827,1170,RGB
599,page-0599.png,213537,91CB22CEC02EE094B6883CC1C3B265E95BA0054AC52EF26CA77053C419A802AE,827,1170,RGB
600,page-0600.png,253022,869AC25774252E2067889CF72EDFECE0E269D8BFB7C79A018DF7DFDBFECFE988,827,1170,RGB
601,page-0601.png,225392,2C55A74B11E9AD77E539E01B2026FB3D16ED5AADFBC44D2F03738AAD36E3CE49,827,1170,RGB
602,page-0602.png,262155,8143A6E9C817D2920E93972C271A7D8B1EC50343B8114238794B2C603D374B11,827,1170,RGB
603,page-0603.png,300383,D5CA94F8AFF09E75072E47385C15D89B034AB821DB73E191473720DB7D0A30F1,827,1170,RGB
604,page-0604.png,290280,0A68B82D6F1C28790236FC1D75675E44749AE9CD8391AAD71A7E1A1412895507,827,1170,RGB
605,page-0605.png,238072,7852C53D3239FDDDA8C29024C211C3B2AB137E1F6799D0417831941C9CB5B363,827,1170,RGB
606,page-0606.png,261817,6FB84C1DBEF009E6612115C55B1551051310E5491877C5D12493FEA25BC62D49,827,1170,RGB
607,page-0607.png,268560,9AE1B0F9C0EB1D80D9D97C120376DDD62DBC915810843CD7F2070AD6617ABDC4,827,1170,RGB
608,page-0608.png,371527,9A15DE2EE49565289860AFBB0CADC0A30153A68C29079C5FC0EC92D6873CF119,827,1170,RGB
609,page-0609.png,286665,959FC76A1C5B0ABEAE28CBC7D6C469FD3E05B78B86A96F366A019B2FA22240B9,827,1170,RGB
610,page-0610.png,223798,65B3C57A2CC81CB25AABFC1794E3DCF0A9E67C9D283976B11BD3DCCAD36B371D,827,1170,RGB
611,page-0611.png,307085,6600FC7F6862396A0BE1329FDBAFA938B486DB5B9D0AC8437A0AF942ED48E767,827,1170,RGB
612,page-0612.png,279414,6973440B19502F82977C119C9055BA73D6171A8DDD0293F4B6715C634A0E09E3,827,1170,RGB
613,page-0613.png,244894,816086E43E1759CFED572B0BE62F689EDA99E9DCACA02586EC69E3F2F1F0ECA1,827,1170,RGB
614,page-0614.png,319226,630ECAFD4AC282ABF18FDD042E6ADB4AEA486AC0C82B796C5206F72EDA65367B,827,1170,RGB
615,page-0615.png,272048,43B6F5F68170AB39E768FBA9C9E88D96D0013D23C3C92B9FF459AA8D496CC30C,827,1170,RGB
616,page-0616.png,308541,CDA2AEABA464AFFA7B4FF9B5239574808D19C24D8CB0C5200D9E62A5357AF3CD,827,1170,RGB
617,page-0617.png,272810,C408C424F07A10EF68E606181063525227D10E8C3B615770D4918FFB187C203B,827,1170,RGB
618,page-0618.png,270762,191C20ABB387E6429323032A8F6337E4732AFCF5C0D3D96BDB5026DC18E39BF9,827,1170,RGB
619,page-0619.png,280163,7F6C86FC5B3536CBED7DF41664EAED979E0CCFA2B8DCAC479326407183280FFA,827,1170,RGB
620,page-0620.png,232602,18CB735F99E9E8187D9D95572B8A2533009D15D8613D4E345211F14140330D7D,827,1170,RGB
621,page-0621.png,332182,FA4011653AD3B68DC66B4B204D240E212E973C88938E555156180A12AF102396,827,1170,RGB
622,page-0622.png,269450,12903D9EAE872017D4B9D4B581FD2EDFE0B35045E615715921B680B3EF055AA5,827,1170,RGB
623,page-0623.png,285197,B396E634DC98D008B341482039EB8F475133E91E28D0FC408514F300563AF7DF,827,1170,RGB
624,page-0624.png,254692,1BBCF5E1BD124D8B10CC18618D2E7E42BD9DCC7A23538DFDE853E42EAC8E877C,827,1170,RGB
625,page-0625.png,319181,6EB6CBE489D9958F4F80E5EDD5C8B6E8926E738CC40EF23EB3B2DA21BAE788B8,827,1170,RGB
626,page-0626.png,294272,73C60BA1F222DE04AA329815E8D35947948CAD39BC003A65D9D7E2E5BB81BB85,827,1170,RGB
627,page-0627.png,307430,582908958A16E8372BC0EE5AD9F5249BA2C6598AA4DE4A410BA950F4B36E2B58,827,1170,RGB
628,page-0628.png,257262,AFBAFA6FEE6B443AF1CC8548717E94AB20AFBE451BDDA8B42AE67F416DD1C62C,827,1170,RGB
629,page-0629.png,317193,2460F94E6BCB02CCD05F39224B9CD8F5F7EC06D44B6C1DA0985AFA68E55E00A9,827,1170,RGB
630,page-0630.png,203062,2A9F8176AEB8D449F7530BC424C2B6136EBF7E560F1C4BB0097CB567C76D8936,827,1170,RGB
631,page-0631.png,273116,1C0C8CF29F453F50C42FCEBF82FFEB4049DE59B2450D01DB55F3F591E402464F,827,1170,RGB
632,page-0632.png,208085,7AD3DD9189A4732421B1C4328F747F8BEB8E3DBA178F60DF3DC90ACBE1EE2105,827,1170,RGB
633,page-0633.png,244239,BA5E1A0985BF5938331879E5B758D342BFE044A877238EFB7513E080E6A7DBCA,827,1170,RGB
634,page-0634.png,239733,456F02414665DA791531926CE5BCD2F4CF5F391A8535767AF8D3DD083CFAA294,827,1170,RGB
635,page-0635.png,269808,CF5CEC43FB5E1B80E2AF17EBFCC627AB36271B031A370019540448E116AE7A26,827,1170,RGB
636,page-0636.png,241281,F42B501DA6416FDE0E0898B04B3373CF6547ED2C7EC51F56E82AAF2F0DB32A89,827,1170,RGB
637,page-0637.png,279228,5F4606F59ADABFEDCEDCDD80D4D7FC31D422BF15695A0FEE1FBF63AA9F993261,827,1170,RGB
638,page-0638.png,217062,B10A325FB969ABD697F67F2EA6DD60E701ABF52239AF90394468F2EFAA304D43,827,1170,RGB
639,page-0639.png,279748,F393DF97F3014ED693A2B1E7B07E59FFB99141BF09A2C5C03427DEFC357DEC78,827,1170,RGB
640,page-0640.png,214169,06FC6D59FC9501BEDB4E4FC108219225F77D82677C2DECA8B579D143C2CC547C,827,1170,RGB
641,page-0641.png,261965,133353986097D4BEAB0DB8E0C04D1FFCB71CEB60411FCC2C4D72F69B4740B5BE,827,1170,RGB
642,page-0642.png,299532,FB452B7E6D42BE90180E3D5241C31AB29EC8564EE0D584AD7480842CBB1B7386,827,1170,RGB
643,page-0643.png,286055,C9ED45291EEA896129CD6DEE2A3FCDB78037E8931D95F7918DD092800C486532,827,1170,RGB
644,page-0644.png,287812,2373CFCE0B1E0042EBDFC3CBD41AFE937F7209158DFE1CED79CFACA48ADCD4B5,827,1170,RGB
645,page-0645.png,282417,6433AF8F51B79DCAA2BF75BE0DBF00C4EA973BB14F3EAC85264C053FC707FAA1,827,1170,RGB
646,page-0646.png,221293,210844A73595451C379B378C69CF334227F750008E34A2E11D39DEAFD2E81AC3,827,1170,RGB
647,page-0647.png,248061,BC3F5601DF67F8F760CE67698431CC600808B0F7442B72BEA43DFC72FB83BF4E,827,1170,RGB
648,page-0648.png,231600,92AD1A9D6F696B12303DD257F85799BADB8436BCC3CB43677D02651374531067,827,1170,RGB
649,page-0649.png,233035,37F8EBC932C91CD41CC3C5BE3C033A8CB109E8AFC84D7058BCB398C9363D5E05,827,1170,RGB
650,page-0650.png,250789,42460B120B1B6D92CF1230089492A251E9F61AE4FF850002D3A4BECE9FB1AD1A,827,1170,RGB
651,page-0651.png,233472,864114B221FC6FA5F26DBF552677F5C21C712E69148ECA4531749F53F87B45A4,827,1170,RGB
652,page-0652.png,178917,7A867F631D1A694B35AF20B25429E075920E15531F119D4606FCDFA02F1B35E4,827,1170,RGB
653,page-0653.png,245331,504E838BAED22085EF53036BBF62C945514C961E44DB43B794A1F0F6632ACBAE,827,1170,RGB
654,page-0654.png,184582,41A66B64E5F192101DF78D0A3084476F63EE493D074A59DBA2C96DA8FAF8988A,827,1170,RGB
655,page-0655.png,58660,BB03321DA6D569C6C80D9B5A244509C5FA1FAE75E7F437507611867D6350ADC8,827,1170,RGB
656,page-0656.png,249467,99EFAF76624002D82C5C8DD07CBE854DC0F162CF19F0E9E0CB0717D15C4E0656,827,1170,RGB
657,page-0657.png,327613,6BBFA0CBD8A66062DC1C0342C482200288BA8D546F13F791E0B7A9F9B49A1DCA,827,1170,RGB
658,page-0658.png,207823,37E688CE0E254F4D7731CD22A7DB1ADBD4B97E351C6B0AECD2FF42DF802FFDAD,827,1170,RGB
659,page-0659.png,233282,6A63ACC720FECADFD3754ABF8357EAE007112AD45E1474DE649563D15B973A39,827,1170,RGB
660,page-0660.png,191929,4EDAFD875C4056F526F4295987E82904AD853156E439C0E3211ED8DD4B7A70B9,827,1170,RGB
661,page-0661.png,209318,37DBB6D9033B4D83BAC8575D330980755D97761F4CB05007ED3F3C43106B0ABB,827,1170,RGB
662,page-0662.png,202526,AD53C57AB6E0EF0D5B8BE34189DD9D9249C1293FF406BB0E05109B3EF41558E4,827,1170,RGB
663,page-0663.png,246263,6AABAAE52848B1C79237CEDBEB6AD9C7D8583F80959013EE279A57364F0805B3,827,1170,RGB
664,page-0664.png,235350,178F38E759931A5BE1213A14E80D2967DEBAA582E759DB02763F615DBD2C39E8,827,1170,RGB
665,page-0665.png,322567,9BE8569DE2EDAD3A734C11D3CAB84C5CABCEDDD8E9A7FF6B781F0FFB5B6C095D,827,1170,RGB
666,page-0666.png,250123,068C163DE02DFB354E1CB4DDAC80A5ADEF8B8853F314C63B231FBE4C22C15400,827,1170,RGB
667,page-0667.png,251315,63E0C33D91BB007D6168CE2429E227B6F9CDB81B91130E091E705A6B28DAB7AF,827,1170,RGB
668,page-0668.png,297959,F34B10D7C36F1FEDB780A171FE68E3BB81758310B9C0B80FADED6FD7702736FA,827,1170,RGB
669,page-0669.png,276009,3FC3214721B94D46B4AC96F127D982CEF7B4389AFD7DBA8985895D26AFA15FAE,827,1170,RGB
670,page-0670.png,287667,0B8A40FB5F577FC99605247017B9C9E2AF591B70EA63E968A21A37C5D97335F0,827,1170,RGB
671,page-0671.png,248077,E02CBA759E07DA10C8DD6C44C4E01AD7A65582F6998546E9EE969B60EAC651C0,827,1170,RGB
672,page-0672.png,218660,AE409EAE728682258954E3B5E75D7B185D116692C72A5317B5BB44F777FCD902,827,1170,RGB
673,page-0673.png,227892,888395B090D9D43F66685DEC813EC51FBC7D3866290F458465F656E1F4D8AFBC,827,1170,RGB
674,page-0674.png,241041,6D19EE1BE994FB12248C91D72DCD9CA7540F777E0EDF68DFB9E752B09D51E7F2,827,1170,RGB
675,page-0675.png,207730,8A6FE5199F1B12D16287B8B9EFE2DB8145CFE7CF1AFDDEBBE1195B6EF6024031,827,1170,RGB
676,page-0676.png,341942,386118ED24B479120793FA06CF14E243C42959400B71AC514840ACA4835A4365,827,1170,RGB
677,page-0677.png,333166,875069F39810EF788C6BD74C8D4D0E56E8427938CBF7D58E5E041256CC68BCC6,827,1170,RGB
678,page-0678.png,293290,1B357F63562E679A1DA3E5E939D6908F53DD3A70B7823289C29A5684BA6D6B56,827,1170,RGB
679,page-0679.png,250163,E30721801E12DDFC7D76C953289E499F17739CAAD99E2492E23D95E6C248F433,827,1170,RGB
680,page-0680.png,231463,CBDC17C4149C674CB15169033E7319D7BBB995B54494D1DA6232151E9616730F,827,1170,RGB
681,page-0681.png,244771,51781169870E5ADC9EB792037C430C8FA836B941D854F0A282849E5563F46A35,827,1170,RGB
682,page-0682.png,197135,6069FA69F674516D4233FF91684ECD9DA659768D84FE81E533DEFB92C70BCEA3,827,1170,RGB
683,page-0683.png,196646,4466E2E3DE894E5CB9C497539DBED82B2FC7494D864E2BAF6EC5E91E05BDBB64,827,1170,RGB
684,page-0684.png,210389,7D5E9E25428076ADC9C0E23F3D10D9F96D347570190DD409CA5082D6315A772F,827,1170,RGB
685,page-0685.png,227633,1671FD5C8205385C67A6A88875387B8829318B58C9318346EE993427D40678CA,827,1170,RGB
686,page-0686.png,278015,5146EBC04C68E208B1F8FC8E010E5A3386F31E02EE4ECA00D3714F69FC03B85A,827,1170,RGB
687,page-0687.png,169504,25BF68CD7DF5EB98A89F13EFE155C2F28E9AD6404F890ACFD427CBA814D19F28,827,1170,RGB
688,page-0688.png,207831,B41BFA3CB631893EF8E6CF266C859B60744A676A29D9A6345FC1A31D931A0DAA,827,1170,RGB
689,page-0689.png,283779,2CE21D7F3F3ADC1BEC97A3EE707FEB7BDE277BC88525E5298DA7CC77D255E414,827,1170,RGB
690,page-0690.png,266866,C859105A369AC4527459A2DE66133222954D4F50D068DD9872035E643B102F12,827,1170,RGB
691,page-0691.png,312230,5718987596D06A35EEFF27B0E82FDFC57C958D9CC7961C99D0E4AF1321422F7B,827,1170,RGB
692,page-0692.png,267075,86D51640CD03342ECDF7EBC599514F5E3736986675B18EECB391EA85C8288FB2,827,1170,RGB
693,page-0693.png,265071,B0D2C96A385D39599862083E3AD1D058DE6D70A760289E58C3F1B1644BD569EA,827,1170,RGB
694,page-0694.png,246181,BA268A82EE64CC5845A4155825F9B3DCED6F3B3CDB977D4D0216DCCDD791FCB7,827,1170,RGB
695,page-0695.png,248938,3F8D9C93BF172E457CCE50FA92F47371721C5EA16FAFCBD3E3558E2BC2A69DDD,827,1170,RGB
696,page-0696.png,260495,B3CE4163FEC42ADEE3AAEA645D1DBEBDF64FBC580F8665C0FD8CBFB94D743290,827,1170,RGB
697,page-0697.png,243854,432C6172D077D45B455BC734A2A080BB2B4DC8E7769E87AEE5218C9CDECACEAD,827,1170,RGB
698,page-0698.png,266762,0A95AE4557C77E763C89EC42D57C241FB45F6A40F50CAB82DFE8F6284D4FC117,827,1170,RGB
699,page-0699.png,246456,7A607B03811CD192FED251573E4B2C60C778BABA24EEFD4FE1EB5A3B3A946567,827,1170,RGB
700,page-0700.png,273387,2CE1EEA2D00DCA82FE7E8858C2A6A9621B57B87BDAB5727770B13D3BAF078E53,827,1170,RGB
701,page-0701.png,255189,A8D8FF68B49A38A421B2ED3DAA04C859278F522135AD8DD17E4D92C293CB8227,827,1170,RGB
702,page-0702.png,252392,538A155812E006CEE7CBE8FDB790371C7A79AE0FB49A8F193960335B3532CDFD,827,1170,RGB
703,page-0703.png,334465,F9F81FB8AF49370424243A1FFF2B29A15D276D370644C9BBA8E4AF257138A1B5,827,1170,RGB
704,page-0704.png,248840,751B67D95D4887A78B9AA5F8DE3DD9D87B53FFEEC0437862179842B9999BC5EE,827,1170,RGB
705,page-0705.png,296439,C838D8BE72031E6765E757DB285F87E1F287C8A7DC2DF9045714B7CCEBAB19B1,827,1170,RGB
706,page-0706.png,301978,9F50A9154C71BA58544E38C5F2B98D549628BA29F7878B9F1131A37672B46945,827,1170,RGB
707,page-0707.png,323504,26F0B7DBD70E97FBB29A9644300368FFCA192E0B6131FDF57EF993EE5E74583A,827,1170,RGB
708,page-0708.png,288672,6E962B7A4D7CE9D50E67C3F3B196CB5074DB13DFE5B93E7D19F7543E561AE426,827,1170,RGB
709,page-0709.png,228683,2F18A906C0201121FD2162274FDFF58EBC9E9E126DA3347CC7455C64C6BE6862,827,1170,RGB
710,page-0710.png,208122,7FAB3B1AF12DDF83720166125DC8AE33414C9EAAA01E54B20478B3AFE543EC18,827,1170,RGB
711,page-0711.png,238854,48AC4F6C0AB3C7CB0DD1A41B0F9EA60D3F530ED96246D987DBD64C24C3BD5BC7,827,1170,RGB
712,page-0712.png,170223,2013A1058F2F0649D3E7EEC137A2EB8509D9CD3D008166833BD1BCCC695DFF0C,827,1170,RGB
713,page-0713.png,248762,4AF4253C5C3E53B6EAEBA47D776D26470482677C88C50CF99851C81B61D895A2,827,1170,RGB
714,page-0714.png,312456,E71BDF2CCE14D872B58ED5313F906D1C0E260677B403174DFCDE16DB5F31546D,827,1170,RGB
715,page-0715.png,259838,8D2E723EAFB65CD589FDF968840EE038FF4061C0D5B18D9A29436EA0E8F4A6DB,827,1170,RGB
716,page-0716.png,189914,41903E2B545E3BB17CA04B94A1B9DA6822B53587B1E949A8F57C6E0952481458,827,1170,RGB
717,page-0717.png,138838,043B24B683239E5BCE9E7BF54C985D457289697796117D463DC888916AE8BA25,827,1170,RGB
718,page-0718.png,317837,4F84DA7DA2342FF5376C1052B143541FEF2163A8DB396EB01FBF53B96EAC14DA,827,1170,RGB
719,page-0719.png,288992,2A7DA3572B5BB04A151A3CE208D2A63A401F626EC9C225AC8ECF66C5898C1E33,827,1170,RGB
720,page-0720.png,204402,203136D41C6BB339D3AA21B27DFCA2518CC1CB9C10D14429CB21373F3FA4282D,827,1170,RGB
721,page-0721.png,244605,10D322F9AF65BE744FCD91248B9075D601C7BC8D1B95694708AA27292416F74F,827,1170,RGB
722,page-0722.png,259814,D5E4A7B47B79DA7459CCE0C2E4AFCD95EABD3282C53E34838537F57580704110,827,1170,RGB
723,page-0723.png,258894,E7E81F1BAC6ADEA680A7A321077C90B73DB3117DA918CBBFE8E75E132AB83CE6,827,1170,RGB
724,page-0724.png,318470,B1765ED574FA670091D691E46DD624E07F714C2AFD09789442E5A0E7EA810CFB,827,1170,RGB
725,page-0725.png,252501,135147C2D10E3F6E8AE31B6FD79B972921C931B335071BDE32D1406169E45210,827,1170,RGB
726,page-0726.png,351383,33F36C8C78E195CF5373253D1391D7D12CBB46DE20967A1B09D1A6F16B4DAA60,827,1170,RGB
727,page-0727.png,257657,0D1538357BD075EFE06E7C8A435C0269F6DB2E8692BB04E244386208CEC8C0C2,827,1170,RGB
728,page-0728.png,281410,EE0359491600A6F9CB7C4C0677240E19C17EE1B58E42BCFFE83CA860A4114420,827,1170,RGB
729,page-0729.png,248949,488BDC6BCCCCE117CA3B4DAC98A19F8BDCE91B61CDA4CF6518C9A8820BF91EC3,827,1170,RGB
730,page-0730.png,261489,5FD71761B315BD43F72D4A9FEC6765C779C76ECF2CA0F0331A69979B7BE123DE,827,1170,RGB
731,page-0731.png,244524,E216099705729C6330D8C3FCBE90EED6636A7CE072F0446393462C182FCB7908,827,1170,RGB
732,page-0732.png,279789,00F793C11608C4015B32AFD07294AA41A794840996B26CA291DDAA1795E320BF,827,1170,RGB
733,page-0733.png,265600,669561FE4B3CABB678AB5B804E4B16DFEF4D0529EF1721134B36B4D4782A0BB7,827,1170,RGB
734,page-0734.png,236556,6C77ADC15F296850F21AEA475E979E9865B1BFBD2EC5112A6E1C984242EB7FDF,827,1170,RGB
735,page-0735.png,318028,74E382C480C5048A3513A4ADD78EDF78DF38505EDB3A99D7CB9CBA145AB4E084,827,1170,RGB
736,page-0736.png,249630,E08621969BEE35E618D21BD014DEA4FB8FBA8D8BCC15006D646D3C5A5454D306,827,1170,RGB
737,page-0737.png,299292,AEAAC03E6D068A339C57B17AA1084E78383C58EEE4ECE1E259A8874A1042964F,827,1170,RGB
738,page-0738.png,216714,8FDB0950486DF13A3F65A8271242DE7568622B9B93900E510F245493B4854605,827,1170,RGB
739,page-0739.png,326473,A336523B62DD718372ED1DAD0A615C5BBF5CEB71901C2288AF3FEE184B69A75B,827,1170,RGB
740,page-0740.png,46022,AB461C8E07A9B6E75EEB8115B4C250A7520F01726370BB4A332D94785672BA08,827,1170,RGB
741,page-0741.png,315350,D339149819EB1A3E9FCE5C0A2E26D9C5DB8B73ABC80F5BDD846BF068BFC94A41,827,1170,RGB
742,page-0742.png,278483,0E2B5FD885877B75C0D5354C2AA3A9F83D3F39F74CFC809E3BA3987298DBC893,827,1170,RGB
743,page-0743.png,231781,D1739EA630B07953AD4C3D2AF5A0283403EC170AB087D563A448A71A83EC436C,827,1170,RGB
744,page-0744.png,335253,C524CF5FFDD2A905895C155DCDB00C4AFDBD04E641B155E51C47B494FA275EB2,827,1170,RGB
745,page-0745.png,277506,2E639FE7A8EEC479A49ED2C678855ED05985718452A66AB10F80331D7B528EE5,827,1170,RGB
746,page-0746.png,282257,15A25A3187D0F89C81D62B5443C470123253F88EA1F15C9062E2131940BCF32C,827,1170,RGB
747,page-0747.png,296126,79BD20C8660FA8DEB268E092B28DA77A9053DCC43778F73CB2BE36D814A1920D,827,1170,RGB
748,page-0748.png,350266,319AA0B62F3878B4443227E97C388B595F52AC712FA26CDB3A90C3DB7E7BDD66,827,1170,RGB
749,page-0749.png,311405,D6907E2895CF0007DE11B735874DD2CD15DB35F0A981CF5853519FA8622DFE3B,827,1170,RGB
750,page-0750.png,271053,E17F867085576CA0192EC3B817A10E29CEED2DDD81240CBEA45E1E8A7FD94094,827,1170,RGB
751,page-0751.png,299822,15742906DFC58B9CDDCC3220AD0E742EB88C3AFEC92B8BCBC052625E738161FC,827,1170,RGB
752,page-0752.png,300975,22819DD81F402EECD31CB47FC7473713B7A034C7BDA97EAB5BB4E0D2CC9A0947,827,1170,RGB
753,page-0753.png,351150,A721E2D1729FA3D798A086B44EE4497E0703C150D0BB641AE530535DE64191E3,827,1170,RGB
754,page-0754.png,371652,69FD9830BAB168B69E6DDA516CDF781EAF66C730D72D7C60A5E1FBEC9F8F8CF5,827,1170,RGB
755,page-0755.png,374730,640F2A2238799A4D4FD2FA2A2D8476D1CB0A9057E8CF822A9DC9DF1B51DE8511,827,1170,RGB
756,page-0756.png,331856,4CA10476157D1789E216E30896B9ED35D28A7B2745D3CF7F80D9EA5D8D13DFC8,827,1170,RGB
757,page-0757.png,275815,FE5938001260BEC9F663E9CE3FDAFEB5803789BC3688A9B8EA7008DE5C5A901C,827,1170,RGB
758,page-0758.png,214502,F0BAB4199247C4B745DAF0879E6046F7182903922EC5E153C1138932ED67C086,827,1170,RGB
759,page-0759.png,262179,9E85E203904ECD75D9DE43B45B28BFA1AB0BB0E7C4AC45E6192CFB90E103355D,827,1170,RGB
760,page-0760.png,344116,1B8ED5636FFEBC7A040FC008C146285A430410C28E539F83AF55C9106E896F02,827,1170,RGB
761,page-0761.png,369966,DE96F49D7BE32186EE5968839A1522F819FE2F7024E352F5BED331C4A7EA4643,827,1170,RGB
762,page-0762.png,264997,B340A4F92E8B8B633027BB6AFF1C2F5E87C7D715711F0D958878DF60BBB7B457,827,1170,RGB
763,page-0763.png,273039,3F4F306EAA3BD1B7F16D6A89DD623C6A3B2A229435A3C88954C733E4B09B73C6,827,1170,RGB
764,page-0764.png,275030,BB2F30775F82DBFFC6CB9ADE2487322AC0C63CC81BBB2F5C92C89D100D119D21,827,1170,RGB
765,page-0765.png,276214,D33E58CD3A0E05413400826C7202F2E1D71BC0F384C2125AD917B930775CC150,827,1170,RGB
766,page-0766.png,290910,B2C20A9B018CF43F06C70079A9C8E5A22E76398100BB5CC8281DBE4109BE63C7,827,1170,RGB
767,page-0767.png,307544,0EA5F20C19D7ADEA7F2A0836AC56D6C4F914ECD8AE31451DD36CD4F82DF10926,827,1170,RGB
768,page-0768.png,307467,D1FC0C5D243545E975C74A3AD23119468D093D99008FEB1A89116CB34CF4A1AC,827,1170,RGB
769,page-0769.png,228049,1EFC9D49DC4E410A24935D56F7FAC3C0EC18386D9203C909FD00E1808C314AF3,827,1170,RGB
770,page-0770.png,286067,E102D66BB054F4947C70CC0B7394BE124E6BF2DDE68F3BF319706498BF79AF42,827,1170,RGB
771,page-0771.png,301578,103E6E58AA97100723D7CCEEC27F0C78EC6971B932A7DD828F1A8016930055A1,827,1170,RGB
772,page-0772.png,302962,76DF4237C206694067BE8D9C266E5F5ECF00439D7B40DAC54C3EA8D2EB0A40AB,827,1170,RGB
773,page-0773.png,266494,7C96441E9862E2B0F03BE8A14443FD2B9E5E981E39514AC5F78DEE9B0527D15D,827,1170,RGB
774,page-0774.png,314330,CEF96A0E2D827CDC7AEEEAB90F0F59A499486392B602CA39D6CCFCF3A7E390D1,827,1170,RGB
775,page-0775.png,273552,1EA8F99BA7DEED1766431F509F0D7176F695C3E4A04645907F57CEC583D9327A,827,1170,RGB
776,page-0776.png,88119,1AE6CACA4F3E4DD8ADB7738C713510E5D6544014CE7FC3A8B7331EE5AA7213FE,827,1170,RGB
777,page-0777.png,262610,AB34E328EEE719BCF2130D188C6D81F95F30388124B0A028471BF5DBB58EC80B,827,1170,RGB
778,page-0778.png,257435,60A9568473EA32A853C0A50024082EF4E3EC58C232710174AFD3547376DF72C9,827,1170,RGB
779,page-0779.png,264559,D22D34E0AF4EE62B9A2FC2F99018E26C6F6DBD2774BC3EF73E6DE3514FF4340A,827,1170,RGB
780,page-0780.png,241923,C528A476674B110A9494097366EBB79E7C14362B95F6E08FB037D95D918C3298,827,1170,RGB
781,page-0781.png,308727,A74FC056D3D533046F6FCA3FDCAD84C71E4861F2C7BF078E1DF58B079DE1B139,827,1170,RGB
782,page-0782.png,246150,CD4DF9741558B32B132D315A39022D0982F81CB242F9989A7CA1354D10523321,827,1170,RGB
783,page-0783.png,209946,3708F7C98119AFA1EC034F8899C10B83A2AC9FE153A11ADD15C8526A0CD4BCB4,827,1170,RGB
784,page-0784.png,309285,7DC530670E9E7AD8D82E166A7351C3E551599CB7145AAD688B9E5D05769C56F2,827,1170,RGB
785,page-0785.png,309194,93DAB3767C1BF14E2968CAA5DD7C44FB2312BF040ACB909A9B58E606A9F4FEF9,827,1170,RGB
786,page-0786.png,309578,F5C8A215A9BA1F76587D18F3DDE46279B3AB28D3AE52F766195757C655A7FE7E,827,1170,RGB
787,page-0787.png,297485,89162843325CEEA9679DA69F6D0FC6A3DE27EBA8AAD56C80F14D8BD5B12E3AB5,827,1170,RGB
788,page-0788.png,342336,B653ECB0BF190982E0383D8D581BF15F9EB2008890BAEEB56EDC53D4D17C41AA,827,1170,RGB
789,page-0789.png,227638,58ACEF718DDFE61BE90EA83AACF63F40BD2BFC54DB82DA9DCD0207389127FD0F,827,1170,RGB
790,page-0790.png,221052,D6E30C4231F202B03F7964D34DBF9B6FB3C974AE1D4BFF33D906F34CF6A65005,827,1170,RGB
791,page-0791.png,318739,1D9DBAC2F36318E114F63D43EA7EC04BD71DEE9E5BE43ADAB1C45CE0FF6CE72F,827,1170,RGB
792,page-0792.png,276920,C7380E609C2D84277FE05FF3932E719E0D036B122C0723ACADC616E3B5F1EE04,827,1170,RGB
793,page-0793.png,241341,82372F2A3E46673FE80FACCE3023167C00C5CF2C628EB308F87F5CEF921147B5,827,1170,RGB
794,page-0794.png,284255,8C8819D7E3D924699E22F753A4E641CA3FE259A4E572A16D9FA83DD395422127,827,1170,RGB
795,page-0795.png,261205,91A9F2F19E38344E56B3307E92C240AB44F0E81D2C93ADAA756D43D3F95E6D53,827,1170,RGB
796,page-0796.png,336865,2D7AF6CCAAE18E7B6E84861C518458569CDFADEFCDAFD8D66DED33E4D6FF1D23,827,1170,RGB
797,page-0797.png,317792,3017AEB96AABCF6424CA2A7E85E7C7B1FA5B2843D184017B20B3E24253DB5587,827,1170,RGB
798,page-0798.png,247559,F0935FCFCC3290BD49FF8353770B7DB0A9CCFC829A8274BA2D0BC2CCA507C596,827,1170,RGB
799,page-0799.png,275530,29F5BD92E4E83517EC9C400FCB5780DDF79D23742AD0B790A059D18EC281D0A7,827,1170,RGB
800,page-0800.png,246092,277F1EC920AF824420D01F3A9DBC9A54FDB9B5334A65FEAF43492FE65DB7950B,827,1170,RGB
801,page-0801.png,218749,81C1BC3309A90DA0062B009D4BD6EEB74E4BF1EB55B49B0782BA234FDCB5699C,827,1170,RGB
802,page-0802.png,315321,32E5933EB01327349F9809017FB00CE5AB908521C3AC0A880E4590E2CD67065B,827,1170,RGB
803,page-0803.png,261765,D389B5E98C9F3A98EC840E137D9960CC0AA68796C90269F87065441B42A3682B,827,1170,RGB
804,page-0804.png,296622,3A8D611CC37FC6FAAB06FACC22DC55D463C951E81E02580CD538B5F61D59A76F,827,1170,RGB
805,page-0805.png,362586,015C9CC18AAD5A1E8157B84F361C46BDB1864F640C5D8D033865FEE389D0AEB6,827,1170,RGB
806,page-0806.png,326008,8D909BAE8797E3689BF7C97302F547D314AA2BE43A89F66E3FFA2A94E56E8799,827,1170,RGB
807,page-0807.png,307943,C249844638A15EEE563E18B9EFEC86F9E851CFE335D8E92CB285AC058C153F84,827,1170,RGB
808,page-0808.png,308019,472CC3110407473DA64093C871667DF7DF33229249856620890B04E520B1CFC5,827,1170,RGB
809,page-0809.png,234408,4C1F38CE78D1FC8F1D4E925179760AA71B4FF654BA34DF19C8A58F87B348C511,827,1170,RGB
810,page-0810.png,189445,2C763D0C14305941A49EFDE924F1AF0E24628ADD1B054550570F9C30F65A6397,827,1170,RGB
811,page-0811.png,202709,0C79F443459036B925EFA13A5613D22CB78B49130715EF607353B4C7D2320B62,827,1170,RGB
812,page-0812.png,275261,DCA748081E0ED4CA0581500E27A5E2AC1C08F67CF5C25235CCCB9C89A7F32E26,827,1170,RGB
813,page-0813.png,243650,504C52513F8C8929DB41662A80B435EE8E81396D7E7EFCC35FD9A1251C666B80,827,1170,RGB
814,page-0814.png,302599,918D346FA034C275563B872C41868A1C32F25BE00D7A14F665D85ABDAE6FB727,827,1170,RGB
815,page-0815.png,220658,9443E1F0F636C151F9FE4993AEF784AF79697C20BDA7A99A34ED114226A22D02,827,1170,RGB
816,page-0816.png,279199,8F9CA252C1044AEFA22A889E917B89E54F2526B2B9EB59AE89F016060EFF3AA8,827,1170,RGB
817,page-0817.png,335942,F940C4A9A9C21BBE04F865859DF76EE5014D73B97793EA1BE557A6869E8DEE26,827,1170,RGB
818,page-0818.png,278786,F9E0BCDAF40387A963AFBB48DD3027212309137B3D8E39A18AF9D2D9710C9208,827,1170,RGB
819,page-0819.png,379721,38D6EE60A8DBFB40FBBD7F8C18BCBE824199A3E4E259A327ED2DA1B717CC2556,827,1170,RGB
820,page-0820.png,340310,4E8290605DFE758AD0D8183882027F502C71981C3E70CB8BFC5BF687C3698847,827,1170,RGB
821,page-0821.png,356211,02146098B1BD138E20175E077A4126DBC6F86150A07BED2E52C1D4DE279452AB,827,1170,RGB
822,page-0822.png,292001,E70EF63A4BD7DFDD22ACE1DD7F059E36CC38E2FF8AD0DB5AA6BDA2E04CB2AEEC,827,1170,RGB
823,page-0823.png,342874,6CB9F390E55585A715BB274D6F8AF9A83E3BE3C37DED9BA4A652ADD0C98FD2E3,827,1170,RGB
824,page-0824.png,238842,B6453CAE3F923F89473B5DB027FBA321AEEF3C2A75EE06F716869E13900BCF45,827,1170,RGB
825,page-0825.png,314514,76BE57DE50674EE042ADB43B2869368DB84E3E6B6742F6D1C86B8E56DF5E740F,827,1170,RGB
826,page-0826.png,295931,1F32EDA8F7AB3B4EED4D480FEBA491A45B5DBDF2580F02150A89FF92E401E4BA,827,1170,RGB
827,page-0827.png,321141,3FAEF19532C82CE9B1D81F7EF7AA894C7BC5F94C97AB3E7AC571306205D6C718,827,1170,RGB
828,page-0828.png,311746,F6BBF7A8E2814BC81A6B41F831A3745C6C6CEF0F230A0129ACB4E355E2E18C2E,827,1170,RGB
829,page-0829.png,303285,DFC267663460F727EDE0DFA7918AF51D91AC1649DBB4804F9248FC9CC301578F,827,1170,RGB
830,page-0830.png,379361,EE14C0301C3C1899671B94016BC7BE7E91DF3B61C27A1CBF5A0FD0634603759F,827,1170,RGB
831,page-0831.png,277919,428C68C5C1E1C2492EFED4312C16DBC379750D689EEA59966306E54C11D788B7,827,1170,RGB
832,page-0832.png,276950,C6BDCD438DB476BC341EF25B410FA680662516F22B651393F0C5A298B7B016A6,827,1170,RGB
833,page-0833.png,281106,1171FCBED8BAE16A57188BF91C7041FA60A132E92B3061BDA2D7E604FF6E33F4,827,1170,RGB
834,page-0834.png,277655,121CB9B6D84B45126CFF3F81FE1DEE7A4C7C9F4F7861FCA71DA9759018988EA5,827,1170,RGB
835,page-0835.png,295697,8741438024F6725D09D61E5B4EAC56F3BC26576B34DC5CE84742BE6A87B4BC76,827,1170,RGB
836,page-0836.png,366705,D209AA0443EB1F446F8651D66FDCED5B1B925FD0225DC4F929209704DC5E30BB,827,1170,RGB
837,page-0837.png,309626,8A1730F7A99DCDA234B5D2D860AC5167EA24092BD01489395081E5CF3F1C782D,827,1170,RGB
838,page-0838.png,290534,B06ADE1D8CC0E58C2E6F3CE87AF85EE7A395CE2E739E34B8C3A32F663B15075B,827,1170,RGB
839,page-0839.png,390164,11463CBD739740BD97283458A5F7E9C2031AF58B3E313EA5D6B9969011CB9D72,827,1170,RGB
840,page-0840.png,290228,6E0BA398BC8AA5709296D38844D8A63DC1975CB4DAC2EC9ABEB7826DBEDC3BA0,827,1170,RGB
841,page-0841.png,285184,63ED1190E31398788DC397400629FB85C3B119BAC1D3172151BB19CEC0791786,827,1170,RGB
842,page-0842.png,365947,483AFEFB34B316D1003FB7A069BD24761E301E0AE442CF5DCCE148EB3DA070E7,827,1170,RGB
843,page-0843.png,301398,47D2D4D7B5D3D8B1D4B32965D6F3C2BE7D6F4F287FFEDD61C0D73B4486F6DA4A,827,1170,RGB
844,page-0844.png,319073,1C8B2D268FBEDE644878A5E9F241F8F8F9288D89255B3A50C5F9AE512AEF939D,827,1170,RGB
845,page-0845.png,280083,907F99CE559CC955B4C66AAC5B51E5054BD66287F255667F2C8064053413E4A7,827,1170,RGB
846,page-0846.png,257610,7C47A3E5B94B3A28C39A35B215B3F06DA05B083CF292CC20023D63BAD4FB5D5C,827,1170,RGB
847,page-0847.png,340404,77738247C23D7C007B5993EE2DB5FD5BA64748CBE1AD6DEC207035B6BE05FB6F,827,1170,RGB
848,page-0848.png,318624,FE605CD4D1B8E823070EE5FDBE4136755BE5DA53B3F345BB423E25DDFD71A28A,827,1170,RGB
849,page-0849.png,367712,82AB39B7D018FA9B8DEB15967E05040DE08A273A9A8A5699BEFD3502BB73DE9F,827,1170,RGB
850,page-0850.png,310680,982E046ECDFFE34A0569494F2E3348C2FB14D7EC782941FDE3E2AD176535C005,827,1170,RGB
851,page-0851.png,318913,754F945D1E0B2EB2671803043DFE1D79FDCBDF83300F7EDDF17C5DCDFD7B24D1,827,1170,RGB
852,page-0852.png,325668,653B965DD63D626275F9BF23E519BE490DAFDA486D3AD59B080F022DEB6B0A03,827,1170,RGB
853,page-0853.png,326344,77682AB1A128AB6F49CA5A43F69A8DDF611A2D2427954F132F8739A398A44D56,827,1170,RGB
854,page-0854.png,294361,44DA48C53C110DC2F4EC323053BFED10B432B574E6BC7A84509874943309CE4C,827,1170,RGB
855,page-0855.png,280704,A19B7A5248ED48D5A1C43F7E04079BC5A6FA20E2E66C5A3ADD5336E1EB48E1C2,827,1170,RGB
856,page-0856.png,345653,4D49C2570313B2F264E44C4AAB997FAB29EDB5A2CC29CD7E2A0C1ED46DE710A9,827,1170,RGB
857,page-0857.png,395443,E38EEA16363D3BAB130FA0233504114796CA80C1D9CB63DD3C187B7F4A5D9502,827,1170,RGB
858,page-0858.png,285070,6980B89D955CA010C35AC68EB81C04F08183002A2A486AED653F9F858842E74C,827,1170,RGB
859,page-0859.png,237387,D0A1332424AA98BF887B4E69D90D5C67408CD096E1CAD1699DBE4195EC9D9F40,827,1170,RGB
860,page-0860.png,308100,547F9C813013157A1EE8D706A8D916A51B949E18B4EF460A7D675424F60AC67B,827,1170,RGB
861,page-0861.png,384433,84E32CE27E459BB69F4104424C86E58B43092C6C6A781ADB0E5AE9FBBD8D00D1,827,1170,RGB
862,page-0862.png,333484,E7A4EED315B764F178BA94B1878A1EFB8C6D55F6C49346A5AAD87D25944B14BF,827,1170,RGB
863,page-0863.png,252490,8990FBCD57E4AD887F8560E111B4EBE4F404A0394A73410B19644E202C048010,827,1170,RGB
864,page-0864.png,304399,2310BBD5CB3DE24489AE136CF845C85C4A9A5229784A6073F3D9B9F25E8AAA84,827,1170,RGB
865,page-0865.png,306380,6E55BB0654439FE4F4CCB0307960B206DAFE2AB2F355331A4300C82B7EF9F357,827,1170,RGB
866,page-0866.png,325584,2ED466D257D682495C66AD02299077C5D249345DB1D61578329CBA4A453E2316,827,1170,RGB
867,page-0867.png,316660,AA6F174721F4811E9E88FE29ADCCFB99CA0CDB55DB328F6996BCF532C22F7E17,827,1170,RGB
868,page-0868.png,300244,87101937EE4488314CDE871EB4DF7F7924E5321DF31741CAEE2B3652A24815E5,827,1170,RGB
869,page-0869.png,355533,15E2DC41E869FFF7549A9BA92DE3D8D9706F82B254A01B3649B05F9CCBD04843,827,1170,RGB
870,page-0870.png,340801,4574E071D31E672D2B9A3C3F1C59C3205F0865C02EB35A56F51694F92CE28C58,827,1170,RGB
871,page-0871.png,308036,95C2F4ABAE1B25EF0586295D96F2E7BB59C23563A36BAF82884585A1B5F3D2F3,827,1170,RGB
872,page-0872.png,291629,769F58A0379DD92CDBD1DCD3D6FC59645BCDEF5673F53440BA7C71E9FA58D773,827,1170,RGB
873,page-0873.png,366369,563C70B73D7C551301751E8B9C862F7C969001E36F4AF845204CCC23557E23DE,827,1170,RGB
874,page-0874.png,369621,8A2AC5A18920F3CB18BA668506F903DED9FEA11353043C51272265604A38105A,827,1170,RGB
875,page-0875.png,320353,66245A985990E4A51C8BE83A62402378EB7C45A5B7473EF4E963353CA658B72D,827,1170,RGB
876,page-0876.png,359392,5B6A8E9A4767D67E9B9861F3B18A64AF873302DA77282EF3992A5EC6186BDFFB,827,1170,RGB
877,page-0877.png,314114,535565D4E2EF9267C1FED35DBED1DAD25556943D203A0B7DE76C269F2446A1BC,827,1170,RGB
878,page-0878.png,363558,30F199B84C8EBB8B5064A2683F9A6AABFC896BDF2DEA5711C4E110D3E333374C,827,1170,RGB
879,page-0879.png,281595,4066885C917F3B4D056C6E1009A977414724EC893374CF1CBF3CC16AB630CE16,827,1170,RGB
880,page-0880.png,239329,92FC14339A8163DBC9065C8999C1D7B36BAFCB47991402FF3AE8DEF75501B0C0,827,1170,RGB
881,page-0881.png,361299,7C5C34A0309C3E39D74B32062B21753BEFE9DED7F4324FA6FD87745389AE93C1,827,1170,RGB
882,page-0882.png,243489,010C560A4F27D4DF5E2C85EE32FE7E9AFED973A11D63ED89A2430D220457B507,827,1170,RGB
883,page-0883.png,216165,4383DA663D4077BD099E80A77BE98B0FB8E625AE28520F333283726C4FB8609C,827,1170,RGB
884,page-0884.png,260388,4D1F1A61754DC412450F7396A53530EEF265D2BAF5912E6F5D9DCA863CDED7FC,827,1170,RGB
885,page-0885.png,298935,B7840FFBBFC0982913C9B8E49315FB02BEBB5158E46E1AE7447074A1920F0C85,827,1170,RGB
886,page-0886.png,313154,8D68CE34ABB63D5FDABD33D08C454E229C1C4EBD011170EE1B157D5D7354E091,827,1170,RGB
887,page-0887.png,335403,C75A7102A9D2A9CB0A798F5D394F18613914CD44DA287C21057F27E144573CDA,827,1170,RGB
888,page-0888.png,238725,93940D515FA7A0341F716DB9EBCF978E176480A861EEB49F9F15A0B11B5CF478,827,1170,RGB
889,page-0889.png,223213,383BDBE92C2D53FEA9E82E1C904D9471F1178F00A63CBFB9BC17ED64F06AE7F0,827,1170,RGB
890,page-0890.png,265666,3D2ADE288590B95780F0F13F89EA9F4F70D496C12EF082A16C5F2350DA7EBB8A,827,1170,RGB
891,page-0891.png,206524,9D3BD03A3F535487D8CBBCAF8DEB7446CA6AF9A929EF1048511A9FBD4BAD8238,827,1170,RGB
892,page-0892.png,253437,A7DE777FB44941C1C502FA151183C0711FA98A2558EBBE6022ED6A40C6E18145,827,1170,RGB
893,page-0893.png,278975,A5DEF0FA94FF59C06D6A8D554471FDC850E7F426005E7F633713CBF2F9470902,827,1170,RGB
894,page-0894.png,314111,BD91F0F074AA2FB63AECCEB7681EA834C44E517A0F5144DD81B1440218334624,827,1170,RGB
895,page-0895.png,364643,EA452D5C3E5A0F83E8CD56DE89F2C134344B18D1E314606C63674F2A6A1F5074,827,1170,RGB
896,page-0896.png,284377,A6BDA9E8A278937B833CB38B093538A516E8EA655AC129060C18848F6052A1B6,827,1170,RGB
897,page-0897.png,240223,58748DC59B8ED4BBF2B69E9475265394555CF5D6F0B0D53CB617FF15D2643E77,827,1170,RGB
898,page-0898.png,161252,C43CC2F10F5B515355B11F9837B31F2F6431431CCBFA777147E1A7CF56C41623,827,1170,RGB
899,page-0899.png,261940,24ACA72BC9EA29C5571F8579D7CC56231B69A161A275E712B695D8C0BBA5FE68,827,1170,RGB
900,page-0900.png,249158,E569247841D4B5415F56C2AB8F671610D6D81D3BAF9A6EA31A7D181E89915717,827,1170,RGB
901,page-0901.png,316134,DA7B971A35A99E063F4B308755AF93A56BA8CC4F0D8ABC1FD0E7283F64E7EFC6,827,1170,RGB
902,page-0902.png,333655,8842AE29D3031D60D291E18DEDE10AB5C67598E563434F21F64FBC0F98F056FE,827,1170,RGB
903,page-0903.png,195671,0307511A2A0065A27A1AE5C9BF1B8784A93081FCF9B23C43EF88ED78DC28B489,827,1170,RGB
904,page-0904.png,269621,FF8539322A137FB1DD94231ABB536C2C15878C23172C1E2F3A4C073DAD278EBB,827,1170,RGB
905,page-0905.png,331104,7FBA7881033084DEDFA9F32668153D0B5CB0C03A027E89BD5A0447B4AE78BEDF,827,1170,RGB
906,page-0906.png,319681,A0765F2E54631B35B5A2D3C03A2B173F2C63678EEF9C5E79F9840DB25717AB46,827,1170,RGB
907,page-0907.png,251639,42B4DE1D6AA665E65412FEDE0A3A583666E993FF5230749568DA15998D99117A,827,1170,RGB
908,page-0908.png,280829,59CC9AFBE4CFF2059FBE80B4AE1A8C960CDA4819A76FC79216AC13516AEBBEB1,827,1170,RGB
909,page-0909.png,279996,F9E5CCD4DCC841936266B43BB700723CE3745E78A199220B6BFC948840B4977F,827,1170,RGB
910,page-0910.png,241784,C34E124F99E90E7165946AC4CA6D22E4A188EE4F3D1B3D42B9ED9FA2A2478722,827,1170,RGB
911,page-0911.png,314225,CE300AB4A58D3120C1C3E3525CBB2BC8FAC07E32AC1EEF1EC8C81C4C38595AD3,827,1170,RGB
912,page-0912.png,324617,602A23E39B9059D2170B357F05508E0E0DAD2211D1E3294DFAD229C511E6E3E2,827,1170,RGB
913,page-0913.png,315020,81AC9964F42E685F6D5AFA5A4EAF7C7504F232886AAE14F4CC38266EB614B81D,827,1170,RGB
914,page-0914.png,341139,038B6604EEDBDAD08BBA3516147492188ED976C3B800AD3308EC4CF4789EC001,827,1170,RGB
915,page-0915.png,329998,F0230A0928A7733C1AA31E222709448F200871F1B2D86EB7AA67799F5BC8B90B,827,1170,RGB
916,page-0916.png,301872,19AF5ECFD4F14B4A2963D0809C264DEF17CEC4E706F31322F285D4F74A2628A0,827,1170,RGB
917,page-0917.png,290696,ABE8A86841C80CEFDEA3A31327E2AD76E93C5B71B328884CCD983CB2AFD5305B,827,1170,RGB
918,page-0918.png,266233,617A2BBB50B23A08ACE67BB6F777E91E75BC0F32A9F95A0DEB6049B7B2D425B5,827,1170,RGB
919,page-0919.png,354129,0364DA090FB8425130DC95B1212370C825E9EF593D5DB1B428E84E60A9F65626,827,1170,RGB
920,page-0920.png,355212,B6C660722ADB2F5F4320EFB343B09BADA86670C7808A74B2E17962501EB05B7B,827,1170,RGB
921,page-0921.png,293981,D4A5EA321B84A9CE5EC8D6BE7E69705DAD4BE22324D79AE1DB3E2A8AF0650E32,827,1170,RGB
922,page-0922.png,202692,E79B98F881170388D152B491DC70EB3E7D5F3B255D034F13A222C983B0A8A168,827,1170,RGB
923,page-0923.png,330403,4F4B7BBC084A83B5B4BA054B5224D08D99E0F18350076AB5D2473585C4BA54EF,827,1170,RGB
924,page-0924.png,347846,73410EB5475E69C3481C3946714B22334515707E85E61EF407CF1EBB8BBDFF9B,827,1170,RGB
925,page-0925.png,357831,73A8868B39DA262264AD3D94C7C98324B3685DB749A4BD65223375BBD653E7D4,827,1170,RGB
926,page-0926.png,350877,695ADBC436A76D2E813BC4B68D222F8B881384866DCCD1167EB785BB8CEF0672,827,1170,RGB
927,page-0927.png,309716,C99DC41C75F748B8319F8F152CE16ED1D90F4D1114B20442D3C3A2BE4F27E7CD,827,1170,RGB
928,page-0928.png,325903,9C81A88FA792EBCE74A7FA07109A4EE30619DD493255FF0F1B1A9A3D440DEA53,827,1170,RGB
929,page-0929.png,360800,D1B6A0DAE004F8D97E3D253BF63AA9BD8070A4244A00593EA6995CFE758C5BAD,827,1170,RGB
930,page-0930.png,313685,89654B43497BE2FBA67786FDEFB3E10566A8001096497DDB30FD4908CBBFBCA2,827,1170,RGB
931,page-0931.png,332375,2FC848A5C1CBCD65B75EC026E8A3BC5A397F17CFE088E85499B8711492D1F528,827,1170,RGB
932,page-0932.png,347709,20E674A072583C3990466A42789D211BA639B97E4EEB3542B18D4CE816F836B8,827,1170,RGB
933,page-0933.png,365291,FA490FF991C63684C46FF5E8E5D9D02234D10B9156FC020ACCFBDC92108090C0,827,1170,RGB
934,page-0934.png,354847,8FD267524BA34C35010943B1F672CDFF3B57629556174E1938E879BB6C1076F2,827,1170,RGB
935,page-0935.png,380037,07C65EC7FA97A3F3122D4A42156EE8C57B92FA01A0C79A78C31939920738EAA1,827,1170,RGB
936,page-0936.png,316209,E2266070E39F43FD701A4C077975E5DE653AB0959B230D8847FED8114B2372EF,827,1170,RGB
937,page-0937.png,341355,0C9CCEBCDBB8DC4004C8FB61CA58D0DCED5E13AEAFE816498B2D925BF1C648E1,827,1170,RGB
938,page-0938.png,339746,B0819D1C35533F2B9F94B99AA8B2C391EE6FB498B4CB934AB39689AA4360986C,827,1170,RGB
939,page-0939.png,303965,82A00F0E818C4E177B3AD8CED26901FBAAC7FD5482BC6EEC22233B04F911D562,827,1170,RGB
940,page-0940.png,320883,35BC24E7E653B2F58DD8B3FFB44DF8428F8B58F9959A3F9E18610FD8888CF110,827,1170,RGB
941,page-0941.png,286440,D85522CC733ADA39A12CAECFCE159D3D2E73300D35A48788EEC6D0CF4D130C0E,827,1170,RGB
942,page-0942.png,280950,6B37B0E32AAC481469546B5B32990146D2A84B1A9BAD92D5078FDA831E37B4DD,827,1170,RGB
943,page-0943.png,308752,5538E06B016380F32EEF3F989CD8C005ABE48E7DF71D3306FDC463826C65E89F,827,1170,RGB
944,page-0944.png,257061,7B2D2C2A38AB76E1BEA1DA3D41CB34169FF07D91E3ED172D8C5662EFD8A75442,827,1170,RGB
945,page-0945.png,264645,E206DBA410F391B082AA4E5E3589939411DDA4CFB83CADD226C8C0AF4B8EF79B,827,1170,RGB
946,page-0946.png,222874,E6D6A1545FC78B4DD4CDA8C42DEA459F38B7FBB532B54C297F075CF6C9FA8108,827,1170,RGB
947,page-0947.png,216028,DAA53A101ABC7F673B863B4DDED29825917D78683799C7C9A831F9F20F4FE47C,827,1170,RGB
948,page-0948.png,248066,492B284394A55FC9DE3518D9AA4679B33482748DB5C18EAF9F79DFB9244F4C27,827,1170,RGB
949,page-0949.png,222932,9895BE6DC091A76B6B19467D01EFF02E2BBDA45B676C2A1977A318ED8A881ED1,827,1170,RGB
950,page-0950.png,211637,3569BEDD778D428A796AE170ED1BCAADB76AEA2A0384D7372A3EFAE97D0DDBB6,827,1170,RGB
951,page-0951.png,243672,6BCFE8990FCCE298D8C68CAED3DEAAC9112E1B87BE8E0032FFF7431DCD52E982,827,1170,RGB
952,page-0952.png,276236,8EB348278B6625F5DC46FCDEC7D3B2B0263182640A49D72320E5606C3ABC007D,827,1170,RGB
953,page-0953.png,288266,1F817AD36C1F58F8CA647C98C95BF0FB067635F50CCE969ACB50C4E3796D5CD3,827,1170,RGB
954,page-0954.png,333573,79324BED146F319BAA95868F3537E1A6E5EF21D6772434A50E97A4D90E2006AB,827,1170,RGB
955,page-0955.png,325621,892FA8C85EABA36B80E8015D7A3874DF070E4D276454BA0C0526581F820ED945,827,1170,RGB
956,page-0956.png,396608,18B1D5A3DA9FBF4BC7A84310F587A322C5287714CED1FE48193A7293FFDABEF1,827,1170,RGB
957,page-0957.png,309984,D4B8C1629A185988A58EDBD0AC65B5D2A5BE6E18422230EEAC229DEE22C06068,827,1170,RGB
958,page-0958.png,270855,58D8ECA4550BA20DD44397BD59AF724EE5C94BCA3487C5BDEDAE910972822024,827,1170,RGB
959,page-0959.png,50489,DEBD265E45F3EE0F998747899E8B6E6F6A257A705DBCCB977BD12F6BD87A8602,827,1170,RGB
960,page-0960.png,256707,8F2AF52BE7E024BF2D8F9299C5875C8C8FE98F79257B45872CA676C18A210315,827,1170,RGB
961,page-0961.png,223697,A5197BA41AAA11849DF77951BC8D18750AF7D24B932E0137BD92E33091F2306B,827,1170,RGB
962,page-0962.png,216807,092E01DDA06DDEFB957D895C48AC81DDA0EDB2FD1A1F70FE0D6F5A486AC5B245,827,1170,RGB
963,page-0963.png,202253,724FEDBEBD662518BB4C11D03CD80D7C1B11867338BA7C0F6B727D2C6CF32605,827,1170,RGB
964,page-0964.png,298998,035CFE4759621D2E8CF0DC6FFBB93F1305DECF0E48DF97DF63C67026B17EE4B0,827,1170,RGB
965,page-0965.png,311066,3080A743D12E6D926D09F000A0CB740071AA2BD296CF4F59E0298FB872D5B48F,827,1170,RGB
966,page-0966.png,310606,4B33E4ACAD94B52AF991D3FB0B5ADCF5F0336EDE94352852F9A2EC460C09F22C,827,1170,RGB
967,page-0967.png,264819,671843B042D694AE0C1739EB89E068F73783ADE70F991F0D74FACA68E3BF3758,827,1170,RGB
968,page-0968.png,277092,8BE3989AF612AC21122DC570DBE49B6FD6C83A01B1FE53F0AA95DB7BDC6238EC,827,1170,RGB
969,page-0969.png,201609,46210862CD31B7C1D3FE647E3DDEE12E61C630B1A5F4BBBEC1C6C3E710BE5B2A,827,1170,RGB
970,page-0970.png,247116,64F31DC151162479C7AD9C2E7CE36E378118E3824ABCC937C876EF1965EF49BA,827,1170,RGB
971,page-0971.png,262346,5EC4D35E84954C783F199B3EA2BDAB696CF8475B91745142FE8B6B0E66DC6081,827,1170,RGB
972,page-0972.png,232615,195638BD80FCE6EE141F2F810B981C33FC3A52CF3E0B916DE0B51C159DA81833,827,1170,RGB
973,page-0973.png,331629,B4D9316CA15DBD41CD5A8FF5D81086C5493ECF878880C6CF598870F5958CD867,827,1170,RGB
974,page-0974.png,214932,1A39876D0DC75170E6AA662DA1EA540C90B92FABB5C2B32894D69ABC4CF9A31A,827,1170,RGB
975,page-0975.png,233620,13C24C664EDD8D231B741F778D55735CE6D03999EB33D5524205736ADEBE96F8,827,1170,RGB
976,page-0976.png,272854,1B4DDF373CD9ADEA9CD758084C079C29B444C65AC8EF905FB044296274A0C057,827,1170,RGB
977,page-0977.png,328888,0F12EA2ED3E201742CF68D9A8B0F3852AE253D9D43B9D2CFDD7F626A68C558DA,827,1170,RGB
978,page-0978.png,369904,30B0D2AF8330C2D58C25BFFCCBB87FC01549C78B0CA87FC34BDE4C117EDFB148,827,1170,RGB
979,page-0979.png,259889,212E93B9548D6768C07B6D5B9102962A8F55AAABA708E775FED04338C137DB58,827,1170,RGB
980,page-0980.png,272732,4D906AFE1C8FEE7ECAD8FD78EFA9DB33CAE9CB7668B364CBBBC588E7EB7C4086,827,1170,RGB
981,page-0981.png,310407,C341DDDBF54C4F26B7A860BA4BE1107F8DB7D937280E3E142843DEB338D69F65,827,1170,RGB
982,page-0982.png,375980,D893A0A25A24011D5E5F32603BC3947723DFE136449E8B757646D0E2B4A39E26,827,1170,RGB
983,page-0983.png,320044,2B979DCEE98E4508A1DB4CAF8270B2A3C14724E0B194139833F9FC3B009C581C,827,1170,RGB
984,page-0984.png,236611,90929C9ECFDAD501DA1557EC0CDB7A18D9448BD6A0FEC432A0ED0BBF165AD54F,827,1170,RGB
985,page-0985.png,302239,269EABC13516AE500B313620D31687BC067943B1E3F5C3A55E540C6B0CE6167C,827,1170,RGB
986,page-0986.png,299387,FB81E07F5435E6E2D1250EF02141A6922B410C41C09141F5B0061FEC4F02DCE1,827,1170,RGB
987,page-0987.png,246754,274E8316848C518B244E2D680C3E830ABD7E98118180319380B39DC94A382E24,827,1170,RGB
988,page-0988.png,312876,834A1154A072D1C57F311BC8CF49B6206703CE70E1E68A46E799BCBBF4E11780,827,1170,RGB
989,page-0989.png,278025,A5D13B93D7C252C3B557DD6E7A0515D89CA483081F67BBAC1D25E5672BF4D08D,827,1170,RGB
990,page-0990.png,304685,C3B6553EDC8060E9681BD6FCB6B0C4AFF8222F68906E1C2EB037E564ED8748AB,827,1170,RGB
991,page-0991.png,305940,CAAF3DA7D50BFC8CFCBEE761D28187487DEBE56DD8A011CE082E1DDEDB48EA08,827,1170,RGB
992,page-0992.png,317699,F9DE15C407E8858A37A978829DE06DEE0DD83CF21C8C102DF3C2B723728A90C3,827,1170,RGB
993,page-0993.png,377778,7330029DFCADAB2EFBEA28FCA5F2D585FE000F06AA3B189C99123FA38AC30F62,827,1170,RGB
994,page-0994.png,272594,8494D0D1EF83DC98DB81516A252A0470658055A2A1A533271290DF34C495AC62,827,1170,RGB
995,page-0995.png,281690,DE0B93CD6095F4999945B886B9588E77622A32B79513E6196960884A504355E5,827,1170,RGB
996,page-0996.png,233625,1CABF792DDAE9B8BE5D7F4B005CC37D7F2C2C07CD170A4A275512DE2795D56DD,827,1170,RGB
997,page-0997.png,294056,422CF668CB5BA365E6BEBD6D54A56020439BC88643685CDEAC8421196345557C,827,1170,RGB
998,page-0998.png,297698,980F91EC5279542460270BBA097BEAAD0E695670AA5FEF9A4B45AF8BE6F4AA3A,827,1170,RGB
999,page-0999.png,305319,D816950E3F60BF6DB81BF85BB13722E77C60B55D70F282AAE8ACDBA1FDF8C35C,827,1170,RGB
1000,page-1000.png,261751,DE51D15D58EDC32083D9C0D693D067EF4ADEE5DB1177BD30F265B2733DDDF833,827,1170,RGB
1001,page-1001.png,232036,857358845DF7F2038362FCF5B51AB27E2F6BC83C5138B7BA4CF53162F97C8DCD,827,1170,RGB
1002,page-1002.png,250711,9912DCF969ADB3F65C3AD8621740D59F09B23E209DB36E4DC40944C5E019368C,827,1170,RGB
1003,page-1003.png,300575,F9A04E380D2799EBC35640107FB712CDFDF8C3C51D7ED561DDFDF819055EB9FF,827,1170,RGB
1004,page-1004.png,307027,E74B40436E825C79301C6F5C3EE01510A981D50C837B49405B1A1992AEE12FD2,827,1170,RGB
1005,page-1005.png,297799,79D8DB5C8AF3F27FBCDFDC0A8A3F2DF15FFC996B734986343820249E6C0EC478,827,1170,RGB
1006,page-1006.png,223763,71C3FCC25481BB951E1F37C2EE67871124B95F06215F503527D864539DCE5521,827,1170,RGB
1007,page-1007.png,187320,E30AE3939E6043DC927EE0A9235645458F2D35ADAF5AA365980D93394BD5B343,827,1170,RGB
1008,page-1008.png,235514,F0D620E5E5ED71D33838195E30CE89ADA31EA583AB0A64E436FEA15B7E097869,827,1170,RGB
1009,page-1009.png,226535,8796F605FEE1CF8BDB3C95F71784C4CF41CEDC1DEF1FC7F40B938A3AF51CC136,827,1170,RGB
1010,page-1010.png,225754,701F6B2A21727A70C12E24BB574F2F16BE3B8FA66904075A22765F558C4D84AB,827,1170,RGB
1011,page-1011.png,214903,1034D4B6C22D1A9519E29EBE3B94F9FA322A49708B7ECF8A5638CC64351D6D97,827,1170,RGB
1012,page-1012.png,238183,BEE38B485E8AEA852CD818FAC05C13AAE911D14F401555BBDA443F218490579B,827,1170,RGB
1013,page-1013.png,287803,50368BBD57219A344B0DA811DF4666DB1B16F4EB467510CC164ADE54670FCF28,827,1170,RGB
1014,page-1014.png,214830,01885FB7BF359CEC20386A69AE3B976BE0B09D2EDBC14A320938B00A3CFC6F9C,827,1170,RGB
1015,page-1015.png,282625,5293705309D806550BA26C838DE46C2D86CB0696A9AE5E43406E4EF5FFEF367E,827,1170,RGB
1016,page-1016.png,273148,32BDF6C7311302F1E95F1E3D5449D85BB3BA3A6992D0F7A910AD3E88535C0D0D,827,1170,RGB
1017,page-1017.png,326957,B2C26F6465FB7AC261B5D4CA3FF3284F379E2C2FEA601D41A9E02CBFDC2C7BEA,827,1170,RGB
1018,page-1018.png,286352,0665E88EAAD4BC17630D24DA37A0478C1156943EDFDAF1D57A76C0F0D4F56995,827,1170,RGB
1019,page-1019.png,303180,2E26A1CE14429D90E69BC0520A01E0755F03AADFE3EB033F8B1DB435081CB880,827,1170,RGB
1020,page-1020.png,282312,CB7117E73B1C2377496B1626A771FD920F66CC328D20A59EB4F6494E6B26705C,827,1170,RGB
1021,page-1021.png,307747,27E93BE326BEE1FCCC5C8BC22D5FEC1F220F36F34AFC7CD00C82A86BA358776F,827,1170,RGB
1022,page-1022.png,263342,47EBED796E890F3BE32200258CC0B519A2E9052F1AE351BB1A56D9647063E2E1,827,1170,RGB
1023,page-1023.png,367689,6D92B7DC5111CE00B22857FD9F28F02C3A0C18B88C2C38A2B4D4640F3AF33DF9,827,1170,RGB
1024,page-1024.png,346117,77B4931E3E3E4F1187292929264A13D27D59E6EA6BD31BAEAB87007BA3A1A0BD,827,1170,RGB
1025,page-1025.png,317599,8F21B6ED0F633190CE05D9C62EE5D09708BD5E81B879E606946A04A325697DD8,827,1170,RGB
1026,page-1026.png,236879,8D61BCC848E11922AA767EFB1FED02D32C97AEED9CF75DB3322392FEE1B0C5E5,827,1170,RGB
1027,page-1027.png,307913,AFE3E85B0DF7E6E4667873E707ACA94766AD4D9A5C9754E940D93EDAE7492E14,827,1170,RGB
1028,page-1028.png,324090,0CE922C06DFD7C4307E340CF2E6C4EAE5562AD3E272996F78C0607C4B4D3E45B,827,1170,RGB
1029,page-1029.png,353896,1B761BA7E0677AC8C7702880F167365AF6832CE08E9F8ADEB7F47060AA1F8010,827,1170,RGB
1030,page-1030.png,275586,3BF327C5553584B974A883236E86A53BE2441070815118F113F78E9F61E655AF,827,1170,RGB
1031,page-1031.png,304465,A4D120CAD8523E4688F2F41D4043865B841BA5C7DECB598DFDA0853B979D690D,827,1170,RGB
1032,page-1032.png,338090,EAB20449C29472A5011921A458F3DB97C75373C1E63DD64168B21F5D4EB94C0A,827,1170,RGB
1033,page-1033.png,317239,D39AFA38EF73EE1908E5E3E434C7652C4419F7265542118D6E7E5BAAA4A82BAD,827,1170,RGB
1034,page-1034.png,301488,A3CEBC981E67F8AD04FB5D88DBB7AF0076480BA39A3FAFC9B1107FE8A848C8B8,827,1170,RGB
1035,page-1035.png,332531,D424476109706E6C3E4D48954ECF92B86559935C136A7CDD5731A7AE640473E3,827,1170,RGB
1036,page-1036.png,316824,330EE1B928C841948B4682BCB0F678B92BF716729A6E826D21C66AB0647C4961,827,1170,RGB
1037,page-1037.png,259161,575DA3985DADA31E5891CC3ED2E19F205B56161BC460726175F565DF8E97A646,827,1170,RGB
1038,page-1038.png,244560,4781185B675E21CEB1952282C2DAE110E001C197E07F57A0B0C811A3BF275698,827,1170,RGB
1039,page-1039.png,307173,295CB818C6DD00CFC0E92ED57E798226D5C73903FEC6A66552511C09C0FA298A,827,1170,RGB
1040,page-1040.png,259132,BB71738FAF024DE4110995BCB5CC02E3717CC1853845057D20CAA06DE79BB95C,827,1170,RGB
1041,page-1041.png,302374,66C07DA92016E3AD5496ADEC4F9F4DD20BB2F29BD3B92EA909CFABDF02819857,827,1170,RGB
1042,page-1042.png,280991,D028A1FEC343E62086631B5EE338D8D3DA6ABEECA7BC09E8AE47402BBC1D8728,827,1170,RGB
1043,page-1043.png,337574,06914691EFE777A614180D399D44973B9857E3FA6F6A18AD7F1AE99FDFF3F46E,827,1170,RGB
1044,page-1044.png,22414,473E3AA5F14DA7F098FACDE9804F2B300BC5635257E6EBA90DBC4813AC72521A,827,1170,RGB
1045,page-1045.png,243898,843E09FE0AC80F17ACC5C1EC43244B28B69EE9B68CAC3965CB09699929123B2F,827,1170,RGB
1046,page-1046.png,191344,7A9B1E327EC82393C08336B350B7FBD5747479FAF7E2EEAD56451F3DEC16CD30,827,1170,RGB
1047,page-1047.png,279403,186B209C29E1363D24E18ABD315C9993FF7F8D61631CC32D875B92F4B8F75B0C,827,1170,RGB
1048,page-1048.png,177139,053BE8F7B012C3A8E85912FEE0E94353F59090196A20AEE16DF8083E431B8770,827,1170,RGB
1049,page-1049.png,224985,55E1D17217E2BBDE8DA028E697624512CB80878C8BE77D39BA5E10876A8515E5,827,1170,RGB
1050,page-1050.png,204602,7277A5A0236B33A14C0370CFD7C6B3D2EFE9E53B3200FDB7CCDAF7F75A834A29,827,1170,RGB
1051,page-1051.png,314964,5F952B6694DAE33BB14DA66DB03C97DDEFE3A93FA204000896AFB72626D1254D,827,1170,RGB
1052,page-1052.png,341741,94B6016B0896826BCCD378BB8A1D372A5C316CC76ECCDD1C71AF6AB0B3039092,827,1170,RGB
1053,page-1053.png,303394,F586E846FD7B7BE2CCAB3F0980908EE453B4D5E9C49C981E74E8CFF67B66AF0B,827,1170,RGB
1054,page-1054.png,313960,9103451F8F4DDFF72666143A767126F08BDE75E080CB640B2775F57C30BA55FF,827,1170,RGB
1055,page-1055.png,326546,D4E3BB532DC8816F6F6812B5CFD47B8D17FB6101B529289F5D544A24235C5EAF,827,1170,RGB
1056,page-1056.png,330326,3864F4002A6B3FA644B199647B97A502AC0ADCECFDF41B436AFC7CC5EB10D266,827,1170,RGB
1057,page-1057.png,329616,0F4E38ADC7C3F646DE0368D43CA1D61A4AD3C76BD425AE9ECC5791DC72788A5D,827,1170,RGB
1058,page-1058.png,261009,3DAECDF950492E075AAFE38C2718F38F65C735683CAB49D287BA0541B6C8DA84,827,1170,RGB
1059,page-1059.png,335155,95CB12339526F59E3A2FBE27BF004E20EB5BE27F91460FD6FBE986E43888690C,827,1170,RGB
1060,page-1060.png,315567,1186BB3BDA3FC0C6873B7B389080E0466A45407059E50B2C33CEE9EC93BA09EE,827,1170,RGB
1061,page-1061.png,230054,7E98E6818F404C75A38F2CB2BBF8E517D581A38613BDD98446CC2BCD17EFD56B,827,1170,RGB
1062,page-1062.png,282250,44E1898F95E1299FFA0626A3DEBE77523A3F4184FD3B8A99A25AB45989B4B35B,827,1170,RGB
1063,page-1063.png,247672,0B71015197176F8F27728E7D389E8F2F83DD0795E8DE47E0462E11A5579AEF23,827,1170,RGB
1064,page-1064.png,278832,88E4AA254ACD4AC3432C13592A7A46D5DB6BEDC180EF3CABE6CD0438EADF4BB7,827,1170,RGB
1065,page-1065.png,177590,E0E3E54081C2CC143CC57B3C7CA7DF5D61737175264561611C8EB127676430AD,827,1170,RGB
1066,page-1066.png,205755,CCA2DF20F0C8ED6594378875773F2471674F08C1C445F5658CCF23BA69A4639E,827,1170,RGB
1067,page-1067.png,292104,D56B1C8FF44765756631C46086DFF6C5D3157DC2D64F87B0C95ED38AE8176A25,827,1170,RGB
1068,page-1068.png,256939,1337B23FB8318B06F1B8E725BB647335F996DC9A020DAF33193A97BA278C2693,827,1170,RGB
1069,page-1069.png,264390,A671F14829F79BFC1FE85356BB7EC7823791E24BEEA8132A972160806D068DA2,827,1170,RGB
1070,page-1070.png,275331,F65F7733E763C3503B9F76F43E739C2A1AE77C1B6656E5229C67D9A296BC6C65,827,1170,RGB
1071,page-1071.png,281920,2114CC9A8503B346F8DDDBEE3D3CC1ECECCA594C88A38886EA46987FFA6329A3,827,1170,RGB
1072,page-1072.png,240700,8C08C9FCBFBDB8A39FED05B3A59FE912BE5B2458A63320A52EC3F2BFD4D93876,827,1170,RGB
1073,page-1073.png,315172,6BD65F081022178FBC09DD14EA391051DE9BF4F57B180792818059B99466C880,827,1170,RGB
1074,page-1074.png,293219,B8C13571A4D5B04F83840F0328AACF3EB76A964D7CB4F661E5458BC3D1E5BE04,827,1170,RGB
1075,page-1075.png,312214,ECB77DD2B4ACFAD8FC7DBAA1DFE129ED468B418773DC3349BF161F81A790672D,827,1170,RGB
1076,page-1076.png,222625,41E4C5506CC773282711527CDE8678555CDB479FFB15E57EFB66AA8CEB0E798C,827,1170,RGB
1077,page-1077.png,213083,A70EF4EE85546B28F0D0E6F8A2E2CDFCFC9BE83B75C9496F98EE069D39F2202D,827,1170,RGB
1078,page-1078.png,254860,EFFBE147E440D966C1BE68DB1CFADAE6451880928296BADDD056A554D073545C,827,1170,RGB
1079,page-1079.png,317800,898B7F9E44315BEE37B6F26E5950622F2D12AF59322518168928DB90FC4D9842,827,1170,RGB
1080,page-1080.png,284258,68C7FD21A23BD569D4BBE6981C9E2CC018B1970F33006207A89601FCC7981D5F,827,1170,RGB
1081,page-1081.png,299147,19DBF2D6D1A6E7E09BE12EAA11EBDEF323CF5DDF0A9D6F163BE37FA535B585BE,827,1170,RGB
1082,page-1082.png,300931,3A37BE5C2E33135EAC53869CC602397F32F5EE016EAE0E3F333699860A5ECAD9,827,1170,RGB
1083,page-1083.png,320402,72C63ACC21BC78690B35D3B594C3F5D0DBA80081CC1AC4CA08D616D9AE681220,827,1170,RGB
1084,page-1084.png,289148,4FA761A9EE91771A986EEF3DF65F98C0B6BD17B746946D22A5B6979DFA482BB3,827,1170,RGB
1085,page-1085.png,227054,2F1C30854538D472B925792984E02B1A0618ED2B52E337ED81527B8528502DF8,827,1170,RGB
1086,page-1086.png,119030,876370586843FCBE2C1839B396E0116F36FAE01FC30E6ABAE0645294B966A627,827,1170,RGB
1087,page-1087.png,183228,52FC06211B8CCDE1A2BAAFDBA9FA0B155211BE0EBCAA4BD6A706D27CAB7FFCC9,827,1170,RGB
1088,page-1088.png,240320,2C0E24F4D79A27661A396846CD3B692B5BD51B2224799CEE293BF6B7006719B2,827,1170,RGB
1089,page-1089.png,347503,551CBAB03539DB73A8DDC919A65743B82C4E196F89DD06BBBDE5A7690D745C8D,827,1170,RGB
1090,page-1090.png,321900,9F4EBBFEE8167F959321F23B92FEDA5036515C9BA37C8DB5E60677752E01C6A4,827,1170,RGB
1091,page-1091.png,284605,29FCFACC23C8D3D201CCC2AB3062452E61A5CDB77905148B2C9731E2EAD0CFBA,827,1170,RGB
1092,page-1092.png,261177,7A2608AE3FCB280FFFCCE1A583172F837245046C38D8525333CBB3015A4AE13D,827,1170,RGB
1093,page-1093.png,260814,D027A3FB06063EE176DA4006A1BD03E46D0EA55F828AA54A1C02476C891159A5,827,1170,RGB
1094,page-1094.png,238219,DE2983F17469379AF210C0099F8965EFA449686277BF6E8CF1146A6CBA834226,827,1170,RGB
1095,page-1095.png,196755,D04ED507ED33CAE75C2B7771E016AD3DE24AC7C086BE1CAD6AB2CE43CE0E7F67,827,1170,RGB
1096,page-1096.png,350447,0E1BEA828B24FFE810760AD2A7D8F5F7A2ADDE167B087E58E83A14938995CD19,827,1170,RGB
1097,page-1097.png,215352,357351C3EDA5033F557E836780995A695555744140D474D52DA5BAEF700EB1D1,827,1170,RGB
1098,page-1098.png,260853,B8F2DB1EFABE6FD05641B81DFC411D8DFC72ACBB94B74F1A8CD2A16FD1700CBA,827,1170,RGB
1099,page-1099.png,265586,BC8E1C9C902886EB180A2D4133A29A376DEB905C48DB0F9D2C64487C23DAFBFB,827,1170,RGB
1100,page-1100.png,273984,97ED0EDD80C76CC12DE25B18EF7751446C850A46129CEB6BA6776CC4905DEC42,827,1170,RGB
1101,page-1101.png,263908,2D61AF0169C5CD46DA3AF6A92A347237DD2A02A75C4D0181EB611AEF264F7240,827,1170,RGB
1102,page-1102.png,303647,DC8F9534FE6E5C9431612427C33F8AF19274279EEA6081D97ABAD5D147DF98A8,827,1170,RGB
1103,page-1103.png,259792,C3B3DA160DBE0EBF3505A8C4AB60A055D63171AD792E6AB35606EB71E1475E7A,827,1170,RGB
1104,page-1104.png,359273,FA876400BC94DCDAAFD4A6CDD3AA41E424CAD87C7B82A5A719F4316A1FB34AC2,827,1170,RGB
1105,page-1105.png,289015,B7665D107C88920803ED6285D60F3F8CE2F00CEB97132C1DACEA095FD8E998E9,827,1170,RGB
1106,page-1106.png,297986,D800116B6DA142E4A4B900A68ADE6872DB8F757443CEB7F29D45EFFDED5A7B26,827,1170,RGB
1107,page-1107.png,368196,E728D291C52FCE642A51BCC96A4A49FCDC7BB8C3A70C40676A2576DB1A54DC66,827,1170,RGB
1108,page-1108.png,361709,0BC7B3DD5C767B7BD7B685717305624BBC2228D2EC8F9F473206282CC9A7BA8E,827,1170,RGB
1109,page-1109.png,302337,0258498C585C9CAB2B80DA45C013F2255E40A322B66B364C794C815798718AD8,827,1170,RGB
1110,page-1110.png,238886,192FAEAB0029B0E88A6AD019A8EB0D638DA2D4A7BC01806F0FC7DFB405045B2E,827,1170,RGB
1111,page-1111.png,299472,8F3BDF43A0AC383D494144E80D2B40568C59AE0C18D16E7900B9B56B37FC85F4,827,1170,RGB
1112,page-1112.png,274854,DB985EACF894B6B1A2B6D6D818D9914B43D516773B65453A087935F566892EEF,827,1170,RGB
1113,page-1113.png,338814,C85F8236496B092A655AF775B830364F469B959966F0FC5D9DC150A5B167A7CA,827,1170,RGB
1114,page-1114.png,281138,5F6D4471C55EEB9ED561E4976A4FDC878F7D3645AF6863FDB1240BBA7EA04A5C,827,1170,RGB
1115,page-1115.png,301254,66466DCFB765A67B8EB3CAC9BDE4AED5B4824A57C231BC620B89ED621942576A,827,1170,RGB
1116,page-1116.png,305126,8D9610C46DA6EBAB53EF1CFEA8A3310CFBF31D5150A6240CC72BCA17D4F8744F,827,1170,RGB
1117,page-1117.png,278807,6EDCF0D7B66DE9F3ECC5E8062A368DB73171400CAA307B3FE9B71C0D89FE545E,827,1170,RGB
1118,page-1118.png,346772,C14838B203D9C6FE0A9BD829C22352E17F4D9D83B7C0A34539F627868715C88D,827,1170,RGB
1119,page-1119.png,292667,CC11D425BAE1ACEE9FAFC78B66F7CCC0FC0B05EC933C9227DA5349CF4B1C0764,827,1170,RGB
1120,page-1120.png,358647,A61D1E3E8BAEA6D26DCEA4646C5765414018A9E97AA7B181B08603A6185630DC,827,1170,RGB
1121,page-1121.png,321548,3E52C3811EB5A1ED44993DA603276CDCDD2C1BC90664E4765B42F56A72D609B4,827,1170,RGB
1122,page-1122.png,257692,9A1249A89F416D1FEA39F416D982BF9B34124DCD0B8E7C84C9B75BF8ACAA161C,827,1170,RGB
1123,page-1123.png,289463,D8A74FCE10E555D0BB66F92346397E3821114E5B856980E40058254174DA5FB1,827,1170,RGB
1124,page-1124.png,265889,E77A9526EDF4C745CFE901D624AA077C56C298386903DB702F813D6F3F69489A,827,1170,RGB
1125,page-1125.png,263521,B89725BB3CB192A3457ACACBBE2645E74BDB4799BAB3120A3E027882EEA108A4,827,1170,RGB
1126,page-1126.png,268870,0B1C45CC0BE8C3432946A5ACE62BD2E0AD374E5EC629AF514B15C0CAAB90CA9C,827,1170,RGB
1127,page-1127.png,335369,A7E5AF9FDED5C6E447F6BA40ABF21A1CDA5F93AD7684D366EB13F34A45908C83,827,1170,RGB
1128,page-1128.png,336934,DA2E3142DBB2A0E0868284F804AB601D671C491783841E35879FA431215AA5E8,827,1170,RGB
1129,page-1129.png,362448,66E6088A357E8AD00885447AA4F800EB551953F56F5D0D77F518564A6D1C3B49,827,1170,RGB
1130,page-1130.png,321067,46501546994E0601DF461D51099221B5F860CF2C47528B68483854E40B173E2A,827,1170,RGB
1131,page-1131.png,354308,B6191584438122EBFF4F768BB23156B29F95B75D6E811DD035CA3307FFE85AFC,827,1170,RGB
1132,page-1132.png,391129,2C4A48797D823067860DCF833094EFB8EE1EFD17CF7A0CB1EAD7E21838BCA7B6,827,1170,RGB
1133,page-1133.png,101186,987458DAD4CE17377C832EB9B4D8BFDE22A40F2C1C664ABAA3FD964BFC3FCE98,827,1170,RGB
1134,page-1134.png,300562,6387C95BFB48731FE84C5E0E8CEEA218B013CC216DE91B85D161AFA35760CC0E,827,1170,RGB
1135,page-1135.png,262508,9D9847BF6AFF7BB9B77A3A5B6DA5055460C1B46025A5DF0AB6C5CF9BC85AD0C7,827,1170,RGB
1136,page-1136.png,302224,43CBDD7305A13447E784CDC3E47D63AC5D212378082C1E9D963A081A37D63983,827,1170,RGB
1137,page-1137.png,224191,FC07A940BED58C6F71E28E6C58B84B159DFA035CFD89C9F3D684B6B85032242A,827,1170,RGB
1138,page-1138.png,352062,6CA1008021B52D2EB3A1E851B9C795C1D6118B07527BADE7EB3F6608A23529AE,827,1170,RGB
1139,page-1139.png,317543,DC4BFC575F4D6BE9DC65A2D099DE32BFFDDB258543AE28BEE3734FA32EC3D2E5,827,1170,RGB
1140,page-1140.png,279619,2B3FC5ADDF9DCB1CD81403117A9E483320B5B9655AFFF1D3FC51A3541E0173FF,827,1170,RGB
1141,page-1141.png,249766,65C07CBECD1B12820E3E26DBDCDA9289F1EB277E9C104DFCA47179DF67C0171F,827,1170,RGB
1142,page-1142.png,292616,D05008D1B9C21551E258C8934808382B681714C8E83A1FA5B90FD2AD91843771,827,1170,RGB
1143,page-1143.png,225791,98E338AE6093EF3E443B4E42FCC6C87415FB8627C8DED6627F467FD372B63B9E,827,1170,RGB
1144,page-1144.png,353511,B840E8363E5656023A9B1F82D57A208B480FBD1E4E609BC41353ADE073402A74,827,1170,RGB
1145,page-1145.png,284273,2300D4F4FAD689157BCF44D180389453661A44B733CAF3B3D81FA91453995405,827,1170,RGB
1146,page-1146.png,268020,8ED7CD0434A3229EBF18F4FC88DC7CE797D50D8CF655EFC55780CEF8BC93D6E5,827,1170,RGB
1147,page-1147.png,310842,F24B6A5CDC52C015A73CD8BEBD3E319C6B3E7C399B1A13AD88B8A920C53401AA,827,1170,RGB
1148,page-1148.png,208833,545A5E3C9AA4C94B060164797A0804DCDD3AFE2BBEC681E9C71DC8BAC7CD77C3,827,1170,RGB
1149,page-1149.png,292045,C53D94C04418B8A5B78C02EABA95E32BDDDF93AD772015AFD1AABFEC6DA85311,827,1170,RGB
1150,page-1150.png,265661,E36608E8C76FE074178BA445CDD6A799CAC306AB9A36DCAAD536A2DC5232D6B9,827,1170,RGB
1151,page-1151.png,277553,85A24F4C27B7EBC4629C91269B061712C866E2E67039B18416FF118D3596C86C,827,1170,RGB
1152,page-1152.png,280910,424335AABE5A0459509B4A4B25A336373927D6310A899B8D77200D208F9D5A0B,827,1170,RGB
1153,page-1153.png,266782,FCB033111B9C950C9C03E0517282284DB5123CBC8A0376C57A5185EB47F4C903,827,1170,RGB
1154,page-1154.png,272654,87CC57270D2AC4F86E7796A4CF0DE97E28145FA8429208387ADC6C6E4739447D,827,1170,RGB
1155,page-1155.png,307336,D3571676A5D396AD93EF207FCA15718BA07832749D91342DE1DFDAB8C8E6EDF3,827,1170,RGB
1156,page-1156.png,272377,A9902DBF04834EDA74E117F4FBE24427E1D0F65B666766353AF4FBA9172D8C53,827,1170,RGB
1157,page-1157.png,336322,1FAD81AC6418A4931C1A7A1D821B8FE2AF17E5B74C57333F15080126072AE0A3,827,1170,RGB
1158,page-1158.png,236012,B41A159B5371884C23AB46E9D88BCA70F5354312583DA18D003019F00121FA68,827,1170,RGB
1159,page-1159.png,243868,E1BB4EB56DAF6D524E4FFE9A99835448E5C9C580B533CA1CF4A6B35B233DC293,827,1170,RGB
1160,page-1160.png,280216,57013CE7F84B8222D1222766FF048F71EF85A2725FA9B1FE73B86B84E21AAE82,827,1170,RGB
1161,page-1161.png,263656,6D42170B42A044D9BBBBB6136D5E1F8B740645A22FC6BBE791F9CCC0F6307A69,827,1170,RGB
1162,page-1162.png,340036,C5DD35C2E02865DF6949DD084D187496776D54C12AAF1AF1DCF6FC62F1F581F1,827,1170,RGB
1163,page-1163.png,259142,0DFD80B03EA54A9A960BD6C813960410B606AA2DFB507D87FC059491A5CB2190,827,1170,RGB
1164,page-1164.png,272800,17AFBC1AB7E9C29487C3DECE5BBEAB9106946218BBBE3D12F89BBABBA86F93A7,827,1170,RGB
1165,page-1165.png,221301,EDA6C61378705714D39847EF3955DE6CF4DFB68DB5DB72490694B7DB68C51C97,827,1170,RGB
1166,page-1166.png,277969,1EBA039D280D6A319CE0562A4CB0E79C0D45D808C302A3880B7826A78670EAF9,827,1170,RGB
1167,page-1167.png,262117,B74E8BD6BB56F97A0C2BA8521BF5EAC9A0D1419A98A8CD54094C407FE34C7543,827,1170,RGB
1168,page-1168.png,255785,99EA9FA5A165C5CD6F73D7D567AE75538C22746ED23495687EC7BFAC6A6A5243,827,1170,RGB
1169,page-1169.png,252968,896F17921CB3112AB71C3E8FC0F5F5B8B6B4D049A21ED31C81474A9B0F80691F,827,1170,RGB
1170,page-1170.png,223288,CFDD02B385C12F891EB7965EF6564631E4DE57873071AF2DF13ECD811DFDDDAB,827,1170,RGB
1171,page-1171.png,315261,958DAA5AECCE55A995F992578EC4D6AE7FF4EBE70D686219909231725671B891,827,1170,RGB
1172,page-1172.png,304777,13A80E8665ED5EBF94BE6DC272D6AF0276F6CD42E58346FB0E1FA020CA2002CC,827,1170,RGB
1173,page-1173.png,302524,66215F050876765AED4F23930FF05DD59A2E93099FE46E82FDD60551097EA3D2,827,1170,RGB
1174,page-1174.png,267487,01045BE4E18B3E412DB5B91609C77C9E2BEC35BEF05ADECD49D8BA6FCEA612BE,827,1170,RGB
1175,page-1175.png,272319,80F0AB58914F845595751A0858B21EC2DD77F56B1194B02780B10236EBEC3331,827,1170,RGB
1176,page-1176.png,263382,4FC3A16B67E9938BF34565EEDFF2510E2F07A06B0D3DD05436FEB569F32D945F,827,1170,RGB
1177,page-1177.png,260298,6875CEB28C3A05F88ABA82300F6E7B2A9B55CAC476B56B31A7130107E364291C,827,1170,RGB
1178,page-1178.png,316289,BF73F8698F68363A5EC0FE66BBE20FBECDB49CAD3B3464CD03C43D591C15BCDC,827,1170,RGB
1179,page-1179.png,248714,0324271D9C1F9E0B788C1292361E9B2179A80ED722BDC1839B01BB4070DE7E76,827,1170,RGB
1180,page-1180.png,283742,FE026F834926EBF211E835CF2484DD73FBEECAA53F6D3D0BA9601193490FE53D,827,1170,RGB
1181,page-1181.png,295454,3A635A4C200007FB6D4370585FBEDE45A8EF1FF5860FF41CF5CD946861628CCC,827,1170,RGB
1182,page-1182.png,286647,71598B6C791028A6C69344A80660D8575170DE0EF1782FFD939663BB6E89CA55,827,1170,RGB
1183,page-1183.png,266508,D1423CB58ED2944798A75E412CA73C63624E844B71C5305A786DFD1D4190885A,827,1170,RGB
1184,page-1184.png,312299,A42C98FE53FEF2DE6E9F1AF03B747F79D0F83FFCD28F2B3BA6C728706D34EB7E,827,1170,RGB
1185,page-1185.png,256001,1FF9F0DBBD292D8E2A5BD42C48F82FE03D0F2E311F1E65337C536B623439E929,827,1170,RGB
1186,page-1186.png,272107,C43E66CF953B2764E7199B97309C9BC93C9B10AABC16F5EFE2C1B408E3011948,827,1170,RGB
1187,page-1187.png,236039,1722D4160186818A50F8BCE5348FD228747223A1FB6F7CE768DA85098B960580,827,1170,RGB
1188,page-1188.png,240076,5ED55E377A2D68CD67B37390771995F7CE22C37056ECE894E227798B2560EC3F,827,1170,RGB
1189,page-1189.png,282691,1A13676D223317BE738D31463D8BC9FD6EF98AF368938E27B6D0A8B337ED10C1,827,1170,RGB
1190,page-1190.png,268559,60BD0ECDD30261518B22248C93DD3912282F9C348D9EB0D1134F011C1071CFA8,827,1170,RGB
1191,page-1191.png,243837,20C8C522DE4DE989DABFC80DE2B24F88C88019DF6B16CD6243B0C4AC401B1321,827,1170,RGB
1192,page-1192.png,204915,0D1807141855BDA4239ED20C69FB3484DFBD9AD8DD54A878D53F9F577812CCCD,827,1170,RGB
1193,page-1193.png,246651,3CD2A2C18167043CD4ADC05709103894371CEC7D871BFB4228562420BF2273EB,827,1170,RGB
1194,page-1194.png,244374,4F650F35ECDAFB12E3D1CD0215D6CF6E1F55E6C558566141147CF23852A83DE4,827,1170,RGB
1195,page-1195.png,195843,BB527850149A8EBD508F2099607A01FBABAF2D6D8BF7A8A2D2F196AA5786CE60,827,1170,RGB
1196,page-1196.png,213849,225DFD60A8C8C5248D168E501124A88D1583847764E54F3E5924CA6B9B0303EB,827,1170,RGB
1197,page-1197.png,280484,71AAB5E05178A3AEB4911E028F86047B08574D873A1023EEE91C072F01F1DB7C,827,1170,RGB
1198,page-1198.png,234177,F1B81912E178B4BDB50633BE68782A97BC3078A1FE99305A4A68763CCADF8D30,827,1170,RGB
1199,page-1199.png,312616,941FF29D4FEC7A3A7E615178F5B9DD15BAE30467EAB7152B4B279937CA8077F2,827,1170,RGB
1200,page-1200.png,295092,8D0A58E904CFAA1DC8D61457D15316BA11B3C4270C3B588D21AAF30167B46B98,827,1170,RGB
1201,page-1201.png,217719,90B00144FEDDBE09978DF1E9C2F9E0536D43AF1D4C47AADBDB90AE8454F73386,827,1170,RGB
1202,page-1202.png,215190,F528855207DDA2C4E25944082F8EA07E1175AC50CDA8B28BE98984EC60561159,827,1170,RGB
1203,page-1203.png,272842,0534B1D75277836776FBCCCBF3498031F8CE6899BB173AA87036BCF732D4CC93,827,1170,RGB
1204,page-1204.png,239377,8B98F5433A5A0AE12021C938F36697A2DC18C0CA25D11AD11E0EF2821BEBC2C1,827,1170,RGB
1205,page-1205.png,274150,C50779B6D158427D37A60932E4F697A462C8B01ED10A7DAB0BFEECD70242A3DE,827,1170,RGB
1206,page-1206.png,292683,69DD39B546E661AB1E084B278CA777DC0A328434D98AADCFF4C7286DCA00C5CC,827,1170,RGB
1207,page-1207.png,327571,CBF3B1E97D8D6852B8B02EED6ADC4E02AB701DB42FC42F40E9EDB4F0281D370A,827,1170,RGB
1208,page-1208.png,342815,23CCC1406B3EC9F36FD6FEF304F1259222AEA8221C2F1E5DC7BE758F2D142E0D,827,1170,RGB
1209,page-1209.png,233891,61E55B4D284524574F1C8894050F1669D4C136C32A13DCFFAFA2B3C5BEBB942B,827,1170,RGB
1210,page-1210.png,243631,C19B52D1C235958937B2BD1ED69373893302AC3C65CA47897D597B3137B6F407,827,1170,RGB
1211,page-1211.png,292921,1A1A113CAC79A8712B053D7912B0C6C877607C8DBFD5EED7F25118DA4A52B2D4,827,1170,RGB
1212,page-1212.png,242843,4E131F3986FFF49AFE6890B2A409D8A16A5D5C3AC7D055ACC7F495AD79D117FA,827,1170,RGB
1213,page-1213.png,254040,0381846AFF84F52C4959B4EF809F269721D4FC7DFE2A3CC0B3086B998D074405,827,1170,RGB
1214,page-1214.png,281582,C19E31EA5E60CBD1AB8AB58A923D2E79AC147A02C4D7AA8328C2674DFAC20621,827,1170,RGB
1215,page-1215.png,264729,327E894EF775FEF87AB9B62E1B451527DA7187BD647F14F0801560450175AC7F,827,1170,RGB
1216,page-1216.png,254582,5FB106AD8EF9514EFC04E171459F43A0EB9787871D41D6F5CF4D1E26E88FDF4B,827,1170,RGB
1217,page-1217.png,254470,1DDED0C82D91C0FC790F60D6F3B23732456C13E0F958B8191E4C35A99C2EE587,827,1170,RGB
1218,page-1218.png,209923,778643CC0B84E1B877CCD3FCF62F3C92BED60AE3D96AE1788503D31D529B0213,827,1170,RGB
1219,page-1219.png,233237,93CF91F12D5193B4DC2B6F9DCCF4592C11D2C19078D4E742B7812CA05B89A7A7,827,1170,RGB
1220,page-1220.png,288091,EB22407CE506698FBE4450D4E0AAD8F51BEB5A5D37019517BEFA3CAF1DA9E553,827,1170,RGB
1221,page-1221.png,342258,6C098E55EAF285BD41D1B842B926E5705F7DB3B69E74AD089A90127CEC78F169,827,1170,RGB
1222,page-1222.png,287114,0D903744982907B814391A98709B96289C4BBEBD38AE4B4CE04AA2234C5A842D,827,1170,RGB
1223,page-1223.png,301481,ABF4FE7CB3CDDE756EA222D487D3B813DAD59E8DD7F797D031DA8E2F4EFCDE67,827,1170,RGB
1224,page-1224.png,230773,E51E4E5CBBAC3954F29741CAC0C32DB0F4710C276079BBE4BB91DC7B05BFB774,827,1170,RGB
1225,page-1225.png,246898,249A7363E23A7D11E038944B417665DD25430E32ACF01C4193E35D21FFCE581A,827,1170,RGB
1226,page-1226.png,237001,1E9FECE6F495B057FF48B5C8B37BB8BF42FE81D877D31F6F28A5E0F0F43F705C,827,1170,RGB
1227,page-1227.png,223040,C739390046043D10DF453A23CB5C658ED4FB6F2C743CB13AB6C43AFC2890BBA5,827,1170,RGB
1228,page-1228.png,275953,FF11DA572760148D2810F9A4236C260029519A304693D3C44810526054EF8BFA,827,1170,RGB
1229,page-1229.png,234526,35E3D89C87542CE07F29A0BD219461D2713F23295F13E9F4B25CCCE441635070,827,1170,RGB
1230,page-1230.png,205960,44D9DD6ACDD82391E249EAEA6CE47FBAB8F31F0D0355B349EB2EAC08988FC41F,827,1170,RGB
1231,page-1231.png,261754,7D1B412768CBDDC277067FF44EE392F9D831894669296F06120CA68C89CC907B,827,1170,RGB
1232,page-1232.png,330187,9763457A806AB89E3BC5B031A2BE9FF1B34ADA22C47796DE6307E6B035C4511A,827,1170,RGB
1233,page-1233.png,285853,13E7AD8FD3E0E1ACEEF1D4BA95295BD97E3A795EFF14435AB9A64F67601B2914,827,1170,RGB
1234,page-1234.png,206317,E53303F8940AA78F6FD4B0254C941F9EAD0E49D357324B738700F4411754FCDF,827,1170,RGB
1235,page-1235.png,227715,62963412D58E4A2D4A388B063C25EC165F488E56FEBC75F3C7F87F2A36F8832F,827,1170,RGB
1236,page-1236.png,295718,19A45FA12E961EE3F2A81C707B5F6687320BA0B3B060F72F98A46E86535F7A8B,827,1170,RGB
1237,page-1237.png,256091,78448D4A35274710F355DEB98781D1320B72D1E832F0A0A607059050C073AAB1,827,1170,RGB
1238,page-1238.png,293797,EE4752704903149E473C8B3E3F664B0685428EFC93C4B17B35645F96A00AFD15,827,1170,RGB
1239,page-1239.png,307321,5FC508AE681C633542AD76754E993FD5AB30A65177CFA349486776486EAE51EB,827,1170,RGB
1240,page-1240.png,246498,84614536830EABFE6EFC3A935CFF70BA59E447FCC22EECAA794BDB2519A1E33F,827,1170,RGB
1241,page-1241.png,292912,3E4310DDA4A6C20B21F357F77013E75E116924C68F0A3EA8528382E5E1D0D7F6,827,1170,RGB
1242,page-1242.png,297337,1AF3E706FB6FD016CBB6B64CD16DB2D0234654797F19DD9EEDD7CAC1C57AF886,827,1170,RGB
1243,page-1243.png,271420,04537837D895285960EEF48CC4D96BF04A69C5E9CDE9E93E757FD7A8D840F016,827,1170,RGB
1244,page-1244.png,301953,2AD24D25A26E1FAE16CF86EC288DA9AD6F44F7A500207EF3175465E96C70913A,827,1170,RGB
1245,page-1245.png,220656,623D2BC88B8001436CD9DA706219E85CF0D60B68245BB2BB53D8866F872CF70D,827,1170,RGB
1246,page-1246.png,237893,850B661018CC976EAA51EE44161581F26A5BE0204DCA2A6CA7AE17B27829D46A,827,1170,RGB
1247,page-1247.png,214552,2C5AB0DFA2FD3AB0D46DA20BF0FF00E3ED8802BBDD00F46D7078874DC575958A,827,1170,RGB
1248,page-1248.png,164694,79507070EDF8142D99BE25F5C63192B0AD7D2A69F3B39D10ABAD7D1355F235D4,827,1170,RGB
1249,page-1249.png,293588,313C4CA591642063D73D81A3C0D13BD9797549D0ADB4F54BB0DAF0A995B46261,827,1170,RGB
1250,page-1250.png,228958,ACD01B48421ADF48CD5824E7DAFAA1A0B66965DD10B99A922D46B36468A5715D,827,1170,RGB
1251,page-1251.png,247557,5D230826745152CD869EE7EB57094ACF9119940D93F2BE1C41584D38F4C95431,827,1170,RGB
1252,page-1252.png,260127,537A38E73AE06D4FAF74A60333C82682A315F69D1C48FC32F33E3780B251D5BD,827,1170,RGB
1253,page-1253.png,281419,5E297412411A5E8BB8438C01C90F4C91FA6700BA9C0ACC89BA01130AAB440252,827,1170,RGB
1254,page-1254.png,278318,55E7A578B147D48E97399C95177598F5A62B1CDBF7A72F740ACFE649CEFC4121,827,1170,RGB
1255,page-1255.png,236748,EB836F5DD3F13070325AAB9A0FEF0BFE8732E6BD1C837B5F0DD54ADCDF9F7432,827,1170,RGB
1256,page-1256.png,206903,6E576344E4EC35C7635F8AC51AD7AF81EAE59F0A4D0B6C7C852D42FCD5B5E396,827,1170,RGB
1257,page-1257.png,323755,98DC9D46BD10A8BDA78D696BDD7455F88965EF112DCF6AC798D55E31AF6ACE4B,827,1170,RGB
1258,page-1258.png,305547,A35EA52691F9E2805FF19DE442E9E7F58F05044BA440FC88155092DD0599800D,827,1170,RGB
1259,page-1259.png,279864,BF2F4564CD6D2783CBC0DEA1E764AD921D0740CA596EF7813443D69EC67846F0,827,1170,RGB
1260,page-1260.png,350135,25F6F4BA18878AEECE076E6E85F81CDFC3AE5508415CB4CC521CE3E38744799C,827,1170,RGB
1261,page-1261.png,311098,F554A95DAE5E9BFF0E36BB184D4D4C6F736B8F20AD053224C99A329288611E52,827,1170,RGB
1262,page-1262.png,291738,408BB70938BCD7B9ACCA00E2B5E46C4CB2BBECC745E71EA0B759D6E85762A8BB,827,1170,RGB
1263,page-1263.png,224827,5BEA95575D8652AE5E4AD56B77EDE2A6309584CA481AF0D235494E852C98AF85,827,1170,RGB
1264,page-1264.png,180802,7E247E249E810CF8F74756EB7F07BF5EE9CFFEDD942C786C592E16DA98780119,827,1170,RGB
1265,page-1265.png,175836,42B4442501F489721A8DD2C2BC34CF5F9889F9248505A6937EB1FEAE0B9C2740,827,1170,RGB
1266,page-1266.png,254018,5086A94137905445E0C758CB02C4CC33FB804388CB22C1F7AD7ABE428B04F475,827,1170,RGB
1267,page-1267.png,295054,2D0B967F7F5B5818A4C6D909AD90C30EE1DE78B78C19C9E805AF5762139A4C1A,827,1170,RGB
1268,page-1268.png,216051,3746B0694F8910EEF3832201935B568B5ABE4404B0CD449DC35762E52BB48D59,827,1170,RGB
1269,page-1269.png,185086,095A98AFBB52267A46CA3318755B6BC494F2B4D08A15E1366458662B1014D4D0,827,1170,RGB
1270,page-1270.png,201989,97812A27AF8ABFC884AF0A3A343CB79FEA635C10D0B22CE8CEB029F050608456,827,1170,RGB
1271,page-1271.png,229450,9FE7832BE94B27042400B6C1ABE662AAE4D5C6475774EBBEA804D8EF9E0CDA75,827,1170,RGB
1272,page-1272.png,211822,03CE9747B2ACB59B1FC04B29F86DBE2E2F37A5D7818437EAC56DDC443837BDA3,827,1170,RGB
1273,page-1273.png,227865,E94663678EA7821270EC8223C46CBB2A5A430617E40F4FA33BAE9DF9B0D2AECD,827,1170,RGB
1274,page-1274.png,224990,6833391D72AB6D097FBC7391F0F69975BDAC38CF692FC16AA54F1BA6279BEA14,827,1170,RGB
1275,page-1275.png,264668,A7EC7DF8EE3521AA41A83BB7C1ED66540020146A24398F51429DD751B9653627,827,1170,RGB
1276,page-1276.png,215884,20A89913C286EC3978ECE300CD8A7B0F9E46130F4DCC7F4635BE07678DA26A62,827,1170,RGB
1277,page-1277.png,194324,C80761E9ACD397717CE6EA9C5A48EF4DBEA7B6F9B1313A5A10FBF2F4F1932BCA,827,1170,RGB
1278,page-1278.png,252832,754971C2E1C3CBF12BA027B8212306F47B0161F6542362B9AEE540BA9399F4F5,827,1170,RGB
1279,page-1279.png,274274,B551C60763B812DCC554BB2D5F53CC940AFCFC42ACE5C7CE2C97808107081E8B,827,1170,RGB
1280,page-1280.png,155078,600AA1535EF1EA4B5347BCD05B8D90714826E1D2BD959ADA98C9D0A36CD9E74B,827,1170,RGB
1281,page-1281.png,231546,7AD2F70CE1D1EBDF619523BD5D08C50F96428C29ACC18FC232E0C83B2129EAC6,827,1170,RGB
1282,page-1282.png,270542,6A43D2E3F829D87BFBBCFBBF99DB9ADA5386AC236A89ABBCB364DEE57BA0E717,827,1170,RGB
1283,page-1283.png,215717,86A59D54DAD94247ED2C74E617EE7BF8F091090A3EC5EA5679C1898BB237063C,827,1170,RGB
1284,page-1284.png,263753,489E746B951DED9EE1458D7FA5A554B4FC0172FD214A6BD4D3F7BD2CA2947341,827,1170,RGB
1285,page-1285.png,59755,5E2665EA132460A3212C7344E1A6B5CF4EFB9EC10179C78002417D4D84233288,827,1170,RGB
1286,page-1286.png,281881,1E5D567B5CED4D83FA8646F9E2665C249EC3C07B36C6BC58C53C45C393EC3BC9,827,1170,RGB
1287,page-1287.png,242686,E7E5699FED576562FB47EC4F64E62D767D14ABEC3760D7BEFC652080FFE6D49B,827,1170,RGB
1288,page-1288.png,281962,C5AA1A462FF7E731B9651E3C2D4B42401809967171BC41D87E3AFB745F6D6C83,827,1170,RGB
1289,page-1289.png,264835,4DB4C21F9B4619BFEE9CEE55295D600AE54ADC184A9DA04900B2C5D40B42A39E,827,1170,RGB
1290,page-1290.png,251085,940AB3AC623BA7B902F37AFFC80A5A608D9651AEC99AF6A147284BADC77B02A8,827,1170,RGB
1291,page-1291.png,287977,59C4F478F94199938580E51955318D8ED8D0D7A74C2892DF28880BF9F78BAAFF,827,1170,RGB
1292,page-1292.png,366529,A1B3CC2290DB2991A0C8B2283BF00AE1E9963EFAC0AB90F9B96AD07E8BDCABDA,827,1170,RGB
1293,page-1293.png,258941,4CE19F8BE6E30068038ED48AC77DDABE1CA4CEBD0E47BEFF2B877F594B7A13E9,827,1170,RGB
1294,page-1294.png,239334,9B500CCFA556BE35C8C3012EE101E048B4BB9776173FD9FF0F456A009AF6552C,827,1170,RGB
1295,page-1295.png,245640,B7BE81B7AFD8D36F4D69465E1D9AA16ABA63530ADC130255B33F111A732808DE,827,1170,RGB
1296,page-1296.png,254373,DB3ECE0E15A298D60180E94E1AE7ADE54EC7F7AC00154A83F9920850FCCC0C01,827,1170,RGB
1297,page-1297.png,302333,173CAB0A63BF2B5F8858E8379C2160E56FFD472DB98D75FC5A114E768C0670BB,827,1170,RGB
1298,page-1298.png,236365,AFE71F7C77E1680DB5270E49C3C56F974F27B85B3E79D8B3E889A1F4DFD8BA5F,827,1170,RGB
1299,page-1299.png,261955,A997238E56CBD32FF5E3284171E43DD59469CA2E4504240A56B6C377D1F210F3,827,1170,RGB
1300,page-1300.png,236998,ED312EFA65CE9B4BDBB72BE8EA34244B989F875920D636E3AE300D0AE1FDF1B1,827,1170,RGB
1301,page-1301.png,277500,356F6A3E8C869A13EFB5B193410A1B34F5346B5697BBB5852B77B6F6671F99CB,827,1170,RGB
1302,page-1302.png,306846,FC192611C3A65D8D7B0E19412D2ACA110E247776E18A4DDCA7E58641DA921FFB,827,1170,RGB
1303,page-1303.png,218395,61762F181EDE04B5E7595F30464282B41714E6E20555BA64555A67008087EB35,827,1170,RGB
1304,page-1304.png,327144,82C17ADB71CE6FF082293A14CB7A7D299CB18D5418DD8647BB254AEA20297B4D,827,1170,RGB
1305,page-1305.png,262618,CC5F6FF6AE7E9109FDB992E8AA7192724FECFF71FFB258F1CA87FBA73707E578,827,1170,RGB
1306,page-1306.png,268109,7E4E17AF5A6A55DCD057942C3E1CEFC9EA7F8A94006CFAA2ABCDDCBB3F5D1BF4,827,1170,RGB
1307,page-1307.png,281662,09E00EBF25FF786981D05224E0972B9F08689720A12BDF268421C4FE0F13FCA3,827,1170,RGB
1308,page-1308.png,299818,B7B6C8004DA7A98125AB719F46AF64C7E2D29C20F187F1042CB9AE1C35104DAB,827,1170,RGB
1309,page-1309.png,227224,AE83D848837C54C9AC8A0FA474EFCBC400296999580668278664FF7800A8E65E,827,1170,RGB
1310,page-1310.png,246042,FC86B560B44C84E8EEF3AED3282B6912EEAB5CBFF4DEA06F33856F275F150A97,827,1170,RGB
1311,page-1311.png,208548,FADD503BFDC4BA33BC31A73586D3E1A3DDB1E56F47FFD6D101D8EA0ED495EEDF,827,1170,RGB
1312,page-1312.png,198544,5F452FB2458155D6A57E872FDBA7123034143E761A5902AC5587262D4580CF8D,827,1170,RGB
1313,page-1313.png,47949,A900DF50BB7EEEE4783C14E7D57120D6D55DC82903F0DC15C6080C08CFD5BDE1,827,1170,RGB
1314,page-1314.png,160698,189B5E598947A5DA769AF5D7C5115BB3C513031838D22424C329AED9FF71EF7D,827,1170,RGB
1315,page-1315.png,275898,E7D18D135BC53403FFFE3CC3347DCA721B1B49102BB99B59DDB5CE46963A2586,827,1170,RGB
1316,page-1316.png,230410,42DA9986AE8AE7BFDD3C5BB46438097E8E3B2F24E87043DF9AB1645C941FCB65,827,1170,RGB
1317,page-1317.png,199066,E68564005CA7CAEA77636E57D495175546E5C8BBBB65927FF445D66609568B4D,827,1170,RGB
1318,page-1318.png,229342,3CBE1C68B9E1A48C885F2CE28D4ACA25C55012A424B2EB6001345B49E4C00E39,827,1170,RGB
1319,page-1319.png,225159,53271274529F77333838ABE9BEB6E7DB74B40412E9ECA3F268E2268CFECC757B,827,1170,RGB
1320,page-1320.png,191676,7634C1515BB07EB712DEC71560F82031098B1611BE711DE12E592BC43AE787CB,827,1170,RGB
1321,page-1321.png,218153,F2579E672049F12BD3BEC1E63DEBA3816ADC740AA492923DA6442F6D0468F8F1,827,1170,RGB
1322,page-1322.png,275900,C49CF22CD93A96F1C3FEFF8757B21F6224D7C55E841BB974D91C9B8499D4977A,827,1170,RGB
1323,page-1323.png,274021,5E17BEF6E724D28D9824244E59839C382F2AB46F57E293E2F6BFB54F7D1887A5,827,1170,RGB
1324,page-1324.png,271446,C0F3A2BA0DB6E8F3064731FFAD5E4728DCA708490C74F439ABC3FE9364A616EF,827,1170,RGB
1325,page-1325.png,252616,EEA6035E6C43C6A7C07FD0586611A96944A8E54DE095D150592A20611A20E0AE,827,1170,RGB
1326,page-1326.png,266765,7048D070AE795D3D7663CCD4DBC5602A1319B6755589D82CF63D74A87EF9A592,827,1170,RGB
1327,page-1327.png,231583,68077FE1A869A4D97465F237C2D5FEF99F1195060486666D7FA1A725F0583120,827,1170,RGB
1328,page-1328.png,272627,0C73F99B992FBE470DAABA4E49BF56DBEABAFCDA2280B9C09A90F7506A603BC2,827,1170,RGB
1329,page-1329.png,248108,4990B9E032E2F29D4B2B52980558576570082C69EEB686CC66ED1AA24A95D47C,827,1170,RGB
1330,page-1330.png,230720,490FDA30F4F7740CD861E6EA8657C7973C94CCCBAA12A5DBC2C27C7EDC9DBED5,827,1170,RGB
1331,page-1331.png,247337,5A839CCEE681668919D75DB3678190003E180428C2DB7EAB7D7206F6920BFE1D,827,1170,RGB
1332,page-1332.png,272870,9D64EF1FD0C0AFD253C8D690617DFB259F044B095BAA272D7E2689DBC55033D4,827,1170,RGB
1333,page-1333.png,193422,6A9DD96A359F3740BDE7AB11EC4085EA2700909C8A09513EF80E35A5248D39E0,827,1170,RGB
1334,page-1334.png,216102,523FAEAC2A9757443FC2CC7D58897E0E876A47DCCC9CB30F4E9FAE3657D4B627,827,1170,RGB
1335,page-1335.png,251796,1C59F3EDFDA9538F1F3F8F72616179C211AFBE8FF80179FB6CC3952A204FCDE8,827,1170,RGB
1336,page-1336.png,248932,A24324D9C57AC842B0523C3E3EB43CE6890CA20819A14F94F75E996F06EB0C18,827,1170,RGB
1337,page-1337.png,290029,B9EB4ED9E59C5203FD710E1803824B2D9FDBFA71E3A7E4A8E8EFE8B54F2E0614,827,1170,RGB
1338,page-1338.png,247438,E1533C2DAF6CD63499CA4945D234023F4DA6E77A74003C119B570080738C1B7A,827,1170,RGB
1339,page-1339.png,217386,DA120DB4BD791016450B7682ABD43AB153C88BB9964C6CCAA8C75F8FFFC53968,827,1170,RGB
1340,page-1340.png,299049,82DF8DC25710FF44AA4C00C7DF0B1832E938155C76AC723CB7CEFF0B92BBF3B3,827,1170,RGB
1341,page-1341.png,251005,EFE9E7F81B828241EF544DEDC0226E832B9731E3C313C9DE421C4E1FC900827F,827,1170,RGB
1342,page-1342.png,238815,D942203C7D1A34301677C5AAD571194B9B0D8A068B46AC76AA47E3E78B5EEA5F,827,1170,RGB
1343,page-1343.png,323839,C3A987FAC8B892E07A75C12C62548F1EEA45986AB080B6236050EEB899A3A37F,827,1170,RGB
1344,page-1344.png,255317,BE9388B5C03D39C3E618880BF66F861BE1B41F7CCFD37807141F19DBAFCFB4CA,827,1170,RGB
1345,page-1345.png,268332,310FF6E89445D3FCB59C4E6B398517568FF409C16AC207792520E386319B35F4,827,1170,RGB
1346,page-1346.png,273098,E989719653C2C6FD1BE56F3B2C0F28A5D23053B5E42EA2121CC57B021B9E6F94,827,1170,RGB
1347,page-1347.png,261543,92C18DE3799BE4E47F23253095AEFA1A7C4DA208ED61D232418A0E9D620DE801,827,1170,RGB
1348,page-1348.png,205215,E0538EA18DCD4367B9042EEFD3F1F7BE81FE3EE20E1C51A2DBEECF70425802B4,827,1170,RGB
1349,page-1349.png,248987,20DE5DA9292B595E33E3CC73D8B4C3B783C6B476D77B77CC50426286A9ECB55D,827,1170,RGB
1350,page-1350.png,262643,4F6CA2A490E13817DB2B7A3E6DAEBE2C5BC3F9B310492F9E93D828CDD7C014FE,827,1170,RGB
1351,page-1351.png,277049,EC29D61B90191DB904703C8C608986FCF29F256420D3D6AC3D17AAE4D3F66024,827,1170,RGB
1352,page-1352.png,161353,6D2DD05CF6439F29F3A8C78D450E1EF857E358EDA13CAC21707A129F915E958B,827,1170,RGB
1353,page-1353.png,319060,FB352C2862E557664C11C7080BA17DD29D103BE768FDFC4AC01BB9F2FEBBBDBF,827,1170,RGB
1354,page-1354.png,291076,82268E17150BEDC4D0A67D34C7A2161A47A81FCD602C021F90D97DF629B3C73A,827,1170,RGB
1355,page-1355.png,263434,330DC2EB8ADE56FCAF8231D95DA81751600B6F0350E0A7FB9D17EF8EB2288F54,827,1170,RGB
1356,page-1356.png,328829,EDE94809C80B444E9A38BFA6AE1712A4D31B55B6764D2F5EA70D7A3F8DF89CDE,827,1170,RGB
1357,page-1357.png,270940,DD55A6408CB0E30993F86B1D2BDB8E87DEEB8E6195A82F32087494140E7D460C,827,1170,RGB
1358,page-1358.png,209404,366AF18671344528DF05040C30DAEB120620EE3FBE9544B491023F4DCAE77B67,827,1170,RGB
1359,page-1359.png,273007,7BFC72DCA3B130ECA479E858A0FC82699776888DE9814C0118739F1735C54ED2,827,1170,RGB
1360,page-1360.png,279333,0CEC3FFFAF3A5290259351E9F8D58B3447485F5CE225952CCB8CC804B63DD077,827,1170,RGB
1361,page-1361.png,282313,9CDD5FAE31BB330D2FFC93D1A0BE7A747A3D28F6B803AEC40FAD2CC2F661B724,827,1170,RGB
1362,page-1362.png,324800,04CA465477F9DBB330CB5042C4D68188177565B915177C7A9E0E93839644B420,827,1170,RGB
1363,page-1363.png,210651,D1671E4124A0D1D9E7D339A85C4483664C254953FC20C95F2EDBDF7B885C52D1,827,1170,RGB
1364,page-1364.png,236742,CB717537BDD71E3C8EEC5F50368720BD04F56BECAD9B68ED6E6A63E2C0E048E0,827,1170,RGB
1365,page-1365.png,206711,51071B1B3EBA0F9E81ED4E368D4DF392B492A149C4BFA436581779B8E063FE2F,827,1170,RGB
1366,page-1366.png,84012,F7338A4613F0EB107F4AA9F8940E4FE3F6B4577316CF604F79321006BD23C4D3,827,1170,RGB
1367,page-1367.png,242904,6800277EFE1E68E626B27AFDB0C4197E9CE0E7F1360DD7C69FA544156333119A,827,1170,RGB
1368,page-1368.png,256095,FEBBC9C7CFAB1CB43D687B3A2FCBB335527A9908C901A22CA40F3BCE55690D09,827,1170,RGB
1369,page-1369.png,316584,B1955819FEB09B42FFFB99C4920D7C07794CE5BAE96F573056645895AF05F237,827,1170,RGB
1370,page-1370.png,336036,B9B58F8075E1903B3A1C760270A11E3257CC149EBD36A5B0617AB08DA5379C73,827,1170,RGB
1371,page-1371.png,345194,B8237632327ACD5B1C9FE9E358962D5489BDDBFDD13A2233A07AC21F7BE12F37,827,1170,RGB
1372,page-1372.png,294682,AE155CB9FF888656464F597818929A85ACD83609C8BED29CB74FE80F62F0A174,827,1170,RGB
1373,page-1373.png,285849,0A7AE0A5ACA1687FDA3A9241E55EBE9F927F52AE09FA8ED50F8F28A498125465,827,1170,RGB
1374,page-1374.png,291499,F2A15B48083217AB71FB4B9BDB3A3ED049C3CC560CE8332487597C2CC6062B71,827,1170,RGB
1375,page-1375.png,260217,DCA8A4DE15A4CDE17590A3F9AA8915E4E66159C32FDF76DD61411A343FC5E1ED,827,1170,RGB
1376,page-1376.png,301929,E086971DF1BF05901A5EEEE2A0EEADD1EC196E484C104DC070039B642624C50F,827,1170,RGB
1377,page-1377.png,342736,710C468C7A03169331692093231764CA2DA7AB340757308B29D89B82F3EAA4B2,827,1170,RGB
1378,page-1378.png,328947,C40FBB95AE5456CD52F1BE5D84A9C6F2EB4A1615165627135448D610A9D84818,827,1170,RGB
1379,page-1379.png,305053,E9D0342AE14FF4E6ED32F3B8BB53CF5C5B12C1864639CE7C9601A9F96A6807E2,827,1170,RGB
1380,page-1380.png,308460,41A0413A1FE9F5D945496E677ACAECAE364A0C4DCCD2129EE074ACE422007D84,827,1170,RGB
1381,page-1381.png,363942,E54E66065FCEB7163AFA57739B13355AE325B689B13C57E55C2DF29CE0F59EDD,827,1170,RGB
1382,page-1382.png,283344,ABB10000B7719A7AD295DFFE7CD73063080716989DD4ED38CB3A3021DECE7EBC,827,1170,RGB
1383,page-1383.png,278780,6F2E58F215B4B72EBA5A928C305A2DBD622B475B3B1F1C363166C83B342CB3E4,827,1170,RGB
1384,page-1384.png,274596,070344F248148A04CD27F281631B41B5DC1EA87BF6628D0380472D11221D6D43,827,1170,RGB
1385,page-1385.png,215625,E77461A9392323A07314B7214CA9A0099DE8332DFF578CE4157486F2B9F2FAF2,827,1170,RGB
1386,page-1386.png,317447,FEAD3F294E144AE5E1F2B9D67C4E3AC9270787E8218718D48553529AA57830A8,827,1170,RGB
1387,page-1387.png,318241,74DA0050F81E42C969BD89CA3088623E323B7148F5823EE67E94C1DF7C67117B,827,1170,RGB
1388,page-1388.png,281964,61B0727D89FF6A451767BFEB82BE28FDF10167E9C1DC0E78B8E74F26E4214AA8,827,1170,RGB
1389,page-1389.png,300967,57A17FAFB9B89EAE727386DB551210989156786E10AD60E4176CEDAC0BD2D7F3,827,1170,RGB
1390,page-1390.png,317013,9E4E1C4486D6400159EC51A68D1739C11AD9FD5D58A57797EFB41DF34AD62ED7,827,1170,RGB
1391,page-1391.png,316822,061FA80466EB1D095463DBA163D86BE5A870DFB9791562AA7D8EA023264BB6D4,827,1170,RGB
1392,page-1392.png,322159,A38E6F77B0A31FE1BBEFFCDF29812F915B156E431420B3833186764671DA005B,827,1170,RGB
1393,page-1393.png,260433,84403BF1337CD21F3E938F154D97663D54E8768A4398BC2D837449FD9351739B,827,1170,RGB
1394,page-1394.png,255990,66059A7D60583E9D02D258B068B2B7A30163EF51236F55D97FFF40C6C3852AF1,827,1170,RGB
1395,page-1395.png,291711,4EE7F5769888DE164343A471B38178A45365A5415220B97BDAB1EE536DC95949,827,1170,RGB
1396,page-1396.png,291002,51A3710415F9912AF40B500F50D5AC5A0FA49BC1E3E046083F1ED3E8F1EA5444,827,1170,RGB
1397,page-1397.png,278391,7C770C4E3A884BBFFB8B9160B8EC7E1787F2A2FB063514D6401E23BDA5BAE25D,827,1170,RGB
1398,page-1398.png,284870,9C754409376D1F51FEAE56FF8E74A995641A3B1258350420C5A13543568B2FDE,827,1170,RGB
1399,page-1399.png,274753,25DB4ED52872EFF94F3656BA6709F5C60E2B414B0EF290B6F23FF2D45269E654,827,1170,RGB
1400,page-1400.png,290056,04C873F40A1664CAD8318B9420C33925C49323B13EBEDD62E1B9C3F5DE1276F9,827,1170,RGB
1401,page-1401.png,244485,C5836BC93F2F2AA651362A54A754D854A77E854E3DF28D020814F6C8AA512242,827,1170,RGB
1402,page-1402.png,337413,B2D7CFA1712B94D36438C32945D212386A97F21D4846E36116BE487853B1D7BA,827,1170,RGB
1403,page-1403.png,269371,E929EA2ED537164E414D887263B1F15B97BA8AEEF755330F1B9A317D7D96214A,827,1170,RGB
1404,page-1404.png,252954,36039436397CEFF9B1C70953075E97B57B086F02AE9C9D131A9D3C6C3A7FEAD5,827,1170,RGB
1405,page-1405.png,255240,6F95BF8C9264322B90B10AB2E000DBA323C496796F2BB742C5685C714A3EA9AA,827,1170,RGB
1406,page-1406.png,275869,5EF319E1C69740866373C36A87C7D4AA4AE3DBF7F68B0451CE2AE65115F0FC7E,827,1170,RGB
1407,page-1407.png,279640,B9282B8EB8A810A4A0D37BD813B68EDBEB71BE4AD4F2A1E676CEC3318DB29A0B,827,1170,RGB
1408,page-1408.png,212379,0C581E89918FED16639C39060BDB56B34991D267BF567AF7F45E288311BA9BA0,827,1170,RGB
1409,page-1409.png,244429,342C0C976E059DF5EF5F009A036DC0F318DA4B9D761A6DB76446B87EAE78D535,827,1170,RGB
1410,page-1410.png,315235,572DBC1D6AB04C2751371291955E1E4D21CB704E6A2E3C13AF409BF43916BBA0,827,1170,RGB
1411,page-1411.png,231352,5A325B413F5C69DAACE0B3D0206AF0422ABA67E7A91817BB22074A517DF5F890,827,1170,RGB
1412,page-1412.png,193935,334740B9AF87209B9CC39EA479DEB7307950BDE1CDCC3A1BA289C7E0630585B3,827,1170,RGB
1413,page-1413.png,215677,ED77F763899DCE8B22E944410BF11039A3CD474EE4A615B41B256D451A721E61,827,1170,RGB
1414,page-1414.png,171223,E17A4FF14A49F8585C60116DFA5DE54D682205941185AB071005C8D35A8CD4AF,827,1170,RGB
1415,page-1415.png,213272,49660197E236B82B4BAC6E7EF8E2013AEAD8A99CE6F9337EFD3FBB070EA4F142,827,1170,RGB
1416,page-1416.png,331944,0295D2AEF0A7793C168DDE9CFA62A7C671A0455CF1047EE59343F56FAF0D3313,827,1170,RGB
1417,page-1417.png,234369,31B319792BAEC579D9A6A417AAB7DF0389F41E7D6BF824BC0C34F32C0BEB8D3C,827,1170,RGB
1418,page-1418.png,351729,D38AB2279CF99E6AB5CCBE27A69C2C5D11C6D7E7127A393BDBDC208427CAFECE,827,1170,RGB
1419,page-1419.png,250791,9807E1C9B3D47452CFF5FAC9927F8695109D0C3C09DC54CB88319E05137D7A43,827,1170,RGB
1420,page-1420.png,194082,CD9BF1BD1EA969A67153199B7FB0E4A54958BD7D94AA4BA6B10533511D2D9D86,827,1170,RGB
1421,page-1421.png,295684,ACE0F3060054D0B094E96AA8D35D493DC2CCD40BA417EAA162D9D74E0B55E4CD,827,1170,RGB
1422,page-1422.png,221851,63235134AA1D46F15B9730318FB8F0EB023B95EC4E6FD0C31A3602C195A8E158,827,1170,RGB
1423,page-1423.png,234913,F48814C09136293FC00183D4D08A9E68B991153C089B5FBFDD86A645467DA5F1,827,1170,RGB
1424,page-1424.png,233669,40738C55625594A6FC117A278E8A2E82178B9F6BED5BA35882456653A6C190C8,827,1170,RGB
1425,page-1425.png,230480,F54F362B8869335C8EFED5B039965C9C54DE794AB7463F9E3B88D6BE945868F9,827,1170,RGB
1426,page-1426.png,232309,CE7D0BBBFCB7BB68759D56F00D02FE68E99C2502395932D17ED6AD4DD4C0E895,827,1170,RGB
1427,page-1427.png,310618,5F5FE7C1446FFF7DD60A99C853C475990173D4F58E5C28A294997E26C0A32ED8,827,1170,RGB
1428,page-1428.png,234172,E8BA1754883B83425AEFE06B2ADB955FCBE6452FA998562A9B5A5BDFBA5F186D,827,1170,RGB
1429,page-1429.png,244150,A6C82D5D33EA0DB2DA37A32B0B7EA93A7A171E3BD7ED3812A4A0E2840E3F3C88,827,1170,RGB
1430,page-1430.png,152255,A4900AE913AF300BE3FB9260C6BBACCBD401649C73A66F8BC047EEBC339682DA,827,1170,RGB
1431,page-1431.png,230463,2712427C318CAAF00C79CC16CD759DDC8D1267811599A5E44A7688FAB814FB1F,827,1170,RGB
1432,page-1432.png,248042,5EFC075E5D327F2512C1CBB806446DD34BD7E0B5D14C47B21D1E260DD2B82AF2,827,1170,RGB
1433,page-1433.png,230017,31345CBD095F0503CBDFA07B755B0A1C19F2739A5837908BCC6E91A71CF8BD83,827,1170,RGB
1434,page-1434.png,242831,E9E3D83024E67EAED51194688C1156FBA71EDC04A7502D6CF8FFF96A864A262D,827,1170,RGB
1435,page-1435.png,240637,794C6B977A76A9B2A812DE4549142A8B5F0A60E22377A3D034CB6D6B27E17D26,827,1170,RGB
1436,page-1436.png,309614,C940D2070E14E31750175D2585AA81E6F1C46856768F78BD49620C51532CBEEC,827,1170,RGB
1437,page-1437.png,334318,A5C037D1B473BECFB3390C45BE3AC24C8A90358ED30CB26FFAD45A72D8B045E4,827,1170,RGB
1438,page-1438.png,233947,264FE5786878A7013F3DF48721D2AEE73BF25D5B7DB47E16A66880729235C447,827,1170,RGB
1439,page-1439.png,259178,4AE5DFDA5E74E53D88CCFD95A42F5B556F5EAD4A1571C6AF430FEBB7D043B2F4,827,1170,RGB
1440,page-1440.png,221768,7EB1BF6CF99D22F3D1AA451A91D0BFBF70FA368A1382D13BA57BD4FA291D72B3,827,1170,RGB
1441,page-1441.png,256355,420521547EC8BCB01F7B1B10B9C85BBC7D2B085009143797391D9873F909BDC8,827,1170,RGB
1442,page-1442.png,284354,53C8049B67509EC17C19602BB81AD1AE9EE1DE0951F1F33A469053AB0C315693,827,1170,RGB
1443,page-1443.png,236946,C381985D2A48A7EA762FDF45A381965025802A30EBFA2640C26F8CD7119F682F,827,1170,RGB
1444,page-1444.png,266613,36A35DCF30271E46560275132F8F13853134EBACA4FE2FBC51657C8C56EBFE56,827,1170,RGB
1445,page-1445.png,259223,0E7319A8FF2B6C49E65D07F9470F7509D6018C6BE807074252DDC3002D0DDDE6,827,1170,RGB
1446,page-1446.png,288016,674B087FF3E3FB215080E3B6650018955581D02C46021BE8EA647AA2F2882C76,827,1170,RGB
1447,page-1447.png,377415,45D367FBC298EE166DD350FE7E1C1676FF4DB2EDAB85F63B5EED315FAF8F5759,827,1170,RGB
1448,page-1448.png,315296,D81C57862E8E1341203850C3B22DEDC7D4EF0FB5A343E1EFB4BF4E700D5511A4,827,1170,RGB
1449,page-1449.png,321669,764BC0E3752381F0B651864A381FCDA97A8FF62C6F7DB2A492D1E5B069F2251E,827,1170,RGB
1450,page-1450.png,238791,33D3F18A5D04D983B6C50132EC21A73144C219EB0FF52627A7DBE8FD1EFCE4A1,827,1170,RGB
1451,page-1451.png,194937,A46EF941FCC7A80D9A4108E00B975CBF84D5D2B3BD16EFE92808E0CEDC26BA11,827,1170,RGB
1452,page-1452.png,211400,7A553BBE24A902A3C573853C44295D2342544861DC65A9A6CBDE9753FDF4FD89,827,1170,RGB
1453,page-1453.png,267966,A13DB5402B2E349074EFA02A7CC4F0BCE4CC6A3920DEC9DA6FBDD2720FD807CD,827,1170,RGB
1454,page-1454.png,259821,C517609C2F8EDCAE99F8D58A5138767F171CE8AEB7AEF1618B3D9BFA6F037631,827,1170,RGB
1455,page-1455.png,162960,FA02AE8621D22035BEE348D79724506A6474043C682207208E17E8E2E86E9A87,827,1170,RGB
1456,page-1456.png,292788,C511C0A924B8BBECEA39C75B38487BF0008B8520308C182822ACE545AA42528D,827,1170,RGB
1457,page-1457.png,363610,4F8232ABD24A4E83CD960B5751093BC9D466AB467C8A51A74FD5CDFE86B7230A,827,1170,RGB
1458,page-1458.png,204504,18050612C317966A7846476C5BF04FF30FB13BA8AE76B6B6BF9B6B7267E2E4FB,827,1170,RGB
1459,page-1459.png,232522,6C7AC148D93D887E4F63016B0B1062AE2983154E78C241640FFEDF96129C110E,827,1170,RGB
1460,page-1460.png,272754,0A2A04B241F454770C3AA694B340F39DC631E391EB0322D2A225815418FBD739,827,1170,RGB
1461,page-1461.png,320275,69CE798C86F76ABE44BCC95D9B3B049FB0B47585A4E7CEC7B477B4096FCA8159,827,1170,RGB
1462,page-1462.png,345755,7ECAA57353C1CF2D8333DFADE5CD29FE6C1269784F81DE5BA700E33987A25B6A,827,1170,RGB
1463,page-1463.png,258788,8CC0B56F52E4AFD37C0F4C085751FB5F75BA5C92A8370B91A35DE6B6EE73C778,827,1170,RGB
1464,page-1464.png,290037,BC7949FD78798E6D3FEC6039414CDAF6FFB6B27EA01616F17D807E932847839B,827,1170,RGB
1465,page-1465.png,316508,5AE96193136181961359355385738B000C55E3E6C8EC94C4C209351196746DBD,827,1170,RGB
1466,page-1466.png,254347,A68705CB3E2120F7AB501B9158231DAEF3B82E4AA2B55B10567AB22362DCE5A8,827,1170,RGB
1467,page-1467.png,268594,39863FBB4B38B0BA625FCD51F0EC68774D7D4B3B18FAC61377A9200E1E9E97A4,827,1170,RGB
1468,page-1468.png,303274,0BAAC249A80980B4A1202DF1CCFD7ABBE7EB582D248C78C9B263B0034E7F1162,827,1170,RGB
1469,page-1469.png,318725,FCD443785B36B9010B654C5E17157A6719753978C2162AC166463A08615B8EE3,827,1170,RGB
1470,page-1470.png,335684,D5F452FAAF03DCFDCDF30DCD8907CE0B17D05754E8ED7B06255C3FA883617831,827,1170,RGB
1471,page-1471.png,287385,D9F334CDE85314DBF0A198C6C6C4528382D3B609E833F07601E31951F15B4E4E,827,1170,RGB
1472,page-1472.png,317782,B5FD822ECF0D70C7EF5876BA39E8666DBC840DF5952F4665C18A3702D0077CC5,827,1170,RGB
1473,page-1473.png,337041,F2401B3D7911B91A4FB993994A218B283B64AD8CE3FE595C342157B28A09F019,827,1170,RGB
1474,page-1474.png,316521,F53F6D96C1D9C68C78307D681842692F779ECA3D42EAC8D95514F9EDD9E50BFB,827,1170,RGB
1475,page-1475.png,350624,D1E0B5B1C1E3E8C01033E6FAACF492E83A5FBB953B0D8C7063C7C4799E960865,827,1170,RGB
1476,page-1476.png,291001,66CB298A9FAC7DAC5BA4DF63AF962B515D89DDB1E39F85EA265D1C87C75148D3,827,1170,RGB
1477,page-1477.png,246430,43E720023F06185575E8A6995150610AC03E4C0C2525FADEC25B50D1BD8D41F8,827,1170,RGB
1478,page-1478.png,318625,4C84E5FE41530F419B57029F3A31E9DD66562A375201C00E3875D50A8A24B5C6,827,1170,RGB
1479,page-1479.png,367185,AE36F6425FABEDFE3080D2B4AA142B5C50604174CEF4D783199AD06A380315F1,827,1170,RGB
1480,page-1480.png,367645,A650A8976915A1F519E9B86057B3D693B987B8A2C4A0D9BD436977AD3A10E221,827,1170,RGB
1481,page-1481.png,312094,F2A54812C8DE45BF51B522CE9AC5624C23AEAF60346CB2C8EB0E304359F1E067,827,1170,RGB
1482,page-1482.png,272984,65EFC323FCBA2943906B6146A51272A5936C787F828B47968C1FBE7C7902DAC1,827,1170,RGB
1483,page-1483.png,298386,377DCF71602EED154CC4CEB32D892A4C8A413C4176BC45618BB24AAB14107FF0,827,1170,RGB
1484,page-1484.png,229693,7E365B901B1E1C93258E84A6ADD0A56BEB1B855A4C5E4BC4C8775873D76C472C,827,1170,RGB
1485,page-1485.png,333364,C62EB681132C3A344CBAD7178D56B8FC6FC38FAEB7EABE9FE6BAD66C6105BA0B,827,1170,RGB
1486,page-1486.png,254760,A79B447E8A09FFED6FA2BA989449EF2D36439E6EB7FB07CAB067FDF259355FB2,827,1170,RGB
1487,page-1487.png,313645,D1D275804543B446508D7BB4C07E2EC676E630496DFABCB5826497D76B2FE61B,827,1170,RGB
1488,page-1488.png,249856,EA3D16631122A8835A33C95191BF81725C6DBB16BDA637A0AC0D9FFD618E0A18,827,1170,RGB
1489,page-1489.png,278896,42F33A2D9896510367B422BFF45EF3D16C2F70E4AAAAC61933C6FAA95537D7A8,827,1170,RGB
1490,page-1490.png,270454,A5F656B550254681A09AF2C8F36BE088ECDF8C0721487C551DA5401F361308AA,827,1170,RGB
1491,page-1491.png,322086,22CB464BC5F303A07CE2B0D5BA75C04D79F771CC2520713341D36757FC19B43A,827,1170,RGB
1492,page-1492.png,256549,5767AE13F17C871544588690E5D9CA4373BFBE11754C5C77200B6A3E008E9A15,827,1170,RGB
1493,page-1493.png,228419,1C400B1DFC44431883E6B361ADDABE3E11FA55292393B246F3BD6E6347DEA466,827,1170,RGB
1494,page-1494.png,336229,044DD253B0FC5454FCE9D288214B91EF08FA99D39A0F6E9C329953DD8965E805,827,1170,RGB
1495,page-1495.png,346411,EA55A4B5EB7B74B56EFD6532700C28FEF43E138A1FE21C89A448C87108022D24,827,1170,RGB
1496,page-1496.png,305670,4E6FF273FA228DFF0FCCBF13E199CDD80BFA871D4F152B89D40304757E970301,827,1170,RGB
1497,page-1497.png,304003,8AFDAEF939C0DBF522603F2753DBE44A6DB1D39065C47A40F50CE4D846870F70,827,1170,RGB
1498,page-1498.png,236630,F9DF7EA5A593F360D23D4C2FBF149B75654DA8B9ED12A7EDCD4D0304E1BA07C3,827,1170,RGB
1499,page-1499.png,281303,114FE7E3BCF05519FF77D07DD158DF0D6F9125A8F029E6151A737DB726447E8C,827,1170,RGB
1500,page-1500.png,276570,13476184CCABE9E7A1495B5CC35DE716BFBE1E83B59AEFD5D3A589FABDAC235B,827,1170,RGB
1501,page-1501.png,306758,6FC13324E10C51F08F3964CF5142BD2471015867854F31CBB4D712EF35B6C635,827,1170,RGB
1502,page-1502.png,293065,AAE277DBDD09A1144FA899B5CDCB756CA47C664B62E2997341A6AD8AB09E73B4,827,1170,RGB
1503,page-1503.png,253034,5018CD932A5AEA5B2E5F494B11C7CACDE1903440576270EE52450B036E9E7E06,827,1170,RGB
1504,page-1504.png,276237,C45EEE9397FC6FB7CF7B6E014AEACBEE2AD06428F489F6B2234B0A201823262B,827,1170,RGB
1505,page-1505.png,274418,33DD6CC98D588BA7339441323C9C383DDA13F4D469A78339CA62685FAF1CA59B,827,1170,RGB
1506,page-1506.png,229666,B8B16AC677E240D62CED15FDC3406795BFF33A766972F3B921AA3F740B36E81F,827,1170,RGB
1507,page-1507.png,281004,EA442A168F748713158A5C47DD6C36B973172C59F2FA83879383681615A143E3,827,1170,RGB
1508,page-1508.png,316349,EA2E5D7A817246A2CC34DDAD58733AD47F62F82F044C9B624A22AC302FBB7BA9,827,1170,RGB
1509,page-1509.png,247181,205DD31D224B479CC7271C09D7C71B279910407EF618A3ACDFA33C521DBC4899,827,1170,RGB
1510,page-1510.png,230696,816DD81A42B9D4D04DA9FA26CED88735235C4E31AF23E73FC97ADA24B0E3B8ED,827,1170,RGB
1511,page-1511.png,303215,7C020A1A0EEBBCF2BA37CADED1EE9E2F437A013BA150040B52D0C0CD7EFB492B,827,1170,RGB
1512,page-1512.png,264712,5D6F6B4B8F3C8B3E8BE780901A35D5E0B6789DBC62D97BA7672495E3428169E7,827,1170,RGB
1513,page-1513.png,363802,BEA7238D835C8B0739FAC0F9E1DA550F7E3FBD0BE87A7AEC080C7EF8E021EE1C,827,1170,RGB
1514,page-1514.png,368480,B0F2AA03787C2559D1CBE95E55467A682F3940E422C4088A51618FEB51D8FECB,827,1170,RGB
1515,page-1515.png,382985,6DF03E5F096248D98A8547F7D5535A9F55DBA4ED186A9015A62AC4BEE376BDDF,827,1170,RGB
1516,page-1516.png,320975,243E916CE129A88BE3B4EA301641468F1B66BD2683A2A20966CF8E6B10480DF0,827,1170,RGB
1517,page-1517.png,384140,4CF11BA82AB543C3E56B90799D99F8DACFCF860F660B4D47002FCA0A7496E926,827,1170,RGB
1518,page-1518.png,259030,6F30B050C591F733297E64AA3BC0D23C2C2EA9639CE637D50F56D423F76E303B,827,1170,RGB
1519,page-1519.png,337202,5CBEDA7275E7EF5DBBD2B497C1C2EACCFE3D84E9988E7E9FF884E2E8E372311A,827,1170,RGB
1520,page-1520.png,336611,439F6670798B921F6B89F87DAE21FDADF9B2DBF01F94AB7695A56FA98278DB93,827,1170,RGB
1521,page-1521.png,351792,3F29ED08D97544BC70D50C02EDBBBF880BBCA516CAB5EC7BF02994111A02792C,827,1170,RGB
1522,page-1522.png,289823,93CA04429ED9A32DC6B81119FDBD886983684A8550BA970D9AE4E541EF650B82,827,1170,RGB
1523,page-1523.png,292746,83AAC4ECAFBDA97B2C4398CF907E8DA6F6ABFC2B879F5E0B16D07AE9DD4B93BA,827,1170,RGB
1524,page-1524.png,279173,58A9AFA3C9C38C9AB47103BD0D444A3C6B56EAB4C05956EE711CDBF070DCEE7F,827,1170,RGB
1525,page-1525.png,234816,9D804BBE228F6B3EC0D38CFA0583C8DE5AE2CB391A4C5761E5E130C565C2017F,827,1170,RGB
1526,page-1526.png,277258,9F79F82AB80427D6D63654EC755E870285D05287956560618459D736B2D182B5,827,1170,RGB
1527,page-1527.png,288929,479B3CEB57E8E854A9706DF56AE245514B0C41EE7B79789E042DD791BEBB4034,827,1170,RGB
1528,page-1528.png,216803,863E4AE8304B4175B1A11C7F9B02C09089150AA65FA4A67F889119D243DAA00F,827,1170,RGB
1529,page-1529.png,324023,05CB0CEC9195861E28964B5A7B45B640E156FEC8BFA946579399298D5433FE47,827,1170,RGB
1530,page-1530.png,301309,DAC87E8CE10965AAEF234F7968C4F2A0C5049DB4E0E620307184EA4208BA45EA,827,1170,RGB
1531,page-1531.png,82882,3E5C13D79906060114E0FE92CFA80059F96B2D8B27C396E3A4FACA80AFD30E09,827,1170,RGB
1532,page-1532.png,209642,D592CE87D7A539FA653543B7B2DFA087444F47C3B7C2C8E62F2ACC7AA377F37C,827,1170,RGB
1533,page-1533.png,337635,90625F35DA804A4B513FE67F53559C14CB22F5955A2A4465EBAAD208A9EBF11F,827,1170,RGB
1534,page-1534.png,276375,E7FE50D223974E1A83A64CD6D0CBA11FC1AAD29461BF3BFA9C985DCDE6DC7197,827,1170,RGB
1535,page-1535.png,301807,F475F823FAA0D8879401499977C7648282E6E74E2B8F39A534A598B2E6F2ED6E,827,1170,RGB
1536,page-1536.png,257962,D41BE5493D947ECD66CED2C6FBD62A59EEA7763C9D2655649BB2E9F6D41AA3FE,827,1170,RGB
1537,page-1537.png,252451,845094A598281AA35644D3C837D463AC186EFBD50A0E9B24E10368162AB75E07,827,1170,RGB
1538,page-1538.png,274397,FFA1AE767AE13F7C2B2E3275B50867215AD9C97D94C8DC840512A2973B551BC7,827,1170,RGB
1539,page-1539.png,334992,C5466CCB55D6E4AFB8D357AA1BE566276F981A3D4642F89B55F96625B7DA0D38,827,1170,RGB
1540,page-1540.png,282321,5FB9F5BE23D1F5510C41DE025074028F0071806A22B7F086E44196E9CE33B321,827,1170,RGB
1541,page-1541.png,310166,C9201A1D0AF06C65B76E1F9D4C728B2E88B3F5B5BC789F162929C5DD1E7C0C9B,827,1170,RGB
1542,page-1542.png,278281,8BD908C3482BD890806765E7625B29A4A9595DFDA84478153BAD5B2C1490DE26,827,1170,RGB
1543,page-1543.png,243153,747A273182C0FC269952D62C4CC3E79ABC129F93F4D73EDB3C787530792EC459,827,1170,RGB
1544,page-1544.png,262094,803203CBAE324719AC93D1C08DCFE9229F0BB8B22B9171719E0C5F8643C7C639,827,1170,RGB
1545,page-1545.png,164162,9EC16664F7B467D8BAAF7A1FE4CA2408A6C5DE0011F58D7AEA4B5B0CC76B317B,827,1170,RGB
1546,page-1546.png,293606,4D06DCC2F89EE30C4A0ECF1C3AC62EE64A8F6A9E0097785732744F35E3E2DF91,827,1170,RGB
1547,page-1547.png,297437,2DD35E2F25A8E17FDE2034FBEAB066E396397F262CC840D2BAB892C652A97774,827,1170,RGB
1548,page-1548.png,248407,05F3034D55AEC8979645182B5FE94A3E2AFF2FD3582C96E3B475226E5D9274B3,827,1170,RGB
1549,page-1549.png,299811,88FCF5C0B299D9B36F10F41CEB5D2C84B8BE8526923AADF7200C1E7ADC814CA7,827,1170,RGB
1550,page-1550.png,209224,E6D0BBEC1240C66C35C59EDE6299A653F4CF5F4A1E355951D3541B31B13B6A42,827,1170,RGB
1551,page-1551.png,235466,C75F5F1470B1ACB58CAA2DAE8E830A1A26853E87223A53FB7AD35297DD4B43CE,827,1170,RGB
1552,page-1552.png,287830,C8D7BB5B0A80AD5E3DED0067FA6B5855096DBD4B9F7A5F3598CD21C8AF08D2BF,827,1170,RGB
1553,page-1553.png,254043,FA5BDAAC4A3E5228B98385B727BB88B55D7AA89DA5F30A49E843F425C50A6546,827,1170,RGB
1554,page-1554.png,148037,A390BDFFBB867AB611D8AF1BF279D5F4D014E7B8EB761EE5A3F622E1EC6D5798,827,1170,RGB
1555,page-1555.png,205288,A702E52C2D943C541C50D6657EA842C657C6F81B5DA3D785687B014430B5A955,827,1170,RGB
1556,page-1556.png,272261,D0986482DE9899A15DA8CFD5380BB4B6ECD23A0F309E3EC509D5007DA17B643D,827,1170,RGB
1557,page-1557.png,231166,0ECB10EED0520CCF81AFD4BB36D2295F8A3C0C2DBB466070F510EB041342B709,827,1170,RGB
1558,page-1558.png,99757,CD1CFC4D689D48C7BEECC4722518B7D55275665E1610710EA6B954BC9A7E06D7,827,1170,RGB
1559,page-1559.png,139086,D48CB09937E758CB7A3BCB99620F80F66B4220BE6E6FD9FA20B4B47A63695B70,827,1170,RGB
1560,page-1560.png,250089,F4726848382F88846E27A78C8CB068B521DF2049A6DF3A460042184736883F1A,827,1170,RGB
1561,page-1561.png,361221,08BBF27133F39A2EC2E29A29EE7608F616B1B496BA99B85E2D5A3780277CF6C8,827,1170,RGB
1562,page-1562.png,252076,BB17ABB62EABE8E340554E6FE74BDB86B52C93EEF90F469EE3FB76C9D8666236,827,1170,RGB
1563,page-1563.png,264754,5E72CAD9EADEB4C2F5D29618580012180E9186E0F4A440F18E14BA354A548ABB,827,1170,RGB
1564,page-1564.png,196026,4E4DB96ECC1ECD22582BAAEC652A4E30F3FAC3F82EE5ACF45DA4537099FD6A0B,827,1170,RGB
1565,page-1565.png,298908,BEBFC2ED17786C52DE2A293BD2A633E150A5530278461ABAACA09F044EBB1E30,827,1170,RGB
1566,page-1566.png,244899,477F4FFB1E345E3CC7839055459C57CCA7F2E5C7D2BDA2B4BB92F28089BFE18D,827,1170,RGB
1567,page-1567.png,317118,BED601D680FA17BF922A0940C5FB08904859AC2CA0E396845EEA8A1E1EEEF0FA,827,1170,RGB
1568,page-1568.png,318792,772DDBFED108EBA810497225095FA9B8F79CF12178259C82A0A768ED758F6EE1,827,1170,RGB
1569,page-1569.png,353174,5205D1DC19510189DA89CE7E14F26CCB57A25D49E326491990C582CD60A470F8,827,1170,RGB
1570,page-1570.png,308885,0AB2D95FCB37D5366CBFBF0C20685FDEA7D32AAFD26FA5359A8487B7D1B57513,827,1170,RGB
1571,page-1571.png,169987,FDDC2FDBD07F32F8AC37030A46EBE44D72DB53282D1585A54418C57C2903500D,827,1170,RGB
1572,page-1572.png,226110,22CC5FAA4793929788837B1BCBB04B11536DB40FD3D53F9CF0568823090CE79A,827,1170,RGB
1573,page-1573.png,204052,BDBB96E7C58ACC87F60B42DA8E345412798A7EDB4C7C644173132A8655F8D77B,827,1170,RGB
1574,page-1574.png,273125,C004B8505C9749EFCEE293E4799D9A7ABBEBFF0DAF77D06A21083E0DFB6A0205,827,1170,RGB
1575,page-1575.png,300396,53DEC3A3001CDED6FF45308F9B59A70753A2B64DAE4C74AC183CFF36D2EBDCDB,827,1170,RGB
1576,page-1576.png,247873,0AE08764397E1761FA05B23A3109BD1F62AC651F5F6908AE9D8E4EAB2A2A13DB,827,1170,RGB
1577,page-1577.png,208410,A0181370DD62F42A62CFB955A5EE561C503E97D7742E3D7E31814CEF64BDD2EB,827,1170,RGB
1578,page-1578.png,204715,89C9F09F81468564A1BEFFBF4FE8DC0F90DBA395C05C147261967F9135141531,827,1170,RGB
1579,page-1579.png,204903,318188EE55CCD9D255F947BE2E522149DE3BD0A6CA907ECD591892827E325CC2,827,1170,RGB
1580,page-1580.png,246121,8BEBA0B22407AC8A24D057FE710D89D4F0A063D3A11D1F175B82FEEAA3BEFFCC,827,1170,RGB
1581,page-1581.png,272695,5FA6CCF43A7A29F35B138C0D0FCEB944625DD0D0EE841F01698D8EF1B34A9210,827,1170,RGB
1582,page-1582.png,121893,C2B7A10EC214AE981E1B687DFFD987BDB8720F8AFD846698CC0F07AD47689479,827,1170,RGB
1583,page-1583.png,197555,7D582BE7A49F7B1C766BC39500EFC56AC35A171022DA95B08D0F910BE1C18E34,827,1170,RGB
1584,page-1584.png,201274,E1BA1A2EE0DBB4658796658F6B55E6F630C4C9045FAD39C600C92B06AE3B17F4,827,1170,RGB
1585,page-1585.png,176866,0B6C005C6D8BAB8169D2B930FD52E224A08F8300C2C0F5EA672D9A48DB37A5D4,827,1170,RGB
1586,page-1586.png,198617,442D210EBA5298231F12B318FBE69631D264435F88AABC0AC8C7505DFDE64EC3,827,1170,RGB
1587,page-1587.png,211862,9EB772D89AED6276C1A2A9E5F49FE60FF7B9DD1D97B83FFF6FD37FB8A66BC39E,827,1170,RGB
1588,page-1588.png,253565,B32A33CC5DDED3927FD6FC031F17A84727DCDBED419BF4789AB62A25BE31FE54,827,1170,RGB
1589,page-1589.png,195977,23D159397919598709876BBE65E0A5E59324B1F66B59AB68ADB6D661794709B7,827,1170,RGB
1590,page-1590.png,209063,B60E346499A3C21B23506135B48F62054B64D176DDFF4BF1444AFCFA786954DD,827,1170,RGB
1591,page-1591.png,246776,1B80779EBC5BB5002E56E94EBB609DC56C4EE3115A5FC8D9C74A66BC4B0D1AD5,827,1170,RGB
1592,page-1592.png,244540,B2FB0DDA7ACE70B9BFEF24EA6C6C8FD1D75152F137F8997D3136F3C4ADF6A524,827,1170,RGB
1593,page-1593.png,220798,ADBD1849338E2927CA5409739A4CFD93BA7D6EAF0ECD8462BD145BE56E85B552,827,1170,RGB
1594,page-1594.png,184576,4658F3B6154D879AAB4CEDE63883158F1F7AA267DF3350EB228363406F266E48,827,1170,RGB
1595,page-1595.png,173771,A14FE4EF8B32B2EE70C63393C8D02A7309AD40ED1FA1946F5BFE5C960A01082A,827,1170,RGB
1596,page-1596.png,205425,B3F056BED6D7BE47309628FA47FF759E180656DBF694282B0B55690677749D7E,827,1170,RGB
1597,page-1597.png,168456,0BA5782904FF4DE90FFFBC45C24A3928CB5366218560EB61AA03CC61174E8499,827,1170,RGB
1598,page-1598.png,208769,CCB8237B1FF8718D47E91318EEEDE26A60E3C4600DBAC03452D4786FAEFC846E,827,1170,RGB
1599,page-1599.png,172548,D1827133C356BE1F08F53509AAC49E0A1D7588CC963C88C7D8EAD81084373CFA,827,1170,RGB
1600,page-1600.png,171372,DC41ECE54307FAC1127B6F1CD9451519F876FB05ADD51ADB14F951CF6C3333E0,827,1170,RGB
1601,page-1601.png,210162,7FE9A8A7FB079A8997552B4001B935A98981425DB73DD08498485767E4D519D4,827,1170,RGB
1602,page-1602.png,211021,1AB293AF82FD20F46CD2F933EDB0F5BE797EB68EA54458E1C2E6EC6831B3D629,827,1170,RGB
1603,page-1603.png,227238,AB682397B6BE43B3B866397ABD66A08C45FA2BB291E240C553FE913EC10471E4,827,1170,RGB
1604,page-1604.png,201343,953C8482EC9D32AF6C8C9C18AD6EC45FFE2BF2574BD2AC44F6C4D84970C2B0EE,827,1170,RGB
1605,page-1605.png,143067,CE86F56361920F7DB392C9834C52F521748B5C288161A5F9A8DF54A448E03915,827,1170,RGB
1606,page-1606.png,256419,2880C89E9232D2B5C2D0B1BD34404F530A67362FC383E194E621407507273A65,827,1170,RGB
1607,page-1607.png,78509,5529DE23BB2C566FAD723F43B1C314711C63FE5E16AE6B32740D6677CE29DC2F,827,1170,RGB
1608,page-1608.png,291924,C2F7AE122451CAEF2700B8182F7F94BDA38FA28A1B4FA132160339035CBE08DF,827,1170,RGB
1609,page-1609.png,229314,7ED1578B232C56D30FECFA14A3AC0358F535135E46E5EF4E191DBB356A32BF1C,827,1170,RGB
1610,page-1610.png,241129,0B8E40A0D00B2E4DB7EAB7A8234D80AC44A48F1C1AF34909CB25DDB96BD91EB9,827,1170,RGB
1611,page-1611.png,231183,3A9DA8C128202BC98879A4E6399D11617B18E40F33F4697FB5A33B2804EEE9E0,827,1170,RGB
1612,page-1612.png,262778,0787B8C114C7F1C8EFB3E1C55005DB10918DA5135CEB601ADA1D72DB6131427B,827,1170,RGB
1613,page-1613.png,294787,86B38F70A2F83E2CA644425356A816F5A06DF9B815EAC9A175EE94E5C8D6172E,827,1170,RGB
1614,page-1614.png,267391,E45E246314B2A996B4095086E687AE3A9E3E098DFBE381367440DEA9C6C39851,827,1170,RGB
1615,page-1615.png,305219,CF401B2283AB2486A502CBE554F5018ED766C2CFCECD78815A326CDEBD294831,827,1170,RGB
1616,page-1616.png,344618,6411F55D605321074ED4C323BB79AF03EC3BF921F7C9C1AF9C03E9E6CCEB3BD0,827,1170,RGB
1617,page-1617.png,278788,ADD52F3CCF5D9B77A6019F9BBB6D1A9BC3C4D3B7881344EE302FDBA5812E265B,827,1170,RGB
1618,page-1618.png,214463,791394E1E5F97C6ED60339B8821A03C3397E94C93BAE2DADD68126D1E1C13E19,827,1170,RGB
1619,page-1619.png,307776,D425C7385808E5D737C680962C6A7583DD7EAC6E7CAAC04FBF8AE58F95487DE3,827,1170,RGB
1620,page-1620.png,273359,57C2968D4C6868DF1470E770FB1A657025495B9CA2BBC03ED594B0D26924EC4C,827,1170,RGB
1621,page-1621.png,272893,B273A8CAC4EB7C903D149B2723F85ADB616AD8F1D59CA0256B4AA9FB56AEFD78,827,1170,RGB
1622,page-1622.png,319556,D140F464ED809819E78808A42829731F02EC98F25EF584F68B6A6523E899BC7D,827,1170,RGB
1623,page-1623.png,300063,EADF2FE54DD9596CD3CFB052FA8B93D3C6A9129526DF38DE713621CC7C2814E7,827,1170,RGB
1624,page-1624.png,291534,23876525B71C97F5F6027E474275BCD73D3A4B724AC4B66620870DF969A7E6F2,827,1170,RGB
1625,page-1625.png,308279,1EFBE81F950AF9C53E4268CEDC0CC21AA2F9CA38F4D4AF8EAE5DCA2863BE53ED,827,1170,RGB
1626,page-1626.png,271653,E58722082E83FD299877271C3E0E33B3E7BA2B81C65313318D01BC0F4103ED7F,827,1170,RGB
1627,page-1627.png,338856,B4AB45DB29CF3201F53D0711C4CBF6A1862CFB31EC0530DE82AAEA3909FD34FE,827,1170,RGB
1628,page-1628.png,357510,D675C09AB50107929B8D1A75E043DA9DB46A811D71E2E5369522338A26991501,827,1170,RGB
1629,page-1629.png,350380,4A99A3FF6859493AB0C80E7D3FD94C60B49F8F1930A82116DBBF51217CF04861,827,1170,RGB
1630,page-1630.png,202580,E3A6E3FAC9045984503D106967C66DE684C0228AE4430F5F7BF4CC24CA10B8C8,827,1170,RGB
1631,page-1631.png,297749,DD9C4652BCE4833D5ED229A951506728EC98218D4B3E737A14E47F533D142B70,827,1170,RGB
1632,page-1632.png,331726,6C3DD439DD8B15F2FC5CD52DF1630EA07B9274B77AF228B8888F4E097A0A6592,827,1170,RGB
1633,page-1633.png,256723,0CA4EE3C67D4878EEABD48ADC67DDC77941B5D07E3F146A77FA17C99F74B8D94,827,1170,RGB
1634,page-1634.png,318839,B8349DE8509D424A1F1DE46D3A4A6E181CCD61CECBF6E0F70DF38C396D9DEA96,827,1170,RGB
1635,page-1635.png,256233,F55B9135AB46762CFCE9AA4E2BEEA96468DBDC57C203B76FB8AA36DB091CFD3E,827,1170,RGB
1636,page-1636.png,254996,689CEDF1087CB0DDA22AF254FE7B1CB5672F21416E79947CEEAF28AF4EB89616,827,1170,RGB
1637,page-1637.png,260296,566D60A387BA65CDCFCD1AB083D4EA5C45EEE14EB1C190561519A87D2AFC04EC,827,1170,RGB
1638,page-1638.png,218114,FFAA8D6A3CE4D96F1FD7E97316D656129F10BFD8F0453B6A0B30A5A47D387534,827,1170,RGB
1639,page-1639.png,350375,C874E2314D43C29D2C3B762743CDCBCCD02E2BDAFF4551CFD5B310EB0BE526E0,827,1170,RGB
1640,page-1640.png,308117,D869165BFC3A8D627BE0BCFDCF6B3ADC950E82630EBD7372E30784ACD634B580,827,1170,RGB
1641,page-1641.png,243524,80A05195B23C5AFE657CA51B92C6F695F750346D11BB91C1005CEEF155DD4562,827,1170,RGB
1642,page-1642.png,355221,01F343DB697670AE5E9678E8BEE619FD9AB01ACD1969E87971AD58C9AA4BD54D,827,1170,RGB
1643,page-1643.png,236150,69F1A59F31CFF9E948B7E55A880EE893EAF62EE45B5B6289586431CD0976DA89,827,1170,RGB
1644,page-1644.png,268441,68707AC598294B13C6F351D605D4528C5E7FEFB268DFD8A5D222B164A1F887AD,827,1170,RGB
1645,page-1645.png,383456,C25DD4EA6A0DE1B5B57D517E2C416AD35A3080873E614370794D66C45F860BE4,827,1170,RGB
1646,page-1646.png,361402,410CC0E188B78627C6DF2634947FAB50D382F2FABB01B690E6ABE9582621B379,827,1170,RGB
1647,page-1647.png,297619,274A71A46E9EC5703ABABFD86710422C3EFBCC2D5DDC36A39339479DFB2A31C4,827,1170,RGB
1648,page-1648.png,263065,18029BBCFF787DC91086FF5DB17DCEF2400636239FEC9BFE8E7B8C2FCE990AE9,827,1170,RGB
1649,page-1649.png,255989,FB1FE5FC76528790D947D58554E5041886700C66555E03ED12A263531D8C4726,827,1170,RGB
1650,page-1650.png,328939,12FCB2BA5CEEC103DBCA82E0B690CC5959EE6249620305A2E26480A36E7CBE27,827,1170,RGB
1651,page-1651.png,255238,2638FE1116F84503126438C48FFFE3D64DA15EF44561C447EF072B786280D6F1,827,1170,RGB
1652,page-1652.png,324271,FB344C4477FC7C4AF94B5932230C43D0DD62923C6B24F627B6FA93F0A5AD9BD6,827,1170,RGB
1653,page-1653.png,253762,095215E4110674068569AB6682997FACFC70BFE7B652509DF31C65BB03762129,827,1170,RGB
1654,page-1654.png,322315,CCE84D9B0CD9A98006049A2525EB8D6A8AF94B5DD4DE2A74BFF9CB18528AB2B9,827,1170,RGB
1655,page-1655.png,371812,E2BB74DA51359270F5BF8625928A18953F0C4F3562A8452C9158D8CF43641492,827,1170,RGB
1656,page-1656.png,246874,E1C4FE55FFA473DDE9D8C6342C9DFF4A79ED05C569C8536FFFC03372BDEDAA03,827,1170,RGB
1657,page-1657.png,220740,EE0989402885D0731C1239005FA7457243EC8EA3E0453F72408EAF950521FC1A,827,1170,RGB
1658,page-1658.png,311549,A021D1A4A6BE79FE492AF7C6BF271272FAD8BBA040CDC703B41F05710B40DB89,827,1170,RGB
1659,page-1659.png,325214,93DA1EE95C343F122C6A2BDAA847155F9BC4BD0328F0F0CDDF1F07AF8DE47CED,827,1170,RGB
1660,page-1660.png,318001,4C881193DFFC88F2C6F279FF729B61C21E36865D6F447D1B5865B4DA98BD9EB3,827,1170,RGB
1661,page-1661.png,223993,E57A714C6FB04C1AC1B25945EFB13C90FB15DDE1D340ED659562760C67E8A880,827,1170,RGB
1662,page-1662.png,168666,BCD793BF2CA683DC1F1BBC1B4FE18D390288014717D6988CE2C2EE050E02FB4A,827,1170,RGB
1663,page-1663.png,237726,142548959FC086E26CCD9EED7BA9802A5312499C9B182F64E8BF2F9172FE13BF,827,1170,RGB
1664,page-1664.png,340126,34AE070BD39FF4AE93486CA01B548C2EB9C2A696B44A8FAD55E986E3280AB840,827,1170,RGB
1665,page-1665.png,120262,D5EDD164408CF3B1305FC4967399F59E422FA2CD2041994723557C79089AD9C6,827,1170,RGB
1666,page-1666.png,268565,AA062563F0D1E7D7584AAF3D49B20A62CD1FDCDE8EBB6BEAF911D183A2F45EF4,827,1170,RGB
1667,page-1667.png,217408,18BB29E145A25456FD75A7C6C5FAC532FCD3CA94D380611458005961D39F8263,827,1170,RGB
1668,page-1668.png,203141,480EF3683D3AE5B87E54F1F3D8DD37BA7123943FF939035E201FC3C7F888D1E7,827,1170,RGB
1669,page-1669.png,297711,4B1011F1B06BFD3B86B218812D616E1A731151D6836BD64092270087C90C9032,827,1170,RGB
1670,page-1670.png,305318,93BAA2044AEB7824C8B8F5028E79A3F47D1AA62818F8534547EFA3FE8B057F07,827,1170,RGB
1671,page-1671.png,301178,51DE4C5310CFD32CE73B0CA4EA8EF157D63ECE67BB8BE1BF65165664A7081393,827,1170,RGB
1672,page-1672.png,300408,15325501F8E69AC2727A868604DA4EE7AF71EC2A0123DCE8425E9704431F5037,827,1170,RGB
1673,page-1673.png,355841,9B6528058F7D6350D3C609D7BA36319410097B6A430D342309D78E3AF2735FE1,827,1170,RGB
1674,page-1674.png,356336,E5E7EFFB0840DB882362A32A7F90D85CA2318C1DF9B7AF53F6B2CFD38B65939C,827,1170,RGB
1675,page-1675.png,320844,E59112E15B85A3DCE789B176BA3A9C404D2403E679C2728356561724DE0C8D9F,827,1170,RGB
1676,page-1676.png,339178,1257158D11B573CFDA124F4478AC3C165B821C845271C305FA739B2D6FB7AF22,827,1170,RGB
1677,page-1677.png,236284,AF61DEE43E8CC8EBB2052EA2410CD4A22DBA1970A1B2411BE3B32B7984DA6C60,827,1170,RGB
1678,page-1678.png,170010,78BCBDE1D985D3D78980293AE8DC74973AB8E52C1AC8B23C3E867078D6956CDB,827,1170,RGB
1679,page-1679.png,283505,24A67537424480E64353E8E91E078CCAB8EEBDE6A8C37281BF837243413ECE0A,827,1170,RGB
1680,page-1680.png,224728,EF4BBB4A8C9ED2CC574E7D601B22B610313E9248AB24EF9E87D1E6389F03C177,827,1170,RGB
1681,page-1681.png,300405,EF530A4D68A68F8356FC4DD90B1012C44E26854C4641DC6CA50B0B64B229B60F,827,1170,RGB
1682,page-1682.png,341164,AC1E218CBF88EBFC361E57E65721D935E68BBCF8B9C01EA1F524E941B1F7554A,827,1170,RGB
1683,page-1683.png,269193,937E98F1CF91DD88FA9A7947158CFAF379CC9B16751B6EECA4053C9A4B8C6B43,827,1170,RGB
1684,page-1684.png,345830,36D97E6EADB6D188BFA15A643B95F11B9D24CF8499E878642023A5BBCF9DEB18,827,1170,RGB
1685,page-1685.png,337862,A29B7C1A33BE4D2DFB287946297F8D030CF38E39EEAE4684A82182A0D0098953,827,1170,RGB
1686,page-1686.png,261167,73A6196963FBC3DD77857FCB9C9A608A9E98A81CF4150D87FAA77281AABC06A8,827,1170,RGB
1687,page-1687.png,386607,26C817323C82F391B49D7A43E3F6537C40527A7F93E4A9CC3D85E79E782EFBC6,827,1170,RGB
1688,page-1688.png,307853,318227DCB637DF9FF5227A5452236F1685F168FA12D345CE0601AA5FE6095311,827,1170,RGB
1689,page-1689.png,342777,070C24703DBB6B3C85864422FDFB76DCF8A095EB65FAE3713B2B9C9C497A8491,827,1170,RGB
1690,page-1690.png,329711,D2B16242C7A076662A4949363DD315266C0C2B58A71C8867A97947ED46233410,827,1170,RGB
1691,page-1691.png,344341,38B9D7B91D52040DD04226885BF6029EFD2321AE55BB3D4879BE8D8680FD7E12,827,1170,RGB
1692,page-1692.png,333420,E5DF1F5C31153AB7A2194323DA11E582D47FCB321032C80A84F2D88A9ED12BB6,827,1170,RGB
1693,page-1693.png,344650,216A7B8B3D4A57BF0482F47A185C71932A55F787AEC641F58B313621CE5CF505,827,1170,RGB
1694,page-1694.png,322112,FF8E85FE77EB0219E2BDC214BA1B309BF0096C285174E56ADA7A26B4BA40A754,827,1170,RGB
1695,page-1695.png,326223,76247F8204B4ADD0A989891E2F543F84F1BDE61650B0280AD29BF22578C7C07C,827,1170,RGB
1696,page-1696.png,329680,EB047592907F3F1736A8B1700711E3D1E77E78E5550E8C002EBC22B5C4EE1095,827,1170,RGB
1697,page-1697.png,297917,18148C01E8685AB6083CE0F5B76B8A02297EDB0CF077BF3A3C714056FB33C607,827,1170,RGB
1698,page-1698.png,283375,0A9732B7BF643DAEAB1CA15A5A32E5D2B4CCB56E16C6E542EBCDB9FF9E0D91B7,827,1170,RGB
1699,page-1699.png,244410,1CEC2C2FAD2136EDFDDBBDE515B01514E5985B5FC516C595A79AE2E7DB4A48DC,827,1170,RGB
1700,page-1700.png,270840,9066B36D05F904485657A50B0341FD5D7990AAC8BDD0A7D36CAFBF5DB2F31D05,827,1170,RGB
1701,page-1701.png,309824,6820C4D3D933B4B01B37E400791AEEBAD069F24578648A2A46CE6C824FAA852F,827,1170,RGB
1702,page-1702.png,300431,02EF4E6946D01BE929FD2589249D2F05C8197D94684FF995F816C96E4E4BEB32,827,1170,RGB
1703,page-1703.png,296158,B967DE035D59CB2E70147A429A120B5157F5471BFEB5436C1A5DA9DC0A5A5D1E,827,1170,RGB
1704,page-1704.png,250598,3A31A57B9FCCF481A84F58F2E0C04308DAEC7C3EFB8038CD43C737EE9648A41C,827,1170,RGB
1705,page-1705.png,206405,E7AED717685CAC066188C6FE878411EAFDB44876D98FEEDCF3D2B0B831775662,827,1170,RGB
1706,page-1706.png,295717,7426D0599BDA42FB895F1040E5ECB3E39CB6AF63855E984795C977A3FBA1BA6A,827,1170,RGB
1707,page-1707.png,65180,F1B983005223511D5F2A71BDE145B9D958CD9F494A000606A2AD5AEA61BDDCDE,827,1170,RGB
1708,page-1708.png,299401,A6846C56EDB5F73E78FEA438F9F5193E13F0AE728B10870D16F76621CF171E04,827,1170,RGB
1709,page-1709.png,342584,792BEAF7C78BDE03DB4D8C3628534DD8A9DCC5FFE0AE705A8AB28116EEC5154D,827,1170,RGB
1710,page-1710.png,307219,A36AEEE24B9C7871FE45C0D00F4BBA518A52CC6BA6BBB6A803DF3855A4A676B7,827,1170,RGB
1711,page-1711.png,309224,5C4ED90FC910D318167600B73BF3A07BEBB64E7377F67AE265FE9F891E6E5818,827,1170,RGB
1712,page-1712.png,293050,35CDCC039CD6F29459B0E9722EBEC1C2E00422FF3318956F5B797EAB77FFC200,827,1170,RGB
1713,page-1713.png,343492,744DF8CED4107A67C54E0D00A34EEAE645E6B964D03313BDF09768F4F8ED2932,827,1170,RGB
1714,page-1714.png,336018,CF087CF8C9C667C0F264BC62316412A9704AD170A77A4765A915D37587CD2DE5,827,1170,RGB
1715,page-1715.png,283127,16FDB57FDAFF695165AB59DA78358F0481D0DD1102985BB83EF5968F22B2FFC8,827,1170,RGB
1716,page-1716.png,323631,EE144E0F99C263B9E650CC77D2E3D44EF82419633B1DDA4F376F09AFE1329C03,827,1170,RGB
1717,page-1717.png,253778,F52DAA36D2C098C0D5A7E6A047CBACE173E38238461DA093D7BDE7E582069177,827,1170,RGB
1718,page-1718.png,308670,3CC8000778CCE4EE87CBD0D8A33BF4265E0432140A2D17627B44CFE509C9D44E,827,1170,RGB
1719,page-1719.png,368065,9964DC36FA263C62049D4C9F831AEEFAA901411B72E3C389C5A10AA6987B19FE,827,1170,RGB
1720,page-1720.png,275226,B259A0D2296060385877EFD5DBF86476929991A61FB88D77285C0F2A7F8D1404,827,1170,RGB
1721,page-1721.png,286923,897F9F6739ED537BD442AC761236C0D3AF202408566E70A7F35275463DFC89D1,827,1170,RGB
1722,page-1722.png,291060,24FE088C070453A97662E9F2EBA0C7E7B30ECD41E14F4F9B5FA27FE2A96AEE6D,827,1170,RGB
1723,page-1723.png,295875,A571F7987809654278566F7E9E6CE6059394176313B90EE0E981EF254682A646,827,1170,RGB
1724,page-1724.png,297223,94326713FEDB4A89BE2668C4D4D0C45A40E9AD49471AB03807F927F67603F618,827,1170,RGB
1725,page-1725.png,327028,05FD3201C28D1F6ABEBFEB77CADB4708295C3A1F3FB913AA2D7C54C368F09D5B,827,1170,RGB
1726,page-1726.png,223086,61F2B803ACAC15E3573DEC9D6A7B7766826CCCF3379EF5AD84AD2EFAC66E844F,827,1170,RGB
1727,page-1727.png,207845,5CCAD53CBCC690F8C769CC357601DD2982685D9769DA052F332510B5BB8B1337,827,1170,RGB
1728,page-1728.png,318969,31CA7C09126F61EFA73B6DD16250CE004CECB844975A5DD245CD153AF5A35A21,827,1170,RGB
1729,page-1729.png,284293,1CAAAD8B6B70C4A91A4561E54D0554316CD2111AC4C07AFE5C158FA720A45B2B,827,1170,RGB
1730,page-1730.png,341978,12010A9A3F0FCD56CF127F5615FF805E76111C557572857723CAA978498B0CE6,827,1170,RGB
1731,page-1731.png,324682,3EB2A3E8BB353D313C3FFD7008113E4B9531F2B8173D7072DA991EC5CA5CB86E,827,1170,RGB
1732,page-1732.png,291184,733D17A59A90E256731B27EF109A61B968C2B49144EF5782C81ACD0DFB8F3AA3,827,1170,RGB
1733,page-1733.png,302834,1A58E7F6F9656C49D9E9671A8E9810A756EDF0F2DAF6AEDB4919301F439286AE,827,1170,RGB
1734,page-1734.png,376601,515950D5E03362C14B53310EAA9F71906A70CA1FD4087434B1B7ADE6277B6CD6,827,1170,RGB
1735,page-1735.png,279757,D6AF869A83E1C04120618855242F8273CA74191308A5B58EE89D571BB0969501,827,1170,RGB
1736,page-1736.png,340136,5827A9140BD1E20C83255A651FD684DFEDE92A1EB36EB91AC879A6A103160961,827,1170,RGB
1737,page-1737.png,378927,5425EBE118BC5430D180C0E910079E312667C951769D73834835DAB1E6FBD62F,827,1170,RGB
1738,page-1738.png,240547,4C6C724338CBC474FFDD9858BB2753CF29CD61088C7CEA592A6758B7B4680E63,827,1170,RGB
1739,page-1739.png,365262,439CAB021D921F18B62668179420269B2438A798C3F3CC9CCDA9BFF1E2BEA27F,827,1170,RGB
1740,page-1740.png,325475,B1234230B4D60F541F37663FBEFCE63D9B1F0BE7702012708797D4CDCBA1B018,827,1170,RGB
1741,page-1741.png,326151,630A077310CADC86C0AEC11C80C2EBC7513FEF8F798A8CA5AE94EDD8E06310D6,827,1170,RGB
1742,page-1742.png,350522,5A57452F35D76811DCDFDE31D585F79BAE4054428914BFA4A3323E76EFBF1422,827,1170,RGB
1743,page-1743.png,262363,9267FC8216E7E3E5997CBE22394C1325B3DCC4EF62CF8DC6EA9D2667F7906A38,827,1170,RGB
1744,page-1744.png,289371,0B19727EA69E769E6FC8B105635B0E6EFBF7E9F656013639B05D5E928286045D,827,1170,RGB
1745,page-1745.png,294523,B1913861C612A12EDE26796A0193A4F9514AF18775ED19A99BE89F2BDDE63978,827,1170,RGB
1746,page-1746.png,333165,2BFEA541E22298F5B58CBCD24C1904050526B51C4C29046B5B486290D7F73F04,827,1170,RGB
1747,page-1747.png,368183,C317630987A871CED057EB4B9BE9935BCC85D4FD77754D01AC859D01C41D6F22,827,1170,RGB
1748,page-1748.png,381500,0E62CAF894E528B79BAFF2DAB7BFFE20D1DE963A2FB3F26F8DDB36107F612D4F,827,1170,RGB
1749,page-1749.png,344631,CDE1E796862822F99BD19EB504BEFA2A9A6516AB8E98A7C018FA81B2E85DD22E,827,1170,RGB
1750,page-1750.png,360890,D9CA426DFC38D6BA1C1ADC182DBE93F2743727C962271320630C0484BDFD5405,827,1170,RGB
1751,page-1751.png,345856,B7BEF7D217C93EED4504ACA8936E4BBC37DD462A786043C238B72A0C6868FF77,827,1170,RGB
1752,page-1752.png,263396,8B125F57CCF2089D7BCD68567321AA0DA2D90E4B4AAA969D15BABB7AAB606C6B,827,1170,RGB
1753,page-1753.png,318132,E88A43C35F3B139C04652387C04C9E091D3A895A52837161474B1CEE68CCEC2D,827,1170,RGB
1754,page-1754.png,329694,21D525C37945091844B8F1B17006B2BB3D8670B5A683C141B529F84A95F7236F,827,1170,RGB
1755,page-1755.png,338125,5CBC6C4FB3A155F092541153EB41F26443F9BFEDFC4D94575DB89CA697488745,827,1170,RGB
1756,page-1756.png,297347,38D57897DA683656658716A54DD69854C23F041E75EB7E2F20E38D4B727A7528,827,1170,RGB
1757,page-1757.png,258502,DF11F59CC5BDBCC0BBF3E5066B0B9A6C616330551D4234304F45A14A5A29FF27,827,1170,RGB
1758,page-1758.png,253812,7C9AC6526CE5960440ABCBFD69D23575E45CCD12B5A39026BDF7E792A9E3B479,827,1170,RGB
1759,page-1759.png,306249,8DF7F97FC6BB5C00480EF5629FC67413679F869A57928BDAE99DD903D9D74C8D,827,1170,RGB
1760,page-1760.png,239571,A45D475DC16FCB5D6FADCB8EF7114E2C767A784CD2777139FC96E58D8A92B745,827,1170,RGB
1761,page-1761.png,199209,6C80E520A0EFCEE853BFA801F82BC694AF94BAE0E9ED4404AE80C9E112995816,827,1170,RGB
1762,page-1762.png,289740,6497F14417B56F9C64D939B5FD079705C7B1957C8FD720007E1D4711AD825998,827,1170,RGB
1763,page-1763.png,275947,B96237F28274C80F2FB42F6BF705A5564902089211E85969CAE8DA94C46897D2,827,1170,RGB
1764,page-1764.png,295702,8C8A072BA8966963F58EDA5E892BB68887183EF9966D3330F206E55FCD6B27FA,827,1170,RGB
1765,page-1765.png,229966,30D2A155A744359918A73ADDD47164DE55B02E29059A35BEE48D5B3D1DAD122C,827,1170,RGB
1766,page-1766.png,288206,705DE944EE135894B96C9DA6951B866717F09CD66CD22BFB2DA0D0FDC064BB2A,827,1170,RGB
1767,page-1767.png,240518,21A11C6A96B9E80994A2C1CF7DDDDEC5D0AC414AF3C8B131EB6E8F7E01C29DBB,827,1170,RGB
1768,page-1768.png,257505,A89432E9D9C9E496433B50A7BF23FA0872E714DC35809FB5E7916E56B8C5CAEA,827,1170,RGB
1769,page-1769.png,345141,A9CF8BED09E8DC225EF5EF0EAB993F20A42ABC54C0A66C58A94DB5858D1EFFC7,827,1170,RGB
1770,page-1770.png,303750,7584FBE106C17201C8784344C2A9E1FBE3E1E508307669CD27508C27FB6DF903,827,1170,RGB
1771,page-1771.png,361346,63975E2CD1B7CE413E3D64E4851A1FC3D0DFDE1DF83D83AE6F039DBD4B0643F2,827,1170,RGB
1772,page-1772.png,98392,89DF6AB59A58EB83E70E5D5751A81DAF9967A43F45CCABED4D501F60EE174BD0,827,1170,RGB
1773,page-1773.png,220132,7237ADEE1FD5CE6078EA3CE5080A2E3609B0A67432C5CD315A0E336351513B7D,827,1170,RGB
1774,page-1774.png,291203,65AF7C39E2B286D4B6ADBDFC36CD7445A6D8CF4D913346034B8AE3FFBC7A6A71,827,1170,RGB
1775,page-1775.png,306067,E7C871DCD26C0AA0A784EC92E3BA640D276BAF9118567C96B21E665FF6A20E07,827,1170,RGB
1776,page-1776.png,307889,7DA7140999E408043A0F2D17B16A16A5C4854E1959B298B7AB5288BDFC0B17B7,827,1170,RGB
1777,page-1777.png,321331,62025D896267469544C8E92EE011E1FBE26237A549396483F119398618C86CD3,827,1170,RGB
1778,page-1778.png,290483,4A55557521D0638A3E0B369AACB67D5C7942A4F372339D33F3A7917DA244FC67,827,1170,RGB
1779,page-1779.png,275859,64F587B1CB3696B86D8CB6E59816972AE1E34D5193B274619AE9835DCD1F2441,827,1170,RGB
1780,page-1780.png,341249,822726A204021C5602D279E75691FEED12F4000421932CF0831D0F1498B03AB4,827,1170,RGB
1781,page-1781.png,300513,4408821E3D716F4461FC27FFA2C2179B1405178D534F12A016536A1F437739F1,827,1170,RGB
1782,page-1782.png,289124,EF515BE45D00BF151ACD347A094D19DA1B7611E70B927174399880EF3D937DD6,827,1170,RGB
1783,page-1783.png,415546,3ED7A83E42522A1947BB6B59A743F179DF8FED67C59BD2DC7CA87FCDCF48BB3E,827,1170,RGB
1784,page-1784.png,307686,C73470104C009ED5AD72B4A38E624CBBBA51DD5C90D22FC37E6D0C29AA6AE7D4,827,1170,RGB
1785,page-1785.png,333993,3A061FC9746CD729463540632A7AAC78E91C0E464EC244FA7FFE9E2DCFA026B3,827,1170,RGB
1786,page-1786.png,341586,91F7911A7276B02D8CD9322921CF532C55F365BE888DA4C63C92B259C9B482D5,827,1170,RGB
1787,page-1787.png,390982,B869DE1832D4FC695264FA52D901A1C80FCE2739DCFD17F62ECA70F6C303A280,827,1170,RGB
1788,page-1788.png,349064,F920DB05F2C3A259D8019A824F6A887276899AB6A53C04A84BFA7FEA6BC7E7E1,827,1170,RGB
1789,page-1789.png,306983,D0FCA6107025DD9D7B0555E27FC948FB1C55BD7CD71E1E708273B451CCF49BD3,827,1170,RGB
1790,page-1790.png,218597,E37D27CCF6A982DEBFE9ACD1A74D49AD810EDC2D8F765B8A9AB1C55150187537,827,1170,RGB
1791,page-1791.png,321501,FB87004A1D39392E6A512FD6192D9F20F2E87602710821EB36D9CE03FF6ABFFC,827,1170,RGB
1792,page-1792.png,324569,CED3BB28F7BD0D446612E31998A2145D23062F846E411B63305D722FA26AA012,827,1170,RGB
1793,page-1793.png,295135,28170F3AAF93194C5FC3206C051C1A6ABC5D4F34F9847D92763FAB1C1AC160C7,827,1170,RGB
1794,page-1794.png,255864,65D997A5FDE5C2D0211B331FEED8EDD6A6EC4DCBDD50FD6329A5D7B23FE21B6C,827,1170,RGB
1795,page-1795.png,267885,B193A6F1980E34E93D124E9BEB99E2763C845EB3FB60734B31C2A9ECA443B3B1,827,1170,RGB
1796,page-1796.png,301756,C7C869BDBA3F260075C802C85DAB6056E3C440A1C1878F387CC326E1C2899D74,827,1170,RGB
1797,page-1797.png,225959,3AE39143F944E36F3547AC7826C9CA8C0D9D6A451553FBF16A24BFF2F091A308,827,1170,RGB
1798,page-1798.png,296345,981589660CBC31E8C1A7D983C3D57A68283AA31D602E9EB736CA9DB5FB712E60,827,1170,RGB
1799,page-1799.png,205027,89D6D3C49BF4C2E3148A91260B8095159C64CE35D3405702B14A445B060E9D29,827,1170,RGB
1800,page-1800.png,254641,C582741D0696C39C8E59D86166F9FB84F9DF4A6D44BB3103B20BAE41945D8E4D,827,1170,RGB
1801,page-1801.png,280926,B71F115936CFAE2393791EAF4F1B692031E38F59A5D1D652DD5EDF2D2082F733,827,1170,RGB
1802,page-1802.png,266473,EF09FD47BAD6112C08EE9C190D54BCE100ADD0136D36EED3E0D22FB6B0F55263,827,1170,RGB
1803,page-1803.png,270914,5699DD80B850A996936B0710AC7108BF04902394760FEFC603B33601557A75CF,827,1170,RGB
1804,page-1804.png,278822,E95281707D906A0BEE9A96B60030D9855B37B314B30B068FC25483B4A717ED4D,827,1170,RGB
1805,page-1805.png,301531,D3BB533E1D9BFC3C827AE72BD69A9F66A4AC2C367FB3B83CAB13241E9EC113AC,827,1170,RGB
1806,page-1806.png,252136,6A41C02A2C114A1B8E568C93C9821252BEA01853CA4C4C5CC26A6D530674EE10,827,1170,RGB
1807,page-1807.png,310693,DE88FB8887AA63F7766D612BAF71D1CECDED2BB518EDB4F4EC4E2415B5212D51,827,1170,RGB
1808,page-1808.png,256120,24C0420EE027BDEDEC32761F273C34BE9984ACED893A5072B32910544DF57263,827,1170,RGB
1809,page-1809.png,350418,DEDDCF7ACD0B9E1C1791BAE1C10F2F69D0367FFAF2309BDA099E5123B5C39021,827,1170,RGB
1810,page-1810.png,330540,DA7FA93AAB2C53CD2D73521630C58470168E90E4981F75B1518247A387F2C938,827,1170,RGB
1811,page-1811.png,261374,3A693EF7B690B74EF10CB52026B71D90A811640B79822BE3D5DE83ED5BA2AFD6,827,1170,RGB
1812,page-1812.png,328739,AB0ED89760991129C7BC562B3E75258118EB142E45DC74225D9F5F6C247ED059,827,1170,RGB
1813,page-1813.png,284832,E8641AF931D5FF201B0A6B468687F02821F0EDD273C170760578612CC2690D67,827,1170,RGB
1814,page-1814.png,315126,062711E6CB5477AAF633C559EB4FC037254F3A60AC01752F214FEDF1D1738D25,827,1170,RGB
1815,page-1815.png,321793,A79DFB0E150AF7A3EC424CDF3D0B65061D3B8027BCC0FB67D181D13EE077C97E,827,1170,RGB
1816,page-1816.png,352519,038E150374C1B8A66AD6737CE24FDED026791D81E5681B7195902B9392D7964B,827,1170,RGB
1817,page-1817.png,314584,97439CC5EAE92B06D62835525D636097FA190DF4AE604E3B4389542262C789CE,827,1170,RGB
1818,page-1818.png,270221,97CECB4BCF3B11F3665137065D438561E60E07C77D4518CF2222C830EBFFE27B,827,1170,RGB
1819,page-1819.png,329566,596AC3D8E4234541A568E4797AB35CECCB5963A8DC63A9A738EC073E866A281F,827,1170,RGB
1820,page-1820.png,266301,0F0CCF8BDB80B6895628F6DAF312A070825E1F4D33020296A52CD9E5C030F676,827,1170,RGB
1821,page-1821.png,250902,BCA1EFB0D1DB6C7EAFC189781E52BDD933E667F3C0574F5292238BDF28092255,827,1170,RGB
1822,page-1822.png,302992,4F2C21D7E6D22BA9467D9BEE16D81425BA923A82292F5B928715B73D2D48ED49,827,1170,RGB
1823,page-1823.png,297778,BEDF0553AFE9FCA27A9B1F22079655024AC721DA3E0E1C7AADDF04823B1FC2AC,827,1170,RGB
1824,page-1824.png,333969,7CCFCCE3E289214F1B2ACAB22AD333B21E2A4F31C926103928B210FE995A914A,827,1170,RGB
1825,page-1825.png,275527,6BA8DCBA9D2A27BFBDC77A3DB0C8366E6F92678C93F289FC8D489DB911C1B519,827,1170,RGB
1826,page-1826.png,284486,6DB34019610D8D7E04C0CA7DD7D306AC9A10FEB347D81C18BDA18C4EEF05D69A,827,1170,RGB
1827,page-1827.png,277276,998289D7FB9EA7A6F11F0830F453AA17F62EB836062482B46FB494170EF294C9,827,1170,RGB
1828,page-1828.png,263532,DCF5D9FE94B81E1BFA4317266B6F11DA1972BF48519C9A816CA294B9755A68C2,827,1170,RGB
1829,page-1829.png,244385,262F727B23392688E6C691352944591DDE80F638CFF67C9D0E15AC329CF084A6,827,1170,RGB
1830,page-1830.png,258662,8D766102E7EDF92FBC3F0C7863D76BAB9B5F76CC36E1C141B373229D0B11069E,827,1170,RGB
1831,page-1831.png,252196,6E50A94664CCCFD5B42C420F4D2ECDDC990CF353F04EDA25842D2AE71374C303,827,1170,RGB
1832,page-1832.png,224107,089C20BB1B8D8E14987EBFA9518BD828C169A0D6C64FBFB580FB6AFE73A29FAF,827,1170,RGB
1833,page-1833.png,298295,52EFBD6F137BAFD700438686E4E54F411E7B347C224BA5486937D429863989EA,827,1170,RGB
1834,page-1834.png,260276,3CB9F0C2965FA6BEF4082A07075185036491AC8E8F2BF3B0DB5D179239DD63DB,827,1170,RGB
1835,page-1835.png,238647,CC8D343CB6D9E16AAEA7202A11C154452AE0224AB26C2D987232858208037E98,827,1170,RGB
1836,page-1836.png,253749,7E35090903E43C2DF76DF8E6068E0109D7E98E8A7AB9DB48F5DB818442DBCA5D,827,1170,RGB
1837,page-1837.png,307826,DF885DE53ECB51294BFFD335966299BD64940F53D94A51D413CEB4E6B8EF5C57,827,1170,RGB
1838,page-1838.png,269004,D8B1204777D6C00864B9CE0F5E54CAFC105D950C21BEB69B9E107E9C8B0FB261,827,1170,RGB
1839,page-1839.png,248655,E999562F1CC2D51401F9D860EEAF80D67F951F8BAC5262BEE91A120E042EE30D,827,1170,RGB
1840,page-1840.png,228848,C2586D4842701B99D089F78349F33F9E99BBD4424A76505F89B76E7D84AFC803,827,1170,RGB
1841,page-1841.png,257348,271E0DD128FF8FF23B939AE9C77D6BC3C3AF3699D51704DAA56C258B87408CF9,827,1170,RGB
1842,page-1842.png,231965,16C8F8EB73DA4564552B163E689199B5313A47AC4756C17D792B0EA4D5D81A33,827,1170,RGB
1843,page-1843.png,273540,69CDED372AA525D9EA85A2731A7289CE49AE22ACC6773533AA73F667D1DB93C7,827,1170,RGB
1844,page-1844.png,268174,309ACF6750515BFE6CF4C9834B879326C7DFF83D28893AD9917276C94AE808A4,827,1170,RGB
1845,page-1845.png,244751,CBA72C85AF4325DFA406E74FC92318C544FF0D47B89BFC706AA29149DD081B2A,827,1170,RGB
1846,page-1846.png,249898,7F156B4F6195964B060C722E9D68B1ACAC447FB7F2DC39D323561881BBFB7B28,827,1170,RGB
1847,page-1847.png,269273,040F518C6BE15F928C0DB1A8633DACAE36A65A928730C067875B0D9663E358C1,827,1170,RGB
1848,page-1848.png,236869,746329C1E12F37A89EC609222FC59641FE123130CE059E3E8BFCBD2B26ED9835,827,1170,RGB
1849,page-1849.png,296971,339DC09B05E0E4B05E346B4F0ECF4FA1B8A71749EE981041EED9C2496D7DBFBF,827,1170,RGB
1850,page-1850.png,299213,44491EFD7CB9F5D1284F2858DC24694AE9F9963CFC8BDA461F12E160D543EA18,827,1170,RGB
1851,page-1851.png,281881,3A8F9E07A7100C8BA514147E0693D0BFFA0768FDAE51F84C2C37FEBA4341D97C,827,1170,RGB
1852,page-1852.png,235403,5ED4042CB46F0778370AD222776F67AD41BFB9BA2170831031E88BF57152E1F2,827,1170,RGB
1853,page-1853.png,266346,C6C1F70261AF2C7DD9E9AAF389A9DC43FEEBCCCED3DB01554ECB85F57B2DFD5C,827,1170,RGB
1854,page-1854.png,249645,FD3731143E67DA490E454ECAB1B1F1C3FEE38A6879CFE18989D9C9F8764FC9DF,827,1170,RGB
1855,page-1855.png,218342,F5064A9D3EC8664CB880FC3DEE688EF51520C939C72F42A8D7197AAB4B286439,827,1170,RGB
1856,page-1856.png,240283,364CB0E1C8645ED5337DECDD4735EB3AC2287D2933DA4DA9B8088EE462418E20,827,1170,RGB
1857,page-1857.png,205845,2DE6D29780DE28D1F144EBD0423277758CB4E943F8C599A1EA30819DE8AC1046,827,1170,RGB
1858,page-1858.png,119230,C26CD4DAB945DDC9A0DB269C9C2AB374EA6CC481D61F079C2F6AB435827A9D50,827,1170,RGB
1859,page-1859.png,210896,A07C302ADA7559F8AFEC20EB31C1D26CC0D7EF35E549B805AF00F0C8B4562F58,827,1170,RGB
1860,page-1860.png,209951,FCF136D6E24071A7FB5261308C1AA9F78D51158A1A2AFA3FF27FE8817E20F9D1,827,1170,RGB
1861,page-1861.png,251273,7131D0EC1515E94151785482D7B8802FDAF2F9FE04B829F072DECC4701DBFB93,827,1170,RGB
1862,page-1862.png,311216,8CD51E9D5C121750ED5B471CD5E4F680025F4B7E9FF0DE28BFF4CCF08A72D60D,827,1170,RGB
1863,page-1863.png,311231,755F484BFACFE6D7168DCFE19DCD99F0CEDD3F80AE039BEC53656DFA68939946,827,1170,RGB
1864,page-1864.png,312192,FC1AB617A90AD9CB8AC8B79FAC4C296AC851130FF4BC484DC586C1B8B474DCF2,827,1170,RGB
1865,page-1865.png,259776,0947606DABE6BFED0DDF02202F36B5AC4420F046D53EBB2D2B29F43550455358,827,1170,RGB
1866,page-1866.png,310873,A26151E04D244FDDD873FFFA12169ADF66A190A1145FB9650C3F7B6758912673,827,1170,RGB
1867,page-1867.png,293373,DFCDDC9E7151C9ECDD8B7FDD7809CDF51941296F17859FBF36F6E1043C7954E9,827,1170,RGB
1868,page-1868.png,308516,EDECD38814279BBDC4A7AEA65583FEE661ACFAF12AD7723DA97DACAB9D47BE74,827,1170,RGB
1869,page-1869.png,292973,EFE9FBE3DC29769B1305E49880DC44232FD39E1C778CA3941A03C6EF7D76077C,827,1170,RGB
1870,page-1870.png,108978,1AC65291FB138A266EA49857E2DD4D5107341A7801597EAE51A4003114460755,827,1170,RGB
1871,page-1871.png,231776,C4675683CD28937CBCFA62EB35A26650BA6548D903C1D0B1A70BD0D12F84AB7C,827,1170,RGB
1872,page-1872.png,266376,C2E9B51ADE4407DEBE95319BED4D5DA4D30CD1554DD4D6CD789EAEDEAF8DB64C,827,1170,RGB
1873,page-1873.png,274071,4A5961FCB6AF7C051BAC121B1FE9E288CB92FD245B458C57EC5158B32C15B659,827,1170,RGB
1874,page-1874.png,266924,3729FDC681CC60A4E7CFA08DA1A192681B7ECE9AB9381F59B94C20AB119C0D29,827,1170,RGB
1875,page-1875.png,284793,C684BB65920B04653FD40665664CBD6B0EA7869AD9D84BDC5114D91D9CEA305D,827,1170,RGB
1876,page-1876.png,241450,B5A815D4D8A9D38A01F7551251A0BD1AD6F293FAD49253EEA483BCE69211AD2F,827,1170,RGB
1877,page-1877.png,278388,7D583B9C616640776A5EDF040E7CBE5438C2A3753150F673C83A672DCB11EE77,827,1170,RGB
1878,page-1878.png,299148,EFFEFBEB167FE0A585227D67CBD059868D1E40BD2B572B678D3E334EB7A5E192,827,1170,RGB
1879,page-1879.png,231752,6135F9D2DF6D527B500B09373B4B3F81F32EAF53E7B862938D9FE46EBB9412A8,827,1170,RGB
1880,page-1880.png,322169,E867C95BA407ECBCC0EACDEF0655BDC2FC31BE0A9D21FBEAEFE46085F45BFF07,827,1170,RGB
1881,page-1881.png,314039,60668D32A8D9458CE3FBAB848B055F407D45B18377E074309201E71338C97A2C,827,1170,RGB
1882,page-1882.png,338052,00ECD4C6ACE39E016FEBCC222487F09FBD446BEB8D45110BB42876091E4E9E05,827,1170,RGB
1883,page-1883.png,215450,75105201F19D92783C28EBA342EFF3A66CDB22BC3CD9F4683FBBDE4EE82C7C9C,827,1170,RGB
1884,page-1884.png,338252,BCA8C9782431907B331178847ACF3F9E5765D1A9E90BD71A7164F5DFC07A8C69,827,1170,RGB
1885,page-1885.png,200991,A3920DD2EEA2BDAC26F3BFC0785DC9716A81BA6DB0569F4E560DD565276B05C3,827,1170,RGB
1886,page-1886.png,66082,A5BBD4AECB8E71FFD5970095B71839A6C6DBE27DEA127CAC16DD2B1A5A3CC4EE,827,1170,RGB
1887,page-1887.png,241490,78A26E06CB33DF45894539BE6EC4C7EC1B4FB673872605086A86F7CDBE50BBF5,827,1170,RGB
1888,page-1888.png,322825,DF3FBD4293CB8349BF85ACFB924304B41EAEC096B7769F97B276A188A3AAACAF,827,1170,RGB
1889,page-1889.png,249772,4D4AD6417E6A2FC778E7E265076EB330939F36B103CE8FF76D4C704960873BA6,827,1170,RGB
1890,page-1890.png,270900,7C11DC403AC0DCC2C5CA24039207A721D0248FF3F2418D973393DBD1EA8B7ABA,827,1170,RGB
1891,page-1891.png,363804,97A596AB35819E31E2A807F7FB9FC97AB983483BE7544895EE44D122CED466AC,827,1170,RGB
1892,page-1892.png,271358,4CE8A7BE46E787B11C056E35E5DFD127D197D40C8E63A4232D60CF79999FDE26,827,1170,RGB
1893,page-1893.png,228180,585495AC7EEAF90D7B6333DD18DCD4FACA8453B3CA1F3721BA6B2E942A1DE4F3,827,1170,RGB
1894,page-1894.png,248003,718A8F74AEF9CFB97F68C6E367513071A10010E82FBCF235F19A41CB1489D433,827,1170,RGB
1895,page-1895.png,313297,408C5EA1EEE79FFA25E5EAE17DA621FFCD05F625550E82BC9EFC2F8C8E0BB9C0,827,1170,RGB
1896,page-1896.png,269765,B111CC2C361493B7B5458EC1D4F52334C566CB900FBB11E2F91BC74B2C52A08B,827,1170,RGB
1897,page-1897.png,292750,DB29F1E2A81E8AA1BBFCADBB42C57AF7CF07686849194D6D4F8CC5AD49E05320,827,1170,RGB
1898,page-1898.png,308898,9498E0B8F429B501EF26369270C9108FA8486E14226A697061FB71370B184A90,827,1170,RGB
1899,page-1899.png,255924,F878E5B1EE57D0BACA6765503F03E5CA6D71340F45BB58BD14DCA81CC88F502B,827,1170,RGB
1900,page-1900.png,262492,6377C4EFF6F4641888AE4AD44A8A9818FE97F67B6C0FE67C5BE839892FB94E43,827,1170,RGB
1901,page-1901.png,289201,524CAC7D74558BD9317F01281234182A8071BAAA199A8CA1E2CEBFCFCD093BE3,827,1170,RGB
1902,page-1902.png,280936,4AF4A8EDA3E018553557C1D3F158C9711286CC296732F89DB8D00A0C92C2AAEC,827,1170,RGB
1903,page-1903.png,262594,B8C2B70A7774FBEE22BC5F134725F3F45F8A71DD3277D57F62E39F3CB4BDEE77,827,1170,RGB
1904,page-1904.png,295433,87A0BF64E434D2777FA16691E0CB45B51D20F04710F7E28458A7CCC9FF76D264,827,1170,RGB
1905,page-1905.png,284527,59B4BBE78DCC3A14C88BBFA5F0C81C15A370B93EF52EEB0C4D19A51F1A05AAFE,827,1170,RGB
1906,page-1906.png,237447,27E70C0378D0DB10804E35470200C7DB6C26DE45E1633FDB2DCD64FAF7501914,827,1170,RGB
1907,page-1907.png,230208,30E2D573D77D092D0C9724D872659B79E368F7C3180B760D34E0F804B96EF5C2,827,1170,RGB
1908,page-1908.png,212722,13FC9DEBA17BF0D5AC0E3583258CD76BAF0EABFA48F235D99473ABA49924ED12,827,1170,RGB
1909,page-1909.png,181602,9B7F183B095AD17BA3A96AA2FC2BEEC1529A30406ECD895F7954606B84F4C555,827,1170,RGB
1910,page-1910.png,301741,5CAB1FA3BA9D034BBCEFF69F4B2D06A8019FCDEEFD2FC72D17BDB144405D5F82,827,1170,RGB
1911,page-1911.png,227762,4A8359F8CF66E65DE4178B8E6F397988834290DCB8422F844AD2F9C2EDD065FF,827,1170,RGB
1912,page-1912.png,243309,903ECEFD8D28A208DD791F3EBBE210A0FE16C9DAEA3170457CE2344C7067C801,827,1170,RGB
1913,page-1913.png,326119,9D389388D1AA328D7F4BF0EE8D238DDCD3DCA654557407A3B9DAB5979A416B35,827,1170,RGB
1914,page-1914.png,294781,00951070B2BD04EEB572D6601A64FC5E1BE31AA65521DEC0B4E5A3508477840D,827,1170,RGB
1915,page-1915.png,332864,E56351D35DE20DE0B2CC49DD990AA662775238BE86E2D895981F87B417EDA498,827,1170,RGB
1916,page-1916.png,252918,0214A7A4BD25A40C076A8E7442067E2816DC5F3699C5901BF638CC34AE0E79C3,827,1170,RGB
1917,page-1917.png,305308,6FC5A6E8F6FDBE4BA2741F03135ADDBDB6B5EEA7F9D6664A3492062CFE24DAB1,827,1170,RGB
1918,page-1918.png,250282,CBDB5CF305E2B3276CF74E67C31FF5D5DACA36A3A0E2B60F49ACE9A43A749FAF,827,1170,RGB
1919,page-1919.png,246705,B458AE157D084CC79A7F041A5B33CC67E3724ECAA843A4E66B6287948A06D495,827,1170,RGB
1920,page-1920.png,272508,C1FB26A3DBCF4A9F975C09EE01E6ABC0C0103380662A5D34819F4A312B0110A8,827,1170,RGB
1921,page-1921.png,228016,13579E4520DFFD8D977FD797C0D919B190FD871357B2B77AB07D35D559EE26FA,827,1170,RGB
1922,page-1922.png,229132,52A7CF1564AB3A85C065D7EC41FE863A9A94682E93B668F6A9B3CCABD20D629C,827,1170,RGB
1923,page-1923.png,273857,12B481B3E63F344408A4C34C250D0F1C9EDAE0B2ADDF6F5394622F475BB6EAA3,827,1170,RGB
1924,page-1924.png,288389,5BC63E26E52759FFB142F539B03637DB798A86C0228C1DC813B9A3608F43E43F,827,1170,RGB
1925,page-1925.png,372531,FCFFB29237BE95EED2955A6D8631D17BDFE4A680F6816ABDDFDA13F3709A8E2D,827,1170,RGB
1926,page-1926.png,347129,D9A2504D81C58C78A3D1BDE965A79415D6F6134E021824149D945A613F8BA3AC,827,1170,RGB
1927,page-1927.png,269901,AB0CF357F1299C26ABFD4A800546AE8F0260382FF457B640A6E6D1492F88268E,827,1170,RGB
1928,page-1928.png,311945,6C14DF654F85BBC5FA6F1FCAFDDB7B1E0AE77FCA0CCDC1AE3198D2DD9E2513A2,827,1170,RGB
1929,page-1929.png,258412,F92BC9BA5BE6F0E8C114B24A02DE9D14A1FA0F0D1F03358840F064E8D4C6AFC0,827,1170,RGB
1930,page-1930.png,281351,3DD8C1E6684296CB0791FA0D116BD93142EB82D25E51BC4BBD99AB9402BEF1BA,827,1170,RGB
1931,page-1931.png,273959,7F552EB976A4AF2D9F73C9E92A64E46DDEE334D6A33040B2ED8BC530518CE80B,827,1170,RGB
1932,page-1932.png,253257,5454F175F20A4A74E4592273E57021C2C49CFA486CA1B936B7376B85BC786917,827,1170,RGB
1933,page-1933.png,291086,9C52FEE80497F1E9F3261DE7C4CF2A8AEB6FE90E89A42605E6C914CE0C4F6A9C,827,1170,RGB
1934,page-1934.png,222378,2DB22B68E011B79DB65F22C4416BF3FBD3898B1ED74CCCC569B8956D48971C39,827,1170,RGB
1935,page-1935.png,255873,72B2CE0556FDA3EA8BD54006F73883942DB2F788691B6CACF125540C8B41C8C1,827,1170,RGB
1936,page-1936.png,268515,31174170F87ABC651D1D9A6D3AE8ACD276E36E3FA9902DCCD8168D98677AB339,827,1170,RGB
1937,page-1937.png,302551,BABFAB32D91B52E53CE41E9C5C1F1751300B62E3353634C95D545E2A0ACA3F92,827,1170,RGB
1938,page-1938.png,267626,9B2397910574D26E2DA5E0FD0868ED39E0545B031FC2478BAA19BB208F242B8C,827,1170,RGB
1939,page-1939.png,319582,34281CD8288AB25818309BE5BB590C110DD2B5796D7F8CDF8E9312824C19154F,827,1170,RGB
1940,page-1940.png,301961,94B8A1D44C091859C32B59690C0EF5D8DD460F78FF6AB42109EA481CD4828745,827,1170,RGB
1941,page-1941.png,311391,4F64FDAB23364463D1D304943BF68FBBA6F10E8450B24D5FAA132F92FBE94C3A,827,1170,RGB
1942,page-1942.png,267917,12913C4E39F712C4E5B6B1C4A53E9615595DA97D23EF7A6473EEC808ABBC457E,827,1170,RGB
1943,page-1943.png,304605,54531BED59D888AE27D936EE9697C02F10843D1D97B6B2B82A13C4D0BF86D3B5,827,1170,RGB
1944,page-1944.png,308165,C807ED99C1A7A136137A9C5C30740BB11E5086FAC3B4CACA34D3926CB70E4E4F,827,1170,RGB
1945,page-1945.png,199522,7E59AFC0BFE30D4853D3B11EFB22EBDED83A8E83538A0561B3020AC0F0FE0A7D,827,1170,RGB
1946,page-1946.png,176410,F31FC890A90D0B53626D9CF7AEFFE5B4F4451843BFBB2EBB78FEAE639D4CEEF3,827,1170,RGB
1947,page-1947.png,289177,A0EFF6ABB961A2EDEAEF49805510D54BD52B4E3996275599B2683C4CB24617AC,827,1170,RGB
1948,page-1948.png,224036,BA682C75D361F2764852F4D8E3AB71688363AC840B8615B4129E83B108503978,827,1170,RGB
1949,page-1949.png,218674,086B2D3FDD01B2C4CA0B08F218986472727645B2085D782D450186FE5EA00645,827,1170,RGB
1950,page-1950.png,306101,FE84C1383C5888FEB2263F7142935117073F73032E05E596E2B36268A234FD86,827,1170,RGB
1951,page-1951.png,210458,488771B04CBA1D24FB05A6CCFC67777FEDE28B268CD635195B423EAE91E77361,827,1170,RGB
1952,page-1952.png,193489,FDF2882BA4F29BFDE407827C49E90410640886AE7582A53B15D10ED782804ACF,827,1170,RGB
1953,page-1953.png,198427,C514F26B4FC82A476018D20052DD615647E68DB3C383BCA514ABC50F3B0C086B,827,1170,RGB
1954,page-1954.png,229588,4ED5182B0D697CDD1786F03CF32A7F75FA5D4757223CB3B5E7FAC18E1856BE3E,827,1170,RGB
1955,page-1955.png,214054,21264DD827D50DC01B43076E661F0302821AC88EADFE6F2A361DD5FFB1FE0438,827,1170,RGB
1956,page-1956.png,199284,FF2E0798732009B6C1227354B783CE82AF472B4182BE3F3135BD66A9A9589E5F,827,1170,RGB
1957,page-1957.png,268570,A9320465AB7D3583C2CB926E141AE8B043E113F96994874741547F4B64B7C0A7,827,1170,RGB
1958,page-1958.png,271226,BF3C75F621287BCC1370E89FB2B4E2DBB3BB917612BE7A8FFF0109EF867A0E67,827,1170,RGB
1959,page-1959.png,236959,3E2D30D1474317583B184C314780A9A9F63CE143910B14524F85112F28C87E9D,827,1170,RGB
1960,page-1960.png,212660,AE2E56EBC70E48E5998C0FE431B7D79B64D2D12E4C7C1813230AE63B534D2CC1,827,1170,RGB
1961,page-1961.png,301603,563368D93D24184AA6F85EDFCDBDDA01349C84A9B0C09ABA24497B536CB36C00,827,1170,RGB
1962,page-1962.png,256003,757365A7FC2D9CC2C8E10D4C85B636EC4C36366BA120E0627B6F31FBB79E5761,827,1170,RGB
1963,page-1963.png,197905,22992B5F0564757B69A8D8BBD01675E75CBE780E828405C82FE38E0EE112EC19,827,1170,RGB
1964,page-1964.png,224574,E15E1D87E8A17869DE8B6A9AD1D79639BAA8406FF2A97709C2DB0198B74AAB71,827,1170,RGB
1965,page-1965.png,296817,8587F5A98CD0DD690295355746C05E65613E7371E1CBE108A3CB2C6EDB7797A2,827,1170,RGB
1966,page-1966.png,213513,53B6CC401978D3DC6F1CF3C7CF5EC925E9C3D1E1A3E389F9FAC360B5BB0C3EFC,827,1170,RGB
1967,page-1967.png,202208,20BDC20A21A1668659CF4F7192391A0C18999C05A566BE8E4BF997BAF633C56B,827,1170,RGB
1968,page-1968.png,180631,900EF00FD4440349F216CCDCDE2CE2E6F2F9DE15F91ABAB766215840C03433EE,827,1170,RGB
1969,page-1969.png,214735,0EB0F0D85BFAAC265BDA6A640E139F19C60E241EDE548A6B85D9C6BFC122FD8D,827,1170,RGB
1970,page-1970.png,190012,442C85F5E8A69C576BF27DCCBC4F28EB19EF30903949E20EE574110A255ACB14,827,1170,RGB
1971,page-1971.png,176725,171F8388EFF57A1806794BFD627EDF62F642950DA1A8169281BDD66544D88CCC,827,1170,RGB
1972,page-1972.png,223172,40491A7F4CC747F2CBE5B6130A7333583DF87DB1D00494017DE7BEF6CF48A04C,827,1170,RGB
1973,page-1973.png,255360,F2520B910FB096086969912669B2C688C4FC8A4F51955C3663357580C724DA7D,827,1170,RGB
1974,page-1974.png,243207,927FB4258876628823AD541784367BDC1BF173F536C5430AC46BCEA3A2B854F9,827,1170,RGB
1975,page-1975.png,269577,2611792DB0A0ABDB79C7A9D01517EEF7262A7702D899E28FA5C6945D84CD2715,827,1170,RGB
1976,page-1976.png,198278,4E5BDBF54178221F8C8BCB2AC7EE504AA7A803F47A84028BC1C187661F18DF98,827,1170,RGB
1977,page-1977.png,297435,CAC9891BA1599A1A8B80DD1CE24D259A57BFF43577D2955113CBE6739D75F979,827,1170,RGB
1978,page-1978.png,270367,3876834E978BCFF56F79D1BA48211C678E5310BBE8BBC138CF3A789C176C4891,827,1170,RGB
1979,page-1979.png,208358,255F61952CD383745648F4017C705A023E75DB9735108BE86E4AAF6C7AEA1779,827,1170,RGB
1980,page-1980.png,229900,3E17FA13BEA0052A1066C9451406DB48CAF28C95DA4B71B2751E4A572C28553D,827,1170,RGB
1981,page-1981.png,312949,DDB3E7824F7CB160ED292C3AFC9BD05AB5FE726656457E856A735A44A2062277,827,1170,RGB
1982,page-1982.png,282495,0E083A30615610F3AF3305AEC91A6B0C15AB7F8F42A12D6D79EED8B7EDBFE2CB,827,1170,RGB
1983,page-1983.png,212866,593FFAE844E07C3E2DD490A78607B40D4405586CD92B039C122680EFAA4690E4,827,1170,RGB
1984,page-1984.png,193990,D119B1B8741FC6A51BFCDAD7183541B026D4DA3EE1E3982C83A18E247772431C,827,1170,RGB
1985,page-1985.png,235820,E8633B262C513608F4D24F49E2C1C1B85DB3A1CD47E061AC190B5D21EB3B9948,827,1170,RGB
1986,page-1986.png,229587,37227645710EDECE1CDDC98B4DF27B5762608B771D1C52AF45C629E56EA5ADC5,827,1170,RGB
1987,page-1987.png,211657,9CB0B9668F1875D0E9DD066473343CB2BCCD159F5D470F06DFEFD51759FBDD31,827,1170,RGB
1988,page-1988.png,270036,E058BEC0702DA1B54523858878FDF36640C8CE4FBE8C5D75B0571F098606870B,827,1170,RGB
1989,page-1989.png,60115,E94BEF1B279D7F07EF1E5B2B60FB54E87503788C5D0394F50C493C73C0D5F97C,827,1170,RGB
1990,page-1990.png,264679,FB9B28C3FC435AA25D9D615BE78DFA121E5208B08EF0D5E746B380EBE83D991B,827,1170,RGB
1991,page-1991.png,267532,EA3AA2F77FBEB5ABDD74767D70B6F81C14A74ACA3CCD8F1425ED5EA950D54EB2,827,1170,RGB
1992,page-1992.png,258867,6D5ABD8C9EDC1554B23E6DA3FF3DF1E4A268505703D3C3157C3DF3181B50A880,827,1170,RGB
1993,page-1993.png,273566,C38BC72857177D8D0E0F1B1A999762030D90E2998B59B2025C691BFC89C819CB,827,1170,RGB
1994,page-1994.png,278192,408BC3849A6F31B342AE5D336C0F162B0B388104F44C97434DFE2B87237F003F,827,1170,RGB
1995,page-1995.png,329487,F26106EC8621236F1D00CCD11D3360B9FA1C95D21EB7C98EE8D4AA9A56BB59E4,827,1170,RGB
1996,page-1996.png,275569,8EC45CC2F2E2FA52D909BD01BF3F5D6A44C88D00C846F3ED6267FAC773FC8067,827,1170,RGB
1997,page-1997.png,208751,65DDEC2CF0902B3D8AE324335313194D3B2083B8CD8D4C7D8E77F9F3D3FD8CD1,827,1170,RGB
1998,page-1998.png,254774,BBEBD2A675D1110ECAB77D1960D701E5A3220331DE3427875220D1DB59B4818A,827,1170,RGB
1999,page-1999.png,194765,80163145D198612608D1E4FC875F60BF6850C382FD5C50689141BD58BE873C71,827,1170,RGB
2000,page-2000.png,290548,248D72DCD3AC28A8F04FE97021711AEE8C06CE8BB5577732F5648C6CDA74B12F,827,1170,RGB
2001,page-2001.png,300177,91489ADF3996BE98E4E952E0EAE397A6F5EF4965151351C1FA4A2E158A245369,827,1170,RGB
2002,page-2002.png,281328,58640871D67FA9E64959E6A840B6A3358EB7497E6D94D42C778325E6D52B760E,827,1170,RGB
2003,page-2003.png,265156,289F38BA8FC323C4A64F5E35C50F957371A34D01730F8644B6D04E7F0AF31913,827,1170,RGB
2004,page-2004.png,233853,819BA10CC936B727209E02C47EA03BB4605CCFCE89C50F9152E877B05B17AE92,827,1170,RGB
2005,page-2005.png,286442,AEB74BA0CBDF43847F22275CAB499281ED192B38FE60FD0CC646EECF5CFFB48B,827,1170,RGB
2006,page-2006.png,267218,EEB796065AA958ADFFCBD2587B9D337E7C01D4EAA4DB0005A6BAC827C33AE25C,827,1170,RGB
2007,page-2007.png,292202,5B4AA7980D6E917B055E68556EF0331B2BEE773B29DD0BDDCA9C24D4B0FCDA48,827,1170,RGB
2008,page-2008.png,216768,21A6200CB564C302FBFC3A52148CC1A35B0B363FFBAB4CDF115F873FD9F60E74,827,1170,RGB
2009,page-2009.png,285346,541891C23AB06F6D697A53AF9103FCFFE65FDE78693E0AF73522148D0EA2A68E,827,1170,RGB
2010,page-2010.png,246724,2E5E7DA90170DCEF51A6E2525A08552ACB7BC65D0786A0596C651675C1022BAC,827,1170,RGB
2011,page-2011.png,215753,590C3DC30C32E159E9CC319101FD263DE7C09350B1DCD272543934D7029DB365,827,1170,RGB
2012,page-2012.png,253754,CCF988D0045D5B58E679B2CB45B6351ED15D79F0858B6ADA254DF8266CC20921,827,1170,RGB
2013,page-2013.png,290652,2C281AC44027470D40B360D9140DAFD9996EF453ED93B9C9EA4D97A9E5C3A227,827,1170,RGB
2014,page-2014.png,242386,40D3D2A55E0992EC0F3FDFE102D8FCF66BE1EB909D8A33C17594D8C9C57001C0,827,1170,RGB
2015,page-2015.png,201778,E4384A98199D619B85D2D6BDFC4FB2B95C999BFD243631028867437E977B4E99,827,1170,RGB
2016,page-2016.png,229993,C00E76724C63B27C60B4B7A7BB724F53BD0B3C430638384FEE65C18D19C00509,827,1170,RGB
2017,page-2017.png,303673,3C114EF075FE7859707C31BBF708C7F96C6F9D685A45B1107D784BEAE9A96F47,827,1170,RGB
2018,page-2018.png,307644,B44A3934E0AA167FB81112F5110C1BA9E4D6929E4EC135FC087DF38BD5124068,827,1170,RGB
2019,page-2019.png,258274,650FCC9D9CCEC8A97923F25CE595F50901439211AC00B8715F44919E8F59F46E,827,1170,RGB
2020,page-2020.png,257902,94CB4A3F03729FA314763424EE8EC414B6F7070CAE2D72C72CD4588231DE38EB,827,1170,RGB
2021,page-2021.png,268626,E2ABC96A68E4917CEC57DB834D72CABE906F5C9FA932D1E7D39AB7B9C900F29E,827,1170,RGB
2022,page-2022.png,255857,33BDE3C511D8B0998D918D855FFDBBA623A2A511DABD0BFE9FA54A6261D39AD2,827,1170,RGB
2023,page-2023.png,245705,13C53A9372956BAB4D46407EF82F4C4D3A1F7008992C55BB5D4179970ADD353F,827,1170,RGB
2024,page-2024.png,266976,1D11177C21EDC482C23F3216474B65C38B441B9A5E775A932F5EBDE173F3F5A3,827,1170,RGB
2025,page-2025.png,121524,507148838DD7204A5C2927F7011DD395AB97E6592B7FCAF67AB57B8C64611520,827,1170,RGB
2026,page-2026.png,220434,C86AECD281613C7C7D4EC6650245A5E5A9D9E0EDAD4CC3A89EE1657EE6C49BB7,827,1170,RGB
2027,page-2027.png,285096,7250987470765810FBD2D8EA4050BAD6D4DBC0EC5115102F4472433F3AC6CBB3,827,1170,RGB
2028,page-2028.png,256275,171097F9224327E8B5A95A6FC382CDA8FACC2FBFFD1C7BA7222AD1A5F54CF296,827,1170,RGB
2029,page-2029.png,300084,34E4ECD363B33680BC4D11F7E2C74C729401402292360DF6CA1AC5C2F6434B83,827,1170,RGB
2030,page-2030.png,269197,D7352699F5476A520AB0CCD8BB03053E26C57081603CB5E87B694296FA1FAD0F,827,1170,RGB
2031,page-2031.png,254940,F602466BA0D00E1D0079F3DFF3313A7F1643401E53E01ACFC378E083A8221352,827,1170,RGB
2032,page-2032.png,316583,820E9244C60E13A6FA5FA84089FAA01035EA6BF1DC63880723EA738B2CB6D2F7,827,1170,RGB
2033,page-2033.png,357446,2F0F56420F476AB2221F61F1AF39958A0652DEBF9CB0E61F7DD8F1990BACD86F,827,1170,RGB
2034,page-2034.png,242835,DC326A4AE417F3BA1FD6D5C868018D27025930B57CD64D3EEABAE741BCEF0D5D,827,1170,RGB
2035,page-2035.png,293262,F08DE42ADAF72219B82EF2BDEE2360D12B489B5296921C07977506C02DDF4AF7,827,1170,RGB
2036,page-2036.png,232988,33CF4444AD786FBCC338FCE8BFCC85C49F5E8E53C8C0A3244B4094B59713B42A,827,1170,RGB
2037,page-2037.png,226695,312A39E1740A4E316D628A24DAC8527B18D9CE5569281643A779EED293C44B6B,827,1170,RGB
2038,page-2038.png,324048,31CB20155653431176724D766E5AB1F64B16CDEAB30D790BA20951A37B64C693,827,1170,RGB
2039,page-2039.png,244819,36D180B27B9A54BEFFF3F82F3049599C633666F5422225B95713EFFCF9477E4E,827,1170,RGB
2040,page-2040.png,263668,9830DCD3A54DD56794E0E1CAECD0D0177C5DF7876D3A8005BCF9A03B63A943CC,827,1170,RGB
2041,page-2041.png,338333,3933FE7EF9CA8C94F315BBA3BD3A087175BCA67E0E36D309252AC2A39A92100D,827,1170,RGB
2042,page-2042.png,268754,7266C06BCE5C9D3010CE16AFED97579E7FE979AD368B9AE71BDA2BB35E34D6CE,827,1170,RGB
2043,page-2043.png,359881,8DE8ED374E12D5A864666BF59F96264CA1E205996F461FC0133029BAE564F490,827,1170,RGB
2044,page-2044.png,346687,05418BF584FF2EFF9D92D6799BE9B3EA05C9DF643CDC7CCF75A4E8D3D9A9437D,827,1170,RGB
2045,page-2045.png,326031,EA354B1E446439364EC73F83DB876776BFEAE889115875575E315AE276EE0A9E,827,1170,RGB
2046,page-2046.png,302261,F1E3D5E2416F5C70DAD11315B60F1BF4E1FED68BDC9F5F588D31982C4EF9190D,827,1170,RGB
2047,page-2047.png,302722,A2A8313D0CE1BBBC1984F6FC4CEA1BA9ED63B3587A33261A1B7BB3925B883C20,827,1170,RGB
2048,page-2048.png,333443,215866DBD8B76FE55CC76DE0205B295E260E96C32D3E634AFA405E172B7B2D2B,827,1170,RGB
2049,page-2049.png,353443,737438A97A619C71447EBDB058113E2F7CB91A64CFA27C15C515CD5D902EA2D3,827,1170,RGB
2050,page-2050.png,95143,E36AD27D06787AAF50143605B3FAD3625D5C566952C2691B0A0C3C06EFD26781,827,1170,RGB
2051,page-2051.png,282280,1206BEEB367DC1E1900E48E28F0BA778D8F0DB67CBAA87EBCD25C2F20382D87C,827,1170,RGB
2052,page-2052.png,248718,0DD7CEA9BAB353A16935AF4C943EB0F75242EEFA410C46450B501927AF4A865C,827,1170,RGB
2053,page-2053.png,213228,C73AF3160A1E71561D99027098B5EDABBE245735C3C95DE2EB51ED4C2503DD97,827,1170,RGB
2054,page-2054.png,300959,5CB858656C4B9BBD5AC3912ABFB1BDC85687E679A3872492E159C0A00EA61C5C,827,1170,RGB
2055,page-2055.png,261936,1EE0004063491C4DC495FED5215198899AE4B80067ECFD3132CD20F468A6D719,827,1170,RGB
2056,page-2056.png,293918,E5DE143997368CE0FB0ECC02C1DD071425AA9776AD6124B68D8177DAF6A1D818,827,1170,RGB
2057,page-2057.png,288274,BE00F678211B3CB278DA01D3889CB21EFEEA6F94C7B29A5474B17E4700909C52,827,1170,RGB
2058,page-2058.png,340335,F577B216E76C2F20D014B91FC868B1175175C290E7907F658A777517DDC694A9,827,1170,RGB
2059,page-2059.png,310966,F90306EE3B73A6755647710B47413949E65F54B7EA71C9D1E0CE3EA70CE305BF,827,1170,RGB
2060,page-2060.png,338682,058F53744613ABFCF84DC5D050FB73D23EE5134FB9855BAF28E32F01B5F3CF55,827,1170,RGB
2061,page-2061.png,338205,F8CB5DCAD889AD95397817C36F66A8EEEAE73A678464B183662AC42F390D4EBD,827,1170,RGB
2062,page-2062.png,317652,F567FF413E9D4F53E7E650EF7D815321727521B73B59A961F101ED07707B6350,827,1170,RGB
2063,page-2063.png,253052,82BCDE2494E20C8FB17093E5E4C578FFC906FC0304D178884FA1F2C6F0B6F009,827,1170,RGB
2064,page-2064.png,248041,57FDFB5FEB75DB574E66347ED2E58B8D4A755D74E62D77F74D2A071AA8BA3DD8,827,1170,RGB
2065,page-2065.png,319127,550F1E364D43A937C41DB3E424B304B87B0A74B455D04A28F5E6132A17127FB0,827,1170,RGB
2066,page-2066.png,351461,8001D9518C659EAE032F63DA2193F1EA525E33D30D2FDCA3C5C47A7EBDB6F9F6,827,1170,RGB
2067,page-2067.png,328554,8CC2A5765422CFD76523C675EA2823BCFB02B4DA99B1D39314F056A326E115BD,827,1170,RGB
2068,page-2068.png,324990,A8A8C54E2F146AE2E6B8959B2FDAE4459302BBB6946AC753561A9AB9923790ED,827,1170,RGB
2069,page-2069.png,133650,344BCE6F5E902005BBB7A1305347F8D6554297DAD7636130E7F78F3202704077,827,1170,RGB
2070,page-2070.png,218376,242BDD07A6D8FAFA2D541862F4536341B4AF86EA963A78D4AA60E273DE933A83,827,1170,RGB
2071,page-2071.png,336095,2675EA1C1F47D56D7F020D0FD5E73A0EB6599990489F65A8F23304667D5FCCEC,827,1170,RGB
2072,page-2072.png,198622,D7495107AF0013BC5708ECEE41924AF1530B504E7A24496611EEA52CD88EB1A5,827,1170,RGB
2073,page-2073.png,315855,6C664ED20C0D76B523BA21E2C8736262C3D99A90EEC88C475E2D15344CECE5AB,827,1170,RGB
2074,page-2074.png,334194,841A66121FA03F17B002835CD0803A805177ACF2CC58EAB54956FCFF9F76F234,827,1170,RGB
2075,page-2075.png,236891,DDAE098C62C52EB7474336CE7450D221041F76F428DBD0579A105D962C825FE2,827,1170,RGB
2076,page-2076.png,280841,C3FD15A85B86D412778669ABA568F240624259DD7136065DF8DA3953F3BB75D3,827,1170,RGB
2077,page-2077.png,289602,12E698368111728823D9D16C2BE50565B74A54D2838595F9704BCB60C73303D4,827,1170,RGB
2078,page-2078.png,238705,28765D3D2F46467F297E4DB308128844129109E8B25892096106FE3B7FA8FBD0,827,1170,RGB
2079,page-2079.png,209568,C3D20D12A991719B72E7CC0A7C99FEB081E4926F40CC20B1DC2BB5E09774513D,827,1170,RGB
2080,page-2080.png,251826,193D352A49784ED15542E04E6F145E22E0F35467552646AE6842A92A9ABA9BB2,827,1170,RGB
2081,page-2081.png,320323,C57C421D0F5C329E28BABBA9ADD402E8193DAB46CD920ED8F70DB24707D6FA86,827,1170,RGB
2082,page-2082.png,265338,5894E05CE51373CD3A455E4294A0D5C2AF3766F556940A563E8D874C25279A82,827,1170,RGB
2083,page-2083.png,249115,ED2B4DB13741106C4E9B82227AC63A6605221E64B024B4D15AFD5A0F3372FE7B,827,1170,RGB
2084,page-2084.png,177985,F11CF0745603F9D9A1E1844CEE6C8DE49D1B6B47DBA337B0AE6E4D25CC9279CE,827,1170,RGB
2085,page-2085.png,291085,47D598129EB1F58C101D7FFFC5D12EA21CD6C99C2DA6DB184524997839F0E9FF,827,1170,RGB
2086,page-2086.png,235288,B8109F2E95A058197617501D591AF1E110BC5B95338F04A1B5C7F242548BF997,827,1170,RGB
2087,page-2087.png,339989,FF82B9274E5A93D509E979C669324FB933A09FBA1B3A4C50860CB68692BFC2E5,827,1170,RGB
2088,page-2088.png,311466,3CB6E81D48886DD6117AE4B059C23FAD7CE314F9BE7CFFCE46860EFD4885F8AE,827,1170,RGB
2089,page-2089.png,232578,FF50D616B253DFC6F0171BB9C3645CC78F8083CEEEBDD10F670240E51D41D324,827,1170,RGB
2090,page-2090.png,307568,6DFA72AC5551EC3D073EED69DF4462391F94F864BE466B879D4CCA5339D4AF80,827,1170,RGB
2091,page-2091.png,264095,BC284BEEF3C7999242701C1D7C7D46F4A1ED72590ECE6F40671C7C680AEA981C,827,1170,RGB
2092,page-2092.png,256701,00C908C33ED1C592A3A2CC27EF7923D0237CEDDF6235BA35D28395B28D619ADA,827,1170,RGB
2093,page-2093.png,288641,8E9B71D61F256098140EBC723E151742CF4AF3581C7E6E48F3C9935087D98E27,827,1170,RGB
2094,page-2094.png,270728,C5F09CA89C03E7AEC6728E5C9489D39FF21C6D335296A16A1C6D3961A7396CAC,827,1170,RGB
2095,page-2095.png,279631,2A493257418893651B33C680D2B47FB59D607B742F7FDBE46A43BFD6BEED80A0,827,1170,RGB
2096,page-2096.png,269447,F32BECF9798C13801EF0F3BA60620657FE3F55A9BD583EA23FEF6A445A6E6CF4,827,1170,RGB
2097,page-2097.png,352055,A3950F7AF18AD4667B69B632EFEBCDBB305B6CC0E75CCEAEF3159A01BF971C01,827,1170,RGB
2098,page-2098.png,358179,C62688F2A65FCA8DABF6C94C39834824B06E0F63E1C1E0A6BE13571F48F78DF0,827,1170,RGB
2099,page-2099.png,363562,B4C1E35525EDE356B5F28235333C8C928B2B4E4A18A693FCDC7F352D294F0578,827,1170,RGB
2100,page-2100.png,335791,99AA7E9652141DED4E8827ECB2E1CC0D9D0A3A78841A3EC188D8575954FBDBB9,827,1170,RGB
2101,page-2101.png,289309,A24B689D0B8252642F995C94B83438943FC8D675915A6287AD87AE8A40F79F89,827,1170,RGB
2102,page-2102.png,286817,B129133FC5B545BF6E7FE08F9337FB5A163FA7F358B8A59834E11198C6E5EA24,827,1170,RGB
2103,page-2103.png,341506,7A315D885AB22368C812E571D42349396C736D664694AF70C46ABC1BD9B69C97,827,1170,RGB
2104,page-2104.png,332747,5AC24BF8BDDC8265CDE1FABDB36B436618962751840B22C23888B54CDAE6B094,827,1170,RGB
2105,page-2105.png,279728,C92EA02A35EB5B54B9AF313FDB611FE79E416CDAF284AD4F32B8CA1C9BB2AACE,827,1170,RGB
2106,page-2106.png,231688,43AD88B1399FA95FD5FD8721CD5722839FE80AABDC6CCAC4949997007C5E7AE2,827,1170,RGB
2107,page-2107.png,231420,6F67CA048189768690DE832C74AC2930DAF0F05B8A79FA48A7BBA1B5BE0E2759,827,1170,RGB
2108,page-2108.png,211194,804817B345FF7BF84B0EC8124D5045218F184646469B1608B0FF340780F11595,827,1170,RGB
2109,page-2109.png,280548,0957295E17AFEB3A976F416F56D30992283705B8E8CD6E66F04E403A0A6FD5DB,827,1170,RGB
2110,page-2110.png,299777,BE501FE501A990D570FCA1CE4B5F5CB363553D9DFB9B408A928E766E72A87C20,827,1170,RGB
2111,page-2111.png,286890,AA142EACC60C2024F9F0FC439F2018585A09399A272AD195F292DA5FAC3821D0,827,1170,RGB
2112,page-2112.png,285614,5D2F446011EB0EE56B216857B0D6B1A8546E1F8B75057FF8A50457C6001E649E,827,1170,RGB
2113,page-2113.png,241842,6192522A38DE887716893F76D0E3175CE5749FA05BA5F733DB944C16C246B42C,827,1170,RGB
2114,page-2114.png,253303,9431FF66AA9567FB8A751164FD51FCA17081A10A3AB8249E4561D54FB278D258,827,1170,RGB
2115,page-2115.png,340625,CEC2FC61CE87B7AB1F87101D646F458B85D56B57831A0434B2B7A8532EB9F312,827,1170,RGB
2116,page-2116.png,279122,0752C9F63CA9A98C2DD3AE3EEB38B7F072C5FBDC97B27F5050DB9E4315A92F1B,827,1170,RGB
2117,page-2117.png,314672,961490BA6A28468727ECCF626BA227C6FBE5C97F58FEC0A43603C8EFF2797D21,827,1170,RGB
2118,page-2118.png,396103,B0240B9D017BC3AF9D20FE90C9D7E6B7898AF743FC1385F96EAFF43A4EE81732,827,1170,RGB
2119,page-2119.png,367780,6F412A9FF99E9416D258499B6146E73DD2D88633FA154B45C5BD1D60B64B8B32,827,1170,RGB
2120,page-2120.png,335581,0DA9C75A75E5CCABAC477860A52A617052B9FDD79ECD8B3512755A66F9063A3F,827,1170,RGB
2121,page-2121.png,83001,BC746595D9B4FA87F76F6DFCAB00D6486E653B5A34407323CCCFD96FB792E7E4,827,1170,RGB
2122,page-2122.png,286214,70734F90A8E4A9AEE9EB2BD9CF7EF05295128AB9A4DC95BDED4F29528DA9F626,827,1170,RGB
2123,page-2123.png,216073,6D3B582680358B6BEEEDE441F5FC4EAA5B5ADF2A7E78464A8CE643986F354968,827,1170,RGB
2124,page-2124.png,290618,5C5F722F0AD6679DEF3AFB95A470B737F926D523052F9CC0287376FE4359EAA5,827,1170,RGB
2125,page-2125.png,356995,11ABA412E94E43988EACB927CDE58C434DC2B9C6B365D7DE9F75514B06028004,827,1170,RGB
2126,page-2126.png,338976,6685402E45CF804E6624B469E86AC3FD012CBB2C1AFB5D36F5C8B7DB57A9694E,827,1170,RGB
2127,page-2127.png,299619,A972FB07E31292886106A80C58467C8E7EA8C3EC0610D4E452A7F4599F6B91F4,827,1170,RGB
2128,page-2128.png,315330,F90B9ACDDA8720B1ABB22B854A6FF7CEB8F5E13A8ED5A09E24F6FAF42533E83C,827,1170,RGB
2129,page-2129.png,303420,962652D8A690B73D1B74D8B9C93D56977CCB899D68E36B2CAD76207B2D8BAC7B,827,1170,RGB
2130,page-2130.png,326806,D8CFDD46FB5DC306B1EDFB00800DA155621B9825AAECDF59D8CFB2AD20EDCA9E,827,1170,RGB
2131,page-2131.png,263574,6DD1F6492E5B72F43475DBA5D11D0AD04B5A665639FA83DA1AF224A3E6AB1272,827,1170,RGB
2132,page-2132.png,304717,5624F69ED61B9E6853383487324B5E38871FF4EC4B1BB5AA8B10B5C562ACD528,827,1170,RGB
2133,page-2133.png,278269,0F79F7490E39D9BC067AA1C6B9E54B5A53F64227952E2361BE8FA2B56A9DCC78,827,1170,RGB
2134,page-2134.png,245391,0B826C448062CD081CF9D645E0015F03F7D489B12D978E64E4134EC398711041,827,1170,RGB
2135,page-2135.png,267443,9CB72470E3442AADBDCE4A53C3E36A7460213E7408ECE2F0C372145E5A8F5198,827,1170,RGB
2136,page-2136.png,258778,0950F5001753DC447B3D5C0DAD367ED12FC1CEDC85311045CE8E07CFFC6151E0,827,1170,RGB
2137,page-2137.png,256802,489961F57F90D93553474E4C43CC4C0AA0413E4786D311C5D46980F4137F882E,827,1170,RGB
2138,page-2138.png,238214,DA81F0DA57E88D42C786C8051E515A80C7C2A9AC501D64B07B350AF77B435D0A,827,1170,RGB
2139,page-2139.png,286142,228A385E168BF0D5232B1879DFB2972566E51D8C4A4B718314791ED9115DEA6D,827,1170,RGB
2140,page-2140.png,241072,B777AD445DC2E3D2082B174645A7DDC5F0596BA284167367FA864343FC8EEAA7,827,1170,RGB
2141,page-2141.png,301361,FAEF4405635FE4523E6A1E955C7C7B1CFB80DF5D4206AD388E9B17DF5092BC62,827,1170,RGB
2142,page-2142.png,307032,30C406348FFAA05D66A6AFEC62CD60EF10E53E5A3EC3177BC7DDDF7581A08604,827,1170,RGB
2143,page-2143.png,323474,C42D0FC753C788300CDFFD8543A91A367E7944D61C10B186AB5FDA3A28E18F7F,827,1170,RGB
2144,page-2144.png,352154,1502344ABA8E143EF660484247C10D13A86A94A3C116CD3C60B2FD284A630327,827,1170,RGB
2145,page-2145.png,322031,18013661031D71006AF548728F96C8586BAD59DB11BE701D9EDEAA0E14CD0AF6,827,1170,RGB
2146,page-2146.png,348018,6A707BF1304A01FA2FE246B845741C6E298EEC7B51B2E85853217D1AF45D7688,827,1170,RGB
2147,page-2147.png,43711,85178F9A42D1506C54631E5659468BD0F9D83C100F41D4B081E058DE7B63D457,827,1170,RGB
2148,page-2148.png,195116,9E551AFB649C2C4D80DC83AE12A6DCB44063BEF6FE9E20D9244979246F694FC0,827,1170,RGB
2149,page-2149.png,226694,40E8A332FF6BBA189222DC7694A05C7E98DE65AAF7B16FA4E809DEB2BC56771C,827,1170,RGB
2150,page-2150.png,186332,3161D17B3C9F4E28EB70C94C2FEEA05108A3F79C5D3FFDD0C49DB9BF5D30A9A6,827,1170,RGB
2151,page-2151.png,292507,4836CCB55AE4F5E4498CE3D3C30490AAC4B9829F00967B9D04D15FE411961556,827,1170,RGB
2152,page-2152.png,378222,E524F46C196CEE869E7D78171FD5DBFC5FEEB190DF171323BC6C5DB586BF1B5A,827,1170,RGB
2153,page-2153.png,253836,8BDCB44C59C0FE4A654F978427F26182D8049FD8AB12D1A8E84FE25D06A8A9B1,827,1170,RGB
2154,page-2154.png,272150,F0CCA7308A3B963D2B0BDBFBFD228E75706C49771C914243CAA23E742339E889,827,1170,RGB
2155,page-2155.png,215310,769158B594B5B92ED27EC0604498C5B9E5F5AE61EAD5E3B9BC59FFD5CC6FC367,827,1170,RGB
2156,page-2156.png,231174,072BD49E8B2835415292D130692EFBD5264468E160A546CDFB617E6338191DA1,827,1170,RGB
2157,page-2157.png,252478,A7BE6C4E33DC8C327C5A07DD69EA022E3C6CC2A4A9E93AE2EBCADD98CC900CBC,827,1170,RGB
2158,page-2158.png,303101,B7CDFFBEED1382C757420D84D398009923A344D9C21FCAEE6BC691CF05B208D1,827,1170,RGB
2159,page-2159.png,329344,74061630B38A729A5FE921775F6EDC41B3A35E67B965AE7D3A1911B5BDB17400,827,1170,RGB
2160,page-2160.png,339096,A532053A638E7C98575C3BEAD89634265DAFA8C7DE453F45E10A53D8ED805C47,827,1170,RGB
2161,page-2161.png,324410,C8DC49B818857073334F280DD0747AD4171C6E0F4EB4A2B0E25C129C369E7B27,827,1170,RGB
2162,page-2162.png,289655,7B9569FADE60C7AF39F4322556AFDDF1F4EBC8F049C45981F79A7BF8F5E672B9,827,1170,RGB
2163,page-2163.png,264194,1992B0F660B5E33FD0B81D7DB2D4401B18B347697F51C824C75D9A92B820E424,827,1170,RGB
2164,page-2164.png,359148,449AD12DB9302B0D2C030BFC10F778808C9AD7E6EDE6E00511AE3B4C017BBC88,827,1170,RGB
2165,page-2165.png,346189,A958BF66233FA2F4B1DBCFEA8717148AB49A35AB23EC01F4CD071512F82DE3CE,827,1170,RGB
2166,page-2166.png,352482,FA152A65DF106453BD24E0D7AF4DC008A6811C7367A3698941BD002D12A67535,827,1170,RGB
2167,page-2167.png,266638,501DC9C16F760A735C99CECC9EEFF9ECEAD2719BCD95FFEAF3669ED09E898233,827,1170,RGB
2168,page-2168.png,350055,71C3E54F7BE77E3C41BEA2C0A638B6CC4D4E200D3DFFBB0467F2FC4A92E17324,827,1170,RGB
2169,page-2169.png,287659,D6AE7F39C8AFA11EF5AB6080707886AB4D6B6C04A0C0C65F45026BC7B91D3F81,827,1170,RGB
2170,page-2170.png,273503,B41B64F801553698E0F84E576465BB20E7A60CBD70A379CE4ED8B441EFE50654,827,1170,RGB
2171,page-2171.png,240567,C3A89F16E6B617F544BF459AF7DB3643CE974731D07977C30D0EC4C044F6011D,827,1170,RGB
2172,page-2172.png,229018,B0BE317D75DE5DFAF43DD607E11A36945F23476D9666CAAA5B37101671F128D4,827,1170,RGB
2173,page-2173.png,297995,9E150BA0D879E1CFC6CA9FFC0516531EFED9A379238A10FD68B6DF1AFED789B9,827,1170,RGB
2174,page-2174.png,274623,6BEDCB905EE928FCDEA2E8E0F7334432E197D7B57A5460D143EAD2D3C0F7AEF6,827,1170,RGB
2175,page-2175.png,348175,14308C798374EDB20C1178FBBA630DA4F04CD28CDE910E04CC25D28407EEE7B9,827,1170,RGB
2176,page-2176.png,272830,DCB3FCC49A23F40423C2A8201E55472AC8468CDED2FDABB78F6D59AE7C4416E3,827,1170,RGB
2177,page-2177.png,294713,E9A67C06F185CCE63A4B7823CCD9ABF6FBCE35569E5D0CEA7E465B1B0E03097F,827,1170,RGB
2178,page-2178.png,248248,5C22197155B83C0CEA93ABA3ADE65F209B0F0D943349C91834DFFF9675088D07,827,1170,RGB
2179,page-2179.png,251812,3992DAFDDA8D694B4E2E5C5E346DAE8BE557FDDCF95211BBC8CF5C50D075EEE1,827,1170,RGB
2180,page-2180.png,247529,1C88B49F83974971B11D294F16A3D540E5753AB18683F2D08D4C2BC3D6D1218B,827,1170,RGB
2181,page-2181.png,394792,B1AF4D0595FDA868E731CC9FF27C7207107B88F9DF7179588D3333095E49E546,827,1170,RGB
2182,page-2182.png,329769,BAFC17E0BFF97C0036917A612DCC0B0F892038AADBE886003D51CA73313195D6,827,1170,RGB
2183,page-2183.png,347172,B472F5BDFD83798276513A6861053A571B60E8A2E569FD6BD75EE0320DC10600,827,1170,RGB
2184,page-2184.png,359299,15BD32690D2F2D9B7339DF9506395E3794DD89BB19155AFCF7891642ABAA35A1,827,1170,RGB
2185,page-2185.png,192657,207728E410B4519C418A68E2DA927467187C8B6BB3C6F6AD95D2C91A61DE2E34,827,1170,RGB
2186,page-2186.png,236994,A7936591E582464AF7F3CF9AE132178BAEB3D9F69004E64CFE60E6213D33814C,827,1170,RGB
2187,page-2187.png,319928,98E01BB64D246D6E9C3D3FA4A292FE4BEEE80FD26443FFE2AE5B7C60DCCB1777,827,1170,RGB
2188,page-2188.png,285086,8F8D722803023F29B862B445BC6F910E1B444052BBF273FDE4D4D96F07E75CF6,827,1170,RGB
2189,page-2189.png,252176,65D14E29F97E38DB00AF325F8D64492DFC4E78CADDB9590BD5C81B798A1D8D41,827,1170,RGB
2190,page-2190.png,290828,6CFC1E5C7AB95836C85E5972CBF409140B85A08D208666681FB8ADF902E97785,827,1170,RGB
2191,page-2191.png,241408,2CB9A2C2E18F8AC0E287289B98B10226885CAA529AC6477D59FBC76E25356460,827,1170,RGB
2192,page-2192.png,276418,79F2D15BED65C25FE028101396668ADD2C74B8A080F220490BF00E3E68EE4D9F,827,1170,RGB
2193,page-2193.png,258223,8EBB578766155A3F0950B9D6D2C4818D23AA6F3A027162FD10942B84725654F2,827,1170,RGB
2194,page-2194.png,360247,5D4E40636A0D17AD30EBA608AAD9EC921F8A07E0144059C869C7974FA01093DE,827,1170,RGB
2195,page-2195.png,301505,2D9EC00C1BCB610297B03EFB83908F1196922ADE5D99C2ED35E86E0FA1D108AC,827,1170,RGB
2196,page-2196.png,64780,57FFBEB52F2B46F4FA716E8B3D690E921E3C5A07977E711FDC521C2A8BFB2779,827,1170,RGB
2197,page-2197.png,210037,DE8FEA984471ED31FEA90F793B90569564956DBD9692B8B89B68FAA80DE09E5A,827,1170,RGB
2198,page-2198.png,212197,209C42D2A9B944B946E10C30D91440E8AE747248B2E887C2522A7E9FCF9D3426,827,1170,RGB
2199,page-2199.png,188443,8BCB13CB25DA6C04DA76E84ABE9CB7858DA8ACBD2720639237AA806B419A489B,827,1170,RGB
2200,page-2200.png,292253,3AB591FA19DB24D52EA378B2DAC607FFABC462472D5EB62E4262D25AF4977044,827,1170,RGB
2201,page-2201.png,265767,3E5B1ED79F35F4D1CF86D4707818D16B37E5A2F9204B1F26C0A3A93E8CAE1F1B,827,1170,RGB
2202,page-2202.png,110922,CF17360C709F869C2B2ADE05E3D82A707BF32A28DAE10611FFE24AF1E17E00FA,827,1170,RGB
2203,page-2203.png,271637,5444B653F81657AFF74EA702200A796F3DAFB0DCB56F694F9AEBD88EC4A7F44F,827,1170,RGB
2204,page-2204.png,291998,22DE6E4DA7F8CAF842A5D00B9156251085C8286744D48371031B3B986FF73028,827,1170,RGB
2205,page-2205.png,290239,8E3A64054FB9F30473AB018E4D22782D376F8ECE5A8E8560A37FCD5207F5D805,827,1170,RGB
2206,page-2206.png,216695,15641CA3F88B4D1635EA0FED9EA0F43F33C963003E5CF113F12E39C44164CA4F,827,1170,RGB
2207,page-2207.png,265010,46E10C29D66ABF181FC96CDCBC066C3E7DA6D6C6821A24D175DADDBF4CD0C1C9,827,1170,RGB
2208,page-2208.png,198583,B051FED3313B0EF906F1B8F14175D35E0193311DAA4F52895C67C5BB4F56908A,827,1170,RGB
2209,page-2209.png,350391,64A3D093A3C88A2286E09BD2DC9003FB18F117485838EBCCF5CB0D00294A5270,827,1170,RGB
2210,page-2210.png,284713,4840E0D3E370E1248413998B347396F0CC65B75DBEDF4C2A8EA60831B52ACEFC,827,1170,RGB
2211,page-2211.png,231033,A9C5EF157B3ED443F6CE4A143B603C5724FB09FEC7D1D0CCA68218E60904AFD7,827,1170,RGB
2212,page-2212.png,297709,57B40EDD064E993625E0E930A9EA8C869663BAD7F4B1A8B61F18C743AFE1A1EA,827,1170,RGB
2213,page-2213.png,288499,A3B0FF7EEB27912361901F4FCE63083F0B53EF53DD041238E244C1A3CD66A934,827,1170,RGB
2214,page-2214.png,290685,00527DC454DA2158074C1FA54B91EE496B7DC29AF0603245EA69DB971135317B,827,1170,RGB
2215,page-2215.png,311162,3DB4A129FC386A9860472DB12AF6929FAEFCDCD7717C28FDE83D23C4FC7987E3,827,1170,RGB
2216,page-2216.png,268685,5F2D939963D37FAB92487934D3F9F6C48B01CCDBDEAED663F938550987CE1624,827,1170,RGB
2217,page-2217.png,333159,5BDAE4BE0653696D098A9669E8C417E76F6BC123F6D1B076733ADBABF273C50D,827,1170,RGB
2218,page-2218.png,305176,62ADBED17AB265DBC6482B1213BD3140B1EFB41C1DFA8ADB21D63D62E76BC224,827,1170,RGB
2219,page-2219.png,261267,E895AF621573D813935923C029705CB46AE9D2D5EECBBB91C92A52CA0E148243,827,1170,RGB
2220,page-2220.png,304344,01D1B403678D965B046AF73AD6745B637A3F42EB9A86A751878E1A001BF59B6C,827,1170,RGB
2221,page-2221.png,232601,4AF5601B4C75833B2184D782CD6993B3889F4C32BCE32EAD885294ABA788DC3A,827,1170,RGB
2222,page-2222.png,347418,E3013972D78B64165493A01CB3BAA81DC208D84BD58F8D8A389F2C655DDF598E,827,1170,RGB
2223,page-2223.png,274920,D06602989B19391897B4EE4E06084CDB075C29C5AD1F190E37368EFFA0FD2CDE,827,1170,RGB
2224,page-2224.png,293489,3A5DF7344C5E2368507E4B4246CD3B902D172CF62B1854A70954FF0FCBDA402C,827,1170,RGB
2225,page-2225.png,281487,EA780D324975B7B98D1112EBC0035272ACB8674224706A79372E13FF3EEA64DB,827,1170,RGB
2226,page-2226.png,285036,63A11BDBAABBB71D9A3E54AD7396F57B1BAF2A1830F8B8746059DAA71C21C938,827,1170,RGB
2227,page-2227.png,336509,4A9C4EBA2CD3B8C80EB8CAD812E3D07CE98B5712B2CDC1D5261934CEFDB1829B,827,1170,RGB
2228,page-2228.png,317395,E0F9531FCBC4BF5FF470CCD6E75AEE7B02E9AB479D4F558249FAFDAA977B79A2,827,1170,RGB
2229,page-2229.png,268553,2051042B0ECE5D5BFFC8FBB491BB547890B9650FF009DC8DAC27DF845910FBFC,827,1170,RGB
2230,page-2230.png,292640,56111693C69254E50A5329C4B3AF46A7B3B07A2F89C7302429840A7364642497,827,1170,RGB
2231,page-2231.png,269582,3ED18C73F5A78093DD4D21C132BBEC69B5A122053A15B18D34F7F0740365DB88,827,1170,RGB
2232,page-2232.png,241671,3E5A9A125162EBCB4971C0FDD51B8696C32A2765A936900F069A3E36A66D9158,827,1170,RGB
2233,page-2233.png,250451,0D37C84CA130FB878C6D6FD031EFAA90E5E0FDF109DB412AD55D960579DA686D,827,1170,RGB
2234,page-2234.png,232602,DD068236FE1B8FB497A0D19425993C2E0DAFDC3792533E9E1A4BB78CF943FDD2,827,1170,RGB
2235,page-2235.png,261344,2FBF530B40F990C2F2EF5C7CB003F5DF9AF45113C9664840FC064692C5F0B6D2,827,1170,RGB
2236,page-2236.png,231140,C0248AB3B2D3917919FA8E75AD2E546E9211ECE10D4F8E85D3BF85C0F0CBC82C,827,1170,RGB
2237,page-2237.png,300751,E8E731CB6632F2E611E49BD44C2105F2EC6BFED776F65617F487EF830481DBAC,827,1170,RGB
2238,page-2238.png,288559,44FB0B9A0F4620440C8C0F1560448A34BD0FD6ADB1BF3142A2CDFE3CC47981AE,827,1170,RGB
2239,page-2239.png,325029,6F23BAB32E07132BFF40C59C213BD6385FABDEAF2705E3E731434DC1E2660FE8,827,1170,RGB
2240,page-2240.png,124870,960D4F13BC376D57A907E8EFB7E95C596C16DF66FA087DD637D4E832D3AE92B9,827,1170,RGB
2241,page-2241.png,306697,8724AE84B258DFF777A276A7DA8EA9D6209403CEE0DAA6AD543D43C3465C3F0B,827,1170,RGB
2242,page-2242.png,363801,1948A1CE1214798D086E766D89E980EB06ACE8FE2D3DF6760D9EE86FFAE13CD2,827,1170,RGB
2243,page-2243.png,337579,F282E344D25CBB134FDB1442FA49F54C1010201220519CEAE2813C679BF881D6,827,1170,RGB
2244,page-2244.png,336940,BF4998045665DAB25D0FDFF1E8697FDDE7CBABC01F2FF90F16C999D9BAD70910,827,1170,RGB
2245,page-2245.png,330472,A44940AA0F274D3E94A6D44754188E8A760E596B97B067F4906AC05D368F6C6F,827,1170,RGB
2246,page-2246.png,345036,23F841610ADA65482E864CCC4FAEA51849D666AE321E2CF2663CA5385FE20CA8,827,1170,RGB
2247,page-2247.png,379682,74ECB637520448E309A0EF8CA6DA70CDD6757302DFBE87D51A74D43B66CF3A2F,827,1170,RGB
2248,page-2248.png,337980,C7DA76CBCBEDB7329482649114ADB53E9A7EB56EF98508EC467C1CDF3F094155,827,1170,RGB
2249,page-2249.png,250414,51AD891F6105BB2EF4C751CC2C31CA442CF042567688E9A90C044C1027B3159A,827,1170,RGB
2250,page-2250.png,350599,D5877F9C37DB78C4915B27DE2140426B2B233A33594CECD294CA6E1D48369DC8,827,1170,RGB
2251,page-2251.png,349616,516960D33D883B625601A2A3AD300CB21794EEF4F5DD64021C57C531CB0A8DDC,827,1170,RGB
2252,page-2252.png,343001,1E46E3324DFEA3C98B01227971BCA2E98AEDBEFB300D008D815105DB06A6FB50,827,1170,RGB
2253,page-2253.png,395420,391DD255D9F6A7B78C23B893751CDE4D7C76D93DC4572CFEF92E31E0E555132B,827,1170,RGB
2254,page-2254.png,277753,56BEB05A45E282FCD4B3C6276A63120DE85FF9B31E7A4027B2F3841A7E37892D,827,1170,RGB
2255,page-2255.png,336854,FACCC5192C29E7E385EA1D553939F386A85396561311D70753DB5992480081D7,827,1170,RGB
2256,page-2256.png,332286,F2E6D53D34358876A0B2B905C74C738810E4CC43B9A603C940FE74CCC9762683,827,1170,RGB
2257,page-2257.png,56070,E4DB0042D93B15C47273FB3BEE7E409FDDCDFF608F839C4FB8DA1AE280264887,827,1170,RGB
2258,page-2258.png,246211,964EE8D44DE98C3AC9B1E142A780194FC82C2932A2792C98B9A840127D9854CF,827,1170,RGB
2259,page-2259.png,401175,C161020AB4A537BD276C4006DADD205489DFF2046FA7BE9D492E85C657B55F10,827,1170,RGB
2260,page-2260.png,259605,D23E6744E4B1F3470D001E725AF0AB58BA4730DE346BF898597021CA770D9F71,827,1170,RGB
2261,page-2261.png,290451,99746444CB7EF244FFB59E1358E5C08FA3C196E7C740211E9FF8EBEFABF88744,827,1170,RGB
2262,page-2262.png,386764,AAF080D05C1A6EE7BF7893570ED4FA975CB9CE61CFA94A0473155E25EE6C60F8,827,1170,RGB
2263,page-2263.png,251884,8275A9BFC02B9ED20CBC8F92E836503D15EC09397655FC8FEA838AA2EF5D0DF0,827,1170,RGB
2264,page-2264.png,257699,869AAF5A23C46E38F2BDA165DE042D0C848BF2A8122BD078F19B5448C6F35DDD,827,1170,RGB
2265,page-2265.png,344531,B1BDB29CA07DC1F9F4720233CC26870A57D51400C6D9C2276BBCCE10BD110214,827,1170,RGB
2266,page-2266.png,311879,01E3576AAC363E3D69EE0011B072F051C93DF118CEAB9F3C739EA10142FD0A0A,827,1170,RGB
2267,page-2267.png,310447,707CFEE295ED2B4935B766536690D2723CBE59E96F59BA4A2E5D856B0D38E80C,827,1170,RGB
2268,page-2268.png,359144,6387955FF860F67A3C8CE594480544B0196875A1C00E97926A3508162E167757,827,1170,RGB
2269,page-2269.png,287638,8D72853B059B3C4ECA4637AC75C9C9AA31987E52BFDEBD150844ACFB9B0CAF43,827,1170,RGB
2270,page-2270.png,309059,14690C38F25DBC30A293373A1C954B451F7438D684CB2B3A8CE319323A155FD9,827,1170,RGB
2271,page-2271.png,275587,67155974E2A48B00F88E55A8659BDCE138B7916495EC34595399D112ACDC66CF,827,1170,RGB
2272,page-2272.png,206901,067E99B3F2278956CCD77788E435F96F3885D313989FED3EC518D1EFF2695616,827,1170,RGB
2273,page-2273.png,268593,1739F005B1C109B8806B6ECB49F8304AD4F4BA0413C69F151B1E2463A0CE08EB,827,1170,RGB
2274,page-2274.png,265812,E38E93621595AB6CB95EE809F8A9E4B65F1D6B98126F7AD452AA66F43C54F4A8,827,1170,RGB
2275,page-2275.png,285203,B605CF76C9638261EBDC44C21BB814C0707E7C7FB86CEC9D1C6A4E0E81EEC607,827,1170,RGB
2276,page-2276.png,294309,AB1DF00D19434BDC871EAC377832953FDA1BFF407EE9A709EBC99F4FCB7C8F99,827,1170,RGB
2277,page-2277.png,290053,AC69AA7ADDCA4A065190CDAB09051BCE4227D334AFA8A2D7F89DA379C5EB2BEC,827,1170,RGB
2278,page-2278.png,317310,9E42D4656577AA730C0BCBD47364A164B98C551183AAB2A9077242CC22BB1F17,827,1170,RGB
2279,page-2279.png,308640,1B0C8CE3ABD21BFC1D49229D9B6542EF437DBE977085C4B35EB40ADD2B8AE770,827,1170,RGB
2280,page-2280.png,293533,F03FEE3C0A480CEAD37F9399007B1A10B196EAC219671F330766F1C29CA01707,827,1170,RGB
2281,page-2281.png,303531,10A41DB3F7CCB52C313AD169CA242B1E70064273B857D01AC5BC4C5F14A8E6A1,827,1170,RGB
2282,page-2282.png,284885,1B906EC5D790D842E4598E840B3EEDFB00CEF5B8F1E021ED3681D7FC316E99AE,827,1170,RGB
2283,page-2283.png,329430,AEF256D883CEA816EA8AEBC66E8A48F88C6FFF07946A48127B3E95B8581F1FAC,827,1170,RGB
2284,page-2284.png,255984,8ED61641AB06B2EC54735675FB22E5657FF411537D885A193391897752B3B09D,827,1170,RGB
2285,page-2285.png,272446,BE4E5D43672A870BEA8C289B3531A8C79F396ADC0554B6719CA5E6A0532C75D2,827,1170,RGB
2286,page-2286.png,267928,A0B1C42F51408690DBF08A38402EA612D6C0090531833E8726B280CDF7A4D23A,827,1170,RGB
2287,page-2287.png,372334,DB5BC4DE0BCCA3973B862FE6D181DC568855A0AF84BF92C57B3C9199745DED8C,827,1170,RGB
2288,page-2288.png,303140,7C97F53D788D9D88D12A3DE1F19B1E356BBA4B52BB625E8835339199C5986D92,827,1170,RGB
2289,page-2289.png,330113,2D0B8D01B927B243BB987AE8592059D1389CD75D4696195FE0A037E6AA70996B,827,1170,RGB
2290,page-2290.png,297745,52FB33E15A26F08AB6605C4B8762D0D3117AEE65F67603892387C7A48CF544D4,827,1170,RGB
2291,page-2291.png,305587,59823E743C1802592C8D2A2EE1721370388478C8C45105B52A277053891EDED6,827,1170,RGB
2292,page-2292.png,277933,47E6D011C29EFE6E4B8D52F030EF8F614D5EC29FCC5BD792A3CF3A83D34BF21B,827,1170,RGB
2293,page-2293.png,399269,589B9219B44D102F511850285FBEF19E73D1BFF4D09575C7CF3483B0FA98936A,827,1170,RGB
2294,page-2294.png,310715,18C7CC7375308BD62BCF2AF9E94BE93B281C769D53586D82D5B30A9D32555B31,827,1170,RGB
2295,page-2295.png,386174,3B6D0A828D9136C02DF0E9F2581588D1D6BE74E91244A4EDDE65BC500BEA408D,827,1170,RGB
2296,page-2296.png,358848,E5ADFF0F065C838B5F4D0C4D0931CD60A714D6C7C1141589969699C4D0E13510,827,1170,RGB
2297,page-2297.png,273080,B62A54E81966C09D0D6B7723C66AF62C7EEE7884CCA8F8BE0D7BEBF5CFDA4462,827,1170,RGB
2298,page-2298.png,158194,14F544CC0FDD1D1DAA53ABF0249B3573594ADA77FA11BD7552161842E7833CD7,827,1170,RGB
2299,page-2299.png,215448,06E9EAB398C75248284148696F70B673472A985BB23E6BA1E94610ECB436A1F7,827,1170,RGB
2300,page-2300.png,226969,F30083BCF96D59786C4D5A37463F2BFAC44D9DDFBD33495CA68188607DE5BF57,827,1170,RGB
2301,page-2301.png,350737,A5DB3CCCE10AE679C96BE9189CD32DCDBCE77809C4B862D4996330153DDCFC5C,827,1170,RGB
2302,page-2302.png,235173,C2B0A3CF707B1342E8ECD276CD71F9C8DEE3E2D258AB5C8823553AB9B918672C,827,1170,RGB
2303,page-2303.png,269739,E1DB72EA0ACC72811AE023C18082309DF6CCA1D27BF6061B14B217C3EBABAC25,827,1170,RGB
2304,page-2304.png,302670,0BFA61FDD0AAEB9C6CCFC66DBA6BC01890D485F41A616FCBF59D03700AAF6661,827,1170,RGB
2305,page-2305.png,317909,6BB8B3C1B2E2DB22CD76AF5DE3CB04DB58FEDE2352A0D4AAD2D9FBFCDC7C2A15,827,1170,RGB
2306,page-2306.png,253519,EC6DC6F32D72F6C442F3DC4672CD66C0D3BF67F1ADF2D24BD89B94BF243CDF7D,827,1170,RGB
2307,page-2307.png,268301,0130D49A2140E16FC26FB04435DCE57F252A079380BB1A3BB53F6B6391355459,827,1170,RGB
2308,page-2308.png,276543,1D7BCB506A02333EF8D6B1B90F21F405CAFE17F6CAA5636FF0C5B21A43525296,827,1170,RGB
2309,page-2309.png,263208,981C25D348EE07024AAB0915DFA1224947DF67F2E8A01329670ED80861339F39,827,1170,RGB
2310,page-2310.png,240648,A0ED25AE700E00F5D223F6C7D6A113366C09BE1FDF0010E77D43A189436CB0BA,827,1170,RGB
2311,page-2311.png,272848,2A8C491D31E9B9F7E182CC816A0C7C33BB390CF77440302A83EDF291C0C034EC,827,1170,RGB
2312,page-2312.png,350548,AB65A688A6DE88E421CA654CB995DE92E056C43668D2B1DCFCC88E2DAE66C766,827,1170,RGB
2313,page-2313.png,347613,7852BF9448E0C3A9EA7B4BF35BE5A442C7AB2B731EA724B70488BF0575DBC150,827,1170,RGB
2314,page-2314.png,262838,D3C2C883935A4324E421FE8569BD69600A6435E48185329DC5EE42057627E228,827,1170,RGB
2315,page-2315.png,293530,46953154322F1CAD352D2388E5CF617C9FB95606DF631ACB5F3225831DD5B7FE,827,1170,RGB
2316,page-2316.png,346638,0C91E39EF9D88F33A3690F10DBF7F32FE6AA1DB1B8EDDDB7246A9019CE06F7C0,827,1170,RGB
2317,page-2317.png,260583,2D0244851D85458088972573ED67432CD65D64ACFEC05DE088EE6FB69E412337,827,1170,RGB
2318,page-2318.png,217671,0F4FAB8A990C9C26C085F07AAEACDBD4B41AD46E9C802E9816E242070BD34C0C,827,1170,RGB
2319,page-2319.png,262592,A275808506939F4E0BC21F6684BF5DA40BC9D41E4BB0CAFE7471B47C376374FC,827,1170,RGB
2320,page-2320.png,184149,9650FCB1978657ED7A2F55CFD358808F0EFF0886F77F7E7A07ED229F24BE8F29,827,1170,RGB
2321,page-2321.png,253216,FEAC401669E40D712A08DFD93FF5C21FDC7EEFDE9BAFEF3725C23C3EE2A4A368,827,1170,RGB
2322,page-2322.png,344214,96DEA72AF42E2B9F352B734F04581F11AC274D3BA5343E74AA12BE7FC8E4B0E9,827,1170,RGB
2323,page-2323.png,339208,8DE46E2671F8032B2C4C26F87374A9AC3DA5C20D3BE177BB7ED4D78BA385D9F8,827,1170,RGB
2324,page-2324.png,212225,C56C6B1DA9E46DCA13BDEA629E86BA9171262DE3AA6B31C47EE39EC5E3B93161,827,1170,RGB
2325,page-2325.png,279461,8B4780E0C73ABB5DF151524E831FCEDF4C6357C0C7B5A0BAF166210D1FB819BF,827,1170,RGB
2326,page-2326.png,332878,9808E27D0CE51FE83EF3B267A897818B5A0A54C4CBAB4B2222D3FB8EC1D89E8A,827,1170,RGB
2327,page-2327.png,291718,22EAA1B7823A2C27E4549C3A5629E12DD3F048717BF863F96C2E965015685BBA,827,1170,RGB
2328,page-2328.png,290270,DCDBE9283F378A469DB58C434299E2FA3CEF5AE5E9894FFA8F64441F94831892,827,1170,RGB
2329,page-2329.png,280055,F3E00B8E9B42A0CDF870835B6C626E52DC678D37F82FDF759A64652AA95AFCC9,827,1170,RGB
2330,page-2330.png,275472,E26C63BE86DF55A0312C6A1ACEA5237ED15AD00D3F7F6418B1634539F9DB9E64,827,1170,RGB
2331,page-2331.png,302810,097FA498F57E823553C898B456CDB66D87C09BAE63010E50488AA7BBAC0A2BA2,827,1170,RGB
2332,page-2332.png,364432,050786F78DF46FBE53B576877C14F013A00622CA98299BF2416E311AA854FA47,827,1170,RGB
2333,page-2333.png,378363,A730BDE65F4898947B02FE3ABA714B8C07D5D4F49A96CA1F95EDDC16D05138BE,827,1170,RGB
2334,page-2334.png,283975,9C370797ACCD0A9299EE84A3B81F71CBD87CEB11D0DD0F110D5A8AD688FA6C80,827,1170,RGB
2335,page-2335.png,323812,9A4F91983D152FEDC6CA365461D1A55FA98D2F93DE553EAF68D6F4774B97B3BB,827,1170,RGB
2336,page-2336.png,261513,143A710C396519A32F75B8A3AA101C66E79DD11B9676AE9B2E8916E10AC8C4F1,827,1170,RGB
2337,page-2337.png,226090,FAC6026EBFB57353AEB46A00DA6737BE8CD4B89EB264C3F074A7B8E56AF004DB,827,1170,RGB
2338,page-2338.png,257905,0B9DB7B5637EEEC00E035809A5E954337B30D3090621704CEBA585DDF30C254A,827,1170,RGB
2339,page-2339.png,265607,B4397B2D26B3098C20896E08DFD5ECB0D3CD749608D35A382901952E7F151B30,827,1170,RGB
2340,page-2340.png,265864,FE511EAC4EC65BDECCED71B36BD37AAFA0F81CEE17F2228E4447A1685B4D88B8,827,1170,RGB
2341,page-2341.png,298755,F0D3CA28449ED0A4B3AB4DC2306769A3318F736D2D5950F19CB44BA97A782551,827,1170,RGB
2342,page-2342.png,352686,1F35D447F734847E4353CFA905426472F9167D8EAFA6B8D0011632C3810A73AF,827,1170,RGB
2343,page-2343.png,293046,7BFF4C92A53CBF2221D3DD2E6FBBAA3415BCDADD0F3AAF8B9E4A63FAF57F6A44,827,1170,RGB
2344,page-2344.png,276992,E7AF561FC7DC748A7EA8B3FDFD38D4874B6CEA71F7AA9B19803AFCC8B03CC937,827,1170,RGB
2345,page-2345.png,281771,4699F2048CF2504A15311E6412CEC1ACA9D8B8FE2A6E5517D26FBC7D1530D78B,827,1170,RGB
2346,page-2346.png,292246,247CACFFC23957764FEE4EC8A6B7FC94CE9EDDDDF15B3F00B751A7DBAFC0E1D9,827,1170,RGB
2347,page-2347.png,321203,47914AEA91B3492022AF4E3E1408AFEA7D4E37F6646D022CB278E0A9C9C16523,827,1170,RGB
2348,page-2348.png,302213,3022CFD01EB9C3E1E418E8330BD68B6BB454C424C740D1787C239A13CA64686D,827,1170,RGB
2349,page-2349.png,357233,C93423297F9A6DB376BFFDD19F81652B1AAA9B3B8236F9174F9064D1B2403810,827,1170,RGB
2350,page-2350.png,335507,C02F224A0CEF18E3CDFB6A68746EFC4D7E567C0E146B7E7B6239D62CC32E38CE,827,1170,RGB
2351,page-2351.png,310309,6315F69F627E8F3E8EBB57D6391D4E65321C56D27B27C6609966114F300D011A,827,1170,RGB
2352,page-2352.png,391257,92A7D07DA7CA640E3E866074B21D6511C4D3EDA0D902E6EA9673CB934D692779,827,1170,RGB
2353,page-2353.png,347093,ECBFB32104EAED0E4C4A8374FC7E89045768D657B79A1ED1E779F0F37F1E2155,827,1170,RGB
2354,page-2354.png,273744,2276960E549F5EDAE82061E51A3976705905AF3D3C42EC05C1BB36447A41C570,827,1170,RGB
2355,page-2355.png,221819,5011371B2234F42C604D55E3292D7B38BA092B4FFB6FB6BF2E994449486E1D3F,827,1170,RGB
2356,page-2356.png,252999,390F822EF659D0DE1590EB33B754A7EDBFEC32548955F390982D17F8DDDE6DD8,827,1170,RGB
2357,page-2357.png,47263,D5762985A84E495B5568F610D27B004E0D60F7193C95946CAD4AE09926E3CFBD,827,1170,RGB
2358,page-2358.png,214636,DC0C24E53800537A786BE4D15958CF440A1296BC26879084E14B139081288C32,827,1170,RGB
2359,page-2359.png,292461,4E3B833E987D72960BAFBDD472810B5AA1D921BFBCF3A06B9A0F3D7D4A1DD44E,827,1170,RGB
2360,page-2360.png,246134,5F630ECF43D3177DB536EC9795EA14283E00C6FA1F86653A56C01B3A9C3DDD78,827,1170,RGB
2361,page-2361.png,258103,AD4F88663D5671031EFDDC1AF87BB793D05D7841E09BC12021069CFAA3657D6E,827,1170,RGB
2362,page-2362.png,245835,1F8AEAA19E6979896A47E81C2F396E5C9AE3906AD3F0DFB7DA9FB15EA0FC026D,827,1170,RGB
2363,page-2363.png,234403,D2B9545FC519232CFA088F91AAC53012229A6CB7D40F3CA3708F7E8885D5FB84,827,1170,RGB
2364,page-2364.png,260349,035B50BC1F95ADBB2A049508E5608A284EA293518582C9E43B617E4342F0F0D1,827,1170,RGB
2365,page-2365.png,325211,8DA23A26A5E40421275C31EF5982A7E6887CB87893C3105B3687ECAC019D8EE3,827,1170,RGB
2366,page-2366.png,307975,D9579041C6AF3895E3FAC925F21DF655297BC875931AA3A6D5066601C40295CA,827,1170,RGB
2367,page-2367.png,330122,F09D418DC08B2BC049BCAF88919384D6BC65C0864800C3D8F3E16851F80C92B8,827,1170,RGB
2368,page-2368.png,334503,5B3683C0559D4C7CC42284E3A2CD51F3371C2AAA546A694FA34005E519CEDA2C,827,1170,RGB
2369,page-2369.png,319451,3955D8785640320EBC92719D23B1BD007947E768212DDF7004D1F2D9EE7BDCD3,827,1170,RGB
2370,page-2370.png,329834,C440295C4D8523C52F5A8B0277BF0CC536C961C0743ABEC738E19AC61AD2EDC2,827,1170,RGB
2371,page-2371.png,354417,F5DBE71548AC5C8209903648EF19CC5E8AA3DC86242E228EF015D250E8AD43D7,827,1170,RGB
