page,filename,bytes,sha256,width_px,height_px,mode
1,page-0001.png,41332,DDEA30BE08968F9267A0F3EF2697B467ED6EC3B895868665E68177D6ED19777A,827,1170,RGB
2,page-0002.png,264692,7D844084CA4353E502CBD29206D752F9F27AA2733FCEC95F9FE302446624B46E,827,1170,RGB
3,page-0003.png,211039,89DF5BB1DD4B8975494E4154AC717D042983CD01324F9B2D2FC55E2864D6F11E,827,1170,RGB
4,page-0004.png,87236,D9C09154F9FDE2EBCD6439C39B26BBFE78995303ECC6B3D0C9B4BE2B2444C1F5,827,1170,RGB
5,page-0005.png,141838,43976BCF976C360BA7B2A0A6F8FA20C3BF434809635385B1184292AE5CC04C34,827,1170,RGB
6,page-0006.png,141482,291E713144E22F0C5454D0CFA4A9E90676F09DDCBBDBD7A50511B39FF98FCE2F,827,1170,RGB
7,page-0007.png,150067,D5CD406C0756E57E161169ED3A9136C0EC3EC302309381F8B13B37EE2E213CA2,827,1170,RGB
8,page-0008.png,141234,90EECF2BDCD2C6D95F937D05E00F28BCC5FEB1CDFA8EE83C0A8485CD6B925783,827,1170,RGB
9,page-0009.png,132752,847EE64FB7828F0FF5672792354EE9A70CF47D5ABF8A739312FE382F39FAC714,827,1170,RGB
10,page-0010.png,163923,40A4DB7730912E75AC5D45C6E4BA0935973E59992D6D57D88D14F0C375674406,827,1170,RGB
11,page-0011.png,170281,D240B9B6920713C824B239BE31CEC012B3AA213277CD80282E4D1E171CAE1E57,827,1170,RGB
12,page-0012.png,173257,8E14B893E84C94AD7330B4A2ADD9B5C0EE7A11FDBB9E12ED9FB23FEF571159C9,827,1170,RGB
13,page-0013.png,152466,D78A4C8B4E5000A6A93ECF4ACA6950E03BDF31A6CCCBBD9E4329DA183181E30B,827,1170,RGB
14,page-0014.png,170384,64B017112FBC18C5445AA5BE395845A0E8EF1FE29594EA81B1CFF029455E81ED,827,1170,RGB
15,page-0015.png,148583,57AEF23182EFE3097C2DA92E39971A9FB16F952799E75C6A8AC4A862466B8946,827,1170,RGB
16,page-0016.png,155253,A0B6F0DE37E4E877FB7685ADC6F48BCA33BE1547E1B8A996D9E4937BF81F36DE,827,1170,RGB
17,page-0017.png,183190,EABD0136D1735F13D1EA810B6FB0A7476BA224BF5A138DA017303EB844AA6323,827,1170,RGB
18,page-0018.png,155962,A089D523B7739B1B4720528201246E000A82976E53555944D1BB3721DCC4AEAA,827,1170,RGB
19,page-0019.png,153907,A10FBFBFCE02F4EC99F59F826376C017E5B695FDF034BEC6F8F04DE382B7C7A7,827,1170,RGB
20,page-0020.png,168448,9A381FBB62ABC78660C38FDB7AB0D8A62403753E44A157E02F2D933C3749BE16,827,1170,RGB
21,page-0021.png,182339,04F50E5490E84DD6BE9476EAB3A6D96880EBB91885AF57C70F42DD5906D74AC5,827,1170,RGB
22,page-0022.png,170696,39F63163D956C950E5397B7CDB9FD889F687B693AE4B835BE77ADC039D7186A6,827,1170,RGB
23,page-0023.png,165819,2A60180E21468A1061EF79F805FF4B782F1F0CE3D7A31D604788F29DCDE1C795,827,1170,RGB
24,page-0024.png,177191,C3DAD4D2AFE6F1F95BC6C494F466EA786DD2AAEEFD851DAB9762D521F92F6414,827,1170,RGB
25,page-0025.png,175872,C13389369BF1933D08A9CBF6AF5EC5BDCD608F5F02C55C1ED737BC4DF1C6B99E,827,1170,RGB
26,page-0026.png,163776,2E5D3212EC12C1BDA3655775BA45B7D12CD3923C923979467F4AF9B3425EFFB6,827,1170,RGB
27,page-0027.png,227690,991C4394A47B28BD589228E7ACF16713EDE027741DAF0DF7014E53F4614C9586,827,1170,RGB
28,page-0028.png,174438,2217D88736E767E9F8A834B3D66310C13D964D346DEA984165068D934B32EE20,827,1170,RGB
29,page-0029.png,191788,1A60CC00A93A444BB8B7BD3BF95803BD2E5FC9EB35834734644EC0C0BA63FBB3,827,1170,RGB
30,page-0030.png,179160,D71F93809D0E7CC8B1A44D2445911AD877FD1AF4F51F62EBB09BEF9A817F1EB8,827,1170,RGB
31,page-0031.png,175380,91185478CBA693587EADE282E5FEC058DC20820679E3C527EFF1829FBFB83A1C,827,1170,RGB
32,page-0032.png,178133,BF067FCD657C9E3B683972C5CFBA17E7B1DBCCFC8419DC470F860741E25C17F5,827,1170,RGB
33,page-0033.png,178646,9472FBCE8DAE4EAD5023BC5D053781ACF589D2D9F35FDE6A543F554EF5577495,827,1170,RGB
34,page-0034.png,173955,3C814E668B1AAFA004E6CB84BE3F7310BCC972E6589F0C618532641CFA44D30A,827,1170,RGB
35,page-0035.png,157564,117786F13FC986296F524A57EFB4BAF89FCBA177E6C5CFF9E506A876A357E783,827,1170,RGB
36,page-0036.png,194926,6E0B4EECED0D1F787A511E3E75B15BC0F8F8375CB7DDB031AD5A5C60293DAA09,827,1170,RGB
37,page-0037.png,182916,3F34338DD61B188F806DF155CF6A0DC32749B60BFEA6A1F080CDD822D47EAAC2,827,1170,RGB
38,page-0038.png,183104,DBEFA2F0491945FF965D71FB321713C960B99E649BF9EEA07C7BAF380024AF81,827,1170,RGB
39,page-0039.png,179709,D2B79A587B01F12C70F65961FD0F1BC9A33478481783BC72C22B9E2DCA92665F,827,1170,RGB
40,page-0040.png,174321,BB3412D86269A23DAA1F3C28D2E526AC36CBE229FC1223AA7831E3041D78FBFB,827,1170,RGB
41,page-0041.png,158002,C493615E5E1A529D2328E7825C8A8CD47FB198B31CEFD2C95F626ADDEE7DA35C,827,1170,RGB
42,page-0042.png,174997,3CD4151AC957D9A20798B47EB1FB5A3F0493D14A5FEFAF047BEE0AB363DDDFC6,827,1170,RGB
43,page-0043.png,174014,5BAAAE306981AF926C1EAB83174F819830337B0B4C86A08B8E94F83130F5DEE6,827,1170,RGB
44,page-0044.png,181573,88C1F42E9F25ACE0A093FB281048F3A5536D25418B36B5C51F0095FE4814FD04,827,1170,RGB
45,page-0045.png,171344,4FA10E2252B846E4F0D93E0BA73DB065921B1F54F80BBF002F8FC7EE4EC45881,827,1170,RGB
46,page-0046.png,167366,45E54B444FEB9DA6084D21CEF916A409EB5849E080B4016A098B06D578236D14,827,1170,RGB
47,page-0047.png,180665,51F8C9DB6F059739E2617D43D9B236B0BDFFA1A9DB7DF0430B4762924B013095,827,1170,RGB
48,page-0048.png,178963,672CDCE38AB6FF40C2739481E9C7B0D332B2C8422AA6C8897E5D8E0178408324,827,1170,RGB
49,page-0049.png,166764,FE446FA5AEC5007162FCBE0BCCD5FACE9D49964B9E2856FE94B3B64530F163CC,827,1170,RGB
50,page-0050.png,160217,D03192D7FE8EB8F08B5EA272EAC2AD3142FE4EB8E95957F75FF4F7E4BEA524EC,827,1170,RGB
51,page-0051.png,212431,69007B00BBC9D307CB86A37164C0E12EECF1BDA06640A6CB111A7F6B522CFE93,827,1170,RGB
52,page-0052.png,197929,01EAE41257B1897C2B3493FC68289C06E5215C4E9259382B7E323AD46331B812,827,1170,RGB
53,page-0053.png,179894,DE986DA4BBF84A685FB8B23094D8234F43CC0FBC6E480EA57561F5BF29994B5A,827,1170,RGB
54,page-0054.png,207743,EE7D3EDFCB6AFFAAD3D15A446881A748F7AC7E06BF8C0BF41A88D354AA0167B3,827,1170,RGB
55,page-0055.png,185862,D782B3A8619DABAE0872900FA06DA08E83730466E106EAAB3AAFAE7C9F09463B,827,1170,RGB
56,page-0056.png,168712,6A00E68328800129110B139337C91A390D8B893F6BEE61A85CBEE748C223F977,827,1170,RGB
57,page-0057.png,152694,EA9B3165E72B10808222B00CCEA9636E1A8F39CCF981065FA03E96C37018D1CD,827,1170,RGB
58,page-0058.png,154530,C708AD00320838D8A86589473A7E56FE7C66820B79DBB3F3E1A4049EC99A4281,827,1170,RGB
59,page-0059.png,169776,4849DA9C5395F049C10E4A4027FC48472183F89AFCCACA5CDB4803565F74CD43,827,1170,RGB
60,page-0060.png,175081,E249AA1212EF542566F75B23D76D4AD07D682C2368A223A76B9ADDA607D81F69,827,1170,RGB
61,page-0061.png,182735,510789F699503004A079F6BF98FE837824C36A9D9FD9467BE78F69FF225184E8,827,1170,RGB
62,page-0062.png,173479,F783CEE8432FAB1EB673C8F6C8E75C66E9959F4E5BBD05F804DD1360034CCF18,827,1170,RGB
63,page-0063.png,236544,8157574C039A5C29CC3680575548836BAA886342B890C47DA02B39007BD61840,827,1170,RGB
64,page-0064.png,216294,F7197D0E30CB17128F2CB2FDCA6160A49C46EF4099C0616C8C7B69781C239ED2,827,1170,RGB
65,page-0065.png,154370,C159B55CBD7188E7A64640A431A36F803334861B2857A941FCCD58748AC8C05D,827,1170,RGB
66,page-0066.png,198870,A71EED5A27E0C8D401D4286F63575F32EF26C2BA9EBAF6C0879280FA63CC243B,827,1170,RGB
67,page-0067.png,211827,0BE0300E455C69D28A7F168E1D8A66C609BD28EF152138242E81510745D604B6,827,1170,RGB
68,page-0068.png,48398,8944B39647BF9E8F50757AA411BB67A380D248713BD605BCB8C85060C12D4C78,827,1170,RGB
69,page-0069.png,276739,BB3415A86632F12B1992B759371CAFF0EA92C604981F24F46662EC8DF1E38962,827,1170,RGB
70,page-0070.png,153772,D0F23ED023668B553C80ADBB3D47667BCC3E77C9D4DF9624FC4A64E26F7AD5F6,827,1170,RGB
71,page-0071.png,112923,554EC6A0E8C1A8411EFF1AD18ED3E45AFC3BEF53051A84A78796B206D4EB32CB,827,1170,RGB
72,page-0072.png,284946,C3DCD5845C07BF99D3160128532B7B93842326737C18FFA659981EDE3B7CA25F,827,1170,RGB
73,page-0073.png,326470,6F6AECC342894A67124FF503E0BF91DF73F098E513E4DCB027191A5EDAABEAF5,827,1170,RGB
74,page-0074.png,302519,E570B9CA15A2147FD5E1D04024AC60C33C6973FA21C1A383901B73693C66B725,827,1170,RGB
75,page-0075.png,395145,02608A38CC78FD871CBB9BA1FBA9C58545FAC1A4F24765B50A97AD32AC380EFE,827,1170,RGB
76,page-0076.png,287085,29042BFBE01427AF54B7EF7E036D86B8B0B67EE11E9800F3CDDE1B40C73959DD,827,1170,RGB
77,page-0077.png,401806,03A93581C79D9308541818E4298C26E54FC316D57A3114DCA96FE49F2FBD2D6F,827,1170,RGB
78,page-0078.png,312833,8119560E5ADC028EB32D56EFDA38D76E9B9C7631FBA7F3C8D67148FBA36347A8,827,1170,RGB
79,page-0079.png,345290,7B08C12786A8B80DCE9DE7B4E0F6325387DACEF70276BEE6122FE1431298E58F,827,1170,RGB
80,page-0080.png,199623,0774E3F3561AA201274DF64D019CEA478E3C169875CF53D6366B1B830367548A,827,1170,RGB
81,page-0081.png,241251,3F573842A7A4582E6AC19FCD55D6966AE8915ACDEA8D92DD729A62856AFB21CF,827,1170,RGB
82,page-0082.png,311982,A9FAF840E812B200360F091FE478420092EE3B17B93799F38B9803DF2BFB4FC9,827,1170,RGB
83,page-0083.png,303553,20EC8C555DCC7D19543FFCDCAD959E2EED72B516EB4EC5D2A017BC9AA97F3DC6,827,1170,RGB
84,page-0084.png,260784,AE9B7100AD560C3292DF9EE7DE2943443E71148D744BACA0DA4D961FDDFECA04,827,1170,RGB
85,page-0085.png,243284,686A5EAE78C4D745E6B7D3ECDC553F23CF3B51A2226A213CAFA97FEB14D9A147,827,1170,RGB
86,page-0086.png,173474,3BE8C733B0CDCD1C7DE9A59B989414C3D7525529AB1F0E21C71C6A99C62A241B,827,1170,RGB
87,page-0087.png,149203,DA1D33DE9D6C12DB75468AAC752281C01E805803E70042E042C6DA635982B151,827,1170,RGB
88,page-0088.png,257802,2247496AF29086FD1B18153F96F74311630466716A7F31D9897A53CB789CA4EE,827,1170,RGB
89,page-0089.png,209857,A7F5EF2141A61F8ED46E75A3B2DC274067858D6C73BC8123D2D35A658A547358,827,1170,RGB
90,page-0090.png,204822,07D9FEEB6C13F2B5E2084C6ECEDF01562933A71AFCDF789DA7367FE0799F9FE7,827,1170,RGB
91,page-0091.png,207679,6EAB6B9BA7CC88493A549E67205F2F3192014015765AFA28F220FD96AFA4957A,827,1170,RGB
92,page-0092.png,262351,25DD122C3CEA801C76F2901A2C11DF35748D0D20FCDC94F13D21F78C0839B85C,827,1170,RGB
93,page-0093.png,176069,C3EB8287C087BD8A4E715F2D14856220ABE0E2A9ACF426E6CABF5AD5EBA49F0A,827,1170,RGB
94,page-0094.png,274411,B4865D2225F77A0C1DF19ABBE2D6A587508D0CAFC3E8A04CD4166CD0E9965C57,827,1170,RGB
95,page-0095.png,185677,0F7AC7921383780575AB3224F50F60A84E665B20A55191E3647045965575C237,827,1170,RGB
96,page-0096.png,324073,F511394444F647D6DB6B0B2DFEA705ECAF5BC58EBFED6904E01048614C457C0C,827,1170,RGB
97,page-0097.png,256241,5DB25EB621E1B131E5E06F5475B75F29A382A717D6ACB6CC31ADB7966360AFAE,827,1170,RGB
98,page-0098.png,240707,2E8AF4B453D5C348CAD581272DFF6206379D52970048160A0DB6EB358AB193A3,827,1170,RGB
99,page-0099.png,287169,20C1967B0D54EC68523B59F2E019281E7E7BF397E39CBFC5A4131AF93B84D288,827,1170,RGB
100,page-0100.png,227152,ED3A051B8FFB86638AD10F39910AE0194497AA102398BE56BBB83E877A652868,827,1170,RGB
101,page-0101.png,296024,9C0CE2F868712372E5A79F4CC1FA5631449108295F7B5B26ECA6C4102C742CB9,827,1170,RGB
102,page-0102.png,342145,22C7E771A70DDEDF8C37F1EA1E83A73409ED5C0DE5E75F54D85D8005566618BC,827,1170,RGB
103,page-0103.png,333692,904B353F26EEB5EF805AF5CB8EA601D516BEEEE0B027485830367730D251C488,827,1170,RGB
104,page-0104.png,316188,D48DECCCDB54BE442639DE1C0AD6BA60AA3F7C84E0468CDE6FB9661983AAF111,827,1170,RGB
105,page-0105.png,293588,CF8147C4C92D7E59967CED7B7E9E002E5DADC9677CBBF331426850EA942BAE85,827,1170,RGB
106,page-0106.png,284309,E56C23CED602D40C2B40B8C79803A3D00A9B0ECEDAF9F01F270C7A595B9C1EE4,827,1170,RGB
107,page-0107.png,263545,C1A99CC7FD3117071EF315AB69C1C20F94CB4AB145A4C25BEF07F22E367F2758,827,1170,RGB
108,page-0108.png,274841,89F53E59CEFF67489362358A06A420ABBBC88AD464332677E4644F1CD385AE53,827,1170,RGB
109,page-0109.png,216723,4F71CEB37274F94E96E1D5A97575D1D5CA121A60BF8514FEE8ED2FCB08210FAD,827,1170,RGB
110,page-0110.png,255615,765480F9E75D5ABBD8F319735E80A5CC1AB4437557763178B597AADA32B90924,827,1170,RGB
111,page-0111.png,297852,F493148877A14754150BCDE64CA1E2BBB934AD89D30081FEA3547A20ED0B1DB7,827,1170,RGB
112,page-0112.png,234140,5D092E0BCA463ECD2DA8A4CA2CC9DD184F35DB2608B04008037557B925E20BB3,827,1170,RGB
113,page-0113.png,195543,ABB8E7364E2518EB0AC7DDCD5712F8857111F618B58EDB294C16325014D4F727,827,1170,RGB
114,page-0114.png,151774,2B6496F19E23FA553965CBA130C0D164D726E2FF46DBF53EF545539D2198B58B,827,1170,RGB
115,page-0115.png,169980,674CD4E938C2537D8E7DA0D7262598080A3C62608591365072DCE34A8C9C024B,827,1170,RGB
116,page-0116.png,283651,D7A3531729155342563C6335C10404AB47D0837FD23169CCCF02165CC6023A58,827,1170,RGB
117,page-0117.png,222471,C9C48F19C446A338861CB143AFB2B7734AFE8861E9ED9E1464D51A89B53C0A07,827,1170,RGB
118,page-0118.png,232310,435533A1BDFF0AF125A83FA86FF319D38E6671A05DC26D646AE53EC0F4C20BCE,827,1170,RGB
119,page-0119.png,248422,AF3DA729187C268B03CD7FED23B670D831A38C7CFE0C38C830A0095803A9928A,827,1170,RGB
120,page-0120.png,213437,BDA43E2A7C3F82FB4B30B623E47598B6917F7B05C18BAA36C0AADE14F51EEFB3,827,1170,RGB
121,page-0121.png,205096,BC3C626C151907AF15559E878169724C68E23833F40A284BCDDE3800913E9544,827,1170,RGB
122,page-0122.png,200115,E1E2918BECB6D4F37EC4BB6DB77D6742B96A31C0C335B3D9008C4AFC693A66B5,827,1170,RGB
123,page-0123.png,148870,1794C0810B1D3EF59916A4C17F5FDD91F32D63A0758474B01131047E7BB55D90,827,1170,RGB
124,page-0124.png,309633,1AF71F0C1F68F019EC55083CD8E4C5740F1F7418A25B81142A08CE01F07A4CB8,827,1170,RGB
125,page-0125.png,248825,66F89EC58748A36AA99065F09D301934CF517E521D6E0C726BCB2E75210FB6C8,827,1170,RGB
126,page-0126.png,179345,084A9431993F3609BD2EB662AF3DB8780379C9BB13815A30DE97A80A4CEF4E0E,827,1170,RGB
127,page-0127.png,199635,8AB1B5657E43AAB183D1D40DFCCF1EFD83C2E0A963B47EBD6B0FC5C37102D4C5,827,1170,RGB
128,page-0128.png,228429,0A12286BFFBD3CBEEB3AA70D94ED20E345210DAA87416727AE17EF80A5A2033F,827,1170,RGB
129,page-0129.png,161889,2EA7FA8D816347EEA2114EF2E504FEE5E712ACF1F8692308F92D1777A84070FD,827,1170,RGB
130,page-0130.png,167761,42BA8E5B2D1D532D2603919E19C32DBC9A5D1902405E695FE86B102FCD15840A,827,1170,RGB
131,page-0131.png,197640,A98BFE7CC350D54912566387DE4E25CBA37AB317B34C18F3DE0642A5827529AE,827,1170,RGB
132,page-0132.png,263395,693B19D0685EB931EF496CB6EDC4526DD665F18A6BD0B6B64DFE0E819623A475,827,1170,RGB
133,page-0133.png,252478,3D13468B42220F2F0667DDACCCD5CB9C028FECA0D74B8D903D042326177737A9,827,1170,RGB
134,page-0134.png,241763,0D461B7980E32A923325B3FECEC93FB59E03E758A83B2C09CDEF85FCB260EB60,827,1170,RGB
135,page-0135.png,292969,00C59AD7AA3D6CE5E94095E82B7F32DCDBF41D5F5E3F76BC209E5D92063BC1E6,827,1170,RGB
136,page-0136.png,298549,4A45B395BC150B44C5AFE479C98EBAF55D5DB8F6CE278DAD309CE7B9D98B2536,827,1170,RGB
137,page-0137.png,254024,6105B62E68308BFA111CA3B5B7861EAAA3C31D27BE399BE3FC595FD67506B53D,827,1170,RGB
138,page-0138.png,202683,D55422241BE729E86614E58BFE16F40F05963AC1A8792993471BA2A081C1A998,827,1170,RGB
139,page-0139.png,220340,7AFD58528614D159F018FDAD6848AEB038C126BEB776FD4AA0A8971E16D4EEEF,827,1170,RGB
140,page-0140.png,360202,C7B19F1F88A508D84994196A2195A422863DB16BA283B86EE388AF04ACA64337,827,1170,RGB
141,page-0141.png,307239,0D7A0BB19439C8DFA12B70106A22CC4BFE102A56C2F585B1160E8F1860FE0E9A,827,1170,RGB
142,page-0142.png,350763,A8C87C5471C5CB65EC1C2D43E9B239795E32D718C17AB9C028652C73CCD6EA45,827,1170,RGB
143,page-0143.png,339645,A35BF4C34DDB783A5480F66ECEB74E124B248B1C44F72C1985D0E5DE22FB6EFA,827,1170,RGB
144,page-0144.png,242254,02794DD6F627143DFE1FF208284631CA094E6A450CBF1035C14BCA874CEA738A,827,1170,RGB
145,page-0145.png,326530,D93E633E601BF2A2858559A1632A452D151C835C899A0661A3B25BD5C2A7D00A,827,1170,RGB
146,page-0146.png,336136,7829DFF172B4879828F331C3DE2B15D6200C6CAA1AB89777D3397D1CB7E43CF3,827,1170,RGB
147,page-0147.png,332081,948B706BE71A967EFA8E8FD26B74613580C3212259FE6DB3DD9CCF95E02F794F,827,1170,RGB
148,page-0148.png,322554,002F5FEB0E0C5495046B0A636E20A30B4EF5266FCF4B89A61695F645FAB10E37,827,1170,RGB
149,page-0149.png,333386,0F9CF343EDEE831C79389A95CFC7623AABB33FF3665B6EA1CF41C12D5A593EFF,827,1170,RGB
150,page-0150.png,198195,A69AF192C90B2339A373D72EF2F35ABF07911790656D5468CAA112667E99CA23,827,1170,RGB
151,page-0151.png,233965,91C365359FBD7788B1359C532B48500BFAF45D7096B36C4266C35256B82E2C7C,827,1170,RGB
152,page-0152.png,206777,72990C04BE54C53C12EC9EFEE9EC325DCCC2DB472F36AF2B1B206CE3742BCD86,827,1170,RGB
153,page-0153.png,161536,8761106C1FF6E043AF7566C9A4C081AE328369C8E061E86C9E5FBE7B53C2FC90,827,1170,RGB
154,page-0154.png,227360,BF3432695AACE6DB58EFF9EB9B0CA8A1044F1AFE0DD07553478D58DC289AFA35,827,1170,RGB
155,page-0155.png,236285,30830293FEE54DB94DB102883FE4432C9F4D2D5125BC103BA7DF976F36BD43BC,827,1170,RGB
156,page-0156.png,212387,6ADFA03D528627FE14FE428052A258FCDC066AA186193889F8EF24194A5BCFA7,827,1170,RGB
157,page-0157.png,215909,46FE8FB17577994CA7BAAAF69CA37B7510F7969B3ED460A936749327EAA22D26,827,1170,RGB
158,page-0158.png,220110,46FC0104D5323A911A26FEC51B8AE6FE4B97216F1F699243015C77A3B830659E,827,1170,RGB
159,page-0159.png,229589,DEE3354D04F0E6B288E9F08F1A2568890814947A3C57D1074EFD6C3C7FA57BA0,827,1170,RGB
160,page-0160.png,224492,A9A975AB9E0BFD10F409AD55F4B8543132B4735A19F033BC6FF95794FDCCBB18,827,1170,RGB
161,page-0161.png,22736,E79C87D14E259967B5D5AFC97CC4C800D1F85B9540D20E938DF4F9619456121A,827,1170,RGB
162,page-0162.png,211698,AFB7CAE1BAFB9E69B9F21EFB2C352EC97E9F492A4B6833F7ED61872FB19A2630,827,1170,RGB
163,page-0163.png,295627,AF5D92D7A168118F1792A0CC0E0B7D7E315FE3214506BA87E57721650E57E478,827,1170,RGB
164,page-0164.png,285153,648AF7D9D5BE25320528AB9CFBDE51753B5516E4AEE82E7FF0781C97A26FE9C7,827,1170,RGB
165,page-0165.png,227635,FAE017F1A59B22118EE67D79E218A37F518F8358C07D00A5FD391F4B59C745B3,827,1170,RGB
166,page-0166.png,255928,27672129EA7BE05DC1070BE64CAEA6DC4AE03EA0BF747BD828735E35C5416F66,827,1170,RGB
167,page-0167.png,304322,6B65E20E14ECC7EBBB4F945085632235A460FEAAF13947C49C1FB52C6EF39A30,827,1170,RGB
168,page-0168.png,313188,34B8A463F391E5FAF268867C779B4C749768A43931050DDD208032FBD8AD9B65,827,1170,RGB
169,page-0169.png,324558,4515ED430C558BB0BDF2557EB6EFC4022776076EE028D011E4D04BAE4F0BE05B,827,1170,RGB
170,page-0170.png,343114,12EE6737BEE7F5937FBC5048EE5681C3D253CD5EEDDE2CFEF88CDC01A70FF2C6,827,1170,RGB
171,page-0171.png,330086,ECF98A230D5E35EDBCD443FB52DAEA6AB1CBB094D7F157DA30CEB8B85730632C,827,1170,RGB
172,page-0172.png,342638,F85229B60B7AF9D37CB2AFBD2A0E9D2B129B6DB5A3DF9F94D175BE970E3D3E68,827,1170,RGB
173,page-0173.png,265048,6710CBA3C6ECD09866A6B722B5344FFED80FC113CD347CB28C0933C8A69475C5,827,1170,RGB
174,page-0174.png,262637,5AE8C46D9B23F3E90354C260B95659CBB73622A7BBD9CFBC4DC1D913DA5DA571,827,1170,RGB
175,page-0175.png,286849,0B65BF9B862BAE2C91182BE68B7078B2F99C25DD756FF0C52A022233F23A318A,827,1170,RGB
176,page-0176.png,324976,6A719E75952C3AA8BA2BFAC390A7AA8C283D92A328ED9DB833169D73733B4900,827,1170,RGB
177,page-0177.png,333579,65CC31DE0EFFCAD6EA2812DDFE752B52067AB51900FA57906903BFB26E2330B5,827,1170,RGB
178,page-0178.png,350965,76114AB05CD4305960F9B63587833BBCC80145B42223689BEAAADA797E30F021,827,1170,RGB
179,page-0179.png,326083,27A4FB0C8979EFBF1F960649A82A800744120CEE02EA98941B2CAC80A71CF11F,827,1170,RGB
180,page-0180.png,306057,C17B469D6B96D1404FA71479FBC220829CCBFB0D2884C1A35D837940B800A9E8,827,1170,RGB
181,page-0181.png,299786,2F9DF0E77E2F42561F894BF9595F9A84D83F9DCAAF70D59A969D4BB855148F5B,827,1170,RGB
182,page-0182.png,318409,486A8169E9821BBBE19572B6C6BFA8117D1EE31AB217F71A829B395F4E1DCDAC,827,1170,RGB
183,page-0183.png,308584,AC25CA94DA0D3F1084E6EF1BACB10307BCD76269F82DDB4F1AEEE6425FCD91E6,827,1170,RGB
184,page-0184.png,325897,B883E3795CD9891C1418A7ABF602FE21845C870A143B806BD4D4364E884345F9,827,1170,RGB
185,page-0185.png,354016,06BC15949D5BD8EB58DC9FB500B2B1E9E374C8663D7CDBA33A7E3CBDFCAFE687,827,1170,RGB
186,page-0186.png,326211,6E49F52CC28898CFE2EEEDC52D0844FC26762EC5E4F474E6EC7047356EEB4D2E,827,1170,RGB
187,page-0187.png,304385,F64BAB10D158B0144E2B15C29CE3CE8E9E0D0911D376000CB603506ED104B5A7,827,1170,RGB
188,page-0188.png,285571,8689D6B0A038FC826EB7017A8A26F5177F081E1404DA5D3226B59A805350573E,827,1170,RGB
189,page-0189.png,315819,49CE989BA18EECFC3A9EB4A8EB5FFC2B48EB6B78DC7CB47CED86E7F81F1ECD02,827,1170,RGB
190,page-0190.png,272817,022C491B3E1FEDC270511BD6966FFD0A14EE319A5C0E3F0007BCC296027CD757,827,1170,RGB
191,page-0191.png,309207,E65DC2CA2AB4C5ED602B9BF7B3B9C3C0A032531DF94C03EFB61A647C9FEE88FA,827,1170,RGB
192,page-0192.png,284599,6331FF68B495935469CBD08B2CF0EF234D0FB6C4CF070F51C744510D1FE649C9,827,1170,RGB
193,page-0193.png,318637,E0D69EDC9A41D2411562E44AEB239445087DA8ACB311D8DCEE0E77A92D18BC60,827,1170,RGB
194,page-0194.png,378789,7B963A9D8FD51D4C90B0ED76C8B98552EF76AED53001B557614C57F7D73136AF,827,1170,RGB
195,page-0195.png,318104,91821BC4702EA0698126E37F926243CE388C2E8CDFC2BDA238F72878044D7F18,827,1170,RGB
196,page-0196.png,320196,65271F7CE6A1FCA390C6755A39D1382B279BC7B21AC3655EE96F194BFB1553B1,827,1170,RGB
197,page-0197.png,337941,AEBB7BEBC25BF99C681216A0232F3514A3BFF866119E8C1500F5A9A78ABE25C7,827,1170,RGB
198,page-0198.png,338182,8F030C09ABBEB0DA2AC55C5C83B1991D6F8C4079450A97B1E748C0AE8E39AF43,827,1170,RGB
199,page-0199.png,373195,0932BE4139EDEDCD9223B9039C8CF694D038CEBACA544233D69F05DAD4CB502A,827,1170,RGB
200,page-0200.png,326903,4C0C10BBCC6F0CF7DAAE76A8BB1D074FB8F788F13C9A70A663BB6E9985E0AB61,827,1170,RGB
201,page-0201.png,327682,E866EF860FB8C7E274C9E162988E2BC29925C90FCD6497D1F02BD9D298A8CB5F,827,1170,RGB
202,page-0202.png,333764,9B5EEEFBC8182664FBE3572CB08203BBFCDB5611681051AD1FA5653216396D2C,827,1170,RGB
203,page-0203.png,304013,3184B14B988AEEFE661734B58E1EDEC71D472742F0EEDB00E0932F049C845349,827,1170,RGB
204,page-0204.png,302945,791B2692EBC146BBE09A343522784FA4EE968F13913C60E10A0CBB53416D65F4,827,1170,RGB
205,page-0205.png,304290,00375764AD72DFF128EA7F09C702934EDFBC9F852DE5C0117DFD0C8EBD114DBA,827,1170,RGB
206,page-0206.png,356519,3D40CDB4CF9BEB6C3DEE5587E259C72260899FC4401EDB5CD11DC88A2EFE01B2,827,1170,RGB
207,page-0207.png,344521,16A62DFAB6A20F9FDDCF738C27DE01704E366F169FE921B434EF6DBF79B1D2BE,827,1170,RGB
208,page-0208.png,194963,71B5395683D45F3330A5633B48EAE1427DA6E7076F7DEF1FA8928DD08167D761,827,1170,RGB
209,page-0209.png,321040,F449D40D8B978D3652051C1E68349DA338F4326C4E973DE2E3182DBE04DA2645,827,1170,RGB
210,page-0210.png,328131,B59BA6502BFC719977AD2C38473B6A2200BD413B85A608AD678E41AD2A075411,827,1170,RGB
211,page-0211.png,219399,8014F566ECBC361FEBC3E2135F63FBC4F06068E204C4CE26B68D8C3F5CE36D0B,827,1170,RGB
212,page-0212.png,275749,63E6345AD4361CCAFA60CE0526A0D6093ADD38C3EF94E76049E697F3A3877D90,827,1170,RGB
213,page-0213.png,320441,3AEDEE759FE35E57AB657DC321132DC62EA5D34BAEE9AB358F8C0892977CDF43,827,1170,RGB
214,page-0214.png,264719,56C1F2D3EFB893AC225A82F7B6BF510C0A76F35BB3E59B76BC7478E8230C3532,827,1170,RGB
215,page-0215.png,315994,FB7B706D9122D509DC51B204208925EACEA4F8F9B0F53F49803553A7EFD39BB1,827,1170,RGB
216,page-0216.png,227443,8D592DD919E1CAFD805617506D4848147C318F35F39EC4FD0DF3E5D265CCE0F7,827,1170,RGB
217,page-0217.png,250159,44D9FD1FCACA3721CD76B61E432F8CBB3F748665862C40225F44A2B57413EA06,827,1170,RGB
218,page-0218.png,242665,93555C157393338E706A029488AA68C092B15E9FE66B8B8F333E9D0BE090418A,827,1170,RGB
219,page-0219.png,259551,928EC3B4301756EA964BDD50A65E8E5B09909F19749189F174E093F2C32D32C1,827,1170,RGB
220,page-0220.png,298869,8ACAD75B10A0A73B92140A02685C8A006934F3A840E25B20A00BB88A16F92344,827,1170,RGB
221,page-0221.png,186122,3ADE182452E5E48799BEA93A72EDEF2A5BCB062EABC9815952DBE214128C623A,827,1170,RGB
222,page-0222.png,203309,929303F7E4FA2773A035E27F1DAC1AF7650C44C8695A424EFCC0F43D5DFEE966,827,1170,RGB
223,page-0223.png,256888,A54DBDBE0B1841C91E073B877A3E6D379DC2C144049FA18D5D6C99077A8802CA,827,1170,RGB
224,page-0224.png,286020,467F305E7B9D8C7654D50C1CD6FC2A89C88DCA6BC080C6327747D27540DC2A0E,827,1170,RGB
225,page-0225.png,216412,5CDD618383E6B42DF6B697DC85C97E362146AFB794D3EAABB5EE95048780F99F,827,1170,RGB
226,page-0226.png,246008,54036EDCCE078642969635CDB711F0189696D30B28B0D417E9F2B817A5A89885,827,1170,RGB
227,page-0227.png,195261,E6CE799517098AEBDFEB2B8DF492C07A3F62EB06C26AA9FD05338E2284C270A3,827,1170,RGB
228,page-0228.png,230939,F6B71436ACFE80A24D8D5E40E2A922D45FCB35287544BBB13E7BB1DDDFDF1E2D,827,1170,RGB
229,page-0229.png,226992,4EA786318176D370F70E2E7B0CF61A38BB0D4779810441AD72E6669B1BDF9F0E,827,1170,RGB
230,page-0230.png,259586,EF75BF1D9D6682D51ADCC924EC91D4686C64D436F8FE93AC554CFE66C30204CF,827,1170,RGB
231,page-0231.png,235017,491BD6B1A44031D9E0A56C14BAA355C282AF68530FB9A5BA11C46F649D11DE33,827,1170,RGB
232,page-0232.png,250763,390DF579C91D2F3D665894FBA1F58DE8906A0E1DC994A2980982C53A43471E14,827,1170,RGB
233,page-0233.png,254912,9D55F658ACA3D0D254AF06648E9DAF0FB204CCCC26F2064FD659194A6646EDCC,827,1170,RGB
234,page-0234.png,381787,C2265499D891455FC313EE43D8FC6476B219C525815B5C5FC8BC48E4829E6A9B,827,1170,RGB
235,page-0235.png,261552,0BC23E4E9E6ABF49A9BDF4923B5545AE062B96F93B25038AF266A780C9BE9C54,827,1170,RGB
236,page-0236.png,278804,9C16AA637B0AD2E84143329625F522D0740EE7340C4AA98BB24EABA5B109862A,827,1170,RGB
237,page-0237.png,317206,4318AC3B26E4A27536EA79D0AE2355F111CCE947C419E6ECC66257A618EA00E1,827,1170,RGB
238,page-0238.png,283327,AC49118A18AD3DBF18A02D08318844099D6569E865B3FC260E0F1444BA0C84B9,827,1170,RGB
239,page-0239.png,302236,835A6CBBD18D81B3B0CA767BBE64CEBE96B98CFD1DF9DCD4377CCB2069A4AB57,827,1170,RGB
240,page-0240.png,312483,F59D9B93C6F9E5AF5932C09F370073F2AA9AB266094ADD5D50C91236ACF2D0D2,827,1170,RGB
241,page-0241.png,297764,603C85406315D13EECC5AF1B41D1BE22C1CE5D0A44F54A2534F31D86AEE6D596,827,1170,RGB
242,page-0242.png,268377,DF95196AD83BF5E16F575F525E3C804AA405CF6DEEABD55F2A62011125D41F56,827,1170,RGB
243,page-0243.png,211245,C4719AA33E90A593A82D8EA0C2BFE1B22177EAEAAEFD279C09F16B40C571C824,827,1170,RGB
244,page-0244.png,250254,BDD04A3B0A54B50C010D0CF15B3BBF13C25F19B7A7B4C4FB94ED47E9888B0010,827,1170,RGB
245,page-0245.png,203893,228AF9A9108479CA5DE3D317E17BC4BDB137B16A50C5BD075AEA1A80E423DA65,827,1170,RGB
246,page-0246.png,203756,8D036C67DA5336596016F56D962524F3D88DB7ED9AA2C7366AD5311780AB4656,827,1170,RGB
247,page-0247.png,143414,80975C45DFF27E0E73753A33B1C74D4B71104BEDB9010D7AB2C3ED7A1C2F1975,827,1170,RGB
248,page-0248.png,291448,0B950E3B5384308968BFCEDA7123759BF64472BB3CB3BEAEB0A8D2045B0A3B74,827,1170,RGB
249,page-0249.png,366259,94528DBAAB1B93B6F4455BF4D21857A5F8DA7070325418262834A64D25A65610,827,1170,RGB
250,page-0250.png,268706,C44AAAF8A1084A8948EB68A6E6A434CFB10C2411374AE30AE3CBAB136400D5B8,827,1170,RGB
251,page-0251.png,242682,CD8DEFA40168A38F8D778B975AAF650872FA254BE692CDF3040AE2B641194735,827,1170,RGB
252,page-0252.png,384661,732CE19854B501ECBB4699AA1BCD90742C12F652B25F09F85A3A325E979EFDC2,827,1170,RGB
253,page-0253.png,277887,300F4295113377A682295DC79D654F2BD2A26F52861C7BA5A940FED0E0278500,827,1170,RGB
254,page-0254.png,278226,795F47D94713D14F9EEB0972B162FE9240E2774DEB3F97B5AEC8630E159CC52E,827,1170,RGB
255,page-0255.png,297245,6407BCBE05270CA3B42B25D23C4EA053C93282EDDAA994FCBA71B7EE7C7989E3,827,1170,RGB
256,page-0256.png,303443,F290CBF34652496170085C01EFEAC3AC1B660D1A071932F93B0F6D23946D7FA1,827,1170,RGB
257,page-0257.png,215296,F926029D3ED1340FB12E6567E92C14EDEDFAD33F6BDBBBBFDDA18A32B271BDDC,827,1170,RGB
258,page-0258.png,299279,F6FE5A1C892F5C14D36B63F3ADD2AA9532661BFD078C25BB8AFC93584B18817A,827,1170,RGB
259,page-0259.png,293061,8225A49DE77EF89D6916F14096D2CA6D0E5740C32CA251FF6F80C789EA5C4466,827,1170,RGB
260,page-0260.png,215548,B5823254E088FD30C4CB9AED5C5DA6EEB3BD280E70D1CDC125466A987AC2E16D,827,1170,RGB
261,page-0261.png,278544,8F7DCD32B0DBF00461F1D8B402142109C282EB983C813865FC6CD039D4D2FA13,827,1170,RGB
262,page-0262.png,291022,58286406F40A936DD41ABCDCAB5EE0EF75F0BC29552BCFB43AAEA8AB28E0B237,827,1170,RGB
263,page-0263.png,298645,EFE640A58B7D478CA4241C55F0C23093812BBC9F6BBBF0ADDA86A09AA7232AEA,827,1170,RGB
264,page-0264.png,286376,C37AD8D6ED214D2E75B1FD2EE2F333B76AD7A7BFF31494331E0720233DCC72CD,827,1170,RGB
265,page-0265.png,278681,04CB8D6E2516DE4BC00B3E3BABF35D74850BD1163CB0FBE94E550FED192E08B8,827,1170,RGB
266,page-0266.png,331689,140149B1BBBB48B4886107E1393A8CF79474F6A536F68A8A56DD7C0293325F75,827,1170,RGB
267,page-0267.png,343708,109A9E0B26947D3B09C358A06D817001C22E9AFE041A6B72CBEC2F285E9006E1,827,1170,RGB
268,page-0268.png,309742,2BB80E595A95EF56E1A71938F22648257D76B54A089E9219D90A997F7FC9886E,827,1170,RGB
269,page-0269.png,329755,532AE82391B81C3DDE43898DC15FC6034634007528592D6B1AE40304045162C3,827,1170,RGB
270,page-0270.png,334392,7640DBA89848DFE8F0605A11B892B9D59107AED7133F4434F539263CF8CFEDB3,827,1170,RGB
271,page-0271.png,276587,179BAF774CD375C89CB09DBEF843B811446060406D7FD08D5BD5C3CC8007545B,827,1170,RGB
272,page-0272.png,293579,D7B24534B4775B6B42841F765D8763209F2E395A9555D485D18782B4D2AA7A2B,827,1170,RGB
273,page-0273.png,318536,3DE75FCBA48C24ABCC9C70752D71384B3F0E03A8FD568A94C03BF4F4709B3857,827,1170,RGB
274,page-0274.png,257809,3A2B7D09AF7C7CE0A27E1B9B07FB3CA352E42F7289923AD4326CE1B143E838D0,827,1170,RGB
275,page-0275.png,220898,4C2C2F31AD82FA47ECD2C2E770551D33610CC5FE208EF8B5072C4029A3D68E28,827,1170,RGB
276,page-0276.png,226232,FA6F4E8E7D7557DD6A4F888E7C5C31FD1401C60C7E22C937A9D8050C0B8A7920,827,1170,RGB
277,page-0277.png,231709,A17068B41CED6B05DFDA4FD070BA27849592D062903F7FAFD7199C17CA2DB689,827,1170,RGB
278,page-0278.png,277228,43D063158A65EA95806EDD9FC4C17C1E70A5D6C529E6E44CBF856D579270DDC7,827,1170,RGB
279,page-0279.png,308978,9B9F6C5707E8AA49BA7770AF18C0C616D5960851A1172A35658336B3397E60F5,827,1170,RGB
280,page-0280.png,292754,6681F1DEC326412F037436696F478B97FCA617EF8440C6CC36DAE34A63C80D81,827,1170,RGB
281,page-0281.png,318418,35D40AEAC51E898E3A958C7CAD4DCCF93B1062B15F51B184B148B352C4763F80,827,1170,RGB
282,page-0282.png,291564,1DB7E363C4C8EEE7F1632E7962840B41729ED136BD1BE3995E0F3FF39E907055,827,1170,RGB
283,page-0283.png,223797,11D7135EF06AD4C88976D53E8292BAF9BB0020263D2AC6BE5119BB2CBA2573B9,827,1170,RGB
284,page-0284.png,248795,D59B2A566E9860D7DF4C84BCD13B35AA5535D276E1BD317201611FE4B19C0971,827,1170,RGB
285,page-0285.png,224628,9FA0C67C8DBEC709702D2B104AA4D89783EC809B19B2317525EA0E0CCA765D86,827,1170,RGB
286,page-0286.png,213083,094E1430B20ABD75B04BB19F6B5EBBA4EF54DCA9DEABDEE955994F6E1AC2D0FA,827,1170,RGB
287,page-0287.png,208374,4CB11816B616735E5E70FFF71F7D30C66534008A9039266B12FA11BCC325DC02,827,1170,RGB
288,page-0288.png,191997,9853CF26501F6CB6B0F60A79B9DB19004044AEF771AD90B7AB5729FA3467E361,827,1170,RGB
289,page-0289.png,278026,7DB2B3EF43E886DC314F1AD20828E18CA3393E453DBF708C954159BDB2843900,827,1170,RGB
290,page-0290.png,289251,701B6F84E845F0EEBA0CC3DF8A76958BAF370CC6104ACFDB850F9C69A526943E,827,1170,RGB
291,page-0291.png,170960,2F1855033B22BC007BC84A17A17BDD95AA611042F77749CB734B753AF300E64E,827,1170,RGB
292,page-0292.png,231813,3B1A73E45DEDE559EFDBC64F5983CE12184021CA2CC626B5ACFA823A307DE74F,827,1170,RGB
293,page-0293.png,210348,C7B2328A010EC6CFB42DEDABCEE84ED906A69BCED041B4FCD8C25A88034E4FE9,827,1170,RGB
294,page-0294.png,208709,D510023EC488DEDBEAAAD3E6248A0C67F34FB28E70244DF7395357F8401F8DD0,827,1170,RGB
295,page-0295.png,189687,FFF8AAE7FE51863C81F78B4B1204CF3D2809124EE5C1FB3F66AAEC3A69E6BD58,827,1170,RGB
296,page-0296.png,230101,3DC5A6F8F729301C4186244B1D88197B4B43DF1464C3DE2D970B16BC3DFEE8F5,827,1170,RGB
297,page-0297.png,274749,09C4D68E61F556F6848590D946AD357227939A82049EA70D4400B6B4E374A4FE,827,1170,RGB
298,page-0298.png,277748,1477F4A44D30C08B760FCF5BFF7E9994EB6D07B55E68C86BD8221037BA6263AA,827,1170,RGB
299,page-0299.png,263547,F9B19E1149C4797917744BB99E52F40AB419578061CFBC2F2479158A8D54A1CC,827,1170,RGB
300,page-0300.png,255215,CF9A6A76299FC2B22B8EEEAF9DA5A8C89711CFDEC7F21E3DE538819DF78B2F4A,827,1170,RGB
301,page-0301.png,267528,36FFC792EBF50DCF883DE1EBCBE66B98ED2CBB40F5937A2E160DE730EADF2506,827,1170,RGB
302,page-0302.png,246078,0A193D82C25D9CE1FC95FE34093A242BB50A57EBF682DDE8B256AFC265ACD80F,827,1170,RGB
303,page-0303.png,227449,1322E19214BFDF193C294C38A3EAF35DBFD9B8C9F79E266977349F3422F1E2C1,827,1170,RGB
304,page-0304.png,293639,36A7F7958CFEB340123FB7ECA4EBC51AAD7A2C20C2983B30BF33CBC8E07ADD46,827,1170,RGB
305,page-0305.png,297738,D7FCA84240B10E84D66971DE9EC48007741A0DDE82E6E9FEC50E046D34CAE3E2,827,1170,RGB
306,page-0306.png,259698,14634A09A84D7BD71EE5DDAD8D7B28EDDFA9AB967F81B539C0E494A82163D6EF,827,1170,RGB
307,page-0307.png,293800,BB361EDC4E428D05D0691538C14D5B6FBBC6387EDA605BD859522379FB960C16,827,1170,RGB
308,page-0308.png,269919,6C458585320400E784605C8AB67FF55797A5067F9C40103FDB17511C46EE3C06,827,1170,RGB
309,page-0309.png,268656,6BD9C73B6BC08A908BCEE42EA3326CD6365F0E533AA8F760838A9DF208251035,827,1170,RGB
310,page-0310.png,208589,0C7C05FCD2622ED50F9B4D3BBF8960441185D318425EDA6EB552D8BFAB737992,827,1170,RGB
311,page-0311.png,200192,65A0075F7C3910BE6BD6E839AA9819EB3D2D38D2D4A8A919732D141F4D331D97,827,1170,RGB
312,page-0312.png,246887,EE6FB6C2228D47DDA2B813B8E87E9FD522EC99D69BC2AE1DCEE1AD573D9BCB50,827,1170,RGB
313,page-0313.png,366770,E62E3AB3330A78EFC410ECE0B55397FB6B4EA84C0FEFC0B85C28C37C5EB4589D,827,1170,RGB
314,page-0314.png,296758,6F94305DF52C585B7C2C94704019F797F57BDDA61AAC85A09F2CB05846FEEC60,827,1170,RGB
315,page-0315.png,335389,CF1E35508B85C30A8264A488F4D98E82666A342961D3C8B84F8537166FD70EDB,827,1170,RGB
316,page-0316.png,235028,AEE39902BC5F57C5A1BE6127DB4D91D797C6E46BDBB51D2EECB843FDD3A322DA,827,1170,RGB
317,page-0317.png,183021,3BBFB618FDC2FBC08D65EBF386F5870F82716CFB2E9483E722E788A9F21C082D,827,1170,RGB
318,page-0318.png,133572,CCC8C9F55983498AE2BD562D2FCA7338F028D0720D83BE61869E2D0DFEBFA374,827,1170,RGB
319,page-0319.png,291004,802A897DB8BC4B45C358B6134D91FBF7B286301CFD03AE6E3B086AEEF9D9937E,827,1170,RGB
320,page-0320.png,282070,F224E83497DE7B82AB8DDC38916B1103C8F7168C67D09FBDF0106DD77B8779CA,827,1170,RGB
321,page-0321.png,282991,E20018DB936028A1278B2DFBBF088C98404468E9C80395A4616B2CE1E738ABE6,827,1170,RGB
322,page-0322.png,293067,965A6AE7DC34862CB23FDA7A88430038C7BCC971662C63890AB7CDA45D83A1F5,827,1170,RGB
323,page-0323.png,288615,A53CBA77EAA5B223BD06E591D0D4C1FF2452E8720BB887F2170362FE42A9C162,827,1170,RGB
324,page-0324.png,320119,394F7558FFACDDF50A35200027773B5BBAA3D82E4A0F198483F6FEAE023F74F4,827,1170,RGB
325,page-0325.png,233168,1A4E04F80C08BE86C738205CB071F3AED17ED5C6D7503AB4BF02D9AC46A84180,827,1170,RGB
326,page-0326.png,149596,AAF8B7444C0184D5BB756D3F4F9DAF515BF77F8C04CC59E9BF362D36559CBB5D,827,1170,RGB
327,page-0327.png,272998,90CB3E51418AC8013A4125157BA32CACB3D29699B10A19A3BCC931A8375D4DDF,827,1170,RGB
328,page-0328.png,241030,D37E3896DB10F8DDEF0E6EB7F9ADBB575AEFF5DFA615F481400B9C1B5E26A4DC,827,1170,RGB
329,page-0329.png,292750,72D640CC8ADFAC1802BD43274F7230803757FD0D8FF9EAC03DFCAF0B1EC8479B,827,1170,RGB
330,page-0330.png,308146,ABC9BF7493AB50A6A47CFC06C2C12D88F462A65DE46D34AD037B28A0C16A02D4,827,1170,RGB
331,page-0331.png,313902,F740E6AB90F5406EA5068F9D5A6ACD71BD822F01E6EE7D1EBB3B63E54E0755C4,827,1170,RGB
332,page-0332.png,249901,99E322299AA1501B856D427389608787D1F0D48FCF8FD32EB1A83EA402AC66A3,827,1170,RGB
333,page-0333.png,282343,1CE141E61B969BE9C99EFFD652072FDEC9367571281D579E57AD3DEF540E8B4A,827,1170,RGB
334,page-0334.png,167563,F7AA0E55F88836D301ED4807B32D707A5604C84C19B154E61277E42E47BA6CE2,827,1170,RGB
335,page-0335.png,184768,C84D4835BE25FB10670530A61DCE50D0B22E6D16425BE1CB8DF3D00D27C13634,827,1170,RGB
336,page-0336.png,314845,528CF2254045B6D8742C8B3A9E5B2708A6FCD8BD97B66EB0B35397BBC3621B3A,827,1170,RGB
337,page-0337.png,277333,D3F775E76B06A8D86D8A8E76F88C59B5EB1EF362F6B897AFE931B99DA2843C30,827,1170,RGB
338,page-0338.png,268020,919E89179ED61BF64291D675509D86FD534162900FB60C67991E7474D2524D6C,827,1170,RGB
339,page-0339.png,300335,561DDE333CCBBB8332F83B0F6D9CF8A7AFA227FDB90F9D6D8BF9DA566A984130,827,1170,RGB
340,page-0340.png,312007,71E3E7C482EE278CC66861B3A7DF0280E302B1A7709ABEA1E85B775FFD72444F,827,1170,RGB
341,page-0341.png,330533,DF6597E4219915B879EEF43D854D5A3D2752EF1B87F683318EC1B5055D3533D1,827,1170,RGB
342,page-0342.png,288971,96263F6146891ECEE0FD25765BE67DABBE27C2219BAA6CEC61461F7C15AE331A,827,1170,RGB
343,page-0343.png,227944,D044FF5A75E5DBBB276CF1934E415A33DE495AEC82B14B1055A1D7A55092B931,827,1170,RGB
344,page-0344.png,289681,E5CD0FFD2E20AF0C0FB6E3E236C3BE449F2B703A54AE5D024E857C1A56DE5F25,827,1170,RGB
345,page-0345.png,301521,E4B4B618840EE3B7E5F395589E5E6E8B4C42ED2537A08E973C76FB55E3B2F466,827,1170,RGB
346,page-0346.png,248956,07DE132345A1EB26AD58EC4BDC0E676BBA2DFFF8498C00328E42E6ADCB04CA2E,827,1170,RGB
347,page-0347.png,320963,C0E84AF62BC742DBC2131BA16A82422F04DC9709950DEFE15D3C384CA88B41D7,827,1170,RGB
348,page-0348.png,297677,0AE74F4181B104EB84D7D7F86A5F377480B2433B0C58F8B79EA1882B35E49298,827,1170,RGB
349,page-0349.png,273469,A100B446B1A906619E41F99673CF8319E4646415DCD7248A0896871584FE57B8,827,1170,RGB
350,page-0350.png,371420,6F153511DB795D8D8542CEC4C33EDEEA8B2EB149765C3EFA390CEB565A1F19F5,827,1170,RGB
351,page-0351.png,340114,E8BEC90195CCF56E57ED3E928F778F5513C6C97327D0EEA5A13151CBF35EA36B,827,1170,RGB
352,page-0352.png,316813,0927203F54A73C573514511CCBA0FB6FAC7D6ED18B7954B31FA9CA3D8FB71974,827,1170,RGB
353,page-0353.png,265257,E2E8FBA7078B35F6A40DC04B7E9185EE3A19FE1272374D6C641B42DADDED86C1,827,1170,RGB
354,page-0354.png,251267,BC790BEE2684392122A3F147D6A8071F0F2BBD74050A54B815D34DEABD378B57,827,1170,RGB
355,page-0355.png,287167,F799D46D7A20D62FEA7E8CC6257ACD98CF579ED0C198DD32D774090CB81155CB,827,1170,RGB
356,page-0356.png,265288,E7A18806E06E0C16D84A2DAA05163AC2A53DB39A6742A964A167A9E97EC869F3,827,1170,RGB
357,page-0357.png,280760,12295FFA42ADF44093BB9C0036AEA97986E1CC49895790BEC9AB16283C6FEAAE,827,1170,RGB
358,page-0358.png,262659,B47BC481398C4E096179688FBC1056FF0A49FF9C9BE554F0A4136EDA6BA4C0ED,827,1170,RGB
359,page-0359.png,292314,99F7437B2DCC4A158D48D3574EDE23216EB16E82ED2D5A1A997FB5D5FD68A392,827,1170,RGB
360,page-0360.png,206605,CD4028573396C95F19DCA8F28E9D31ED56256FA887B023310BCD79AF45D1402B,827,1170,RGB
361,page-0361.png,141770,2EE5D6805C6FB011B1934C795804C61BE50B90D50FF799B2AF649B11BFAD3CF9,827,1170,RGB
362,page-0362.png,250213,36FC534F418E47829BF82FFD38340C4A095717D7F73F23BF5F820A05090C7751,827,1170,RGB
363,page-0363.png,298094,A9E30686C94F0CE85E6D680156A9260D14E7F69CD9509867C39307C69D0F573C,827,1170,RGB
364,page-0364.png,283621,55CBBE243A088A836FCEF7F9E4A570E3009FF14D3026939913E9DE31C8D1FABB,827,1170,RGB
365,page-0365.png,319905,ABDB29FBEDEB103D89A9D49583F483A5A2ABD515C745F1704749E9721312A978,827,1170,RGB
366,page-0366.png,249383,F68D4D282E38178F5D35CD2660655D962DC9051B3E1D291FB8702882EC31894D,827,1170,RGB
367,page-0367.png,311506,68A6F5155DF6BC23E5A5CB28D9A7B6959A4EFD122577289DA8D0BC7661BF9A9D,827,1170,RGB
368,page-0368.png,342855,4443359C2A9EAA1B6238B640AFE16F0A681846F5C121DBFB6A3947B1741BB6EE,827,1170,RGB
369,page-0369.png,331972,CA96E501E36660CCB82598D56B63ADC60038897588CC648921BAFC615C38BB55,827,1170,RGB
370,page-0370.png,335356,6C7F84D644AB1DF462ACA00E66D03A4D1153A841A398077A5EFF4A71ECA06BDF,827,1170,RGB
371,page-0371.png,321928,3890AB05CEBB122C222C49FCB8F04A5B1D9473A20D40C2BB71B26F1D182AC55B,827,1170,RGB
372,page-0372.png,253970,F1B69A8DED2D2B571F72CE1B92A9925F87F00563C03DABF9AF5E653B593A0547,827,1170,RGB
373,page-0373.png,258853,3859580AA8EFFC7BCFA2179F3EF54112BB69C05F60C0573229052E29395E7B91,827,1170,RGB
374,page-0374.png,282171,8C87C54A33BC017B8E6DEC451A94C637F2EC95BBBB75E15E04283D07A4061F85,827,1170,RGB
375,page-0375.png,310319,C8552CDF486817EAB3460A7235B083EED6E629A4948BA0DB713BD08AD18DEA9A,827,1170,RGB
376,page-0376.png,289582,FD8FAB0105FBAD130D90DAF78289EF3A619A5A8AF6BE0D5BB46CAB5CFE4DEEBF,827,1170,RGB
377,page-0377.png,200190,711FAE7A0350927A5A0764FDD8AE6C22437AC5F0F604BF5E7121FDB2B062ED21,827,1170,RGB
378,page-0378.png,304101,24C7B4B06F9B53B8DEFDC6B5D4ED8F8814A25B5F20E94547D50B99E10425755B,827,1170,RGB
379,page-0379.png,281432,A4E8E8957A328D541D5FF29701042F0B79FE5874C1F96286C6851C93EA0C3C80,827,1170,RGB
380,page-0380.png,317745,0E3654A5FA26C817207A497B38AE97A0C8947F33C780533425FCE9936C7886AF,827,1170,RGB
381,page-0381.png,272258,9E69603C0CB6EB5E6CFB84466F50EC17FAA70AECB89E0879B60A19B4C10A8857,827,1170,RGB
382,page-0382.png,278781,CC624F0EB8FC0C4B0B3C0C5F27C758C7E6D340A614FD30368E5A8C40102D6713,827,1170,RGB
383,page-0383.png,320343,2A813052FFFE168F426D6DDBAC7A6D1F5204A4C6D992CB7CE55677A511716B40,827,1170,RGB
384,page-0384.png,298865,B87A7B80760633C1C73D7DAE39056DB5D42B3707D3B5D153D2218ADB5A3BF90F,827,1170,RGB
385,page-0385.png,356547,CB92FB5EE0A71EBCAD504DC627E8AD28289E27C92EB210B5AB36E7A90E00EA9F,827,1170,RGB
386,page-0386.png,314058,E0443515DFB308BFB56F2D3206A0CEB3754D2C2C76437D494B6ECBA88FB243DD,827,1170,RGB
387,page-0387.png,301595,A41699BF693A7E404730705145C1D708FADD11A5C9D426831298F616F539AFD2,827,1170,RGB
388,page-0388.png,331987,E2C2638451864D1E986FA196D0880A9AB198F49EA492CCFA1CA181D801A4F895,827,1170,RGB
389,page-0389.png,315357,73547584F041F1A7F15647D2CE6FA259A7ED201769ADDBC8BFB02219CDB81B21,827,1170,RGB
390,page-0390.png,302245,00CDC525315B3430DFCA868DA29BD230D4413FD233F2EE29005E3CFD3BEFE58B,827,1170,RGB
391,page-0391.png,47467,6E97C376520FE997DEEDD04D7EF0D797D55C4ECBA41A3277252473129AF9B3C0,827,1170,RGB
392,page-0392.png,268987,D0685198DE02AF943711E10A32284DD7A1ECC2AE08B93F0BE7EE87CDB9B4928D,827,1170,RGB
393,page-0393.png,285448,C18D5E6CFAB88558C2B687B6277A1E354131125A40E1BED39DE5C4972783701F,827,1170,RGB
394,page-0394.png,270250,ACFE630AA70FFB6300E41F772E602BA18744567967EBCA79FCEDC63F9CADEA20,827,1170,RGB
395,page-0395.png,341109,3FB89EBE54874C6F764AA45F787C45273224E05529B237070B805CD37FBB4F5E,827,1170,RGB
396,page-0396.png,282916,1C8866B841972D16A3FFF0B5044A45CDE9F8BDFF164C128248195FF5CD2A4D7D,827,1170,RGB
397,page-0397.png,337034,6F09CE1F6AEB3EAAE27FAB7E92112579F12D9AF5ADA13E083B5A1DD60270CC4D,827,1170,RGB
398,page-0398.png,207021,E1662CB03AAF33DAD1592D8AD5A64F121E5AC4B5A568AC32297A8683920A8417,827,1170,RGB
399,page-0399.png,266639,6D3EA32C4AE5529A76D82BEF6E79C0D43AD6FF7A1023AFC0EBC2459ABEBAF3AC,827,1170,RGB
400,page-0400.png,299823,197225BEFAF8A9CCB809E1C334CFE25A39946FA13A9C3450865703E68A4F5B5A,827,1170,RGB
401,page-0401.png,236876,F7C946F8D21E1152615932995F9890CBC381E168AC1468D37A6D7845079B049F,827,1170,RGB
402,page-0402.png,275384,4627E1E66B48DEA46701049C985BDB92DA5F620E79723716EAE83A0724F7889F,827,1170,RGB
403,page-0403.png,267844,9D0B2D4C8C13428BA1CA3EB01D3CFEDD0913CC9A0EF99317B1E1A834F4AE102C,827,1170,RGB
404,page-0404.png,180319,E233A6EE906A2740E2E6FC0581671107F05A4A7A55281426A6F54EC2EDF7779F,827,1170,RGB
405,page-0405.png,258258,7F6756E3A7FA74784FF3839C8E6FCA4F94B002591D2345CACB9CA3EB75ED4FFF,827,1170,RGB
406,page-0406.png,192785,6EEA9D5DC984B39A1A46C4A2075F5D9AEC5DA882E2A6D6C6DEBAEB6FB0F7698D,827,1170,RGB
407,page-0407.png,114349,F88A52BDFED0699BBEE4CFABF609474EA3201434C7A9D6254B34C47F16CC4827,827,1170,RGB
408,page-0408.png,176122,B03AAABDDA50AF1B7EA6D9FA1AFC672BF01F2636093A5AC46523283EB9ADAB37,827,1170,RGB
409,page-0409.png,181520,E8887A6B2591E732291037F991C92117445C63EE4A840790FAC0B6B3BEDA9EEF,827,1170,RGB
410,page-0410.png,238326,0BDF931FEE4A6642A13F54B67825556627297DCDA21B25A271D02AB132CE1371,827,1170,RGB
411,page-0411.png,239390,ED666538A9ADF0BD163982FEBD4BCA7DE3FD1723D568D6011D576642FDA38B6F,827,1170,RGB
412,page-0412.png,223185,F887E5CC789DCB5457ABADC21542AC9F756CE88F4A3C4BBF74B0428AAE323BF1,827,1170,RGB
413,page-0413.png,216105,9044AC19946EFC65A369EF53FEF5C507A862B12B320BD10A11B0341221DD1A40,827,1170,RGB
414,page-0414.png,276790,4146539FF213078E11F5657AC4BE0E519A255B89F6294282A27B09CE9BE9E0AF,827,1170,RGB
415,page-0415.png,234271,68B96D79A417703260F182CA3680A63D7857C0C040F0038D88CF5179EC06A490,827,1170,RGB
416,page-0416.png,287426,9DD20C330388DF48AE2677FCEC14B8B228DC422E6009AF31837454C595C8445D,827,1170,RGB
417,page-0417.png,216892,DCF36BD23388BB530E4797D1D7D2348E318C481900174DF814BCE077C3672641,827,1170,RGB
418,page-0418.png,202480,A7D49B6B7036405015D485FB76E6E251AA97C7CDAD8C812CDC9C9C13871C6153,827,1170,RGB
419,page-0419.png,175664,6C1484214A4146D0E5181ABFDB52E292BD1634FE342E57578C17087CDE4E66E0,827,1170,RGB
420,page-0420.png,235723,C1B6C9103AF4E8ED4E692F91817335A831B68651C199CA999879EA0424993FE1,827,1170,RGB
421,page-0421.png,229011,9744269BE18DEE22F44FEA7A481685EC82F5CE7E06A1CF90580885722BA3B72D,827,1170,RGB
422,page-0422.png,156798,86DAF8E737B5D5AB8189D9860E03E970E76931F99A167CA61743EC832DE778FD,827,1170,RGB
423,page-0423.png,244291,E55EB725318CF7D2DC86770B0DEBEECDCCF2CF32B2B7EE4104D4A7DE890A7B17,827,1170,RGB
424,page-0424.png,195733,FE31F7CC3B0371F45ECF460B10789F942F15EE85DCCAA763F4240950598C5CF4,827,1170,RGB
425,page-0425.png,271174,4AA6F8799C2A8193907E4C4AF9B65F6EC9F0ED27F0BBD5788D5FDB2AD7C6BFCA,827,1170,RGB
426,page-0426.png,279549,E56D40E14C4E452809DC20A11E8DF12C6E8F38339E9A66E68AD8B5F16E4AA162,827,1170,RGB
427,page-0427.png,127557,FC78DE97A3375BDF502DDDCA74CAC13781271BE38879A2249CBD27FFE909CF8B,827,1170,RGB
428,page-0428.png,135607,27DAB411E8E0B203B76E15FB7F2F6740D74980A02688B4C09A626C7AC4B8513B,827,1170,RGB
429,page-0429.png,324930,2E241847B231812FF3CBA0F0C2C974AD91682D73A3C405F5BF82C59C579CA4EC,827,1170,RGB
430,page-0430.png,254933,666CDBD1C52AC3314348A5626C9176548E6D1BC6DDFDFC4C5E9F405B6AE80482,827,1170,RGB
431,page-0431.png,195360,0D018009A89FA488A50B5B7A8BB860624B909DD9D704C4B5DA0E72A7AA1E5643,827,1170,RGB
432,page-0432.png,200036,9BF62AA8A246DD84C20EACE4F753C6704AC9FBE22551A835B443E6137521161F,827,1170,RGB
433,page-0433.png,224886,84EFA164C660332851877D88E7F61EBEE58B2734D420200B91DB5E48D0AF5EAA,827,1170,RGB
434,page-0434.png,224795,64CB3E37C0F9C92FA061E99F4CE5E1364AEC2A79DA09ACB2677517DA49DE2009,827,1170,RGB
435,page-0435.png,265264,E62C458EF3CBA22CD90390CBCE841CFC2291AD258F54DF7038B0A44DB0E99A96,827,1170,RGB
436,page-0436.png,290670,C203F45EB23DFD4786BFF4619FFA610425900FAA72A9ED691F484A1D04563698,827,1170,RGB
437,page-0437.png,181035,6141D47BFABCF3F36EE082772932E08F85E11C43B38D8EB0B68E4ABD9C810271,827,1170,RGB
438,page-0438.png,217356,1B59456D5A6A23BB39104759769B3C3AFDA8D1F6E8C1A153ED2D50F03DB0C078,827,1170,RGB
439,page-0439.png,266679,148E5122642B85AED364A1A63C0682B3EAFAF8E12889DF38801A9DC7A72C4594,827,1170,RGB
440,page-0440.png,247393,71908B473C8A49D323D8B1617B71B60300CA66576B1B7E6E4608DC4566374554,827,1170,RGB
441,page-0441.png,210070,DB44B90299CBAD21DD8E7F26EEF161C99C9C047CD9A754DE6905F492E87FE456,827,1170,RGB
442,page-0442.png,177088,BFC135E69958E4FABFDF136F6C571F1DA8000D54F8CFA22F4DBD560D004753D6,827,1170,RGB
443,page-0443.png,253143,D466CA944AE4E7DAABCF755CAF5F33AEE4FDA4C2AC706E97C6DFAC6ADE5532EB,827,1170,RGB
444,page-0444.png,287601,5E4DE842450A15C38D3EFC60A28C362E6CC0C14A85DCAB47F79C3C50863BDCAD,827,1170,RGB
445,page-0445.png,239951,FE4AC27EA3F682548740C1587E62B4BE4B8952AF34B3AEF01AAE0517C7076790,827,1170,RGB
446,page-0446.png,285857,0AB58F7FC42C9D1684DC540C9CFEACD3C257A5396BAAF6979781EFBA9F258538,827,1170,RGB
447,page-0447.png,274641,54F19B24B302CBF008477CBFC4948E643C5E29DCE1B118ABC30D6D94BADC8448,827,1170,RGB
448,page-0448.png,233367,1D73609B1863E55C04AA9A8F7A67B64E1F9A88EEC346CBA6AB37586C9F93FFF9,827,1170,RGB
449,page-0449.png,337036,74D5F4A4097B083AF6630BE1264EE6898ACB2C6F9AF090955F6858EC60024DC0,827,1170,RGB
450,page-0450.png,258727,0AC10E6AB4F5159A0AFEBD427353A02A83D46A7A3B0528B3C05A6FF562C4C735,827,1170,RGB
451,page-0451.png,286154,029F344E7C1237BD35510A5A6F30816898E53FB657835BFFC6808437D0A07915,827,1170,RGB
452,page-0452.png,258282,A0FC6826EA49C1CA2AA844C39424053B9E0197649BFE525403CB9E9BC4FC0470,827,1170,RGB
453,page-0453.png,279134,12584ACEAD566AC03A6EA3D2CE19A58636D9D0A35E696DE3D357DDF63FB04C15,827,1170,RGB
454,page-0454.png,299092,57AEF346F786115A960DF70D41349B22561F7E86881C3A9B4451C3A85EFA2ABE,827,1170,RGB
455,page-0455.png,170589,63000B51E750E169E072D4BE94D53EDD52B8846DA77DC8A8968AB325CE894FBF,827,1170,RGB
456,page-0456.png,265587,420AA94BAAABABBE0BC1420D831DD1CFEAF41621EDB4AED11D9C3309484E62FD,827,1170,RGB
457,page-0457.png,243703,49DB8AEF90F312733B77842DC3A23A36F4BE50ED9931DBD36FFAD6D7C466CB24,827,1170,RGB
458,page-0458.png,321495,C1314FB462424A4B320C30E7F58F97E706643524578A6E507F67CF94269717C0,827,1170,RGB
459,page-0459.png,241026,53CAED178DCBC70FBDF1B743CFE46D3BC5AF77D8C364D378DCCB9C3769A654A0,827,1170,RGB
460,page-0460.png,260143,A3B6F4C3A02AB0C498CA0D5962FE56991E49BB8523AAC2B2A979D7F35C2E0BB2,827,1170,RGB
461,page-0461.png,222416,7B087A7A81A2F27AE88F220CB43AEA40E0B3C800B9B74B412668CAF5AAE0D54D,827,1170,RGB
462,page-0462.png,196092,E1C1CA1C04E683BD83D99A8D93A2C9C6E824E373763F545CB9A0CE0FCE719513,827,1170,RGB
463,page-0463.png,240788,E92DDB2185CCE68AFF74B67B384603591B5EDFAAF19F882EE48B5548368CE0F7,827,1170,RGB
464,page-0464.png,254898,4CF8B75E23F73009E5968A9F9B30257816209756F28084D9FC210B7890F37204,827,1170,RGB
465,page-0465.png,209968,DC01E4D444ACD2F6CCA217B1484AE60DB68A607F0DA3A88BBF609C587B74A0C8,827,1170,RGB
466,page-0466.png,221963,BA5145EE6A5EFAC2954B518603AABF7E111D8C3AB4448C2D943F6AF2CBF06415,827,1170,RGB
467,page-0467.png,247342,E2C3F07DECD0F35DADB0B2924B973F818D3D996AD6601823C3A66B3028D14A5C,827,1170,RGB
468,page-0468.png,316687,A1299228ED609DCC8D46658AD674699517C80FB5902E46A5E6EF74B6020E7783,827,1170,RGB
469,page-0469.png,263002,62FCBC114F0558D6163A52492A4B4E44B1C8DB821840E66831243B5EF01115BB,827,1170,RGB
470,page-0470.png,178937,09F01DCC6347C7B35BC8A566DDECFAB69A9B6FECE2049EF15A3C956A2DA0878E,827,1170,RGB
471,page-0471.png,220746,8737C0FA04249143E7A854F74F5BA75B3762F14054353B34598AD60C655A595F,827,1170,RGB
472,page-0472.png,260773,D8251A59CE5BF44D8383B3410A2BA48A90FE14B76596E1028EE0D201DF4FC1B2,827,1170,RGB
473,page-0473.png,245869,4D1397FC7E3ACE67D780745CBAE7DB8AA81E361731F43A94877198F62CA38B63,827,1170,RGB
474,page-0474.png,316256,CA55CD1B07D6B48C5DE5F6414F5188A4BBA2F06ED92649DCC89974CB50CF737F,827,1170,RGB
475,page-0475.png,385689,BC3EFA32FC3B565C505FFFAFC6AD5A450EAC3404C742F41EACBF4A3DF02E9895,827,1170,RGB
476,page-0476.png,274917,E13515EDEF6EDF0EE7E621BC1664B21AB3CA532DAE5BD96860C3FE7874E9BD4E,827,1170,RGB
477,page-0477.png,238020,647C286496904732243890D2AE7ED6A22FCC5AE6AF0F6403734744A91B599E3C,827,1170,RGB
478,page-0478.png,280306,6CD394596612FB9CB177CE5A2D79D44E648D60A9F0BB4DB41DD34A0DB0C093AB,827,1170,RGB
479,page-0479.png,289300,1BD923FC842EFB15E17DD96D1FE8239B426CE69296B3456D763EA87B8C04A834,827,1170,RGB
480,page-0480.png,220300,A89FABB2A4993FA7DA99F2908CBCAC1A9923AA756283D3B3F2ECD173A60713A3,827,1170,RGB
481,page-0481.png,225321,B24A279ACE223AA88E32D34F617B4AAFA90908FE4BC1AA753441C1FE50BEFDE8,827,1170,RGB
482,page-0482.png,214630,2C6E697727E7B8B696778644B7D9E5B975135E80A30869A29489A4AB244FBCB2,827,1170,RGB
483,page-0483.png,164629,BA6D380FC424FFBDCB159904CDA42288E798E146E7A915EDEE687C01598F802D,827,1170,RGB
484,page-0484.png,178463,7D6BA84567BB1C08537EED4532872A4B78D0785223B8AE912447949B60406D96,827,1170,RGB
485,page-0485.png,226202,DB9F4D994DE0842C0203254CD4DFB7D2D1AD2E0B94CA0A97A986D4AA57B7E055,827,1170,RGB
486,page-0486.png,237134,FCBBF635D7F83FB25E523DDCBF48415A4D59C6EEC925F1C10B0D6E9FE9BD5C2D,827,1170,RGB
487,page-0487.png,233470,B132BD547019DEA69045D726542FD6A21D4C658109FFC58092018B1E68A46512,827,1170,RGB
488,page-0488.png,346681,53AE8A4004CDA12403B99AF33A2B41973F01F948C4F8BC18890CF58DC0D1A1A5,827,1170,RGB
489,page-0489.png,225975,BB54BDDF75582B351910BC5DCB2DADCE938FD74CE5D49505FBEBB0B74029B181,827,1170,RGB
490,page-0490.png,251884,9BC6EC3C8B2475845AC1ECD1D69EBCCEBA161AEC2D369492AB7B999D3D4C0839,827,1170,RGB
491,page-0491.png,271544,FA06CD0A694805292872FCC19103E11DA5A13A4474EB52C6328718886BD06B56,827,1170,RGB
492,page-0492.png,291742,B65A3296E6F0E1DBB3D8572A6A65F6C0124CECA4ECD2BD489F4A8DC9E82EAF06,827,1170,RGB
493,page-0493.png,202556,699712FE2D5A5010FD6AA641376FF56C5975B943097AE81B39E38EB4E2C2217C,827,1170,RGB
494,page-0494.png,286040,83A2EE154BAEC070AA98C93974A4486BD128D5F479750A1E8621F89ED4539544,827,1170,RGB
495,page-0495.png,272209,1E1599DD3B35E898AC9B940355E18AC88A0E5737F9A0F54D70AD993291E26861,827,1170,RGB
496,page-0496.png,277856,B53D33ED61CC7834B5DB8A7014238751B89F5786381F5546BA0F059D5B7E7B5F,827,1170,RGB
497,page-0497.png,158938,416596A724C5B959E52006EE6ECFE128FE917FE948C3F2EC3EAB66ADF9A82318,827,1170,RGB
498,page-0498.png,230805,751C4FAE7B9B5461B9CC8E943841E9D97C40A561AC7003E56D9BC77AB5561BF7,827,1170,RGB
499,page-0499.png,264067,63BB8C900DA8FCD1E4DC60E5A981301547296300FFA084D83EC119FA21905514,827,1170,RGB
500,page-0500.png,274618,0A5E6B4033E6893F4501D30D7309F028314C2B4ED27AEE6B39F921651EED1C71,827,1170,RGB
501,page-0501.png,264664,8CE262495FEC574E469F28AC5BE1A5B515B4C884DA9836EA0E8343DA1B6E3E15,827,1170,RGB
502,page-0502.png,285231,B70E6AFEE1D7E0960DB8E56FE7A4994B842FBA1034F514EE9C5F76B1C589CA01,827,1170,RGB
503,page-0503.png,255085,07C7132B9CF4FF20F57E780358ADB410FF4BD04409077948234ECAF09AE719DD,827,1170,RGB
504,page-0504.png,270374,22433194F0610976133D39AB7F673C2DB83BD37EEF645342D8B22555279DA603,827,1170,RGB
505,page-0505.png,265357,E7740BD79D3ED194F41CE80F9C066859ADB02F051081F2C9C875F8A79D4C2DAD,827,1170,RGB
506,page-0506.png,299531,9FFE24751FAD8B269583694BC862F2279B6D9239B84392AB90E34E535CC12C82,827,1170,RGB
507,page-0507.png,290117,9D0644772E6B5C8B87E1CB1C387D6D71CE0D449085080F037D9322DCE6BCBDA1,827,1170,RGB
508,page-0508.png,268066,EE43E19F5D2268561DC19B3A8B93D1DFC59E3B65BADBAF60E29E0E5071C1230A,827,1170,RGB
509,page-0509.png,230167,133947121E102148C50B0D400DDDA322488B2D59F414F6D85A62FA655D4498C8,827,1170,RGB
510,page-0510.png,292759,4CCECC4CC17A4CE348A47B2F15F917553E63480F91A83B5E8BE26791D5962F0D,827,1170,RGB
511,page-0511.png,238647,80E219519F533460F4C2D6E654FA0D565D804E26BECA7709300FB58A9A797CD9,827,1170,RGB
512,page-0512.png,204606,3FDD574024DEC596FDAEC9EAE720932C7D41B7DD803149B35B35463F8E1A6EDD,827,1170,RGB
513,page-0513.png,238975,94BBE3FAF924F031CFBF383B1C49B844794F93D6DD8F373130A51B86E4394105,827,1170,RGB
514,page-0514.png,244427,442CD6D51934C8AF681E12FE7B92DCE3529D57B273EA44086885A5F5C2786219,827,1170,RGB
515,page-0515.png,189355,01A8ABE3FC3A785628E194258003F0DEB23AC821CA9F67DA55F78CFBD2EB9466,827,1170,RGB
516,page-0516.png,247131,88E087D7041713883E1252FFD786155255435188588231C263C15DC21796114F,827,1170,RGB
517,page-0517.png,234763,D486742513611A5FBFD97864CEEDA97AF500CDA76A0FDC01435F56A89351F29C,827,1170,RGB
518,page-0518.png,323461,5E941AE78005C38C9DAB1A1B06DE137CABF00AB871F4A062F2134476D47C68B8,827,1170,RGB
519,page-0519.png,277734,D32D6ED2DB1798737CA11BED0DB4FAB37D0C46CE64D639A40EFBAA221315C8E2,827,1170,RGB
520,page-0520.png,255597,43F897BE22C49B1F99AEFD6405AE146C6745B2D36ECD744F1EFAEBA9F73FD526,827,1170,RGB
521,page-0521.png,292124,CA1F9ADCD05CBDC7EB77D0A469EDB8C270C808DBED581217B9D4C021FCBC74AE,827,1170,RGB
522,page-0522.png,204399,34BD0EB43F958CEC93E99F5872E610B88E1BB461238BE0520EA23D4B03B72D98,827,1170,RGB
523,page-0523.png,345778,F25D87B377666D571171C781B032B60718D5E43B8DE88D16A5C89FAA5A23A675,827,1170,RGB
524,page-0524.png,235668,53F63268163A952BE1D3C0529D68DA554DA8D9B7881B98C2374EF17FAC695AC8,827,1170,RGB
525,page-0525.png,213842,EC2077E8CAA20FD505AE154EB52D0DFBBB4BDF5ADD8B597A4F51FAB9990C90C8,827,1170,RGB
526,page-0526.png,238770,EB94F96332B67542846E2624EB554433BE36769AF37A0DEA850DA3EE65C20579,827,1170,RGB
527,page-0527.png,254582,593055212D31B88A2024B4FFE03B40F384895FFE3CCBA9887CA1CACF2E8A5FF0,827,1170,RGB
528,page-0528.png,329746,164EB431FCE8607C4134CC5C174E32673F9F0492CA89DF929E07465D49D57286,827,1170,RGB
529,page-0529.png,275528,AAAFDF4D2D64D7731439FC3BC5016F1B919360D5F09CD2CDD93F7A7840C8B1A7,827,1170,RGB
530,page-0530.png,220052,EA0F06B4C5DE1D21FF2693EA31018D31101A30BA18C6516C4285DF261FC0C6C6,827,1170,RGB
531,page-0531.png,178763,69B6CDF4AAAD0FA7EFD4A72A622035EB49E2B2D8A49319005E3D09B8909F1D72,827,1170,RGB
532,page-0532.png,270642,8DEFE63168D2AFA4E44B3A8A6974006860FBF6085ACBA27AAC0B1488349E8ADC,827,1170,RGB
533,page-0533.png,235874,172EBFD3965DAE1B57F74023D3C921BA5ADFFFCA9DEEEFA6FAFDE090BAE28964,827,1170,RGB
534,page-0534.png,298760,3FB36BFE230BCEAAAF20FDC4F144D3D23D38A92D4C51D0E9A25410D11885C284,827,1170,RGB
535,page-0535.png,199380,2807F2C9BDEF063F9FA1835A0F3DF04856DF824361CFA9AE1AD545A111834118,827,1170,RGB
536,page-0536.png,275095,8E7AD72143C3C9D0016AF00A9664BD5462A09D35263E7AA68D3E3406C732760E,827,1170,RGB
537,page-0537.png,241863,E37A04BB3441BB16A25C456E320C479272180470577136761340EFE5CB9A1CF7,827,1170,RGB
538,page-0538.png,234391,9BFC9A43B92CF367FA97420B6278060FF1DDBB0EEE4EEF6142A597D5E13AF0AC,827,1170,RGB
539,page-0539.png,246299,A30729AE2C4F7F43A3B01A741DF2F4CF8B350A0C7FB1A2F4B12A3C28F16EBE67,827,1170,RGB
540,page-0540.png,304189,355C7726665C6BEFD7BFDB26A432BC26098A10A330A742096A3367536FF3CB9D,827,1170,RGB
541,page-0541.png,252300,5660145324B8CA67BE357E3D0C62B04F465A085AEBAFCB6819739FAE41BE18E0,827,1170,RGB
542,page-0542.png,246294,03A66C321C9434DBBF5326568233FCC193C2F3FFD1C83D628BD416278DD257F2,827,1170,RGB
543,page-0543.png,249493,1C71A4CAF7BD36696EEAD7CDE279817F7AF13DB8B8CFEFC8BC1BC8C05DB065C8,827,1170,RGB
544,page-0544.png,294908,B6DF816C1918F62EA4C7470EB576803CFE98BB19104708F32D606A3A13FD1ACD,827,1170,RGB
545,page-0545.png,244289,5DD0DD82E60E3A29B655E54C3E77DFC0A42C1109BC67D6638E6D6B30D9C04F27,827,1170,RGB
546,page-0546.png,216456,05A48F3E317A9F2D3F0CC0505220AE973E0B1D5C0A6419B4A037BC6FE48EDEB2,827,1170,RGB
547,page-0547.png,256928,94009CCD34318EDB604B9D33C72A629A305A1A9A0FC2D4BE648C869163F692ED,827,1170,RGB
548,page-0548.png,295939,7B4ED4EBD97D803321486BD7DF13EFB49146188B9E3AA3D623DF5B9CADD07C92,827,1170,RGB
549,page-0549.png,276411,256F7741208F0AD99403C7D0D502446275F47EAB6644B73B3B042223E56D7159,827,1170,RGB
550,page-0550.png,269105,3F8D274EF0A3C393729CAD95D4C9390FD60456E72E922196BEC0680BD8255DF6,827,1170,RGB
551,page-0551.png,256816,46A86908D84A21BA30A07D33A14F0000109E3F143ADDF6BC9A4FDA84318D09D1,827,1170,RGB
552,page-0552.png,217887,1C1FC0CA9DA7C570946AB4DAD961D3F3A57B67CEC3BB811397E223591AB74030,827,1170,RGB
553,page-0553.png,242180,87675B362186B1E1BDF36B391C25023BAF76E48AE8A8B523B1D9BA8B1A2057E2,827,1170,RGB
554,page-0554.png,198566,D40627A0972608204C4E418AFA9756E349CB574D3C114CB73086BC625D51EB78,827,1170,RGB
555,page-0555.png,253649,8D9CF9EB2C228A175036E5D6D216EC76734DCC949B315E6A87F3A8F3FFA1BC28,827,1170,RGB
556,page-0556.png,215118,7D21ECE1A09B9FFF9F9F41EFBF15915046AECDD4A3B71FFC15D4410CC35D4384,827,1170,RGB
557,page-0557.png,251021,A77BA2179F09BBA7C7A4C74ABAF5366E3109272B18FA226023154450CFC0D4B1,827,1170,RGB
558,page-0558.png,210638,50328CB6AB93D438FDF720CD3013452702D9889039784DD9FBD7DB427D229F51,827,1170,RGB
559,page-0559.png,257881,5987751D3904A10D0BB686B8EC39F3A4F28D8EF07B09D6B94327178DB6BAB32F,827,1170,RGB
560,page-0560.png,228611,BF61A462B780A0716A70183047E57681E0B34F0FBAB1F7836F50719464495DE6,827,1170,RGB
561,page-0561.png,143639,252DFB414B68B9D9D4DBEA851FAA1380EA22806B29185FAE90371E7997E62D76,827,1170,RGB
562,page-0562.png,177815,9121A7F31832B32861D24B1E08AFE4462C170F764505BAA905C29434EE3DA98D,827,1170,RGB
563,page-0563.png,112453,1840343F3C27738CC43CD4F18BE1EC2506BE8D9EDEC13E19B8750BEBC683CE8E,827,1170,RGB
564,page-0564.png,287840,1DC6FE8C423FB8B7EE76B76D501C33AB83ACBB8A9F1DF36C787C9EE6381BBBDD,827,1170,RGB
565,page-0565.png,259443,0E797FCF705532E955AED9B403CF89CF9F00F2689B513A8E54696F9FC5FC7D12,827,1170,RGB
566,page-0566.png,207049,4BECEAE706D7AD29FDAAE24CF4035EA8DC821B3BE609CC980C46914DA18AD159,827,1170,RGB
567,page-0567.png,253338,34C7EDEFAB9ADDC674F95E770DA33DBF21FD03B9B82E8679C353907CA8334314,827,1170,RGB
568,page-0568.png,279328,3FD93174A15BBE4913A59AB7A0BB808F44358043FE3AFC3AF1EC5DE68CBB5CC8,827,1170,RGB
569,page-0569.png,265649,13E18FED5BBBEA71E2D76637955C0C88B3B75968A9C6C5143B4CEC7C2E3832B3,827,1170,RGB
570,page-0570.png,231059,A4CAECBE17193CC77DE3DF2256A3C2095BF6FDB36612296B037893A7B3A56A13,827,1170,RGB
571,page-0571.png,241618,5263310E66678CBDB580AA9AB97A540DE262EAAA334ACDAEE8E4E31F1ED1642B,827,1170,RGB
572,page-0572.png,234600,7469C55CCDB29459EAA0BD3E442D1273EEB2C33551C490CFF342733A8C76A834,827,1170,RGB
573,page-0573.png,234978,E6AF16CEA02A52D9474C3539A726BBAAE5BA1B0BD47A8256DB8582C3087F418F,827,1170,RGB
574,page-0574.png,238786,D0957FDDC5A7233A1C015B16E1F95728D616ADF385B6AE4F7C7A33E8D029CB45,827,1170,RGB
575,page-0575.png,257489,A83A24CA9409B4D246D8FCF3A35345884E5E2BDC293F9A726CDED0A804291B0D,827,1170,RGB
576,page-0576.png,271391,39E82C55E29232E6E786C12E14D6CBA42991920E496FC6CE4D4B8DB6164357A7,827,1170,RGB
577,page-0577.png,240847,16121877571F0058B222DF90153DBFBABE5E7CA7645D051EF9C488DB05FB62E7,827,1170,RGB
578,page-0578.png,262772,B8ED7D3EF1F8B3A722FBEC7AB77BC5F1BF86DCAD712B6E906687762636A0D8A6,827,1170,RGB
579,page-0579.png,215182,700171436B211004A513C3C46241A0DF0787CA45BB2C0786C9630C4A7D69BF58,827,1170,RGB
580,page-0580.png,237811,40034CD6EFA728421803C80BDF4A226BB468D4E5707BDE352CD60CE440930B0C,827,1170,RGB
581,page-0581.png,220278,D3C2DD181E84B00559D64767938B524B9D3804B28007BF247B17C2C901E3FA35,827,1170,RGB
582,page-0582.png,283323,6932FC1F541E681B3D9794F079DF5A6E3D66C3C8B2E97BBD8BA3534E39BE55BE,827,1170,RGB
583,page-0583.png,258737,FBEA6C29AC4319767B1D00A35489797C4A2D21DB7D2A296E06A7827555BCA16F,827,1170,RGB
584,page-0584.png,206071,05765B8A830EE5A920FA6D90B83DA3985DFD64AC8C38D2386180D3AC9AF2698D,827,1170,RGB
585,page-0585.png,243645,3C9B92ACAE3F8C4FA9A5B46AEF5FA2493E4AB1A26EF3256F9B984063C1ADF485,827,1170,RGB
586,page-0586.png,267931,8450C070A285406A9F8FE80E8F7F0B4C2D39424CC7585E8E1BC784D819E5FA2E,827,1170,RGB
587,page-0587.png,256083,D3C1B7DE6D5F49BD504D13D4DE1BC981D0D7460F4F3EC2AC3BC4F26A0C661EE8,827,1170,RGB
588,page-0588.png,301604,86B089804FC2AA7D749608224D4CAAA0290075C39812C8F377FF60244615EC07,827,1170,RGB
589,page-0589.png,288135,8776482695C74424A9E71CF8C8F337F8F202D5DCE47B445804BF5D589B4224DC,827,1170,RGB
590,page-0590.png,241437,FF507A6142A90DF2C00FA015BF283E0CC0DEE3E669CCA1C6C7BA0CCEF1BC10F2,827,1170,RGB
591,page-0591.png,262851,B5F4A55429584C5A7EFB3DFB2EFFCAFBF46FBB5288AF54F14F45196E3AD2FB58,827,1170,RGB
592,page-0592.png,232126,B72F5117FB4364E482CDDE0D7C113C806C9A5CBD3FE2D9980F1578DBA5BF5461,827,1170,RGB
593,page-0593.png,258581,4F48D8BB2CCE85AF4BB4447D5E6ACB16D3B0A51190C895E5BDC9A11536E52B8D,827,1170,RGB
594,page-0594.png,288519,B2D1F3262BE9433E305422BC8BF9362B622F913FEAE6590BB41930C5741421D3,827,1170,RGB
595,page-0595.png,228106,C43D2256062F4A5E5D1D2AF773DA254068556EC6FF88C452FFFB4114DAB8BF98,827,1170,RGB
596,page-0596.png,223080,1DAECFB86D60AD81AF953599F53F893630028AE25A3BDE30DC82DAB02C79FC84,827,1170,RGB
597,page-0597.png,304429,212407DD2D31C17C772241AEF0996FCD10ADAAE5DE023342B841EBD3D1A10C40,827,1170,RGB
598,page-0598.png,281009,CF50FC51C3D9791E26C9207541F750AB455871D7E71118A87D70902E443771DD,827,1170,RGB
599,page-0599.png,187467,2BAED725F89508F33DAF9A3FC210513E4FB3D10B9845683236874A4EF329D17B,827,1170,RGB
600,page-0600.png,333825,3CFBB91E305970C044F15DD1A7F5028386FFD1F368E55E96D3DDF1CFFDC3C108,827,1170,RGB
601,page-0601.png,309686,96C2931F6F09E93E74958EB7DDB1CA45DC8FD5A1F7A29A0B4EA9A93CD5B53DCC,827,1170,RGB
602,page-0602.png,205093,899C4C13A672F9E3A738BBA7026CE0CBA2B48C8CC1CEADF31F7BA7C538027F87,827,1170,RGB
603,page-0603.png,268559,3D63CDEA381B7714F3FFDC7B5998C89017E9FDF7CD1F748F7EF98638D48E3329,827,1170,RGB
604,page-0604.png,197924,31CC56DC88BF5CC28D6F38958DA67BBDC205FE480BC618627403723A8E512227,827,1170,RGB
605,page-0605.png,245850,4978911A53F4D509EFA0401BD5D2E6D0BD0CF4FE518A4D5AEFC0BC45182BBE03,827,1170,RGB
606,page-0606.png,215678,9C2FC7051D2727EB7EFC94990374255E0EEF3FBA0F6C6852FC7AAAE21F004C4C,827,1170,RGB
607,page-0607.png,246170,4FA890214BD76C6E13C3E547FA79C160C02892853FEBFB4C661C787D61C018A8,827,1170,RGB
608,page-0608.png,277722,E343580F1DB92FBFBDB60D6D072DEC60E2D24AE7DBAEA9796D2DC0B854B28F62,827,1170,RGB
609,page-0609.png,239191,38C694DD89B0FFA010EAAD5A188714D8B25F58AB5B9CE9AAB478F06E2FA1C81F,827,1170,RGB
610,page-0610.png,218059,683B94F009CAA8FF753F2682B2AA71597D0F68C55BE772C70FF11EE83410F2C7,827,1170,RGB
611,page-0611.png,208354,E6DE02D134E6A10040CA0793D63CBBEECB1AF79BA04CA64C5D67079B4D54B4D0,827,1170,RGB
612,page-0612.png,228535,7E5C8C2C835F7B34578A04060CFC08D116CC99BF4598EF932C70ADFC9F3059E2,827,1170,RGB
613,page-0613.png,178850,A5F22F0262B59DBDECBFC9B5C056F832169E70443B5DF6CC22B9AE1F4FFF648B,827,1170,RGB
614,page-0614.png,220010,DF5A5308AEF7C00BF66446EAD1E37B46F1D507E80D1908402D8CFECE9B15F4A3,827,1170,RGB
615,page-0615.png,256111,E42F038294F5EF25E60FA3EB0B93EBA4E289D59C0E87E1CFBD1F59A4C498D677,827,1170,RGB
616,page-0616.png,175501,AB442091B0FB46D53FF946DAA67E8C43FE7625C924B1D3214C7D7BD7AD379198,827,1170,RGB
617,page-0617.png,10540,45525ED115F66AAF0CA4FA89D932407298BB5418E608B302A634A7319D7BD5EA,827,1170,RGB
618,page-0618.png,255827,E1C023AAA033315F5AA207FD5517298E4F4F13F4985C47B535029F959C400ECD,827,1170,RGB
619,page-0619.png,268892,D7FAC15A7E887351BA391FF1056B8048FD72152BC155B652E91A387DA35E9658,827,1170,RGB
620,page-0620.png,202027,8F973B88D11B6E10FF068CD5A3CA55240AEA6471CBFB6885EF5132D515E5B6C3,827,1170,RGB
621,page-0621.png,142617,554328202C82C434E3F2E53F82CC4E8A3CDAE6D010C47056F9A751FB844E2FE6,827,1170,RGB
622,page-0622.png,203879,66E10B349743A9AA638448D2DD8331027DAFF7A7911B6007D0719040E92EDAA2,827,1170,RGB
623,page-0623.png,292938,7495799A4A4CF652BB2C67FEDE3DD0FF6C7FB21F2411A848C9400FDECF7DB853,827,1170,RGB
624,page-0624.png,303067,679E6008CE87CDC6860760F24CD2748AB7775DC3A4E1D66FF4302E6F94E17FD4,827,1170,RGB
625,page-0625.png,289005,F3ED55D6876F870999D38ECB3B76097D8D77D3B8B5764E73EBBBA791B3BA4136,827,1170,RGB
626,page-0626.png,197021,8D5A5B89DAD3E1D88DAA1060634B20DB9485901328C9E1F6F60FD27D6BC32D3C,827,1170,RGB
627,page-0627.png,305403,FE86ECD00F410A516AEAE5DD014EA2CDF131D63C9C6B0C3F12F60B6D731E032F,827,1170,RGB
628,page-0628.png,250463,2B4E9014AC52AC9AEFA7569EA22D0113EF29E9BC7831B59E67DBE91DEBA21488,827,1170,RGB
629,page-0629.png,288937,41B2D2D39870F03349B088FCB384C9F965D54C1B1A5950481F04A31031CB6D51,827,1170,RGB
630,page-0630.png,234465,14935B4FFC3F82ADF18374527B4EDB4CD3DED21D9125A39F4FC7F5BBDC41C6C3,827,1170,RGB
631,page-0631.png,328767,F204294FE971F0128D99E576AE9337B75517D1F8C8776693E2B2AFE034553CEC,827,1170,RGB
632,page-0632.png,297157,588CD144F289CF1C9049CB44013F6D248221EE42E04A8798A11D50CDAB0EE4C6,827,1170,RGB
633,page-0633.png,299638,B63624AB0A08E4F8598F9C7F8E6B66063D164B2DB59CA7231B844E44EA12B253,827,1170,RGB
634,page-0634.png,358341,CAB81FA9207F9C5241FDD4DEB4EA5F697BB12B167AC4CA8F8B12D4F38CA3EA93,827,1170,RGB
635,page-0635.png,233475,1D4B3701D870364938030356BE1A6D316CDE8DDB00EF9BCB40C7771ECA726EA2,827,1170,RGB
636,page-0636.png,286456,01B48E47CE6305075B3DEF212DAA123EDC039485BFD80D872911F0879DBBCFC7,827,1170,RGB
637,page-0637.png,335268,5B41F328663A6EF6DEA27E4B9FE24D9F1C2C60AA1DB1CA016DEAB290935D9F57,827,1170,RGB
638,page-0638.png,359101,5F31D8FF1DC8CB6E3F3A965AEBAC6F0080B3B747C5CAF33EED217EB3348CA525,827,1170,RGB
639,page-0639.png,319320,A3B84534FCC2125125923B54468B5D40F5C5E4971B67A7AFF584F79C2756B07B,827,1170,RGB
640,page-0640.png,278394,03E355B403CE7CE309B923B4E28F09DFA2EE16948F9C04B5FC35B7A19592951A,827,1170,RGB
641,page-0641.png,291208,B0D13021A4FB2BC527B0A02B055BEB95B0E22A6EA8FD5DB0ECFE559216078934,827,1170,RGB
642,page-0642.png,298527,17DF051FE86B2C69A8FAAD1D1AA8E229DD18EF7B5456E9B412A5042E3814D934,827,1170,RGB
643,page-0643.png,271798,5F3D1DCBF4D48EAA4AF168D01B2F3A843B629A99FC4703105524F065B5D67D3C,827,1170,RGB
644,page-0644.png,325524,BE87B07D738B421A818A99890165225829DD148AE5622683D7B4451ECD064709,827,1170,RGB
645,page-0645.png,235292,ED49E7427CC6DA660EEEF21A0DCED5DEA6B6E03DEEA126FFF5B848BD8AD2CE00,827,1170,RGB
646,page-0646.png,307249,DB2B07D73DB44AD2237E193E786D35E7975A908E93D724C51DDA6CB16A466F8C,827,1170,RGB
647,page-0647.png,286751,8CABC1FE25978881A03B122CADDF5C4F3453974BBFB61FC0620B364F4A0F37C5,827,1170,RGB
648,page-0648.png,286431,67587DF75794FE13E56BFA8AC84E83D846849AF992EA14613B66DDA28C87DCA5,827,1170,RGB
649,page-0649.png,322316,AB8FD4655905DC71787D9E991950BDCA63825F09566E633A36698975802889DC,827,1170,RGB
650,page-0650.png,269990,8B4A09E8D2CFA3141B6DDF9C56B26503C181746306B6683025D759075AA46075,827,1170,RGB
651,page-0651.png,328351,7661E5DAADF558025ACF6E9BCCA947687C157810A52281E6FE907CCE4DB00A5B,827,1170,RGB
652,page-0652.png,340628,69499A7BC29E2F557A583F4CED9983C6D8ACB8151383DB5C0C5CA00278825D74,827,1170,RGB
653,page-0653.png,296809,3CEA6D49CE56AE11BB1A799A9955215EC372BF7F32B53591F35F99642CB71A31,827,1170,RGB
654,page-0654.png,289765,53BE89996393A021647DB28E804C06392BC8ED87E85A3E389BFDA56F4E75747D,827,1170,RGB
655,page-0655.png,269355,6CE379C655F9AE0190E88A02EAB610141AE911E32A128C353D8FE2CF89203FD3,827,1170,RGB
656,page-0656.png,253704,B300247634871307C94A67142CCF82A36C10CDF45FF8EAEB1456EF9A89F71499,827,1170,RGB
657,page-0657.png,308643,6741045FADE3482E0F20FC2B5DD15D99C4AA8B7DC2501B7E4943113CA6D30BD9,827,1170,RGB
658,page-0658.png,296070,17412790232AE08C4D5DE2188101AF060ECC0FFDE567CE2F2F3AB289234F5728,827,1170,RGB
659,page-0659.png,245354,D60AF533B1AB68146BA4FDCC2D65BB345606127C749CCB9C30A87D81A1DF7495,827,1170,RGB
660,page-0660.png,248223,B244855EA26FBD5360644BC59C0168486E7703410DC92239692AEC853FAEB043,827,1170,RGB
661,page-0661.png,267949,7304F76424EA559AB4A05A9298D458B93EE4FDC288934FE38D4A2DB80797D052,827,1170,RGB
662,page-0662.png,270534,20940196DC216B04DFDE3B373B01BE6EF1CBCADF12DF5D89FDED4F1BB0596A13,827,1170,RGB
663,page-0663.png,254089,57EEEB653BA9C82660797EED586D94DEA82784B9D2AE7F792FDF0C8DE7D72392,827,1170,RGB
664,page-0664.png,233905,B58331CEB62EDB1F53CADB64E0FE79EEBFA7D94031A95E61715F22BBCA80FEDA,827,1170,RGB
665,page-0665.png,317580,63654309D9DAE04184773A59ECE00597EE5C9C039EF335F59D529C371D6984E6,827,1170,RGB
666,page-0666.png,326302,30DD25D9A8A5116C53A1D5981CC5BBD444120180B4456564B8E5EAFAA7C5D200,827,1170,RGB
667,page-0667.png,320561,B7D5918495030A907C513053EC3CFBFA528E0259C492B7374D46CF198EFF393B,827,1170,RGB
668,page-0668.png,290256,AE4D7D5FF738E8C6D3241A710398975B8894E384780D4A58E384F472093190E9,827,1170,RGB
669,page-0669.png,262206,3B282462BEC3DE267CDB99E19A47BE6FC48596854D6C0071986D3E39FECB1AB2,827,1170,RGB
670,page-0670.png,238040,F354FC5ECF77F6C47A9BDBE634F0A5E908663B4A19F7B41422D7E4D9B630C089,827,1170,RGB
671,page-0671.png,167906,64680454222D2780755E79E9A3095AC7E99DCECFBC087A3E285FC56625F864AC,827,1170,RGB
672,page-0672.png,225301,ACC73CF80E9DA2F8669DFFDB8EF9B251CCEA7DD1D9C4F11A2D6646580D792A7C,827,1170,RGB
673,page-0673.png,199264,04554D1A5C2F29D7BC0038C589A79C3B269B634D96D5425AEB288A14CC26B14B,827,1170,RGB
674,page-0674.png,244442,452AE428807E329B345E314E9210E3C57939CBFAD107C98E784EDB97275B517F,827,1170,RGB
675,page-0675.png,264937,F29DDED61696F6988A8EDED83AA21D266D931EAB6AD89A5F1E07630CD2A12845,827,1170,RGB
676,page-0676.png,214343,C27BED77B3BCC6F7D4CCEA9DD8A800B0142F3440C8F89D1D026FE6D1FC53981B,827,1170,RGB
677,page-0677.png,224134,2D84890647B52E2CE232CE37F323F5351E144B9134A3CE83182658EA1C8FDA47,827,1170,RGB
678,page-0678.png,268899,E6F48C5510B56DC5D93334DD2588E376C6EDD358D0B6A5EE1AAF219AD56A5F62,827,1170,RGB
679,page-0679.png,282224,AB5ED74009B5B3FAC884355B98651D91DECA7C8B69B36AF3A4EFA679ED7D5406,827,1170,RGB
680,page-0680.png,255111,E70774E9F56F5A4593BF146CEDF4BA11AF0CB6798E3DA5665A299B0C02C340DC,827,1170,RGB
681,page-0681.png,195280,17035A99816C8F31EB2435CF63AFE4CAEC8C6CE5A92357A5FD01E22A35F52524,827,1170,RGB
682,page-0682.png,259733,FEAFF3BE348654EBDEC411144D601748DD41C4677AE0A16943F4FB5B21E87AC6,827,1170,RGB
683,page-0683.png,317111,B8C04B0EA32B2659774091424D0FF44C67116713B10C71E0595C4D799A53E1CB,827,1170,RGB
684,page-0684.png,271931,89BDF0D7410E5145332F4A3C84C1F652D27F0D34EFFF089D42CCFFB4736DF739,827,1170,RGB
685,page-0685.png,312286,5112F68F3EE0D84CE2376E5E1BD892514A73F497E25A20E93E42A76EB904FAE2,827,1170,RGB
686,page-0686.png,268234,37A06BD9E31B50232CC28F473628A5B231FAEB95208313A45C07E0B0630C4BBD,827,1170,RGB
687,page-0687.png,228042,392F552CC216FA55F7CD51A50C6D8DE0E307B7A02BCD93353CE327CE1C75BAB6,827,1170,RGB
688,page-0688.png,261864,2C7E0C2AFEA2DA7A3A106F2DE037A8208D9B7DA4356D5F962A2D4096C431738C,827,1170,RGB
689,page-0689.png,362246,386B00437918BD1F794D10EA522125684F7294C2D054D19A967C53E2497B5F59,827,1170,RGB
690,page-0690.png,266138,270A40163E9E693B1230073DF5A6E3E3F9810FA09243D13E69DD29069B5C4DE9,827,1170,RGB
691,page-0691.png,271206,C817F193E03B34D986246CEF3198AFF8B70B347A18FBB00A4E55BABACBF9EF52,827,1170,RGB
692,page-0692.png,254644,E84451C45D2F8E64B35A3ECF34BA28F3336F53CBB3B0B9A9B7DB163A254F6205,827,1170,RGB
693,page-0693.png,190414,DA368B591DBC12D2F1A887279466B650D64C78CE91DB9A8122029690DA5BFA7A,827,1170,RGB
694,page-0694.png,302175,0AD01FFA12D48BB3ACDE422134E78E25B122FB73CF54D0AB74B180478466EB6A,827,1170,RGB
695,page-0695.png,280293,6C280CF61E6D6E02B7785886126801526F37497802BAFB2A6012EFAB06B42D27,827,1170,RGB
696,page-0696.png,308629,D695EC20A64D1A48616D72531D0FC5C8C954FEF86AD64945CDBC47343CACC951,827,1170,RGB
697,page-0697.png,275921,5E7F879BE584BE0CEC1513144F5E1DB41CE55097F6DE2DD165229486A06505F9,827,1170,RGB
698,page-0698.png,236077,CEBB7AC582CB19336169EE54C007604E3F0F103099B138BCABA9656BC5069BC5,827,1170,RGB
699,page-0699.png,294326,A6023FA8BC0FE5694CEFC248AAD226B502103B5491110FF79857D2EECF61E1B8,827,1170,RGB
700,page-0700.png,229951,465096A53AD00B828AFCD75BFB86AEA493203D8012665DF51E03DD9A4FD1801B,827,1170,RGB
701,page-0701.png,266127,26C171C79DAD43A77C88721D103932F122BB17A134E70618B951D762D0A57BEE,827,1170,RGB
702,page-0702.png,248430,963802CD64483BF3A9A441EFAF1986CFE31A8521494DB94DAC99B57F0EE1993C,827,1170,RGB
703,page-0703.png,229509,2D52A1082E052ADA5CF492681DAC2933178FF3340AA2152206FA49FFB26AF045,827,1170,RGB
704,page-0704.png,254481,FAA6E0F2AEC0C9E2BFFB973C2B12989E716C569854EA5429F659F0777D0DB58D,827,1170,RGB
705,page-0705.png,343577,F6A1537919F3525C6091A056460CADE7D967429938F76FD9F5E17DE6249E87D8,827,1170,RGB
706,page-0706.png,297134,2CD6DE2F0F1787BDA245A9CEDABE65F0649ED429F68559AC1BCD87B9404A1171,827,1170,RGB
707,page-0707.png,381181,D4727794836DDC6CB2E527DD338970BE55A18855CA0C8ED47610FB6A6E10AB62,827,1170,RGB
708,page-0708.png,321258,66652D44E60FEF21E65F89764A5402EE8723CFD812101805FFD936A6CEF9C244,827,1170,RGB
709,page-0709.png,269571,BD072DA334A1A62ECC69C1887F4B801FFA0DFE62192B58357BE5B67F3F69769E,827,1170,RGB
710,page-0710.png,306823,486CDABDAFF84B2B61F3E934FA02B00E5F85F11C34BB3A270BE2900B50A6555E,827,1170,RGB
711,page-0711.png,226007,78F6AA710FCA3220E6B68261463930EA1A55BE3552A4A072B847DD7FBA0A43AD,827,1170,RGB
712,page-0712.png,318955,690E2D7D8BEB7AF5521DF0F1F776D05CF0CD9AC3C53592C2E9227CFB7140B1AF,827,1170,RGB
713,page-0713.png,332856,5CC304CFD27C9408AC4FD0018904F7B719058E0A27D421E1BF2413672FA7A3BF,827,1170,RGB
714,page-0714.png,261456,158DE4CAED7038FD89DA5F6959025A1A4C2C095E5E9C6EDD59A60FF9C125B9A4,827,1170,RGB
715,page-0715.png,228729,9BF6D08E3F5900870FB19CC38FA6E8DB4EDA996D1F9D4EC05F515CB19790C1BF,827,1170,RGB
716,page-0716.png,273730,8320DFA87542DBCE156B83E82A7932348DC97977B02954A030FEC8BD16027311,827,1170,RGB
717,page-0717.png,299199,344F199EAE5C9504643C3E4260A1E4B8352801537033107EB91278CE3736CFB1,827,1170,RGB
718,page-0718.png,326842,F25E8CD0FB68F87C7884077DFCC014D200672B0874801A64B6C00AB073CFA91D,827,1170,RGB
719,page-0719.png,280409,529088311BC6E0676E0AFC4EA0323A4332A277CCB4A1902848657FCFD28E2124,827,1170,RGB
720,page-0720.png,219777,9BC38E7F29CA9BBFA7DB42475F33643719D5C7F2A329A541516EC987E4FCAA8D,827,1170,RGB
721,page-0721.png,261168,4F93FAA53DCE49826E8C4193713E5837B98EDD45FAAA3D9F04591A2B250D3800,827,1170,RGB
722,page-0722.png,291956,D971124A1925F245D863ED90B86DC0F46AF037CC4B2F55D68FD4B07D4C54B222,827,1170,RGB
723,page-0723.png,338579,28AEBBE48FF9519C608491F4D2359891496D0D2043674CBCBD548BF3DB914774,827,1170,RGB
724,page-0724.png,310367,32EC3F9947CD9BC9B5B0B1DD5308854427A3B9980BB41BC9078C5690E3D783CF,827,1170,RGB
725,page-0725.png,350257,1B9CC382AE559434D5571A597511AE72889A17F1AA2577265FB90540F694E08D,827,1170,RGB
726,page-0726.png,282500,EDE3D36F8DDBC85CA3FCE335007FF533AE328777F898171E6CFF01ED26FD9DB5,827,1170,RGB
727,page-0727.png,271513,92EBE293190D1E91A3872A5D21480F4E6873375B92177C8C8066C2038BCC325C,827,1170,RGB
728,page-0728.png,272592,B921F458B3CF9B1A12415BF93F87A050596E6F3F80DD8FA126A5DCC3EACE0E68,827,1170,RGB
729,page-0729.png,227674,66E4879CC38F1CF1D50DB93854625CD412CC6CD6BD5B6A6363361F93D4208997,827,1170,RGB
730,page-0730.png,209120,B4193A18FAB8E5B0E749FA05024FE1EAB26FBD205BDEE4B2567D7504B25DA817,827,1170,RGB
731,page-0731.png,297650,179E239B2A4533A6BBA18D5B04005817FDD142807AF74F8A212C6A545551CCE9,827,1170,RGB
732,page-0732.png,233730,13A8C84E8CA26EA6505C5E81A3ACEEA885272D0F31F52CC10EDA078560BC301B,827,1170,RGB
733,page-0733.png,267143,20AE0638615A7E86E4D0697B9BA4D71B6B07DC48CDE15500B89232A70809F1EA,827,1170,RGB
734,page-0734.png,255559,2023FE60487C0F392AFFBCA3A21628AF7293B144F3CD8626665802BD1F8400A1,827,1170,RGB
735,page-0735.png,244672,B9EA082C12187DDF43E50C13AF2E40756CABC14035BED085533055631211D7B1,827,1170,RGB
736,page-0736.png,228726,138B5359BFB63FA420836A998E62CDC38846A7109ADE4B9E7E9B9AE0005096A4,827,1170,RGB
737,page-0737.png,262975,ED7B42C250D1A78B5B68B2D1E183AD1D6194316F18B3952B0D0880BAFA166CB6,827,1170,RGB
738,page-0738.png,216681,EC8ED3780B1F8E125A4B5B867B84230FEFBD097656E5F3D563CC6DD6468AF892,827,1170,RGB
739,page-0739.png,249168,FC86DCE3CA8A6DEA1194CAF7B099C99DA65AA5526FA9691C3A6EEBC65CFE1EA5,827,1170,RGB
740,page-0740.png,266950,22463AD89C2276E8C717EAA8028682C0139971639441D88023FDCDE8C69FEEC6,827,1170,RGB
741,page-0741.png,247942,49D910B22CDE4848A3842278C81AC563C01B7F5F3CC12068D488A4D10F9F54EE,827,1170,RGB
742,page-0742.png,235009,3CC8ADB98D4432CEBBD927F0B7D6B7CA4AA7BE229D5C9834340FA557C52AA386,827,1170,RGB
743,page-0743.png,257046,1AEEE871A1BC87AC2E15F262B2F0C1F531CD9295A7FB241BA2DA0B9477B05A03,827,1170,RGB
744,page-0744.png,314081,FAB3FA9F1D1ADC4B42EC76FEDCC71A92EDCC4E22CB0C7A60303FD2C52FC122D6,827,1170,RGB
745,page-0745.png,277290,B7FD77EC1541A4F257040FCAEC6BCF93CE968B7E1D3DCCB72A837BA03EA8C3BB,827,1170,RGB
746,page-0746.png,287932,B6CF95940DFCEB9453025118143EFC1BECB0FCE23D29C08FCB6EB45167BAA252,827,1170,RGB
747,page-0747.png,329522,246D2A31EFCFCC2EB5EDF5C66180AD7B8B5E43E5C165FB3FFF560440BBD37F9B,827,1170,RGB
748,page-0748.png,333637,BAD1B8567A40097DBF4DB731EC84F054724DD3C462FB89C77DF696D0084975DD,827,1170,RGB
749,page-0749.png,312548,D3F8E0C19DFFC032B12C64FD5B01D8B36CD54FCA696E7611DC74B41B6BE45E3A,827,1170,RGB
750,page-0750.png,283871,642A45BBD09551EFEA1E189F014F750C4A02FDE9E9F60E490A1250851BEC63C2,827,1170,RGB
751,page-0751.png,305650,F87100EA41EDE32770DC774460A96E79974A6512C4D87ABDC6D73F5DF824E45C,827,1170,RGB
752,page-0752.png,295091,4BEB6F0421C76D1991E2F49232D28B0857B7B454DBBB44C4A1B6BC7D8DFF4082,827,1170,RGB
753,page-0753.png,317973,41671E95B002821F972A55898C173FA37182C3A83F1E5C4281B47FBC79999F5E,827,1170,RGB
754,page-0754.png,309113,4CEF0BD4CEB1713A48849F10363D8BBAEA2E6A2B780E4AA3A8D8F680AF4B91F6,827,1170,RGB
755,page-0755.png,242625,E0398C3BC5B7D8EF0E595F47B74F0214C0BCA3677005C58CC0384121F1E81944,827,1170,RGB
756,page-0756.png,257593,61892DB43272842DD0736C4FA8F7E0A895367718689B824163B2DBE82DB76F10,827,1170,RGB
757,page-0757.png,258305,ADB4C5E89A9FC06D5261F1DA02420DB2E570008126F55D628798B321E4AB318F,827,1170,RGB
758,page-0758.png,306981,9A7DFEBE018D686A7AF340874C0EA7D09830C535E4372C024D0DF8D9D4090CA5,827,1170,RGB
759,page-0759.png,285651,23D19EFC0BDBC29D8ED143500F97BC494CF08EC08BEDA4420868CA1FAB392FF3,827,1170,RGB
760,page-0760.png,199388,5F24937D7FE5E9B2CB3AAA892DD4EB7EF468E553DC3ADFCD7B6E7A9799B45B16,827,1170,RGB
761,page-0761.png,188639,548EC02E5239389AA6CC0AE6029A8D6E17F5E1AEFAFCB2F819D3909A96F4259F,827,1170,RGB
762,page-0762.png,226814,8A52432CE1883477D37DECA9112215ECAC5F597126904D725C5C5341168A7C01,827,1170,RGB
763,page-0763.png,238074,086B91ED0F706220EF597EE3372A8D239E2C19F558C6FB08D78E951984F7ED88,827,1170,RGB
764,page-0764.png,232069,DF516DE91832EC74B85673C068211A844DE86B67F9F8A0E83A8D223650A88CAE,827,1170,RGB
765,page-0765.png,247782,1D7EFA465D64196C70D42FABC2E09F2E80D129CA5B8D7478422F32194B1CF559,827,1170,RGB
766,page-0766.png,153099,32E4B996DB57D09F7B9C2D7B7CA7D7C6E98527F3491703E9D13F645D8FCF575A,827,1170,RGB
767,page-0767.png,239991,E2C8DC0080DECB4460FD98CC086942C8D873610F268C72C0CF1AC47ABC92121D,827,1170,RGB
768,page-0768.png,264347,6D095EC7F084C614F91FFC2EE6217D667915F0F6EF45EC10EDC8B4C404BE52C8,827,1170,RGB
769,page-0769.png,276253,58603F831937940486015459B2FA56107859DC5D359CFC32CED3C84553263E52,827,1170,RGB
770,page-0770.png,332646,2E01A62CC453B7162525D5260C4CE480A63D8B34028DD3D119D77D0FCEEB2348,827,1170,RGB
771,page-0771.png,293626,E39C2BC4D5CBC2B0B5509666A641C0316F48414A36AD4B9ED4A756123C1631F6,827,1170,RGB
772,page-0772.png,284903,28DDD8D960B86460E2BDB2F97FD09E5CB5C4F75FB4C946AE57F9861F2E856BEB,827,1170,RGB
773,page-0773.png,302039,7E72F7EEB0D4A4C18859D6A6D7A75AD4C4DB98A63D8DDBB53FF77B2DAE573B28,827,1170,RGB
774,page-0774.png,345144,61B9BA969D3FBE0269135DA0D7A71B6EB3FB44A3CF3D99E29382B1AB793977C9,827,1170,RGB
775,page-0775.png,309505,4C2846D0D26755F5C0380DBEFD8D94542071B49E3679815561B0C1634468E518,827,1170,RGB
776,page-0776.png,282670,0A4AFCED2A15470C8E94707BF7AE2599383300197C6185118631DE6572D9A299,827,1170,RGB
777,page-0777.png,303383,F2EFD4F4842D6AB06823281F9FD08B505007A2A5FF4F2401881568909D4EC507,827,1170,RGB
778,page-0778.png,312583,E7BB2402214F2851041BF7542DDDEA0DBCED5106C1D2903DCDF9BE171C8DE8AC,827,1170,RGB
779,page-0779.png,288965,9099C48B72E4F6C434BC007431E82B278866CCE1C3A8222501DBB7F2ED71567E,827,1170,RGB
780,page-0780.png,263626,654DC00470AAFEE6C340F197B658DB93D7FF8C53166DD472B2CE0CBB26807C37,827,1170,RGB
781,page-0781.png,305069,ABF36FE65CB7BC7BDA15B530886CC0435EA05BBB1C3D12A8A30D2897CC2569A6,827,1170,RGB
782,page-0782.png,235671,2E540B1E3B1104144C004812D4EA95D8C324F5534AF17BA839339C745FACEA15,827,1170,RGB
783,page-0783.png,284095,C09DB3679733AA00434D4BA7E27721906E35D566E507958DE1EBD6B06BC42017,827,1170,RGB
784,page-0784.png,328974,4201CF9857D82B5AEBFD7C4557418BBAF581DF9E9B17FC3EE5418E711315A608,827,1170,RGB
785,page-0785.png,274460,D1E7F0886A200DD129ECF52235DCA94CA11DB54E69875ABE058BCF60198D0B2E,827,1170,RGB
786,page-0786.png,225339,851102E12BA5D72D010BFB2B05891723014A269D81F576BB329507ADC7065C28,827,1170,RGB
787,page-0787.png,298906,AF29F71BDFEE91A8C14A81264AA62542BDE242AD9581FBD2FC7CE408AA9D2C78,827,1170,RGB
788,page-0788.png,284091,8D4E9DB8C99D5B97C31D9081A0AA079C493B6A555AB0DB6B080DDCE11C2D0DCA,827,1170,RGB
789,page-0789.png,265028,1A026E6F65C1522A41A8BDFDDDBF1425C9316512F130D39E689E95283AF92163,827,1170,RGB
790,page-0790.png,324421,3FF876B235DD1F98B7CFD18CF96C183E7CF027BB488DA1ADA70DC27DFC7AADDF,827,1170,RGB
791,page-0791.png,315187,AAC9BE2FC407CBB81A1F473DE21ADDE397E3E875B2C1B1006600260D11194E19,827,1170,RGB
792,page-0792.png,298008,4C48FC693E07176F0E740461CE6EB6D3F9D65F0B613FE3943FDA5C4AC2F8CBCD,827,1170,RGB
793,page-0793.png,323138,A84971B7769F28DC81276A2279EEA7D2BE30F17C41615F8614674B00EE66E4B0,827,1170,RGB
794,page-0794.png,299078,36F826895865FD4E425D6B61A82F48EF64F39153FE8D6EA30EC101D179F2AA07,827,1170,RGB
795,page-0795.png,317748,5DBE8DF80AE5EC9C7EE4030C7A6286B544305ECF0E214AEAF6881C9CF57727CE,827,1170,RGB
796,page-0796.png,302595,368BE6682A8F0ED95BF669AB2CE16635544A85D38BBE2CE936F5397F5788B6DF,827,1170,RGB
797,page-0797.png,274756,7E7F43A85B422C2200E8B75EE788EBAE1F6EE4C87F0A3598F6DF75C98C9DE219,827,1170,RGB
798,page-0798.png,275033,FAB78F31DB61BF8AC80578F8A5F869C8B01782C62A54376280CA2D3CBAC641A4,827,1170,RGB
799,page-0799.png,261351,BF20A99C4677178E6548DAA86C2445B589B02A627883792669909E09F158A4AA,827,1170,RGB
800,page-0800.png,238891,A615887D2F7A000AFA8C4F209AA64802D110B086B243062D29A076BEA9D75BB2,827,1170,RGB
801,page-0801.png,264549,BBE3C217683476D9FD7DE4D3E1B8E35EEFE10B116242A71B55E7F43696370767,827,1170,RGB
802,page-0802.png,258145,C0B25A171B329BCD516F89304688D6B977DA442C8CBC36CCBB56CB2A9CA70CE3,827,1170,RGB
803,page-0803.png,229398,0924771640BE2101017E7E363F9466F44112E8262B81E1F37096014F34E53985,827,1170,RGB
804,page-0804.png,211568,25FB1C0A1BB542822AA3AB2B7C1A5ADE3EAA3BF7882C7441DE76F596190B45ED,827,1170,RGB
805,page-0805.png,323281,499DCB6091F424AA0B279B843DCB6D0990FD63C8555DDA29C9B607CB6F5AE66D,827,1170,RGB
806,page-0806.png,283294,215E599BE02835D717DE165D6E74555975D74094415BC52DDA00C819BFD0416C,827,1170,RGB
807,page-0807.png,231748,B4862892E85998848C6568FA64255C9DEDC668D6D75239C2AFCA8B4188BAB52D,827,1170,RGB
808,page-0808.png,226958,8E4F591975E2191E6269DE389BC8B59E19483EC001EACFC916F354F72202FBD0,827,1170,RGB
809,page-0809.png,277284,30894A3D0DE0DA001A7DD028316ACDFFF4DCD5EB0E90EDCB92350C4B42DE6052,827,1170,RGB
810,page-0810.png,259896,6EB49D6D7C6124D56BA0F161B80E615233991742B04A7CC356D0B7091BC5FD09,827,1170,RGB
811,page-0811.png,305770,D15C80EC5F8642E6EBDF89D4E815BB5175CC5974486FED0601339AE2A4E21BFF,827,1170,RGB
812,page-0812.png,296706,AE202850AFFB7B9E1E174662F48AA51E200EBF87451E0D0BC0871FC5CBEF625D,827,1170,RGB
813,page-0813.png,233758,2129572B6ED7558968AB15A152C669F78DB03C56A958720E8A89CAC521A7EF38,827,1170,RGB
814,page-0814.png,267085,AB62830FFF8D97796E2841274B9132380BA742F9C0483C667E5529F279F668DE,827,1170,RGB
815,page-0815.png,284335,82876A940B9C19EEC8CD8362B787EEE1EAE9FCF884521CB8AA33E458FC16F267,827,1170,RGB
816,page-0816.png,251389,DCB2A327635E2FA5DAC77A9803DE4B545FC0687D4C766C467A652DBFB3C57E67,827,1170,RGB
817,page-0817.png,326448,61E8B759A915A1CEA7EB8D9D1107EFACE80EF2B54F4AE158865D1DC037E4065D,827,1170,RGB
818,page-0818.png,297222,E005177666183AE3A1B57F99BFB1D00DAA5F25FCFBC8D7A3B6D0903B632B6D37,827,1170,RGB
819,page-0819.png,312364,FE62605C57214AA650D88339B5FC0EA7A3D02145628E8794B41143EE7AB30C5F,827,1170,RGB
820,page-0820.png,284202,195D7E6A47E46329842C35C2522F22050BB79E0FC3AA77CF1888F31D713887D6,827,1170,RGB
821,page-0821.png,287438,46FE6D5A24534DF345975DFAD16B9888C4F75CBFAA7F897BFC60918D58E43C47,827,1170,RGB
822,page-0822.png,248527,3BD1B1EE4AC27D81E7039C65BF873F3DA657BF1799B8D78937A6B3D86277088B,827,1170,RGB
823,page-0823.png,281288,7B97BDABAF1CB6D26909B5CF45F55735F50EB13332D29CBF72A2E8D99E1BB174,827,1170,RGB
824,page-0824.png,276816,979570B2B98F86E0A8428BBC3AC04BDFB62ABB363CA49C8E28209F5731CA9534,827,1170,RGB
825,page-0825.png,256137,D24EC74E338B19294EC4645D4AE9FFA091098C05F77E44CE229688F51B7C9515,827,1170,RGB
826,page-0826.png,300715,902542E2E2BB647366ED6F74D54A8A8D291CC87BF695EA434CEA2921F674AC4C,827,1170,RGB
827,page-0827.png,233136,84846D64D11384F38A73F2AEDDF41D4F83DEBF3B64340584AEB78093CE7D22A0,827,1170,RGB
828,page-0828.png,248660,917C2E7094C3B8B67BB11A205547798B74524012B7E2C0A1DC367C53AA812016,827,1170,RGB
829,page-0829.png,284910,E5E3529CD928489F343E876CF5AB88700E4C981E7EA76836231B6265BD6D8BE2,827,1170,RGB
830,page-0830.png,292169,0A7861CE93F553579EF8D7E2AE96421E27287766F454FE99CA5BDFA5A14D443F,827,1170,RGB
831,page-0831.png,275006,C13293A9B81512C7FD0EE1C14ED52DB4EE299B7A2841F72602A4B6F18F4792CF,827,1170,RGB
832,page-0832.png,256703,7DD8E5D9741CF1747D8A8BEF25677C9B90B6A3EB9A502655A4A3DF6B8C71985F,827,1170,RGB
833,page-0833.png,197125,C566DAD07FBA13B7E2D5FCED770795CE0D2772A8E0FCB28C7D216160F4901C18,827,1170,RGB
834,page-0834.png,247298,3E120330BB28BA0BC0B0B76A8476A8D9D8611775A14297FAAB06CEECE7573984,827,1170,RGB
835,page-0835.png,304322,11E99437B180E9B4A8EF63E70628D1B9F435A26816C093E2059CE5D71C89EF69,827,1170,RGB
836,page-0836.png,346790,23A4944B16644AFC9BB95AA05474EB492CC480D6676FDEB66A259BA27B65DDFC,827,1170,RGB
837,page-0837.png,264097,C7252DC99616B9B070ECF73938411C25AB1A99456F16F774006D582A38966228,827,1170,RGB
838,page-0838.png,266094,DE69D5959C3FE8FEADBF351495CF595F77F03F79372193951607A0F299C0FDC3,827,1170,RGB
839,page-0839.png,210756,AE53738AF65894F007AA6B4911EF970A1568BA434C4ADCFDBAE96667A6A873FF,827,1170,RGB
840,page-0840.png,299587,40F9B72BC981AF7DECC9977BFC595D16C8C5BF19BB817849789B8A3A582E4885,827,1170,RGB
841,page-0841.png,233161,2EA22D81A922A90F0A449213B67689CAA17593B4AD99B4AD3DDB239F070710B6,827,1170,RGB
842,page-0842.png,269490,18FA4E1579F963288B976261F464F4389BCA8476DE3E2D19744C5A565B37B1A6,827,1170,RGB
843,page-0843.png,313011,E74A481D8D42D1A563DB1FF4CB4C17C1F2B542DC4F16A96E7AD88514E636E55C,827,1170,RGB
844,page-0844.png,255939,4FA1CD48E2A48B9976DA6112316A131945D0C6DF0276D584DF9AC25D3BA48D02,827,1170,RGB
845,page-0845.png,297532,AD9C544EFF8DA6865B02F964685B07B826C746BBABBA9D511747768EB9E1CE8B,827,1170,RGB
846,page-0846.png,273165,34E1AF435AB82B182E9FF5DF63F32804493BAB9BD5ADD9189F4207AC93C4BACB,827,1170,RGB
847,page-0847.png,245172,5083804E47CC820DA6F63960412FB541051E4D102563CB39829E68397AB8304F,827,1170,RGB
848,page-0848.png,234324,67C9DFC21C04C44AA24E560615E6C51DAD113248852DBF8A98B89A432F7A190E,827,1170,RGB
849,page-0849.png,253353,341BB463F3F75179097F299033CA44875C0A38819DF3AE8C613BEBEED6364E92,827,1170,RGB
850,page-0850.png,308284,44E4F709498CA93B28B33ECC3D1F1309264DD4E3134578C62195D0C9A8AA468E,827,1170,RGB
851,page-0851.png,236791,C873F29FAE882364296F3ABEDD5D33DDB795A7B7D4B63F5D7CB7F70B70325644,827,1170,RGB
852,page-0852.png,206517,8346086817BE3ECE0932836DFDBFC86E82C2854AAC21123CBCA8E61E322558FF,827,1170,RGB
853,page-0853.png,186942,910949D4E19321D118059F10267BA29AC166CA2BC109E84EC89AECB7D31D8D2C,827,1170,RGB
854,page-0854.png,219345,7BE1E4B27B16BFCE79DBD30EFBB181368177BCDAEE2E911E4E4E00A42A6FC8CD,827,1170,RGB
855,page-0855.png,226036,7A0AE8E390346C0DB9F64794814243DD5A2E53C0008B56BA8A668B75C2D6197D,827,1170,RGB
856,page-0856.png,256496,E84486A7FB41130D49C3BE232E11A4DAF8ED7A1835FFF39C10E5DB73A4E9E1EC,827,1170,RGB
857,page-0857.png,248488,8EAD2504E0F8933E0777F5DB2BC73C37284867D28CF212DB8D166C85A3019528,827,1170,RGB
858,page-0858.png,254464,DFE6AFA3AB1D175FB28F23B0BF6477617B7EA4CECCE52B96AB6763AA8745898B,827,1170,RGB
859,page-0859.png,274641,93C521964C1884A94BCE4C595A93E3FBA78133FA81F149CD7EF78AC704CFC6D1,827,1170,RGB
860,page-0860.png,239913,CA111883926010083B114FD715A4AED3828BCC6C6D31A1211599B04F728B6CA8,827,1170,RGB
861,page-0861.png,268904,D2891D1CDA6C49CCB59367488D141AF6233F5D4AF8639CC1845B6CDFC12C2337,827,1170,RGB
862,page-0862.png,256562,A9659EEAB56D5CB6BDD4978E3D039B5DD377C613A0421EAED8CFD1B629975982,827,1170,RGB
863,page-0863.png,304214,085AAE27AC1226BB6C536943017399CD4DAF3412DFE6A889F970E0092426059E,827,1170,RGB
864,page-0864.png,329313,4D7A8AD09F55B7B1F7DBD1880DD7204CB7F01BA67892AB91B852E2399B9F8007,827,1170,RGB
865,page-0865.png,292685,0814A828D65ADF485D7B4659378C48E897F1A170F2A845B0799A05CA5E9DAF2A,827,1170,RGB
866,page-0866.png,335416,6FA8EC226B6FECB62AD21B7E7F2B3D8D953AD325A22643461B32F7ED04934A61,827,1170,RGB
867,page-0867.png,265531,44EED7B1D0FAB7C1490E969B569F462A58C50D27560C712A84519B7CF455BBB2,827,1170,RGB
868,page-0868.png,342922,92BB539DAB0A296654394D6274ACAF58181F23423F3A32880F5E7435119D6364,827,1170,RGB
869,page-0869.png,332998,90B2733EC10E4C0918CFCB891221F0F6A69F82041A155AB524BC5228DACADD6F,827,1170,RGB
870,page-0870.png,365060,1C58D99C1852712E0D43BCBC3DA4B6676054C7A5E497D208382C34666D0DD355,827,1170,RGB
871,page-0871.png,337438,CA6ABF70C0DDFEEACFAF8CA6B859F12F1B11812E6F34A54C0CFE7AE915D85131,827,1170,RGB
872,page-0872.png,419642,BF495A1DCEF9C330C15886CFC40969FFEFD423D9FFC370E80D2C98033EB42C0F,827,1170,RGB
873,page-0873.png,378871,68360740ECDAD50B365BE117AC28E09967028EE04BA06D037A3CEE71A451F69E,827,1170,RGB
874,page-0874.png,271604,7E565236032BC53158F48CA05D54D527565E1DE7235B735C2A649C8704FDEAE3,827,1170,RGB
875,page-0875.png,349038,2344066DCD91FC382B66EB016DDF739DE90A279DD39A918D7339C1D91F7D9DC9,827,1170,RGB
876,page-0876.png,350510,F1F489B3A7F3B93B5530B1161CE83DCC78F83BD77334B333E41B20E046D2D514,827,1170,RGB
877,page-0877.png,294363,B1C156BFDE910911FB025275E2D97AB604097AA1573D3D207696A00B54DEE84F,827,1170,RGB
878,page-0878.png,307917,57628B2A0AF4FD96F916562E20B8FFF8FA75268E92FA3C5760A52C76EF438AC9,827,1170,RGB
879,page-0879.png,308316,DED8FD1EDB835AC2DDD80F06BB66D26F05DC7B1EC894D342C694F99BD057031E,827,1170,RGB
880,page-0880.png,332737,C3353AE47122D0D3D07E1345068DAFBA2EDA04AB60426D0FA0AB1FCA6064FF2E,827,1170,RGB
881,page-0881.png,360190,867DEDAFC8E8F0F29E1BB9DAB040426973BADA3902E80FD383AD7EEFAE4DABB7,827,1170,RGB
882,page-0882.png,262215,BE8D4EBC63F8C471A0C5B2382A26EC5858DE849E33E105341C87CE67F0E55E00,827,1170,RGB
883,page-0883.png,300052,8D5B6BD72215B3C54A44D25C97BBD360C9CAC3A659A12B1BBD8DEB3D5F2CB0B6,827,1170,RGB
884,page-0884.png,253056,2AD9AA50D5C33C1A51F5CEE92D7C10D8D71886095A2D351657F80F8053B99C94,827,1170,RGB
885,page-0885.png,261046,89A2A4EF4B3B25418E68DDBAD397DC6DBA7C747EFFA9BAFC3B5FEB6B985C7BD5,827,1170,RGB
886,page-0886.png,286390,09DEDFDCD2726BB563578F3AA11ACDE5F9275FAB245B93C465E644BDC0BA0CE8,827,1170,RGB
887,page-0887.png,247758,5BFCFEAC5E72F1E3356AB67A905F1E7E3054FE740D714071D6745E6F82169C3C,827,1170,RGB
888,page-0888.png,279788,8DDCB70C1BA23804FC0553C5C6CCF9E98222231E70CA930A5447D89F3F92B686,827,1170,RGB
889,page-0889.png,265562,B05C5F9BA1BBE8A64E49FECB9BA759A34ED4D4044081C25D857CFD92BAE6B286,827,1170,RGB
890,page-0890.png,325175,6415FC22A07BB314A2C91DA73BEA7B0C1715E4640D1721610EEE8C09B2C566FD,827,1170,RGB
891,page-0891.png,308207,CC49ABDEDF538FF27D7A465124D831DCEA060B8645697D6A751914B8284851DA,827,1170,RGB
892,page-0892.png,314063,AB69E21E79853BF553DDEB5C1B6D63317DC2BC035F4312FE0AF9F00207FED5A6,827,1170,RGB
893,page-0893.png,286889,E382AB9FDBAAD273BE5595FC4CC65CA359A08E01A87028450FC10CE6DDF0B4AB,827,1170,RGB
894,page-0894.png,291731,58DF10CEDCBCD010685568B8D705F72714B928957C3762061B9DEE1BB4FE4D21,827,1170,RGB
895,page-0895.png,331756,3E60EC11C2DD2407E65AE08B96E76D982B790424AD8A349C9E83AEC41F4902E7,827,1170,RGB
896,page-0896.png,302982,EB3C2D234D117645119297D58FAD7C1DB3D3377B1354D94E79C047C563379166,827,1170,RGB
897,page-0897.png,284124,B72A2798CA73F9C3893BE9F699C20F7563F639C57FD22DC75DA3EB95FBC21FF4,827,1170,RGB
898,page-0898.png,227744,9CAD31CC6A79B5E29D2F831EBE88C9C70920683B541E3AD41CE1346FCA561A03,827,1170,RGB
899,page-0899.png,317549,50B5E42251030176089D27C667959C953DF67597423205146161BB4969CB2293,827,1170,RGB
900,page-0900.png,280947,49C0759E0F99FEA4D9204896A4AD1DD20736D6C53A6746964C451F76D9D09846,827,1170,RGB
901,page-0901.png,260474,70461F6E0AC8997EF09CC5712CF529333ADBDAA58424D4509AC653D5E4154034,827,1170,RGB
902,page-0902.png,299491,A6CABC0FC1A44E7409F47BD9861DD7796E82BE6DC1493F9644C6991C9FDC7C6D,827,1170,RGB
903,page-0903.png,343043,FF80755350405065533E21041E45D4F2A69D3FA91F2024862B183FA1F482731E,827,1170,RGB
904,page-0904.png,374502,8C95C4F51A9BBE523166979ACF80870A48BB905C51D9DFFD522674A6A91A5650,827,1170,RGB
905,page-0905.png,244781,96CC2886D84B79CA25E0D629F3FD1096ED27C5D975F0367C8124C789C1C224AB,827,1170,RGB
906,page-0906.png,287276,80B9A67449B3BE1D67FEE55FFEEE9C49697F9A53D7E2FE3640830BB138CC8408,827,1170,RGB
907,page-0907.png,338907,58D77B8E92763D58BE4ECE5FCAABF17CED65A3B10BF55EC09589C57ABA9980CE,827,1170,RGB
908,page-0908.png,260453,882A4821E43D4A4701E2D3E69AA7740E8971447A656F369504BA50F4DEF61600,827,1170,RGB
909,page-0909.png,311224,7483817A1FD593A5215E739D1B2370CD02BD5B5D7C4D17EE893C54CA364FC9A9,827,1170,RGB
910,page-0910.png,196032,49542C2B7B945DE93A7F739DF286F62B417D610D59850B502948308D0A32FB0F,827,1170,RGB
911,page-0911.png,253821,34E280472760E9A1818A3D8A470D9EF0B073300DECB869255CEB9C4A57618701,827,1170,RGB
912,page-0912.png,226180,B92C5F1B454E23A1A35A723F7A15C683224EDA0CA0C7BE39C7E39FC624D98BB5,827,1170,RGB
913,page-0913.png,277264,2AE5CDD10B88B29FB1CA42145504D76E3CE163904E42306FF41FDF2EF9FE32A8,827,1170,RGB
914,page-0914.png,324272,770BF6ED2861B73402EB0CDD219D060AE5B5C7F8077E396439A6A0536A4712C1,827,1170,RGB
915,page-0915.png,221074,3E2DFCBD05935C6F9408E113C55D0BE78345C0C319B1FE49D0230C5289665E53,827,1170,RGB
916,page-0916.png,259605,3DF19F28D1495C9EC8B5CC44E345B633E851CCA352984318D4264926399135CE,827,1170,RGB
917,page-0917.png,170498,47B9EAF0A789C79D07E19A306027AF5F55031F7EA95DC348C36995B1833D033B,827,1170,RGB
918,page-0918.png,220621,2139ADE575C9EB6404DAC8E1D9A875C14F216BBC327D209BA4D11E133FCF5705,827,1170,RGB
919,page-0919.png,320957,17409F4C134F4E94C1B7EEDFA8B62F9E8B16396786F70421D85A4E503CDC6466,827,1170,RGB
920,page-0920.png,309209,567011E4C761D96CE066ECA95E8FFBC11FBC7BB9B7CC7D6E8F928768B0EE81DF,827,1170,RGB
921,page-0921.png,326010,218918494EBEF5C65BC0833CD1F28EDDA859B094035FBEC054142FD96DF40C0F,827,1170,RGB
922,page-0922.png,288248,8BCA118C481413762763353289805D6E5B80B45A5270A68A902CD17CDA5A89D9,827,1170,RGB
923,page-0923.png,280095,FC5AFADDA2527ED07D6F7E06F855AE199842017DCB84B85CEA3D548A2B64FE03,827,1170,RGB
924,page-0924.png,258549,638578AC0DEBD679E90543B71EA93391937685F7F2E5314ADFAD603B2F406372,827,1170,RGB
925,page-0925.png,301116,4ECF539611240505C74740E9086A5FC1BF3FC0DF962E1D486388DAB5324E8F26,827,1170,RGB
926,page-0926.png,273885,93B3FFA919DE2A6D55A98109EBCE6492D8F9A1BEABE3EBECDBF85A328E30B290,827,1170,RGB
927,page-0927.png,309413,7071696AD254C6D277B3C7374C7C1E8187AA9D60F26582A6C762D55B549EDA73,827,1170,RGB
928,page-0928.png,282589,75CBBAAEF9C912972B6B391AA80F167BC0AF48DB68A3F3282B1EB1F27712F18F,827,1170,RGB
929,page-0929.png,283804,7EAA1E93BA27C1DF59A3C7110363776A353542168723597EAED2855F711C58B0,827,1170,RGB
930,page-0930.png,281527,3D4635805836D536CF89AF94F6E84D60AA564943FB4679F2BF6E7807B7B5DCEB,827,1170,RGB
931,page-0931.png,295463,8B95C341023FB1A5BB4267299296AF90E7B09669E9C7C2FE4BA916AABA8831F8,827,1170,RGB
932,page-0932.png,295609,7561130373A95ADCA6AB6A5E874905F987C5326E3AE97407CA6DAF6227448B1A,827,1170,RGB
933,page-0933.png,183311,9D1B31E8EB377068910D2EDA1D74A3E2C357BB49EF9F74E19DEFE5342201DB6C,827,1170,RGB
934,page-0934.png,314081,CD1B623D3F92C1411E6152A4F85A00440787521D406C4E4F362CBC76119323A8,827,1170,RGB
935,page-0935.png,284464,EF158514CB9FDC49E0A750B3C7B6CE8BCD93CC3AB2007B4C775F48761C70BCFB,827,1170,RGB
936,page-0936.png,299808,A197A18581B31C0AC57E08E4F697A2FB3A8ACF0A1CAB07FA4075D36FB7F36224,827,1170,RGB
937,page-0937.png,309493,54EAF60FEDDE2919BAC54D55E6557CCBDC23398867119724E32CD1EBF44725AC,827,1170,RGB
938,page-0938.png,267791,99E04D9C72D9F8A97697A85B483DA46803B7C447DF79247F2FCD41A4912D4983,827,1170,RGB
939,page-0939.png,263483,F6DFA1BFC19DC81284E685BAE1DCA42439842520A942D7FBB284BBDD37DF2F6C,827,1170,RGB
940,page-0940.png,264329,CF43E3A13A3898250067FD15457724D9497AD403D9DEE34DF29C1E2E0D261D2D,827,1170,RGB
941,page-0941.png,316790,14E0569D8BD8798D9BC016BFEF3F0865226AA249EFA3BDCB30C62D763117B02C,827,1170,RGB
942,page-0942.png,269049,587EB229CE44F5E7F1D40F0FD1CDA24674E0B8C19B187CDA5E8F7AB6A299109F,827,1170,RGB
943,page-0943.png,274901,FA91400B9E88251BD8BB85E64BBD32B9C6718BB95950A1EC97BCCEDE155C03FC,827,1170,RGB
944,page-0944.png,233769,65A58461BDF2FFDEB40C9A2EB25139C2DA7AF502BA62339DEB299B34DB6E9B70,827,1170,RGB
945,page-0945.png,213609,74DC6F44B32CBC40BB4C6E72710BE7931AC71F251CDC03D108DD08062DD65024,827,1170,RGB
946,page-0946.png,253166,3A8900258157A899DE18E5EF0B305A8DD0B5E51305F21180418A06AC51DAB4AD,827,1170,RGB
947,page-0947.png,225486,9694FC4B715FF73EA0DC3DCAA59DEDF0EDFA83DCFBADFE6B59700FE353C3E792,827,1170,RGB
948,page-0948.png,262344,E52D91A622541B68C437C0F0FF51368D3FE0D0523AF804A714D955109993949E,827,1170,RGB
949,page-0949.png,300313,63E9C5B52B12BEAE28A278BCC7DA47F328162B64C8938B364D76B59B87B5F312,827,1170,RGB
950,page-0950.png,290355,34C1834A18D04E033C4066517C1C366D148303CA03526183170ADCBD6E282295,827,1170,RGB
951,page-0951.png,238272,CC053616EEB89328435377E366A35C24EB7363D147981CC25381DB41CAC061BE,827,1170,RGB
952,page-0952.png,261773,8D0F4882FC63C5005721CB187EC19357A53D3E28FA5FB2F0688E5BD9CC1E79C7,827,1170,RGB
953,page-0953.png,268671,DBAB7262C9B45329E88746424153E84981E63BCAC5A24190A74A90AFF64845AF,827,1170,RGB
954,page-0954.png,372249,0D761D6D26745B38D03CBD771F62D64115D97C84E4795DE20E347B17BA8DAA10,827,1170,RGB
955,page-0955.png,286798,A23D4E85568A9D7DEDEE2939785BD379D8DE1A4E9D55E36C1D7EC3FB87DF5891,827,1170,RGB
956,page-0956.png,223719,92F91A6370EC52E889980B1F52D558D3C60577A3432C97A8FF091CB24E851058,827,1170,RGB
957,page-0957.png,307109,98C283929F84924D74BD0C02472821732482B12B48745FCDFDA77EEFE0695351,827,1170,RGB
958,page-0958.png,279532,242610CF8E4FD6E19F8F759ED7C65BB007F10860E917BCD867D95A12E3E540E3,827,1170,RGB
959,page-0959.png,245620,A3E109E9E01FA685B0E904E63A4426A5A79240C8B879A733758B1F7B86627250,827,1170,RGB
960,page-0960.png,321180,D3903B6FC8E0B566CD073D8E67B2FD0ED1672207661AAC4E2EC8CA75CAAB50AB,827,1170,RGB
961,page-0961.png,272206,943EB8411427AC43441C2367382A22E38A2E2D6467E7BF295D5AA56C403D70C3,827,1170,RGB
962,page-0962.png,308621,47AEF5DFAF6CA4CCB2C82D1A4FFC094BAC48A97073B6234FF70E4AEC974940F3,827,1170,RGB
963,page-0963.png,272870,D48EE56C37BFEC302181B8C4030F8C8241F79697B78C453BC3B17B4E21322C92,827,1170,RGB
964,page-0964.png,270798,14A1290C59B04BEF637A417EEF2078B70B38570A3681D8B764327FA71E4E115F,827,1170,RGB
965,page-0965.png,280282,D4DEB0855E29732D669B8DAABC10BCF9EBC93A4F35F62969E6896C8631EFF9DB,827,1170,RGB
966,page-0966.png,232653,926199FA821822013680B8DB0DA45391A627EAD25796FDF7A93EEC1C2117CB6F,827,1170,RGB
967,page-0967.png,332093,EF9800A21C7D8AE89C9516B56EF703A86042EF5711E36CA3309075E6DACAAA56,827,1170,RGB
968,page-0968.png,269377,D148506B2293CD354689D8B60F0090693E30874C7D737F23F1A52427462A6C66,827,1170,RGB
969,page-0969.png,285087,A77C38B0196D337D0D89C92D3CE1AC0080785A54F6F7D881904A03C4313EE09B,827,1170,RGB
970,page-0970.png,254615,97CA96CFB60A7DC573BEDF7C7F2F2041589E7C224A9D68A86812FC704B9B4FB9,827,1170,RGB
971,page-0971.png,319266,CC0798F0812BFE75D7DC71A8808D009AE47408B2CBABD02E2AD03086EB3DAF2C,827,1170,RGB
972,page-0972.png,294345,B17E98518DB0715238D34D57999813584CBA0BA567965441AF8EFE5CD3D875C4,827,1170,RGB
973,page-0973.png,307406,B1A74B2689EF45DD73EEB859C790448171DB0785E63F7A22869409D0504EE777,827,1170,RGB
974,page-0974.png,257302,FD45BF3CBB9586D5E2FF7176EA7FE7666423D52D9676A1DF3C17BE039F52A3A9,827,1170,RGB
975,page-0975.png,317247,0D76BDA4391F6F36984462F7342F7EB3249FA0BB21F283C42CFE28AD41B20C07,827,1170,RGB
976,page-0976.png,203062,E43DD9C0D3AB63112A5677E1E23153A614CAF2280AD16B69B8E92AF0B6E96207,827,1170,RGB
977,page-0977.png,273079,8321D5BCFAF22A144DE775BB3D4E1E90616571B3FC6424389E9525B96180CC2F,827,1170,RGB
978,page-0978.png,208053,E0C7F35A4492B20805F55E6298BC424B5B540A19FF92C0D1B2B9FE543DE544B2,827,1170,RGB
979,page-0979.png,244095,B3585199904220980BFFADD0B2AC3E83D732EE066504DADA2F9EF20A60305CE8,827,1170,RGB
980,page-0980.png,239740,4AD1AC0E880339D5D8FB44D507F17FB0B2C266D1296089068830091EB75D97A7,827,1170,RGB
981,page-0981.png,269931,EB1A913FCAC24CC7C7F1699F6CD8B1D68E3A12486AA6C63727CABCC51EE439C7,827,1170,RGB
982,page-0982.png,240236,93C9F4A6D4734DDFE685806BF1BAFD71B81688FB9FD2833A129F1224C971F468,827,1170,RGB
983,page-0983.png,279255,7E4A881B2C56DC99E73A36867650A658D3D363836C85716063CAE54E4D54EBFA,827,1170,RGB
984,page-0984.png,217080,65A800920A8BCED9C34B90BF53FD3800777B471127726679D44DEC9D24971CED,827,1170,RGB
985,page-0985.png,279982,267E533B29CE310975C4A5DAE64D8AA6F7D8DE167A70FC0837D898FE1547FA90,827,1170,RGB
986,page-0986.png,214099,F6EF1F8870D4BF8D75E22551C950661253C3EECA8642F9538DB81E8A6FCD9543,827,1170,RGB
987,page-0987.png,261781,B036ACB1326882B6ABE5EC71D2929CDCEF08A0E24BEEBFEEEE46B456F0491514,827,1170,RGB
988,page-0988.png,299888,ABE021E942EECD7C9630247DF0DB759B9FD991E19825016465A8BCDAE8B5CDBD,827,1170,RGB
989,page-0989.png,285947,719153AB9BDD8C626596EF1C3EB964FE94C5D2F69DC6CBCD472183987039B300,827,1170,RGB
990,page-0990.png,287707,A8048AF1B53E14A4AB12E42AB53D6783BA4948C714AE6EA7F87B342966069BEE,827,1170,RGB
991,page-0991.png,284475,F0EDDEED7C47FEA09925322D762440C59F40AF40458DEDCA312A3E697E8F04F6,827,1170,RGB
992,page-0992.png,221226,C4ADE47AF2E3B9462B15DACEF89A7208787064CE7EBDE934B6A61C3B8C2864A3,827,1170,RGB
993,page-0993.png,248047,594B0C37F65736B45288F9893C0E2F35AEB572AE226CF9E41B427795E2EDC733,827,1170,RGB
994,page-0994.png,231685,7F24FFC5FA80164F30AD83A5581727CEFDFB507749BB0E83AFE401B51E7132AD,827,1170,RGB
995,page-0995.png,233222,3327E5000065D9EB0550FD8004CB2B666966451BE43CE386712C0F30844DE4F6,827,1170,RGB
996,page-0996.png,250857,D7739272218B172CCCB6B83D60116F82F592AD34C3D23AE03A0D8EBFD622D1EB,827,1170,RGB
997,page-0997.png,233511,C2691DE8D25ADA1EF14566AF9A289DAB3233395BCAA6AD5C001757ABDF4CD73A,827,1170,RGB
998,page-0998.png,179091,A34817B9C2CB04FB84E06BB32370993C3C67E54C4CDA93653D0369372CF0C714,827,1170,RGB
999,page-0999.png,245329,526EA88F76776304AEFBFFE3FCFE3CB02210BA7D62491E4A7516D0B5D71B4E14,827,1170,RGB
1000,page-1000.png,184726,5E85090C7A177FE68820C58E9BDA4CA65ED0EC9585CE58E5AE0F6A9BBCBCBCB5,827,1170,RGB
1001,page-1001.png,58749,0B7456E1164394F3D32199D99DDCD1461131B707A08724AC4F5530E9DFCC8110,827,1170,RGB
1002,page-1002.png,249489,A92F7F55B97CACDD77DA8062F1C366DCED110512BD84521D2A6170EF2C561C77,827,1170,RGB
1003,page-1003.png,327695,DF4134A39E1CCD4A61CB88045DCFA956F35D39A558F6048DEF70F464784F92D5,827,1170,RGB
1004,page-1004.png,207873,D12E99E060D90B571785EC6CB5FC69BFBB5E82B41B2F7A7BE123E6C89E65F2EC,827,1170,RGB
1005,page-1005.png,233342,5EB8B874ECE5CA09ACE97177BB585E53E0FDF2D5C027B32EB151B68ED7EE41F7,827,1170,RGB
1006,page-1006.png,192063,E4980B7B8AEED4BDC10EC8337B71787372746178F076EF42D4140455867F7288,827,1170,RGB
1007,page-1007.png,209317,457929D5885C98411639F7DE3931B23BEAFA07280F582F11CFBD7EF119BF5E89,827,1170,RGB
1008,page-1008.png,202512,371A644FBE97C03E8F682833E0414D090C19AFFD1F2031DB0A9285D96CF8CC9E,827,1170,RGB
1009,page-1009.png,246216,48952F49521B1970A1039265090EEED94176481E3BE43934C8029060C875B7DA,827,1170,RGB
1010,page-1010.png,235300,F80DD346C9EE66E8CC90D43C3EA9449B75939AD6EBBC590E634D8160497960AF,827,1170,RGB
1011,page-1011.png,322487,CAF5292E472897F26099685768EB92C4302BC0BC9CC01F99D7ACC3D4E8ED0F4A,827,1170,RGB
1012,page-1012.png,249977,D7139E29DA324653CCFB008F74368BC59B36E454D5BB5C9BF5FEA34A4AA35E29,827,1170,RGB
1013,page-1013.png,251274,7DEFB9413A0FEE75B4EFDDDA7C0A8771B769FC671711F60CF5D3F141D7E5AB23,827,1170,RGB
1014,page-1014.png,297929,ACF03C5506C0C444A455A26B04BE26F63AABB9DA3689A3D2944051165575B8C8,827,1170,RGB
1015,page-1015.png,276015,8FC12D183B44FF06BA8BBF09ECBF247E83A06E6C845CA0D03FA4462BDDE2AEDC,827,1170,RGB
1016,page-1016.png,287630,C4833DAF49787A54AE4397886A55F11027BF4AB6C3A7899D06A385833A456F5E,827,1170,RGB
1017,page-1017.png,248118,DEE41EBD7757E66A35CCEAC9237710A5462E24E1B51C5BEEEE3463B1F5F9FB96,827,1170,RGB
1018,page-1018.png,218650,CF1347A0E038D4EA2FF297978517E313C285A4F03D39072AC7C48B974201B08C,827,1170,RGB
1019,page-1019.png,227803,B65B45CEE3F8EEC6EC2F080738D974C20423AC9689D3A1BA0D5870E605E38AB8,827,1170,RGB
1020,page-1020.png,240893,3F9B239915491AB9BC5821EB3FD6FD5F6D007C6708DCE64B853E2216CDB22546,827,1170,RGB
1021,page-1021.png,207772,5FD39006ED24C29B80CF96292597ECCCA8B0C7B0E51AD2B2C27EFCA0534D987F,827,1170,RGB
1022,page-1022.png,342232,8ADC3621D08B6088CD6428A1B60DC1B65F3B10FD64DB407EC38B8E8685992358,827,1170,RGB
1023,page-1023.png,333180,3ADC4688EC331A93E0E6D9DFD98852A099982682D2062DFE6C662FDA24CFD794,827,1170,RGB
1024,page-1024.png,293334,1C11A6CF58D0F69F19012700DD819C8CDE64CC343D030A774580118D41B66FBB,827,1170,RGB
1025,page-1025.png,250201,AA893349ABBB361ADE894111EA7D8D87FFB990EEBBD75750DBB3D037B64CE0F5,827,1170,RGB
1026,page-1026.png,231550,B808E6E63E0F0A2C0DA31939E8B042F5D5E8D64E32F3F0B745F516B5C80D4099,827,1170,RGB
1027,page-1027.png,244824,098E40DD12CB83948A60A97694E32365DF4952512A10E68BF9F9D3A7632002C2,827,1170,RGB
1028,page-1028.png,197309,C94E864ED34126A9A87719CBDA10EB58671D3B9B36C9111F305ADEBF1E6A4CCD,827,1170,RGB
1029,page-1029.png,196575,73AFB2EF03E9FF3AC2F30C3A34E12741B1648B3D8E61165F272DB2028B5E545C,827,1170,RGB
1030,page-1030.png,210328,20E76B54B77349039777C17A0748EEF189D0932847E5E9FB9B463BBE53DDF5F8,827,1170,RGB
1031,page-1031.png,227706,C24D9615BE12D5EB19D51F20DE39DAE62E417FA179529792298C59D166F987D2,827,1170,RGB
1032,page-1032.png,278003,EB5F9285155EA7957F4F668C3858A9C182455793FD10375CEDB7587EA5A58695,827,1170,RGB
1033,page-1033.png,169570,6A6D25295C690604C6E27D77653345BBD33978FE35363BB793C6CB5905C3A37B,827,1170,RGB
1034,page-1034.png,207729,B62B4306479E3E7C19EFFA01EBF09CCAC04CA8D1B2F8C970FEF503EC02839BCD,827,1170,RGB
1035,page-1035.png,283843,CC00F57367C7F6BBD55DA78EF57DA6385FD1917F41A3A3B8D75684DB34F4814F,827,1170,RGB
1036,page-1036.png,266756,A83FD1DE9A5D8A927029F9196AC3B3FCE17D971959CB3F972417A0558B75716D,827,1170,RGB
1037,page-1037.png,312219,DBA4A4C08F270924D3886CF8FD270354029E41DD8CB79377BCE0635D70E925F4,827,1170,RGB
1038,page-1038.png,267066,EC2AB80CB750B185178094F22334B13035DEBBD27C5B7418CB93753235063E53,827,1170,RGB
1039,page-1039.png,265060,D9DB4604402E09FBBE189326E717F4589870E8123A05B35EC4B0154A81151A4C,827,1170,RGB
1040,page-1040.png,246104,AB4C6A2BCB171413F48508D4BE7CC336B879D679A89AA886BAD4661C4800B2D7,827,1170,RGB
1041,page-1041.png,248926,6694727C7E19EB867F6202E0BE209CF14BAF405C2AB12382109EEE6C75D1FFF3,827,1170,RGB
1042,page-1042.png,260424,D48A64372B83C2EB9396E6C4D3302BE70EFED1C64818F863B3FE07E7EA4A894B,827,1170,RGB
1043,page-1043.png,243840,D2666B3F799BC6BB635141B461B614127B6AE7ED57BEA9A0707B5F1E4BCD1494,827,1170,RGB
1044,page-1044.png,266707,6E67DA042773238B1EBF8D5F53A177ADE8E6F7E3BADA2EF55FC6CD2B9479EED5,827,1170,RGB
1045,page-1045.png,246402,D4711D39B0B01F73B710F34CD5E0B7290948FF69F7DFCCC63C178961B2F831FA,827,1170,RGB
1046,page-1046.png,273382,4AAB8BB7FAE4EDD0CFA9FACC3FBBFEF339CCAB27FE1C27A66E80A5094554C3CC,827,1170,RGB
1047,page-1047.png,255148,9F262336FB4EE8F3229DC9FC37B090D8A4EF07AC020C940E12C913105D58E719,827,1170,RGB
1048,page-1048.png,252302,B8B3DB01C74121D61EDBC18A3F59903DD87C4384FB889EAFA524C0D95E3D1540,827,1170,RGB
1049,page-1049.png,334424,A584B83CF0CD72100B3359C5E999F116737B2415506D9B87FE231CA5A582981A,827,1170,RGB
1050,page-1050.png,248758,7C20892E33847B8835101CC33DB2A4A5F4FF14AF06087082F4E56E9178F9B973,827,1170,RGB
1051,page-1051.png,296488,E6DD9A88A0C82EBAB3A7CAA7DEBC5008ECD88061229EF615D9925AB40B02D687,827,1170,RGB
1052,page-1052.png,301897,598E864E0F63DF31AB1E0B4AE8D042F112EABA211F5E499168CCA31FD0754EB8,827,1170,RGB
1053,page-1053.png,323369,0AE2ADFC0DEF06742C76EB43D72C2FA758FBB7E9F35DC0AD14051502C22F72CA,827,1170,RGB
1054,page-1054.png,288681,3FCE1A7ED5A8A3D05281AE227C9CB47BFE9AAE9B070F4E9CEDB6DBC53FE8CD8A,827,1170,RGB
1055,page-1055.png,228651,1A9B0A633DA35AD3798A2161BEE012F830D780895A114CD4EE88BAE835534173,827,1170,RGB
1056,page-1056.png,207895,F9A8513B202B4110C303B85DC15F319E43C20DEE24E2718A03C08A4B24D60183,827,1170,RGB
1057,page-1057.png,238888,D89BCEDBEDD7F043A948FD658C889E1358B27F7F0E1F24F6112FD14296E6E30E,827,1170,RGB
1058,page-1058.png,170213,E0604CB504D39FD07C2D2B5B84DB9448D0FDE9068230B018E2E3D62A9226A7A0,827,1170,RGB
1059,page-1059.png,249532,E2C95239426E2C62A9866D7214E3C6495694896262C41934F0B8B0320F10CA6E,827,1170,RGB
1060,page-1060.png,312421,5FFE36A017E806E323632CA9DAAACF16D04CC17F0161D8F82F6B140B41F241EE,827,1170,RGB
1061,page-1061.png,259960,24007AD34E14AD9DB249D93A037A33187E0CD6408C99174E2783CE5C0D7A9229,827,1170,RGB
1062,page-1062.png,189933,57BBA3875F48CC56563F3053F75A31ACC5AF7C4DCBB09DD3B1D0118BD7A63DD9,827,1170,RGB
1063,page-1063.png,138732,7433AEBB9D02C4DECFB9361BB0806271A30252F4A9F1AA44705D1CE3C7F693AB,827,1170,RGB
1064,page-1064.png,317330,0C97AC7AE5A342BFEAC01E9312374F0933EF8416ACE4DE1E1C1DE51A768EAB8D,827,1170,RGB
1065,page-1065.png,288909,B3182986DDE6DF8873A8433E80C849239F5666FFAE2974D09877805336963B2F,827,1170,RGB
1066,page-1066.png,204224,067AE69844443D52358C90FE45D38BE2D56C224353E301839601BD259CD483ED,827,1170,RGB
1067,page-1067.png,244759,2A84AC0D9B360B321EC7F645A3E948DDF3EB1C4E1FAF0808F45ABF00A89E84DF,827,1170,RGB
1068,page-1068.png,259610,713656922F832AECBD13A4650BD816F0D976D765C578392DC3BE40595F187E35,827,1170,RGB
1069,page-1069.png,258690,4ACBA2D776859DBE6E1C87086C2D2500B95C0606396D2F94E3B0FDC411C3926E,827,1170,RGB
1070,page-1070.png,317340,2EF0152F4521FFB2AAD49222A5A47E381A8076F4E531CE7B1F4CB2BBAF9D51BE,827,1170,RGB
1071,page-1071.png,252523,C504F692F6525C8198FC74C9A26331051B5D0F934D9248BFF72F404B04EC40F8,827,1170,RGB
1072,page-1072.png,351465,BE7ADBBE8B545564A84831950EEF99DC819FA039A975AE657E7199DF369FC320,827,1170,RGB
1073,page-1073.png,257681,65A28E9CC21A3FACFC3A1447B18F929CBE42FE4831E546B934DF88E1AAFA8E1F,827,1170,RGB
1074,page-1074.png,281441,423C40CBA5925F61E3627908C48544EC12B69012D99180D889349F72A6CED361,827,1170,RGB
1075,page-1075.png,249072,742ADDEE50346B9D67E1BEF9F66256B14174EC4E32E00F3E0EEE743AD714C63D,827,1170,RGB
1076,page-1076.png,261535,A977442DCF6F4C0F9EE323E3E348B164FA4E7074C02082AEDCD616A1D0097F91,827,1170,RGB
1077,page-1077.png,244991,DD7197D6A65286F554C40211812319EC91A8E91C84D6A49B50247B4212E1E813,827,1170,RGB
1078,page-1078.png,279793,D2D0646C5D61D933DEDE37FD10DD1D86C467DED65804533733EA69FE8A42B4EB,827,1170,RGB
1079,page-1079.png,265416,E57C6462EBB5F04AF2D7E65F6596A713376F9ED980B38BE56574CC97C250B2D9,827,1170,RGB
1080,page-1080.png,236520,1915781AC51994678BAC79312053EACD8531F351F7C71F93A65884DB1207E1F5,827,1170,RGB
1081,page-1081.png,318149,A9769418AF630C191DEAC2AE612088A6B8F4AF2F11DC4B525B9B1D0D920B0730,827,1170,RGB
1082,page-1082.png,249439,AC586AC5B24E76969553DC45E6A19C570F6D41CB4417A243F02412A17F3F188F,827,1170,RGB
1083,page-1083.png,299520,3675684C2000981E100B1972EA05A96F29EF55671EDEC1B5B3F7EA5DBA825FAD,827,1170,RGB
1084,page-1084.png,216797,14B46A5C2900F7F202642AB4EA579ACFA98082694B9998A2492DEB10397DAB8B,827,1170,RGB
1085,page-1085.png,326526,5A03D23B84A3ECC9FAA390154C05C6EBF89D1668205A07F47B5179334ACA6231,827,1170,RGB
1086,page-1086.png,46005,E6AA898F00C1C57EB2990B884A73AD61BC81C7F8E6A8DC72D45EF9CF48021AFF,827,1170,RGB
1087,page-1087.png,234230,91E26DC56C07936D4A6D99F08052A0AD8784FEA40584020BCF69CB4C5CC76EB0,827,1170,RGB
1088,page-1088.png,267858,CDF0E2D3BEA037C9E2058B372998849D4EF189DD74FA97A8EC8692A99BDCA4BF,827,1170,RGB
1089,page-1089.png,219314,5A96C2CD14AFC41EF8D785875B36EFD3F8D6A83FB0D9C8CA1E4189A567C7F9EB,827,1170,RGB
1090,page-1090.png,272137,2691A6464EABCF9DE50CD895179ABBEE8CFA4C306AF075B524B62C80C7B10B43,827,1170,RGB
1091,page-1091.png,216089,35AF61B59BA87C52911548D0D4041429E2EEB9AB3582FD62B87F5B29CC678657,827,1170,RGB
1092,page-1092.png,265483,B225728DFE535349A474EF588D2623938431582D71211FCE4DC5B9DEF85EC6A6,827,1170,RGB
1093,page-1093.png,215322,C6D44972B61ACE3848D897F860C7FE6A51E606AE31E5C35073585EDC9D90C22A,827,1170,RGB
1094,page-1094.png,292035,A6AC94FC99C9469CDA001D9E3F2200A5B7290E4FE489036931C722824B373D81,827,1170,RGB
1095,page-1095.png,171598,CB4A97C7E879ABFC60B794D29999521EE3A17B2739CC2706E026734B5A6D4060,827,1170,RGB
1096,page-1096.png,260860,7459D0F794EAED3A4C2AE58249B4ED35A0A0F7F3FC825E0E36680ED0E6A161DA,827,1170,RGB
1097,page-1097.png,264715,7745CC5B8850E8BF0E4CBFC63F5109DA9F16B8A8F04074EBE43D9A08102D8751,827,1170,RGB
1098,page-1098.png,266138,53BD2CBEBDFD134366CB87A365FE88167D7B01CE5BEC9E03D4303DD76AD79925,827,1170,RGB
1099,page-1099.png,232996,A38B5C03107E504F53D031EED9F8BEAE38B61BB693A8C503DDB081039DBBA2CA,827,1170,RGB
1100,page-1100.png,309028,41252ABA7F99F2BA96FDD32DE1A038D60574DFA1D096FE680B761B3BF505194B,827,1170,RGB
1101,page-1101.png,236403,4B65D50F39A0803A80AE97B08F60FCF907B8E6F2906125A8FB2BD38343BCBE39,827,1170,RGB
1102,page-1102.png,237702,622E52696D63DEB91932CF013C121F2E9C444D47595B1C122C140FD6A503CE82,827,1170,RGB
1103,page-1103.png,301873,664C05CD7F42025C8FE53C16EA494B1538173F58A43DB79660EFDD3FD3548361,827,1170,RGB
1104,page-1104.png,242432,2FD48DFF715A4A35F82BEA9402BCFA4347A8913911E512BA3960DB3DD0AE0C06,827,1170,RGB
1105,page-1105.png,212716,C772A90E8A30DA96D797F8E30BB33F4271A17B7375E1D221400A64CF4D17B970,827,1170,RGB
1106,page-1106.png,290248,6BD4C259FB55FCB7186BBE6F1CAAB70CF9050A805F0E945CBEC33A547A623BEB,827,1170,RGB
1107,page-1107.png,308638,04B0D915B5B0C7ECFEB3A0DA275CD6ED461CC3939EC1D6DFA9E2132317CA838E,827,1170,RGB
1108,page-1108.png,241977,A16DD5531CAF9E51A6E2FB0F007864D31DF88E3AA1D0AB3063A5DDB0ABADE6C1,827,1170,RGB
1109,page-1109.png,248326,C5BB42C535A04740CED320846132CC23203B4CFF8C6119F1D6B49B5934E36918,827,1170,RGB
1110,page-1110.png,296909,7EDE8DDE7CF9876CF71271883759ED3834DB4E3E6630541CEE1DD94FDBEE9365,827,1170,RGB
1111,page-1111.png,289759,DFD4CEF6F51B16D2CB5DF4C874699B876D3ABD9C42F28B4198924894B238844C,827,1170,RGB
1112,page-1112.png,297545,E93E0431B38E32615533FAA86192695413304031D9B602BA7CC7925029BB1349,827,1170,RGB
1113,page-1113.png,321314,17EE6EF7F258E42044E179B72330A384901E12AC690B1F197EF29AD585294ED9,827,1170,RGB
1114,page-1114.png,257707,072D71A89EDD6363B13D418D2C0F491C0B537030689818430ADF36710FDE964F,827,1170,RGB
1115,page-1115.png,317950,65297506AF2425023A3BD13EA4524BDD51F865D5F1C65AAD8F5DEA5FB46125B6,827,1170,RGB
1116,page-1116.png,255503,D9A50C34947DB5AB65A30F3AA8C3DB1313290142DF0B06BFC6C9BB527B430B7F,827,1170,RGB
1117,page-1117.png,202866,9881CF60A28C8C5EF130AEAABBDD7B2744B7310A15F1761EEEBFAB403E46AB31,827,1170,RGB
1118,page-1118.png,236142,027DA8D2CAF682B3C6CFD0855E194550E75B73C8207CB2BC0A88780BAC4314F7,827,1170,RGB
1119,page-1119.png,216244,41EEC6C3689E1010C40D0A526E1EE83C5D8097D17332E177A299220D8D2ACE1C,827,1170,RGB
1120,page-1120.png,157625,235576388E3DDF113428F3A86C890FB8C837E58F5A05AC4FC8BBC3C5B27FF8F7,827,1170,RGB
1121,page-1121.png,288852,911C74DCA8EC68AAC52FE96BED71FE8A5B53C52E79846B93BECA811343484288,827,1170,RGB
1122,page-1122.png,201978,E3A6CD745AD4B807128233E4B791DD5D9D09FB357D00909874A13F3041F40F75,827,1170,RGB
1123,page-1123.png,271945,413BB8E2773AF4182B305FC9D684519296E9DBB859A4D0836DA2502EC2A0D1B2,827,1170,RGB
1124,page-1124.png,142469,8351359FCBD3B0B81C55CCEC5AF893D726F6424DE39A92B39447BA5285D59CE3,827,1170,RGB
1125,page-1125.png,198307,266133227AE1E947D4111AD3CEE29995FACB068EC0847D60CF0208272A7D6ABD,827,1170,RGB
1126,page-1126.png,183165,C457F691687F3A461B4E569A7A9690532CADF7A8AE79DB296B8A209769566B0E,827,1170,RGB
1127,page-1127.png,224641,1BF2DF45D5CD532DDFC39076E696BF48B7EA86C007EDB5DDECCA3B772BFD6D75,827,1170,RGB
1128,page-1128.png,233376,8C3F3789637823FAF7FC53E44558CB540D8318E43B0ADCBDEE4967A20F86D273,827,1170,RGB
1129,page-1129.png,276572,91D12147DC086599B29C454C5654E74FB85194BAE8A06657E1CD6EC02F496742,827,1170,RGB
1130,page-1130.png,285682,900F31DD0FFCE69F2C7FF0F33E6DF5900A77A915EA1073C885CBA80BBEB80717,827,1170,RGB
1131,page-1131.png,210389,34E0C02892B692E8A6B83A3D45A50CFAD1F412E43DD9297DA6E02FC1E1053274,827,1170,RGB
1132,page-1132.png,300716,C282002A503EE900D1319789C6E214F2D1A61CD4CF56AA76BA42EA0B2AF98815,827,1170,RGB
1133,page-1133.png,210010,381A3FCD62C3AFD339321466E52097405B5BC11B22657824F21971719B4298D6,827,1170,RGB
1134,page-1134.png,236718,BA581C1A8B0FD12FB4F4DAF21514061476E8A3ABAD40E6C794E9BD1C96A7F128,827,1170,RGB
1135,page-1135.png,155581,46E63FE92A06CE40C564AFA959692B3447D2211085A7023F704528722E5EBC4A,827,1170,RGB
1136,page-1136.png,261142,E4F950D298D6D81F119655B3B49CDB8E874F0A8403270EA5D6B1E583998F9F16,827,1170,RGB
1137,page-1137.png,245825,3B0B1C3E71ED38358780357827D27D06091850ACF5F0113626B6E66855C1E8FA,827,1170,RGB
1138,page-1138.png,274579,690CDA03B82AF23FF26B4398525A2272E06C167616E529F1629A8DB62F34DC20,827,1170,RGB
1139,page-1139.png,239440,6D340E79E1A46A5BA41CECC9A53A850556E435FD04601F1B5453A2B752675DF4,827,1170,RGB
1140,page-1140.png,106442,FCC2DF75BAC70B2B2DECB32E5D47252AA3C4007E815CB2B1BB1FB52F2006411E,827,1170,RGB
1141,page-1141.png,148924,3BD8B5EBBF5185364BD8F54720525DEB7E9820772D08B10E484F8F6DD1EEAE61,827,1170,RGB
1142,page-1142.png,202361,34977BC82367029C17217680B636E12509F590D9075BE4631E4A6FA227122198,827,1170,RGB
1143,page-1143.png,145788,D035FC6D987DBF6150FCEBDDDA6F3F0CD81CD87FFF09C5F5BAE2F137C44351DE,827,1170,RGB
1144,page-1144.png,216847,7EFD03AEE0978A29DA74B426A3FFC3CB9869F1D21C03B044DED8D100A0842330,827,1170,RGB
1145,page-1145.png,317832,25BF8F2A3E49142408920D3B3E31DCB5B8127B7E8C189CA3254D69EDDDA33894,827,1170,RGB
1146,page-1146.png,235554,9048CF84C47D7FA6133D1CF3DB23D561067DE29F6BB10EF2F1ABD1DFCF2419A5,827,1170,RGB
1147,page-1147.png,292816,25AB1680019A8EC1E0EA882D09049C6A669FFE24AB05FD90D65B734D025A740A,827,1170,RGB
1148,page-1148.png,180884,6832940EEB738A7CB5C210967A53BD87D27E4E687C01CB4C0D6EEA63A1801A29,827,1170,RGB
1149,page-1149.png,239177,D50BC06E9AE10B1BA21A7EA61B4AB24193450A3DB257BBC1B39FAF8A7AF5BC42,827,1170,RGB
1150,page-1150.png,307503,5AD73D68B68CAAE18C0A50AF823915F75D01837E825954E359A0E652F87E3D3A,827,1170,RGB
1151,page-1151.png,285547,3FC2497B6B3152589829917A927C848E812437B385EDFEC1CB99682F2C25B131,827,1170,RGB
1152,page-1152.png,199082,F19726A58E1C9BC16C8EA1627C5FDE664292856514E2927DBA344FCBDF5E5E1C,827,1170,RGB
1153,page-1153.png,237791,7DB7DA5791B99A15B6010D8C096AB7609186BF8DCEF292307393C5E783ED8CF6,827,1170,RGB
1154,page-1154.png,237755,59124CA71DE39D1942EE6E35C0EB86CB43DD22B06C388779B47EA36F08D51B4F,827,1170,RGB
1155,page-1155.png,283122,3ACF14162EEEDB607E358C49572490EC474E9C9AE7B5346B1DA81A9D7573B76B,827,1170,RGB
1156,page-1156.png,269712,595D5C9AF06564E9EC3CC5BA3442497114D2B5712A2CA8696B6230756FAD600F,827,1170,RGB
1157,page-1157.png,257748,08107C96916468818518FDDFEBA0FE87CDF19794AFC01AFE42556C7886AD06CF,827,1170,RGB
1158,page-1158.png,271551,8700629AF53F439CB9B98B6DAD008B19631017BE203AE49B1741331C39C91D6C,827,1170,RGB
1159,page-1159.png,266656,D10DB34C1A99E538B08422D94FBEB485CB6049B578734141C08BAC77E40DF2D9,827,1170,RGB
1160,page-1160.png,247132,14443607CA14CB4DE7254D7AAE8C71CAD66227BA3D2606832213A6EE9B38A5D8,827,1170,RGB
1161,page-1161.png,206913,7BA41A78A7A0520C9190A536CA7CA6D02017D8C6C62272DB3E9C2CD6FA47537A,827,1170,RGB
1162,page-1162.png,204548,213B45206707148824E12FA90B31F9C552FC3EE27BE5ED65C67FBD8AEF762693,827,1170,RGB
1163,page-1163.png,275281,FABF94C52B88378545B4905FC6B4B23AB0061683428FCDFEBA62ACCD3D464C01,827,1170,RGB
1164,page-1164.png,264117,EE21867E3EE23639B465BF19D53043551E6A5E93ECCCB4C135B31FCA1AF529D3,827,1170,RGB
1165,page-1165.png,214546,1A7072D1749E9100B2CCB77AD9249607E0FE4173EFC3DF3AB84E56C85D8C77FC,827,1170,RGB
1166,page-1166.png,287255,81EB764F3126B1AD1A99E7A1C02C0A2DD7A1A5817BFE1B90729D13D05900418D,827,1170,RGB
1167,page-1167.png,264292,C70A345B8E4012818928865B3B5672B0FA6E457B5F1044BA865FA373EB046308,827,1170,RGB
1168,page-1168.png,206904,ABFC01CC5994DBED1F810F8275EE9E9F58AC06E3505A12DF45842C321FED5652,827,1170,RGB
1169,page-1169.png,201671,B0AB34B7AE4B581F8FBF5104D6E41C81039FD95751D32F5DFA1404134FA7140E,827,1170,RGB
1170,page-1170.png,309760,4CC341F052292FC3ABA7BCB9B3119E45346E7A710D1D2D57DF61E63840D4030B,827,1170,RGB
1171,page-1171.png,261443,5CFACB6F873F34499B4A9F4E5107C266AB6C684A46E02BA24A4432AE0660A687,827,1170,RGB
1172,page-1172.png,254444,EF24F6FEDF293636BFDB013D7001E283683F442F0C7F5BEA2B9F59096A5E41AC,827,1170,RGB
1173,page-1173.png,296684,0B08DAD3B37B07F7F8B72A448DC1CF9F5CBE8970FB73BF1BDA020CCEF70601B7,827,1170,RGB
1174,page-1174.png,264736,D6852C719F7F59F53F95EE039FE0F53801E59CE116AF5534F13DB9EB2B3E4586,827,1170,RGB
1175,page-1175.png,295914,875DF70F15F8E00AEBBC21695BCC76E91403671E5D99F4B7F38F2B665CD79F2A,827,1170,RGB
1176,page-1176.png,294011,0F26649F7FE98841F176F6D8303C727AF14893A3463DA65A112B82789B8EA641,827,1170,RGB
1177,page-1177.png,308315,79F12487DBE73CFB6F482891281DBF0254A98BB4E935BCCAE09254AEAFFF1012,827,1170,RGB
1178,page-1178.png,342598,6DFDA778D84021A7F003D0F63EA4E1865AA073BE2C220007EF39D2FCCB200323,827,1170,RGB
1179,page-1179.png,289640,EC077BDABF5522C46D8FFE3078E3C6341FFA1E1499604E31E874261CC0D85189,827,1170,RGB
1180,page-1180.png,311011,FD9CC89080CC5FD09C5CF99B2E08B073D40B1EED0BC8984C1DFFF2214AF31E9E,827,1170,RGB
1181,page-1181.png,304349,EE2B4C7E53BD9BFAB373643FA7F77A58DFA9FBFBE1935D09230DACD8B15E1031,827,1170,RGB
1182,page-1182.png,348367,A7FA929538203621BD51A59EEE113FCB8B95A1E448791A32B1D889369C422337,827,1170,RGB
1183,page-1183.png,270378,F9D0D69B342DF3D764D25C4DD70FEC25693318A748A24BCBFB0EC5472F7AE610,827,1170,RGB
1184,page-1184.png,277719,01A0B8AE0F58E77514319D7C060F23EBC5E455D6D10D88555C2CDB5B7249FBDC,827,1170,RGB
1185,page-1185.png,211680,084F2DD7038B2FBB53380C928B055065CE7F862736095E329715EC59AFB122AF,827,1170,RGB
1186,page-1186.png,238067,46A55AE713DD27C934EF846143F246A9ECFF5FDF7D528B71D450057507850F86,827,1170,RGB
1187,page-1187.png,307611,0CA878E389CFE09B4754F5827A4E2078C0E26452C3EA1D18839856DDC792A3DB,827,1170,RGB
1188,page-1188.png,268655,C86235BA01C2B63CDB70BECA675D1D09E3C41BC7F7A2861945E2BF212124A27F,827,1170,RGB
1189,page-1189.png,260112,957B6ACDE70190D375B475DFE3B3D39EEF542AC1D609EE2F76C07EC0DD1BC60C,827,1170,RGB
1190,page-1190.png,280420,89270B0E4D65BE5B9133B061DD0BD1767AE2870E820F7718FB127BC768B1949D,827,1170,RGB
1191,page-1191.png,210513,49BECED85650F26D459A43BC612A2CB6E038928B67518CD3C750E50779451D53,827,1170,RGB
1192,page-1192.png,271743,FD4BB3B4662B60A7F568FCAFA177BD7C9AC3B5C34253DB3396819ED14E3AD1F7,827,1170,RGB
1193,page-1193.png,258369,9F1DE41C7A52D87B01791936C0FC4B06E7C12E74CF91E1D218CFEDF06E79A617,827,1170,RGB
1194,page-1194.png,245259,2DDD23DC7F7623D48BF136A282AC25A4E465621348BC9F707617F48E7AD7688F,827,1170,RGB
1195,page-1195.png,29362,60B5AA860077371300495F5EC7FE02089BCEA82291650C4198A2C21624D5CB7F,827,1170,RGB
1196,page-1196.png,221692,A79275D497CAE4F6311E637FD08B30E89213A9EF89D627E8321D9E8A51D06CDC,827,1170,RGB
1197,page-1197.png,270442,7B8675287DD0844CF1BEFF1485EE1F81893EFAFFA52750CCA771C25F695A0CD2,827,1170,RGB
1198,page-1198.png,213576,CFDD0BB6CCF88DEB0316CCF8230A9E56765061EED6C02372BE85063F646D96F8,827,1170,RGB
1199,page-1199.png,217705,FD5007D09835CBB83DE0618DD9B0946699024B03792CF2F88C831938A9E6F526,827,1170,RGB
1200,page-1200.png,292704,112A35EB86C24A48FEC1A2BD2A10714C90B8326E5F3EE5524F485E60951C1DB2,827,1170,RGB
1201,page-1201.png,204523,3B74F7515E1E50E0F264539D7048DE6AEB18DE0330ECD8EEFE065102A2DA6F9B,827,1170,RGB
1202,page-1202.png,254633,DBFAA6A8FA972B9853BA97F282E3A69E94D7650613FBFF14C9028F4307755A80,827,1170,RGB
1203,page-1203.png,124870,08A8148C02FA88AE7CCC0F4D8389AE66B43BC006771889DAD95553A4EDDFF65F,827,1170,RGB
1204,page-1204.png,192237,FEEADED3D0BFFDEAD223B889A3887384E9CB86AB605629CD976F90412097D787,827,1170,RGB
1205,page-1205.png,299763,3EA494FF357FB824FC5B4604AA90925C10E8B9EC0089F8CFEFBFF3D794F31FB6,827,1170,RGB
1206,page-1206.png,277457,474A560E94B593285DB4D8B0F636ADCD2BFEA2678800016A911BE50BC12BE42E,827,1170,RGB
1207,page-1207.png,260316,64152874D727D4D912C2C6D1C4C895D0DA5E491B48A55C8E3DE83D1A6B9010CE,827,1170,RGB
1208,page-1208.png,285620,3C8263868647EBD1CDD57D2040F53D54705C116F4282249912F126F06C613731,827,1170,RGB
1209,page-1209.png,283411,A60A062304D6746748FC5E45EE99AB1C5C04E6AE23AA270836EB446333053A44,827,1170,RGB
1210,page-1210.png,293311,D4856B2E5C3514839F0A56FBAD0CF650D35458B63A9155A6E390E8372549896A,827,1170,RGB
1211,page-1211.png,276332,35B9C4528CDFE7AE39C3798F90B6988EE02105244FB178B9D8BAC532DCF53AB8,827,1170,RGB
1212,page-1212.png,295014,50352464AF982E358A0F3D79EC0442A038BDF17C31AA5D89B5376603787EEF80,827,1170,RGB
1213,page-1213.png,201401,274C618F17997155FB72C578156CA4E05617F3F3847461392E9E5A76F9A5E4ED,827,1170,RGB
1214,page-1214.png,275383,AA67F203908D3DEA6A40D032726AC4A0250162A413B9FFC32917A9318D3E4B54,827,1170,RGB
1215,page-1215.png,305069,8D9C2AE1D5585DFF87C6FDB97FF6819AC42DA885F7213225B8F283F7DECFC1DF,827,1170,RGB
1216,page-1216.png,288207,F034549A29838FAE31D34499403C3039D865A885E181698FE664A92F224AF76F,827,1170,RGB
1217,page-1217.png,242061,9E6FCA08681E9651545D325398FCD716E6961565EC4B8410DD469B69250D0BC8,827,1170,RGB
1218,page-1218.png,259731,8F8389A9AD0F369436816003CE2EEB6164DBB1EAFD30CE61C35F734E62955784,827,1170,RGB
1219,page-1219.png,242805,FD0B5C3C660FAC9B93208C19F464C0B9579AD3FDB9E320BFD3839D900B34C49D,827,1170,RGB
1220,page-1220.png,262965,23DB7EF82BB8FBA8D561C161972A11AAFA7097A6DE6F02AB9CFBE52EEF21889F,827,1170,RGB
1221,page-1221.png,304729,99DAB71F75D517247AE5E4A45618395A28D3D690C74A009854753590364636A6,827,1170,RGB
1222,page-1222.png,325072,464FD6E76B72CD5484546F45782A4562C02EECA064AAE48492E16A425E699725,827,1170,RGB
1223,page-1223.png,198079,83555319B125DC800193CB66282F6EBF6C5A6BAD3F2EAD7F04A9CDADD01AA298,827,1170,RGB
1224,page-1224.png,204121,3F75BCF71A8868FD780F7889A9D1F3DBCA168FF68DDE3237386E3BC5217C340C,827,1170,RGB
1225,page-1225.png,203647,E343439025C7C839D92B66CECFB88C4C4F9D6ABD7CA1B5E15A96B1C336A4D2D6,827,1170,RGB
1226,page-1226.png,266010,F7E4ECEE7F9C12D8FAF60BE558EAFE68DA28EDA4D06CDAF70A36B3CCE8DBC217,827,1170,RGB
1227,page-1227.png,288809,78A9E01FCB0EBFF94659F2B1C92FC6CB508B5A953002E3A22EA218034B77787F,827,1170,RGB
1228,page-1228.png,233618,21B11ECB6DFBBD364471F4949BFF233A8FA3EDEBBA6A9B039FED29867C42FE0F,827,1170,RGB
1229,page-1229.png,176754,DEF2A45D1F35F1DD794A76742AB2B2AD31C0D5A9941AA7A14152181EF05733FF,827,1170,RGB
1230,page-1230.png,192970,F4AE8AAA0D643CB7622874168DFA897DF9407427702BDF6F68008BF1CE3BC388,827,1170,RGB
1231,page-1231.png,279367,4B8513410B2F60FE168732C978FDACD011C5A3C5D207D3D65B779EAF74D2ED04,827,1170,RGB
1232,page-1232.png,284922,16D21C4F0D318BD84359AFC89AAE689CF0C5784A51A885AD572798DE680CFA26,827,1170,RGB
1233,page-1233.png,259746,C5FC9DB1E0B6F3A1292288B95661FB0F864F1EAFD15D5F98889CEC577005AEE4,827,1170,RGB
1234,page-1234.png,291812,2C1A28404F96BBDCE44A07B9DC73D6BC53FC6B9A9B28CAFB029AEA0C109FAD1B,827,1170,RGB
1235,page-1235.png,290945,B616A536B4D901E5858DC4233C78D151DE854F2DC366CEFBF6ED426C1EC02456,827,1170,RGB
1236,page-1236.png,231866,083F1D4E1173D56738DB95974C71710A992F36130A068455E162A60D57875B88,827,1170,RGB
1237,page-1237.png,245994,9F64A628BD617848808C4562102FCAB6AE69D939FCDCBC9824E5A7793A4C32F3,827,1170,RGB
1238,page-1238.png,285177,2B0CDBEFA82ED2BEFA4331CE283388102DA89476A279F0012251908ECEC826DB,827,1170,RGB
1239,page-1239.png,229112,7C7FF8ACB8526A0C5B1AE23FF43CEE4697679E132DB9E7862D6D0BD4B4B8CE2E,827,1170,RGB
1240,page-1240.png,263200,C55C8C26BF3C2C6A84CEE16E661235EDC0C8EA1E28023A066C5A51DC2D06A42A,827,1170,RGB
1241,page-1241.png,236181,5C88F1F5418A3B389818437CE1824A8D2AD73211AF03E0D6F2F5FE3830FAC05C,827,1170,RGB
1242,page-1242.png,294427,9D96B767F8DD356C1725D1A6E0715D3245827BE882FB69F1ED1FD2CB6D51BB0F,827,1170,RGB
1243,page-1243.png,283082,C2B39EC794C5A30D539D725F84222A810512817E0BD70EDA38360D9D4AA417FB,827,1170,RGB
1244,page-1244.png,259346,1C2542160869FE3429739072686B8CFDE33BAC51C54B2C22CCDED3728DF2D71B,827,1170,RGB
1245,page-1245.png,220138,F08920009F1B43BAF5C1BA48B5AC018E301F01EACA3F5371EA9068EECFCBE956,827,1170,RGB
1246,page-1246.png,233902,F045DF0C07B1FFA910DB76BD82D345DA74DA8C922822E49B6666990FF9DD9646,827,1170,RGB
1247,page-1247.png,272940,B85CDB483515E502A0587383BFDBF9BC5CE68FCF5428CB340A6F4E5B3AF5B8A3,827,1170,RGB
1248,page-1248.png,266907,9DB320D5A17FF9DAB20FEA3659BA05D58D296ABC5F57F21FAB5E4A4F7B619529,827,1170,RGB
1249,page-1249.png,231422,5BC94B5CBB7FC08059F39CE5013A982FCE660C7EF7DD16E2BA2711D8CF89ED8C,827,1170,RGB
1250,page-1250.png,282191,EE125183A4A79B486B70093E81E1CFE52D652B07E1E69AEFBA2A7C25ED1B7A2F,827,1170,RGB
1251,page-1251.png,345526,46BA6508764CD1A1E80183A3F8C1394FCF7AAF5A0304D36BBB4EFFDD96413598,827,1170,RGB
1252,page-1252.png,320145,D09AF3BF0A58D701FA62F88EE9B1F079D14489CDA10D4177C418451386C6A009,827,1170,RGB
1253,page-1253.png,232481,55A6451E1B11186E8A5CD5A70484C72DAC41923E9D3934A61985AB055217A2B2,827,1170,RGB
1254,page-1254.png,285028,812D655D4686D0D74E1A87A514AAF0F1C17D9F2CC8546E47CF257C3B58B003A6,827,1170,RGB
1255,page-1255.png,285218,F1A7996EA53D2FB1E588F1090CFC0B80B4257D3A34BB396588808995D3108A71,827,1170,RGB
1256,page-1256.png,175800,EA988210C38CD08066AA0174A62BDC48B8DBE575CE193585949E4D0C1DA53984,827,1170,RGB
1257,page-1257.png,160767,364804AB358B626351D4BF5936FC2D470155EB9483D8E1E0E01F07AFBA48A7EF,827,1170,RGB
1258,page-1258.png,170519,32530396817EAA54C8628E81F6DB496655E17EC6018FDD94A383DB7A6C4846EA,827,1170,RGB
1259,page-1259.png,244351,63DF25F848EBA5C1A51C57C95FFF3A5A6559D20B7838D3DF5B5B6983E3D04C0D,827,1170,RGB
1260,page-1260.png,219347,292AEB75A111BE07C7F03B66F8E19755C532F52A1C72EBD3297F87AC27163BEA,827,1170,RGB
1261,page-1261.png,267851,6D422176437B1264D920ED8E186435EA4B193DC9190B329719FFCAB1D07FCDEF,827,1170,RGB
1262,page-1262.png,220520,FFAA2132012F135D2E8F863275E94E96F313A59B26A43BC45C5EEFC51ECD2E71,827,1170,RGB
1263,page-1263.png,201543,31BE1C47EBB2BC8EA4C0AC40BF3B63E9D7C8794C129CB4F5C31B1DE018531A49,827,1170,RGB
1264,page-1264.png,264794,CCD327F192470F94F5730CC8F43E63301BCBB5DD3AF9254F267EBD02EC861022,827,1170,RGB
1265,page-1265.png,250622,8B3AE505D2AAF9F259D4B977297946046CA2718C68C98C2EA72A1378D7A81620,827,1170,RGB
1266,page-1266.png,214991,63E12F54305586EDD1D1BE7754F0C81CB675B62DBC0661366E0BD51DD27999D6,827,1170,RGB
1267,page-1267.png,300842,86EBAD23290E0F6835570FA34DCC2F73851DAB7096F719869E94D43D868B0013,827,1170,RGB
1268,page-1268.png,172653,939BFBDA233537EE3631920BCAEA5B01F47E197C2FCD18F1764F318ABAA0CA16,827,1170,RGB
1269,page-1269.png,243442,1FDCEB2E116BCA11767E8477C9FF20EFB3E380A8B44ABE7A3577079DEB786827,827,1170,RGB
1270,page-1270.png,249217,6F56ACE7BC8D8551224578259F4FCADB4CBF14214D57374F1E17C4096C7BAAF5,827,1170,RGB
1271,page-1271.png,251980,04FF42A5508A40F7979F3A7001A4CD4E4B3B8426D439BD35E49ACF02D1074E18,827,1170,RGB
1272,page-1272.png,257287,BFA369E2A5A163B1CA8D0FAEBFBDEFE7D8353DBED88AC427802264B9BF410104,827,1170,RGB
1273,page-1273.png,303277,9D5F3BD081719EE1838E779BD0AF2548985464C063A873240ACD46EBCA6D075A,827,1170,RGB
1274,page-1274.png,266877,32FA505128393320838FFBD808693D6D67A157852B4B282DA84433E2DC11308D,827,1170,RGB
1275,page-1275.png,305568,048D7E131B41C515EEA3BF4906A720DCE42C9F02E14974452C5F8DB193B74FD5,827,1170,RGB
1276,page-1276.png,279213,A0384C65E4CFD1339EAF592099A2EF945A0508ABD25C2A96C3BCE143890BBF94,827,1170,RGB
1277,page-1277.png,254121,FAF129BA9A2BB04DBDDF11ECFFA1DACC342463963820E68842C89BCA940DD2B5,827,1170,RGB
1278,page-1278.png,271152,2B37E825F6CBA8B7BBDDF2D85B1D6C4E8F1B91D2C37957045F445376FC4F1CCB,827,1170,RGB
1279,page-1279.png,286932,38D4842CDD0695609415675BCCE0EF256D00F47B3387AD28A2FA49062D53AD30,827,1170,RGB
1280,page-1280.png,271593,C4512A326212E57141A604098D29EAA7529BDAC5EEA8F7325885ECA99AA71920,827,1170,RGB
1281,page-1281.png,238425,BBCD35E92834F9EE72A6775EFC1CAA78667753C0BAEAD2DB4AF5A264FB3E1ED2,827,1170,RGB
1282,page-1282.png,262225,D63502345E83A5D5F9A12CA2C64AC3ADD99017AD045AFFB00F41F4845B79DB1C,827,1170,RGB
1283,page-1283.png,264451,0553E548D0A48F7EEA80434E7FA96C3463B91113C81A44DEAC0EA4443D9B42CB,827,1170,RGB
1284,page-1284.png,254936,1EDF684A5A9E1E3CE97E49312982D89920D23BE2AC36DF90A78B5B69FC967BF1,827,1170,RGB
1285,page-1285.png,306806,7881B1A6532176BA6948FD5100F3EDFC6C67F338613F1ECFB81E5E0F1E4E26F7,827,1170,RGB
1286,page-1286.png,330962,E52B216474F92E446AA8E4EC4AC576DA4A2D4A244D872C410AB3C16FFA83ADB5,827,1170,RGB
1287,page-1287.png,320649,074845D60DD75DF9E542668E56F5556D8FD969A3DC2E7894A0D0926ABCD7F974,827,1170,RGB
1288,page-1288.png,286760,376707323F2E9288F33364FF6A31A97A7E7B4C7B3C4DF4C718CFE4049997A8EF,827,1170,RGB
1289,page-1289.png,278372,2178ADC572FD02AD77920FC0E01FDDD451E6B5E871297BBA035D7D4B306E58E6,827,1170,RGB
1290,page-1290.png,307067,8E0AD17B7D265479DCE8AEC20A4AC2579E3DDEFF762AD297017F74BB912634BA,827,1170,RGB
1291,page-1291.png,293444,218440A5B3B3FE83807F43530FB73A41F89832CA51ABEEA2D422FDC4D08FC7F5,827,1170,RGB
1292,page-1292.png,331576,A30E0FC5B916018AE6DA5C465EB4DC0C8AA36092FECCE8E094F8D904F1B7E520,827,1170,RGB
1293,page-1293.png,260184,3CC86C7631A98E66F048803A9852ED2424D62F617A274E31BE7550BD49CB9CFD,827,1170,RGB
1294,page-1294.png,230068,AA1646E1D6061D804B7F337A62A880713018F0891A3FCF052957FA60B1C7283D,827,1170,RGB
1295,page-1295.png,275736,AC7D130F454BA9D73B3F67AA874B96E156F75873E98E11DA04E9CBEAB213FE7A,827,1170,RGB
1296,page-1296.png,320398,C330156BD42F42A8A5D3C872A5A3B5309D1A1ECAF969F18DC4D3DBF7FD7F37A9,827,1170,RGB
1297,page-1297.png,251880,9E7751F364D98A271B4FFFF99EAEB5ED9D438EB22FCA238223D9601ACA87D9C6,827,1170,RGB
1298,page-1298.png,294957,76CA11AE99F0C1075069C7EF0853069BAB17AD7981914C78265540ACDE997B0E,827,1170,RGB
1299,page-1299.png,257687,2EDD84C2C872F13FBBA989697EAB13A4A0F11AEAB3DEA6CC74C3116B3C2C34D4,827,1170,RGB
1300,page-1300.png,314375,CCF777B3BCCD25B351100E04066D5FEC6DBABEA28E958636DDD21BD443FDE8C5,827,1170,RGB
1301,page-1301.png,337147,D50BB95A878639EFDA027FAB0DA80B56A164C5B7E5C037C737774339ECC34115,827,1170,RGB
1302,page-1302.png,290042,758E2CB978FE5F1F51DEDFFAF0E55FB43BFCC32B6D1742045C0748D723BAA6AF,827,1170,RGB
1303,page-1303.png,237033,AD6299321B8F4FD9945A8A9A938EB48BE02588CE2DF2BFB2B0CD56692274C150,827,1170,RGB
1304,page-1304.png,299510,124775361793DE0FC82C2CD084FD1E873AFF31CC8D0F4790886DBC1FBF03FA22,827,1170,RGB
1305,page-1305.png,266448,95E7B7F53D096DA9A27217BD359AAA078CE1F7BB8A5956DD4A76C8C27F540E6A,827,1170,RGB
1306,page-1306.png,226421,B6AE6B8F3644159623477FA255EC76EC64EF9FF3C3CD545747E802DE29AF6F34,827,1170,RGB
1307,page-1307.png,233729,47350333310E266B715ED79B4C87F8B977909C8F1DC3C99D6B5D670D061356CB,827,1170,RGB
1308,page-1308.png,224896,B8DFB7A6C148C06CF7CF7CED5E068323F8B7E33680ECD0396B7EABBFE21DCAE2,827,1170,RGB
1309,page-1309.png,229481,43729724A3DEA561D2C0839DB973F69109ABF717F8CD58B8C15E0932FA542409,827,1170,RGB
1310,page-1310.png,295701,19155CFE9D24AE9FF69A0D81BBE2C55C328FC1CC900930E3647DBE98E82E0E56,827,1170,RGB
1311,page-1311.png,238321,7621235F44E7ADB337FF20D3D53428358F38E604F75C5A360D08CD31ABF06E83,827,1170,RGB
1312,page-1312.png,174474,849126A396B049D0188C1E677745308F5E2D7F72562DCBF98F3D240E1DF91679,827,1170,RGB
1313,page-1313.png,257363,4EBDCF831B57471783AB8D6117E3D7E3E82730CABC67FCACD5B0C3049139C400,827,1170,RGB
1314,page-1314.png,229845,3F4D795337672D2B936ABEB4E5C6C441326B80DE06753C93117D2A7D5ECD23B7,827,1170,RGB
1315,page-1315.png,238300,D5E4645A9DAC1A0F5CDD4B6D3D97E8C4953061CB3412A19947DEDF65A96372E2,827,1170,RGB
1316,page-1316.png,231759,D6CC14FE6A1A8FD23B05BCC3E0886573174A8549B6DA409CC9EEFBB0AC40916B,827,1170,RGB
1317,page-1317.png,253509,7A9246DE5CE57B2C05859756AC078D1E08015494F6957BB644399240DD0BE9FD,827,1170,RGB
1318,page-1318.png,244343,91D1B6696EC796BFA4FA8EACA53F3C6E9C859956D8BC12DB25EACBCFB9569DFF,827,1170,RGB
1319,page-1319.png,266751,041A55913168F9A80F5EB5B86A1B79E9C7D862130450A35E5AB9B644BAB15BE1,827,1170,RGB
1320,page-1320.png,223763,F356F4E5BB341CA0B0019A319C002881794CB16BA9DF1FDB572C4E8BABE03E90,827,1170,RGB
1321,page-1321.png,272740,B462CC87A2B308DF2C8971DC8B4C348B0168C200883B342768A1CBA2C7AEAC0E,827,1170,RGB
1322,page-1322.png,243257,19EDAE1CE19D0B2E89A7B4354486C064250DAB9119DF568A138F35A3987C4CEA,827,1170,RGB
1323,page-1323.png,232558,7422C1ADA1E2828E90758A00CE168DB80C2FA5998F2AFE18850FC054E947B865,827,1170,RGB
1324,page-1324.png,308996,20BC173E18DA17FB7A012748737256540822A91C76D1BA7C9C17B22355B21501,827,1170,RGB
1325,page-1325.png,246617,E06BAC5528AD6A308850EA71F487334904D48ED3E27C9DB82802A4A2062FB397,827,1170,RGB
1326,page-1326.png,230446,DD59AC2E6EF72F9E5F0D8F30C7F5C2C49AF62DB6B39639366BDB5934B5005E99,827,1170,RGB
1327,page-1327.png,275440,005FEF76CBE031A01F5E7CC8918ED78BABFA76222E5FE41C9592D6B74FE28854,827,1170,RGB
1328,page-1328.png,285065,FBD247DE7A9F7AFB43549269B2F9D2BE997F69839D1EBC7D49C3F77D75677F01,827,1170,RGB
1329,page-1329.png,255122,A71DEF3F06A7A119A9D55FFFF7865003A508DADAF8477DFD6DBC18FC0BB939F8,827,1170,RGB
1330,page-1330.png,233145,97E71B853D52F61DD8EA765DD9087298A7BDA058223C328E6255E6253A21AC73,827,1170,RGB
1331,page-1331.png,214372,682C452B9ACB501FCF7E21DEAB4982BF5082DBD6CCBE424F303B2E5B3F925850,827,1170,RGB
1332,page-1332.png,217049,AC1E535B3C3362AD73E73A44DA683F30B620A04F9FE7CDB1457E150ECC091B31,827,1170,RGB
1333,page-1333.png,221515,9ABC9E700A68211BAA04986A969381FDEFD9C41249C8F83D19529FFEAE5F00A0,827,1170,RGB
1334,page-1334.png,178351,27267AA63A17D8A905DCD80240F8B9B5301D43F139A7D68BB7EFEA2EE730048F,827,1170,RGB
1335,page-1335.png,196869,82DE598D5F135B46BEEAA6C249B8EB0C10D4E098E6426AEF5755D084DCD4D45D,827,1170,RGB
1336,page-1336.png,158024,CC658EA33E6DF5F06312F8B3FB1F5B3950294A112CFA51550E1E8B06C15C8F10,827,1170,RGB
1337,page-1337.png,155409,2E2CC0FD5AD9690B500C9C5B92438DF3C8BC84E53EF1185F7C5857AA72FC1C8B,827,1170,RGB
1338,page-1338.png,198788,E2BF13BE36ABC112718C6D56F1DDD94E69C8365B1AADB295A31CB689154B29F9,827,1170,RGB
1339,page-1339.png,189088,26B048424EE1DDEC2C6AD3D515BFAB89EFAF8415A4AF16CA95712D29F7DB6039,827,1170,RGB
1340,page-1340.png,187003,5B042B036DD92320CB73D682045F36F9168C46FECA41292C20D5CC9A8BE4ECE9,827,1170,RGB
1341,page-1341.png,260748,B60ADA27559B70DFF4AF95C2A4F80E1D505E079AACBF1E6DBABA369A5725BDF8,827,1170,RGB
1342,page-1342.png,245406,75793D817C84A40DCD2D36585744F0636878D97D61D0A7E2B7070C6A876BFD81,827,1170,RGB
1343,page-1343.png,222096,61446BE96ECDECA229DF94BDBE278363243FA0698D964A0409308B925143CD09,827,1170,RGB
1344,page-1344.png,225763,1FC8675BD97C72E260B4503573C9CE06783196013A322F3D6F9C8D5FA52E82E1,827,1170,RGB
1345,page-1345.png,268050,5C07771148EA58B9333030C75F379024A2C8788005CD49771CF2A091D97C9792,827,1170,RGB
1346,page-1346.png,248085,00C4D58D8C9B88682DBD70DDD5FFDCD33ACBC87D30ACBB766842D38B80FD5B77,827,1170,RGB
1347,page-1347.png,256821,AC397F6A55E2D46CC198BDBEF8579EEFF944355227D1F640778A15D2A33CB399,827,1170,RGB
1348,page-1348.png,280370,46C5FF69089E295C0EDBE5BE26C491310DA91CFC0B993DED7EFB31EE1F0145BC,827,1170,RGB
1349,page-1349.png,241266,8B72A7895BBF22B6C1DF06A1D91FE51B3F5B17EC1E75083E432FA0C685A32812,827,1170,RGB
1350,page-1350.png,297642,600E8AA18DCA14BA444EFB67CC5A8911BFD44B42AF523CD6CE7C8A71569F8275,827,1170,RGB
1351,page-1351.png,271842,8052F8553CEA74C9A4FA9D99EF3684DF7C93598B9C90423DC1BBB8660DA2BD8B,827,1170,RGB
1352,page-1352.png,288922,10A1008436B1CC96AC6A219726BA5D15AB942CB92B9359E1220EC509A774CC0E,827,1170,RGB
1353,page-1353.png,277174,2D3485541FF5A1AEA8395685AD700F4AFE3BCBA8334E26F12B4DCC0717350480,827,1170,RGB
1354,page-1354.png,322846,58A989599871178313ECB9171F4F83FBEC665D9216FCCE58D5919B195B9F8FBA,827,1170,RGB
1355,page-1355.png,300081,D8A2F4DE49552259B11BB9EC3021B9BF35549644CB108236F2B196388594F52C,827,1170,RGB
1356,page-1356.png,293198,7F673302BF3BBF8A9D40BC54AE0EED3FF4D5F00C273A4493EC1E067559788C89,827,1170,RGB
1357,page-1357.png,320009,E8F50CD507E8B7EB8DA188CA5C7736A75E3690E0659C03403D46E4B68CEB7A57,827,1170,RGB
1358,page-1358.png,228354,99CBBED4C4E225B41F876FD30FC4C0F721B7FF755E95B0D343EF33544633766D,827,1170,RGB
1359,page-1359.png,293748,7CE9A96035E62CADE25BF8CAF227594C73BFF45900A4040669A94332FFB33020,827,1170,RGB
1360,page-1360.png,235650,2B3B08643901DFB398FEAB682B4398C53B8ED5B7A876074174267210D7DEABC5,827,1170,RGB
1361,page-1361.png,290691,E988D8C75DB04B1C99C0C8DF441DE23900C7BA1523516F5BD0C67CD079EF08B3,827,1170,RGB
1362,page-1362.png,299195,F4B7A68C35C2C913AB35862DFA802BF1611C5DDB48483B9735D9974895F5D1F1,827,1170,RGB
1363,page-1363.png,72847,A20AA4BE43EA0A1C58C96474249EE65D205DCFE7EE0E119355ECED7BAE09B3A1,827,1170,RGB
1364,page-1364.png,194559,7FF516578A297CA0BD8E15ABC87EA9FF58FC1A1C0852B40705B102DD508085FE,827,1170,RGB
1365,page-1365.png,271324,6DEA3C9E099BF664017FEB65D8D0C8B66B9745D2F98590EA4E51FBFA8A6C168E,827,1170,RGB
1366,page-1366.png,188301,325149539969F3C1E00142F2EE7CF502507F28A7DF4836A175F82AB7F403FF6F,827,1170,RGB
1367,page-1367.png,276200,0D7D6C0DC661141739377D0F75BCE1ED33CD988B75CF521E685DAC4517D03BEC,827,1170,RGB
1368,page-1368.png,205575,8F66EE7A00082F4D0CB259BE063CBD9ADB14960E9C7EF32A37824028C3391BE6,827,1170,RGB
1369,page-1369.png,290860,D54F02FCE4D9B2B2DCFA27234137FDE3B295A876B177627CAE8B4C6154FB6C81,827,1170,RGB
1370,page-1370.png,257567,4C78CEA95C89BE0BB3C351F940DA39D7D3564757A3ACE5122C1D5CFC77C63E68,827,1170,RGB
1371,page-1371.png,268973,3C8ADB60025D2836E76AA9B33267D742764E24B401A6F742D83CF355CAEBFD6A,827,1170,RGB
1372,page-1372.png,288363,1CAEA7780FC099C39AEE5CC7DF511D4CCF45A9D8E65FF83B6DBCFE4C892D6232,827,1170,RGB
1373,page-1373.png,266021,6794DD25CD3243D0584D69285A780AE96B3AA6E0025C850AF936334C9DF503B2,827,1170,RGB
1374,page-1374.png,307375,219E58559F9624213959C679194E5BAFAAB1F1ED0F048EE7A570C7393B5A8711,827,1170,RGB
1375,page-1375.png,310318,A39F7FAF5C823462B35D463DCF4E9EDA340D5914C44869648FF6C516C22ADB1F,827,1170,RGB
1376,page-1376.png,308797,09FD2DEC179FCBBEB5941C60693B3991C7C8E409820D6D8DB1496CE552D48153,827,1170,RGB
1377,page-1377.png,286726,F2840CAA222A51552C8E96B8C2A22CE9346E2C01DA8238AEA1D79B11131ADDEE,827,1170,RGB
1378,page-1378.png,314473,0057E2DB04941AEE1DB0B710F24DD0982A6B1FEC44098A93E2441B2E835F6BD3,827,1170,RGB
1379,page-1379.png,255279,EAB8800E6A4CFB76BDAB55ECC93B135ACC77FED6B5150651C0A816C3DAD0023E,827,1170,RGB
1380,page-1380.png,304318,B69ED74BDCA71599069CBFA55502BF383DBC1BB84A47003FC3ED1A63488D9574,827,1170,RGB
1381,page-1381.png,329944,DB8DEADE5510B54D20C0FCE8FB9A172E6EC2C35DFDA0DB255C3DC436F3622587,827,1170,RGB
1382,page-1382.png,291671,46C2AC9F5FF90DC578B977853E49C77EE97D17D9EC4B6DFE9436B2FD62132AE3,827,1170,RGB
1383,page-1383.png,311890,9E1481750A27FE9B160598DD2495B54841CAF4E5247964222E425F70F2CAE48C,827,1170,RGB
1384,page-1384.png,342954,DA5E50917A0E73C859F751DE0B508F6F2EBC8F5658E65742D94E2D64182A15ED,827,1170,RGB
1385,page-1385.png,282680,92A200EEC28FDCB98B6FC92BA6C7EC6A594E0DB9DC7F6402414518A31640C6A2,827,1170,RGB
1386,page-1386.png,242721,FF6160A36C48AD8D5A555F1BA2B66E2EF6CB8118B19B674FB10B9BDC1876538B,827,1170,RGB
1387,page-1387.png,223220,BB13BCEEE86414D6CAADB5CAA8A6F6EAF6B936B2DE4AF9763FBC9E06B551A476,827,1170,RGB
1388,page-1388.png,94006,8833D9E39085BA63F7A50C5C45BC0257D0EC8EAA0E0EBDE324A474F875D3B5C1,827,1170,RGB
1389,page-1389.png,195719,3045CC5544F1E0B0C607C5CA198D3F7D0C7E9002522DCEB8CC135FC171ADB3BC,827,1170,RGB
1390,page-1390.png,270184,021FFAB5BA86F903B47795C342A6BF2DB9CFECB718954A51EF58A54241B7E6E4,827,1170,RGB
1391,page-1391.png,227716,4C8A002B47907DFDF30DC0F101B14A376AE19A5FEDC6355BBC5733C30F67B1FB,827,1170,RGB
1392,page-1392.png,205654,08C16D5D09BF7F831F7E2853F8AA1CF3133683E35A97DEE5E0D1D956B9F30E52,827,1170,RGB
1393,page-1393.png,250653,8FC461AA2A02D63939BCA028CCF74509975D359B2E626FA67735D7EA18DEB954,827,1170,RGB
1394,page-1394.png,205435,C9F36F5AEE743A8AE44FDD13C954824F13408631EFFDDF7319726CC329E1CC23,827,1170,RGB
1395,page-1395.png,199775,F932084729E26B05CAE0399AD8279168DB63F6D38A371CB40FED92CD8904721A,827,1170,RGB
1396,page-1396.png,233612,947596D0BA12021DD6B9D628108C953546757CBEE9BAD5AE9F26BFDC8FBC0B6E,827,1170,RGB
1397,page-1397.png,261867,1486EA66F316C23CF6FA4877950C5957F843D7455E4A47FAC1F5A96A170BB73D,827,1170,RGB
1398,page-1398.png,255462,ABE1E49639C07B5915458AEAB370132A7E36FD19ACD3207C375EBDB154926A73,827,1170,RGB
1399,page-1399.png,233773,D13487CD9F06304EBF28C53FABCC511DB420E0A3D14BBB9715D039A7AB2F27C4,827,1170,RGB
1400,page-1400.png,207717,955A254651E5F7F374D50BECC6F63C32875762DEECD5E61786EABFD49DD2C19C,827,1170,RGB
1401,page-1401.png,241339,A95A735A49F1A6B15F4E785AE48ADFB7A3949DB53C84357D2A8FA484DBAEE82F,827,1170,RGB
1402,page-1402.png,289889,315A5FBCB29AEDED9182B34588FBE42AED41A5885980067A886948896CA0E3D7,827,1170,RGB
1403,page-1403.png,232372,78DECC6CD43526DA4A793AEC15C9D3EFFAF080BDBCB10F427DEF8B632529CD78,827,1170,RGB
1404,page-1404.png,247257,CE6487F801A86201E66759219C4A922E7DAE9821DFF8E1A0B0B1015A008C42A5,827,1170,RGB
1405,page-1405.png,257022,CFC7DBEF71275BC10F62B6E5E0F60682A8C1BED390E4494C74FF749E8376BCF2,827,1170,RGB
1406,page-1406.png,224117,D62C3FCF80E2A89351D0B4F2530952715035E2CD62BCF6234BCC24A91FE82DCC,827,1170,RGB
1407,page-1407.png,278656,13B60D3FFEFA43F42616608B6D913FB66FE781C5C451AE5673F660642C77DFE7,827,1170,RGB
1408,page-1408.png,279434,B75E045C6B2357DDDB830DD7D1D513F2CE2A19E174029FB2714F24AD1A013AAF,827,1170,RGB
1409,page-1409.png,253609,134A0017F5C73A7FC9CFD2C75E368A7EFB6BF19A11263B35FABA56B5975B3CBA,827,1170,RGB
1410,page-1410.png,247068,8D893026AAF4955E8572F9B783E3D4DC163C3A50CAE27412EC776EC84B2949C4,827,1170,RGB
1411,page-1411.png,214265,8B85A1133101AFAD5EDEE5495E2FF1CEC9D7CF80966A290829FBAB82EFA3E3D0,827,1170,RGB
1412,page-1412.png,239098,D23B2B558FCF2E5B78FF62DC374889EF69D822E16957CAE40CDCE5C333B624AB,827,1170,RGB
1413,page-1413.png,258501,A50C929205A8D98440F9A96DA8A54CF1EA5F2BFEDB9E53D298F31D4BAC1C8BA0,827,1170,RGB
1414,page-1414.png,235482,AB633D4351CED7428B7260B3B8EC6FE2DE0048DE14D041771C8B12330E38F643,827,1170,RGB
1415,page-1415.png,240777,1FFDB2648B8D02408168AC5DA301BA836AE23AE0161A516F783BA4C9FAE0EE8C,827,1170,RGB
1416,page-1416.png,265450,7610C29F37E2BABCEFF46996E8CDC75829ACE96394FBABB4E0215E1B91F0423D,827,1170,RGB
1417,page-1417.png,236415,6506A760472C127070D3C156B6C2A99F610BD812B9515E50FEA764D701FE768C,827,1170,RGB
1418,page-1418.png,263996,8425C2C6B01869119C6810A5EBD20934E0515DF59C306336505849F3115C014D,827,1170,RGB
1419,page-1419.png,296368,3608D5D97F39FB3D5B42590BC1116AA0991ADD88B56C44ECBB37D203EC35472F,827,1170,RGB
1420,page-1420.png,283766,847370F56E1C5DD13A9BB89F132EA5F1F68B1C88C580AC64B35A0A8655060E7B,827,1170,RGB
1421,page-1421.png,240189,0B455F5C135A81A825367D16B77DCEF51C9A3FC7023178D78FF26F01E8ACE47B,827,1170,RGB
1422,page-1422.png,272591,EB3D5BB98D1B609078EC2EADEE3469111AF6B4ED2B796D8A90DB30DCFD627098,827,1170,RGB
1423,page-1423.png,313702,C52233C3AF4A93AD2BBD47FF0E85C93B791B80C2197CE6C470DDEE283928024A,827,1170,RGB
1424,page-1424.png,250707,576E37C431441368870246E06936D55F111DF08789A0FA79DCA480A0724BF05C,827,1170,RGB
1425,page-1425.png,195908,E4CFE8D69B09D1B0896E33B1E52373ED3BF78F905CB7CD5B1DEA504055739C60,827,1170,RGB
1426,page-1426.png,259128,D1289D8F7D3DD6B7E2740C003EBFC986B5A40FCC97BB307AE75EC4FD3A54CFBB,827,1170,RGB
1427,page-1427.png,236384,27997C456AD74D3BBDD60D4C0013E675DC876423C62868DC7FB16AEBD47F4658,827,1170,RGB
1428,page-1428.png,252782,AE8EF37DCFB2A8156AB8B171D2FE4493C2513E05EEBD89CC95431EA6E6C3C611,827,1170,RGB
1429,page-1429.png,276219,A3B5BF2AD23CCCBB539B9B3CF1C1997C9C1C14AB1290B709CE34F1BF7688B246,827,1170,RGB
1430,page-1430.png,207892,7C782AAD7C2C2A84AA5EAE0A40F0F2797B95B2D4AFCE8005E5FCF3C8238BD546,827,1170,RGB
1431,page-1431.png,202705,C9033B65949EDDCB3A744995D40C90166A416C9BB821A3B4D2F3337EF9A02A2D,827,1170,RGB
1432,page-1432.png,287000,5A563E8C6F3D5E9A9A6D88AD3073632D2FC5297928055F04F2A8004D953207FF,827,1170,RGB
1433,page-1433.png,247268,1FE2FC4734E63CA29F741DFE0620BF64684FBC84401405D1E7BA77BFE3BB62F8,827,1170,RGB
1434,page-1434.png,268854,A1EA3E1986024B6E455E17DE118EF6888FED93C590E3E92A6F758E1EAD7333C2,827,1170,RGB
1435,page-1435.png,260042,F984D099496F25145BACD841BD0CAA8B2D3C72FB7B16EFC7818717CDCB21DF64,827,1170,RGB
1436,page-1436.png,233372,F58A0A7B2238FE768258F375AA6D85D29C94B6613EEC5E4E189E430437545D6E,827,1170,RGB
1437,page-1437.png,244421,DD13D18808C42711A646B42B418751DFCA64491087B88E7ABE951EF6D8801BA9,827,1170,RGB
1438,page-1438.png,268342,BD3719EF70F796664123DD765996C62CC8A135D4BE50837621FD77B68757E0B1,827,1170,RGB
1439,page-1439.png,265686,260C15C530927699E5838BCF329E9CEB500D5A883630DEAFAECF61F8F00C075C,827,1170,RGB
1440,page-1440.png,289316,D36BC633596FD4BE084248E68151BED22957D32055E08DB38314ACC58732A26F,827,1170,RGB
1441,page-1441.png,297948,777BAF9DD3B7438352F23968F521CF02C830C27EEE25F7A5EDC65E197BBF4CB5,827,1170,RGB
1442,page-1442.png,242852,E15706B2C20462A814BAC1B4F40F478501897AD0A62F01299D36A2E6FAD17062,827,1170,RGB
1443,page-1443.png,213018,E845F2EA164A712517B536790031F7EEF1B0A96B9D8CA5B68761974BA219C0CB,827,1170,RGB
1444,page-1444.png,289792,2ACD0AE4FB9622F659A6D6EACF2B92716E7C312167140E9B9B46D2D615F1ECB1,827,1170,RGB
1445,page-1445.png,268507,518412D0777F0ED4CDC2A489141CC279973AE720DFE692AE12DCDC8AFDA6E4BE,827,1170,RGB
1446,page-1446.png,210019,57767E4A86E23D0FA8D9F1477C22885DB31EF4ADDC33F091ECD722A2AE5FAF5B,827,1170,RGB
1447,page-1447.png,230610,C91E6A4A90ABA8D3DC7151D5AC26BC1C43CADCFC530F23D64C2FAA4F19104DCA,827,1170,RGB
1448,page-1448.png,257019,C03F050C7DD5E41B6BDD5F9702C829256C995DCEF47248A0C59F8FDBF4092C33,827,1170,RGB
1449,page-1449.png,250418,2E9698BB19C7210A8C3A55A51A645948244DC49D2C93852A68A4EFA9E2EEB004,827,1170,RGB
1450,page-1450.png,230435,31AC02852FD52DE67FE5D107888931E202D7C5098DFB85D06D516ADD05B11ECB,827,1170,RGB
1451,page-1451.png,261779,C297D7E0E5DCD1AE57F43E44DEFFF7CA8A49EA941B12A933D19A6BBA89962949,827,1170,RGB
1452,page-1452.png,398586,4FC1D5EC8DD9B9A177E5E06D3C1BAC481B85CA08C747438411C8FC24EF400A5D,827,1170,RGB
1453,page-1453.png,380881,5747C04D2684333E12396465BD61B6BEB7B16E85A5EE3A76795670D6C36A79DD,827,1170,RGB
1454,page-1454.png,292506,AC4A2BEA6C450E0CB0E310523198B9F76464625544AB79920B71CFF42A19D577,827,1170,RGB
1455,page-1455.png,310649,43B7433FB0664E196000E0B26C782637262CFCDE333A28BD141EC25B22E169E2,827,1170,RGB
1456,page-1456.png,277115,1BE9749578D69958E28D94DFF4832259728A067E5BDF78409F9138E8FAA24357,827,1170,RGB
1457,page-1457.png,325009,9CED452C6B1D4CA5FF04E78DC533418C93F30792AC4C719DFED47E63864789EA,827,1170,RGB
1458,page-1458.png,339897,B43A59F6D46E98B218FFA117D1E35AF8AC4087356BC5C7D71505A8D32A30F1CF,827,1170,RGB
1459,page-1459.png,214460,6AA8651DD0379B40B56A87A6C52A794678352DD092D309417A67144559227713,827,1170,RGB
1460,page-1460.png,315395,A1FF6482A78109CC7BC56D9362F720C92ACB817D45C2C9EB550C58705E89F173,827,1170,RGB
1461,page-1461.png,278485,6BAF6F644ED83A72BA78CD711F670EB23A703698DF0344122674E21BB727164E,827,1170,RGB
1462,page-1462.png,231752,5D2688EC7E7EC0145B8DB1D08197ED1B48D61BAE414568514C1F5E3D4BD2C2BF,827,1170,RGB
1463,page-1463.png,335437,3226408A4CD47C0C519445F240DA429D1669A7620F3EC85C4020386F72808E40,827,1170,RGB
1464,page-1464.png,277508,CA2CA4611BD3EE44A569F67CC49170230CE8774C30DFEDC66E3A426A446A9AC5,827,1170,RGB
1465,page-1465.png,282296,7F98DC5CB01F71F143547E79DDD7E99BEF1DB262FFCFF6316A5C1F30CB13DCDF,827,1170,RGB
1466,page-1466.png,296198,E24F861E40EAC0DDD0FD6F3C4DAF45AC3016FC79AE484EE1B85A2E1B69FB1F65,827,1170,RGB
1467,page-1467.png,350315,82D9E371387D7CF4EE6D9D6E10C0B0008E377B55EE8E1D6FE261ABAFBBDCE292,827,1170,RGB
1468,page-1468.png,311562,7DE4CDF74895B860640404C3DFD10DE446AE62001C4A30A41CA4F54A2AD47FEC,827,1170,RGB
1469,page-1469.png,271222,FB4AB0038465D5351BBEE30F808A830E97BF96F1ABD40DEA3A0E3C02B0B5E634,827,1170,RGB
1470,page-1470.png,299829,C4D3D360A817FBFCB1ED0FC2956D5E9AA83E6E580F5DCFD8F7C02394C0B988B3,827,1170,RGB
1471,page-1471.png,301127,5F94EC7213CBE7EB5CD5546B81AB1946131D03AD96AE8870B091EB1A2A0D897E,827,1170,RGB
1472,page-1472.png,350968,FF2C26DD45BA06875C800E830E2F4C62A33990997579A0FB9C9ACE276AEC4BE5,827,1170,RGB
1473,page-1473.png,371893,4F1F72967369D576A46D0193F73F7412DA5D113820BBDA83E61549031FE6157E,827,1170,RGB
1474,page-1474.png,374736,D4FC22FDB86EB1AE9EACBD882E1F958B345C5F5F1CE54D2FBB58662078E501A5,827,1170,RGB
1475,page-1475.png,331886,2008A721BC3E0CE04C6620766025CB7618AFE765EF526EC569C5BF93A24CDA5B,827,1170,RGB
1476,page-1476.png,275872,01CEFC7A74FB6B77DA279332BCB6FC1CE0AFEC5EB37000A34C1D155F622C9A42,827,1170,RGB
1477,page-1477.png,214551,A1D7EFDEB9D8CC34271CDE22D8D45BE3937B584173D880B98C8B8429729EA070,827,1170,RGB
1478,page-1478.png,262212,3D1049C175F713E9041A71D56CFBE76AC0EC59B09495FD6E11A09359A5B04AD0,827,1170,RGB
1479,page-1479.png,344046,F75785A9824A0733B5B62685D4A5E7B1E5A8623D5A052DE6367BF64724B8A51E,827,1170,RGB
1480,page-1480.png,369923,27F3B9777D98888B59C153650702B194700814589E597E8774EFAE4131AA888F,827,1170,RGB
1481,page-1481.png,264957,01877ADC249A364E39B22FA6EA7B4922A4FD002881D726F9643B44C90301F01B,827,1170,RGB
1482,page-1482.png,272939,40E7ACD0FD359E2339643B19927DF27BD2096351223A1544888BE0348070C3AA,827,1170,RGB
1483,page-1483.png,275083,B1F4DFF4C5190E1269240C215ACEC2E9F08FFEAB3F3B112B6F2C24E1A4205588,827,1170,RGB
1484,page-1484.png,276161,BAC75CC77317C648DB6D04D629762FF0E389F038522F7E5D3BCCA07941E8D5A4,827,1170,RGB
1485,page-1485.png,290791,F94538602327329A2DCB1FAD5B8F508AF1DA182D4EA83387CAE174A91B94BE7F,827,1170,RGB
1486,page-1486.png,307039,9D37B1152251EB496C3E586209BFE0571676FF5685F5B86BDDAB1852A008772F,827,1170,RGB
1487,page-1487.png,307534,C6C52316AD78365A2D3386F063FCAA84AD1602C39F05BD41A2F39146B1B7CFFA,827,1170,RGB
1488,page-1488.png,228107,053C0CF52A4DBCACB0E7EB9BEEB641169E3E2C9DE6F983314D95A21B8C9CB86E,827,1170,RGB
1489,page-1489.png,285972,695B895436C1D923675910F2EDE778A9E675E076150AE7C630420ED88F5B803E,827,1170,RGB
1490,page-1490.png,301543,6063EAA157AB2B8555D80EBF04B5408E8A108FA025D21034D38791F4B9FB7D8C,827,1170,RGB
1491,page-1491.png,302979,9F65342C6E583D35EC082FF91BB2DC5BF10B51CF9C357EAF82EB4BDC5E1583E6,827,1170,RGB
1492,page-1492.png,266482,C0FA41415AD2A63DD2E03504D3FC2EE29D040BB0CEED9C5B8706848687584339,827,1170,RGB
1493,page-1493.png,314357,FA8C7FF73510178C6F2A00BB73811723B412A4E072E5F1B814B40009EC7F4A01,827,1170,RGB
1494,page-1494.png,273316,904E0DDE5A051EEA5C3DC202C52EB82B8E4357D26C9CAFC21ADC9F83F680E2AF,827,1170,RGB
1495,page-1495.png,87987,EA89C44C919557049871E00C3694E0645F1312B5E2E79D7F8A653F8309969CBA,827,1170,RGB
1496,page-1496.png,262610,2790370DC2D80DE65A10E6D6E37AE5BFAFC4A95B446C707C352D12CAA331621B,827,1170,RGB
1497,page-1497.png,257497,18E548EEC7B79C7EB3951B24BBC94C40A0D297B7260B63A6A883ED5FF646DDFB,827,1170,RGB
1498,page-1498.png,264695,2FB76225F0A57BFD014364F222895305A26B919022934189B2F27534B920F898,827,1170,RGB
1499,page-1499.png,242087,7AB56BA02E520B51AEAE9B3D60838ED76468F14F4F7605865DDA4BE22FE37305,827,1170,RGB
1500,page-1500.png,308815,4D53E8A93F2AF32AF6E5DCD1ED8B233F13E06A6B91E659B54212AFAE34D7D9FC,827,1170,RGB
1501,page-1501.png,246244,E3629450F0BD33923780C0A26C176340246F843D0B441AF6089539D387D2ED74,827,1170,RGB
1502,page-1502.png,209983,B5AD6A066B929D16811148A416D5D78DBBFBDD4E2B80888D48A819E7C392B3C6,827,1170,RGB
1503,page-1503.png,309385,EACCEB34D1678D61F9E56076496A3D707FAAD4E90AABB3C985D075E9CEA9FB03,827,1170,RGB
1504,page-1504.png,309309,EE93D7E25C7286E45260BD2EA61D9A609ED19F428111CEF36A1CC2BF79BBF368,827,1170,RGB
1505,page-1505.png,309725,DB41DA41D1B5E5E1A29E5AC4B0F910E4BE2AFED62462B8460D1423873B1A4DDB,827,1170,RGB
1506,page-1506.png,297401,351EE96CFBB4863CBEFDD1BD78312E62768CE78C8FE0850FD109CF2F423DB17E,827,1170,RGB
1507,page-1507.png,342360,02E7A0A929697DE13506FFCB4AB61D91C69FBF7B4181793C980DCEF840A0ACE1,827,1170,RGB
1508,page-1508.png,227677,CFCB124AAF82DC828FA34FD38B89CD97B07CCEBC7FCE3C130C310FA60238EEE3,827,1170,RGB
1509,page-1509.png,221026,038D8C37685F48A4CD2E28379A765AA5B36B233579AB461ED9DD9A58B5E12D30,827,1170,RGB
1510,page-1510.png,318806,559F34D9F97BBAAAA8FA71C0BE1FB4899465EDE932BD0997D5021B9D6142B726,827,1170,RGB
1511,page-1511.png,276925,E6CBC688DCAA7C0E425E5F82D7AAD5DF7B5AE60138158208EA18008C60BDF22F,827,1170,RGB
1512,page-1512.png,241282,2D7345053CBC283F9B43E46032701C6979C18E526CFEE634A483AB46A121E5F8,827,1170,RGB
1513,page-1513.png,284241,C59B7288FFFB510BA7957214604A2372B45A32735DCA43212D6B8BD40A714B7B,827,1170,RGB
1514,page-1514.png,261351,7C04882E0DE3BDED7E7F0BB08E7B52BD3FF612550D35A83845AEE57BE5B2677D,827,1170,RGB
1515,page-1515.png,336895,8CF0D13B7D64307CB213FECDF4510D9BF9AEDB92283C6CF31AF206717CB36565,827,1170,RGB
1516,page-1516.png,317860,0536B5976A8F552F2AF1253E2C18867B220AAC57EE45773FD64918C8B3575541,827,1170,RGB
1517,page-1517.png,247535,2C683E5686AB4994250725990EDFAAB27B2B1BD7B499DCD479E675CD266506CD,827,1170,RGB
1518,page-1518.png,275929,88CC7F6CCF07DA59A91D9918C592B9C0C688283191CACD40BFEACD3092D495F9,827,1170,RGB
1519,page-1519.png,245944,75B4B8CE54E0D8875296C6239D67A7803689363D1602989D0ADFE8BE6775A5D4,827,1170,RGB
1520,page-1520.png,218747,28A87DBEA2E0B4454A25AC0D8BAD82AF174795E9D2E4C6BE8B95A44AADCE34C8,827,1170,RGB
1521,page-1521.png,315358,D32026F534B9C1DA501C7E0B35ECDB31885869533393EE7E4EBDCD3B2C855CB3,827,1170,RGB
1522,page-1522.png,261759,D8750DFAE219ED04B89711EB97670808C98197AFA8481CC3127ABFE41F5F6195,827,1170,RGB
1523,page-1523.png,296721,588894F7CF7CD50CBA5DC6B8319D714A49C17F5F2ACB312B4FC34B83CFB32E15,827,1170,RGB
1524,page-1524.png,362721,10853FF3C60F259992E1120D642AE9A93562241E6966CE02E699860DBA05C93F,827,1170,RGB
1525,page-1525.png,326051,BAA828E155E862A23C9FE965FC4140A095B2F9FA51B816FCEB566806CAADE2A3,827,1170,RGB
1526,page-1526.png,308066,0A40B3ED2E9BAFA0C96FAEC7E9F036C48C21435EB506FCFC5B80629EA9D03975,827,1170,RGB
1527,page-1527.png,308120,17FC6DE68C792B41B307716AD6657106E1F021C136E4F3B3773066AFFB6140FB,827,1170,RGB
1528,page-1528.png,234579,314A67B966C8F2F27D1D5ED58F715E228FC545814F4FF987E0132A76D2BD3FAA,827,1170,RGB
1529,page-1529.png,189467,E92B9D241192B660911E89A56DD70CFD65883AB3EAE97E59BA67C0A50A5147A6,827,1170,RGB
1530,page-1530.png,202730,3964E07989CE8F10907D39A4DB27EC4BD0D4768440E39140993B5EA11EC85BC8,827,1170,RGB
1531,page-1531.png,275356,E62212A11910CB8B3142EA6703BF3ACC7022306AFF5A3301A20DD5C5FCAC3BFD,827,1170,RGB
1532,page-1532.png,243658,CAFF31306A3EFB72ACDAF7DA7425B5E3A57C7D165BBFBF51C8A748197B28CE7F,827,1170,RGB
1533,page-1533.png,302599,625E00CF529C0D8F85D23F9E7D7EB52096E0088239EAEF5A0A08B6081AB1D385,827,1170,RGB
1534,page-1534.png,220806,2B365AE68333833B0774B18FB477B20BFEB15576B6A089A7DB8DBA9727FC47B4,827,1170,RGB
1535,page-1535.png,279235,29C8C1ADCF24CFC7F44747CB8995A472E6E2EB0CDD50794CE886DCBE97347420,827,1170,RGB
1536,page-1536.png,335985,EDCF12E5752F05FFFEFC8F269C8B2B2F764C3D89B8B784B63F88C27DA25CECB6,827,1170,RGB
1537,page-1537.png,278801,4FFC6BD8C9B87D889B8BC447E81E0E0A99F184579767714D441F20471CF6684E,827,1170,RGB
1538,page-1538.png,379789,ADFAC6BD4B86EF4CDD73657C73D03324ADA00DF5DA6CFCD537E8B41EA75BFC26,827,1170,RGB
1539,page-1539.png,340207,2A85BF813E4DA92F4DE31DBCA1AD6DDF43F989185E8ABAC687EB3CB259BB94D4,827,1170,RGB
1540,page-1540.png,355873,F605EEA55B37BD01CF6CA97E88CE6A5B30CD1E218A16AD3E5F8F4E77E9319F80,827,1170,RGB
1541,page-1541.png,292216,7A310BB18AE3836EC27BE879AC3F8747D2A2E7E9A22553CB0DD8FF160A010AD5,827,1170,RGB
1542,page-1542.png,342762,48FB4043D1DB9C8B8012ABCA66591198562659E3FAEE04A0F831A85D0D7DE2E2,827,1170,RGB
1543,page-1543.png,238775,2EEE9ADF83A6AE20E10A6F425DE42EBB9CBF3E0A5CF43110EC443BF103B2517A,827,1170,RGB
1544,page-1544.png,314634,48B56A34DDFBCE78CB01B855160C2104CBAA3D7024733FC9EEB6AF55EA1C6B86,827,1170,RGB
1545,page-1545.png,296011,3EC14919868D144DA60A25AC9BEA77A4166544AFD23400D1733B4603CAACC6F8,827,1170,RGB
1546,page-1546.png,321099,AC205F9AD65864A0AC10A891459CDA3ADB501504D7A0905B262A6887F513A76D,827,1170,RGB
1547,page-1547.png,311680,B79E85F888F07471589DD1B10CBFA3FA5CB8FF2558020696D2D922CDB44559E6,827,1170,RGB
1548,page-1548.png,303094,CC31B2F0F1283F03227DB0504E200FBAC2F8A1BAE0DA0CBF633DB563F506CA04,827,1170,RGB
1549,page-1549.png,380177,7B3EBCD1F7C0111CAA43F7A2C2C309A5CBEEF12D22DDEE588430D19F90FA4522,827,1170,RGB
1550,page-1550.png,277935,2BB5F756B90C5BBEFFA15D822B7F6657DA8B94251CE26682DCA1E1058BE0D6D0,827,1170,RGB
1551,page-1551.png,277065,DF574A8C84012213793385E6B821DCA6CD783147192F1C9BE306C1C863CD5548,827,1170,RGB
1552,page-1552.png,281103,729E08CF8DC56538DE0F32499E9D61D450E37E7EFB696B63CA8A5B699F0EF561,827,1170,RGB
1553,page-1553.png,277667,312533926C84C9D82F9358D35F2A87E56F17B1BE7C689ABCD0A02B4E177ADF72,827,1170,RGB
1554,page-1554.png,295712,3975D583AF6FCFF74425429E00DA25629F899DF6EC300BA4BD354F2DA8561666,827,1170,RGB
1555,page-1555.png,366713,93E6A0BF860588872CCE7B634319F9635D5039870D80285620FDF32EB61B0321,827,1170,RGB
1556,page-1556.png,309647,DB6A7B41F1DB262EC2567A7DFFAEB0AA898303BDD343088FD3B58046BDFF5ED3,827,1170,RGB
1557,page-1557.png,290639,4F138B63E524108F9F69622DB26097529340B3DE8B972644C2B791236C7B434C,827,1170,RGB
1558,page-1558.png,390240,2F65C80297693CEEEB2286B79C9C047E92F719F96D8BA6A2657039C65DC9FC7A,827,1170,RGB
1559,page-1559.png,290160,C0667B7AF761323A69B8A468745ACD1A2310BC6DAFF6024ACC5C32FFA00398E0,827,1170,RGB
1560,page-1560.png,285160,6805469BFE3AA4C299BD8BA9D6D9FB557009857F8C03F94727B658D36CAE936C,827,1170,RGB
1561,page-1561.png,366091,D87958BDE26D782112164850710CC3C36AFD4EAF5636FDFD84034707B7639966,827,1170,RGB
1562,page-1562.png,301492,7C34185CF9D94D6F5B2B7C3946DCBDB800A92CC6B1BF095E944A73378B13CC48,827,1170,RGB
1563,page-1563.png,319066,C840715B232CDFF1635828CD59849876F188591A65FE7D18DD1075B6DCE24FA9,827,1170,RGB
1564,page-1564.png,280279,1B2AF8FF23B38F68279BA61D887AC668A324A00F120AE3A57B7D2FB4A0AD712A,827,1170,RGB
1565,page-1565.png,257596,D11A00608D9D3851B183298615BBAA43E864C56A7C361F723206127AC486FFAD,827,1170,RGB
1566,page-1566.png,340430,45990AADEF0CC1DE23B4FC0038B70AACE573AF6AD49BEE946FD53101C8E898BE,827,1170,RGB
1567,page-1567.png,318607,4789742F74BA400B9A7000CFD8A3A756FA94A9BA9E745C3A87E1BE08AF20C221,827,1170,RGB
1568,page-1568.png,367862,A69EA63E1C8900C1B31C3D8BD952A92D9A69D69A371ECB0DECF96E5B09294DF8,827,1170,RGB
1569,page-1569.png,310848,96BBC3105C3D2316FE3ABD10960C40C5690CACCF9D536234815028C27942F980,827,1170,RGB
1570,page-1570.png,318907,46D90A35FB163DC6158660A8625A63F51ECF8807C4D60CE05EE5403F561F3CCC,827,1170,RGB
1571,page-1571.png,325742,285AE95695EDF5B662489F89E2E18FBD33131401F51AF1DDA572A8E118C804B4,827,1170,RGB
1572,page-1572.png,326383,3C17ADAA5EF7CCF29F200C59EE78F327F9CFCD38D41DD6CDE77F8BC5C69C2E42,827,1170,RGB
1573,page-1573.png,294401,C77BA573A7590D99BA1BDA51C600C14A691E76B8A04137AEB4A90E76A374310D,827,1170,RGB
1574,page-1574.png,263336,3ACB58E25E746E16FF79F94DEFDE1D5C68FE4EF20CB99E916EFD8768C735D90C,827,1170,RGB
1575,page-1575.png,266541,DF5DF69886BA454D3A69C3782AB0AB832E8598AB916F82C02A0494AE8DD57206,827,1170,RGB
1576,page-1576.png,318032,447FB8AA43DD069FBB6D44275B5E74A4A04D848D5D2F420FE3DA313721CC1DEE,827,1170,RGB
1577,page-1577.png,262178,4D14FE1E39447947FAEE345172C8EFD7338F356BA12B9B233E3655D163B1F941,827,1170,RGB
1578,page-1578.png,292094,C99AD19FA2092B20391DC9CD3893048C1492DA4E23AE1853C5EAF948E3F3195F,827,1170,RGB
1579,page-1579.png,311898,B6C5EC6671FB9D3D8510DA209B017C5A7BFE83EE535A46850154990A6D2E210C,827,1170,RGB
1580,page-1580.png,299515,67B6465547C926FE4C657AFA01C3EB065FE8C7DCA6B91C39FE3C14987E32192C,827,1170,RGB
1581,page-1581.png,312272,900040771342C2F9D1B601361DF1CF8808DEF46F2E42152A64018063075B3E1C,827,1170,RGB
1582,page-1582.png,313252,43921C167242DB3B90D610EF1E7E4C31D8F4C2D87A45965577C1EC580831A22F,827,1170,RGB
1583,page-1583.png,352903,5CB401EA864EACD96BDD8C89F7B8606B6EF477AB43A1C6B938FB5ADADC2CC86E,827,1170,RGB
1584,page-1584.png,270092,EADE9D910306A6C4D278103956BB28B76CEFF66625E7EB79BB322EBFFC53CE5A,827,1170,RGB
1585,page-1585.png,300759,F47B15689428FAD0213A191AB928A64B0056F4C6E91437F85BABBFAE2D02ACD9,827,1170,RGB
1586,page-1586.png,326955,753D5615C1501E46D07A1EDF55361AE8584B86229421DE86B0C4E0A2EDA557E5,827,1170,RGB
1587,page-1587.png,262432,C76AAC26A81CB30FA5D0F79F08E89ED7AB4B929D951B25BC1C24DD097AA640F6,827,1170,RGB
1588,page-1588.png,270377,D45C9250F0BD70300A25E8783AA5167DE3DE61D220CC007132275338AF65EC85,827,1170,RGB
1589,page-1589.png,288335,9C0D2124A0818247451A123A6A0BAAB083A4AEE82ACD21CCE8F563ABBA7E7ECD,827,1170,RGB
1590,page-1590.png,339911,BFBE194A8F9419104D79EB4206D82EDF0FABA7A2248154FE1C27E6B9CA735AEA,827,1170,RGB
1591,page-1591.png,316052,CE15DAD44EFA83566F3472F40EB12037E891D61B87A548A99ACEF7EB231F8007,827,1170,RGB
1592,page-1592.png,294105,3C1552F3118D7ABA39210150B1CB2509C72408984174E2B5850A8A00BE90BB96,827,1170,RGB
1593,page-1593.png,341488,CCAECB98EB037C16BC84B01A3C0E948FF79A2428DA5D81A0C8710FE8A55EA7B4,827,1170,RGB
1594,page-1594.png,306174,9B9F12187F9CDD91A63A50AA8F7458439764C768FA086C59653E4DA51C2DF34E,827,1170,RGB
1595,page-1595.png,332318,9F8459E2832C39DFA9825B6112A7462D6FDFE4DE81F1A20302EE50BA0BFA484B,827,1170,RGB
1596,page-1596.png,369595,C9A1EDFC5407BEF442AB6EFBF7BE3729E2057522439FFC7FCCA1BC7CB6133370,827,1170,RGB
1597,page-1597.png,321124,01195A087FDEC6B32C2DE3D5E970FA6A1F2AA24274EE6678E2E61305318953C1,827,1170,RGB
1598,page-1598.png,292143,9A692D4BA4E4C19164528380ED02681B54C2DA55F7AAE8A5E86D39A9C3C3E3BF,827,1170,RGB
1599,page-1599.png,328326,0BBFBB960E4C77E77136DB26A6732538E68187683AA2C88F10547B631BDFC041,827,1170,RGB
1600,page-1600.png,332275,1B707BBCDDF34E1C6021CC878AFB833CC649AB06B40EB596F9713D6F183E8844,827,1170,RGB
1601,page-1601.png,331673,7BBFDD57C9A6A5EC6956B123EE884A8779573AC41D9730EE336FF05C5D8EEF26,827,1170,RGB
1602,page-1602.png,339384,32563279D2AC238E067677195963D013E1B09A4EA7502ED158F2BE9201CB81E2,827,1170,RGB
1603,page-1603.png,372084,3C3DAA7F62026C640E3931EB75B715D2553E73221BE955C0EC70BE71B443BEF5,827,1170,RGB
1604,page-1604.png,296807,E9EF724EA281E9B1DC320777053285011B5ED675552F2E2FED467D4FEB06B91E,827,1170,RGB
1605,page-1605.png,358535,6685CBBCA04F6B941DD5D473B468C4C38146744B0F05663C28ECD0F7C8C1FFC4,827,1170,RGB
1606,page-1606.png,299345,294D58E50D972181F3E559ABF0A37F526C06F2DC294E0347CFA8B516602CD880,827,1170,RGB
1607,page-1607.png,305431,EB8912A83F60475D2795A3EA96C118C9C70BEBE59E798545429F508A6DF874CD,827,1170,RGB
1608,page-1608.png,333308,B8664647A254E4D8D8E38CAA30BFBCDDBEB7EF0CA2A39AC3518BA77ACEDD84FE,827,1170,RGB
1609,page-1609.png,322553,6D031DD83C6479D44D1FF2620733D9A741BAE83316D13F0645A461F009DCFF6B,827,1170,RGB
1610,page-1610.png,334985,BF6FDD8466CADA1039C45F3108A7ECBA96FE1F64227FAD13BCAFB73A71FA1095,827,1170,RGB
1611,page-1611.png,328051,80FB49C43488F773CB9F02EE9C29A744320B810A5A06301824B682B4629B6BDD,827,1170,RGB
1612,page-1612.png,229586,2E86FBADEEEF97BB28D5B00D86B4963A19DEBECFBF0429A7AD96E64451978BCA,827,1170,RGB
1613,page-1613.png,275000,56A71601C6B3BC992B235B9BF9429C1CE4E4B001AA1ECE2C3D2E4CDE593BAF22,827,1170,RGB
1614,page-1614.png,341148,FCDE0905DF19C5EFC78B60B07B9500FC55E08E7E7A945123939ED5B5C3B635A6,827,1170,RGB
1615,page-1615.png,298631,918426086644661C4D31EC259346B34A537A40AA83DB8EACCC861B3428F23F1E,827,1170,RGB
1616,page-1616.png,298949,928356E2EF65B468180AC5539310DFBAA9B53753E319C09D249BECBB2D5EDC80,827,1170,RGB
1617,page-1617.png,268076,E0F723BDD1DD484D6A24700320D568382F63DE08F953D9E7DC249919AAF07947,827,1170,RGB
1618,page-1618.png,235629,F5E749FF2445D2510F4FC8A0804620B7C47BAC4FD4F55637766D0FEE4D6FA422,827,1170,RGB
1619,page-1619.png,265488,A710220C6608BEBD29CB233955CA8B01BF558BC3F6CB4A59C247B497820A5807,827,1170,RGB
1620,page-1620.png,308504,84021870EDE4935954517BA8C6303E0DB82E3C5E335B4E196C8AB5550C9C97BA,827,1170,RGB
1621,page-1621.png,239982,D393BC419C13D35CC64F9F30F3AEBEF7F5ABDEA2E876B31E2EEC53E37DC9D6BD,827,1170,RGB
1622,page-1622.png,277101,4DF4006C9980B67B3F21DD586645B8B84C74128C26C755CBBA640C671C0E60FD,827,1170,RGB
1623,page-1623.png,296540,849BD9F1142E6385C6B9A090217950FB3914D3EBA4540891DD534E98EEFBA1D1,827,1170,RGB
1624,page-1624.png,312307,F86E94D170C6E87EA1F711077E25A6EE99ABB29968091F151EDD8C7EBF3F45CD,827,1170,RGB
1625,page-1625.png,262775,DCEE1991A56473995F3D01D636CE6B3679348245DA2D3ABCBF5897AAB3532B90,827,1170,RGB
1626,page-1626.png,231709,720E951E7F7BE8C3237CBD924AB35E944E921804FEC47BFFFDE8699488F46F77,827,1170,RGB
1627,page-1627.png,170449,04D6D7B95F817E2A0B5FDB1DDC2130AD2A09694B2345BA791E6EBE9C79EB4B29,827,1170,RGB
1628,page-1628.png,328868,57FE8E14E2773E96621B568E92B28EF4E33F2E73D07C358E8D14847FFEA23F95,827,1170,RGB
1629,page-1629.png,333141,3CE59BAAD4DF36A048DCF5E8108068E839759BBD3638E0EB5B19FEB23EA1CADB,827,1170,RGB
1630,page-1630.png,293283,88E599E7947E8181E05A5887F7EC40EAEB0BA2A6C0F5A791C08DBAF55545B47B,827,1170,RGB
1631,page-1631.png,315506,9C2F4CFCF77784F3BA7D79E51459BBBBDE30EEC3B2EE943537A48728C1430457,827,1170,RGB
1632,page-1632.png,316623,80C8E7B673E281CF4E458330BE39D5C9999867954A407ECAC7F091D79C932B7B,827,1170,RGB
1633,page-1633.png,277795,3BC9873EEDAF86FF5187A9DAAA0680929A9856A17A407BD364A4E1C768B3FDCC,827,1170,RGB
1634,page-1634.png,222803,6C0CC0D38E526AB7704C6E16E5FF3E6D70422039ADF5AA7EC82C413985557983,827,1170,RGB
1635,page-1635.png,231307,51B81D652864518D13ADD3A5671C442E3792A96BCCFBB7A2C01A0F0070A48C73,827,1170,RGB
1636,page-1636.png,254245,6EE8C1A958DAB2029C60FA94471A940DDA37966AFBA2A82BC1B78B95B70F75BF,827,1170,RGB
1637,page-1637.png,376775,6EC91454243B99B53E2BCB090CEC7282F2D8E83BA252E19A7C473855F32F7801,827,1170,RGB
1638,page-1638.png,341641,C74B3D48C863DDF554B4CB3E8875836E987DB2B33AFEC7E49A33418930A76EDD,827,1170,RGB
1639,page-1639.png,344688,43082DAD2020B720373C2250BC42B3D1DFB9EF16A01604A3C750B3F5646977ED,827,1170,RGB
1640,page-1640.png,300155,0CDDF4F781F06CBE7D8F9CFAA12B0636CC75A0D92773A4AFB316FD8B1F60DFE3,827,1170,RGB
1641,page-1641.png,296404,34518CBF3F7B6DD9042B290C763EFEF5C0B1991D7B037B8737EAD60FA84ABB34,827,1170,RGB
1642,page-1642.png,300742,3AF0634C81D163F3EABCBDE03723227E1108B8F9529F56DC49E194A18CC78B8B,827,1170,RGB
1643,page-1643.png,256326,F0B43FF9906EE4474B04791C9611CA1400E5A0AC60C752C45E9F00CBE3F9A706,827,1170,RGB
1644,page-1644.png,242281,0280C503FFB800711FC3F41750874B1295B97875AE012C1BFB5FB79381506152,827,1170,RGB
1645,page-1645.png,274091,C2EA7CE3BE2DB026C58213AFE5E3B96100F3050F33C1CF7458415E89FDC02BC9,827,1170,RGB
1646,page-1646.png,306195,68CC3BB2BED79635B33036775CC4714409449DDDAED97DF18A1C79240FF29BC4,827,1170,RGB
1647,page-1647.png,240183,1118FAA22865EC656F72128E3A19D2E629BFD015552A60108C75A2FB5D664AA9,827,1170,RGB
1648,page-1648.png,238759,F9D4A9D598EB006BF9BB2BC7276A0B9C5B6242F8570DC86449397C49F973D6C6,827,1170,RGB
1649,page-1649.png,272879,AA6860E75A1436293ED0D4B680EB1948D8EBDBE6D1BA5969C064FBB423C45BD8,827,1170,RGB
1650,page-1650.png,305669,36FF4AEC7323427FDBF4D80BFA04CA91B4E64106A527BD3252CA59060353DCE4,827,1170,RGB
1651,page-1651.png,252791,8F0085B63503A4C6D29903A065603A88C1833AA513BD3299B62D79DF3531774E,827,1170,RGB
1652,page-1652.png,333937,D124A4C33D10430E004EB72DD723F9750CDA7A23AE441F520CC97730DC106E2E,827,1170,RGB
1653,page-1653.png,318789,104CCF4E74A8CA8BD63F0E1098E07C16E56FE3E6E4289CDFBD7B7DD694818DE5,827,1170,RGB
1654,page-1654.png,264166,BA46E2A5AFA9419D07E326F5366FE3B369B0EBB766B94CCD15EFE8BE75E406A4,827,1170,RGB
1655,page-1655.png,274163,911ED043C4E176D827106D30A2E3A7175B5A1560BBD8F6F91A673AAB50DDDABD,827,1170,RGB
1656,page-1656.png,298085,DE8EBBF27FC0B93F9EB65B31FAE76B73256D8DD1BF7EAB83329F2A550068AE09,827,1170,RGB
1657,page-1657.png,261965,E84E3337739FFEBA77AB6E70069E0DE249BE56C86239A48AA278B856E6672FA8,827,1170,RGB
1658,page-1658.png,331304,C6F9CC8604600081731C33C30C11A3828BE4DBA1611AFA11370A0F9862B901CF,827,1170,RGB
1659,page-1659.png,361573,C8D27DC80B61DB2F26A78D3D45593A952253E0F63DBDDA8A0D2C4D378F80D035,827,1170,RGB
1660,page-1660.png,286981,3A42118690599FD998E5F93DCC87D82D11353BE173D80E07E76CE13E20D13B56,827,1170,RGB
1661,page-1661.png,328982,8EA7D3F0DFDFA0F9966163D7D606A5EEE827208CE0297294924628285A666909,827,1170,RGB
1662,page-1662.png,300566,18BEA83408B9E73B20DD4B89CFF7C8B9B2C0253409DB92F71FF8E2E46708908D,827,1170,RGB
1663,page-1663.png,344881,11F48E61DFE01128982D1CF2FFF4849FEC156A731FF2BE5F46B3D149DA0E6E1C,827,1170,RGB
1664,page-1664.png,294597,A049D4227394A2CF2B733112AFE3509FF474389BBD7619949A04136E9D2758EF,827,1170,RGB
1665,page-1665.png,228870,9AB4F81A20414A0566D452243EBD8EB25EF4E04268B1813131D83C7623BE5F5C,827,1170,RGB
1666,page-1666.png,340317,EDCD4425288949C84902BB8FE938F4235FDD354755BFDBEEDF002B64E1169048,827,1170,RGB
1667,page-1667.png,267052,C7EAA444D7643CE44811EC35ED39913E3748DC12261A5DDE41C38BAD571D1D1B,827,1170,RGB
1668,page-1668.png,364639,357A225C590660F4E8ED62C2FC4FD4C93EA602C648898573EE31AA5C87CB4C04,827,1170,RGB
1669,page-1669.png,395932,304604D4F57AD6FAA2F45730EBEF3AFB381CB342B118018C0C3A507A8B27C186,827,1170,RGB
1670,page-1670.png,331435,DF067FB2EF9C8130C90E69A8901F4DDF93D0B4A6F729C885E8EC893D6D3CDC7E,827,1170,RGB
1671,page-1671.png,366142,AAB7FE84A866513CC9F3E1B058B1C5E94A76F503A39BCD278C7881AB9026A793,827,1170,RGB
1672,page-1672.png,337951,133032CF6A77C57DD12423747CCF4EE5FA8290B7F1BE666796C079C100297815,827,1170,RGB
1673,page-1673.png,317593,3D7DFC27530CB160ED8C00924B947339C6495A685D864BCBBB6E144F625032ED,827,1170,RGB
1674,page-1674.png,311932,B534D4AA5D9ADD9C7D6A05E53BF4B061F002BD8E595E308424E0F312CCF03DAB,827,1170,RGB
1675,page-1675.png,250146,AAF5350952E731FA73C4B37E5BC83479E989EF73F76747A44E327AD22E78C008,827,1170,RGB
1676,page-1676.png,273638,D0C3D55EF83A0ADB4D348532397D4D148C7BA0ED62723EF240F6C25931A6BD31,827,1170,RGB
1677,page-1677.png,256550,E529FEBDE5F10342AEAEF1EEFF3F4C3E23BCA70AC63792A12A52FE6B1B3E4BF4,827,1170,RGB
1678,page-1678.png,299092,F601BFADC923E46AC4242FD1E632B69AFF1E3576D76CC22880CE03A230062DB7,827,1170,RGB
1679,page-1679.png,337238,60EA4F9C9F13F61828316F3091CB4E0B36080A2A0D8DAA8B97E7BDC504BE620E,827,1170,RGB
1680,page-1680.png,341402,46DAE3BE0329DBB21142120CD597DB02E4EC5A883470148A12980546EB5ADBE4,827,1170,RGB
1681,page-1681.png,364324,CDDA9F574AF97409129DC2A0E166B64D932A68064564F3DF6FCC2F693354C711,827,1170,RGB
1682,page-1682.png,391067,B038ABED3ABB6A0B6FA2B57651FAC3BA98B5199730790A9AEFD57BD2523B28CE,827,1170,RGB
1683,page-1683.png,300306,F02A7642408DD6AE18CE51CFEA68F460D971E6DA6967AE4C245EEBCD6C13E3B4,827,1170,RGB
1684,page-1684.png,352550,9723A82E1AEA8DBE69E7B85ACDE0CBC056AC83B5EB5CD598C9B66254199653F0,827,1170,RGB
1685,page-1685.png,338594,1A5CD5EE55922012CCDD5C35EFDD0F02FB3BA35F676310F62FA20523BF4CC195,827,1170,RGB
1686,page-1686.png,297625,596A29EA090AB061118D7EB74C5C8AFFFF9D515FC96DA752CC30ED91D23FBB5B,827,1170,RGB
1687,page-1687.png,255950,2FB3B9BA44CA93A8F881A5CDD76831604DF4FB23089FC0E295A947C51095EF15,827,1170,RGB
1688,page-1688.png,350934,F5E7614D751A0E97648082F25F0F870872FA2EFAC9A4B73A48C472B837B63EFA,827,1170,RGB
1689,page-1689.png,275709,31858AE74F29CFC100486278720B3D79E326922E14023ADC593468D8DC3DB2D4,827,1170,RGB
1690,page-1690.png,166746,67CE1AFE26C8442A4EF64B87BE1313122C7B67070024418A695D66A3482FDFAB,827,1170,RGB
1691,page-1691.png,211014,25519DC37283D036A157ACE1BDAB10CD08A58C6BF1FF3C725D200FAAE5A83BD1,827,1170,RGB
1692,page-1692.png,295589,5F9AB51DA260750B047ECD8425AAB1E341D46805C4B4B28B67C665AE9EF73E22,827,1170,RGB
1693,page-1693.png,278703,179FCFB16818A2F5CEF7A33B0402D3C0F47712E9B3D428E35A727BCEA7C7EBBF,827,1170,RGB
1694,page-1694.png,350785,AE233CE0763C1B03C7F621C0BBE16B310F0E5582CCE6DEA141A60CC7CF9DC82A,827,1170,RGB
1695,page-1695.png,334283,6CC744E4835AA8D37D657EE3B0EF3F11180CFAFC7A9E44E966A26EC0D30F80A4,827,1170,RGB
1696,page-1696.png,333941,6C562D43C6DEB13A4F25CBB1DBFE69DFE9575CA372CE3EF2B0ABDCBBB0347A54,827,1170,RGB
1697,page-1697.png,220413,037FA0E40E850B32B2B4D20E7FD35F01C11BAFE62C07F7131CB59A5198CE8D20,827,1170,RGB
1698,page-1698.png,266660,352BFFCC98B0ADBA3375BB1201B3B6084127079C05F378249B075272D97302B1,827,1170,RGB
1699,page-1699.png,340838,3E5E8626F4D9B490D5D1B0FB71F2BFF4D455F6B6B43DC7F4B77EE7606C819465,827,1170,RGB
1700,page-1700.png,276163,EBDB5883711F16D46739D35AE568CC5EC09EF5E571DDFD6E1E8DF6C73E4DECCF,827,1170,RGB
1701,page-1701.png,270105,D72C8EA515FFD55D4505EEED5DE49992934E652E771822B82F11086F5CC4697F,827,1170,RGB
1702,page-1702.png,226979,5F75154B4CD1DA0E118E25DCF7449C95281E4CFBC207B54FEFA332197E5CC756,827,1170,RGB
1703,page-1703.png,238673,CCE2B70EBA9503913BB6399B1935543B6D16A7366A9C6F6C4522245EA2BAF4A3,827,1170,RGB
1704,page-1704.png,176937,B53936433F0535713AAAB14E1A9F62A65DA25FC5F28A45EC5BE3E5FC0C079FB3,827,1170,RGB
1705,page-1705.png,271482,CEC369902CED42F90A4776AE4074D252C5AFFEF4F7869B993687A880AD099436,827,1170,RGB
1706,page-1706.png,258840,F6DD5148F15ACFE8D371BA263B61FB5D38D8A311461653D3FABF08E6AAE429E5,827,1170,RGB
1707,page-1707.png,334619,C82E8BE1F0E2E1F2FB7951F4B536265A40EA45C9A4B85FFA3D3FCF5EC3526C1D,827,1170,RGB
1708,page-1708.png,380359,EB92E6F3198ED02D5457DCDB14249D0E5FEF66AC4DCC37AD600A05918EB122C4,827,1170,RGB
1709,page-1709.png,281043,50DC7B077C3169918860805CE628C4BC65B3C97EB414203C8913B3F720278B49,827,1170,RGB
1710,page-1710.png,301450,BECF92091B4FB66BE84BF0E78DD1EABDFE80915034FD9357B8369E578D737DB2,827,1170,RGB
1711,page-1711.png,313220,FF970EB494132A0685B1204D40C9D37B5D099B326AF68F38E9783BB1AF2A7759,827,1170,RGB
1712,page-1712.png,303772,8BA1EC14EBD3E74485AB1154E260E9982FF9319424ACF1CA01DE95BFEDC4005A,827,1170,RGB
1713,page-1713.png,266146,CD527F006798F8003D6AE32AED8BE76DE4AEDC598FCAE9AD3C74C98D35F4FF29,827,1170,RGB
1714,page-1714.png,285309,5A0E66FBFAAE0FEFEDC2809BEBCB4B7DD098E059ED34F0A6D92C0F522CF9AE0C,827,1170,RGB
1715,page-1715.png,279279,4DAA45654A6F8DD24EB2F7E0E80876A18E2CA36231F85181D5295E3475D87F91,827,1170,RGB
1716,page-1716.png,298186,DD65279F8DD26783A33DC02824A5BD9CD4B4664C585B2D74783995852203D273,827,1170,RGB
1717,page-1717.png,253896,2C3CE9A07EF23F6D54B5F5C80123C05CDC422046C57733ABB8C5C44D455A05A2,827,1170,RGB
1718,page-1718.png,231950,3FB5ED41242FF74E6770755064789E9A5416F416776F56D16C55DC83FFF1E2EE,827,1170,RGB
1719,page-1719.png,341079,E2D74D58BC632FF926010E7173D0614A0A0DB2AB3E2A0FA2023FA7DEA0E0B19F,827,1170,RGB
1720,page-1720.png,304621,AC2AD5104683C33A0EEE435530F53077A8751F200DB66B1879DDA3598F0CDFD5,827,1170,RGB
1721,page-1721.png,364890,3F713DA20F498E4146376D86D92EE87CAEA516988E23FCF6656873AF5ACDF4C0,827,1170,RGB
1722,page-1722.png,318036,196723673BCCE691C9F1E75C4B664A4FAE49A9236B63E161AE7C16A9A32208B0,827,1170,RGB
1723,page-1723.png,299184,E6A12FC65139A9B80F39825ABF5466754A4E5E6D2DE4F98B181A23C5957988A4,827,1170,RGB
1724,page-1724.png,298419,11C1847161A425E35CE2AB26B38542BAE29C83202AC6BE8BD2704A0E0A36CAE9,827,1170,RGB
1725,page-1725.png,275119,007AE5D0FEFDD515676CE9A9B528367A4BE939C85E655B17DEB34AB48E94AEFC,827,1170,RGB
1726,page-1726.png,303657,BF5CA64B2F9D7529FFED0BB1353D903BB051AF0C6A402335E08FB2F5985EA53F,827,1170,RGB
1727,page-1727.png,292143,C86829FD02C1E16EF20D7253242566C12FCBAFB9FADF81D2E0C6531F34DC44E3,827,1170,RGB
1728,page-1728.png,303427,4CD374FED2936A2082E6A56C3000E9257A117E64764170A5BD2395F8E21B5544,827,1170,RGB
1729,page-1729.png,292787,5178913AFFE2A5792BAA2F5CB5C56B244BD502F5E0D0F74E79B874709AF24FBD,827,1170,RGB
1730,page-1730.png,246393,243B39D1AC5A4DDF791E2CBFF615B1573D3448AB1474E4042FBE54965FB34ECD,827,1170,RGB
1731,page-1731.png,174555,F3BEF6178002045676B3DFE593E6255BB88120086AF4581003248BBD0B9459C6,827,1170,RGB
1732,page-1732.png,249417,B516466ECA7D22852426A786E611765A40D9988532F98FECD1942654650F11A4,827,1170,RGB
1733,page-1733.png,311493,5FB9A31E31D48EB797C4930F28EE988726CCAB0B170DE8E50B94DE91E65246BF,827,1170,RGB
1734,page-1734.png,328356,9ACAC5DEE56BB6A9499D3D9F7E7117E3C69585D17FAA05BC7D11BDF9CD26C60F,827,1170,RGB
1735,page-1735.png,300987,A1BCE2467D5A1DF9587665C4F218986722BBC8F68DAF520A70210E38CF3CCC0A,827,1170,RGB
1736,page-1736.png,332888,8F35B5D834B3ED052BD9F6A774651ECC211C638945647862B47E027F43C467AF,827,1170,RGB
1737,page-1737.png,307732,A703D537EF7D2A994E7015A437AA27C42787EB71D1AC88CBDA96441E5535220E,827,1170,RGB
1738,page-1738.png,291185,31FC8B01F22394CB7547CF90B9A277F6E459F4DDF4B0B689CF1DDF8B9362CB37,827,1170,RGB
1739,page-1739.png,313357,B06F3FE508DBEDF3F8937EB6C23D4AFE96D0FE7D1A582E871545F594ABF6BD6A,827,1170,RGB
1740,page-1740.png,295675,5E900C77BE9F11A67D7F42F01ADA1ABAD19A430735EF0EC97FA98B0D909C0DFB,827,1170,RGB
1741,page-1741.png,347876,799A3DB2F1FEA1820C887AE464811CDCCE22BD3D6D883584ED6199869B3B6FA7,827,1170,RGB
1742,page-1742.png,325329,D3334D79F3FD0EED88942F4E17696A2E1DA6D96E1F1EE148095CBB0FCADF9648,827,1170,RGB
1743,page-1743.png,379255,0D3D90E13B3CBCE0746C150961EF7618FB898A23C44458F21790231D6D3DEE36,827,1170,RGB
1744,page-1744.png,319077,7EF1198AFCA23B6A6F5E41FD0212771C817DE086D8951D33CD9FE50A1EDB8C0F,827,1170,RGB
1745,page-1745.png,348740,16FF13224CB64EC9AE1C5A94F1C4902CE8F3A3985341703894FE178952FED628,827,1170,RGB
1746,page-1746.png,351422,53FFB4C3EC2413B94ACFD1C7A93A98F72CE79245D1F252F9167D2436EA74223B,827,1170,RGB
1747,page-1747.png,262277,F1583227A7AB015B2249181C4A3844819E7E76567D03637A76E9762563BCD818,827,1170,RGB
1748,page-1748.png,254287,4DB81DE6428CD4C0A3B89065CA46CF342C64826F510C4F9D7ACCE4DB5400A6CA,827,1170,RGB
1749,page-1749.png,251548,82C84D3B8C45D0EFEBA55052CB52EC440B37E67C5EAF1C3E37A04467930DAC39,827,1170,RGB
1750,page-1750.png,115464,BB7C1CBB5FE517BBA6290C554BD04F2FC46B55C0C0796826DBBF1BF632B5C1AE,827,1170,RGB
1751,page-1751.png,245392,8180E2E50498DC6B8F75CF3BB14174D3CAF3FC33BFFC9AA7C3E48AA5B22B45A3,827,1170,RGB
1752,page-1752.png,310410,C1BD1C309B34EA6AECD9BA2ECD53A89FDBEC5223A95F6AD69DADEF93AE194C9E,827,1170,RGB
1753,page-1753.png,296045,6861FFFBF4F9A1C59864FD094151FC8687F75F2DA3A34A27C613D5B4ACA78563,827,1170,RGB
1754,page-1754.png,327997,1DF34800B7A50EF6B32A232F4578BEE1E53DB0D9440BD9D1516C87B55E012D24,827,1170,RGB
1755,page-1755.png,280587,4CFAB957A4A60DA4B0553CE85DC6F24134956397C9948F8A837BB4C762AEAE8E,827,1170,RGB
1756,page-1756.png,273683,9A2785E289C40E5F87D33C30A55D82D9D04938015F153C8866C06BE3E9F3ACAA,827,1170,RGB
1757,page-1757.png,305791,775FB4447B6B25DE17B37BD2CEE92E0BA431812BBAD6F9E4589948AEBE9C8CA3,827,1170,RGB
1758,page-1758.png,303260,5DFFFCB3EFD8B51C60368FAFA1C6A01D7486B980E2C03ADC375B62D9F568CB4F,827,1170,RGB
1759,page-1759.png,308102,66CF91C3B3C108735C5D444CF01B57031DD972380806020077AFF02A27AEA5D6,827,1170,RGB
1760,page-1760.png,270816,E0393D70B51B38E60CAABE6D780BBF3E8F422F3BD21C67FBE1FFEF055A7B35F0,827,1170,RGB
1761,page-1761.png,347287,D763B5374AEFCE976F4479C89EFBC47ED5D9FD46A8F4605E7545E9EF4C17B70E,827,1170,RGB
1762,page-1762.png,259223,31718FD3826E1231DF358B92FDC13416EE06C59AE0BCCC3FDFD5A6E183C607BF,827,1170,RGB
1763,page-1763.png,288450,C858423960891876B5769012C9FD9EF2DBF920E030E8C2E54AA72D2888E1E321,827,1170,RGB
1764,page-1764.png,298196,D85405B9004CAF641224262C080CF22466D737ED7D6EE30C30DD260E29EB1ABF,827,1170,RGB
1765,page-1765.png,291402,89609679B72660F5E5CEF7290811A0522F231768CAF9DE84741D90BC3B3BC38F,827,1170,RGB
1766,page-1766.png,294700,D73225A281480E09F9232D807656C30DE32681DB95D83C60BCDB10D790445385,827,1170,RGB
1767,page-1767.png,347402,D83BA6D93840D46F3ECD5249B706EA999A7B6182C74CDD87672CF59CA5A45476,827,1170,RGB
1768,page-1768.png,317953,CD04695E282CAD0334281DD043C1D865E6D0491811B3034C91A49E0114160849,827,1170,RGB
1769,page-1769.png,253040,611C5E3BC63127BCED811F54177F3991A42A927963AA3D5D099098AE69F28737,827,1170,RGB
1770,page-1770.png,288069,3C56960EF1FAA083648F52A901B96E8C847AA14ABC0513F6AA3CEE582257DFFD,827,1170,RGB
1771,page-1771.png,325731,4EC06616AE63922BA8C6C90ADCF664A0D296F0BA58C8292B74FCAE0E840EABFC,827,1170,RGB
1772,page-1772.png,348263,80E9FFAE40696AB8C05B3E1273B4D8D2952BDAA8BD57BC18452AE2CC4B3FEECF,827,1170,RGB
1773,page-1773.png,337414,37A006804B0158B1237E9182CD5179BC8B0F77842A24E9B1712C38A54A61CB8E,827,1170,RGB
1774,page-1774.png,351400,A03D680B8982A3C8C8214351EA1EB3F176308F29A94AF904E27BDE9B5C6CD12D,827,1170,RGB
1775,page-1775.png,391425,250D473D1FFEEC678AD04D954FDDD43FB28FAC847292692CE12E03412293F954,827,1170,RGB
1776,page-1776.png,329108,4CFA4BB1ADBB23FBC0AA9245264FF46D283CF434F8C97BA18BC9E3889E093774,827,1170,RGB
1777,page-1777.png,331482,07B30931546F414BDCF5BF5C31E802879E175B22E0D71EB6174F2B051E12DAEA,827,1170,RGB
1778,page-1778.png,285337,938B792E40FA750F79E5B7CB36D01EF27DA30630159F52292A47C3CF1BE7E16E,827,1170,RGB
1779,page-1779.png,273675,9CE7914C421ACB69047DADA32EEAF5E9D749E2B531FDDB1B5CAC2419C07AA923,827,1170,RGB
1780,page-1780.png,331440,652253E23A1901ACE5243D980BDF78CFE399DAB5D31E9F0ED297245D167E20EE,827,1170,RGB
1781,page-1781.png,358266,A0034FE42C51500B0E3E901E0541D1694B4084D5083B3C065739F86264554DCD,827,1170,RGB
1782,page-1782.png,266928,34CE0B940999096FA431660BC13638FDF2A97CB19A3166B4EE78BD4CEC6E7DE1,827,1170,RGB
1783,page-1783.png,247614,8FEF3C33428B6865C8C4A1C1845E5F3B43A504338370935E544C2567854032B7,827,1170,RGB
1784,page-1784.png,307840,8DED3E9F91D14D706F26F96381ADB9E9EF19FAD0E4B4BB51EF9EBADF6E6C9898,827,1170,RGB
1785,page-1785.png,334856,86ADB77B47DDE68FC7DC62C0F5B0B6B706AF1FDAF52A4F2178BA76B51266BA2A,827,1170,RGB
1786,page-1786.png,310837,38166C70CB62F894010842AAEE0365560EB2BF1B0EB352A002AF3E1A967738EA,827,1170,RGB
1787,page-1787.png,324671,2D3E4CC4E40E96E1397CB18CA1D84165389A91F3EE3E39BBF02568FBBD0F5E65,827,1170,RGB
1788,page-1788.png,286401,5F8E7912737D9ADA3B20BF7D25D56F32238A5B7D44706FB9FB300EDDEE975D68,827,1170,RGB
1789,page-1789.png,373062,3948C1F50721AA8CF34D9DF70B732F0C9E01737C07B692D156576A8FDBA7F6F5,827,1170,RGB
1790,page-1790.png,344261,224ADEA690C12AA06099EFCDD6A4694FBAD418F4763AC56170F1CE1C4F89DC71,827,1170,RGB
1791,page-1791.png,256801,FC32AAEC68056C379042BCCC74DC334E451D1D5ECE14D5CBA35B6FAF18A824DB,827,1170,RGB
1792,page-1792.png,291188,7180371470B82A19F90342DED8072382BDC73AE899E3411AF619AE0CAFF2728A,827,1170,RGB
1793,page-1793.png,287537,023C6EEC593E6BB0889D3E9DA69D4F086AAE93E361C0C4BADF5B6F8953BE667B,827,1170,RGB
1794,page-1794.png,273101,BCF537AEA3FB476BA60030F1E93DC114CC22E823141566F08F7789A88621771C,827,1170,RGB
1795,page-1795.png,330609,5E9C27038A984E62A0E24C67B38BFBB322D01C3E0A9966D51CEDDF977B2604DD,827,1170,RGB
1796,page-1796.png,330293,BBC04D93AB3EA7AA4B9F37CD4F1175023B198F692C13401E09AB6057C23170C6,827,1170,RGB
1797,page-1797.png,281063,72DDA87BA6020B0C0820F2A3D27D8A5E93E8D5D79B94CE6842E5B859CEF8C1F1,827,1170,RGB
1798,page-1798.png,305415,92202B2EBBB24BCF1DD3EF3ACF2FE96503D2EA8D2A7E78FC795074E49D2B0E50,827,1170,RGB
1799,page-1799.png,199482,55C065F0FF263DBC2D9F399ACDEA5D50FF87EEAF6B594433A1926613A27DEE28,827,1170,RGB
1800,page-1800.png,271857,CC321B7DA8505C3329AF5AAD40BE1A2D5296F1EF3921C382C6584B5DDBDE3038,827,1170,RGB
1801,page-1801.png,313789,C32E82BED9A3B6E4571C49AE0FF6F9020246E59CDE34F049C01885AB8A2866EB,827,1170,RGB
1802,page-1802.png,314958,4AD8567A4806019B4055C609FAC776014C4AD665BD1A571510F61490872E1632,827,1170,RGB
1803,page-1803.png,388458,BD27B056DBB95A2694C8D57059104C1AFE5E7EB529C156F0735843AD98F02DC0,827,1170,RGB
1804,page-1804.png,264886,3B26ADAA34208A34355A1B9CED2281D240795945EFC3E6CBFD170FCB23B29F55,827,1170,RGB
1805,page-1805.png,371311,CFB3F01BD83B0EB34E1546E5DEFFD5980DE9C4FED065D027592204104A230300,827,1170,RGB
1806,page-1806.png,272146,04B9CF25B27E60A17A3F74437EDFEC0BE6E3DB0981E30609B0DF7BF10B02374E,827,1170,RGB
1807,page-1807.png,339068,99BB904C64830390E56BCE2413219B7293BA58F8CBB2A7EE5E02D278CAA40F9C,827,1170,RGB
1808,page-1808.png,355227,DAD7688281FD37F929D43512F84076AF64AF41019458F56614AAC3FC852B3162,827,1170,RGB
1809,page-1809.png,334638,3FD4D7E24C102F788F4FD4AB855C103920CDC7918C879BC36D8DB61F6A455BFD,827,1170,RGB
1810,page-1810.png,269825,23CD2B1BDA301DBC7C824D49C3C45EE49A6226251FAF3A5523EBFDAF3BCA8F26,827,1170,RGB
1811,page-1811.png,320117,8B3AF2AB404E664476A00E5316A89C43B2D88B7B823A33BFDFE7C054FBBE18DF,827,1170,RGB
1812,page-1812.png,303519,173BE1BC4ECC25320BCED5DBB4634EC0F0489139D76A1CCE827AB62F1A356B50,827,1170,RGB
1813,page-1813.png,338910,BB8C2FA7AE6A573576662414C1B2F8F8FF033C81AE666F98A6559AD5007A75BE,827,1170,RGB
1814,page-1814.png,337709,44F315E8B4573E5956B084318BDE7A230481FC4114313012C81EE0EC1ED1AE76,827,1170,RGB
1815,page-1815.png,306573,1E5E8992F7EF93CEF42BF04352C3D82706F3EDBC6ED437C254D6A98CAA012387,827,1170,RGB
1816,page-1816.png,305284,7090ADE62C25F699B6BE25E85DBBCD21233F5C919FCFD7AA59FD0CBE356B9C61,827,1170,RGB
1817,page-1817.png,358748,D5C7F44BEBD26B2CB43FCE20ACB528045C2F5E569D7CCEBBCEEF345A98B30005,827,1170,RGB
1818,page-1818.png,345642,4C83C23C3FC2FD27F5C0841A5E9A0AE2E81330F6F55DA57019802EE69F55427E,827,1170,RGB
1819,page-1819.png,350417,C6B3AC462D77537CCE23DC7A21D03073BF4B9476B0982ECE1FCA70339F9B827F,827,1170,RGB
1820,page-1820.png,334709,F4522AFDB7CC6CE97531E0312CE66AA4558BAA44F9D7C8089B878D89370C00D0,827,1170,RGB
1821,page-1821.png,58406,D1C059A68C95A6545A198176FC68D2E89CE6F8EDEC720564D278BA339B66C8E6,827,1170,RGB
1822,page-1822.png,280787,B7EEB270451BB0C821EF9E5F4C6D660BB9387D62A5005788A536A2D95225A440,827,1170,RGB
1823,page-1823.png,345722,55BAB20AB98A5BC12E9A232EE8BAC6B536F30CF94DF31639F3BADCA98F3E8533,827,1170,RGB
1824,page-1824.png,395339,4B550AF18B53291A7A8CA2475E5B58F6878D3F7A98F5C64848C93878FBD0F2BC,827,1170,RGB
1825,page-1825.png,285057,919344509D41020097237E1999A3BEA6C58CB02DA2344AD91D6ABFD39B5302A8,827,1170,RGB
1826,page-1826.png,237527,513AA028F769F68E8764C59C5F3A704636B63DF29B219E32629812A83FE81B66,827,1170,RGB
1827,page-1827.png,308982,E1843DB62261EB60CFC29B42B8480D4263D7D5CE64A531B68CA889FB93F1E97F,827,1170,RGB
1828,page-1828.png,384448,82295312F7CD4AD07389FAD265AF71AE22917B0B25C548E0FE67508781BE1349,827,1170,RGB
1829,page-1829.png,333031,B4CBC21413D5F2A499F332CEF9B988F6610CAFC51BCAF5B355C72787ECD594BC,827,1170,RGB
1830,page-1830.png,252132,068C96D0B9E5B3232EBCF7FAEA55FB9C15E30A5089FE57AE89627538EDA9A498,827,1170,RGB
1831,page-1831.png,304164,0988ACEA12CF10CA43FCBC72F3D31BBFA0498B170EA111CB7BFA9A712B935D36,827,1170,RGB
1832,page-1832.png,306946,0AB4E19828B470EDAC006020A517A2C04A50CC8338E094D16D37328352A7BBF9,827,1170,RGB
1833,page-1833.png,325365,67375DF3F7CE80A0C8B2ADC83394C9C2F61C80AB0C6867BC19F7A05033470C32,827,1170,RGB
1834,page-1834.png,317578,F4D5E0D5FA75E5DFE26B335E3BEC70612C049EEFA6A5C058837A1B28E0A3C651,827,1170,RGB
1835,page-1835.png,299798,34A54F70968AF45703E073AF0D8169B3C9E21E311B1FBBC726040AC8F8697159,827,1170,RGB
1836,page-1836.png,357874,014A9983EAE094BC9D5417627EABF7EF44397F341C76DFE11926C270491B50C0,827,1170,RGB
1837,page-1837.png,340892,6A3A19ECE711FAC8B06FE18CAE6DE69870D473D4A223E3C3DD1BDAC616880B1A,827,1170,RGB
1838,page-1838.png,308240,65647ABF0449F9C304ED872DAC0F133C45C2EB5B5761ED013C9EFA60D5F601ED,827,1170,RGB
1839,page-1839.png,292348,56167E8B620B898955CEFA9D1EEFD01543DB65E3093C0F5C51BDD2956EC9A61B,827,1170,RGB
1840,page-1840.png,366245,5D4DF02B24830BAD69E52EA0F7AF94639B26FFA3F8F4A54204FB17FBD7B9ED16,827,1170,RGB
1841,page-1841.png,370079,902A70CD7956018B36A6C34297F7C2F5141DA49F97141AB04DE498B0C22D8380,827,1170,RGB
1842,page-1842.png,320349,F13E258265AD64F5C9C121D4E9DF5C0ABFDF9BF2E76344C0046B01163EA0DD28,827,1170,RGB
1843,page-1843.png,359684,0716D19A4E1ADDF19BF52626389F67029AF08A7B0778DEA338B7DA0712A59F78,827,1170,RGB
1844,page-1844.png,315725,14E1AE5F81CB12A2E0A8901BA56A5710B739F948CC5C33D539939A93A1B6380F,827,1170,RGB
1845,page-1845.png,363508,35642061EE7FECC10617B1B2D9AC15BC77C5677E4677710B439E9E7195CF8B9F,827,1170,RGB
1846,page-1846.png,281323,E52D0EE56175E1727DBEABC4DA31FB6E872BB557963C227BAFC177C0637831EE,827,1170,RGB
1847,page-1847.png,238965,BFA573C18F335241D2CAD8A1375AA563A6C90E78922799BEB69E18805D9D4DF1,827,1170,RGB
1848,page-1848.png,361365,B2892F3914931CE255285A9121979DB52A98EEF82B7842865C47B6720057992B,827,1170,RGB
1849,page-1849.png,242855,C0FDBCDFD287B8B59932F1B5907E909E165C04799E63CA0380373A2B58F2ABB2,827,1170,RGB
1850,page-1850.png,216714,F13C4C1D67230F66933624433ED82F68D8E8A2745E3FB0C696E8C7E3B8D1318D,827,1170,RGB
1851,page-1851.png,260106,8FEE514DF83FCFDE039D3857B413C03F1B2DC7BC2F138A2A9398545CA8A0D1FF,827,1170,RGB
1852,page-1852.png,299046,4F4FC9B3097E92EC3CDD237A1F073033E451814EC5618D591D58B086EC8DEECD,827,1170,RGB
1853,page-1853.png,313607,88C710A1C0D97F5745BC9A6A55C23D3483CF9735D85DD285D4CEBAB108302283,827,1170,RGB
1854,page-1854.png,334943,A067F38801D961D34EBC7D02B123A510B03108149CEA70C9EA5DFB22F70343BA,827,1170,RGB
1855,page-1855.png,238730,A3619857848B2C85FD7AC85132023E355F11220D506B5DED3B416B4815A33C34,827,1170,RGB
1856,page-1856.png,223113,A3B476377D781EA9B4A4C61276BD89EB2C8581CAA5813C40CE7DE494DF04B6B9,827,1170,RGB
1857,page-1857.png,265067,4418394753C12AF422677BBF744F42CD22C3D20769C3E1A5CAC3B884BB076E3C,827,1170,RGB
1858,page-1858.png,206471,39E10D198624A09F1880BDC512D25C5F2DCB1376006147C5DA1F14FD87B68251,827,1170,RGB
1859,page-1859.png,253686,16BE11D09AC515B310CBAD166CAAE5C4295EC836D8A2DFCF965DA90FD5B21861,827,1170,RGB
1860,page-1860.png,279166,7833C18D5DBD74638749BDF9582DA289433B9356686F599965BA516D6B750B20,827,1170,RGB
1861,page-1861.png,314300,79E78342D0F9FF97ECFB5EAA54E2557A614B8F506D8E1574D6777E11CA1AADB2,827,1170,RGB
1862,page-1862.png,364332,2781AE4EF1F2C5AAC79F1FC64B221C5E6C53719EE91386628A79A254EF3FE373,827,1170,RGB
1863,page-1863.png,283826,649719C1E78D0398A3817C682E097214A2ED3AD625F2A6297C120866613807ED,827,1170,RGB
1864,page-1864.png,240243,A3302E96EC3938277207B947CCD36FF893896DAA5EA024E635BF4F9E6D98AC2D,827,1170,RGB
1865,page-1865.png,160821,3A028B060CA541A43C2EAD5164F60898193C41789CE8B39D36F04E640ADA483C,827,1170,RGB
1866,page-1866.png,261781,B9526CCBFDEEDAA50F83F4A9696DC3BFEEF976ABBC7EA88D6F9484ED7F7CFA3A,827,1170,RGB
1867,page-1867.png,249443,D3C27B91C84CD5F9A902546261ACB08CF81FB244A5ECD7145BF3FA85068B7230,827,1170,RGB
1868,page-1868.png,316131,0CA90ED4C4F0F14AE57EBC65CEBF20AD88BB9811CC553C45DEEAB8B738C39AF7,827,1170,RGB
1869,page-1869.png,333838,0FECC3172444C218CEC9292A74246DC6106D06FEB3DD6EE5A71DB2CA03196421,827,1170,RGB
1870,page-1870.png,195637,E4CA9BAC772DC04FFFE19992B7BFE9D9E3C1BCB5D56B22E363FB8C04AD2EB218,827,1170,RGB
1871,page-1871.png,268964,83CD8A32EF1AFE07FDF5C57B65422C4139F13122D4C593A87B0A13B513BE0EFE,827,1170,RGB
1872,page-1872.png,331296,DD241B959CED45652F980034AF5CA6FF5F7650F4E14692383F3D964EBAB5A5A4,827,1170,RGB
1873,page-1873.png,319656,4995E363451901A9460E7E42569B417EB6A99EC97E8FCD770A3F6665DF3C2C33,827,1170,RGB
1874,page-1874.png,251965,9C673AECF9ACA5C5FB557DE15507F072156E44DF1965457D92FC6C133B9374D0,827,1170,RGB
1875,page-1875.png,280652,7680E0B1FC4CD5E27233E3AE2AC2DFA0D096512095972B8DE47A3F8098AA7246,827,1170,RGB
1876,page-1876.png,280903,0C530AD4A96EC00445F7BE45B9FE2DD92758A9AC08044CE3370FBC6E057A3B65,827,1170,RGB
1877,page-1877.png,242159,DD02E86A5AAAC160F4E97045848C45FB21793F0FD373EAB2FFD995300A9E2451,827,1170,RGB
1878,page-1878.png,315508,7E6B4C69C1183F7F3BAD007ECA046606C42B457BD0162E21A4584E76D43DF9D7,827,1170,RGB
1879,page-1879.png,325519,939074CB51C388F4DF0D085888B0F09289568E8D22EE600208F41050372D20E0,827,1170,RGB
1880,page-1880.png,314790,DA237A47A656D89E829AC4B8A6919B4FC375602082C6F896FE272619985EA3E4,827,1170,RGB
1881,page-1881.png,340619,88B3A62D956B1C9C4020061E273C53DCF85EA65F7F2341FDC509F159BCA34AC7,827,1170,RGB
1882,page-1882.png,330032,EE66A1ECCA463291AA0FEB3CC2FA3080EDCD83DE2A589C5383B9904E34CFE2E4,827,1170,RGB
1883,page-1883.png,302102,D4B890FCC6D0FDFDBF9D1E3C3BB6C15B7396C3CCBE9622F250FE36A094439D38,827,1170,RGB
1884,page-1884.png,290269,DBC2D3ACC855176CCA315FC0A584B374206BC1AE61AFC504FAD14C123CB5D583,827,1170,RGB
1885,page-1885.png,266319,B115C93F62437F7724B559BD648F77E9AF64946B1256B195880648CC2ED557DD,827,1170,RGB
1886,page-1886.png,353590,AD478DF09F6543AEF25FF014D1DFB8C5F980C8093C797CFF2228CE66D9638956,827,1170,RGB
1887,page-1887.png,356154,21E0F1AD2F6AB231869193EF44240A0F2EF8F05C554128C7B10240ECA4CBB9C0,827,1170,RGB
1888,page-1888.png,294990,29E20653BE6D04E9C70538FB25CCBCBD66505AA206E9179A4D41B6476FE5B744,827,1170,RGB
1889,page-1889.png,197413,F7C265D837CA61E915452F5E145A6BE6DE5C64AC7FD14708CC1BE4133B4D2E9A,827,1170,RGB
1890,page-1890.png,283035,3F274196D58D8AA4F5AE83E9E6B5C5ED9EBC7D27277EDAD177CB09E1B71B298C,827,1170,RGB
1891,page-1891.png,342296,D78495A3600D84A54D41CD25F6AFBFFB1BEF82B6EA9C4FED3203BB7B1D4D7A20,827,1170,RGB
1892,page-1892.png,348221,B93A8D074D7F9CB0F7BB168E43536ED87206AF87C0FB7E0F34A4EC123B854B5C,827,1170,RGB
1893,page-1893.png,386823,9DEEDB7726A1CAD083CD41E0F317CF5A6B2CE332FFEFD1520238B5AC6BC4B4BC,827,1170,RGB
1894,page-1894.png,299410,994807962BF1EE648A39A0EFCEC5B392D8D45A1BC63D2B38F36483D372364333,827,1170,RGB
1895,page-1895.png,303449,57B8ABB5615A47F61423A648B48F6C09A4456E3218BDA469F1CF70D1E5812A56,827,1170,RGB
1896,page-1896.png,365349,CA08B5E8A5C3ACD1ECF356C392A49591F7F7598380BD8E7E1032F5D1DA7AFA82,827,1170,RGB
1897,page-1897.png,329536,A1BB0D1861CEE22635A7EDEE4E28AA7438FD2E3224B32AC8480C616A33546E9F,827,1170,RGB
1898,page-1898.png,354763,41BC7B33EFDB811DB7EAC5D0ABED359E99C71928AC438DDE203E86573535D36C,827,1170,RGB
1899,page-1899.png,334272,BFF6465CC85BA776C3CD4A337677A6AF0DDE80A62E04E020463D8418F2A12ECC,827,1170,RGB
1900,page-1900.png,346041,B1182CCF19E5BF96F8DFB6861A36E5292E15BC85091A4E1F0BB283176C281469,827,1170,RGB
1901,page-1901.png,351681,14454F3187BE28E2AFFB30C63878C6D5BF0736C96EBE53D0B3A838E2B4E219D6,827,1170,RGB
1902,page-1902.png,362553,588EBEAA24157D9DD3FE7051853F5ED323BD06809C3A1CFC45E9C531222A3B5E,827,1170,RGB
1903,page-1903.png,338211,468CC311C91713566211A47E1F29F8E9D71DE1E35956324956B11000CBB4C6E5,827,1170,RGB
1904,page-1904.png,349480,2DCA58DE9A596287E264F52B239400203147A92724DBC0513602EFF1396A2059,827,1170,RGB
1905,page-1905.png,311071,CF74BA19A15CAE0BE7341C2D733D8543C8673A87BBFC3AFAFBBB80DC5FBF3985,827,1170,RGB
1906,page-1906.png,318338,E80EEA06682D5D31C3EA433558975C744C3D86C5A41E62895BA000E7357581C3,827,1170,RGB
1907,page-1907.png,325056,FADE3D505CE91D51B5DBCA277E0FB3C384AB3F89265A29F99B6A217DA1D1D6B4,827,1170,RGB
1908,page-1908.png,293853,D70D5C8CE0C845D52C4C1C7236D4689F955E79516ACCD09C5CF1B02AAB55D1CF,827,1170,RGB
1909,page-1909.png,281825,E452B4F48B826761E87C5FEE369F1939F8EE1E2A0097D58D8431FC77D692F114,827,1170,RGB
1910,page-1910.png,279106,CF6ED8589EC325DBC5BDFDB83A7FA489A6B0E0C9DEE5E15E6BFFA279C1D98BB4,827,1170,RGB
1911,page-1911.png,262794,D14252828166CE2138C4766E5B470C09990DC21B936BB14BA87B0C4D5854836E,827,1170,RGB
1912,page-1912.png,293830,1E66E786978707DE1B091C1CE1ED3EB29BC828FD58E2950ADC527D15ABD01ABF,827,1170,RGB
1913,page-1913.png,238634,0341B23F8571D580E55285474D7EBC6D4EDEECC8A767184A191C4441871D41C9,827,1170,RGB
1914,page-1914.png,232320,7374FC3BCDD76FAB788D2001FFE9967B1285149E445364F105B827DBED16E456,827,1170,RGB
1915,page-1915.png,226202,8080C9FB58AA1A1E39D312815FCCFCC9A365C69F4EDA75331FF6A422247F0322,827,1170,RGB
1916,page-1916.png,210010,14BA1B32FB2CBB6DEDAB22867A9FC25A57C379BA589098BB7F51DD67DC398CCB,827,1170,RGB
1917,page-1917.png,261431,0A79A5E4EF535AAE218ED689A0C858758F7ACBB2DA2C60A64E81B8A87ED58E4A,827,1170,RGB
1918,page-1918.png,211847,24890ACD9B81C20EC763DAD539B181D9606604D0C063CDC7A7EEDA8B148B9E6A,827,1170,RGB
1919,page-1919.png,269736,6DEF583A5CFFEDBDEF6E10EDC0F13C7411F8E81B103FB5E54BB8F52E4B6DFA69,827,1170,RGB
1920,page-1920.png,284491,ABFD7410B96F213AE07D193CD1E34D73A207FCC95448BDB58460F3ACD2D6BD7D,827,1170,RGB
1921,page-1921.png,338055,79CDD361E075E14B168D09C2FA966957FCC746D7B490113E4246D0AB5F0993D9,827,1170,RGB
1922,page-1922.png,337660,C8C438364D23278E0B14BEFEF32CB26FA8A4A3EBC9CB62FFFD33DD300CCB75F0,827,1170,RGB
1923,page-1923.png,386329,1D0063F8A58410C915966BA700C0F99465CBDD376CE6F6F434A331D936A52B2A,827,1170,RGB
1924,page-1924.png,289985,65AE834826C3A7B3A4DA2D24E22F78DDD77BA339E5F451C4A0BB788052A48113,827,1170,RGB
1925,page-1925.png,274887,358A105F2A8D85128E75005B7C9711C728F5347A77F3FC60D239AA6622FE4A2B,827,1170,RGB
1926,page-1926.png,127070,878C3433853D582795B4227D9DC19F81947382193598A35330FF6D00C4BA388E,827,1170,RGB
1927,page-1927.png,257054,ED7F18A72EED29F496A478547841813ECCBC679D2516A68EA1BA6A11D1E95B7B,827,1170,RGB
1928,page-1928.png,223993,D2BABA621A53EA2A725811B923F9CBD0BA4D11BBC73F2A336BA6A7DAB81712F1,827,1170,RGB
1929,page-1929.png,216406,683D69DE7A7DEE5315C1DA790199188CBD5696F2AD291E229AEC3D88E2B318CD,827,1170,RGB
1930,page-1930.png,202785,4EBF02D21E7C3A77320533F792C5C69DFA2568953C4A820B791D3AA8061598ED,827,1170,RGB
1931,page-1931.png,299326,96BB8A0999EE3B44478C98DA7F7247EC5BA63F70285E52D85B94E7EDC63C055F,827,1170,RGB
1932,page-1932.png,309828,D3BB4229543263EEC2AA5B1FBBFE6F359B7220FF87D0D07F0C39E4C65D8B80FE,827,1170,RGB
1933,page-1933.png,310629,8A4BB267B5F0D738B2340DE993D8B2C921C3CDFE6C1D290F7AD167BC07D67CE0,827,1170,RGB
1934,page-1934.png,265788,350DBFA78977833CB261010B824065FEA3152895D75A9D08CB608164378AEB71,827,1170,RGB
1935,page-1935.png,277499,54E1C5CE1A3D7020348305E81C15519E669A56276551D9DB50434173837C3218,827,1170,RGB
1936,page-1936.png,201308,9A13B5D0932C136B8DA054BA5D862DCC00280B4685FB6667CB0C529581E46E24,827,1170,RGB
1937,page-1937.png,247227,A0BDFCE455332485E0E5CF3BC41310AD03DE63EEF37A484966E583043C04DCCC,827,1170,RGB
1938,page-1938.png,263103,093CEB2C82CCBC2085E7BA6FD2D31817A19CEF8C16B341D84961219A2C1584A4,827,1170,RGB
1939,page-1939.png,231493,135FDFDF8396C37837666BE0C0D2EE8D83DB4FD5B32C0945194CF1B4693D53C2,827,1170,RGB
1940,page-1940.png,332118,FE1563B873949D75E056973F3148855982174735732F3ED953286F8132580C8E,827,1170,RGB
1941,page-1941.png,214703,7CFF5FB9058B38124C9CA4B4F69C0B55AAF622287ED676B49EE752B4F8F7A0AD,827,1170,RGB
1942,page-1942.png,233388,D46BDA4B672E4E2D4906DC31C0CAE19E4D4FCF5CBD40EEF0F7A62E20F31068FB,827,1170,RGB
1943,page-1943.png,271854,7B1CA841956B19DB16EE02AA766417D6D6547980E9757FDC360F5D0801CF1C8D,827,1170,RGB
1944,page-1944.png,329256,ADA134B68F805AF649CCC045649BCE40DB054871456B08BD872E2D2DB28A739E,827,1170,RGB
1945,page-1945.png,371873,B28506024F94FEAF7B0D3359E9D64F46F1B2F55E8E6BBA835AAA5B46440BF681,827,1170,RGB
1946,page-1946.png,261936,8AD020A45511A0BC9352E444F04B4F2C6D0B65EF6BE6AD8D29198C4BDD46B4B9,827,1170,RGB
1947,page-1947.png,273796,F1AC726D3BCECB011D752E8735D3F5D06FE394988176AAB367C25834CB38D552,827,1170,RGB
1948,page-1948.png,292491,EF3D96650979710374AF0B8E422FD1A96F1AC787637C7C4E01BADF677654F348,827,1170,RGB
1949,page-1949.png,367090,ADB8B8B9D79BC1D14F484018F21E76B5A94C0B2E30228B8025C73665DBCAEC0A,827,1170,RGB
1950,page-1950.png,330095,322B3BB11EC54832583F6B64C67D72E1531E9593BA321F105C625FF5F1918FA5,827,1170,RGB
1951,page-1951.png,257429,4DB275DCDDFF79552E662E72206ECB4A80F558724FC9C01C4E685502563669DF,827,1170,RGB
1952,page-1952.png,303398,071591D9FD7A5C1B8B3511BB4773A53877A0EE8419A7DE146753685234E9C5FE,827,1170,RGB
1953,page-1953.png,300577,92558A43B613480A733EE234EF586B3DF62244FDF9B1B2347AAFF582335CE21E,827,1170,RGB
1954,page-1954.png,246823,D534B4515821D86F475E61FA209C1B73FDDC7FD21D5F73F93ADA58AB9155334D,827,1170,RGB
1955,page-1955.png,313832,A7755DBC9D6AE3B6E3098A7715FC5A1C32B694D88A438E414BF460B3210F70EB,827,1170,RGB
1956,page-1956.png,278755,4954C9FB1783162DA7056CD7C38630AAD5946B710C86A3E7F1FD161EB63BD7DC,827,1170,RGB
1957,page-1957.png,305412,56E8E34E699DFBA39558BB73044397293F109A50EFB482F142138A6C9C45521F,827,1170,RGB
1958,page-1958.png,306159,F00B08CAA62D3FAFCA4BE28D7BB7BD85FE1BEEF6D8A4BBBA23103E3D6233196A,827,1170,RGB
1959,page-1959.png,316383,B883FAADEAF5D502D6554F487B5AB710BAE8B9297568162A7B150240D96FBC2D,827,1170,RGB
1960,page-1960.png,377729,C2FBFC1562F763F7F4DB695A84E35D75170449AE30DF1DA8C071E99000CBE730,827,1170,RGB
1961,page-1961.png,272708,CDA6F8E2E0A0B62B77FBC4025C67A0D0F595914DA78C5C5D5464CD0EC8DECF1B,827,1170,RGB
1962,page-1962.png,286234,450DB633BB077855D807B8781728D1399946037519D9ADFC964117F3A1E82980,827,1170,RGB
1963,page-1963.png,234449,E7B5233DC49FF521701D857D46FDD856DFBE1B4BC2B18AAF8245B89C4C6A51C8,827,1170,RGB
1964,page-1964.png,294670,98B0399BCAFB0625C9AAB011D97F4AC71B5484011CA757B7CD45629B822324A1,827,1170,RGB
1965,page-1965.png,297580,C94E164701E2B1974031DD1B5021FBDCDF624A43463D0948FD861E7EC6EE4EEC,827,1170,RGB
1966,page-1966.png,305720,9DC8DA9F43563253345ED7BB91C86302C19F6CA0D702124806EC46BB98E1C98A,827,1170,RGB
1967,page-1967.png,260794,78B24D54124FF05ED2CA313F2673E5F8F6A03C1EE9450741B78F53094157A68D,827,1170,RGB
1968,page-1968.png,233482,FD4DCB1E4B9C26FD80183A89F3FB13ECC436BE39E30BBDEB4ECA3C472288DBBE,827,1170,RGB
1969,page-1969.png,252099,6228A66A226B29350D07D5CC2F96D0BF343825B077AB02674AA1ADE890277346,827,1170,RGB
1970,page-1970.png,300927,32B2D1CAAEAD17DF0487B4A1AD891A56D97C37845F291B462A0059C4D4CBE54C,827,1170,RGB
1971,page-1971.png,307121,FE2D738F557B50397A97405B0EFAF13FA7449FBF150B6D91CDF2ECFDCD4ED3BE,827,1170,RGB
1972,page-1972.png,299142,F231C0E187E1F8399062BFDFAE66E63228B053C063152BC4C82232333EE307B4,827,1170,RGB
1973,page-1973.png,224160,28EE0D82FAC685517D9BD894ABD829F8C3EC98A1163A6078E0C70ECE5D1FEA1B,827,1170,RGB
1974,page-1974.png,186775,47F5F5C9712B788F60CF2975E1763C67F1895D98F4BD7E328075912D5990E957,827,1170,RGB
1975,page-1975.png,236912,647630190DE0C822B66E6B05E4CB91C5DE9BDCCE2F1F05487C933588A820B993,827,1170,RGB
1976,page-1976.png,225714,815FFDA2B6CBE5E87F7F1A34A208E3B26D4F2A6D46F1E16E688C28D9D134F430,827,1170,RGB
1977,page-1977.png,224962,3747A366DDD57B449EDC482F4C7BEEA57DBAE3E8CDF33438ECC338E548B02E94,827,1170,RGB
1978,page-1978.png,213818,861E3F699F10C8494662C9C16225CFD6E9711BF6CE5648655756D5F374575DF2,827,1170,RGB
1979,page-1979.png,238510,6E96CF57EEA658FB32F8D6EF8BDA322A2F9A244306BF44DC54DD4DC67D691241,827,1170,RGB
1980,page-1980.png,288171,A1D6F0B6857F0AA4B26879E3C4F59DF797B63BC3CE7E85FE8C961DBB6DAD1C90,827,1170,RGB
1981,page-1981.png,214808,432354D8F2CF7257F575AAC1E4AE7A1D16F5104CB0DD585089C0AC7D8665659C,827,1170,RGB
1982,page-1982.png,283272,E2E19F2EF5A98EBFED01DF500C9AB81895F1126F3A9D76CC340D70485CEFBC01,827,1170,RGB
1983,page-1983.png,273848,7FC565F56FDC44090160683CD474F56FE1AEE42E8D53F9309646AA1AF54B9427,827,1170,RGB
1984,page-1984.png,326901,5D619281FFC5352E312708C44FACCA133CF727140C4CB6D95BDFC0513C251B52,827,1170,RGB
1985,page-1985.png,286002,8A8FC4350CC6468DBC6BE0E9612A83B443E8D48F8E3E8819C6BA303EE0894E87,827,1170,RGB
1986,page-1986.png,303343,BED06C674C2E97156ACC60AD247EB8442F87CF423323D35054AE8BCF4E142D27,827,1170,RGB
1987,page-1987.png,282297,21F047B8F8A13040784999C8840277AC19CD732975691DF9F98A883498425949,827,1170,RGB
1988,page-1988.png,307606,8CE68EE9E4478E909817BEE9E715DF105594F29CE81330F682AAB6D1630BFE92,827,1170,RGB
1989,page-1989.png,264217,5F1E2526B4E3DBFBED666C9BD902BA7C223618ABE4EBCDE43B92E9C5E60B1181,827,1170,RGB
1990,page-1990.png,367551,8EEE4B86D31262C389F1261ADE8BC59632300E833B08CEEC17AD5CEFC5F16E01,827,1170,RGB
1991,page-1991.png,348520,4EE95E92586379371028BD529CFDBF5B37A4015E64EC1DE83785A47BE1F6E05F,827,1170,RGB
1992,page-1992.png,318174,A82B7FD89BA97191500808BD7E47FE12CE9470AF7BFEC570DBFA3301E56E5AC3,827,1170,RGB
1993,page-1993.png,239124,05C18C01E82423E7327555931071F692E7DA865ED22D52AE410EB4B9358BD629,827,1170,RGB
1994,page-1994.png,311418,B87F8B3CC4E2C53E4B13471FFF429C2FA623D55D273BE2A0CE6051118DC83BFA,827,1170,RGB
1995,page-1995.png,325118,C6E526C4DFFC8CE6B5A862CF02CF677253DDA3A7702A0F96A078CCF87E491649,827,1170,RGB
1996,page-1996.png,356458,2F1EA80D7034B444B594C89C04C76D1960D5169EF6F26E032CD577AEEB4CDE31,827,1170,RGB
1997,page-1997.png,275490,BC422887568B7D6A467E20533AE3CB1070F1A098192CE921F7DBEA8F838776C5,827,1170,RGB
1998,page-1998.png,305662,9C1CFE9CCFA06453A7F05432885B22DE9AD78D501FB7F48F749F4C67CB1F3E84,827,1170,RGB
1999,page-1999.png,338708,E74B3B05D4BE719DCF9E7FF0D83C0C992B56EBC44B4B05E435C19DB4E3E7D0C1,827,1170,RGB
2000,page-2000.png,317862,834EDB1D4F4A2042F1214B60CD522DE5521279BCC44BD34AF43F09911532C3F2,827,1170,RGB
2001,page-2001.png,306283,D9D8708163F066BD0AA3A4B7D7A791634B5EE70364B1B829ED161FF58C255350,827,1170,RGB
2002,page-2002.png,333351,B7952746F6D7AF8677D1B2D590AB29EE657AE99941B0EC8FB8EE872D8A11CA86,827,1170,RGB
2003,page-2003.png,318046,6B12DFAF9E916A3A08193124E98E9E924F3278AD0AD5AC96EDDEF88808FF64F4,827,1170,RGB
2004,page-2004.png,258977,40DF5FB6C782FE671A758F2A738C7D569764A5A508658C8F3648C5AD4BE7718E,827,1170,RGB
2005,page-2005.png,243405,F636002FD9B0322B16FDA85D723C9C8259EDC3E99242A34F94CEE2475E826FF4,827,1170,RGB
2006,page-2006.png,307084,E5B06D5B3C1CEF63046E5AF03F0C31DE22A997A56DF02C4B8E9B4963978EE5EC,827,1170,RGB
2007,page-2007.png,259962,BABDB51A115C2589803514B895D19B54D60E223E8B123B6A44D593C1DF394995,827,1170,RGB
2008,page-2008.png,302322,DD9E61FDF45C7B19E203FE01480D2E828B035E0DB21C4AC3882B0F5C5838C4BB,827,1170,RGB
2009,page-2009.png,280840,DDD72D1D838C2089CF2A60AE2236338125E6CEAA20C73388F1C47FE970DE23F3,827,1170,RGB
2010,page-2010.png,337670,9E84D5B68A214E33AF3B9684EC5EE6A7CE4D8B24E9724B1816E09F9DFB39EBB7,827,1170,RGB
2011,page-2011.png,22396,1B36850B2C2CBACB02CB311A913D4CB91F9BA2BDD1239AF07514EBFC03E9A11F,827,1170,RGB
2012,page-2012.png,232642,553EB0840B822D3A0D70B9493406D20CE9C1E4AE5AB4F8FEFDED2D23161A6D7F,827,1170,RGB
2013,page-2013.png,260859,85F39FE32C7F0273C59C54344F2706619493170C2BB80568B076B2B36D20CB66,827,1170,RGB
2014,page-2014.png,267437,8EBA5F76F6E1BA546F3B452BAA7DE2A2479F019755911828C1B4A5F56704A156,827,1170,RGB
2015,page-2015.png,301721,70E63383F80C06DF13B049FFF6671CDDEF845B48781A7876DE1CA6CAF68577D6,827,1170,RGB
2016,page-2016.png,259011,E96E7D449498053050571A6A501EF9D0AC3E024B21A8CD27F5F4286E80FB7D7E,827,1170,RGB
2017,page-2017.png,227390,F379FFE13C995D1F55A999997012EB4ADAAA484D5DCBCD12A97EEAD2AEBC0535,827,1170,RGB
2018,page-2018.png,209739,8FC79CB14CC859479957C0416A7574103FECD53298DBD541614462B487DB5112,827,1170,RGB
2019,page-2019.png,288272,3702B3192109D6FFB41C994916AFBCC4D443861DF27720C7228946A065928353,827,1170,RGB
2020,page-2020.png,267895,EBF624CBFBE6441AC9D6087E6848A5A6818A5D8B2EA0C212A59CF8CE99715407,827,1170,RGB
2021,page-2021.png,280207,F20391D7097A43A9D4781AE8476447417C8E5B26012C1D52823C94E485466B40,827,1170,RGB
2022,page-2022.png,233695,45C543FA6AD4F7763E8697A56431632FE0981797C4D4C61A9E94A9E90DC45BF1,827,1170,RGB
2023,page-2023.png,198028,8777497F5D4F65CF3A5056F6FF4F07B92849C4E68C325A7762EC4FF2695B103B,827,1170,RGB
2024,page-2024.png,213152,C8A548F6471F3210E4846F7F91F80093C04A51464EAE400116C89A51C78EDB1A,827,1170,RGB
2025,page-2025.png,271621,9986C5A115162F033628B115C3B914F36EB84204A50FD8F5C3A62C7513BC0469,827,1170,RGB
2026,page-2026.png,257236,BB960643E13449EB13BCEA4E7F8D72CE3254A633067A1779B4663CD6E4BA8DC2,827,1170,RGB
2027,page-2027.png,226586,CE38717BA881C187D562198C6B4FB59BA2652B80DCE1916635B49BF664E16E0A,827,1170,RGB
2028,page-2028.png,193430,C85F563E7DEFD28952A513B205FED39108BF89D788C1B5D13B3F3619809C86CF,827,1170,RGB
2029,page-2029.png,226688,3A55D5B9DC4A09EBD6351B49CBF30EFAFD43FA3DEAD1B2FF7283D90C661BAA3D,827,1170,RGB
2030,page-2030.png,194506,878A06E9702E1867CAC42DC830EBC7C2D64FD3F939C22772FA0F58EACACA23D1,827,1170,RGB
2031,page-2031.png,307963,1D9AE3D26FC7DEAEC354D77DF672912A92D153442DB1D7D544A10564E28F483B,827,1170,RGB
2032,page-2032.png,244706,A3D7462A150763042029B8D190E989DB4E4173788711D51B8F503CCC122D633C,827,1170,RGB
2033,page-2033.png,237825,D35B7D863E75EE377E961802580AC65FF099AC78C30CD518D3BDB149DDFB7DD2,827,1170,RGB
2034,page-2034.png,320913,A38BF49590F6ED9B7B814D386D5BE4002A183ACB92D7CD889784B2F83A806C72,827,1170,RGB
2035,page-2035.png,386860,63EDC432E05ADFC39B02F3F96E389D188472D3F84AA2D97A928E9F8DB4C579A0,827,1170,RGB
2036,page-2036.png,253795,72AC2BA07464166973792BEBE89E4D94D932BB60936EA07634E63A28F5D21E9F,827,1170,RGB
2037,page-2037.png,297630,E7DF694EC9D8D9ADC026EE11A3C0778A49532F4701F7EDF5B11C841225B1A52C,827,1170,RGB
2038,page-2038.png,282405,F3F3FADA085296D23A1F055085430313C6464B237BF0A88B720F734CBC026F2A,827,1170,RGB
2039,page-2039.png,170138,6659AC12453DFFEF0E06584DB79AF051255CC9115AB80C1EF1912F6E18553213,827,1170,RGB
2040,page-2040.png,272925,E1D1371D34F8BBD8C6248F690621A32C9663BAFAB032C2860A75EDD339FE96A4,827,1170,RGB
2041,page-2041.png,306688,8EAEB8208266589F3D80AB5AB5F73CAC2247C823FB4953F318F5BDA62074DBC7,827,1170,RGB
2042,page-2042.png,244860,1D8C823085A1DD493CAA4439702A755E80610387D9D2FF9750E9477BDDFE6116,827,1170,RGB
2043,page-2043.png,213060,5D57ED30C9D6D361A8323D0B2335D6B66C181F91CC02717A4B6D491447605D81,827,1170,RGB
2044,page-2044.png,277720,AE246431148977B2EA575C3D7383367B4088DAE8A20C19CDDB052070A1E69E10,827,1170,RGB
2045,page-2045.png,341562,4EDC956A8A1B64C59F34675FB49F69A68E488BEA35A0BECE05C4988250C057FD,827,1170,RGB
2046,page-2046.png,256599,1789EAF29F48459F5E5B43F40A9450719A4E814613295D9389AB32298AE64E42,827,1170,RGB
2047,page-2047.png,233298,7C8B30FADB0EA112712FBC674593923BF48A74F641D876A3D5C2707858704F9C,827,1170,RGB
2048,page-2048.png,235604,25608FF876E8D133E0DD1B5FA94653DB8681BCA56047D99656C0D0B34653FB18,827,1170,RGB
2049,page-2049.png,275036,3ABE3D2F7ACE03ADA710FC20869E2F3CE994C7A86769F85D9921EB81D0323C01,827,1170,RGB
2050,page-2050.png,254794,61C74CBD0950B37F10B895AE940EE23CAE9960A00489F21090F7F84DBDE5C104,827,1170,RGB
2051,page-2051.png,312381,B7757B45D0D3380911288B47092C245A89FDC967F95D5EBB55C1769EA9514707,827,1170,RGB
2052,page-2052.png,320561,8160D2D665D7466887BE1DBF77FE9BCF4A488404ED9400EEBCA9BB6C28345901,827,1170,RGB
2053,page-2053.png,293867,9DEA517BBA587A03D5790EBEBF7F0C8BD1DA62DC854B3BA3328738A2DEE4CEBF,827,1170,RGB
2054,page-2054.png,330451,DF7F0704375D36B16E45B8D6C8F81A7673FDC894B8A3E62DB0F9939D00E7FD00,827,1170,RGB
2055,page-2055.png,332769,A5D023051D4421C76642E665D0C66CF36A8739B328C670CA8349FCD9B4A348CC,827,1170,RGB
2056,page-2056.png,341097,AA1BB25E7EA5827A66859918B0D5EB55750FB3204A4FFAE6D8AD59A8C8F9BC00,827,1170,RGB
2057,page-2057.png,271505,1CA1AFD5EC1FCAC216CA244191D6FB3B0C14F49D5E21F422161D8EF8C5012B84,827,1170,RGB
2058,page-2058.png,296824,6EBD0BC49C031D78EDE2989D1878CBDB8E4B2EF240E0B8734FD1DF3951012AAF,827,1170,RGB
2059,page-2059.png,295833,7C855197AAA4F80FA7243FA7408FEF416FB227CE6464BF8B2C7FBC5B651AFCC1,827,1170,RGB
2060,page-2060.png,343090,F37147A1BE4AF0D2EA2E08E89F07419C92D71377C3A0F67F5CDFF8ED0C60C02E,827,1170,RGB
2061,page-2061.png,263672,97F0F2B33CD7069A39D29F7800734DB978CE39320409545A15482EC33621C3E2,827,1170,RGB
2062,page-2062.png,308606,7E6EA3E138DA20E7960E4318C5A3AD45C530DB012C1EE491887E4E53F3D005DE,827,1170,RGB
2063,page-2063.png,361313,2F01B4F8B4837E54FF15A045232C0C6FFAEEC668F51D47B3D9CF596B7CC4AF37,827,1170,RGB
2064,page-2064.png,246415,B5CBEEF35F10512F4A02A75747058DD8C253AA37CFD80F5A4E00F17D8FA9D043,827,1170,RGB
2065,page-2065.png,329838,7A337BE9CF4A5E3BC3C45A196DF5AC3094E7C113F33032B69938B628AE7DC5D3,827,1170,RGB
2066,page-2066.png,339553,9556D0C2C9B03FF9478540CEC4A06D7B9DB0CC85F9D4BC6D6497DAA7F00F121C,827,1170,RGB
2067,page-2067.png,285115,7554A3F7EAF9D675B06F1763B2102487B1596644CA8EB6C7A8149B0ADCB2A055,827,1170,RGB
2068,page-2068.png,428424,942EEFDA71F891C0E6995FC971A0FEEE15A271867E2393939C3A192D779D14DA,827,1170,RGB
2069,page-2069.png,278093,FDE08856793E258882EFDEE3E13F6D9B77876F804C7C0146AB4B7AFE223194B0,827,1170,RGB
2070,page-2070.png,271431,A8A6FA00B445909E62E0C8ABF97CF53EF66A0EA2511A128449CEEFFABEF68DCC,827,1170,RGB
2071,page-2071.png,324493,043D44F6C71CB790AC1AB8D991423CB69D7F096A6F3FBDBC7BA6D3AB425F2558,827,1170,RGB
2072,page-2072.png,362406,48620F521371344B6A3F8E14E167E0ACCC7E646AC802EB9684EE81840460EEA1,827,1170,RGB
2073,page-2073.png,207542,43F1FAB5A50D752AD17D90DF205CE46F40560AE3818126A00FFD3419D418EFA3,827,1170,RGB
2074,page-2074.png,356592,640ADEB527478D3135EBEC3B9B7F048BE096861E9642DC8517B79FD06B91270E,827,1170,RGB
2075,page-2075.png,311205,CBA4112A499790716358137DEFDA89C21302A0A8D4C3E7D312BEBF7556F6F35F,827,1170,RGB
2076,page-2076.png,361771,FA5753B79FADAE52C724ADB3BA349B548C30EF536DB9C2C853BDE89EB4ED7CF9,827,1170,RGB
2077,page-2077.png,303320,16043F215060043273D9BD1697B1B603224ABC3F1C3CAE392AD4BD94790C0547,827,1170,RGB
2078,page-2078.png,343723,358524F7E624B44B9BD1396FE23A36F956DCC50D514FD8D9C9124C7792058856,827,1170,RGB
2079,page-2079.png,324572,DEC2882CE6859A8D47682CA2268EFBD9D1C7515DE7821B2F272E556FC80F09E6,827,1170,RGB
2080,page-2080.png,335104,6C98FD407A108AC89C8BE6B15AB00282E9E30F304116BD2FB4DC60D25A517519,827,1170,RGB
2081,page-2081.png,268541,545EACD8DE79A53E089BA4EFA46B9BD67DEEA2D9F485C0E3865C463D47F61CDE,827,1170,RGB
2082,page-2082.png,293920,198DC2614C29B9CBAEE9ADAF7658A3658E31EAA9C04DF5FCC78255503ED527E0,827,1170,RGB
2083,page-2083.png,305780,F9D701B6C7641665204D29008927F3D62DFEF814194E707F28752576509E4796,827,1170,RGB
2084,page-2084.png,320155,8EFD5FA3F6AD825F5E570686D7E46BF2C61C884D1878502660932B097D54C950,827,1170,RGB
2085,page-2085.png,262418,704777599AC86719FBCC644F538A7B9A75591CE438AACF5C1B43AB20DBF4511A,827,1170,RGB
2086,page-2086.png,238934,B7C5DEC2DD0C630E8B4AB0780955790479DEF6C13CC695FCE79A277334A1C21C,827,1170,RGB
2087,page-2087.png,282162,03044AAE8132751039C1149E70F421A5E797EE5E0900CE445B013342ECC71F22,827,1170,RGB
2088,page-2088.png,268218,B69206A37A6FD800C72FA63DF90CA8FC50562621DFCA10ABDF4F8AA4E953D3C3,827,1170,RGB
2089,page-2089.png,226454,1E336360CB52016C8D05A286B11535CA5218EE44421FC7B85023EB689BD8A90C,827,1170,RGB
2090,page-2090.png,308665,85EADC7FBDC275D47667B74AB08861E1C2B0B1AB4B0A42E389F6049AFE850347,827,1170,RGB
2091,page-2091.png,325669,335834FA867795F3EF3A2DF268D7F1C61F3B8DD23196CABBB5F350F4FEAE61FA,827,1170,RGB
2092,page-2092.png,345481,FF4578C735A7DCE4FE17FF823B337B3C11C8E1D0FE0F71A661BF7264977925A2,827,1170,RGB
2093,page-2093.png,273558,491D9482703D89172845217FAB4B0109898AA45B6D14EAC971E013136874142E,827,1170,RGB
2094,page-2094.png,289227,15BEC74EE9B5C42E1B38B1EAAA39AFC8847EA6FEC479001EACFDEB75A8286CEA,827,1170,RGB
2095,page-2095.png,284196,6F8413A598CFA20583625DC73B98D4E4CC8EF84AA951889F2B3AD4064C16730B,827,1170,RGB
2096,page-2096.png,341806,FE9622BB5FC11ACF926DE158C95C7F2C5153C8B01AAF2FA0B862C51289AE1735,827,1170,RGB
2097,page-2097.png,241486,BD611BB6DBE1C6783C4E45B54484ABCA5A33C20EB86EBFD02D5AC55461E1F6D7,827,1170,RGB
2098,page-2098.png,220246,E40082069C361C06A70AB7339005F41E503D96B51B787462E945669B9EEDD12F,827,1170,RGB
2099,page-2099.png,139297,BE37F587822F49E440E5CDFDC5142FC3560AC198964B83CDBC19A4AADE2584BC,827,1170,RGB
2100,page-2100.png,205968,17D48E40A261E3187AD94ED488FF7E9E09D3EFCA98FAFFDD7BC8FFC871B22819,827,1170,RGB
2101,page-2101.png,225975,A82031CD99B3C1FA13F0FEF6F1F79A62AD23A49166F83C92BBF1B56F52FA7159,827,1170,RGB
2102,page-2102.png,284365,F299CA4FAC62E896880D68F6B95761BCAEBAF9A7609490595D25B62BD1554D37,827,1170,RGB
2103,page-2103.png,257579,F5D3725959D5F83071F52494E1FB8F50EFA4346A50CFFD859DF0FA1F2C36CFBB,827,1170,RGB
2104,page-2104.png,236659,452DB4286FE301BE91FF7C824399E7D3EF14557E7758FB5C247D25976BBDE441,827,1170,RGB
2105,page-2105.png,305552,E851E0D327D0C5D586BB65EC4D652117B493FFCC3B70F09F0A0E408D1090CEFB,827,1170,RGB
2106,page-2106.png,242581,ED656E0586EF516A7F9EDE15EDD425594B46799B0074D1A3AF8DD9EF9784015C,827,1170,RGB
2107,page-2107.png,322029,7E0ADF1F324915864CFA8E4D8360EE475A504786FA2D55645D7A3B5F80E0BEC8,827,1170,RGB
2108,page-2108.png,253320,E66A306C1BC5C97F65731C9FACC399EF76AC878CC9B86A2EF124798E187BBFF6,827,1170,RGB
2109,page-2109.png,312689,ACEDD9FCF7F17A72C95B150EDECEA9925DB1CB057BF3178E7D6D501C3D611217,827,1170,RGB
2110,page-2110.png,280168,3DED2113AB8530258E1076361A2CE169DC566F5BE866C61F71005BD37F658EBE,827,1170,RGB
2111,page-2111.png,338521,275076FA907C0056654E0C1F026F1D0AC0BCDADD5AAE0B8C23F95DD2A3A00E74,827,1170,RGB
2112,page-2112.png,340739,BC5BECD40BDB087FDE9ABA8894B1C5F00AC080DA30CA9359D00650D41992E35E,827,1170,RGB
2113,page-2113.png,319876,9E8AB3DF54844AF63CF2C47EBFCE411236A1689AC33A3EDE08A5EE8B43ACFFC6,827,1170,RGB
2114,page-2114.png,281129,56AE48271A1A611F2ED2F55E7F1DE828AD10AAA971819F96AEECDD14877A8744,827,1170,RGB
2115,page-2115.png,330331,A7620DB348834937EA345B0AD1A847B246BF7E2B262D15D88C0B7B371065AF5F,827,1170,RGB
2116,page-2116.png,218760,736156B89E2DDBFE0F968E80C2D87AA9E9A767067F59C1D576144C7998756B65,827,1170,RGB
2117,page-2117.png,268339,4B240D18540411FD15D3D7C43958F17BF32D70FF214923FAE6D04BB70E9DD5BB,827,1170,RGB
2118,page-2118.png,325217,933F59F63C05B09D264CA1184F4E7E9F4A35187F00FA78927EA6D42134B06D99,827,1170,RGB
2119,page-2119.png,376130,47F76573877EA75901DA4EB51C8F1204935CE79BE9B5E2F45D0C3D31DEE10290,827,1170,RGB
2120,page-2120.png,239822,B256A9F30226367323C7D2F26709FD930ABF302575CBD31967FB1B3FB549458E,827,1170,RGB
2121,page-2121.png,254185,5743EA7A6A01E162A6BE8E95159A8426C24FF6AE1C4D4CE5DA5FFD998EC45470,827,1170,RGB
2122,page-2122.png,290208,08E10898552660F6DC1FC8BC6A802703CAA07CD8EA31534A138427687835F18D,827,1170,RGB
2123,page-2123.png,218815,A50660068AB75F210E116194F58C0893DBB9070CDF4D75236A4C7FC321BE41B7,827,1170,RGB
2124,page-2124.png,261716,43C6B4187004936CB087147DA93915CA31630FE79D92E0F7448BECCEBC0B9D05,827,1170,RGB
2125,page-2125.png,229661,99CDBEDCCF08817BA27C060727E7BEBC7A429CA092F3A9095B14FE26B80D4DD4,827,1170,RGB
2126,page-2126.png,360955,6D6EB244CE4A833849AA35B27BA0355D638822C10AF4EBAF97278C8DA1851D76,827,1170,RGB
2127,page-2127.png,299502,DA00D158DC23FFA85FA1E2F103206D78336027CF26152FFBB7F3A2C6F57D925E,827,1170,RGB
2128,page-2128.png,363164,4FFAC8D9E9D407058ACAC1B6B1219231B0B28779B0CDB05D91DBCD9C805F7DFF,827,1170,RGB
2129,page-2129.png,319562,57EC2BB76152542AE2E923E7F9D142DEAB26E248F084BD81B353F1914166056E,827,1170,RGB
2130,page-2130.png,328898,48FADF2AE440489D1A6FFBB83F67AB9A5214AD6DDA687A02EBEB4861B27BC942,827,1170,RGB
2131,page-2131.png,307277,5B06775C3EB7AAB9DC73EEB106E9291BB05EE7FFE0A71EDA29E2CEE54E06239F,827,1170,RGB
2132,page-2132.png,351877,212CD27FBB97FF8CC2584D37C4D8E6DAE8ECAA72370F12615111456D5B63921D,827,1170,RGB
2133,page-2133.png,305331,5507A5A6E2680177FEDF55729458BBD17A207369F82F1C5F27CC940D2F1BCEB8,827,1170,RGB
2134,page-2134.png,379454,C25159F6FE77F1E003A396FAD99807D756967FDCAA9D6E820FE32F35A4748E01,827,1170,RGB
2135,page-2135.png,309142,6BA9C4E1658F5DD75D981A98B52A87539A6CE4ABD81029D27194C7576E3C7225,827,1170,RGB
2136,page-2136.png,288958,40C0892EC350EA65F9ECE2800BDADDF981F69E08C142B73295A29CCA903EBBE5,827,1170,RGB
2137,page-2137.png,230391,674A94DAC5977C5381D5837800BEBDA25BF04F8127DD2AFBBD3B5A282A1D345C,827,1170,RGB
2138,page-2138.png,266581,34A9104BBB44F0EF0937CDB81B7970EC55859675933585A0D64A451069F6671D,827,1170,RGB
2139,page-2139.png,342323,F24BAFFFB6C771F05397B525FC2632C883EB8874C564E9C0107F4FE371B8FE6D,827,1170,RGB
2140,page-2140.png,369861,0F232DAC2FFEBA3424905796B61AF00861CC6FEF0E6A5DAB1733E553D3D7A1F7,827,1170,RGB
2141,page-2141.png,286120,F5F333E9E1FC4273E796B7F10886DFD47F01A0DE53D6F520B5DBFE5D3E1CE321,827,1170,RGB
2142,page-2142.png,309140,9754D67628D8AB8571AA13520B424B276ACE0D0C4402609111D52ABBB9FEA950,827,1170,RGB
2143,page-2143.png,330709,F7793E287FE637D353727153698B5A0057B770D8C915AC7802730FB4498F98B9,827,1170,RGB
2144,page-2144.png,322373,7EAC3E33C0B8718F27CC596B974FB99209244832A306E458D89F88DD9DA5C385,827,1170,RGB
2145,page-2145.png,316153,43812EBC49C47D5CB834255A2886E899FA3AF054CDBD9B57D5D962C1C2B02F6F,827,1170,RGB
2146,page-2146.png,264503,D4388CD3B0E84825EE20CDEE6FC3AFFFC8B66C7C0FC89CBC8CA806206A80F763,827,1170,RGB
2147,page-2147.png,341591,5AD82937E29149C9E25F748EA6E2E148C8ACE37DFD94108CE525954F59299FE2,827,1170,RGB
2148,page-2148.png,294803,150AC53CA64D2564CB659FDC798EA3D98B2905EC602241DB1266AE5EA15855DB,827,1170,RGB
2149,page-2149.png,355182,31DFA9E09D59AC155D2BEE9C66AC21EC101207CE2F580082A4ECABCC18A5E8B2,827,1170,RGB
2150,page-2150.png,300485,6DCFAB2C52ED7081022083FC46E6ACF2A68E3A6430146DEEDB9AC8C9B25AFE29,827,1170,RGB
2151,page-2151.png,315960,381ABFC5DEE3B1E2A4526DE3F13D61184327644CDEA878659E7FB87C771E85AB,827,1170,RGB
2152,page-2152.png,274416,A8C34036BE94BCE5CDF7F9B3F6B23849CF5D1C7DC21A87B593DF35DEA44AB661,827,1170,RGB
2153,page-2153.png,317931,1B194E5C783D922B678C8A6B91B85DAC31EE0ACEC743A70777166934DF9292C6,827,1170,RGB
2154,page-2154.png,203015,37EBBEE06EE1F02B2214AAE0C5262BADE0FBFF6431FFE227E56F320DD04051C3,827,1170,RGB
2155,page-2155.png,243064,EFF623C969C57982F581C94AA9FA5B86ACE58F6734F87AA0DFB565DF79598E94,827,1170,RGB
2156,page-2156.png,288434,FB6690252C1DBAC7FD02377808F39FB1595438439710004709D267BBB3D3C3B3,827,1170,RGB
2157,page-2157.png,299922,B5DAC946EF55732A2C140BFB2DC4BD1594D0D517A285D023715F2CB1C10A66C2,827,1170,RGB
2158,page-2158.png,266745,ABDEA77DC90F73FDF590E6D4E34CF54D9A52334634F290C424DD9A255C42A483,827,1170,RGB
2159,page-2159.png,252200,A7142962F23E61D6BA05620BE3505AF50BDFBBDBB708CBE4789D1052C3622FB2,827,1170,RGB
2160,page-2160.png,280877,64898FC211CFEBE8EF5B1578701D1466890E2A3694365EAB909A5A3EFA872116,827,1170,RGB
2161,page-2161.png,352284,0D0028C1FA2355ED46DB9DEECEE52D0CF7F69498AC5263EB610038EBB3931950,827,1170,RGB
2162,page-2162.png,374478,3A47B40C95DC9C903D10C5B7FB589036F977D1E381FDC08884F490340596E5FA,827,1170,RGB
2163,page-2163.png,345829,E37E85FC924D9BEB0AC0901E61780571FF717DEF19A84019C0FB02C71050FA22,827,1170,RGB
2164,page-2164.png,364716,989E76EE5B7583388AAC62701EDBFFFFBA260676A41C3349782973F283058EF4,827,1170,RGB
2165,page-2165.png,274469,74E07A4C078E847C4EF4C7826ECEA74E14DF0896490C17B9C740329D8881887D,827,1170,RGB
2166,page-2166.png,300788,DDB5D3FC387DCDD2C20ED4C2BC5A4D69603B3D32458E6CEC45F0E16C02958061,827,1170,RGB
2167,page-2167.png,262752,6467E243C04ACD9AC42D21A801F9D905D202931D778364545923ACC1BE863A82,827,1170,RGB
2168,page-2168.png,233495,CAE183369C80C09900FA5E76AE470AAEE3AA49454B3A1353F6E6F8E0E975A1FC,827,1170,RGB
2169,page-2169.png,313848,5B542B7B19973529ECCA68012591AFFA90D22AB73E26953C680AB92C22EEBDE7,827,1170,RGB
2170,page-2170.png,254181,30467BAD1D943F7A81167FCC85747531CD10596CA85FBA524A49F46AF3E9CB36,827,1170,RGB
2171,page-2171.png,292095,BE1294EEEAB4ED0F53636C6DC14850C426AE6A3369157EB8F31DD195EFAA73E7,827,1170,RGB
2172,page-2172.png,369722,48F64EF9B1EDA6286931BFCAFBB83302960AD6035FFC6A0891688733D7420586,827,1170,RGB
2173,page-2173.png,315525,EE0E2438E77A8D8307A6F93534A6672B41BC55F541EA16C158D5D35A294E2371,827,1170,RGB
2174,page-2174.png,341581,16EC1B26074BF667F5F88E7DCF11FE3A54555811B6DF86E6B92EB3C1FCC0B55E,827,1170,RGB
2175,page-2175.png,290046,C102F46117A59090AFE937A3C593D2FE8D8BF97391A076617936D17FE0222956,827,1170,RGB
2176,page-2176.png,288998,4DAF2C4BE30489D76D4B8A9A47EFA27C34CF4ACE4F49997ED4B45DC4E86594F9,827,1170,RGB
2177,page-2177.png,311864,8C4623989A719580AAF3F1FF4F7DB766B2A072CF43D161B283A671E4436D076C,827,1170,RGB
2178,page-2178.png,320767,8724D21187E7C1792E2A0CFAD16F562D07201A7A76ED93673FBD4FCE410A4E27,827,1170,RGB
2179,page-2179.png,334170,BE2ABDC30142D79DEADC81D0A845CBEB2B576222C606E6641D32707FE9112813,827,1170,RGB
2180,page-2180.png,312565,248EDD6BD5E8F1B37A17EB01F2C91486BCBA5F8FB4DBA5F6D1BE8BB82762F254,827,1170,RGB
2181,page-2181.png,269505,774F34CD885B484B661D76F49747BCCDB0FEDBC7DF3E4B0C7EA5FA440805B015,827,1170,RGB
2182,page-2182.png,306652,601DD7F3CC2C9EDF06D25E143AAEEDC64329CBCC9A8E6E64C9F431EAA7B10F86,827,1170,RGB
2183,page-2183.png,247185,6D178A2E3CD8B928E0A0C353F5518D464606C9F0E6BFF696F68016DA1374368B,827,1170,RGB
2184,page-2184.png,264565,C61A6067B5FDC7EEA4A850427E82AF971F657790BDBD597E2733E5EE3C6B9929,827,1170,RGB
2185,page-2185.png,316736,9A8E0D70DB1BF14D76832EBEA01DDE51F028A7D0A4FB2DCF5318EB8BAD4A9679,827,1170,RGB
2186,page-2186.png,239102,34C1188190D4CF1A6989AC30AC79F3E91EF2B0325A5E30648D0DAA9E76BCB381,827,1170,RGB
2187,page-2187.png,354464,51DA0D5702763D1FE2D4675A3DF94ABBCB37C9B03994EAEE06939F24EFBDC4F9,827,1170,RGB
2188,page-2188.png,312706,2BB7CA60725608E8C66088F4D0978C1F9EB312BF46016B904D7F9CFBFAA822FE,827,1170,RGB
2189,page-2189.png,299625,24F14447C0BB2600AE67B175501ED1C24488CAAD7826EB6ACB1CA1E36F05D4BB,827,1170,RGB
2190,page-2190.png,338306,442EDAA35C5A281335F5236F2AA719C163C1EDF7DD20F79ABCD58AAB74E9AFB6,827,1170,RGB
2191,page-2191.png,349011,03686070997B3C028E5EEB67E7E5CAEE2FF072AE076431024C38744963719FA4,827,1170,RGB
2192,page-2192.png,327147,CE11FBD5197522A4E6F9608A6BA059BAED8D8B9FB4FCB6D9F5446AC86973466D,827,1170,RGB
2193,page-2193.png,315988,D0257FFF1880A16340074FF7C3B8FA220CDF72E5156CF88EAFDBF72C6E0D7D9E,827,1170,RGB
2194,page-2194.png,304492,5B264A8737C68AC1A0C22157269207480FB884DE69AECEEF7FE743EAD1E93334,827,1170,RGB
2195,page-2195.png,219476,728667689F185A171CA5AA180F8CAB340ACCDB76E57E66F125E720D821457FB2,827,1170,RGB
2196,page-2196.png,51065,142DE38A59C1B4929F3274209EB1722BFC58377D0270E148FF21641916C32B1B,827,1170,RGB
2197,page-2197.png,228309,0C725F4AA61981F696113F2835DE8E2B2D3D08EBFB1B86F28D69B2457B332AF7,827,1170,RGB
2198,page-2198.png,302566,01C05B6B23A45F3E7A095B31EAE01071BD382225E8A32A23060201141B98BF5B,827,1170,RGB
2199,page-2199.png,372736,15933C751D196AA74F0A21E57EE65B64F946DDA8E95AD3BAD6ABA889F7EB421A,827,1170,RGB
2200,page-2200.png,229341,11B1D830235925A24C4FE2FF962A0673A5E9FEE52668600837FEE8E7778B7735,827,1170,RGB
2201,page-2201.png,169266,09F032AC7D9AB176435C36DA14A6A5957A61A568FE7E5D1D2FA469AF2F50D04D,827,1170,RGB
2202,page-2202.png,288213,99AFFBED1FDD68C7F0699A7BA761477D4A01D83034E2C2F0224DD3240C0601A4,827,1170,RGB
2203,page-2203.png,277535,16907B1B971F9DD0FC945E153BFD42FEEA17A599C609BE3D65C2DFC9E4983BEA,827,1170,RGB
2204,page-2204.png,297240,94F88C9B3320DA485960E8B6A83E0FEE89CE9AAD189A6253EBFC341512B562F3,827,1170,RGB
2205,page-2205.png,290049,DA7235914973ACF3E6AF26A443F8F6551D0812BBC88CEAAADD02EF848B281DED,827,1170,RGB
2206,page-2206.png,210625,7498412BBEBF425105C87B072A139FDB3AA694468B9C4934A071B8AF8F3DABCC,827,1170,RGB
2207,page-2207.png,330878,359F435B614AADE1221B3F688B6CB81D407963BDE060A9A30D4BB1B326ECAFCA,827,1170,RGB
2208,page-2208.png,187908,F5250FF17A55510D8095A7F7228EFF59782D36AF7D6195A10D5BE36A1D03324A,827,1170,RGB
2209,page-2209.png,239268,AF24460E9443FEBBBFD167F57D549A4F8E749E54A0A9079EDBEC02843E5BA3FE,827,1170,RGB
2210,page-2210.png,285925,49A91F6BA440883729974987659EAA8F8D979EC352F764A17EEDE4E8493276F8,827,1170,RGB
2211,page-2211.png,255835,7E3EB1BC4B5EA3DA2E92BA2196A7937E0A1A573D9DC15CD52E1C27904C9E7F44,827,1170,RGB
2212,page-2212.png,337302,103C89334A975C9570EE41A9149686C8B73ADB44C9AC1D0DFCFCEE5C2ED927A7,827,1170,RGB
2213,page-2213.png,275113,62893048C7D839336908189C1447DCD3EAA3100254D77A7AB2B396C1F1FE8FAE,827,1170,RGB
2214,page-2214.png,341856,BBB7B39A02517126A164376ACB530CF2B6817E86D7EAFC57C9D51F6CA3D3C8F1,827,1170,RGB
2215,page-2215.png,347665,078E7921E6F9278D1521E15B4F26F15FA70EEB378405A9226A1E4E73D29AA889,827,1170,RGB
2216,page-2216.png,233183,F319CD3C0DABE61535D7E47A1BEA3C6B02F7C0CAB9A5266C303D31D8F3D47547,827,1170,RGB
2217,page-2217.png,285662,7C5240E041777B7275B86443076E012238C58A467BDC5A5BB482CA2B0BCA7999,827,1170,RGB
2218,page-2218.png,280949,7123E229E702FE4B05C82721060177E2EDC7A746E4871BFC658B24A08370FEF9,827,1170,RGB
2219,page-2219.png,305827,B99ED0FE84F3A158F959274B3C1E060FA8B632ADD205D3C6560076C08C152BF7,827,1170,RGB
2220,page-2220.png,293722,9A7962728E1C38A305D2C8AC94E8C066FE8DDEFDEBFF7636117489ED6D653F39,827,1170,RGB
2221,page-2221.png,342362,8CFA22E9857212E764B0EB1F5655FA6CC57FC4F05D7446B3FA54B632FEE4216F,827,1170,RGB
2222,page-2222.png,311240,5603F2E862382C42EB205E45CF89147834055F714EBF02298679DAFF95BB0296,827,1170,RGB
2223,page-2223.png,214904,D49A6D606B99FA049EA288E24673EE58AA706CCAA0B4441C8C5F33D2205B759F,827,1170,RGB
2224,page-2224.png,241458,16550BFB4734D2E2DA1BDF7A65FE003D438066739551D10E0A40C14065C6C9F9,827,1170,RGB
2225,page-2225.png,205286,DBC315572AFC8E747847E1726D7A53639529BEBF1F5F42DAAD3497495661AA73,827,1170,RGB
2226,page-2226.png,252455,F7FAED6AD85064AC23555C06382CBB17718E2621C189BCF65A0635E367423AA2,827,1170,RGB
2227,page-2227.png,316526,F25C77DEA984FB6C9B8AC9BB423706D0D780B8EE0070FF20C1A7113E2AB5666C,827,1170,RGB
2228,page-2228.png,350959,74B0DDFA5EB1DE09895A209CF44C68FA496D27989C5912BD3A2AF2D161A5B3EB,827,1170,RGB
2229,page-2229.png,312705,173F42B858072A081271CCE0167AD2C38C106CB9F6627FDC833B3D7BD4A34B01,827,1170,RGB
2230,page-2230.png,295402,B5574FEB90F6DA5D207C40619D792A17225A539648EF4DD1FC8CEFAE6E51B490,827,1170,RGB
2231,page-2231.png,273433,97515F7DA03CD0770FB2D40ACEE229A740BB286369E90D6A3F5DD74A2F55695D,827,1170,RGB
2232,page-2232.png,227662,36DE6C426D93E7443E5F17ED47E16B44E6ECB80D72DE809028C6FC1EF39A7B6E,827,1170,RGB
2233,page-2233.png,301932,97F4F32AE63BBF5A4C47D305B5395D1241487D1209EA44327801592CB360B024,827,1170,RGB
2234,page-2234.png,335781,0A316EEC5A62CDE75EE8FE6BCC512C6E5E2F1B808A07D657521A2FCD768D25FD,827,1170,RGB
2235,page-2235.png,346419,D4A98DECEB6440BCC14A67587D9C98266DAFBFD1A259FD89725A12B3FF909C3F,827,1170,RGB
2236,page-2236.png,326933,94DA275E99DE87428A4042CEA8636011C3A11B9E09E70242FCF90F163D4A46CF,827,1170,RGB
2237,page-2237.png,313434,DE01EFC2FF2060BC10170E659B9435C0A4155CAD124D96EA7B633638D4B2BDF8,827,1170,RGB
2238,page-2238.png,294299,7C6F9755D648B7CB28582249CD9074356B27FA34CDA54B7081629D11C4F1971A,827,1170,RGB
2239,page-2239.png,309431,3F0DF75E0CE874B218A58B7D277EC8734C18CA72BB90D5B1F3B8E18364FB873A,827,1170,RGB
2240,page-2240.png,298420,41A1F5832ACA6B1C925779ED310EACF089215D6ED35E37D74D078718BA6355CF,827,1170,RGB
2241,page-2241.png,347151,D58EC96510E7FF7F697A2F4071E528DD6913F1DA96DD7FB6119221EC20FA4015,827,1170,RGB
2242,page-2242.png,346900,5E9BDB575B6C66BF2BBBD1964A8A9D2F9226EB74ED7A7FBABE817AA8D5FA8AD5,827,1170,RGB
2243,page-2243.png,365421,9AE8C524B9CD16B4B609DBFA2C5971C761D4FC07AA0A3C6115729213526BD005,827,1170,RGB
2244,page-2244.png,344205,E3A0E3E5BC2C4210EC8C63FB26960E38B1549E058C8B48F65840E8A6BAB06A3C,827,1170,RGB
2245,page-2245.png,329092,CA37A0C0E31C0D86A7D11F92F13F18A476BF5E4E53AF37D206FA6F0507E33CC2,827,1170,RGB
2246,page-2246.png,325607,2C60C9E6BD7FBECCD85AEAC303622DB3E36002D1A48AA9C66F4494BC586DB874,827,1170,RGB
2247,page-2247.png,302153,EB5D7D3160FB6E2DCBEDFC1687258DAA6B6545DED18A9B8A1956B77CFCBC59FF,827,1170,RGB
2248,page-2248.png,302181,B1379C5B88FBF531E6F8A39BE205C4CF17FCD5A94A6E68C6513D7DEF5712C150,827,1170,RGB
2249,page-2249.png,378275,FCE3E6A9B8B4947B59CA6171041A43F0F5077DB77B19C925594806C02FAC8937,827,1170,RGB
2250,page-2250.png,347487,FB2B2F456158F75F1016EAE2497E7DC69449C03C2BF85FC71C959A2C1EF29BF2,827,1170,RGB
2251,page-2251.png,346594,F520D492102BE61B6BAD60EC9E036C7201CDA622ADE92C070F75298BEDCCF820,827,1170,RGB
2252,page-2252.png,365095,09CD156B7FE5EE67B2DEB35CB70B56B5C340378F530DA4B2F585A8A4D52E443D,827,1170,RGB
2253,page-2253.png,361530,C4DD90BF0FF9F3C0BC380AF887044638C8D870CF193BB48E63FFD4458C2019E5,827,1170,RGB
2254,page-2254.png,289584,CE54B6958E39A785C4BB7FC11938F6D0E74FCE19A60E2B6DFC29044A70776131,827,1170,RGB
2255,page-2255.png,355563,C7F8DB59C76C0ED32948361E3C0738233B424BF43F478DA0E830F115D502C32A,827,1170,RGB
2256,page-2256.png,331798,7C23CE7482031393131448A67F27C2BE93AD94959B587C93E3E6F7C62F273A2E,827,1170,RGB
2257,page-2257.png,355259,D95E6B848ACF9F08EB0D17BECF47B9A5385FF5B88780FD3ACC1B799EE5B9F258,827,1170,RGB
2258,page-2258.png,274115,F288FF8D3C6B48BFC751CE6DA1AD676D617FA8C3DE927E4B952344CB729685D8,827,1170,RGB
2259,page-2259.png,328439,F5328EC5FCA897F1C66F862A55FC43CAA5DF0D85771B3346532AFB62CE2D9699,827,1170,RGB
2260,page-2260.png,342140,EA463D6179F24804280902F0FDE0BFB5BEE5EE84055940D7EA759A5B469CE914,827,1170,RGB
2261,page-2261.png,290365,26DC553E4B4A9B6EC8284E7848F7CAE11E333284021E928C4CCE7379130196C7,827,1170,RGB
2262,page-2262.png,371959,5DBDC5B4A413E1EDF18CA1822DD8FFFC66F9337749C288CA11FEA35038CE57B0,827,1170,RGB
2263,page-2263.png,373184,95AC6B454903AE59ECF71C3F7ED138DEF20B55C320A5B19160496FE615D15DCA,827,1170,RGB
2264,page-2264.png,293306,7BBE58E2C8EFF7C546081C1D7A59165776AB18C9A8C558B7E2509DD9EA85EBE9,827,1170,RGB
2265,page-2265.png,323333,BEB336B5D17D6F8F96B4CC96C7B254F7709F4CA624FA3B8E70A0FC5D35E5651A,827,1170,RGB
2266,page-2266.png,334047,BC26CACA6C9745A6E58F7AB2FB79D9B4555D7899D46A43891629AB1C9A64F7FF,827,1170,RGB
2267,page-2267.png,318678,2516E6C5775417427E9A8E46CCCD53DA5ABC622640E73531941B08CC716255D8,827,1170,RGB
2268,page-2268.png,248662,2342CB089F8638FEEDDF5F672844DEC62C71EE06AFBAF188143152C65BAA7A20,827,1170,RGB
2269,page-2269.png,347530,8856DFDB65E53C2BAF1FBBF0E00AB857F010C4020FE63C00A116614439D97F8D,827,1170,RGB
2270,page-2270.png,344493,0D96AAE9A888C77E05CB75FC4D49DC677B0DD9271A641EE81F7C7E00CBE5E255,827,1170,RGB
2271,page-2271.png,274124,2D01B77916FD38B646E5B3EA5806F868FA5567DD222AF6A6D8B1A6D495AE35B1,827,1170,RGB
2272,page-2272.png,352408,2AF7E5CB5B4DC922EC7C55FA340EF7E26E6B61C2483365BC5830AA19AD38E746,827,1170,RGB
2273,page-2273.png,356388,C62B0B4E04EEC21D37269876F4DE494DFDC3B506F10BF3C48015BA82D58379FC,827,1170,RGB
2274,page-2274.png,338265,68AED4CDD9630DF3E5F8093D32962A97D96C2A38D85477816ED573C5799D3313,827,1170,RGB
2275,page-2275.png,302945,C5AC58535827651660593AF9E87A36713465CF59DC5CBFECE371C0239ACDB154,827,1170,RGB
2276,page-2276.png,359303,DED719AADEE73C51889E9AC8EF7243D86C871190FAB31D0BC81D6CDB1ACACB33,827,1170,RGB
2277,page-2277.png,352203,349E537808B151D935E0633877DDBF5DE5AD6F4D4DC45F73ECC76FF939E7CDF6,827,1170,RGB
2278,page-2278.png,332121,1C946F4A7EC067A8C5523AAB7DD170927A3062430E89915431E225C6F91F6503,827,1170,RGB
2279,page-2279.png,227177,52F6352262DE1AC227462FC560F55F4313CFB3DA3C491426382E27D31F6712E3,827,1170,RGB
2280,page-2280.png,292053,6CA60D4E7815BB08D3602100641AB48FF1430978FFB476DE06D8DB521A0AF06A,827,1170,RGB
2281,page-2281.png,220858,BA19FB5A48FE7A39841BDC0A3E9A2B3869C72591FD7F5A43C063C452A9648A7F,827,1170,RGB
2282,page-2282.png,213779,6D462A00EEF1C2FF110867926406F5A434FD76B9F91EFA3F937318D6A0D211D7,827,1170,RGB
2283,page-2283.png,221397,2B1D8B021740E73D7094D4CB8B603943A9C1B26E2D7796F8F7E01A1D22E85C2A,827,1170,RGB
2284,page-2284.png,240043,D3EE5C33089999934CCEBA1BED7AEFCCD94F90B31B998FB95B4C0C8C92E6A981,827,1170,RGB
2285,page-2285.png,178642,05F9858E13DAC98D83C6FD2EE96A5CD01A094828555F43A2E09C224792FCB82F,827,1170,RGB
2286,page-2286.png,192934,3DBC689B5E0FCC50934AB9E55D5CB52BEF75B96421DC026EE1AAE66C3C63CFD9,827,1170,RGB
2287,page-2287.png,275167,79E1CD21345414F3729F9357B571C1F8F735C96F002CD4895A0B7543B8EFB53F,827,1170,RGB
2288,page-2288.png,267470,0B0823B024891562BFDF8F2BEC8D21763EB23920F38988E7C7218D10AD8CBB59,827,1170,RGB
2289,page-2289.png,302877,4C91C7904A2185418955F73103354DC346E051D098D8CB2200D325646B73564D,827,1170,RGB
2290,page-2290.png,288273,07E9F03E9609D892D2138B976D0EB46E8AD3B61D794FA54E0D8BC0D1794FA583,827,1170,RGB
2291,page-2291.png,271610,93C9A7946EA8D46737D25BF1AF16D3843E6E3B415EB7033B170F508EC809ED4B,827,1170,RGB
2292,page-2292.png,317290,BE014DB31F733590E10C44DF55AF2CD02B628DF9E2898A44B97E77D8C71F6F46,827,1170,RGB
2293,page-2293.png,316634,17FC0AFC21A9FE98F6AFF6B6A7968FD3E8D6774F9DEA5654086DF1E1B55E5C88,827,1170,RGB
2294,page-2294.png,320802,5A1248F37AAABE9A38849968D00FF5302FA9041AE830261E11D3BB21366824A5,827,1170,RGB
2295,page-2295.png,405984,1CCD9559F8F11AFBA9DBDF5785CD9E4040BA862717E24E9A421705ADCC5217D4,827,1170,RGB
2296,page-2296.png,364571,860F867C45B4160D7B9C21AE2E23C614E2129B829D0446943CE8B13672425D31,827,1170,RGB
2297,page-2297.png,322241,35886C96FB98002AEEEB7191308043EAB59D00A7E65F8BFB153461ECF611AFA5,827,1170,RGB
2298,page-2298.png,218751,C54C23BF7A2262124B20358AC613B862B39A55A412B558425452F288D694D3E5,827,1170,RGB
2299,page-2299.png,313733,30C7D26612C64E33737357C30E643E34BB24190531555DCE1F63C26801E75A28,827,1170,RGB
2300,page-2300.png,338434,0EA0E8DE9BAC8792B75C4DB6D74D9A13F8079EF1D0591DBD858A2EC3724772EB,827,1170,RGB
2301,page-2301.png,338139,EE9248BC5AC04562AAEDAA2E9E916146AC165B447170EE0DEC881B4E475C0321,827,1170,RGB
2302,page-2302.png,297327,EE5D5F969F646DCB50264E2EC8F9E473EEEFF19D09C29389EFB985F3E5BDD0A4,827,1170,RGB
2303,page-2303.png,352476,814AFD1B16FC6CBD766A939DCE394AA799B9084DABBDE064A905BE7EFBB935B7,827,1170,RGB
2304,page-2304.png,192187,44CA76C9B3C00FB1FBD4966DD1FE7A02A16D7D182E146CD042BB0772ABDCE269,827,1170,RGB
2305,page-2305.png,242988,83840317B006B895A0EC4D880299D131BC4D41B358FFB2C45841837E03FEC3C7,827,1170,RGB
2306,page-2306.png,192667,7B72BC04BDC1C7C5DB71C205AEC5FD856C011DC7BEC9871E222840DD2F390105,827,1170,RGB
2307,page-2307.png,279564,EE661310FEE9F2A23CC8A6AD67B73EE75CA5281FD4AD10A6A89B4CCD76618223,827,1170,RGB
2308,page-2308.png,177171,DB0EF464797CA062001CD471462DEF7040F52D370A831F2B0AD22CDBE377E3B2,827,1170,RGB
2309,page-2309.png,224749,FF9F0B1393A88317B9A013A35AEA93466233B6A06CEB1D302AFC1F50EA8BBCC5,827,1170,RGB
2310,page-2310.png,207760,77AE61942D4CF14F6261D998AF4EE846D9F6C405C237174A2EAF4603F8C09E91,827,1170,RGB
2311,page-2311.png,322326,03FBDAA7E235C305726E1D469265253162BFB57A622F089F6EA586E09E727E23,827,1170,RGB
2312,page-2312.png,350202,1F77257D464AFF1348C9F48B5F27DB9FB3B4F414BEB43B114AF5211884DD8ED3,827,1170,RGB
2313,page-2313.png,306339,CA8624E7259A46E50BD27FCD8A2275D3BBF4296EAA30C6E54D38CD89C010DA73,827,1170,RGB
2314,page-2314.png,353941,F569C8A692E44E4078B05C6D301E3CDDAC5D750639BB4C510EE0BC2449F75999,827,1170,RGB
2315,page-2315.png,329654,DFB8020F209BF7CCA13472A6B9C69BE88CC3777349F0B408E2E05FC3211E8362,827,1170,RGB
2316,page-2316.png,338900,B460AEF9338ED75B108FC2D9C6C4E1B3A565950EC06E927C09ABADF1506EA109,827,1170,RGB
2317,page-2317.png,311013,8323E881762E6F9C903F732BC9E458EE6466376C18EE2F407CA48AA2EB0F3BBF,827,1170,RGB
2318,page-2318.png,245386,BC0315613B699287F027DDA38BD42E79E5A46C14D0BD1BF848B262D3ED2DC286,827,1170,RGB
2319,page-2319.png,340032,A21359EC7C5D563B62A75BED347F59184694BCC9454B7902E242C347C05C3AE8,827,1170,RGB
2320,page-2320.png,325159,6B65FC8C25D3D7FA498E7F468A5878BCC8E6F3A3F73567290131B10FD09C6470,827,1170,RGB
2321,page-2321.png,235880,415F634E36CE28C73040B6158A84AA15266E0BBB4A9318529CD8F5BD656E8211,827,1170,RGB
2322,page-2322.png,289558,2EEEB5DCC08D659E5B7E9240D0DE89D10936D35D9D7B72409999C6433DFABAFE,827,1170,RGB
2323,page-2323.png,247963,30070124C495E8AAE759EABFCB6673DB55EE1F191842DCA12CE705DDE68691D9,827,1170,RGB
2324,page-2324.png,267887,38A46D1640C5F27CE9A0780251BE2830A1440A1296F2B9728B423F1B5A9F5140,827,1170,RGB
2325,page-2325.png,184034,B6FF3036C1EF467B630B4B32B6FC0E45331C69E814F93B5CB617E0E86C1F8CCB,827,1170,RGB
2326,page-2326.png,229643,64FAA51910C72E54A7D39B1121ADEB6BF954E19853C37DBE407825515A17F6B5,827,1170,RGB
2327,page-2327.png,297101,6CCAFF1CCAD4EC7A1A7769B5943A9C2653DBA71C2B266ACE313CFF6401066A54,827,1170,RGB
2328,page-2328.png,242915,E4791C739B7F3BFB07CEAB7FB421E1736A278737CCAE2BDDBDE632B9E85861CA,827,1170,RGB
2329,page-2329.png,254052,1BA22F69EBF3D756CD59C10AD38FAF43F7116284397DBC54B6F75F4C7C8E45A8,827,1170,RGB
2330,page-2330.png,291643,141C1651BC161090BEA7E01CFD5A937C36FCFCA6460756C71510ADB16E81419D,827,1170,RGB
2331,page-2331.png,256244,6B28D74EF2CAC0A852DB7C978F00C68DB32F596650C980B0A7F933ED821B57EF,827,1170,RGB
2332,page-2332.png,241029,1A002323C48E4BA76DD5D755FCC21DA9CA7415C7471EFF839B4BF9D418B9BA52,827,1170,RGB
2333,page-2333.png,324139,45DB92735A655C51561271D637B513CD922FC5A13E61ECF07F02F1984021934F,827,1170,RGB
2334,page-2334.png,288338,E7B00BA0E4FEDD9D384A1134A83411B0559248CBB1E25BC8B8269838ACE2DDF9,827,1170,RGB
2335,page-2335.png,279916,49E17CB759E152ADF49A4EDBD4CEB7E33A781E538F92C3693795FFAFFAD44965,827,1170,RGB
2336,page-2336.png,225361,8A6F1C55DDF961084ECDC32FDCD0EDC80F15350412C9CBC88FADCA5D771C534B,827,1170,RGB
2337,page-2337.png,205220,7790923B6D2FC8CBFDC619BC385A9F779963CF3881215BEAAD88CC5BEC1FD794,827,1170,RGB
2338,page-2338.png,284350,733800DBF42950B73BE8D2C2FD115695DBA18F609D4550A685A75467AD33032D,827,1170,RGB
2339,page-2339.png,312036,322FC2A5476FB629C375B851E7271A31002F84DADA9C33C5CD05BEA625A953F3,827,1170,RGB
2340,page-2340.png,298404,B8BF1EA0757B65F270FA91598666FAC852C5448A672A0BFF801A3F445C542700,827,1170,RGB
2341,page-2341.png,315741,935F2D3205F32E62F6D71ECE1974748A648A04E6B579AA4C9F0956651B222614,827,1170,RGB
2342,page-2342.png,259758,FCD2C2B921BE2AE67C5DBE2E08D25F217E813C7761EB9EEEE0472635FF41DCE1,827,1170,RGB
2343,page-2343.png,330011,DC28E962C86E76D9DA4BDC8EDD0182510E230AA757EC23ACFBC97356D358740C,827,1170,RGB
2344,page-2344.png,298060,B8B694512175F8BA77D16F1A681FDBB3FD7EDDF8AE7CFF08957C75ADABE57280,827,1170,RGB
2345,page-2345.png,210003,5F3F3065A4ADDB53C43BB67D3F5CECB57D9B36AFE7B0CF8B0706328B50BAEAE4,827,1170,RGB
2346,page-2346.png,120040,661E558F4D36AC7AEB6404B11FD0D3AE8A420307C036438368D0D2334037E518,827,1170,RGB
2347,page-2347.png,185072,016E56A10E2ACF09EA2190E3A737FDF0F06D1206DA84D6861F2567714C6F6A55,827,1170,RGB
2348,page-2348.png,239978,F49599F0963FC1680D5C954FDB1C58E48900388F768E504B3353C6A8A7403372,827,1170,RGB
2349,page-2349.png,352762,D5FE3C4A43F79B27406F39FE79E07CE69EFB0CD6B61D17AF48A56EFBD1F62895,827,1170,RGB
2350,page-2350.png,322512,83F25433FABA699FB15C6F747FF9359104F0ABBE2E798FBC804395184BD5B2FD,827,1170,RGB
2351,page-2351.png,289126,19AA4F1CFEDC5E64B0D82248D06D442D19A74B26163B5D08E9ED7E0202E9F476,827,1170,RGB
2352,page-2352.png,261151,E49A8DEE80BF20033A3F7438D8B8052CA597B4103665CDDA6B64134138D33332,827,1170,RGB
2353,page-2353.png,268946,46FCEC10F1E1AC217FD8C6410B01386874FC67FB6BCB21D9DBC77D8102C82670,827,1170,RGB
2354,page-2354.png,231581,A44074F9A27D21DB94E687201E74A6D767E80E7CB6F32FE356D47A34674BB9AD,827,1170,RGB
2355,page-2355.png,196649,10E9B6FDD4C46339F6837474F8B2CEAA8FADDE549CAE6E01A33315B265D9A440,827,1170,RGB
2356,page-2356.png,352626,493A8F2D60DE7D774F25FAA9886D25D520B689CC46AD038FE45D6C71D02A7C71,827,1170,RGB
2357,page-2357.png,217192,CC7D6A3131F8681263436C594D329FCBED9C2FA5534F9D69F2B2849CE1C20C11,827,1170,RGB
2358,page-2358.png,264579,22C6F90771A7A99FA96BD83E8C4E43D18BC1791B1FE4B2E3D3C956230E63277F,827,1170,RGB
2359,page-2359.png,265839,F8AC18BC4D4AAE52A8A18AD3501C72C13F31E7A5C8582609C401ACCE7D7B869E,827,1170,RGB
2360,page-2360.png,274441,0FB4265C8A9E00741D6C066B857127ED80FD046F30E78479F3760274DCF0ED7C,827,1170,RGB
2361,page-2361.png,270572,078DBBF4E5253D8036D42EC9E8CF8A4A638FCFF1C3E0D2820EBA4CACB67BA902,827,1170,RGB
2362,page-2362.png,329896,A9D9AA3AC5D471965FBFE09840C690CDDF91EED9EB57A92A9207EC6DD8784C3D,827,1170,RGB
2363,page-2363.png,261261,B6BC4762E409DC35F507E0B461A827E6CB70B309D7EBDD8F3FA7FFBCF1218056,827,1170,RGB
2364,page-2364.png,360585,18CF93AAD701C1140E5A6B4FC6CB0470031C173BEF89FB7EF3AA79D31026E85E,827,1170,RGB
2365,page-2365.png,269285,109186E8B18A735AF91A3D630132EC878A6EF0BBF3B15C74BB6C9B70C439483F,827,1170,RGB
2366,page-2366.png,299146,D43172FE83583905D222CF5323B9181CC63610839E5AEAE41B914D2CB296C389,827,1170,RGB
2367,page-2367.png,374870,3CFD664D98C337D7DBD8A6E376C8E9275DB48686400403B07FEC728103FC58B2,827,1170,RGB
2368,page-2368.png,366416,1F3585283D3D1302D79C92172419C896FC1821EE261A8BB0071CB422E3F0C247,827,1170,RGB
2369,page-2369.png,303249,BD56902303E9180C4834DA95BD84564C8161763D7DB8EE722F64D621BDD091B2,827,1170,RGB
2370,page-2370.png,276311,C4CF11A4595BB3AA8E7407ED8863C1C161C9F51B1F8B3A9AE8D7529CD6BA58D7,827,1170,RGB
2371,page-2371.png,269599,4C2D8A6C296142B976F7A6CB7CFF8A06EB7884A91DA2F12B111F0B2F638B6EB5,827,1170,RGB
2372,page-2372.png,278623,9466CE1C0AFAE8D694061B2540D044B20D9FB8E208213D9731BB9ABD2E15E989,827,1170,RGB
2373,page-2373.png,346160,55F57FAB1F90A3615F9C16815A89E528CBDA6A5B2CB620C2CABDAAF797C3CFF2,827,1170,RGB
2374,page-2374.png,289713,6ECC17D65CE5F6BC12AC19452BCE5DE39B8C876C48F5FDAAECB5EC44915571AF,827,1170,RGB
2375,page-2375.png,302922,8451A06D10DE8CB970C547F9B39DF7E310FD644A0E33189C3DFEC087ED95242C,827,1170,RGB
2376,page-2376.png,308857,4842875FE07725BC1B0B09FB9ED5967F249F10D48C14426DC6B0E87CBC936A20,827,1170,RGB
2377,page-2377.png,289553,6F8864CD23B2D39E3463BFC5526D7747F4D5C6B793F2E1EDA217AB2DF46E20F2,827,1170,RGB
2378,page-2378.png,355978,D7F91B5EE563AF39D91F045D77284CE4E3C093DE61334A624371034111442B6F,827,1170,RGB
2379,page-2379.png,345985,2128A758FFC9FFCA422D70D42679BB0293A74AEFB8573BA1BD10C3216D67ABF6,827,1170,RGB
2380,page-2380.png,325275,1AC43636E481B697F0B779E9B396887D92E03E8B1772A3CF58304A910CC8FEB0,827,1170,RGB
2381,page-2381.png,314235,345C5AD5DC90ADA06C3D09D7F9FCB8C2B9C3F3A3BDA0395E06D9B987DDA99AB4,827,1170,RGB
2382,page-2382.png,260936,031DACE2B911FDB4404560BD901ADD1C463B1C12205A7F30B4DC703EC4E46E8C,827,1170,RGB
2383,page-2383.png,299852,72D0036001E02327D0C19D051BC148F07D8D474FBCFBFE74A2C2AB8EE7AAF535,827,1170,RGB
2384,page-2384.png,267324,6019BB7E11E6E720D7B1E1863BE9203BB2FC3DBCE9D76811FE537B602E77142D,827,1170,RGB
2385,page-2385.png,254230,23AD4729FBFFEE73CEC0E065D666B6024CE806FCFD888ECDBF8F4784D074F5F7,827,1170,RGB
2386,page-2386.png,269385,BADE4479A75B49C942C10ED39834F13FA5191C82C728D094FE34AA8B4F2761EC,827,1170,RGB
2387,page-2387.png,343057,BA1B994DDF69752DB0D7B82BEDB2F055C1D0402F1865164234EB526B1228BD2E,827,1170,RGB
2388,page-2388.png,344864,3169ADA29F3938895389B140716261073FB8A7084DA34C41625E28B2E3BAA667,827,1170,RGB
2389,page-2389.png,376106,1271BB68681B17FBA3269D3BA5231D735BC6DD8EB20696756E8EF6DD474AE205,827,1170,RGB
2390,page-2390.png,329609,07D153BDC33D2F35674D2708AA5228DA314D279DF85D2FC37EA0D1C8EA3305E6,827,1170,RGB
2391,page-2391.png,362102,6CA6F4275D4DC3B512CDD05709CD24B0C7404321930892D8583DB8EA71FFAF29,827,1170,RGB
2392,page-2392.png,378655,7E4B5E62A6B3AAC857DC80055E2DE5D3B5B522A689FE7F61C0A61BE161791782,827,1170,RGB
2393,page-2393.png,94317,EC06DFA126EDAED473056890321EA85010C651576E0F60B7BC42D9EDCAE128B3,827,1170,RGB
2394,page-2394.png,300520,8B6E95E86DE615D943B9677287A635536EBAC57259B46DFFA30180F607995AE0,827,1170,RGB
2395,page-2395.png,264084,96EAE078D8F776FC116ACB8E83A5540F9A3851D0CADFC23D4B16587BE2E2C75A,827,1170,RGB
2396,page-2396.png,306169,2BC5E83C7E6682B50F6417D9EC8167B8BEE0190404A7DEB192E26C29CAB6428A,827,1170,RGB
2397,page-2397.png,223039,0B436FF1939C6C4C6883C3CEE76BF535DE3693154AAF689909DCD6C67DB47E8F,827,1170,RGB
2398,page-2398.png,358891,0A30ED7A81EB6A384BD637EE9CA6C5FF4C9EB2B73F2E511484146218669859C5,827,1170,RGB
2399,page-2399.png,318719,FFC8DC1567F030E6CFCA54B4D77B169FCD535AA8BF1B29B1FFFFDEF3401AA2DA,827,1170,RGB
2400,page-2400.png,281093,7C60AAA6ADA1B4C56AB0D3B4BB66381459EBEA2D66CA96C0A7BB52AB5C1EC0A9,827,1170,RGB
2401,page-2401.png,249702,A047A1166391B850033C95A07FA7163B873142BE0711EDB29F0F6548B93D24FF,827,1170,RGB
2402,page-2402.png,307123,DD7B1ED8F3E64F7732C79F1F9909517F5D3458773E14817E5EA97DC4B3752BA6,827,1170,RGB
2403,page-2403.png,249628,C3F1BA919577E484CACF4BE8441D735F8827750B49D0900A2811FFE9F7AAE98A,827,1170,RGB
2404,page-2404.png,368444,59B341CA451877E949C0BBDCFFD05E6A70A2C468E87147302B2524BF445B3B0F,827,1170,RGB
2405,page-2405.png,272855,032C4FDC011C057A6502FBE74BD9DF558B3505694A4D651D501C2493E87E9AB2,827,1170,RGB
2406,page-2406.png,279274,9D72512DA4840DD414FB5F3F4669D007DCCCF34472030891CBAF4AA513DB2155,827,1170,RGB
2407,page-2407.png,308373,3761F4ADBAF8637978D9AC3DB5CD0259CA973DC4C510BA9382ABAF9A1F2C12EC,827,1170,RGB
2408,page-2408.png,237872,AFC695388F588F8F696F8E17B41626D78E142D03DC1CD7A4C44C5B0AE117F251,827,1170,RGB
2409,page-2409.png,299603,751AC6B3F2B162F2EFCB092581E736F0BA89755FC7729F0915BE179799A10B1A,827,1170,RGB
2410,page-2410.png,278851,DC73D4FC4422F3EF62F65C8B64EFE0D57D6F1505E73C567EE574EA405B3B99F5,827,1170,RGB
2411,page-2411.png,281229,94C2475C1994B30A5B36E2D438EEE5875B0A8C287EEDDE1F70B3FF4BF561F3E5,827,1170,RGB
2412,page-2412.png,280360,55B0A79BA0EFD4EBC9B014800EB8C4C32C13ACDE279F29E05BB7E98232985337,827,1170,RGB
2413,page-2413.png,266197,B738C258C67B84E951412EA654EB7EAA33DEAF32E37503623CE9F1D52472BF53,827,1170,RGB
2414,page-2414.png,285233,20FDCF7FC4F8C8D3DF38FA86D6CBB99AB95C5C0660B4A3A383506F42A3A1E67A,827,1170,RGB
2415,page-2415.png,299062,037615DF9C7A7027BDD4B5051AE40D3EAAE2ABF330073AD1121C3939C1DECEA4,827,1170,RGB
2416,page-2416.png,273584,CDF1B9C2C39742065E2AF97B06EFB6C0C96F3B805D4D0BA43BBD4D95AAEA7C4A,827,1170,RGB
2417,page-2417.png,330827,47E895DD7BBBBF1EB94724723B898A4DE83502A2C99EA0B0DE8AADFFAE476A0B,827,1170,RGB
2418,page-2418.png,230785,0BCFF17DB194FD6BD0E318FD2E6AB65EBF799402D88D184C70A99546A6DED17E,827,1170,RGB
2419,page-2419.png,281678,B32A34CD4A5D2BA93FA81F358689618DFD790FC19518E232EEA4CAB8D5B2C331,827,1170,RGB
2420,page-2420.png,287184,0F666EF31AECAD8ED5684A89F01BF01DBB3A612161B9274DD9AF2EBA8BC14874,827,1170,RGB
2421,page-2421.png,277730,3456B6E1E65C544BD8898F32ACBD67B7623155E2CD59852A14A97A1820C1EEF8,827,1170,RGB
2422,page-2422.png,301492,CC99D7095046A93647CF83F42626349E0A963FFCF7A4AFAB0C995294710478B7,827,1170,RGB
2423,page-2423.png,260486,EE0947A95D02C8A880E37CD7F38C8F6D0752E4E37F1FA2DC4B8135A006D7CE82,827,1170,RGB
2424,page-2424.png,251014,F8E1448DE2E631EE2FF0487610E3ABA71171CFA893C60B78CB114590F5036C4A,827,1170,RGB
2425,page-2425.png,237858,BB3DE96E0992639F7736B965625C3F687F8FD28FFA51468AF02BBFFCBBF51A9F,827,1170,RGB
2426,page-2426.png,257982,D8A17FBB298847E3A120762F737E7B15E8AF1162D7B6106ADA5527FE511108C0,827,1170,RGB
2427,page-2427.png,268946,9C5F8C5F9BDE012959160AA6061ADAF74866B74DEEC5687E486A756CC7E4B646,827,1170,RGB
2428,page-2428.png,237708,FD30FFCC90F1D8F531CBCC53BDFFB1217835733A809135117A56B095AFE76721,827,1170,RGB
2429,page-2429.png,280185,903E28FEBEF7CBD31F4C40D728ED9D21C7E09FD7CA27F54FDC4134954FA8C8CE,827,1170,RGB
2430,page-2430.png,269300,7A186546E478E8B399943D54BE3B947C204122FB3CF4396A3BA34C50DED61417,827,1170,RGB
2431,page-2431.png,300318,7B3A4894FB443F2C2FBE31DC91F4A808A50409FC2C315992F112ACA4F384E040,827,1170,RGB
2432,page-2432.png,315289,8F79C47A7611D8CDD4963EF79AE4AA83322364035A924DAB1A134882237D007B,827,1170,RGB
2433,page-2433.png,271779,C2044DBF2D52B4A37672E6C2A2100ED1EB8E10582401EADACAAE3BC268DF3D0F,827,1170,RGB
2434,page-2434.png,220540,AB2634237FD195E8B7C7F8586E663BAEF06E254C9E1E74A45B454C429C170941,827,1170,RGB
2435,page-2435.png,265022,5E02B7CB2514F10495DF29B1DBAC7827798810378D6BE327756CBE9799F6E7E6,827,1170,RGB
2436,page-2436.png,283318,73E5BC0B9A8C1901A7567EEDCBB734F001832E9AF951C7C6C3250069DB489E8D,827,1170,RGB
2437,page-2437.png,282274,1342BF8410865B6E1BB88416B8BF1281493775F097CBF0BCE84038EF738D245B,827,1170,RGB
2438,page-2438.png,293824,CADA5E19BE7C4C1399E880058FB1902D3DA9374DDE24AC4E1148FBEAF0DC5BE9,827,1170,RGB
2439,page-2439.png,258066,992BA7CF94B484BABD77E93FD829138EDF5EC35F021BF580E1CD82EFB0F415A4,827,1170,RGB
2440,page-2440.png,321203,95866931555627C47E6AD4F5CC5566A817EF6FE50B046C27DE20572F4846C6E3,827,1170,RGB
2441,page-2441.png,285031,75882C26AD855A8533CBB4BDC04A2898A9C7223D85DD1FC8676B6BA582B92BE3,827,1170,RGB
2442,page-2442.png,297668,BD6C4CA784E4C2F4D087BAA2C2173C16C5D0EF1E38CAE3EDDBDA67FE5787D860,827,1170,RGB
2443,page-2443.png,253100,B27D3E9BC5A62EFD9A5DDA7D609F36B1E3725DDC8B53D934C150A6B20FD5900E,827,1170,RGB
2444,page-2444.png,253334,D01554CC3B127EBA464D854819B9509FD188264361794C3E0FB1EE775F4731B6,827,1170,RGB
2445,page-2445.png,337103,B8A5E202143E92255A2DC5816392D20405DDEE4E7D114A7EE442C3E108FC6794,827,1170,RGB
2446,page-2446.png,214364,86DE0794452D834A3535F5CA4D3B472F068496A2E53BA06D3994B3C681D9A667,827,1170,RGB
2447,page-2447.png,259406,B9680EE6012E8A3645C2B4C5A4FA9D89D9FD10919BC4CF04EA803B17BDD9951F,827,1170,RGB
2448,page-2448.png,260755,191B8168A4DF76DE05A755FCFF64E503D34E5DC40024497121EFEBF80A522D35,827,1170,RGB
2449,page-2449.png,219671,8ECC0B95FB3756BF78DE1A70906F81CA352FD3400EEAD4881FCED914EEDC9E3F,827,1170,RGB
2450,page-2450.png,248351,2E46FD9124643D2C0E058FD27832DF4D25A39147A6FF32731B68251BDE78EA78,827,1170,RGB
2451,page-2451.png,229601,A11F355C61E5425778D14B2CE5321B01220A1214D1A2BDE532A507361E6A8051,827,1170,RGB
2452,page-2452.png,240349,66E43068CC54F163B155EB0FA303FA3B01B40A49D6A1D1966FF0E72A376982AB,827,1170,RGB
2453,page-2453.png,251133,007BD51CCBA804DCEF8875968788FF809B2FA008A8D2E7408D01960A230302DA,827,1170,RGB
2454,page-2454.png,170370,E057C5B77A2A3CAE232C894FAFABC6441C2973198DAABA28FC7651C45B61B7D9,827,1170,RGB
2455,page-2455.png,203542,1434B4E8AC2D0F0FFE3EE4903A9319FA669E1081A1DF2BCED1D0A23B6E01EE62,827,1170,RGB
2456,page-2456.png,211048,D838A9B4FD445488B3359D8AE3062F937B043D2644C3FF4966D1F59611E53511,827,1170,RGB
2457,page-2457.png,314854,5A65C0562AADE9C28531BCBA10E1570325F442E174D69FAC137B63F0B55788CE,827,1170,RGB
2458,page-2458.png,298472,AF77E2542D5BFEDF30FC7B1E68908FBD1C8A96114D62324234A0E58E6E6AD363,827,1170,RGB
2459,page-2459.png,296327,5C364F112932B239E76F85C2756525130D2D142C3856465987371627F231C01D,827,1170,RGB
2460,page-2460.png,230025,E4B99B427BA76B78C0B8DE5599C800F586E23CFD4FB3762BBD85DEB490956E7C,827,1170,RGB
2461,page-2461.png,189016,0743B4197C6D490F0B30A9A8C08D0ACE9AAD23F674B0092C5AECB4C64A30005E,827,1170,RGB
2462,page-2462.png,274857,8D412E0F139DB4E1DAD1A07FE92AFC4249E1C8AC2A2AC9FBC64EE290B13509F3,827,1170,RGB
2463,page-2463.png,216063,68DB200ABD235BE8ED131735D771304D49164973B2BEE4546E91236FB0E21439,827,1170,RGB
2464,page-2464.png,232869,6F5BF3EFBE77F8FBEF3BB49283D84298E5680B8B4A7D376ED85ACA17B20224F0,827,1170,RGB
2465,page-2465.png,258150,1319BD97C1A636B2D96D64A0B7AF7955BDA11B9954162B0F412696F5D0C92628,827,1170,RGB
2466,page-2466.png,362601,13FA6F9C58AFCCFD6B691713B5DB6D5B75FF2C2BD02B14E2A3AEE711A2397E25,827,1170,RGB
2467,page-2467.png,290064,A214DF38C87D34E49B1938DA94C60361E8695F9BF65230696458AFA711E36521,827,1170,RGB
2468,page-2468.png,334319,A53871D49DA060244AB99164CD2B138387B3D7C3EA997775DAD1926B312955D7,827,1170,RGB
2469,page-2469.png,243796,BBFFE1FD1585FB0355FE6FF10C645EA59C03AAA9E615F2BD7F3DFF855A3526CB,827,1170,RGB
2470,page-2470.png,297185,3F262C616FC3463E24C567E998CE511781DFCDF3A3C851C23AB538BB6A958F60,827,1170,RGB
2471,page-2471.png,244981,E3510FCA0DC502DBF6B605737D6A6C4BCA658048EC2B35A7C82E8D6157883632,827,1170,RGB
2472,page-2472.png,263209,A8A019BE474C73064ACF303EB27896658898AD96C6070C56BDFA204513FB0EDC,827,1170,RGB
2473,page-2473.png,302943,A068F8A1ACA4B696AB936D4140804D24BDD64F0C6D9004B8576C32A42A8EBB45,827,1170,RGB
2474,page-2474.png,249780,F10CB3299452DAE6BFB52B24FB1DD8C6DB7C0A69D229D650DD016EBDC27DBEDB,827,1170,RGB
2475,page-2475.png,257628,58AD046A0CBF51F223B421DB0EAAF1E3AEE4BE06DE71F8239EE07FACAC7DC55D,827,1170,RGB
2476,page-2476.png,250317,4CFD76EC9512EE06FB4BEE222883CD318B5F288AEDFA9284BDEF5C6F08576C5C,827,1170,RGB
2477,page-2477.png,258462,FB92BDCD9686E5AC919C6515F2B5993EFD4106C4228692295BFFD670196A006B,827,1170,RGB
2478,page-2478.png,229249,010F3866E6A0E085DBBD5651129529387555267A1CE0C5DDDC981E82C3C2E9AE,827,1170,RGB
2479,page-2479.png,283493,B3B25DF0AF1438D208BABE665CBE2BFB03B2147FEA0CB1D359B31AB11DF2D92C,827,1170,RGB
2480,page-2480.png,343212,094359DF37556C3E9AC1634ED2D077D3305610E8E5CE8FA8DBB3DFE4580A6D92,827,1170,RGB
2481,page-2481.png,288800,B4113C48EA4B561B0D0808CEE6EEE73827C994AD979DF8A0226234D6426300DF,827,1170,RGB
2482,page-2482.png,297610,6E24D533ED83530952C9173421C439D3D18619E6588301C77E8DC0EAA805CEC9,827,1170,RGB
2483,page-2483.png,228804,8E1B2672B729732DA2F56F6BE883657FA06472682B74AE73E90A8DDA9B479F7D,827,1170,RGB
2484,page-2484.png,245553,A949BB538566B60D33812FBCE9D8AF42DAEE5518344A8059CD7104C3F0B6371C,827,1170,RGB
2485,page-2485.png,255819,70113ED78B061B7D547FA1C08E0243B0B79A0EB02800FC77ECF5400A5FE2B754,827,1170,RGB
2486,page-2486.png,216248,40E8075418957DDC46C090C06308DF7590333B6518166C42DF804E85DA236C41,827,1170,RGB
2487,page-2487.png,276916,172C97A0767C48178D654B49B1A40D7CAEC0B30C121120359AA8849BCA59F424,827,1170,RGB
2488,page-2488.png,213536,1254C2F63F1B8E1C598D99EA2B51A330D6E3B296C7900505E788525B09B24548,827,1170,RGB
2489,page-2489.png,204672,E37D5BB5DE56FEDA33A36ED9DE944B9044DF07A7D06B588AC347AEF55424A992,827,1170,RGB
2490,page-2490.png,266839,0E2B36705AEE7178F1B3CCD1883D25E990022FB037BC21FA1237EA28E3B32B5A,827,1170,RGB
2491,page-2491.png,349129,ECAE9DEBCAA26B3D5928BD44838F6CA45013314EA3A0D9765E43F06AEE16E91E,827,1170,RGB
2492,page-2492.png,283690,68A477A2C8CF0FE5E2C7CD9EFF4DC0188935375CD596C95D862EDE0DC801071F,827,1170,RGB
2493,page-2493.png,205832,4ACB5426044955DCE5296D1E519FF3330443A1514553456F99E5CFF866B8180F,827,1170,RGB
2494,page-2494.png,236422,870036563A29692A5898B7A81F9365B458185869DA8592E48A8E525FD652702D,827,1170,RGB
2495,page-2495.png,291754,79F1BB6648D375C7BD9D19A9809F3665A2A8E17BEFDD27BE2998A568B8C49789,827,1170,RGB
2496,page-2496.png,251609,A58068E1C62FD3322B76ADEFA370C6D7B8259E522F784FE5CBAB6EC30E8754BC,827,1170,RGB
2497,page-2497.png,290686,12C88952ABF33B2BE9E4BB7AD7E41E397FDCF4F12A22F92450AE383B74201D6E,827,1170,RGB
2498,page-2498.png,298858,0BA6B46E004DDFAEF27139CE4FC7A1E099149F4EDFADD7FA2288C9163FC8FC77,827,1170,RGB
2499,page-2499.png,254156,2C201878433B9B5E67842BF19E4D9C5F36AB4FB04B8F998EC0771CFC66338532,827,1170,RGB
2500,page-2500.png,297463,1E639DFB46A848D4AEA1170268230F57DA467162A7853D57769FE1ECEE89498B,827,1170,RGB
2501,page-2501.png,253973,5895B87050A56B11BFC8351593BEF16F6A8F325FACBC72DC5779584832371366,827,1170,RGB
2502,page-2502.png,290259,F3973BB2A322B24FB6E0F70C332A95576C37D2FC526BF2B059D2EADB8359249F,827,1170,RGB
2503,page-2503.png,321440,ACA874F995CEDCD87CC97D47040BA8A69623D892DA8CDB302D17BFD667042D78,827,1170,RGB
2504,page-2504.png,242374,5BBAADC50F6B924FB0B13D208E98E3F1466E73AC9AEB2369AB3679FFD760FFBF,827,1170,RGB
2505,page-2505.png,232981,2883F6D06051C823D99784D30B96B422F198C25AF8E54F4AB90C499C4B5CF7B6,827,1170,RGB
2506,page-2506.png,190560,B276C15C7F599525CB456C2FF1C5ECFC3B58A65A3BAD239544720CD59974FC2F,827,1170,RGB
2507,page-2507.png,225594,E8EC6C68234C0DA100F1A545EF13CE9ECAB9C6D565C073821BD6683BEE0D5201,827,1170,RGB
2508,page-2508.png,310782,A1109DB3468683E955F5063C454EB1B4572B83998B07C3E997CE873F7E632DC0,827,1170,RGB
2509,page-2509.png,245415,DEB72EC3E31CF76871A1739720482107A2B22C427CB7279E32EB28A020C16527,827,1170,RGB
2510,page-2510.png,224661,4BF748E7562C8D3EEA4C4E52FF68A00F3ED51A598081B2058A344CDDF424EE08,827,1170,RGB
2511,page-2511.png,310707,11299A0D70711F1C8149516786507BB08B2C63DF739D837055EB93173ED6BA5E,827,1170,RGB
2512,page-2512.png,252955,B5F7D6B39C7993A1EDA649AACF8FBACAF900B5B4E93862C20FE5E8EE27A8045C,827,1170,RGB
2513,page-2513.png,299790,D2521233EBFBBB3696FC3CE2B3A5FC0C63BE72AF3BBD8794BE523EEBD062D788,827,1170,RGB
2514,page-2514.png,208386,E5A62EDD9DED58C4D3665DD45280E85131AF284B7CA5E15DABF117F2EEAEE77C,827,1170,RGB
2515,page-2515.png,306911,FBBEFFE1752A64B4893C9E1CCEB2919038F0F0A2C9A0D691F6B32C38CB1B80A2,827,1170,RGB
2516,page-2516.png,312149,672032B1B74E8CBA4CE4215F7A6D49158FF3A0CF3388C1B10B5537A0726A4A6F,827,1170,RGB
2517,page-2517.png,239918,4068D95A47564359D1CF216226AFF717860F5DF25E0ADCC303A1AB86E45856E4,827,1170,RGB
2518,page-2518.png,387705,1E175E26ADF7D53F341DE77E9115D348497F28F074C24D557C0DC5DD0148C6A5,827,1170,RGB
2519,page-2519.png,310408,5301856F01DFBFC9C56D33E5F27DA37316E787C0C72E3BFF58551177FAF4AE63,827,1170,RGB
2520,page-2520.png,238810,93308772A00D4F8CE51E5D0B987AB4F2F75206E1804EE2C296194F9A48FEB10C,827,1170,RGB
2521,page-2521.png,279799,A2ED43082530375C67A089388FE695666D9B1CAB2A5FF4258EA1576F59C2FAB4,827,1170,RGB
2522,page-2522.png,175897,83204FA1A7CA2BA824875D65CC8C147B4F88492996D226240D37BFF5AE05E8AB,827,1170,RGB
2523,page-2523.png,143461,FA4A1766CEE7239A26D0716685A55E78F65569604BEC699F20798ADB8F56E194,827,1170,RGB
2524,page-2524.png,269825,C2943D3D0A0DB994961835D876A4599E8C3B96655F5195784F91F49FE2A20C58,827,1170,RGB
2525,page-2525.png,282854,F8E44F5D09638D4EE2BFE821BF2C884789480F9330F4807E8B762F85B94ED047,827,1170,RGB
2526,page-2526.png,237942,1ABD7C72E385F225EECD5C87D46A434E1D5F2AA10B795BDDFB8BEDD0DD96578B,827,1170,RGB
2527,page-2527.png,174379,6E12C07C1F84FB4FD6E3D1D2B023946C519869D9A3C0F2826F6E0F83C869C88C,827,1170,RGB
2528,page-2528.png,215294,DF8633E85491E0A5BFEC5B6D6026B609C0FC77432CD0DCCBAF66B730402EB35B,827,1170,RGB
2529,page-2529.png,218419,CC6047E00194CD7B8F738CF0D9E3D4B1F7EBFA9E255A110E0BD241C488463860,827,1170,RGB
2530,page-2530.png,227887,1D8F7EC665D041C84E10C96F86DBCECEB853CCB48933259038ABF4EC727FB01F,827,1170,RGB
2531,page-2531.png,155091,8D65FEA477C685D2C8B95BF69E4C70EE767AD19E25A3E92FD78F8763DF38E6C0,827,1170,RGB
2532,page-2532.png,287030,256EAA27FAEDFE87818F4CADC08916C4D24F49DE6B269EFCFD6D7FE944774D6B,827,1170,RGB
2533,page-2533.png,263532,1941854515DA994246E6A205B61109C7D2F777EB3E2E96002FEA72AC5AFC0874,827,1170,RGB
2534,page-2534.png,240030,7C5E7F26C5E4B13CC8AEC7C1920D9717242BCE97241BC1868763F0FEF9FFBD0C,827,1170,RGB
2535,page-2535.png,192786,BD21528E9D9C3DB1C5FDE727E9260EABD1939B4B3DF414D5936223E627287135,827,1170,RGB
2536,page-2536.png,252326,0777498FF0CE67ABF21278CFCE229CC7BFDB8261C00113002B8053B1743602C7,827,1170,RGB
2537,page-2537.png,290258,FF20FEE1013AFA1B71E80812917BDCB5F5F758B1A8A2118A16B27770172BA846,827,1170,RGB
2538,page-2538.png,137307,FE91CD7C0102FFAFCBE8798B3E81EB706B3EFE0833DD68C0797D1AB9416F37BF,827,1170,RGB
2539,page-2539.png,241405,F15FB74FCF43CEF608C303B1B124937B2C7730FD1194573F47C64FC54CF106CC,827,1170,RGB
2540,page-2540.png,282527,6A2A5EC94B5E60BD2D518EB52C3BC5BCDC4EE5A9B6A7203A20DD7543A6957895,827,1170,RGB
2541,page-2541.png,219746,59EFFB5D71DFEB7459CFAF797CFF2A4A75B1D79EACB09D493FF02A19696586CC,827,1170,RGB
2542,page-2542.png,265872,AC81A15F3D716967698E12C60977A74A9F357D2186341344447F401EAF6CA31F,827,1170,RGB
2543,page-2543.png,78764,F07862525E907D9BD8C9E25983A9402854A1450102499804F91DA70834299E99,827,1170,RGB
2544,page-2544.png,281436,61063E107B2BCAB5140E75D688C1F0D22D76FA9487A87C551B243C329CD8C5B2,827,1170,RGB
2545,page-2545.png,243633,DD9D8DBC6B74E56D087865EB19C00CA6BDB7FDCF92E1C183827763DA9A7AA9C9,827,1170,RGB
2546,page-2546.png,282260,B5CFABFD247B830B436F04B98C31339690276FD718AAF10959F2425B3C932438,827,1170,RGB
2547,page-2547.png,265268,B417F04908B059D76517742F1C8E9FD7FD663A1AA8556915C9D4A64A2B3349BD,827,1170,RGB
2548,page-2548.png,252676,507DB62330A0594B71FF426142385E96D5A37CE8D1B3C18816EABC0EAD26E251,827,1170,RGB
2549,page-2549.png,287602,7754345717A5A48675CC24575D6D51BEAE652D314A6AEBC93FE326445CCC9831,827,1170,RGB
2550,page-2550.png,366853,CF0BE0C8D4411673CC7E7A0BA735D9BF3649CB121366695C378F043859648556,827,1170,RGB
2551,page-2551.png,258832,097418246808F13EE22CCDB78D9D1F4B02420E47A39B867D9B4FF6CA96DA7339,827,1170,RGB
2552,page-2552.png,239344,3BD9E2F513DF2D6327EA6EFAF00283B6FAF1CFBE65C0AF6B8E36C3484F4E4E78,827,1170,RGB
2553,page-2553.png,245771,B55F7AA16923E4D89D01894AA6BB5D15E3AAA338184BFBA5376AF5141FAF711C,827,1170,RGB
2554,page-2554.png,252864,C7389E7C9BB4D58A5BA7522204CFF9D42220C8EA4869167BBEB5150B4C034A17,827,1170,RGB
2555,page-2555.png,302107,37673D39F4E5DDA6D5B2543F75558E915B708BFBA048CCECB79065999C72A193,827,1170,RGB
2556,page-2556.png,235249,C9431D7C6B7DA9FFD091325A85F60AFE1B38C6B3D501BF59C5D46FBE711E8238,827,1170,RGB
2557,page-2557.png,262612,5EB1FD4DE5741756780C4D518FCF0FDA98861DD4D1A890F4F930BDE7A28CF363,827,1170,RGB
2558,page-2558.png,236967,FBCA4FFF26C06D69CB3BAEB8A956C0F7C8198AB45758073C3FD5E75B438212F9,827,1170,RGB
2559,page-2559.png,277646,3CEC1481114A282F53576093A15C9657F8EA7597AE4C7B47EA70A9589658E60C,827,1170,RGB
2560,page-2560.png,290411,B0831CA163A4C2CE7F083F55D248763FC08902C62A585C3085DD0434BAB3933E,827,1170,RGB
2561,page-2561.png,237149,2286A025CA58E7278D5851EB20D4A4D74F102258F9BD001E2875A3BC67DA6F60,827,1170,RGB
2562,page-2562.png,326896,FC4562EC8872A7E0B716EE5526CA1F9AF1171A129E858B53B65F7945CE3046B0,827,1170,RGB
2563,page-2563.png,262176,E0357C37F4955E41EAB39A9C20BC869234BEE035084B2B169E2ABABE58C13D37,827,1170,RGB
2564,page-2564.png,268110,1507F84CF689794855E419F96423819CA849B52C8F1A2DCFDF6ADA3EC99A59A2,827,1170,RGB
2565,page-2565.png,281587,2BA2DB897431D25B23383068ACC0F24261E86EE1792C86A3372D48EECD778FF8,827,1170,RGB
2566,page-2566.png,300828,E010EB4E74C6ACC2CE97D7A311479F1A3518B47105F5C60E69D8576D9A50BA9A,827,1170,RGB
2567,page-2567.png,226841,5A9B61991321057EE52F352365D5F5A479E4878C0587F8AFD3A7F38344DBAEDC,827,1170,RGB
2568,page-2568.png,245827,FFF17D03CE0E9485D7A65426B285FEABDEC8D3B61E434538F15A7299AE540861,827,1170,RGB
2569,page-2569.png,208495,458770285F16C27D327284C10B9DA67119A74542298EDF686BA31CD488656966,827,1170,RGB
2570,page-2570.png,198427,3967B30F0556B9C346E65EB870A5C15354960D43B4194B02971715B09637282F,827,1170,RGB
2571,page-2571.png,48084,F28E6183A9951F9F670FF2ADBB0F018D73C8166E08B142ABE9FAC71562D6B99A,827,1170,RGB
2572,page-2572.png,257660,BA350D87C6AC96A6FADB411A4CB3F73106958512BFF6810A0DEAB8137A31F28C,827,1170,RGB
2573,page-2573.png,340955,C16392ED83126A8A6777FC62B2CC878CE34D89812D86D4BE3FBECAA461C3D186,827,1170,RGB
2574,page-2574.png,300872,DDB51A6DCD5C5C40377FB07190959D98B540CD831406A5E5B140C48E6937D7C8,827,1170,RGB
2575,page-2575.png,319328,5BC49143E73FB0D9A55A32D66D41664E0607E7C85B18119FA8A108F2DB2C9229,827,1170,RGB
2576,page-2576.png,299418,26F3E0390C459EEDAE2CAC4EE3F6DC071E9A9DF4E1B3953FBC3B095BE476FE20,827,1170,RGB
2577,page-2577.png,261849,E39015E6A283C4E5F9DA464C54F80854E1A7539190A6646C80C5011C37B60CDB,827,1170,RGB
2578,page-2578.png,301017,54700547BB5A33121331AE2CDB8D7251EE2EEECA8095B6F5ED0242ADA0E9C06B,827,1170,RGB
2579,page-2579.png,307705,A35BD808D255E768348D3863C0CB239AAE99DB4E83E08EBB9ADA365C29263933,827,1170,RGB
2580,page-2580.png,281374,D897F145090B061A0A669FA06599F004AC3A245B7D9049CCD2CE099AE6F15A1B,827,1170,RGB
2581,page-2581.png,280787,A5F034361F0069CBF600DB2BC841616EDB55E4C3362956F87870D4EBA774EF65,827,1170,RGB
2582,page-2582.png,341148,60D069DA16C160EE5A116203C19CD8966D88CDD71145E2A1F3394C44047666B9,827,1170,RGB
2583,page-2583.png,292438,6A4F6075105B7EFE424AD84F620426E97BE26A74934AD49D6DDB1961B817548D,827,1170,RGB
2584,page-2584.png,307287,D75340B51C2BF743F56FD3A9449DBFEAA4B04B60C6CB96248262685952AA7A40,827,1170,RGB
2585,page-2585.png,242672,7B4FDD9D7F3AE95972A895B0DEAB4127564E54BD8B382013CF814350C445E81E,827,1170,RGB
2586,page-2586.png,262108,C6C7B3FBD69AA1F26C0EB06A914C11EBBD3BF90F941A6B1232A97F850D3D5777,827,1170,RGB
2587,page-2587.png,271897,705187C71C23DFB906F1DE3E3E5AE44D43AC32F2521699BCF91BB37DACFFD8DE,827,1170,RGB
2588,page-2588.png,199625,5C0A0A9ED9780E69837080572A11679336BC3BB9F1AD9E26A6053488580B1C67,827,1170,RGB
2589,page-2589.png,229061,3C94828EFE6DBC807305E6FFA4B3EE229325AA9892356B78402CCC1650D582F8,827,1170,RGB
2590,page-2590.png,255738,27E089E7D2D742BE146192AF4CAE0EEC99CE6AE8FFBDF3FA231B899334990A8B,827,1170,RGB
2591,page-2591.png,214244,C4F51865EA1F52C5359E61426BBE6D3C863D54EC4B5459C167DB858708C86687,827,1170,RGB
2592,page-2592.png,250606,2E8222A449586D0FF411B8165C696EF9E4B463FCBB765AB92FAFF58AF8BC1FC8,827,1170,RGB
2593,page-2593.png,246653,A04D46D11C408CA91D2B7F1006029AE9457F62EC68E447027866188DD4ED519D,827,1170,RGB
2594,page-2594.png,293249,90A30BF78D84E7B1AC610CF9E9B01821409587997FF4E7B2241D5203999AC9CC,827,1170,RGB
2595,page-2595.png,223669,E7F53CE48A3909EE3E80CE34B435BA97A320D17510C716AD57380CC6D6D940AD,827,1170,RGB
2596,page-2596.png,269443,A13BD223DEA85BE652FA4B285A7DDA5F7128DC124DFDAB2AF14A81DD17F7FAB7,827,1170,RGB
2597,page-2597.png,244925,87288087169694E41BEF7E8C6C1E0CABD1BEAD0ACB8B27C14EFF22BA636D7D81,827,1170,RGB
2598,page-2598.png,278123,3A8C3AAD74519937905C6D816E1D9EB579E8D6D24911B429AAFCD2A622AAA8B8,827,1170,RGB
2599,page-2599.png,334834,A34E4EFE570398135C0B1F82E28A5F406C5E1EB1578FEF3977F02314DA8DC906,827,1170,RGB
2600,page-2600.png,322505,816EFD17326270CDD7C37A52ED3C48BA3B483B7B3D4944D0EA953CA7C66CACF5,827,1170,RGB
2601,page-2601.png,308354,952E64502FA1953E8B3BAF1B2FEC37B593D858E2CE411CD2A93BA53E28393DF5,827,1170,RGB
2602,page-2602.png,273688,378722E2599E9A36D99B5233ED66A438B739CA147BADE49C9CA8549D15D80A1E,827,1170,RGB
2603,page-2603.png,268672,2D3160FAF5F70CF88819D207E380FB83068D1FA2B84CCD95F3FF917F7FC3931A,827,1170,RGB
2604,page-2604.png,299990,D169CD7D2DB4A230B6CCE6FF9F9153B630FD78A3BAD50F81AE9AAEF3A36A6E6B,827,1170,RGB
2605,page-2605.png,287449,EA3F96F4444F95957A031864B4440139C18431F619BE8AE6328A65FDA7C006AC,827,1170,RGB
2606,page-2606.png,320802,66B7BC4032A9CADAB0ADE1F44402141984B899678DA4855E111E686D11CD9E96,827,1170,RGB
2607,page-2607.png,298632,BD11A3602442E4C4DC87DDE6326BE6BBD3962D16D4E539F5FFC210900735C22B,827,1170,RGB
2608,page-2608.png,294913,6EA23598DC70444907ED6BAAD0ACB268BD099D74AED5FF2A6D7F9C34A693D10B,827,1170,RGB
2609,page-2609.png,262641,9AD6F8CC41DC1FD1F561E839B395540A169E8AF42E9EFE8B48DC0979E55B4CA5,827,1170,RGB
2610,page-2610.png,245348,F23643ECA0006B34D843727EC95046515F246C79AC7615D455D3983BF6CE1B53,827,1170,RGB
2611,page-2611.png,240913,08325C99FF70B71779D3D3C1C285D4094470B3D40A8C7689A18A259F34BD719C,827,1170,RGB
2612,page-2612.png,314494,56F817FACAFA8E528225A70E7BDBD4E9E2FD1182EA01DA4F5F31837AA906C393,827,1170,RGB
2613,page-2613.png,341475,F443044FCA4AA1911EFA7141B10BFC2DD9E1D20B91986CC7F6D1EA42640E64F2,827,1170,RGB
2614,page-2614.png,289447,F2151A0EDE54BD7FD10439446DAF9793B3E4AA699C07F61C7E03B0D28E42DC23,827,1170,RGB
2615,page-2615.png,279527,44DA89E809AE814D05D7A164A96082329E79377904E212A0C68F86589AA38349,827,1170,RGB
2616,page-2616.png,220314,E0211D07694ED06027050650391A5F73809B33E16AFCBE7EB247810A272F5080,827,1170,RGB
2617,page-2617.png,282772,A04E645439A8C2A3AA6812D09F62A08E6E934034C76D75336C8363602602E29A,827,1170,RGB
2618,page-2618.png,215349,BE4E645BE6066857B492B371DBF45588AD031FA28A474DE56F9B1E282F7BB043,827,1170,RGB
2619,page-2619.png,233893,81BF347D213823EDDCA5AC44B0702AB0B1A77B88E99BA580F7EF3368102E5FEB,827,1170,RGB
2620,page-2620.png,308715,EFF6353FB1BB21C66DE07D9EF3F990975E22E9D314F9618BA995DAD9D3B6F65E,827,1170,RGB
2621,page-2621.png,272822,22E8C219899A84493BBC0B62211B7930D2E5DE264EFDCAB0C82954B26475666F,827,1170,RGB
2622,page-2622.png,257068,26B9E4E7D53DB606F5899F32E08CCF8A47A71289D3CD381B0EE72F93A48D2DB3,827,1170,RGB
2623,page-2623.png,242089,2C38259E97D0F9ADE841D1699AE12D51A5BB9A4E5F5E74A50CEE71CFB6EECEBB,827,1170,RGB
2624,page-2624.png,323978,659F3BE75DCBCDAF041C61E7B86EBCC21DFD9F9A7E076BB5B19695C11A880225,827,1170,RGB
2625,page-2625.png,307763,E700961EC640C947239935BB69A63840BF8BDB10852393AC1FBD3A0170EBC9ED,827,1170,RGB
2626,page-2626.png,228304,1324074175CB08D3C5CD46EFA5CDE4D57824DF610CA41FB5B45B2C6E7A4392D6,827,1170,RGB
2627,page-2627.png,314901,87A9BED19E8F7F640A6D0B6245B898A3261B238B047570BCC03DF46E6698BACC,827,1170,RGB
2628,page-2628.png,160263,5F426D6F4BEF1CBE77EF1608F3C831C30E22F51E63A41BDDAE3BC4B4DDA0D02B,827,1170,RGB
2629,page-2629.png,271907,3BCB134DC9DF53B269F3508468E3EDE2AF727431B52FE8BDF29229D0FE7E7FE6,827,1170,RGB
2630,page-2630.png,313821,5251C59E4CD2018433AE02295DE6CE3FBEA70B055252FF4E4B4C02DA45F7CC32,827,1170,RGB
2631,page-2631.png,209626,FC7C999AD9B93E1064210653D64EC40B6302A56783996BBF1ECEF090F322758D,827,1170,RGB
2632,page-2632.png,238204,0CECC2710540B62F658014DC98B796826557E69575CC499D1D5BC0F99C26146E,827,1170,RGB
2633,page-2633.png,243507,8D004E90F8F49CEDC94BF79DD9CF2442E57F38E3896182B2D7F2310ACC656B23,827,1170,RGB
2634,page-2634.png,284427,70E003896B167A22A93651E95C60B96A0F6ADDA0ECE41D3670F178D1FD3CDCF0,827,1170,RGB
2635,page-2635.png,264359,2B199E8A44BAC52B524AF0B4D660E25AB4E29F224EACA7933D9018017A8AC6DF,827,1170,RGB
2636,page-2636.png,272354,AAF097EB79A79A1685FB284C4CF47E73DBD05CAC39AE6255C8120A0506369E40,827,1170,RGB
2637,page-2637.png,266502,25DE117C468ED0BF13C9678387A3B2678B9C12CBFF4C27AC18A08B7E4E3D0085,827,1170,RGB
2638,page-2638.png,218454,2D8329214E81C0514447F68C64C618167CA01224A8CCB3E93BE8C8E518EC9B4C,827,1170,RGB
2639,page-2639.png,287914,DAE0FEED9527270D71847AEDAF7CA02268A0A6D715E96AB13BD46CCCD71ADE9D,827,1170,RGB
2640,page-2640.png,317067,098BE8EBE18A1BCF376CD90590F15FB5D2478C88CE31D72A6095EEB0C46EAD3A,827,1170,RGB
2641,page-2641.png,345048,597277D74707F66DBADD34C22D4823D1FA69386A36024BE6503645230D5A6D97,827,1170,RGB
2642,page-2642.png,318119,6A9BB30834CAC79476DA54E1200BC48329015F8325156D3D91BF2473C108859E,827,1170,RGB
2643,page-2643.png,305468,5B1A1C3748F27D2B1BC2D7A59CF1FC2F7E03D7DDD70F10E3BD91B6218A8F6594,827,1170,RGB
2644,page-2644.png,322193,7F9E174C23E837456CC6E835D805B806E8C9AE3BE6DF8351C8BE77B8A89896B2,827,1170,RGB
2645,page-2645.png,285168,C22128D46849576919B6E9F78A3BE6031422246875F0042917A094B00CE9717A,827,1170,RGB
2646,page-2646.png,285901,A9A458516EBC07364B104FE09AFC8D4815BBAAD77CDD243A6931271EDAD06948,827,1170,RGB
2647,page-2647.png,287978,F10DDB806A185DE81FDB6E2CE14931F117797FB1EC23065C14DA269F6989B43F,827,1170,RGB
2648,page-2648.png,254668,40399C84E7044BE272F008B14E59914A701400220823841A8B56FEF7DB423F90,827,1170,RGB
2649,page-2649.png,288197,B24D7BB0116CF359664D5E40F1CC61CA8370DAE635C2A694F2449AD517A701CE,827,1170,RGB
2650,page-2650.png,332579,CBEC5052A6F189354258C32553A9346355B2AB2B9D67830D56079C5E2A1D203C,827,1170,RGB
2651,page-2651.png,77223,BDDF6062E0D9FAE33EECC1269C205DF46C640C0D95D3C0821D4DFB48D11EBDC8,827,1170,RGB
2652,page-2652.png,265531,30645C075EFF44D921638331EAB7487F47341B2BF9FA73851DE9366549DDFCAD,827,1170,RGB
2653,page-2653.png,298809,6A68D1AADC0C472FFD7B826F2CAD7CFACFF5427C9610FD2FFAA3989748B6D814,827,1170,RGB
2654,page-2654.png,300717,17FF5A85CC677096F1AB7B81B29937F569460CBA251293EAA522340810ABE7A1,827,1170,RGB
2655,page-2655.png,260902,1633DAD9BF99C6C89E3534D6B885568980D0BCF2F35E9505121578A493F292E4,827,1170,RGB
2656,page-2656.png,360903,3E434495721D2E1F6AE6D17ACDF7ECA94641F51A88D07D15476D0EB6CC6D2BD9,827,1170,RGB
2657,page-2657.png,267604,4D636DE04495196D526E2F1155381F1DE773CC495CDCC7419F664E012DF4060B,827,1170,RGB
2658,page-2658.png,272640,D646742F161C6C2073ACACDDAAEBBD466DA093AF3BDB6EADD87FAF77487A802A,827,1170,RGB
2659,page-2659.png,315353,FB61431180F119CA08163E0510894182D1FA2889F0D637C488D3C511D18BBECE,827,1170,RGB
2660,page-2660.png,228085,8F152BEBDBAA527621B24372995861911C9FD5CB710B1B90E356E7DA299CAD10,827,1170,RGB
2661,page-2661.png,244410,09DFAEA14319C9AD4B4494DEC3124E381E78AE3B5AE0BC896A87A35E96E96159,827,1170,RGB
2662,page-2662.png,239533,0D19B6D6F177C898CB9EF7EF4BE70261AED597801D19E5B797D2CF627CB2A2A4,827,1170,RGB
2663,page-2663.png,261713,0602FEA5FC82A305B85C35C1DA7419F4373B833254D6A3473E8A82F37A15913A,827,1170,RGB
2664,page-2664.png,234350,17BCCA1A2C062038FB2B628593247D8597B5C44BF6673D14D90FC740F0888EFB,827,1170,RGB
2665,page-2665.png,254678,4396D93A7F334F73F2FC429F0C296074B3170E53C2D99CFA42C0F224D2814043,827,1170,RGB
2666,page-2666.png,310805,9CAED87422362D5F5E29D66148B4C1C27D14F98728B89E4038A5BE916A8727F6,827,1170,RGB
2667,page-2667.png,236447,A96361BCCE1731D532B4A2A1C1737FCE8B6612F7B8573BFF5B7F3CAF80ACC1D7,827,1170,RGB
2668,page-2668.png,267117,A10CB2509C900CCDF40760DB3D4CFC6E22ED08325C9DC27F83DB0EEE7E9C4102,827,1170,RGB
2669,page-2669.png,275128,F113C651795B6ADAD3A2E37BB19E2B5ACC8FB01329254E4825D03A2E4CC30682,827,1170,RGB
2670,page-2670.png,238958,FD6ABFCDDE9997782F941DA035F0879555A2F0BBFC48DC767B8652D63732DB34,827,1170,RGB
2671,page-2671.png,266358,131047FCA1323A5DC677DA026BC6A556A7DA968EFD0192620C85B512A56A2856,827,1170,RGB
2672,page-2672.png,294005,B08C51B96F6E1E4292041289FBC4FE59E7879FB7466A4271E7E27C8DCDCAB214,827,1170,RGB
2673,page-2673.png,320396,ECAA3DAB1732DFF991ACB8DF144E85D5CA8BE8FE0BFB6D4BB40E08B28081DEB3,827,1170,RGB
2674,page-2674.png,313021,A392CE89FC64E2C95ED4BFAB10A1EBDAED39E5C47AFF9C7CE80477368B9D2A9A,827,1170,RGB
2675,page-2675.png,296867,85C229E5EAA15BDF51E636D0F6FE7B9A2FA48106F5AFA9CED1665062CA7586A8,827,1170,RGB
2676,page-2676.png,272586,F4983ADF8B4ABCCCE430997EEBB0F38F98CD2941F7A47FBECC6D0A393CCA2C3E,827,1170,RGB
2677,page-2677.png,308900,4396420696A4F8A01C27755C6CBC5378759FF70F01C21D5034EBA767D7C6465E,827,1170,RGB
2678,page-2678.png,241817,50726D8EF073D37756D72D354A19F757A7B193B9DECCAFF44E27EB0CE79BD209,827,1170,RGB
2679,page-2679.png,259075,4E527B97F15FAE803D3AE19DF547A8D688B19E0A515002A2536566D1F2AE3E8C,827,1170,RGB
2680,page-2680.png,300626,6AB79BE8AFBE27C8CE336B14FFCEB77EC8CB5C88075E8F03F89A025EE171FB63,827,1170,RGB
2681,page-2681.png,347332,F0CA4E7E3D7A2C68A8131DA845B192E60F931148981474C6906ACBA527D7AD11,827,1170,RGB
2682,page-2682.png,280130,CC4C4BCD75953F72F8DF88E6F938AB9E646F178467D2F9DB0F7D862D94D36F5F,827,1170,RGB
2683,page-2683.png,325462,B8D5B466FE5369D676FBC82483BFDC0D740D7FE78A68806E90C971C5BBEAD684,827,1170,RGB
2684,page-2684.png,347075,50D3A531E624BC0D0CD878D771F1CE2393237BA36BA582244477E2E478D26557,827,1170,RGB
2685,page-2685.png,291799,AB7B0A19D7B7DB12133E4FCE030D6356E935863092CCD27BA8F42334CF58AA85,827,1170,RGB
2686,page-2686.png,258171,7BD49117FECD87B1DDC8956BF465E5F09477A4E8064632760E9652E2830B8C7B,827,1170,RGB
2687,page-2687.png,350805,3F2E132CEF0A44CABCEAC13BFB890CCB692CD2DD9674BF12B5E927B68806C983,827,1170,RGB
2688,page-2688.png,245860,8A1ECA0422858D0D50546E51BB7C0F082360F747F03E9E5F0336E595F9B75265,827,1170,RGB
2689,page-2689.png,326681,DF8A8235AED13EFEDCFEDB969DD6278957D2B5B21F7409273B28525CC3D07BEC,827,1170,RGB
2690,page-2690.png,321579,A63868DD17727875584B9A4FCE72227A290A7FA51EDB86E54E73F400489B139F,827,1170,RGB
2691,page-2691.png,309241,570DA5FCFEC8230A14DD3AC10DFD0037AB57802F52BD48C5A443D187900B0D18,827,1170,RGB
2692,page-2692.png,368549,23D847412BC2E0506779D83813494FF964F5D2B83EA97FACB549AC0CEC7D58DF,827,1170,RGB
2693,page-2693.png,340948,E8E32D19FA795B7FD5A5F54203ADD7AA6AC7A04228ED448268660B836D1596CB,827,1170,RGB
2694,page-2694.png,199909,5746EE4A8078D5800DA113C61C4B941350AAD6830357539CE36688E557835725,827,1170,RGB
2695,page-2695.png,276517,29011BC40A5CCAB0ECDF67D6D53965750E7C5D6F12D887AFC12FFA69719DA7B8,827,1170,RGB
2696,page-2696.png,303407,CABEA631D93BA533B392EFFBBA6262518A53200087A0E5283584DB59C0E772F0,827,1170,RGB
2697,page-2697.png,288465,8D630C98E4499B5B56B3AADB5B6A55AEF45FA794488CD4292790957448398C02,827,1170,RGB
2698,page-2698.png,322977,F1DE1F50F11C0D0C623A789AF40645E8D230EED21D6C58A0751DB9A1E461E12E,827,1170,RGB
2699,page-2699.png,291301,9B1A895B0290B2250A3BD8262B87D4C2945D7707563989B7BD6019A1063C503F,827,1170,RGB
2700,page-2700.png,224341,CB4F41E157AE9B95CA1AA03568ED29EA524809DC78FE50A49F61101349376E5E,827,1170,RGB
2701,page-2701.png,312707,0F8A00D89A94783429A83010BA659630541755DE32E74902998E2F6966FD7744,827,1170,RGB
2702,page-2702.png,253470,6D447EA513DA84971AFAE6DBF6BE48B9E996A2E4B1F15FC1360B61A13DA3C6F7,827,1170,RGB
2703,page-2703.png,167548,C3E950413A946FB6328661C5FEBCFBADBE1799B6E1A210C011643844125EC489,827,1170,RGB
2704,page-2704.png,165476,198E6551EA11AD4EBF0B1D75C13BDED52F7D2B60442A89AE9255D906BBB31E49,827,1170,RGB
2705,page-2705.png,137414,1BEB2BD7D5DA15F33F9D16B90DD1705C6FA2EB47B5E00B30691EA5C4CD125338,827,1170,RGB
2706,page-2706.png,165337,E1CBB023ACFB39BA665B964A434256727AACCC586C06D080FD2C89F2F20DE4BD,827,1170,RGB
2707,page-2707.png,277187,8D55EC23FA305897AD5ECA782AAE74AB6593D915B5C820C2AC449EC62DE82C0E,827,1170,RGB
2708,page-2708.png,246810,54BD5B037991FB0EA9608214F99B3F522674FF6CE13F9501816B0680095D7DE5,827,1170,RGB
2709,page-2709.png,205841,E17279F8676D95E713D7ED78BF086E1761505F637A9F46DA65E922DD2AA94D7F,827,1170,RGB
2710,page-2710.png,224629,4710DC8DF44ED1887CB61C6292CDC4F1A3E89E9339D75E97F0BBBF3DB9907A0B,827,1170,RGB
2711,page-2711.png,229647,7F6750FD675DCC13948FBBD33DCF7E1572965A9317B7F314E9BC65C582856849,827,1170,RGB
2712,page-2712.png,252258,C4A42BAEFB423591C3FB9F92FFEED585092D42957428D6D611291B0FC33B8EF2,827,1170,RGB
2713,page-2713.png,245726,7C0891ED89391DE78810DB993063F839E5B85FBC5C4B457575E7B385F64AE949,827,1170,RGB
2714,page-2714.png,243734,D57DBF540B55964706D52F597D32017414005885742884C63808E80C908E66FA,827,1170,RGB
2715,page-2715.png,296221,3FC93F6911FC9504FCF394442AA61D2C4063A796AF4C13121FBC6D7DC348F62F,827,1170,RGB
2716,page-2716.png,213892,7041CA3938020792D18CA487333548B6478C6649B1891BE75220BF63628AEAEC,827,1170,RGB
2717,page-2717.png,335029,360941D1A91F7784DBC8B7798EBD858F6839A640BD619FE937BD9D6782E740B0,827,1170,RGB
2718,page-2718.png,280390,084E69EE1CE591428DB616CBD472E4669E28A31C8A5DEDD5FC11492BAFD367BD,827,1170,RGB
2719,page-2719.png,235624,587EDFCD16E361198C3A5501F68B07602B9153F71AC733E5ED4B53DE0818F304,827,1170,RGB
2720,page-2720.png,333002,FC6C3F2169F0D548847E4116E589888D7BB726B754B05C1ACE064DF3A42D047E,827,1170,RGB
2721,page-2721.png,216796,68E2FAFFDB1D0C45F310A42BCC1AD0AE0DB95065046312F2DC3E0D36B8B781B4,827,1170,RGB
2722,page-2722.png,304634,28BEB9B033DF78AA28BCBDA4852830D533E0730EB5E0282FFE1DEE7522376DDB,827,1170,RGB
2723,page-2723.png,242676,CA85FBB4C7BDA839C14C1C4F0609AA7F6101DC9A5F787410BC1C084682A53ACC,827,1170,RGB
2724,page-2724.png,255665,D03884F24CE66F38848D5986B0BE60DBB84C3C1BE3D1C1119442C5FCCA1BE71D,827,1170,RGB
2725,page-2725.png,262120,FD57DD8E08F729732FD04962FF135240EBAC77094AE1540CA8E7C786539C52B9,827,1170,RGB
2726,page-2726.png,219035,D810FFC409B28AD4955B7EE18369E11AF1BE0EC6ADBF6B5326862E3F2981F9AE,827,1170,RGB
2727,page-2727.png,164075,5E52759AA4D8E1E9C8B27243981EE28DCBC257F22E03B95280458AB70CF6918F,827,1170,RGB
2728,page-2728.png,135575,BB724F8BC6D03043A94047BD915709D382B2D73A52AD5BCD53C9E3C239800B32,827,1170,RGB
2729,page-2729.png,172268,BDE5A2545DDC5B15066F55B1B4F0D7061ADE4F42B83CAF55D5CE368D250B175B,827,1170,RGB
2730,page-2730.png,236384,3D4DAA8A1911F5BC8370C753C4B2F5EDE01EE9BB34319EB87C0E69E760E74A3A,827,1170,RGB
2731,page-2731.png,232920,A84B9C436979A5032A24F446ADCA531A080C72F3419500E85203C75F6600BEC8,827,1170,RGB
2732,page-2732.png,268801,18FC58FB01CBD2464371BFF4683478E7E6732215BAC4FE2ADAB927A8BC5B3452,827,1170,RGB
2733,page-2733.png,298436,270E8987BF124FE2454F645F491DB67C8CD0C01CB560A91BBF5846F5442D0217,827,1170,RGB
2734,page-2734.png,274217,5F48C6F49D0402B4C822BDBEEE663A164F3EB0029DA1D26F17F790550207C67A,827,1170,RGB
2735,page-2735.png,264938,7AD91750C5371618E4DE4D2760B39F2B1771581223B056F1CF1D491E90A94B4D,827,1170,RGB
2736,page-2736.png,339294,D6CBCDBFF5472CE4A0D42CA37F1F71CB43C134B863C08D370860F8CD5CEC090E,827,1170,RGB
2737,page-2737.png,338063,E10BC1AD09EDB0B65AA77BBF5A6B3BFF6F07C6E13A5C6EADA98845C097CA5F52,827,1170,RGB
2738,page-2738.png,298278,0F6320BC08A4EAC8AB71A7FC45D069688EC3B69F41D7FFF384D5CCF12C840394,827,1170,RGB
2739,page-2739.png,285826,A5F84A3F65139E8A0F05ED919883B9E29B51E67A3809241747E03371CC6DFF64,827,1170,RGB
2740,page-2740.png,234049,DB74501D57540A4A916E92E76C4E11DA8BEB677EAEAA510123DE1EDDD753B0C7,827,1170,RGB
2741,page-2741.png,306621,5B558A3A3B1D44B46C66074EEA9B3E84EFBB9A05E38915D69264078152B95BA6,827,1170,RGB
2742,page-2742.png,356648,41CABE44829D948883BC05E097291A0EE699D9094C4305D73D18FF341FCC0C0E,827,1170,RGB
2743,page-2743.png,291909,80EDBF85E191917A46CFE33070E228EFE1266C91E9DD10F59B1253A5F7F0EF7A,827,1170,RGB
2744,page-2744.png,299830,A27C4D2123882670BA769DF723C88362C4A6A87A2D4378A11AD71B63F493C0E3,827,1170,RGB
2745,page-2745.png,294176,93EDE2B7FEFBA2133E27C204C7FD733C529AF03CF94517F90DE66C0A91E7ADE8,827,1170,RGB
2746,page-2746.png,294123,AB81904FA04F956716C576679033686FC55A23ABB53BCD2EEC2248968A86BB07,827,1170,RGB
2747,page-2747.png,339012,51A5AEE72CE430F70A97ED8B699F751AF202CBB2D3F862949A0E37BCF7E3310E,827,1170,RGB
2748,page-2748.png,296746,3030C541FAB3929C27395D2E3DC7517E986296F915004C9AE98907A477513875,827,1170,RGB
2749,page-2749.png,274172,C90C3D398736551DC57B0DC6DA7C37FE917272B68DE14863C4EE61D8E73FD1E7,827,1170,RGB
2750,page-2750.png,335235,93FDE25476B71AD43D74F886BDB65B89AC07A667F4CC60B057AAFF06F3E95C6E,827,1170,RGB
2751,page-2751.png,325200,6B3BB382ECB78900E465BDBA942C1D6F5F8C144FF1555F4C21BAFD7FC2FEFDDE,827,1170,RGB
2752,page-2752.png,309322,EE1237DC10C25CFAEA744263D79738DD8B2E2C7E547014333359A0D42B26B3E6,827,1170,RGB
2753,page-2753.png,302434,C3AFFA5BA1322F5300B6EF1B666DFEE296ABAB15C503AE64C774E8C45AE0AB17,827,1170,RGB
2754,page-2754.png,194361,53ABC4CF9EE666733E08AB6EFEC962D8B61619DF2D45B8F2E1B849416B9497D7,827,1170,RGB
2755,page-2755.png,314463,1F6B0009CE3D932C3529234081ABDDA7EF276D050428A428979686D8D6FB2CDD,827,1170,RGB
2756,page-2756.png,299726,621D02B10052623898C6F64E616166E2CB2244E79C334F045496A5D223DA2B69,827,1170,RGB
2757,page-2757.png,317175,A488760DB8EB9C22B658CBDFBA17C2AA4712141303D1166F7CC41C1292CE4556,827,1170,RGB
2758,page-2758.png,300168,CBBC319ADD35BD0D69001BCE01BFC7F557A5BAB4F59099CC0898D53DE3D33409,827,1170,RGB
2759,page-2759.png,274351,4061CFF245D1F9819BE6D345A8EA449A8317329AC1AE5F753AD6C3D07C3A6871,827,1170,RGB
2760,page-2760.png,240904,37B71D8D21D678006B79A70984DC10E0C5A33E27B5F3BF2EE6CFC951FB781F74,827,1170,RGB
2761,page-2761.png,278978,78DA6D4A9F26718B48B3B1EC988BAAC12ED86973C38E6FFB06B9FAF85127C52A,827,1170,RGB
2762,page-2762.png,249221,7B92C728A006E7097D3B27A3D5FDA0EAA39B0AE8A0BB22E0EF5CBA95B9A0ED80,827,1170,RGB
2763,page-2763.png,220230,2E7968FAB2F5D3E66A9F4411032BFC19C63D2ACF1AE4372047E57B2A1DA46EE8,827,1170,RGB
2764,page-2764.png,223348,6149558F88ADD54E7C7DC74CBB530793BB01468E1CA81F6C75A87E21B4D1F303,827,1170,RGB
2765,page-2765.png,241710,E627CF8B9FA0C55EE8FDAD37ED2ACF9C9E6D9CCC51E7000BEA2EE91C20FDB675,827,1170,RGB
2766,page-2766.png,271246,72645858163D8ED8BE1FA7CF7077BCFC42497E7BAED2106CF99E720264C00E50,827,1170,RGB
2767,page-2767.png,202200,B6F16BADB9103BABF21F3405181D87E9E42A5047F6F15F947F3D4F41A1458DC7,827,1170,RGB
2768,page-2768.png,315670,C7357EAE3777E1FEC8B5EF4DD92A8D50A7744BDCE6DE8163129F0294DEBABA59,827,1170,RGB
2769,page-2769.png,69360,5D152A1F01646F2986468D1497748C80CE2A4D15388E9950DA753B694D623885,827,1170,RGB
2770,page-2770.png,227525,01371433D6671BA8BF0F72B7072358446BA679237F202AB4353A86BC277D331E,827,1170,RGB
2771,page-2771.png,253892,46954CD6C925153F10FF5077D2640E02CD5BD24C12C48CB25539EE710EC49575,827,1170,RGB
2772,page-2772.png,307729,833808D14C9DD09AA3C16EEBADC78924721D2498F3EE1F0B8332D39B21D5D76D,827,1170,RGB
2773,page-2773.png,288312,F18E22A7627E8B2AE5C0777B0D4DDCB5E6D96D813FBE16DEA5DF40F86C9BA5A8,827,1170,RGB
2774,page-2774.png,286867,A57A067C8FF14392A33A3EBE59F07B8B85A0DB4F8B7B29DB14C5736C986CF537,827,1170,RGB
2775,page-2775.png,332368,48E20ABA4A196CD28E0872F5B077BE8399BC782334D0F76BBA759B529AD7F8E7,827,1170,RGB
2776,page-2776.png,328328,BBC5D5BB7FABC2CD62199782089B6EA75BBC39E0CF9EFDEA210A5B77E9E05334,827,1170,RGB
2777,page-2777.png,261521,4DFAB7F784F68C59A067D5750A809588F31551F7834A83258E888A6ED0805E61,827,1170,RGB
2778,page-2778.png,258754,5F3F06916E27DDD8AAEF4C48ED88DD5CE80036B945F428D504CC0AD3A5A9BBCF,827,1170,RGB
2779,page-2779.png,256469,DBD16CB1A28208DECA754733B69A9ED6DECA5FE44B8A6C5303F4EED19534E4DC,827,1170,RGB
2780,page-2780.png,257374,E323AE5A4787426044A37CB8721F02B96A313B6273CAFD424B3ED38382156A1A,827,1170,RGB
2781,page-2781.png,259120,FF30CAC2D95028891AF1655E792D482D19AAFDC9FD3947819E55D955F5D94A89,827,1170,RGB
2782,page-2782.png,257862,4A41718BAE1F03C2EDE05A250EE581EF01AAF5A2BA505749BD980AB3544C4E1A,827,1170,RGB
2783,page-2783.png,324861,E4ACB81DB63AD41DABA25AAF411B42F034BE607A5CD9FCB5D86F6734BEB7332F,827,1170,RGB
2784,page-2784.png,353685,CE5A1908EDE86A1BDCFBDFC7172B48722AFC4F50BD1C1947F17B1D92CA9C02BE,827,1170,RGB
2785,page-2785.png,261720,7DBA5D5BF1C71C8D3D9C1B408C4F9387CAE7E8D7AF9EE29D69BC748516296F59,827,1170,RGB
2786,page-2786.png,247216,31D506DC77CB0867B242CAC7A6E2E4476B8A97FEF8F61AB6F252963BA1877487,827,1170,RGB
2787,page-2787.png,403349,E1744B12DF7CAE31AB468A9E35E157EAC4640DE493EDA4B3097DC45EA96AF9E6,827,1170,RGB
2788,page-2788.png,266879,6868B35E618FCB8EAAD4AC05746A6A5670BEAC5B6B290A4C5C8182416B9A1014,827,1170,RGB
2789,page-2789.png,296294,FBBAB4499ADAA6F8E3CE074E9488C711650D85CC53A96F2CFC895EAA9E6AB2A5,827,1170,RGB
2790,page-2790.png,273395,946FAC9BE66A0591AC6C00EC554C59A816283B30DCFD8F41629AD773880334AB,827,1170,RGB
2791,page-2791.png,253505,EC95ED890B638085B0EEF65C55DDB42AB518165B7DE593477C2BFF2C85006E70,827,1170,RGB
2792,page-2792.png,247153,62A47FC7E7DD542356EE5D4ADB8C7D0257C42B084C75DFFF3D48B121490CC9CE,827,1170,RGB
2793,page-2793.png,240629,6AF99802416EC661B2B609E7672B962B675EEAEE626AD5257B084DF7108FCBDD,827,1170,RGB
2794,page-2794.png,282382,AD1CEE1275A5665E1A4B5FA98979B3E3CB712D19C7AE03C660CDB5F876907F70,827,1170,RGB
2795,page-2795.png,300702,1FC2D9DC864BAC2678BFCA3569154FF858E386CB0D31A67BC34FB54A0E905640,827,1170,RGB
2796,page-2796.png,297234,4518193F5853057DF382EF6C9F7EA4320EEBB3134E744132B8E65E29F81CE121,827,1170,RGB
2797,page-2797.png,81374,5959FFD49F005A6D8F2844C23F70ABFEB559A6DBCFFC9A3361B9786EF6DEFE2B,827,1170,RGB
2798,page-2798.png,163572,F81323A93E241ABF217B8719CF154CE1336BB9B51BBE85000CE8ED27D604BD74,827,1170,RGB
2799,page-2799.png,276546,0CEA281F21567C5A9C53F23C246332633D1326C8CEEFD9105AEC120D92CA629C,827,1170,RGB
2800,page-2800.png,231505,5028B72AF75CA6C8F23F02538EA6750F7DD752E077572F8F8BD568600372330D,827,1170,RGB
2801,page-2801.png,198437,64524E4EECFE2B660D62722947B0D42E3869EDB39D1926A2AFC267C753417E2D,827,1170,RGB
2802,page-2802.png,228918,EC4511539EC983912A45D5F596180D0AFE36A3876BB297C8F756D30024BFA1D4,827,1170,RGB
2803,page-2803.png,225383,7DF8953BAE4A3D4305062F75464916682DADFD16179EB4E287CD51FB15FECF59,827,1170,RGB
2804,page-2804.png,191324,4320EC829B361ABFE3C51AFC031B6D118BAC90555078562610B9F488C335139D,827,1170,RGB
2805,page-2805.png,218363,BD7A3F563E151AA518520CD17AAB5AE9063E873AB119905216214EC0915951E6,827,1170,RGB
2806,page-2806.png,276056,E710664AF846DB3FA8A80331A083FB6C0AA3DC3F6B4025F72EF521DB71551A4C,827,1170,RGB
2807,page-2807.png,274010,71A475F3AF7BFC1D3F808F6CF5E3090CD00EB98D4916A7212AFC3D43120D8609,827,1170,RGB
2808,page-2808.png,271045,29A9F31F3FD160604480CA4B57061F580C9330018409FE61A0EA91A7DA9C81D0,827,1170,RGB
2809,page-2809.png,252693,3BE30BC21A1FCB5BF6016E95B002BBCEDF422306D45A75A4107DB7A65841F5FB,827,1170,RGB
2810,page-2810.png,266216,E89A3F13B994F40180565CC2456C595A4F1028082514C0D78D162893F1158C89,827,1170,RGB
2811,page-2811.png,232373,513564D5124C35C0E433BEC0FF3349BDE482A20101CDF7349A5CF933FD13A58B,827,1170,RGB
2812,page-2812.png,273011,E87497345648A351851FE0E2C3F67987CCCD9D5601ADAF1D4B42BDB28902894B,827,1170,RGB
2813,page-2813.png,248221,B9641DE3A71C3D951DF6589832ED096EEED4E420F2D9D884BCBA0ECE99D58869,827,1170,RGB
2814,page-2814.png,230462,E4BC2235478211B09865063D93CFFB86E30FC40E97A56778853FA531109AD08D,827,1170,RGB
2815,page-2815.png,247059,C727103AAD6F6971243DCC6AF29A4306EB26993431D3040973ECFEDE4E666EC8,827,1170,RGB
2816,page-2816.png,273007,F0E43C5DD95264B6A5033A8C62AA4993EE7C0D451035B61732A530653BCDA6FF,827,1170,RGB
2817,page-2817.png,192477,9139E61719C935C56995C5CA167C316FDC1F595D352BA0948FFE700560928F51,827,1170,RGB
2818,page-2818.png,215738,3965BA5BA9BD38EC31850DD9E03D00A56863B4EB18EAA0941FC509A0CEF3C8E6,827,1170,RGB
2819,page-2819.png,251685,FF4C361C1C58EA84E1151E305A82C96E3DF3360AF13665D4FB4BD68D56C2CE27,827,1170,RGB
2820,page-2820.png,248817,43B5DB79EDE724CBD545E5768AB505905A6207B091279A925A8308D4DEFC274C,827,1170,RGB
2821,page-2821.png,292077,D5A346EBFAD3DA5475E16FFA8034009DB4C622AA49FFC3DF276799CDB0E3E134,827,1170,RGB
2822,page-2822.png,248237,D70CFF6C00EBD084F7792CAEFA6D569569B1D8AB2227C7731E685D2F49C97C74,827,1170,RGB
2823,page-2823.png,217288,657A961DC4A3996C50895C0386D8974E0DADB8B58F4B4AC1056BF9599E792AB3,827,1170,RGB
2824,page-2824.png,299566,445C5DC73780CFD9B5F4B6A3C24A840466F90728265D73A6053FE3648D6D2BE0,827,1170,RGB
2825,page-2825.png,250490,2773EA5042F94908A2F7D15D0F31D7E08989B9A7F3C04910002D7196465D22F1,827,1170,RGB
2826,page-2826.png,239015,E5BB2888BDBFC04BA300DDABF4C3A3322DE2FCFCCA9CFED9FBCBF421F4FCC134,827,1170,RGB
2827,page-2827.png,324154,5E33CC4BE0DA720CF31B831E7FB8B6231967042928E6AA17DD96830A9C5911E2,827,1170,RGB
2828,page-2828.png,255942,B21F6AD2301E9A8FB65C6F71739A2F5F138F509C7F05196DE20D1991214A9CC8,827,1170,RGB
2829,page-2829.png,268458,33586A381357FBCBB1CF50E0AA35C0C26F51E7098E7DBCCB8D796A09B63939FA,827,1170,RGB
2830,page-2830.png,273226,5AFD3B877EF5B5967B692F8CF8608D1F8C0B18AAA08A5FF984ED5454C7250F4E,827,1170,RGB
2831,page-2831.png,260920,0011FC04EF0B6424C395E74C81C8CE64672115F75BFF07A47C8E195B06664F99,827,1170,RGB
2832,page-2832.png,205183,996B6B46FABFC60A9ED13E63C64DA3362D67CDD7D1C1C57DC4314359B8CBA420,827,1170,RGB
2833,page-2833.png,249102,F07E955D2337644506B0D5AE64FFDE00124E73F9E01D30F5C08D38220D18971B,827,1170,RGB
2834,page-2834.png,261754,8F6793D41392AFB241A413642DF5FF2CC09A04016A60A4E2346D7706B247601F,827,1170,RGB
2835,page-2835.png,278251,F3EC2DC22DD13D520803E0A9E4764DBF16494DE8F43EC2723203FEDBD94704B1,827,1170,RGB
2836,page-2836.png,161559,D2139378F7C894770845C8483B05923811A30704AA922253824D21FC9A11C689,827,1170,RGB
2837,page-2837.png,318359,199F53244136F4212714EEA4116D9FB66121C96EAEA7CC414E4B6280F65B0DC2,827,1170,RGB
2838,page-2838.png,289920,CF2FEBC9E2B6B89DAD32925317C992561AC195CA8E016A192302CB77B6D0E3D6,827,1170,RGB
2839,page-2839.png,263596,A9014F944F0099A072D1396D08EA0B653D8B75EC0106371DB538AD14697FDE41,827,1170,RGB
2840,page-2840.png,329833,96732150797BC5F7CE38040EE67D6513547AAE34F2F53C4B5FE96E08FD6F0C75,827,1170,RGB
2841,page-2841.png,271218,98C028A1B41AD0061F23B3272CFE31CE3FB06F6E86BDB2C8B059018849EE1F17,827,1170,RGB
2842,page-2842.png,209994,F56D21D762D801B25E84606F5FAFA4EB43AB89964A3A8D84793FDAE7167CAE28,827,1170,RGB
2843,page-2843.png,274016,414CF38850900FCBF1FEB0B6F66524C612BE18436522944A44DDC062827205B6,827,1170,RGB
2844,page-2844.png,281647,B8319A3B1F2B199EE84B7E1AE26326214CF5D55F99B0A9DAD71A10290ECF6359,827,1170,RGB
2845,page-2845.png,283436,738FED2B9DF9A69520906AAA5476A15DDD7022DBFE2393D21F52C2CB75C39864,827,1170,RGB
2846,page-2846.png,324739,1B47E214C6FD98C48E1D8B7A7888246ABD70FA4E6BA12BE75F45538360B6A000,827,1170,RGB
2847,page-2847.png,210594,15EB85DCA457F028CF2A96E36022C4F4A637228C638B34F54E522837AA9D1995,827,1170,RGB
2848,page-2848.png,235542,EDF355F5D7914AA9952BB47F947ECAEBB1966C9A248093CF79835E249C7183A5,827,1170,RGB
2849,page-2849.png,206294,63DB4FEAF2B0A7F232A6E39874344C4C89F50A8D587DEE43601141EF127E1372,827,1170,RGB
2850,page-2850.png,84083,DF85197F785160BBA07B4603FA9C02D01B2EBA407576C6AC3DCA44E6006D75AA,827,1170,RGB
2851,page-2851.png,241919,BA7F5673C5110EFFDE17F93F2F8B1B08EF56508C82E5D17A04648C1559F70741,827,1170,RGB
2852,page-2852.png,257260,04013092FBEABA28AA579956662573DF8428AE4D0AA79EF4DE9775D7A93D7074,827,1170,RGB
2853,page-2853.png,317396,5E14E758C71AFD4C213A6A71F101E6110857398E1C085A9B6F4844C56545EBD9,827,1170,RGB
2854,page-2854.png,336597,BD27E92B5013C0FF7CEE35C8F7B62040C25786F33DAAB1FFC1ADDF5B3713B2B1,827,1170,RGB
2855,page-2855.png,345233,46836A7263219FBA8776BC42F549B576E2B11800B9CDAC9DC5CA429B734098FA,827,1170,RGB
2856,page-2856.png,294595,32797A9FF90320876F3054FF1095F3EDED11D0263B34899B994EDB9D4F06A428,827,1170,RGB
2857,page-2857.png,285421,3338BAB5FF5C5C6EEE73946CEA1042FB4F8619CDE488295767EFEE57F9EC42A0,827,1170,RGB
2858,page-2858.png,291628,52BF713392A21512BB5D13457906E056FBDE8C613086FB5C1406B5472F18B775,827,1170,RGB
2859,page-2859.png,259908,4B48C3A13EDEC88F099977C84DF2D501D1834466B09809FAFACD23E39E572BBC,827,1170,RGB
2860,page-2860.png,301153,4B7C6E9B9F26A13FA9EB22BF4DBA2AD9EAFBD51DD867F761B14F3687AAEA7B17,827,1170,RGB
2861,page-2861.png,342571,005F4EE648169523EBAA1255090F7DA9C5BB70C3A75B0043FFE78F4AC0FA1C61,827,1170,RGB
2862,page-2862.png,329814,662B0815201D093E285DF2F214A24075D826F932FDC61FB0D28E85AD030B3677,827,1170,RGB
2863,page-2863.png,306201,FB77982B00726149D55DE17675BB03A4D33D9F414734A2DDC0D097FA7BBC324D,827,1170,RGB
2864,page-2864.png,309424,DB77DB31F940E44FFF77B600AF716EE045EB95E9D2B1CD118D8ECC6414B4B1E0,827,1170,RGB
2865,page-2865.png,364752,C27CEDC14E38391EC588B4C2438D497BC17E76DB754C188DC5FEFD215327D3DC,827,1170,RGB
2866,page-2866.png,284005,0FF0E44EF5EE192E5115913B6A9A87D75499E8EDC4FA76CAF32352E4E0E362EE,827,1170,RGB
2867,page-2867.png,278130,AFA9F1CD449CE2BF7CD87753CCB2E15EE638F0F5E66798A076DB8BA971E501D6,827,1170,RGB
2868,page-2868.png,274940,4FD87E8B5C17D4D9FF4AC91F95689EE0D36869B45AF637E8248F533FDE24E7A1,827,1170,RGB
2869,page-2869.png,215304,A5D415CDE47FA355BC1ADCCB42BB29DA8CB980B1E2CC2AC87C55CF127D014625,827,1170,RGB
2870,page-2870.png,318416,56A76D57C78720CD1CE04EE921AFA6FCA68070B88252B98D153959F1F1AC754C,827,1170,RGB
2871,page-2871.png,317804,4C4D0D2AFE5C5376D81DBA6AC931C4466685653A10012586F41ACE3A0F05C389,827,1170,RGB
2872,page-2872.png,281084,6462C18C592162A748F39B0509107239CA779206E4D6079646B99B799293970B,827,1170,RGB
2873,page-2873.png,300918,F4B07EC6D95E61AD7A064098AC9379E49F8CD50D5FDA25BE46A16A3EEF1D5A8F,827,1170,RGB
2874,page-2874.png,316740,95B236690E1FFD5AD77D77C73C3AE313FC3DC87C264EEB2F51ECD30F988892C1,827,1170,RGB
2875,page-2875.png,317028,A1310CDAE1BB7FCAD5159538DF0F8F1BD32E57D981E437BF580DD13628096290,827,1170,RGB
2876,page-2876.png,322786,1EDFC847D51B9D7B493A65FB8E15257848431F144596723399C7B328C0D6A09E,827,1170,RGB
2877,page-2877.png,260742,DB07C8F93CC8A8D041EC0820FCE6CB06D0363983DD6012D90E55463A8B373FBB,827,1170,RGB
2878,page-2878.png,255988,2F329D5212FEAA81437034DB9EF5766D3186A23D6E62A22F94B12A2E4A25C804,827,1170,RGB
2879,page-2879.png,291470,B4E13C5F1F8DF200AF8C82AD42C874A5AF972E1B5A45F483528D88D4A5E27B09,827,1170,RGB
2880,page-2880.png,290723,7A58323F7896082378AB74C433E64D8A26FE953E437FABCA292F23E7BDA601D4,827,1170,RGB
2881,page-2881.png,278214,045DDFF1B6D3C2318A6CC672E1B6DEC61474DF02E44A832E7147BFEAEAFB0B85,827,1170,RGB
2882,page-2882.png,285403,2D2FFEA631757E8E7E3B5615C7496B94A05BBB5EFE321F5A6F38D755B5B45F5F,827,1170,RGB
2883,page-2883.png,277277,02238A013B40DAB1B285999729A74DD3907D369F12AC9615A64251855E73367A,827,1170,RGB
2884,page-2884.png,291110,E2E8422FF9C8BB0B3B011FB8D9D7FBD72526A842AC25336B854BB559CD8C43CB,827,1170,RGB
2885,page-2885.png,245559,C11400F4F91D2E7817285D00F9F23CB9430DBC7389E9D005EA8081B8D0F4F88A,827,1170,RGB
2886,page-2886.png,337737,2E6493A84FA51C053D7C80C6F6455C92FC744A863D13CFB152B8CF883895E2F8,827,1170,RGB
2887,page-2887.png,269205,0AF06D56A123C34DDD52598F7ABEDFC2D67FAEE4F5E76C7D8694EFFD28FEED5B,827,1170,RGB
2888,page-2888.png,252713,4DB280C1DD4A4A98A3F0DD11FCB1AC862C513186AAF30097966F368BF3FF5430,827,1170,RGB
2889,page-2889.png,255139,18DF0E094A2AA7DE20E08ACB9D5DD6076018EA992E7382B943135D157F61DE53,827,1170,RGB
2890,page-2890.png,275720,0B022C6818C012F95DD80AA5CAAD1425F3F843A4C2770BF864300533594A638C,827,1170,RGB
2891,page-2891.png,278831,1A2F00E800C4EA2C2E51A705F64CAB56155BFFA4E1499A5E394D0F33BECB0105,827,1170,RGB
2892,page-2892.png,213313,6ED156C1E2C117FB85527013C5C3CCB343C0B35519A2DA4010CABEFCF52BD41E,827,1170,RGB
2893,page-2893.png,325323,FF46EB191E91C41904E4595D595C352CD533B2C1B2ED6B25FED0875DB6E80CF4,827,1170,RGB
2894,page-2894.png,281275,DBB126BAE1D4CD9F30F77839BBF3083FE4D188A7FC5CD8555A475DE7BD3725CB,827,1170,RGB
2895,page-2895.png,212966,6EB072667558A55AC31F030F956B8E51EE4662A450F5AF772C586C2B119EEA1D,827,1170,RGB
2896,page-2896.png,304431,654202D6825787BFC5467B97480BD8F0D215B7D80506E81F45AC9EA20285A46C,827,1170,RGB
2897,page-2897.png,258234,129E46714F214857D62EDAA7145A6C8BAD84E31FD563FB0EEFEFAB7A7B10B19D,827,1170,RGB
2898,page-2898.png,315471,58DEF5E7241F0BCC64FA81DAC27436F91FDAF4EB5FA96CCF02CDADB924434617,827,1170,RGB
2899,page-2899.png,248117,E083C56E1FD7F2A50D34F4F35F56649BD95A0CE5F7F0633B0ADFAC6528BE9C53,827,1170,RGB
2900,page-2900.png,340474,A5A2D730D5614AA15AFFE6969E44BF1DF21679DF7C81862F13931C368A09DC99,827,1170,RGB
2901,page-2901.png,257279,56961284DBAD04009E429AC16442296EF422596218FA2EACAB6EA060B07EC339,827,1170,RGB
2902,page-2902.png,248679,0DA4B15FA78EB64B95B4BDE230FBE07A4080F47742ED64240EA52435A2A4F7FC,827,1170,RGB
2903,page-2903.png,351594,4A75C62733EFFC07F7D19D1CE9B5BCCB9E1878C941BA9C1B1CF7EE7D36191690,827,1170,RGB
2904,page-2904.png,299586,6DA8D9E61A3742C868DA4898214CE1A1117134BAFF8450B9FD1A109F7A39CF40,827,1170,RGB
2905,page-2905.png,295343,1B9919BBEE87093F376C203402958B07470A38D566FE0B3D9CE24B8093AB4309,827,1170,RGB
2906,page-2906.png,304389,B8C2C6D5B30C3DC7CB0CE527D9E3DDB4FCD9FD1D7E9B49B74A74CEE1FBDF2429,827,1170,RGB
2907,page-2907.png,261724,3814C6FA56D895EA6215AF4560CC0DD92FCFE776CB0B7F72C8E76F6ACD59EB93,827,1170,RGB
2908,page-2908.png,249629,6A135C7F35805386BA7516409EBD04E0C79FD9647EBECA41E56AB60CC1AACBE2,827,1170,RGB
2909,page-2909.png,298847,4B5CCDA1FD81B1C1CB236AE92ED6F89263078ECF617B873DD7BE106459EBB28F,827,1170,RGB
2910,page-2910.png,342407,5598A888B3C23DB5A6F3A1E05777F35A569950CDD8CA5A1D4913A982A97CCA2C,827,1170,RGB
2911,page-2911.png,221668,14111066E83F1FC9B0D058C5919D9E3116B066CCED0CF68852DF6D3B756930C0,827,1170,RGB
2912,page-2912.png,248073,D790D7E83C2D97596B4D641965A05FF73BD39564209F77BEA4D4837EDB6E0466,827,1170,RGB
2913,page-2913.png,281437,4286125848B97749FD07F90749DCEC56F8479CB7CE8AA3227C8971157F033531,827,1170,RGB
2914,page-2914.png,299498,CD75BB1C50D71852F2FB73A87888BC8F71FE92562ED48F043D08EB428DF88149,827,1170,RGB
2915,page-2915.png,294380,0C68E6C44F5EA6BDCFD6ED4A2EE2C8212BDF83708AB7E8B499DD18692FC52D78,827,1170,RGB
2916,page-2916.png,333502,E18085E8BD137F382A930070C9FEF8AA2929C8663E8209FAD22153AA375993A4,827,1170,RGB
2917,page-2917.png,275009,585168B5E4DB1E27A65DB2EEB4135E56FC6DDB69BFADE89420556434702BE6AE,827,1170,RGB
2918,page-2918.png,266356,D07D1128162BE1CCE6FABF85C23E0404FB209C00238D4CB3C2444CB1F8D5FF6B,827,1170,RGB
2919,page-2919.png,245686,1CE132D727B4EEF7CACB3BE006232C0277D8E626EB9EBA81A23185427DE8D766,827,1170,RGB
2920,page-2920.png,208680,DF9D573CF57486B79ABB1ACE30C8FF8208CCFE39999EEFC7894FE61F7568B0FF,827,1170,RGB
2921,page-2921.png,268807,C101649AADE66918C34813D18315959FFC61EEE62A0D823EA3F9152700C22618,827,1170,RGB
2922,page-2922.png,323553,1BA8CF319F639F968178AB2E376B83BEDD947F6FAD64004098B3A1A089E885E3,827,1170,RGB
2923,page-2923.png,215132,D4A81ED64E818AA6D9384E78B6CD920B8D5086AF8FB1E28CBC5EAD3A52A5F9D3,827,1170,RGB
2924,page-2924.png,313662,EA7A4CED49145226C27447227F5808D9316AEC59AFA931367BDDF12A75EBB676,827,1170,RGB
2925,page-2925.png,312038,0A6AEAD874DAB6000C412E4002E36D36F564D788F54AF93AE793963002F93018,827,1170,RGB
2926,page-2926.png,259846,BF814EF6C02B16E2022295FE1EAE04F913CE70E14703A9CED8CEFBA43D7EE93B,827,1170,RGB
2927,page-2927.png,299764,264952ECC7A55A52EDA1438B2F0EADBCDC972C43EF12F3FA994140DEFDA41988,827,1170,RGB
2928,page-2928.png,300687,CE718B61BF6240528B4FF44EBF1F06F2562E85984CF34A332F277D98A7771ECE,827,1170,RGB
2929,page-2929.png,277307,99F1DE8B223EB0F154C0FE18F7CA4499F2D2DE763B92B40B12903E185A793845,827,1170,RGB
2930,page-2930.png,260089,6338B4C69457620859EA20DA6630FEC030E62BB153EF37581F9B4EC627AAE543,827,1170,RGB
2931,page-2931.png,216433,3B748AD33E71F58B37A9430D942314E6963E46548FB255C697DBA6084DBFF93F,827,1170,RGB
2932,page-2932.png,298843,5CE7E69C1A9F55AF2318C6D46FD90145C7CFB095AC06D62B30E9E16EF0DD45D6,827,1170,RGB
2933,page-2933.png,357113,2C0F0E4BAB6970FEDB9E388B927DC10C2BD8991C8E5D40142A166733D9F298A6,827,1170,RGB
2934,page-2934.png,281235,4C12217A1BDD26C33B66D9E18948BA0D9E976B59E03709ED164DBA3808EA3231,827,1170,RGB
2935,page-2935.png,301011,D36A2A580599677AA642B7AB67812F3C7381F80DA9E7F169650B1C73A817AE92,827,1170,RGB
2936,page-2936.png,259428,CED8664806B357886F06F149EF6A435837E22B08AFA61245A889F39A8E45FA34,827,1170,RGB
2937,page-2937.png,246079,D92F23DB1D632402924952B525C1ED9B20C7B37B690D4CE587E165940BBD01B5,827,1170,RGB
2938,page-2938.png,228854,9930CD6532C9B815F609271D20FB01FAAB40AC51C5923AAFA9E2BE15E3B6A985,827,1170,RGB
2939,page-2939.png,187712,D3D4D34A73F987CFBEF1767AC96D7CE55A2566CD388847A228E92A50D8038A5B,827,1170,RGB
2940,page-2940.png,267481,9AB4B08E752850BE6CEFABE416BBA0D65DD6423B8A3202E7C9F721EC16E81BA6,827,1170,RGB
2941,page-2941.png,315986,AAFA20782B817F6311536CF52910F2A4632909A0EE2083268AFCB36BE3143081,827,1170,RGB
2942,page-2942.png,303167,5025C426C8CEC67F43C81A4E20EEEDE5E9CD379EB1D99AB0180F7D690F2F3D37,827,1170,RGB
2943,page-2943.png,331948,E8AA60B2CA910E4D096AD5F5E7CDDAC54D1D6374AB9895427CE9D28013679180,827,1170,RGB
2944,page-2944.png,296263,249671906D27CAC1903A4786A2A5C0A5FE924EB54930E2A78169810DE16B5768,827,1170,RGB
2945,page-2945.png,288647,7CCDDAB812029C8EC1FAB154C9BEC95485FABEE73E80D07D36195DC17E287AD8,827,1170,RGB
2946,page-2946.png,273830,5ECD5706B33BD5138EBEA1C2F139FC3DFEF7A03BBDC44AA176A2EBD1FBE571B1,827,1170,RGB
2947,page-2947.png,303553,6AE486660B1B0A105880D0419AFC71AC7E156F63BB3A18944F391CC630FA86C9,827,1170,RGB
2948,page-2948.png,332179,C84CBD94E0C50A44979FB1F4B2F6EA27E82975E6051057004E248DF5641F2410,827,1170,RGB
2949,page-2949.png,356950,087B06D9A9137116CF8147FA03D35D7A09A3F7D1B076012AB898F154C909CF65,827,1170,RGB
2950,page-2950.png,281925,6E61A7ECAD2252F994AB47C0683D554D5A5984664453ACC842651B84547843E0,827,1170,RGB
2951,page-2951.png,272572,056DAB53CEADA00E993A43922B72EC21948404DDBBB648BDA9470946D1FEB3B2,827,1170,RGB
2952,page-2952.png,271549,C818183FC07251872B812C3C97F8EEA070F37CB0BB33C1C3C0A0CE36915EB923,827,1170,RGB
2953,page-2953.png,282977,F6EE6D012D3AB9D3B67B478453812C52D1F5D0DDE3FF57CC8F4224E3202D8907,827,1170,RGB
2954,page-2954.png,288449,BAE296DED3BD919802B2BE15CF70950ADD30A4AA25B08F14231290BCF625FCD4,827,1170,RGB
2955,page-2955.png,300332,EF42C2B9046B2514E0C24C2A91855313795C18C1C125B6319BD400083A73B33A,827,1170,RGB
2956,page-2956.png,303497,5AB13E0A35C423312F41E989105DA0734B99B31CF1774873A83839AB3F7999FB,827,1170,RGB
2957,page-2957.png,207514,31BA92A3861DD6BEB81DDE880A3A19A9BC6AA2140F1510ECD82AD6D86B88F39C,827,1170,RGB
2958,page-2958.png,255183,4B3086B2A90E7EFCF0609E98FD207DEE5C771E689A0517079D87C45558B8DA38,827,1170,RGB
2959,page-2959.png,274853,D0CF11FBF9BF2D2932BA9B44F9AB20007316A615F5907592D9E9DFE96CD3D1C4,827,1170,RGB
2960,page-2960.png,304837,48EAAFDE9BFB8B8543A805E79741E020DBEE6A674BE86D13B9F44B9D85959132,827,1170,RGB
2961,page-2961.png,286168,0AD4C364C4E38983AB335C5DEE4BFE6C2DFCE5EDC3788DD8C33962531690FCCC,827,1170,RGB
2962,page-2962.png,306344,7F4D1AC7ECB58116F4807104217B7D771E4F3115F33E54AA068A9DAD80C0D86A,827,1170,RGB
2963,page-2963.png,293007,F8B8B9398E64B38A997772A61CED97BF93A9ABACAF81277A57B95C631B8F525B,827,1170,RGB
2964,page-2964.png,311089,EAC4AA147CF754E88024F89CC3340B60FFE824A6E6B215B16C35C95BF98F0A27,827,1170,RGB
2965,page-2965.png,314026,E1E0E4F69A3388B2E14CA1EDF165CD655654AB9409855543044AB72DDEF0DB3C,827,1170,RGB
2966,page-2966.png,365546,EFC0DBAD42B4B382662468525FDCB3D96052B53F6CD43B44A7BAE9F757AF83DB,827,1170,RGB
2967,page-2967.png,214868,534F07355FE026ADC744EE3679E0D0C8CD530ADCC7485E2730BFBD15A1047150,827,1170,RGB
2968,page-2968.png,271446,FC969FA0E8EECCFF07511428ABCE8C278E0C0913ACDEBFE340CD1F2944F64F0D,827,1170,RGB
2969,page-2969.png,373586,D60A0BBAFAEFF4E737DB0A8703CE652DBD586C7A16CCE3E23EDA2CA665D986AC,827,1170,RGB
2970,page-2970.png,294153,129785134FA4D2B2DC398F52B131B9E8B8655F49652F67EB926983631C3770EB,827,1170,RGB
2971,page-2971.png,285305,192882B839022CDA896902B37BA7BD446735B852A09CD8BFA3A2FABBCA6BDE35,827,1170,RGB
2972,page-2972.png,326754,82DD0BFB9D04BA089913191E7AB5E06131939AE2CFACAA4578E60EA81B8D7089,827,1170,RGB
2973,page-2973.png,310712,716AAF3D26762CB81CE26F05B9B9E715A156A54E71D7D8680116F8655FED8ABC,827,1170,RGB
2974,page-2974.png,241383,841291C198BCCDBB5F84D3C0BA0B6CFC0B918FDDAE5C9ACDF1829B8AB2C58533,827,1170,RGB
2975,page-2975.png,271396,3FF4C9164D16EB0FC44EA6E2113301EA813BD22FC53EF3529E2B42BA22AF0A37,827,1170,RGB
2976,page-2976.png,290626,91720238FC3DDC3C99898B7FF31BE5E93D34BE7A9FDDED58443047AC9B8F64A3,827,1170,RGB
2977,page-2977.png,342841,EEE8841F9FC677B020062FCCA759500C61797705D25E0D212DEBB5F9FAF5C41B,827,1170,RGB
2978,page-2978.png,233032,1F3B26B95F4EAA5465962DF2C1A20010461BA5A37A1D037B351CD34B7E53350D,827,1170,RGB
2979,page-2979.png,307274,BB3E0035726990E065B4454544F728405B2A0FAE607508D9D7B3C1DE0D465038,827,1170,RGB
2980,page-2980.png,246730,4BB94BF353EDC8FD588FAFE6E59ECB2085AD6CE3007CC8F7D54234F076071918,827,1170,RGB
2981,page-2981.png,322869,F536C91BE25A88104DBBA1E7CD6EF78BE02F8741BC7B517BB6FE94E9F0E5F553,827,1170,RGB
2982,page-2982.png,294036,0118DDEEA08975AFC9E0E716608550B5B6F36A36E5F961F69248DEAA3103FD71,827,1170,RGB
2983,page-2983.png,312361,D2A570D9B3097DCB4FD1770A838E3F5B08D3A4B6BDF01B2144FE75066E7C3EBD,827,1170,RGB
2984,page-2984.png,276696,B4D34E9C9320E7F478DB21ED6DB7DC5018C33D2C7C61BF12DCB7CFF0348C50BB,827,1170,RGB
2985,page-2985.png,277571,13B8CFD450B91AAFBC565D28403605473CC82CA9B8E8249F32755E606431E2DB,827,1170,RGB
2986,page-2986.png,251681,1978E622DE340F28AD2840454D23CB56F2E0E97C9C91B81185112900AA3E2F54,827,1170,RGB
2987,page-2987.png,364257,AF954A97E7267A38828F5EB730DEB1953822651DCDC7B1993239B2F6C7F881C2,827,1170,RGB
2988,page-2988.png,306873,6D1F2E04F5DC3D9D893F9DB07B802C1578E6F243C1B71503B55AFB328208ACC8,827,1170,RGB
2989,page-2989.png,304902,110B10F5892DC5E54EFE0BA81A8251A09ACDA5DF7CD6BA2C85200FF7B8DDA710,827,1170,RGB
2990,page-2990.png,252237,0BE6D2A08C94FE61AE21C2974466A325827B9B357623B8283FD62797BCD6815F,827,1170,RGB
2991,page-2991.png,195103,8DD75E09AEF7540B430B9E313E36C11364F849B2E40D6EF54540FF077CAC4AC2,827,1170,RGB
2992,page-2992.png,277565,D60D2F25C7A29853FD00C56058C012B299129122DC4A29200D2C73C4BEB02DE5,827,1170,RGB
2993,page-2993.png,275471,E3644BDBF5EF0277785FCBF5AA4609A1A7895F8781E1B1343F47F4F271B273A1,827,1170,RGB
2994,page-2994.png,336872,BF359702B9804182976A1EBD213A2047D17337DA543E69D845B700D26EE38447,827,1170,RGB
2995,page-2995.png,295914,91A0AFA451E8E1B6AC2EB90CCD6A8767955E48397C4B30D4EEF26B427441072D,827,1170,RGB
2996,page-2996.png,276517,AB8E727818AC9E0F501DC19481AA8795E2EEACE817F624BF32977E3817D6DA6E,827,1170,RGB
2997,page-2997.png,294869,B0C5354511E98904D1456CABDCC57C4331A8F3B9139A9FC26813B5D1F87EF154,827,1170,RGB
2998,page-2998.png,280614,B617C263D54D8CCA4331F6AE08795B0FAD33D6EBF40D4C7C60464B44C8F40F66,827,1170,RGB
2999,page-2999.png,294951,2D2F4235F4FF4B588E3BD2A50707D4BA4DC945BD44E800F186C23CFF86C490EB,827,1170,RGB
3000,page-3000.png,320078,5A789F707840B50F28AE087017BE5A4044807135C36E3186E50BCA701B58E5E2,827,1170,RGB
3001,page-3001.png,304338,68AA4036BFA54DA610D52022DF3FF408126FC7A64CA8C3CA69C7712D2E42154F,827,1170,RGB
3002,page-3002.png,385017,EE944AAECFBB18EE060BC25FF13278F7A830B9BBE42CF937502DCF15C13EF318,827,1170,RGB
3003,page-3003.png,317904,909E45F37100EF801843E721C73B6E566D7DA1076731D2A67CE39B17D6D0244D,827,1170,RGB
3004,page-3004.png,350665,68A42F9B626E03966DD874827F26924C8305D106BFFE1D503CA151902289156F,827,1170,RGB
3005,page-3005.png,401955,FC2EF47CEFBA7E8247511EEE12276490425C46F4A2DC53CA0C75A83A64FEBBCF,827,1170,RGB
3006,page-3006.png,378527,2EF53BC2F248DD37778EF34E9CE6E8CE6E344A1B3135A298CEBC44220B6AD174,827,1170,RGB
3007,page-3007.png,265340,8B0E43EDE1BC039D8FE0F1387C75D7E4FE32262D045C8661E078D766244D1BE7,827,1170,RGB
3008,page-3008.png,318455,9434F490B40F5525EBE8FDA89C3FE7A6B2B2835673BAB65CBB4457F611C03104,827,1170,RGB
3009,page-3009.png,285796,1A3FCC60B8BC65060EE67CB2FE8C1FDFEE488149809A5C0B698912D17602231E,827,1170,RGB
3010,page-3010.png,217695,CE3ACB503FD271A43F57230CD9625E1275946A0092AA15A3C203A2BBC38E27B3,827,1170,RGB
3011,page-3011.png,303059,3A091CBB85C93A9CC56624554A429C485613B5248667C7AD75128553BBA55011,827,1170,RGB
3012,page-3012.png,306818,1B46A63F8BB28CA0BC3FD003D2ED5D1881A429079A79F59A792AEBBA8954E2AF,827,1170,RGB
3013,page-3013.png,261822,D92521371289DF9087399D78315B12B95E30D173737414CB70E018D40AE40B44,827,1170,RGB
3014,page-3014.png,334846,7259CED4DBF164392FE90B8458F28A1FB2D4DFC49DFDCB0B7E7E85A12F4DDC27,827,1170,RGB
3015,page-3015.png,289394,372B65CDCEF79CBBA3C5C8A3D26824AE9B1FECFA124FE9007C3D5F0AF8BD8C54,827,1170,RGB
3016,page-3016.png,278668,D0CDD68EA1656176C53B1D17FDAE610E00B3A42995D709E7D29259766D4E4FC0,827,1170,RGB
3017,page-3017.png,255959,8A0E50B158BFD78C90CA81BF42B190CF1DAC4F249123DB844816EEA7756356CB,827,1170,RGB
3018,page-3018.png,276502,F00AE2A1AC29678C9B046C494518B38F586EFA85CF2D1039B549A472CC34FA7A,827,1170,RGB
3019,page-3019.png,330718,C6B07552CA6152182F231B3BB056657533C5729472B2197390105DF6CE346C4C,827,1170,RGB
3020,page-3020.png,300028,0384DB538CF538F4D53F27ECEEE20DF0EB41C93434D67C692992E3D429EF669E,827,1170,RGB
3021,page-3021.png,256376,3606453A66A14EAD896236146D9CE17E4933E8B847C2FFC211C08D0CDED4EA1B,827,1170,RGB
3022,page-3022.png,319772,314FC026B4BE09F6ECD44DF46D59F3162E5B12B5AE341BCEB01FE3AA0CD4AD38,827,1170,RGB
3023,page-3023.png,239035,CE449EE14B30F3FB433B9066CF76AEEB47B262622859ACD615116DC287808C3F,827,1170,RGB
3024,page-3024.png,205906,92D3DC85764C138A200BC71B4C9A6F216CB6FC66032F825ED1F7ADDBB87A18DA,827,1170,RGB
3025,page-3025.png,262081,F2056A110D89D0FCDF414A2A042AEBCB90A27E4F1868FD14B436B67D9E794849,827,1170,RGB
3026,page-3026.png,315987,29C81FF635A4A5BA8F29B25D053282D8E8B6B9A5AEB64A722DD08A13C2462F43,827,1170,RGB
3027,page-3027.png,219464,89B65899D8CA8710BCECEFE5227719AD5A6E0071A9017E63929A19C730E355E8,827,1170,RGB
3028,page-3028.png,188507,DF194DAE6FF00619C69418972E8B1E9A29F9110FD27208C9B4DDA071CBC7DECC,827,1170,RGB
3029,page-3029.png,261771,1A65C0B4FEE0FC1E6E4576DD5C53A78A0BD244B17629EA658581D38F7A9B3B10,827,1170,RGB
3030,page-3030.png,286033,B4B6AB5076D69F369022E8D2B13A271059F19CC5A5F0B97C439B5FB46E77752A,827,1170,RGB
3031,page-3031.png,301859,681E13915C8A2ECC44B85D6BC6DCD5AA718B90BDFC99C97199F18B5652D9B713,827,1170,RGB
3032,page-3032.png,268864,4EAC73930F9931B082DF78E92C32198A57D2355E4AAC8CEE3D08A2B43F547A75,827,1170,RGB
3033,page-3033.png,366811,18BD51699F5F4E4898ECCEFB78AB14A21D109C4FB57EF8CF3BC2427F28D33AE2,827,1170,RGB
3034,page-3034.png,310311,877719AA8B690F809FFBE24AFB0F43673CDBFFC0059EEA3E34483AF44C386992,827,1170,RGB
3035,page-3035.png,288404,1DA3E3DE0ADE24601245F2B4B9E9F3139F63E82C4A6ABC889BDB8041F336EE1A,827,1170,RGB
3036,page-3036.png,352890,6C4DC6E704674B440F43F1813D9F7127BBF04429B23FD5E4EFD6F27B53FC1E1C,827,1170,RGB
3037,page-3037.png,315825,FEBB82C96596FD1CFC8732BAFB6D2A460E9A6C2D3393C122268BE15CFC4F116B,827,1170,RGB
3038,page-3038.png,291489,A536FD18DF59C7BBBE2FC1F7AD8265FE0431052AAD210C80DE5E188E0B3BFA91,827,1170,RGB
3039,page-3039.png,265919,D62BE61EB041B20CF267ECE3F06E059026B0957F77835EF86B5144FE9CC1BB74,827,1170,RGB
3040,page-3040.png,297572,A211045F8F4282D3A36FB84D408867236BE6882DEEF128C57213A02CDE88C4A2,827,1170,RGB
3041,page-3041.png,267943,B1787670E4EC43D37A1608704B4BE0A79FA00454A9AAC3C395DFB8530155B44C,827,1170,RGB
3042,page-3042.png,283547,EE5538C521F4DB5BB8773C086DDC0BB1EF12BD72C9659B51949B992FE7B07CAE,827,1170,RGB
3043,page-3043.png,285302,D6ECBE82AECA1E412127CC7EB9B85CFDD4DD4F07A671B62FF0C3F811F7E42707,827,1170,RGB
3044,page-3044.png,315749,CF9BFEC0CEE7858185ACB098EBA45A056F4744F42AA0A756BE608C544A6A8B98,827,1170,RGB
3045,page-3045.png,345817,A667273A38C8352C1C3286E14DDBC768D9B8DC69E360EE77EC48DF046B13BC7C,827,1170,RGB
3046,page-3046.png,322204,DD80497D3D5E899FEE2A3586DA773F6246FB15DD4171F956AA317C9695D0DCCF,827,1170,RGB
3047,page-3047.png,295795,2F093B1A87217CAB55223AE151EB89E54E46C5D8C1DF9FE7DB1D12B91F937AC0,827,1170,RGB
3048,page-3048.png,293368,D2813417654D7EE63688D91C95FCD09C4C369633C23882B9C5E3D1D1651DA2A3,827,1170,RGB
3049,page-3049.png,303659,B1B3D7097E0D4E5F8BF1E05DBDDB52E939367E1C908BA4040B5D21B2B38D7382,827,1170,RGB
3050,page-3050.png,317886,3B1A314DC4766F7E141B350B33D2B1F13F7BF2559FE6E62F5A40A04E0B9BC85F,827,1170,RGB
3051,page-3051.png,311442,58BE5C331397ABCBC18F8B8BC6B8E2BA219F495A6F7D14D84E3DDA928FA226AC,827,1170,RGB
3052,page-3052.png,263318,9D3AA85BD9979AC88E3A674D25D55AEDF6E52DC6BF67ACE5E588D12661827072,827,1170,RGB
3053,page-3053.png,290496,B7537BBADBC63A3025DC2112B92343F4904AB0326F43338240F23B2DA1931475,827,1170,RGB
3054,page-3054.png,289456,F3E2C67606A8D8175A3E05FD33892BC174AAB8D312F6F96B76AAA8EEC13FCFF8,827,1170,RGB
3055,page-3055.png,312017,1C277D4F36DC89546C24E8417784C6AB8E31651F297AECF3F9F0A9B3F22C4713,827,1170,RGB
3056,page-3056.png,355018,30F51561556B82540102E7E92AAE49152289B96818FF9684255EC06544B49F7A,827,1170,RGB
3057,page-3057.png,298618,F301E90DE448984819D4B51087733B0FB074A217B95BD07FD181B644706101D1,827,1170,RGB
3058,page-3058.png,323511,79E97BDE03ACF371955B9C3B8C07D8E4F06135ACBB463B2AE4C898C60BA345E7,827,1170,RGB
3059,page-3059.png,290766,EED5D2D38C9294F1733AC20B9D8135D72C6DB776E6776A6D34CE0AA0744633A8,827,1170,RGB
3060,page-3060.png,374290,B410C3DDF8F46B37BB47FBC6F207EBA47CAC25EEA501E0174F450A22941CDB44,827,1170,RGB
3061,page-3061.png,252641,6D102B7EC5CD5AB8B111FB84FA28E8D4FD121A6EB93517318BC5933FA96E17AD,827,1170,RGB
3062,page-3062.png,158110,A15619F3FF5676983700C503C81EE09DD822B7ECF6A5D9EBE1C63D4BCB6B1501,827,1170,RGB
3063,page-3063.png,263971,BC58AE74EA09396E4F76BCA7916036CCE3B1695BAA88A0894E2A5D9668BE5520,827,1170,RGB
3064,page-3064.png,270508,FE908718F1734EB6663FFBD9449770016BF872E5E70B8B1AEC79935017F7E466,827,1170,RGB
3065,page-3065.png,257479,1030F3433F9B63B4484F2F1D9FD60D90864C247FCC7F6EEDDADD84F97E6870E4,827,1170,RGB
3066,page-3066.png,196063,28AA75BAE545FFA9E750B1BA89C9B0AFF8BBC4248157EAF83530BB667309B242,827,1170,RGB
3067,page-3067.png,221965,8A7982C043F45061052F3558AF23E1DBE29002C7333B8270E635D999EA2877E4,827,1170,RGB
3068,page-3068.png,197459,A1CDEB891AFFB5384D68D69F3DCAC0052E384915949A0DBBB8115BCBFB954AFA,827,1170,RGB
3069,page-3069.png,231251,6F215EC8ABAFD912BEADC0C8E8325441B62F1FFB16E4263332B0CE3E32622A94,827,1170,RGB
3070,page-3070.png,261365,1BDD0467397AEF056150C6DD1502F718FE722BF6F7E8D51CC473D94B59D9D122,827,1170,RGB
3071,page-3071.png,236645,2A7F828293699B823614FB93FF5C95205E9D92B39A57E43550A2F076F955C090,827,1170,RGB
3072,page-3072.png,322417,A67A1803A8633D828490FC5155D4BC5716FD37880934DBAA232F1EFCAF82761A,827,1170,RGB
3073,page-3073.png,205058,7A0A5B36AD73A2E39D663B1BBAD5C68C62C90433DE520CDF8E64339486221C8A,827,1170,RGB
3074,page-3074.png,159889,3E0E4409E72A1DC007426F85E26A308F08EBE23AE98CA3AB96A83E9D20515329,827,1170,RGB
3075,page-3075.png,163376,AABA68769E69FB504FCFE1253E842AF6E894A81ECB8B8FF7E729AEDE9BBA5282,827,1170,RGB
3076,page-3076.png,179529,1ADBFC945BB159BB48ED8F29BDC319AAD17363731AA9395E90C295698D7FF66F,827,1170,RGB
3077,page-3077.png,175074,C2F9691EB0A4F261764A85DA8E99769A6CEDC7F243215C2F0C55BCE84FD45AD3,827,1170,RGB
3078,page-3078.png,171278,FEE3CDED18B551A2E278E113212FE21CD4BFF50481AEB1734632633F8FAF1389,827,1170,RGB
3079,page-3079.png,286160,D32F34D50DBA3900BAA420913A1055A29CCB84CB3D03F89E86B42353C31FDCDE,827,1170,RGB
3080,page-3080.png,149061,1B0C4059AFFBC16693A5CB56988163DB5846FC72B6FC0E2B51432959E7DC808A,827,1170,RGB
3081,page-3081.png,134434,38D06EB27F230ECD49A79CD8370C83A8C7DA8930695BFD2C091CC6C45DDCE56C,827,1170,RGB
3082,page-3082.png,128385,7B94CD17255131DDA55F6ED97267B71FADC339DCC12EA478D94A79CE64F8F209,827,1170,RGB
3083,page-3083.png,163631,8419BCFED914A0CD11BEA747207535EDD074A3A5BB91877DB0FF61D424772707,827,1170,RGB
3084,page-3084.png,107184,9CB12FEA0154B9B25CB3874D6A5EAD04DB0C7333232DA29268597754CCD95B5B,827,1170,RGB
3085,page-3085.png,105107,FFC4AA587A86F76B75C00D58E005F734071F8333958B18BAF2D16189E80C055D,827,1170,RGB
3086,page-3086.png,118663,A0A496248B7B631F817B1A5712059F9607D846DB31742F3A9CA7CAF87E6CF32B,827,1170,RGB
3087,page-3087.png,159406,8EE5E6E3591AA42C32AAE644BB801A16C7F0DA41EEB1E7E7F72DEA33FAB1EB71,827,1170,RGB
3088,page-3088.png,163904,940462574B5D6F910B07FFED20584255AF859D621D2332ED935241B8EE792F6D,827,1170,RGB
3089,page-3089.png,241824,84D7FBFBEB37D01014ED029F84F9B814155DB93DF90C8ED4E1F35D3A69ADCB0B,827,1170,RGB
3090,page-3090.png,318595,8B0E61C471C67427787800A3BC3CE97B606FEF6953ADDECF70FAD378A81C332D,827,1170,RGB
3091,page-3091.png,339618,75B3CA6E8614D8366EB26C454B8FEB0DE4B967BF15E3BD282B1A881EDADE1174,827,1170,RGB
3092,page-3092.png,342957,0E75062CFF32CE1DE984DE3C565A811B99A600CC5EAC4B65FF1FCF85A7CD4F26,827,1170,RGB
3093,page-3093.png,310182,B82CE201DC0A3981E3EC13F73B028B864F3C0AA8D6ECCBDF786633985DBA9112,827,1170,RGB
3094,page-3094.png,269129,7E9F6596355F941C359D5D4C6744D0B67EE7CD5AAD1A0C46C951CBE4CD5E0DBE,827,1170,RGB
3095,page-3095.png,253911,EC7D13EBCC4BB9DB1AF213443D5DAEA9C889C2C5DC9F9D6C4872A4BB5ECD2DB0,827,1170,RGB
3096,page-3096.png,315506,F41900E2D5855D9D66BF7B5512CBBABB1283D0DC3694884F23F08CFF8CA04A86,827,1170,RGB
3097,page-3097.png,200923,6524CF85DB5961ADB02604DA26895BE9C98AA55EAFB688CD75D350B582E733DA,827,1170,RGB
3098,page-3098.png,288077,5DEDC86CAFC3A5CE7172A7B8A9389DCD72CF1E34D5DA9C332467D941FB8F087E,827,1170,RGB
3099,page-3099.png,285528,F34E0177E49E635C65D3EEB261B165DF212499D074CB1A6F000BAF1A7536E38A,827,1170,RGB
3100,page-3100.png,255985,9B6EB4D31A4F1F70644E685A192FA443956476F8DA00FD32E5D5D7AFD8248433,827,1170,RGB
3101,page-3101.png,251549,11CF1A6F1E3990A4B33AF90BF24475FCF152B4FDA38BB09B44134AB33145286E,827,1170,RGB
3102,page-3102.png,347968,28CD634ACEEFAF7289AB029DF5407AA7AEE6D083B747EF3448E76633562EE58E,827,1170,RGB
3103,page-3103.png,296806,D8F05E1E12B2DC1D2D8C5DC57421C6235C98C5B1B430E24A9525C746C5356D08,827,1170,RGB
3104,page-3104.png,294975,73325D216D9436832E638E7E19D85901EF465B7980B53B6C29C6FDAA683950D9,827,1170,RGB
3105,page-3105.png,291363,647658A1AC08F3B971A21FACF2DEDF880456303671A2892E108824C7C9C817D2,827,1170,RGB
3106,page-3106.png,298471,E54AFE4996FDC402610D30A45112F5F21B9909090B8687B49A043D93A0860C2F,827,1170,RGB
3107,page-3107.png,365681,5D073CD949AD916D0A5AA8C3426A06E7F31C53E510C26331BEA086447835A147,827,1170,RGB
3108,page-3108.png,381636,1C04E496147EAD97322A2BD23E13269229645BFC0F1F4079981685022080F9D0,827,1170,RGB
3109,page-3109.png,294219,D1FA635578C83D4F79561E04751814D2BDFE7909DA381E02FA1148B44C7879BE,827,1170,RGB
3110,page-3110.png,314291,E725A09A9FF7AA24C8E29B19A7BB144B953F193FA570C35F25531B84A4A816A3,827,1170,RGB
3111,page-3111.png,240749,585BC2EFCA591B50E8E9DDDF3DE5B49A235B96BE305961FCAF92E3EED1DA2CF3,827,1170,RGB
3112,page-3112.png,220440,C348E961C0FF18A1B04E672FC2F41EDF51C1993E44582BBF0FF5A7BF03077349,827,1170,RGB
3113,page-3113.png,397660,896006A15D7AAC93416B7AD47D12152FD4D9988D19B5011B1CA91F2A1D5315FE,827,1170,RGB
3114,page-3114.png,233374,A42FCA7C8E18298F36E28F4E6D259091DC782FEEB4737346B2074EB0D738319E,827,1170,RGB
3115,page-3115.png,263375,656C3A69CCC2FA6E143A5A058C36C06F883E6A172C4DF586B09F28EB44E867BB,827,1170,RGB
3116,page-3116.png,288441,2038EF5B4550BE8E1C81F603ED7FDAF0F679DA8017C29172A781635AF13CC6BC,827,1170,RGB
3117,page-3117.png,261215,5B116CF93BAB39D4C6E45653FC2FCAFF76B9349015DA982D4BC37DEAC98C499E,827,1170,RGB
3118,page-3118.png,285842,BC05255132203B37E84377BBA099BFADFCC7FDC56D429410BA766C643AC996F4,827,1170,RGB
3119,page-3119.png,228784,2F75BCC6A550CBCBC46A809E1ECDA94BAF74CCB31B7EE3319F98B50A570B7907,827,1170,RGB
3120,page-3120.png,249601,CD9B9EB60F32A5E2B1B97E5862775A85DDC230492D49A2F15D32D5A46B2725B5,827,1170,RGB
3121,page-3121.png,285006,BBD1B7C836A9E2D6500570FD5785267E51EA9B794B4635199AF17FDC08CD96DA,827,1170,RGB
3122,page-3122.png,272439,119E2F910AF503E956A4DCE21DA1AC243BF07A732F41E9D72C07455BE2F13023,827,1170,RGB
3123,page-3123.png,202837,CF65E0700A3B40728F78EBA1700FCA58E8B25EA2CCD60A9D5A13E1DC91F9A589,827,1170,RGB
3124,page-3124.png,353188,E03FF8F663BF7A487F1B41ADF64B19CA8BAAB7466614F4A9B6DBBC5F815BD92C,827,1170,RGB
3125,page-3125.png,273911,FCFCAB29B1104599403BCCCFB4635AE80531111D10DE05E726E3899FFDBE6D74,827,1170,RGB
3126,page-3126.png,289408,CC1A58BDEE793C16911093835600590C98C29C9F14DC4F705343CA195AD2CBC3,827,1170,RGB
3127,page-3127.png,342173,5CFCACF97826C041252AA85A3F42E66DB83772C1B8C07ED284FC1BC21FB7AB08,827,1170,RGB
3128,page-3128.png,240236,160D4C31C367CACFCA94E9FED933A9892E80D79AF2FCF16C8F607AF2B0D0CD35,827,1170,RGB
3129,page-3129.png,213477,6C5352F0EDFDEC04BDEB21E7AF4905DB9C61C04FA9344DC6624BD43AB5B4283C,827,1170,RGB
3130,page-3130.png,309264,035D0AB01DF91136D31CBA411BAC373E24EAB992AB84D55C2FC94476B5B35EA5,827,1170,RGB
3131,page-3131.png,262016,9CF5494C5B94DCAC997B939C324BF2A396E67D12F12AB6211D127A589E31878D,827,1170,RGB
3132,page-3132.png,226743,E63D325F5A3668079A961FAFB674A31AB7C0AA7C5EA9CE1EE9C91C05786DFDDC,827,1170,RGB
3133,page-3133.png,299500,9B2794EA986304FE5E10E1982C0699C3EB71F238CC8F5A1672FA187A1665ED37,827,1170,RGB
3134,page-3134.png,255573,584FB8F5054D67B0C4B8CF1FC2769097046C43E3B2CF8FD24C3A2D3B2FE5C92D,827,1170,RGB
3135,page-3135.png,299638,2CB08EAE4D4B1A8E94CD781F556E710EDE3AD64F3B84CD6A79C8D95BE8E9EBBB,827,1170,RGB
3136,page-3136.png,280079,C57E70362D6ACE8DA360C59443438D3757FF9570D5299A5316D4217BD4AC2679,827,1170,RGB
3137,page-3137.png,276150,DB10C4BBBFB1B554F9DDF1B0F2E4C25A836EF25CD3376E0BAEF7F428CBCB7570,827,1170,RGB
3138,page-3138.png,316924,CB31273C6DE5243A4826EC1806BD40585C843A7E8BD8713B6AC9F8D48469FDBB,827,1170,RGB
3139,page-3139.png,296475,9E4EDFFB6C66B4D17C28C7E2008BE5C2B6396A8F16B0E572DE77203172E7CFDB,827,1170,RGB
3140,page-3140.png,316226,A9309D926342F4A79F19A4FE068B5306DEFB730C82C25E170421895D86B874A9,827,1170,RGB
3141,page-3141.png,322414,2757C1823E28E921951995F287372572C1760D4DE512548D9F76CDB4D4879A73,827,1170,RGB
3142,page-3142.png,250336,6EA47083A14A48D56D39BA0BCAEF33FF913D44821AB05BAACE47EEE35B0C8103,827,1170,RGB
3143,page-3143.png,290940,257359276F7E59B648F0D3F07D6DA5D5CB568F2AA4B7355F6F388EC4F42AA820,827,1170,RGB
3144,page-3144.png,293169,DB57F8A3BEE57ABBB7D929C0F28FCD2DE80AAA4286A6295078A4D11B35F5D492,827,1170,RGB
3145,page-3145.png,259933,7B69C1C804B7B7E4B4C894B8EAF2BF441E8FFCB9B3891A5F7B232F38E221B45D,827,1170,RGB
3146,page-3146.png,235983,B4FFFF21B9E7913C6A782B6770713EEEFB90B3F68E60D71C52A34B51BBF91D62,827,1170,RGB
3147,page-3147.png,272230,C4C8504BF35226B6828FD3E7409AF87DF38508D9FF032ADCAD1E9B20C87D08F1,827,1170,RGB
3148,page-3148.png,305765,29412A864EB301076628B725EE570D57BF6F650BF927966B812592E921B5EDA2,827,1170,RGB
3149,page-3149.png,261136,28B5C5379CE6845F6A1C285A80F2B5511C9D37D4D50CA832CD3254451828A0DF,827,1170,RGB
3150,page-3150.png,320878,7C482C6045ACA44C5F529B21016643E72EE0F9452DF3F9E8DD88CF1281287913,827,1170,RGB
3151,page-3151.png,298161,F9824ABA9744DEEEC63193FB4F2F0B5D2527972EE01ADE4D67ECFAA9858EC08D,827,1170,RGB
3152,page-3152.png,305439,307D7EE888476F61DD30C9F3FB04FF4C7C0C4F6367BCA09A2FC9C9D3B24EC066,827,1170,RGB
3153,page-3153.png,288578,2DD1B9FD5FE461228AA9EE2EBF7855624A57321F6792DE4B9F60F66D63B79CDF,827,1170,RGB
3154,page-3154.png,274072,6E8D004795CE446F3C194E8D0FA171AE1F0BD7D93925CA4EF8447EC9BE7D30D1,827,1170,RGB
3155,page-3155.png,280007,BDAF3437FE3EF82DD5E2FEE6B366CEB1023FE1C31F8F0FE61A143F1A3B40F0D6,827,1170,RGB
3156,page-3156.png,280751,BD2D9B1EFD56040B86229BDE0A8C6FA3D71FA9179DAC69825126C0F2B4BC2457,827,1170,RGB
3157,page-3157.png,257653,42189431905FC196083685A681E0B647BDE7D6B783FB44A08FE2EAFCBDD965B7,827,1170,RGB
3158,page-3158.png,248571,7B9E8CDB4304FC8734ADBE3F9AA2DA6D4500589BCA49BADA3F1C37B317AE073D,827,1170,RGB
3159,page-3159.png,254150,04A9E0AAB735BAFADF26D42FD4230E8DC4C2B9DF3E3CDC2653DC9805C02041FF,827,1170,RGB
3160,page-3160.png,317999,D3891B321E393E800E8C48368D141C6AF69568AB40C7E721625709C288C95E62,827,1170,RGB
3161,page-3161.png,302638,B4E22E4AE2A3D096DDB65C36DCDBF6CB78D812E8D9BCD001CA2AB60CCC8082C6,827,1170,RGB
3162,page-3162.png,284335,88E70F9C732230C2026CA2F2CEE2FBF43EC069AFAD3B4ADED8278BD6046E732D,827,1170,RGB
3163,page-3163.png,329037,0A0C0D8D98E4C22F58B99224D42A13F8C3F21C53A7B811E1BA9EBFE656C04959,827,1170,RGB
3164,page-3164.png,53688,A361B0478301704F55BD3B579B8ECC402DF2DF8A38F0EB352C78140406772DCF,827,1170,RGB
3165,page-3165.png,243381,0EA8AD556F13DF07964BFA5675819E22990091308A1991BDC48936B6EFF5F386,827,1170,RGB
3166,page-3166.png,315302,6469B847507EEF00C12F99C2A5FCA97746C3A4F2A6AE257786860A8361ED2955,827,1170,RGB
3167,page-3167.png,231867,A9881D9D3395D943280F38873D358A20B932C8F5E16D492C817ACE6F4FE452A0,827,1170,RGB
3168,page-3168.png,193660,F06A19D1DB63E682B7E99D9737B44580F0AC4CBC5085C758B5E24B86AF8537B9,827,1170,RGB
3169,page-3169.png,215689,476F81C7654A691699F88F6096B477AA7B66C6DA0287F89A14008D8757B497D0,827,1170,RGB
3170,page-3170.png,171049,8C2EC578B637F3BCFD84C1F8FC86D22E6F5F07F3AA931975C312FA5DEBC130D5,827,1170,RGB
3171,page-3171.png,213370,4E0B868A2CC2ADE68DA4359BC71075A8673F6C581109BB896D0AEC56CF2A92D1,827,1170,RGB
3172,page-3172.png,330613,AB1D6A7BF18F0FC34FCD2964601E7744DB7325B4BB9D8EB88C9963D53EFCCEBF,827,1170,RGB
3173,page-3173.png,234251,7337DBA712E156B95D57E276C9FF2949C09C2B0D2F672D2E6B4A274BE5C73691,827,1170,RGB
3174,page-3174.png,351366,618D11F786923A07B6D828027CC78DE5E2C5FFFD687359C011F0A728DDC3B155,827,1170,RGB
3175,page-3175.png,250326,B6541D34AC591A0E5DAB236B1E515594BEA06B6F65475D588201DB48F6A7DB6E,827,1170,RGB
3176,page-3176.png,193063,4681C885DD699E081949B920948D9D09ECB46EDCF7DAC0802142BD1446904AF7,827,1170,RGB
3177,page-3177.png,297414,E66E58108BE65A097A75B37499050A2804CDA1323C48510366E8C9924371E45A,827,1170,RGB
3178,page-3178.png,221696,DDF765E499AD3BEAD1C5AA5D9F74A5382ACC84C316C1B3B973D2A1189307D1C6,827,1170,RGB
3179,page-3179.png,234744,A4DF9C1DFBF63849B613BC20D9B930B1923E14607CB286AE2351C47AA14DFED0,827,1170,RGB
3180,page-3180.png,233651,A61FAE0CDCB9AF0583720084D1A2F5E1640A6E067FAE0D5A9FF915D338892C86,827,1170,RGB
3181,page-3181.png,230297,FF1F14B4DC1D073EDE8B316740AC6ABBCED443BCA49ABA43C9C3B30373EE6FFC,827,1170,RGB
3182,page-3182.png,232020,D9569CFF1A5CD9560A86E3D428605605410B183058C9256097B9A48272E8D8B9,827,1170,RGB
3183,page-3183.png,310524,6E29F72FD2AD8A10201C22C9F750B3161D7A7CE3FEE57016D3FE87BACA534192,827,1170,RGB
3184,page-3184.png,233627,5106122690F9F77DB3FFB6391DFBA5715F762B4D0B1FC7076B3A7CDD5D847FEE,827,1170,RGB
3185,page-3185.png,244215,5EFEA66A07D3A6D83AF85A4B348DCA53A4700AA1004D34ABC20FF5281A6CF066,827,1170,RGB
3186,page-3186.png,151841,52973C521DA074F92FFF9950DFE2F581BC81250EC6B7AC60F25704740F26D4A1,827,1170,RGB
3187,page-3187.png,230489,88FD29DCA84F05777D5E1A94391BA82058ACC7B7926A0D500298ED9C849EFDBA,827,1170,RGB
3188,page-3188.png,248037,4FDA9241DE5DDCE519189BD085121458D34D427002B5954A5C4B9BE288117B15,827,1170,RGB
3189,page-3189.png,230129,E9E2AE2261FAAA91CB2CB68B9E321800AFEE920EE8E4338F0902523FA40DE487,827,1170,RGB
3190,page-3190.png,242342,F70E8D23ACCFA3EB76ADEF27B3C1161B7A0CD813D06D134879431F7009A3663A,827,1170,RGB
3191,page-3191.png,240413,2ED6E0B0FA2F69DFF1934F0D88F97DAC9A675CE17A3A235EA10187A51269BA6F,827,1170,RGB
3192,page-3192.png,309198,BE2E9DBD0340368BA84648AFF6BC70F2D6A8E425A9B982D0844531D3075BFF64,827,1170,RGB
3193,page-3193.png,334150,2118852436E0D9179365CD09D7B7E8C60689765E84ADB6097BC77E3FE92C44BC,827,1170,RGB
3194,page-3194.png,233030,539A90D8F1D1E08D68AD4891A999D2FF20E448541FCD29A6C95D0270A90B222D,827,1170,RGB
3195,page-3195.png,259213,A8DD672EEA0ED2B2B082E9901B55461992C3558E535D21E3020CFCC790830A22,827,1170,RGB
3196,page-3196.png,221009,4367328457AA0AC05CEA9BC79AD8B718E216512B062DF714AA89E3CD16E76B5A,827,1170,RGB
3197,page-3197.png,256247,E8BA97A7633481A523457E42B06698311B6E11150F16186A37D67190A3077257,827,1170,RGB
3198,page-3198.png,284509,5C6B5E6F6E8803701C473A85AACF179A68D3A987DDE2E8E6331B11BA22357E27,827,1170,RGB
3199,page-3199.png,235437,3F852F06E675B5667E4372BCB9C6A976F87B81257191A84B0CE82B3461338604,827,1170,RGB
3200,page-3200.png,265920,6165CA4EC7C8A5FF0050F31B5E531C67EC6637D335ECDBE53AD1922E66B6443A,827,1170,RGB
3201,page-3201.png,258836,5104540D1107D3ABA5DED2230D72624265BB7D00609D97F1FB16418558EDA6E8,827,1170,RGB
3202,page-3202.png,287939,48DDF5FE177AD5E0A30DE6C5379D9072811AFA41276BD4A9B56FD434E5DB828A,827,1170,RGB
3203,page-3203.png,377693,F084EE4C22D17CFE239312C727152C8E0D2A49F4582E5E7120107146F5A33819,827,1170,RGB
3204,page-3204.png,316052,156F253D6C76DF3028F24B643AA7C65A79426556C00DD30A8C6E56244B76ADC2,827,1170,RGB
3205,page-3205.png,322193,806717722A05B8DC2277BF27864E859F957D74F93DBC4AE7C8B84B3DFD0D2740,827,1170,RGB
3206,page-3206.png,239280,B2C25074BB4DE4E74558764AC3F09DFF25BF0B4E9BB432DC8EDCF5B065847A9B,827,1170,RGB
3207,page-3207.png,194488,BEEC12AD2DAD81CD12A44133084D17E893AE4B911534833B9884AAC09AD1D1E6,827,1170,RGB
3208,page-3208.png,211535,E3A921B05B7D36EA62E4B1836EE5A90B6C898483117DE770D0FFBA68B97CE8DC,827,1170,RGB
3209,page-3209.png,267978,8502999AFAFB633389BFFEA4BF057F4BD0F39E7598C6D64102F08C266149B7A5,827,1170,RGB
3210,page-3210.png,260363,096F91BEEBAF3F2B563A0892B22E28F5CFF9FC4DFB15E2FFB842AF587E0D0055,827,1170,RGB
3211,page-3211.png,163052,8827FA939D08CE0E5CDEA8F011536FAAE2D7BF7A2C899E35FC1ABCF0F3518C17,827,1170,RGB
3212,page-3212.png,292497,5ACB1C29438BE3A6E3BA430315BBF2794D04928EEC4736AC7F8D3C0717D91F80,827,1170,RGB
3213,page-3213.png,363572,5EB688DCC801C31A598C7369138246192092A2FEF7A564CDC9BB1D8270DF7FAB,827,1170,RGB
3214,page-3214.png,204055,4177ED699F2018FB3F29EA3721CB8E8804B74C7C5949E74FB31286AE93C3A3BA,827,1170,RGB
3215,page-3215.png,232566,85A559CC5536794F5F42888495A8954D0367231DE60A7DCEE7AA0970CB567A51,827,1170,RGB
3216,page-3216.png,272947,69BB13C53789C92B6F908E937F7F7320B9B10FDBAC1E943D52898B796CAB4A01,827,1170,RGB
3217,page-3217.png,320722,609E2C71DB0D03125A74150368340E14675A28C23A6EC58C2F7BADA20B2299C3,827,1170,RGB
3218,page-3218.png,347205,167CE05BB85D6D8F89C838CFFC02A53692D03F2A359FFD8DB59061629CDFAA22,827,1170,RGB
3219,page-3219.png,258495,5859F90BCFC4A9805E6248609DEA6E013BE56D7606FAC672329F22F2041670EC,827,1170,RGB
3220,page-3220.png,290238,24E3B3D11C9F55B8F1D429F4E5EF9142CBC303A388CDE6C8BA866DBAB4931B7A,827,1170,RGB
3221,page-3221.png,316653,716370480B32DDB369DC37B9F3418EDC008753357676E5F22DA27757B028A7EE,827,1170,RGB
3222,page-3222.png,253986,15F458B95B20CCBF1D3176E2A2687D3CC9ACC9415AE427676FEDA3F386D5D005,827,1170,RGB
3223,page-3223.png,268288,C23A54EC8FEABB044F4B5177F01FD0C38DA6A93A0AEC25DDA71C6699002A800F,827,1170,RGB
3224,page-3224.png,303349,5CC380920F77104EB364E9A2FD01339FFAEFA914AAA94A62346A3F77DD4F33BA,827,1170,RGB
3225,page-3225.png,319284,66EEFCC45086C03CC7D45582BEFA312C7D53BAE37EDFAD6D5C32A7C73FEF11C7,827,1170,RGB
3226,page-3226.png,337340,14C6E5A69D1EA5388AB4479CA43FFD8E53886C27963403783AAEC6AE8D82DA48,827,1170,RGB
3227,page-3227.png,287239,5690E1B780CFB12816584EF82E6D8119897DC6965410EC284D8198E092AFC226,827,1170,RGB
3228,page-3228.png,317930,3952B3964F9BDE57CCC8B7F66DB207D8D9A8F227792396180C55E5BEC9BC02AF,827,1170,RGB
3229,page-3229.png,336997,62648D820F188F13185066862E0CBA4AC1E4E54C79254063D9ED469A1BBAB99E,827,1170,RGB
3230,page-3230.png,316455,8D399CBFE7D99384AD40E0B2E76FBB220AA3DBA93A901E358FF06D2FB2EFE5D4,827,1170,RGB
3231,page-3231.png,350062,093D029921F9FE0DDE83EDCFF5AFD1BCE346D32412BA033E90E072F407EA071F,827,1170,RGB
3232,page-3232.png,290707,D9BC3BB0F223E9A53C15EEFA06FE6C63477ECF6A02D78BD257F40BE021A023F3,827,1170,RGB
3233,page-3233.png,246841,C0CEDEF03AD3734DE7A0DD64A68E15DB62800FCA46BA6FB91541911E6CA31F4A,827,1170,RGB
3234,page-3234.png,318619,7CC8162E0143EB0685C01DECF5F2EF5C32DA6B862B1F3DA1D2511132238C5212,827,1170,RGB
3235,page-3235.png,367401,3432B9C8B7133088030206CF97E42649B2875BC158FE8A3C225A07689B1E707C,827,1170,RGB
3236,page-3236.png,366517,570E01375275555BF769D3B0D593A324C86AD23844EAD68FD9167FFFB3FAEE47,827,1170,RGB
3237,page-3237.png,310227,8A787552B45B3ED23647D8D3E90430D65905BC99C0B154037A55E2F6DBAE857B,827,1170,RGB
3238,page-3238.png,276123,8095434262D799E4A437573CE047B08109A6469E4A2A56DA3D828DC0CA12A4E1,827,1170,RGB
3239,page-3239.png,298351,64657B16E0B5DB33172FDCB210D2AE634C1082E33BA4BC7E769139DB63473020,827,1170,RGB
3240,page-3240.png,230263,43A415735234AD89C1811F5B4070B18F10C6C33E48B02193195B75D2E98A5E42,827,1170,RGB
3241,page-3241.png,333740,17F031AF4BA8E3A771D9A64D71224EA52E9F9AAEAA05C068BF67CBD55B4B90DA,827,1170,RGB
3242,page-3242.png,254602,2A90E2EE7667987462D989968A63764E7275A8E87E07056838306102B160CFB5,827,1170,RGB
3243,page-3243.png,312669,00C6CA6BB327FAC78C1C58914585ECB6E7D75C0FEDB7371B73D035E3948A738C,827,1170,RGB
3244,page-3244.png,250123,B78CDF67740EE8240265B099AD57F5DFDB74EA3D877ACDE19D0E55EE0E67CA85,827,1170,RGB
3245,page-3245.png,279279,7E977D356BF908F616F0BD9C5DA188415EA2854C597472574453F1A9949C943B,827,1170,RGB
3246,page-3246.png,272000,CF34901E36DA92B7494FBE4624DCC26DF5C48CFE2EE4D269AAF89F675E07ABCC,827,1170,RGB
3247,page-3247.png,320900,8BEA3F15A10EE8AEB7961FECC3BE0C18F8B8526BAA707F27530871B6CB3EC029,827,1170,RGB
3248,page-3248.png,257395,9582668FEB9007E3260333782051E8D6E2034F45DD500258EE723D1FA66402A2,827,1170,RGB
3249,page-3249.png,227541,6A0C001866F505E804E7A6205AEFE2867AAFCA6D9F521290797E56100FE7A380,827,1170,RGB
3250,page-3250.png,336132,619D5CE31A8BBBA67D8BBB3A81FD5780C63717D5A93A855A0D9E928E569EF213,827,1170,RGB
3251,page-3251.png,346644,065A6890F8440D8204C0B656E8523CBF687178802030C624289A6255DB4D8A43,827,1170,RGB
3252,page-3252.png,305727,FEF5A8B585362351C10AB0F149B06DC91E18D67B3581CFC8048495FF0F1A0400,827,1170,RGB
3253,page-3253.png,303909,626BBD28353ABE75F4FA594574C442D901B41A654CE27806F710244F31FD4AE1,827,1170,RGB
3254,page-3254.png,236517,A49BD61C729A4F07CC73F499BC30975A0CC28E794B5734C3CF903F39846A5EE9,827,1170,RGB
3255,page-3255.png,281428,FE2138089D30C4F29C63FFDD2766DF72C201AA8A26748BCFFA7ACD450520FDC3,827,1170,RGB
3256,page-3256.png,275256,C8EB0E956D573614D109CE6E8DFBB9A99BD2BBDB27210C5D03441BC53A54ADDA,827,1170,RGB
3257,page-3257.png,306979,86D932C1839FF3E06A540A1740DDABF8C9D75CAB262D30431D111D0E27FF4E4F,827,1170,RGB
3258,page-3258.png,293055,716817453996859D63BEFBFE116F826306280D15C8B26A2993639E2499093FB3,827,1170,RGB
3259,page-3259.png,254462,520871F790FE9C29972EECBDA09B3433B01CE8F6EA33C1122C65DE481592AD39,827,1170,RGB
3260,page-3260.png,278168,B8A99D77E4280584C2C7E09385C3A8C683DD982BAE367E1A17FDF0A1091AE3B3,827,1170,RGB
3261,page-3261.png,275325,9A526C2B8A1C83710D9425BEA710E679D01D21E6EF205C4DFF3FA13198FFB8A5,827,1170,RGB
3262,page-3262.png,229200,8343DBB6ECAEB9437BBC4E9BB6BEC05ABD0A93464B4BAB74C03B2968C18D9C71,827,1170,RGB
3263,page-3263.png,281053,A7B9655FE7DE04FEB6A074B44AB99DDD460E8D481AB653A918A496C348DF8F1B,827,1170,RGB
3264,page-3264.png,316553,EE8E0547D959693D77848EF6D754A0A0FF26006ADD8D01A44CCBF34848120D0D,827,1170,RGB
3265,page-3265.png,247835,BD23E028074E92A9D632C6602C3267F260813BC2BEF9CB94114AC12360A96AE8,827,1170,RGB
3266,page-3266.png,230499,3E328D09A2881559BD328D8D0E0EFD7511214924D5C0E125F6A3C6D0BD52163A,827,1170,RGB
3267,page-3267.png,303471,59AFF9CF30B8048602C1F56B184669BD6859EF28B598ED6AED75C70DA6DF434C,827,1170,RGB
3268,page-3268.png,264108,A23992C0103D9DBA5135BD00D974929FFD0047A6F202B37DE6DB8135FED9C426,827,1170,RGB
3269,page-3269.png,365439,E8EDB4FDFFA4EAC41806C65FFB3ACADBF603625B963AFF29E851EE8C18719A5F,827,1170,RGB
3270,page-3270.png,369879,2F8505517B6E2FCDD65A0C1A64ED2E62B1F66612F42EC5450F23A0B63C7457C4,827,1170,RGB
3271,page-3271.png,385141,F960DB74CC5A40AFF84F9FE255E74432396D2D8C1050005FF298DC2C9453099B,827,1170,RGB
3272,page-3272.png,321151,C366B36685F65AEDFC4B16D1A1CAEAE9E1F8812FCFEE898C463EE90DF353777F,827,1170,RGB
3273,page-3273.png,385061,B2BD0CC4E1FDC3B5A4933562FE0E7B7F19457C9F8B2C68F971BDDE654CB1603E,827,1170,RGB
3274,page-3274.png,258061,999DF6C981FA1D09614025B57E64380F0CCC8819482B12BBFDFD106EEB46A0F4,827,1170,RGB
3275,page-3275.png,336101,CC33E50E8C408EBDF1938A1E9A8FF2830F705722A5578445B0ADC329AB1B0177,827,1170,RGB
3276,page-3276.png,336853,5F1914C19BD6BBA777A61AF36307BDD5979F9515550192B102D331AB9E207162,827,1170,RGB
3277,page-3277.png,352182,86620411129E2878AA3A05D094A464A862AF16852E2168C5E328B218D588AB28,827,1170,RGB
3278,page-3278.png,290239,28DF58356B7A90CF370D084CFC4DCAD672EF6C9838479DD64D6209EC5DFD512E,827,1170,RGB
3279,page-3279.png,292642,63E7CB37E4CC8E330F96F1DBC1B39FA4220E16E83F1630FFE46C7BFEC4D3B8D2,827,1170,RGB
3280,page-3280.png,278950,4D493CF1AF3303639F280E8316D034A44AF9953828CDCADA98504F44D08D687F,827,1170,RGB
3281,page-3281.png,234347,01A03EA43C38F647B67FBF9F0E573D615E0D91D3BECA7FFADC64EE09677CC772,827,1170,RGB
3282,page-3282.png,277299,11DC0070A4625815E16368DACF5A270491461E01B98E4B56B6C53C7AD46772FA,827,1170,RGB
3283,page-3283.png,288808,4E25BE6BC74348D70A9EBDB47EF48C09FC071EBE22ADFF9600A4E53FFE5B52C6,827,1170,RGB
3284,page-3284.png,216474,98DE99A3236A1191A5BF7BB5E9F1608C6981B674420B9E6927A7007D4F52E6C1,827,1170,RGB
3285,page-3285.png,324051,9CFFBF7FA90394F3E72816D4F47516E87CD5C08B35F7C0B74F1384F745D1B524,827,1170,RGB
3286,page-3286.png,301297,8DA4143AC31CFF06023C3D57A3A5453CF69EF13E2A8C6AB94C3591B01900D84C,827,1170,RGB
3287,page-3287.png,82892,E7609DB902DC1FD82C8E2D1EBDDF020141FF207B44A25F183A191E7E9BE5EF0E,827,1170,RGB
3288,page-3288.png,209641,D6A942EEF7CA311FD43966BCE758C5726CC2270F11A1D2257609A75822D3610C,827,1170,RGB
3289,page-3289.png,339142,1BC8AB5DA9A3F5B963CC4A2F14BF51B90D3139D3FEDD9471BAF574BF23D8EF70,827,1170,RGB
3290,page-3290.png,275827,F4B1AF361A9F3A0F1A8147017327948E428BF1DFE013E17BD34824DC4BCE69F4,827,1170,RGB
3291,page-3291.png,301512,B00847D242802AD6515BA5AEFBBC480982F5D2539F0804A246C0B2C0947F963B,827,1170,RGB
3292,page-3292.png,258198,29F9D4ED6D4C07836B83004D572DEC9684A4251CADA1650874FF677F2AA9031D,827,1170,RGB
3293,page-3293.png,253915,35D54756F6CBBC90BE235399C598B3FED25E0AB250C7C5EFF233027F3A580B59,827,1170,RGB
3294,page-3294.png,274093,A36332484FCAF36D32D5E2D11931EAE317568586571A5C2BF282A35E32E497EE,827,1170,RGB
3295,page-3295.png,335608,C91BEC6934E4028C19C70E9CFC857BE3823B5BD6D10B5E5C1E8E88E35EE239CA,827,1170,RGB
3296,page-3296.png,282325,2521FFE94754BD7EFCBA677567DC785EC90F23820D2995651ADF73165C87D901,827,1170,RGB
3297,page-3297.png,310762,66901F34C0FA03777160173FBEE40A1A4F22DA5DA7073837E544A9C9A9303150,827,1170,RGB
3298,page-3298.png,278295,849D0857762D6BDC51B4599FC53DB6FA489D0DD0ABD2C1869A3373B7773CFCFB,827,1170,RGB
3299,page-3299.png,242697,A648B791FEB0EEF785326CA23D8CBF0DE4A9D10B66A193B34AB59185CDEE65F5,827,1170,RGB
3300,page-3300.png,262180,62862956B7AF4B816C74E1A462B11FAC86ADE1E0B1355E7A4CB5A2641EF09E47,827,1170,RGB
3301,page-3301.png,163847,227A95EBCF5C265A13DF21681F621377E725033FAF01B3EA8E8C117C513A7706,827,1170,RGB
3302,page-3302.png,293354,47B2A1D064AC6F06225B33966016C7B117A13373AB9FB2BB7DD82BB440900E81,827,1170,RGB
3303,page-3303.png,297392,9C233C2FE2591130B513E7D29F1067863A74F7385EE1E778B02D147E4AFF629F,827,1170,RGB
3304,page-3304.png,248292,73ECC9B8503429351A8BF16EC76FFD9856B6F2045398B7D12EFC4C3D20ED5FDC,827,1170,RGB
3305,page-3305.png,299813,3BEA2F1963238E170013BAD5840109AD77E05FA2EB536D7A59D12E6F9CB18B3C,827,1170,RGB
3306,page-3306.png,209257,980FE11939E78C9A01421A855FA5A9777044DEB63B392F692252612DDB1E3034,827,1170,RGB
3307,page-3307.png,234987,FF1DC5C80F6875E4A9FE64EEF7EEEF2BC0E8A6B66CD935ACBB815871796DC39D,827,1170,RGB
3308,page-3308.png,288034,916D748F39DA968C715F60D8B7D0A9A0B7E7FC702B3D26F236A5C574CCC1BA0E,827,1170,RGB
3309,page-3309.png,254237,09107370A7DD41BA05435402773CE50E6BA6DBE86E66DD85F149F73C4DA0553B,827,1170,RGB
3310,page-3310.png,147900,D3C6A69222706AF53D8BE6911B8292FB470D74B150FB4B2E45E330949D71CE2C,827,1170,RGB
3311,page-3311.png,204786,A873976A17C29D2D04E38857CC73F74303BD442BB408B502A36AC8842423DBE7,827,1170,RGB
3312,page-3312.png,271695,A78C4C29071E34DD336D7CBB4B05FA9467D22E87955878F7D863CAC54B80E898,827,1170,RGB
3313,page-3313.png,233386,19392BCC7500340B51ED2A2224266237B78B58D846C5C6B2706A4DD15B519B8C,827,1170,RGB
3314,page-3314.png,99735,FABD68AF2060EBB0780CE826E5AFA90CE35FB0CCBDD9322CEE3F83B43535EE31,827,1170,RGB
3315,page-3315.png,138834,C4DD14A4B7DBB7E37800F21A43A801E6E617CA57A479103583A5849E23061E7D,827,1170,RGB
3316,page-3316.png,232694,AC8B396A2416153C7B9E05E4BC147F2A6894559513A848DD407B7CE88C4F8591,827,1170,RGB
3317,page-3317.png,342870,F2FB63ED417D82FCD9C1BCB19720DCF23FC86DDB9B7A6AE3C127295273AC3F3F,827,1170,RGB
3318,page-3318.png,253473,5B1DD1039FA2B94D6D0DB639A53B5EE3675E364AE3336BB319AAEC7965F3D6F3,827,1170,RGB
3319,page-3319.png,283132,FAEA17DC8A8B81EC7C04250052A760E3AAD9C675CFBFB6794ECFF7C5AFF56B41,827,1170,RGB
3320,page-3320.png,197788,0047538CAE67897C33343BFB54DEDEA22ED85F0A22C22D64E75A41E7ED667789,827,1170,RGB
3321,page-3321.png,290784,ADAF10BDE5346E959749A55BF9019190593CC14966CF950663505D929B6C4136,827,1170,RGB
3322,page-3322.png,243207,E635A55903104F60ABA175A9CB9CBC568E7F65EF29C608C672D33ADBFF72627A,827,1170,RGB
3323,page-3323.png,340440,07431E8DF76D54CBC57ED223262354C2F70C9F77C06DC8E361E2C17A1FEC6A1D,827,1170,RGB
3324,page-3324.png,312237,6B893C32D906FF45DAC2A4B11FDC51FCF1781F8C4E6D447F3DED8F086B38C693,827,1170,RGB
3325,page-3325.png,353800,9FC6FA97826ADFF747DCFB1EEEFB00DA1800D79CB1435C90A4627A43C1576517,827,1170,RGB
3326,page-3326.png,308823,60A92F9693238A1B56A3E77CAC098AF2567681A64F4AF60502ECF5A7B15DAAA2,827,1170,RGB
3327,page-3327.png,180612,F232CD4BD727CB183F30212B41C0FB5B52F435DEA15A53DA5157A1EAE1ED4209,827,1170,RGB
3328,page-3328.png,226107,9359062BBD5B88DEAF7135F2CB34DDC9D6B747C25EE680A2D3EC06D9AE09D045,827,1170,RGB
3329,page-3329.png,204352,B7DD182BAF566E5F291423E94E465787E650E186C7F28FB8217FCFD73485FB5A,827,1170,RGB
3330,page-3330.png,272605,17BD6CEC225C3B991F934D61016EA09AC8E9D42A133A8E28038BB502B6E2D141,827,1170,RGB
3331,page-3331.png,300408,EC17C3ECF88907C0DA7D223D13FAC02AC1F6B57C67CD6E1FF95C76AAA5BC48A4,827,1170,RGB
3332,page-3332.png,247789,0211CA88E84247BB570B39B49BAF82511F3FFE53DC70E8B4E550FD982B160FF4,827,1170,RGB
3333,page-3333.png,208121,53E0DF6E46491707283EFDC6EBAF6DFB6C5B978E006CF51825E4FFA5AF2A5632,827,1170,RGB
3334,page-3334.png,204601,91B559F2E8FA08D75E8F6A7EAFDF49109989D436F01780BA7A96AA472CEF107B,827,1170,RGB
3335,page-3335.png,204761,CAEEA6F6D08C6178FC0C422E07F9194A9243966178E00456188A3B8506E86F80,827,1170,RGB
3336,page-3336.png,246318,A5E3E4BA6CFF131017C661DB03A34A461222B7C6DFB9C29D93A21C5226D287AA,827,1170,RGB
3337,page-3337.png,272577,FAB00E228E4D583429B3E4DFBB65ECE8162286C3DAEEB56807A941D5E23DE595,827,1170,RGB
3338,page-3338.png,122380,736983096DE58428102F50582C9A082E17049DA216600A3BAA12A645B48E3625,827,1170,RGB
3339,page-3339.png,197552,1F64BA7B6D02EC4AD03DAF093C541895B4798F80BC7B3683904EF9D1B66835D5,827,1170,RGB
3340,page-3340.png,201504,B8CA5B3F865CA033EB05610607530F9F8671F673022A8F324915CD97D587D430,827,1170,RGB
3341,page-3341.png,176757,D4C4D0009BC1F2F8D627536118B82BAD58396DDCF3D54AEB84F7C5CFC693B260,827,1170,RGB
3342,page-3342.png,198462,7F0A6D24AF115B97BEE83AC61EA4A09CD62AB1D117523845E2476B3465FD36EC,827,1170,RGB
3343,page-3343.png,211852,34805C2106F9B02AFBE33C2E0A4F8905AEF64F659684D0B85BFF9FFB6A97DCF0,827,1170,RGB
3344,page-3344.png,253524,9B98B8809491631966087387F3C2CB0F20D052872BF47E308BCF122F1C399B59,827,1170,RGB
3345,page-3345.png,195876,121473D40157E5106F94ECDB1294CD5518E7483F420656E4BB448BAD1F60596A,827,1170,RGB
3346,page-3346.png,208885,F42BA19824AE18639DBD2574F0E14CA12995C8BD05CC19E151F876ADE1D7EA7D,827,1170,RGB
3347,page-3347.png,246610,367D07765EE862116A64E5B453E2AC95D00710A79E62E7142D1D60F99EC2FAF4,827,1170,RGB
3348,page-3348.png,244760,ADD6BAC7EB358E9BA1E025CB5A113F2323878E1BC0327D9DB60431970FA675BD,827,1170,RGB
3349,page-3349.png,221322,59ADF8F5601AF9845953BE030C2718ED59145570D88F6B88211D485446A9D277,827,1170,RGB
3350,page-3350.png,183813,92457176AD365146BFC7724A091FDA7FBF062CE32551C05AA513498C4DD41957,827,1170,RGB
3351,page-3351.png,173765,E058ACD4F51B980E624BD89883582C2326321348497EF3C991CC96558A1E9D4F,827,1170,RGB
3352,page-3352.png,205648,772AA5181478911E1ADAC6EA9CFC3F5D9356F6D97998A7CE9AAE8F0EC451B530,827,1170,RGB
3353,page-3353.png,168626,11EC85B622275BB3E20F511812247D0C4CA9EB95B1B478F74FA142FBA88165F2,827,1170,RGB
3354,page-3354.png,208917,97C2EAEFBB3D5E1F5F8C4B44983E4283003BFE88CB587EB355DF02A48CC73110,827,1170,RGB
3355,page-3355.png,172339,3F5E4E712EA803B8E450A645C1BD4094FE4C71B5DF31C3EC15958108B4E6F133,827,1170,RGB
3356,page-3356.png,171496,875729E71A11B07234990A9EC7C3AF4C72F1BFDEB60875862D6BB8733E115265,827,1170,RGB
3357,page-3357.png,209883,B890BDD83595EAAFADBFCC10D78866C32A9146AD5008AFDCC511DD0EA2AF4680,827,1170,RGB
3358,page-3358.png,211088,7FEAC255B256B334FC5D489BAE337C42AE1C2DCD4217DD4D705EC8C7AE35E2EB,827,1170,RGB
3359,page-3359.png,226866,578FBD4E91F9B5EE11D0AF2622E333975CD7F6F6C0312D7A79A3AD3D3BC65E84,827,1170,RGB
3360,page-3360.png,200847,FF591E49F1FEE14BDCAD55A6C545231E66B7A77FF084F681CC44A24CC2336741,827,1170,RGB
3361,page-3361.png,142601,884B0D06A677BCEE71BBC5A0CABA48BA87DAD6403233A152D1450575B04418F4,827,1170,RGB
3362,page-3362.png,256330,6EBCAA4D8F8CAF99DF08CF17ECE6E746DBC92763ACD61CD267979C48ECE156BA,827,1170,RGB
3363,page-3363.png,78589,17001F704DBF646A9FB1400233D4DFFDBD039709C9CE357F90F756FE42B5213A,827,1170,RGB
3364,page-3364.png,291971,EC3E5F0B8A06A9CA15BE8BC0C7853C392B4C7D682F7FEE84125E6CF4D640B05A,827,1170,RGB
3365,page-3365.png,229484,B19F6F11B82387112ABD538229CBB44228E6AC3EB2073E3E34BE27C7AFACBA6F,827,1170,RGB
3366,page-3366.png,246232,2882BC5A17F7C605273EBC53410897744EC39C6FE9F6013F06A50EF1E2F8D96F,827,1170,RGB
3367,page-3367.png,234656,CED2CF67EA3D83272EEBCC7568E4DB1E9350BB446A462363396267AF0CD7F7F4,827,1170,RGB
3368,page-3368.png,262329,975F70AD3E7185E7D2406CBE2E452F2A9B83EF1A7A2D531F38F9E1DAF7C97D9C,827,1170,RGB
3369,page-3369.png,294860,4C73535A99FC626C3B0FCA34483DB61CFC4C28C2ADF51678F4050E6C88FBD7EA,827,1170,RGB
3370,page-3370.png,267395,D9113CEF41E25183D4DB3FDA1D3268D2BD16F12FC9640A4A8B3316E46C6AA015,827,1170,RGB
3371,page-3371.png,305342,F8AA1067E479BF944AB6D73081542279BA1915E33720398ADB0C058AEDAB62FF,827,1170,RGB
3372,page-3372.png,345786,F10C5FC1C6AB5A91311C203B2DD92E008C88673519EC89F1238F9443C278D75C,827,1170,RGB
3373,page-3373.png,278898,3DDDF4D3BF426AC66960B59FBAFCB40DF97218C2E6BEB22825DF1F7E529E5095,827,1170,RGB
3374,page-3374.png,214094,5C2EEE375CC63C49B81FD89DDCCF173B6DFC7E828C6987B3B8ACBB5A6314ED5D,827,1170,RGB
3375,page-3375.png,309190,7199ADB5BC30DED901B52CA1D69CBA192A653238BEF9EC6B90AB5A70B5A0DDB0,827,1170,RGB
3376,page-3376.png,273614,C91507E64A04E78C8ACF9384C511108876AF69E1CC0B0B4036F660E318FDB1C2,827,1170,RGB
3377,page-3377.png,272995,B0F1DD03384F765E5D3698079A5ABD06B29B400BDE708792B0B706213105360A,827,1170,RGB
3378,page-3378.png,319336,6EF88A03104375BEBB8D867A3ACDD4736E3762E67C0668287E8E0A1EBE44D19B,827,1170,RGB
3379,page-3379.png,299788,83930A99843CC329A13D11F405C5B3A77817BB503D2DCCCC74114340D2B6DEC3,827,1170,RGB
3380,page-3380.png,292303,8B3780AAF283888437B52FC205B2B738C650C732DCC66ECD588DDBA844509895,827,1170,RGB
3381,page-3381.png,308127,9F80B3A55AC452419B760CB291CC3BBF125D0559490731F80C1168941550F82D,827,1170,RGB
3382,page-3382.png,271393,DE2DFC90E3E23D17D9AA5C2EAF8CA52D2A123837124106EBF5BE10A4A815A3FD,827,1170,RGB
3383,page-3383.png,338290,BCF576F065948549FE76318FA06E4331C74DC855A3F8D23A19F41897889F9F78,827,1170,RGB
3384,page-3384.png,357249,1C277BA778EEF598D94E4D4192736E62DC64CC896514AA312ABD5E8BEF016105,827,1170,RGB
3385,page-3385.png,350312,CFCE799768EBBD81FA52F991D365315BB82B5372716C03DFB799D9CCAA778D62,827,1170,RGB
3386,page-3386.png,202567,6FC7F01B46409A3092BD3016F39063CD74D0B90E333736F0699C9A99BB2177E0,827,1170,RGB
3387,page-3387.png,273642,F2E0029ADC97CBD31A48ABA3061991CF6006F0377448C4036EFE1B704CA97FE4,827,1170,RGB
3388,page-3388.png,275737,E3D66EC4ECB4DBF4682D4805F1ADEC03213531B54166368C9DEEEA7E427A392D,827,1170,RGB
3389,page-3389.png,246702,2291F6193C7BE7C9EB9EA5B7C7AB65DA43AEE1610793FAB0A6E9F81B9778AE19,827,1170,RGB
3390,page-3390.png,229845,7294E4558D6102D58335246A6C471D983A2772518AD29E1FB8BAC96A25DF142F,827,1170,RGB
3391,page-3391.png,316709,5533B6749873A4BE8E3ADE4A427F511A830280BC6A57093D13C13182AD126543,827,1170,RGB
3392,page-3392.png,337241,881A6591DDA6D76BD01357F91A4CE865091A835D3C8CB3FA525000617AAEFC3C,827,1170,RGB
3393,page-3393.png,308724,C12B2E3B21ACABB6032638A6B35FF056146DDE20D4AEA8B098B187BC2A68B6B7,827,1170,RGB
3394,page-3394.png,293980,0B5195472C0D2B5293CDD6FF242CC5D788E751795F7F73CE28BA36DCA4B70765,827,1170,RGB
3395,page-3395.png,305522,028F9CD2610B910D2E0FB2FE7C052E4B28A3C7EDF1D778D85DF3AFECEF3ECF98,827,1170,RGB
3396,page-3396.png,309300,4B173C2B7C9CFE16EB96DAFEA8956ABB2F849FE1CC02A57DBA0AD20FB5F76733,827,1170,RGB
3397,page-3397.png,333028,912E9A5CA51E7CD5E009F7B18D197ECBE7D90C4B57EFFC428EE0D06FF0EEB8CB,827,1170,RGB
3398,page-3398.png,337902,DAE04D613E36FACC12B988FAEFF36C4D2791F0035B2D2A2100DE559D8C267703,827,1170,RGB
3399,page-3399.png,356194,EB2A138D4B80F229648A094F474A29B7871207B06E725CA6820508565A42C4E1,827,1170,RGB
3400,page-3400.png,315404,769D8EC0226DD9FD5BA1ABB8740119CCBE19B22C4F6C0FBD0323BEA44ABB3C08,827,1170,RGB
3401,page-3401.png,315599,7A93A0284B3F2BB9184F8EFD8E0C0EE9E35C3F8421BA3E0031A9EAAA07AD1979,827,1170,RGB
3402,page-3402.png,273243,83FA935DC53452F7A0915E56A49A07C075B0C23EEFD977C0FB9C39B2204621C3,827,1170,RGB
3403,page-3403.png,201405,E84B3CED2848EADC0A4222F4D2C4548C515D90F01557C18CF6A4C113059A3BD2,827,1170,RGB
3404,page-3404.png,311399,4C56566AE5F9484F2B284C0468005DFFF53B96F8C9FF15B99389786A535AC2BD,827,1170,RGB
3405,page-3405.png,311259,FDC8907C15B95A894CB2BABE3CC8F802F01E00C6C987E3B9CE9853D1CA9563C2,827,1170,RGB
3406,page-3406.png,300061,CA4EBABC17BEFB70328AFA76994520058924A965BA7306730B19DEF72D49A9A3,827,1170,RGB
3407,page-3407.png,191709,F027AD158411EFAF6CD2CCE78FC4ECC42B843226BCA0419852F9121CC087E9EB,827,1170,RGB
3408,page-3408.png,282520,0833C594BBEF9020730B30620C9456EB698132CFC68C9AC1EDD8B2D5B972C581,827,1170,RGB
3409,page-3409.png,237637,30757E97FB2D886AA6D4E6C9A3F33DB878AD6104E8B4D9D80678C8D4C0064B40,827,1170,RGB
3410,page-3410.png,289507,CD9D6D2DF3C07BFF38A465329826F8B5C8DABC55A1E53F7900568E4295768E83,827,1170,RGB
3411,page-3411.png,290644,15FDB7883F892964C7D9E7183BC552755BB90A68F839CA9D3A8AF3EAAD968BE4,827,1170,RGB
3412,page-3412.png,325463,B175B9E0D8EE8D9589BA209E5BF5D9D83A66B161EEBFF22CC5E04E2B36585A6E,827,1170,RGB
3413,page-3413.png,289793,344DE4AF766F91014487CED49F3B4A1F0F4FAC2C037F51670E5EE84FBD5E63BC,827,1170,RGB
3414,page-3414.png,311649,275AD981169DCD27C9643664E8DE9BC9CEE26571A0BC54041251F5597975BE8F,827,1170,RGB
3415,page-3415.png,279176,E1C4F6D18380C5D0823995C6DF6AB476FAEF176F860305D614D3E2F7E01152CB,827,1170,RGB
3416,page-3416.png,313477,06CC2D1018EA097E6B3AAA38010910B4321C5807561DA5EF23CBC228E60C1414,827,1170,RGB
3417,page-3417.png,324102,6724EE38562A13026E0B7566765419ABD01CC92571691D94EAC3A99084075181,827,1170,RGB
3418,page-3418.png,299837,E1376ED8B63E6B4D6BA4866FE9F5581469ADD0B39BEEBEC5DF3AD4AF88C4564A,827,1170,RGB
3419,page-3419.png,265335,8CD9EDFF5DFA1EC816409E74C8D3C3E2E1A5C6CD8CDF19AEF024BB252E60EA34,827,1170,RGB
3420,page-3420.png,221449,0A775DCD999E19F5ED16612A3BC9F71708124ABA20EA34B9B3E043366EEABF88,827,1170,RGB
3421,page-3421.png,324474,B6F380317DD864C7290F69071B6B4A0AE5CD9DC286E07B6E40BCB7FCDCA19B5C,827,1170,RGB
3422,page-3422.png,258219,D792C6196DC04C34F4B634F0186AB46DF3244AB9FC55134832C38C585989DCC1,827,1170,RGB
3423,page-3423.png,232309,8FFD482D309150B8CAA979BB4783102C476D32C0E83445CFFBB4D5D1A5D8A152,827,1170,RGB
3424,page-3424.png,197166,62C63543A41DFF0DB9F5AA270F03E5421F22B2FC0D862E8543FC300EA751ABDB,827,1170,RGB
3425,page-3425.png,231430,8837BB8D5C0D1DFE591FEB130CF774BC32CB46F2F3E9CB65D640EFFB780D4C9C,827,1170,RGB
3426,page-3426.png,318130,D0BAC56A1E775555FC7CB1EFD74B8B61C3735394ABCC7B9278AB3E177ED23D29,827,1170,RGB
3427,page-3427.png,273633,9E029A4D033685DAF7B9F1FCDCE302379B6054FC64B15D7FC36B860742464B62,827,1170,RGB
3428,page-3428.png,265985,63DD76AEE26C22803ED702D913140635FBF26D6D9C30757AD1FE9ECEC8A1F9C8,827,1170,RGB
3429,page-3429.png,264731,2C984279DEDAAC71A603624FBEEBAB429D2130BFAC8374A9D69EF0932415C362,827,1170,RGB
3430,page-3430.png,331794,3137992A3AFBC8A4475034B1596BA1C7618D2565933390791D6EA866C9910FBB,827,1170,RGB
3431,page-3431.png,282963,D89A2809F925B2128C8AD4B89B5E31BE6DF6BF9AD81D03D3AE49A1C3267A9A5E,827,1170,RGB
3432,page-3432.png,198046,936DD00909FD8BB32B8A8E630A9AF8F25DCEE217C434EBC4A2185BB31285029F,827,1170,RGB
3433,page-3433.png,271184,876EAD21710AEB7DB4AD08ABA80A572628610F218CF7A95F4A1B1C4366F478BD,827,1170,RGB
3434,page-3434.png,260542,DE13C7789834A993B405E94E5C599960316C54FABDE9598755BCFC5BA0784ACA,827,1170,RGB
3435,page-3435.png,251419,29BE05AAE79C78933D662F951037409A7F2C15E27412B05B6E0A1D714F96A6F1,827,1170,RGB
3436,page-3436.png,278516,8DDB85658F9B9F1EEB9C977BCF288D0780731A27F66377D15E3A5E516F2156A4,827,1170,RGB
3437,page-3437.png,281850,5ED2B66FBABC65A953FD191AE15450F2579BFDA6183F0E5DF728306EF8459C06,827,1170,RGB
3438,page-3438.png,218179,2E9138D4BE87ED70E93872D839BC2DF7A0855CCA9BB6BB1BDA546EF0CE835DE5,827,1170,RGB
3439,page-3439.png,264518,D265B4405ECED516E0E1C18ED130E3E6294D0FFC4A2640048EC00D00FFAFE520,827,1170,RGB
3440,page-3440.png,280013,2F6EAA80634DD880AEB31C068E163E1A08E8D24131072829DC8815357E85A977,827,1170,RGB
3441,page-3441.png,303107,4BFECBCBF991B616893DB7BF36AC0788363CC6D9245D00A2E8548FE24E836207,827,1170,RGB
3442,page-3442.png,313621,347752EAE92803BCC8531EDA3088F475D44FDBEA481A182263D2C835E671F650,827,1170,RGB
3443,page-3443.png,265208,6571E66F9B1FF1BCB1A4ED8D75F4476A3FFE46038CBEC213FCB3084D64CE9102,827,1170,RGB
3444,page-3444.png,347678,ADF11302847A9A430F20DB9535637F2A3AE4432437CD8D22B322D12C4E2D6956,827,1170,RGB
3445,page-3445.png,284090,BDAC997319AD2598A9B3543B5EA19B1AA558809E1BC082F59B339917640FB9DB,827,1170,RGB
3446,page-3446.png,302400,9AB814022D41A7481FF53F2C0F7405FF7CDC37F2AF69FA56F6122A09B2B4FAFC,827,1170,RGB
3447,page-3447.png,338226,3C115A5AC79E05A85269CC42D6F906C74B7AF5055ACF651F02B153D964546BA3,827,1170,RGB
3448,page-3448.png,336587,F496877AB4601DA32C869ADD32D52D6597914045D330689A2B6CAA0974738250,827,1170,RGB
3449,page-3449.png,300422,781066227C235768AD8D1B6B9FEE319A66AAB2F0BA80E7B8AB7D266682386AC7,827,1170,RGB
3450,page-3450.png,251652,19FF21EB83EAA889954305563D3473270481B80DAE055364611EF9BC972EC37E,827,1170,RGB
3451,page-3451.png,310010,59E6402EBF7923AE415EA0DBAC761AE4428A11A036DE684ABBC8718488692847,827,1170,RGB
3452,page-3452.png,255257,7A15228B4AAA992ADB602AD005D37064B0169AB28D4DE02E9A0F9A2D553A0428,827,1170,RGB
3453,page-3453.png,341412,D8742C259D003260FB0FE36144921B7FD77373FB4B678D8FD2C9FA1526563900,827,1170,RGB
3454,page-3454.png,354204,14599D678F1C45080F9A9F46D358D9ACCD202285A19B7BCBB7D51146A6EB45F4,827,1170,RGB
3455,page-3455.png,251001,30CAF73091C6912A5D9EAC32E2DBD4A8D437FBB29838A593C44DEA9695FBF47D,827,1170,RGB
3456,page-3456.png,318711,4C807F34CCB66147D877326975B2D2CD8E69E65F2B3D18D216279BF18C1C6544,827,1170,RGB
3457,page-3457.png,343777,67628575113B00045299DE4A8864FC3C7FB1A79F1E9006FB4CFB5CD7219A9F26,827,1170,RGB
3458,page-3458.png,311151,E927673B455B3A460EFBE2C1CE27898139E03ACDB9FBDC6EFE44B195F47DA632,827,1170,RGB
3459,page-3459.png,331204,93EA85BF353F09F393C3428294C92A28375794DAEAB5FD2C9131744E6362954A,827,1170,RGB
3460,page-3460.png,289604,C78F1E011186A83B774787818EFB516F3A98FF67378E8BFDD5E677E583ABE06D,827,1170,RGB
3461,page-3461.png,339153,F57E5DCB37AE616FB337FFF319C203E714762770EDE63C53FECAC670BE422DAB,827,1170,RGB
3462,page-3462.png,235554,A2B232F1F2F837BA24D7A1FB736EB0505ADC5113CAFF6F04816BB11EF7F9678D,827,1170,RGB
3463,page-3463.png,288210,7DA1F54944212357A8524ADCE479CF63AE1D27D77EE50F8C038640B7B13160A4,827,1170,RGB
3464,page-3464.png,265975,0AA5279DD0DD52EC3A4721A9C2B41F9687C0B34E82D4770F3E97D19322B4E52B,827,1170,RGB
3465,page-3465.png,216181,15289771EA58F0DE810A67BC44C3717A01256731A54A406B8514FBE9CC349E1D,827,1170,RGB
3466,page-3466.png,263295,B2DA1A3884BCED145AAE7AA80D32219354ADD0E3322DBABF44B260CB7A3BEFB1,827,1170,RGB
3467,page-3467.png,327778,4E2F11A3BC34A45EBBD831F0743ED786BD60806660DC9606B477FA7215B4E229,827,1170,RGB
3468,page-3468.png,315252,D1E6AB180918B788C34819104D84A6F11409981271A36FBC7F3C9C9BEF97BB10,827,1170,RGB
3469,page-3469.png,265721,1E0821F3246AE4CD85244776BE38FAB76583DA1F995DDE862D999E0325CDD58C,827,1170,RGB
3470,page-3470.png,318174,1DF2394FE24CC029C414F9EE015526BEDB58854A82BBAED554E66D14A75F8466,827,1170,RGB
3471,page-3471.png,247580,067D70CF7812698989F98855E3F3FCD49A6FCE8A6DB6F404B8961ED458000222,827,1170,RGB
3472,page-3472.png,346625,5032BB3407A04AF46E9C295C5285C8AEA678514AE9E4A98C917176A9BAFA9653,827,1170,RGB
3473,page-3473.png,286783,19A5E73FADC36DC77F627163943EAF3303FF36F768FB6B085D61BE11C56928F5,827,1170,RGB
3474,page-3474.png,344920,C74835BC37C8B9969A7BBEF95393DC98DD011101F02621EDFE820CC94D382A0B,827,1170,RGB
3475,page-3475.png,214759,D27A9EED5C945845270AB296050186B5C5BB297BB6541741B5EDCC643988E213,827,1170,RGB
3476,page-3476.png,224052,4C428352BF198E310B119430F8F53809CEFB9A7D86B8263C69A585AD95E949C1,827,1170,RGB
3477,page-3477.png,320109,4F2AC76551B0359C21C5B9DB198571FC036D24A54168552C94B371C380B82FFE,827,1170,RGB
3478,page-3478.png,231355,A598BD20645EA71186CE5DD67FFD89EBE8C5E0F1E7BB91AB7FD8DDA13A7BF9E9,827,1170,RGB
3479,page-3479.png,359672,60264786525E527341DB44B3F5B9B2546A58B789EFAE840A809532E22A987262,827,1170,RGB
3480,page-3480.png,277442,9B463DA3648508A403C7140EF14751697B7D552993A936E370B89FA24AE7A0EF,827,1170,RGB
3481,page-3481.png,246592,72CAB0BE2E5C012929FB095B5181A01477E66C38FB8E00FDEAB264BA98F06B6B,827,1170,RGB
3482,page-3482.png,206386,092F65112D8C7EE70303A7A3946558F0FA571D3988A7E8D5A1D348B113630A38,827,1170,RGB
3483,page-3483.png,222825,8FB0BEE02429D6E20B172406583EA0B526DF4473FD46DFCBD3CE1692B43AFF8B,827,1170,RGB
3484,page-3484.png,294299,99580E2984EEA41482CB91AE7A570132FAF903A99DF6CDD164C7B40B8D5C06FD,827,1170,RGB
3485,page-3485.png,226705,6A75D940C67FC4DEE43EC6614039D57E814921CE53C7DAAC2C0826DCD89884CA,827,1170,RGB
3486,page-3486.png,263680,7D6FA21FB1EF8B7632A63BB46856CA39FA9D668628B295B51BBD32E76383A897,827,1170,RGB
3487,page-3487.png,288366,9D1B82DD5BF59A11EE785C16C7C8A757D50BD9B08F2794426393660E1829892B,827,1170,RGB
3488,page-3488.png,286445,E006B3B87228141104FA69084AD15594C4AAD5C81D7782C81DBDBB2270180506,827,1170,RGB
3489,page-3489.png,244307,0D6CE2F2C8ED629C3F9FF6FA9A9DCA28B6DA8F369E26BABC15AEDC9EC0B01E7D,827,1170,RGB
3490,page-3490.png,262916,81A868F887A24FE24A834546BC6ADE1DBCF3AAF04549AB066E15D6403DFA2F3C,827,1170,RGB
3491,page-3491.png,246179,ED10A36409AA57344D26A526179E2AE377B07A8BBB83A6B849CAF948D676AC58,827,1170,RGB
3492,page-3492.png,233833,EA60BBF6B7BD07249B0801D29672EFBF994968C877B80D08E5A4DA24F56B7EA8,827,1170,RGB
3493,page-3493.png,250826,072FE18A417DBF796875F168F2C150848E317A24F24AEFEE9452DC72353B74BB,827,1170,RGB
3494,page-3494.png,194767,6E4944E3C1539F670C62314167163015756552BE8B876B53A427610E05780EF4,827,1170,RGB
3495,page-3495.png,277550,CADDE092993626896FC790C6AA2164B692F214282DD4663BAF8EAA9FA42DD65C,827,1170,RGB
3496,page-3496.png,224831,C5DEA17707C35F7C8474E80592F5CEBF0CEA2166BFA2052C820AD1C6657F0E2A,827,1170,RGB
3497,page-3497.png,253812,5275AE2F0C908C0790A3F982F8D98817681FBB80AD0A912478575D04BFBAB2A4,827,1170,RGB
3498,page-3498.png,201124,0874C1AFED2FB0096F9AA70E028B40AA5DC5C40DF1545AB893E9C593CF375FC2,827,1170,RGB
3499,page-3499.png,212992,6A09DEF618DFF78F7A56F1B4AEEEF579993FE4017EB5093ABD4538F405D8B1DE,827,1170,RGB
3500,page-3500.png,265366,74B364C0048CC7C5D28BC614B3CB24AD7FEE58789C8E858C33ADE8848FA4DE21,827,1170,RGB
3501,page-3501.png,275157,A1FDE6BF50F9C809CAEF1951B5701B9067961A0C9EC159DC37513D0268CB3821,827,1170,RGB
3502,page-3502.png,301066,0BF32BDD779EA66B2B4CC7C9E1E4BEFAC1A8717F5BB8082A1FB92A27EF35DA8F,827,1170,RGB
3503,page-3503.png,267379,339F494BF25E05ED19BE12B6EFAC80AAF4DB1A2CFA3D4CA55281630778FF8C3D,827,1170,RGB
3504,page-3504.png,330395,50AD689C9F559AF5255D6C2824E70BE81651284839B5757FA86AFB85EC5B6C30,827,1170,RGB
3505,page-3505.png,334440,524A3945201B5A9DE8072FF5F68CDA2233488E986937ECAA0D1D8E18C3C82A24,827,1170,RGB
3506,page-3506.png,409054,B4146DF72E1A2DC6D62B91A92AAC70FA18916EDE66560FC31E4951C8B0AA053C,827,1170,RGB
3507,page-3507.png,295073,E8D8AB52955E461956219DB5D496AFF55ED986D7F58386F4B21697F8953B6E4E,827,1170,RGB
3508,page-3508.png,261072,D319F0D4F07967AA91D1FED9DB849C1CA51B6981108DC762DC5F076B18CE3D24,827,1170,RGB
3509,page-3509.png,369629,A30745D942C1B56AEB10B8591044C47FF3E9EED965D9FCAA218DEB1F695DC154,827,1170,RGB
3510,page-3510.png,307440,5CD823F76C33AA78AE59D91161A0CE5B79807FEC896BB27BD9F07A560507B48D,827,1170,RGB
3511,page-3511.png,263745,A84353FD73DCEBEE884FA9701BB205C35A698ACBD77F6C101187091CEFC36D21,827,1170,RGB
3512,page-3512.png,275167,001E180FDFEEAA2724AF28A9C26833CA8B344B8B24AEFEE266E4C81A90CFB783,827,1170,RGB
3513,page-3513.png,307548,A2C712F5201D9B67D1A3E8AE14CAF3C67DD3DAA307079F2B4B07D40F677BA7C9,827,1170,RGB
3514,page-3514.png,341642,559DB718B32CC0C2E4923BF84E85868FE276676729937AE66068CDC483E16CFB,827,1170,RGB
3515,page-3515.png,248322,F0755FE9DCD8D457F831960118DD5346705B62301E68EFCD883F547B2C484E2E,827,1170,RGB
3516,page-3516.png,304158,5C880A9DC9DD11273D4E25FD1020D4EFE2C0804DCEDE289E5E9BADDBDC5E74D5,827,1170,RGB
3517,page-3517.png,254804,D054F26445D49AB98EC41D34A467D1FE26E3E9999D22785D06FF1673B858A51C,827,1170,RGB
3518,page-3518.png,227791,C502871DECEE48A3A30E362826C780BCBC915C89B3EFC230264A9E6E2FF3C4D4,827,1170,RGB
3519,page-3519.png,291852,18E6E224D44602122E1342420E7F7E15D12FC79E0B50AB1EE7718E53BA8CDD3B,827,1170,RGB
3520,page-3520.png,278064,814E6D0BF576703DD2073300A240D9AA5AE786CB55BA70257B0E0671C676F092,827,1170,RGB
3521,page-3521.png,309482,D05C27732BF71462D45A8AB5E1534EAA9F5427A2929C8EFD67FB719D910944AC,827,1170,RGB
3522,page-3522.png,316908,ACD4F33731D2147E3EA3EF37A70ABF4E75E0CCC90564A2A05396BE8BAE2C1867,827,1170,RGB
3523,page-3523.png,266577,97D50CBF827133E254BF58E4C5867FC1713CFB4B7332544A5C4146BCF1CA8F76,827,1170,RGB
3524,page-3524.png,323397,7870DC1D6F22F25D86930F79335EEEA9DD64B56A7A670C79D9AC4D14DC994EFA,827,1170,RGB
3525,page-3525.png,294292,0D1C5A2451AAFD0473BB0DF82270A572218B275390D92AD64C4EA3450DA3BF37,827,1170,RGB
3526,page-3526.png,294573,2B5B3E323B84FA958A232E2268D20F36EE8D74B5E037702D94DB0D4906BEDBCE,827,1170,RGB
3527,page-3527.png,326703,857728C32EC18AE80B167467647C5D06BC61B156B78ADD42F8F615E4ACC77184,827,1170,RGB
3528,page-3528.png,333773,7EFFF08EA61280C984DF2F161C00FCFEE5FD8424959FBCF50C060B03EFD876CF,827,1170,RGB
3529,page-3529.png,330320,2E83A3EF300ED7D0683E89D93E8737E5520153AEDB8352E4E95DE5FB370B7E6B,827,1170,RGB
3530,page-3530.png,319700,4883183C60A6AF022377C65947DACB6525EB41A87BC79EFAED487ECF747F70B8,827,1170,RGB
3531,page-3531.png,318139,B24CAF0C0ACC2C633B49C2841CD7CDB4582AF7DC503CE8E8B0731EAF64499968,827,1170,RGB
3532,page-3532.png,359577,EFE552EE3CD97BFE40C9CD3A38B1A9AAEF4F10244F0DE0584C223241C4AEA261,827,1170,RGB
3533,page-3533.png,332347,60080BAEEA74E93C59ADE818ACAF58DF2D02DCF399773AD0D2D419AFA2A1515F,827,1170,RGB
3534,page-3534.png,395230,6BDAC64B491B4EA3794454A525FC7B0FFBF82C7EE563940C55940D8660860580,827,1170,RGB
3535,page-3535.png,321235,62E833CB983C9A0032820C4D81C638CC16A59CADB7D5CC034D083616B02BE221,827,1170,RGB
3536,page-3536.png,318615,FEBB0E175FB6F84E7BAA773C9777E85C18B235A78C68ABE63581EF8DE292461A,827,1170,RGB
3537,page-3537.png,322800,9BC5008DC2FE22774E37CF0472DF740C5C7DCF4D9C7ACE66283D190CD31077A0,827,1170,RGB
3538,page-3538.png,295581,C7157F89670FA9BA79633CE5AFA3F7354662243ECB4AE34227E9FF6856D499D6,827,1170,RGB
3539,page-3539.png,344049,BD09C2ABD7CD579872F11181D5F0E5594E70CB237E42A191A7895D4B57BE9514,827,1170,RGB
3540,page-3540.png,302734,B7383133805E55163A67F602D29BBB7FB245E6DBFDF7B7864C6394D5A44C2738,827,1170,RGB
3541,page-3541.png,335707,047F5641E49CC06DF94BA9B8235B70D031CED2EE5B9F24374DF43BAFCDA98E3D,827,1170,RGB
3542,page-3542.png,299554,40E91755382CCA038959C25D3A1F2CEBB2B4690F709C3CE474DDA75E0ACB9557,827,1170,RGB
3543,page-3543.png,267715,CBFCA3F8DE2BB7CC63BA02AF75466BA4430098C9BA972637491F60F3FC748290,827,1170,RGB
3544,page-3544.png,266463,9BB7E3BFDF10E5CB614E67F9DCF376052BE999E5396FBAF9BBD893C502BE4CEB,827,1170,RGB
3545,page-3545.png,203028,2CB57CC313364D1066C7C1EEB2E0E7370C74D60DFE871FE6A325F641E2E5AE17,827,1170,RGB
3546,page-3546.png,302313,2DF1791BFB4E78A1C72C699E7462DB30613FCD22A95A72B0865D361F6341776B,827,1170,RGB
3547,page-3547.png,336074,F8B72976CD7491242CBEE3386A76B1A5BA70DBED5B2D2D243C3DFA265DA5730A,827,1170,RGB
3548,page-3548.png,243725,01DED423CBDA9B77FF880C6CFCFB51D7C12331C723A1D2EF800B0AA78D2A0A3E,827,1170,RGB
3549,page-3549.png,257612,C68096F8D5BA2A11F92C6CC103297D5DA716E9B228CF8E26F5454812E1D50D1C,827,1170,RGB
3550,page-3550.png,300008,F462843284D121C053684E60F857F2FCFCB94D1164B7189534371E06ADF69E91,827,1170,RGB
3551,page-3551.png,250367,2B1A07429D16A40C1773425508C176C7E7B7A54E859FDE3B4099EAD184B4ACE5,827,1170,RGB
3552,page-3552.png,357280,B9639A4D40BC08CD9CAA5BCD95653A0C4AC1F5F01B5E52B84950A158258DA501,827,1170,RGB
3553,page-3553.png,337729,68F98450DA01966DDEB85371202AC7546B20C7A7F9EFDEE0BF8AD6E54D0F5EAA,827,1170,RGB
3554,page-3554.png,337921,28D5F17C51050F949975D800D35E3908D956D1D32F66525EDBA4075605152474,827,1170,RGB
3555,page-3555.png,329001,C130DC72EA0819A2A18FE5AF984CE305B81A1F3F80AC409944D8840873680971,827,1170,RGB
3556,page-3556.png,256603,8F349050EDECCF5E32DC1A4F500440B57BF96C59CEDFA04FBD265095224C8280,827,1170,RGB
3557,page-3557.png,304400,774208EBD03C9A51EF2892B2D9E51057300570A3BC16D1FE3E52E4E051CD69A8,827,1170,RGB
3558,page-3558.png,381401,EBF70697E3421526DF5A99B3228A966DE91D88A7BAC57BCE3E8F2DE3BACB23BC,827,1170,RGB
3559,page-3559.png,355340,D1A0D154A4E540313CC1DFDDD709E0FC24C51253D0E711A88FD56F60D00041C3,827,1170,RGB
3560,page-3560.png,329337,B3E04DAC06E500BAFF11EAC83BCDBA8D0DF1AD5250C4B22C300731ED94C427B6,827,1170,RGB
3561,page-3561.png,297729,686F0CAB244713F696398DCEF59A4D9A9B4FF8F53312C28682802D745642CA1B,827,1170,RGB
3562,page-3562.png,292608,5D394AB80E582FBF1CB82960EE579764662A2C212DB2D07F8635EBEB3E2771C4,827,1170,RGB
3563,page-3563.png,299139,6B407BD0AF244C4D2B1947E1D9A13597A12577DF994CF2D4A06B46898D8484E8,827,1170,RGB
3564,page-3564.png,319810,15F8B1DB5CD03149D1306DB2F89E0B5DDB1A05C8142F886EA09B40CB90BB53A0,827,1170,RGB
3565,page-3565.png,256627,DAA46BED837CEDB25AAABBD7D9DD2F345201F05E982FFA59C4F480C1ABAB9487,827,1170,RGB
3566,page-3566.png,255475,29A8C8275AEF231C4F0C0E4B281551C46862A6681C919F4B02631C6139171B3D,827,1170,RGB
3567,page-3567.png,261261,83218097C68136687CBED42B22F353C59AC559DC6E8A229805C42938C044BBBA,827,1170,RGB
3568,page-3568.png,218192,81BE3AC17720B2F71E94F21D170EE44E7D60E50C37E9E4AC32C6247704C4F05A,827,1170,RGB
3569,page-3569.png,351015,99AFA91C55F563DC63942F215994D6B0CA485842D00B7092BC5FFD3BF8F8B181,827,1170,RGB
3570,page-3570.png,307865,51B453134560C9718D58DFC4D1DFB071140CED643AADAD9E2391D084E8B7F488,827,1170,RGB
3571,page-3571.png,243720,7C5767096724C4B13B8E6AF80D2C163CCBF0B3E3C7723E020B0BC74F866F2288,827,1170,RGB
3572,page-3572.png,353934,B797FA94A7EFB7007B8A6993BB8A9ACBDD2D3CDFECCD97EB5E380B71007A00DB,827,1170,RGB
3573,page-3573.png,236522,21D4A4DB144B7AEE441070375098F6942553ABC386B3AE841D28DFDDB7BBD297,827,1170,RGB
3574,page-3574.png,269809,465E4A11A512A8D0FE120CA0B1E6C3EA32F26E3242A5C4500F151085E241E55B,827,1170,RGB
3575,page-3575.png,384700,C6DAB8E6328AAC82E4C5629B204E117D7AE3E31D4DDE6E46492EC7135D363E20,827,1170,RGB
3576,page-3576.png,362344,4C62169088D4E5FC7C547BC1FBC03BC1E3B3E1E752F1DA79467EC66BD96B1224,827,1170,RGB
3577,page-3577.png,297830,127344110B7C33A1AA84A81DDC4568D60E1991DEB4DE13686A4E6A1512CCC4B3,827,1170,RGB
3578,page-3578.png,263517,7549CD79792E0C9B98AC73931D418D8AAB1B65DFFECC280FFC83E34D5C6B5FFC,827,1170,RGB
3579,page-3579.png,256290,981E102652A884788E1B860F84EDFB3A9956F2A9F48F75FF216C67D9A4EEA37F,827,1170,RGB
3580,page-3580.png,330265,66C49AE7C53EDAE46052F100F7524C161B9C2EFDC3BD1777558B710C5E18F800,827,1170,RGB
3581,page-3581.png,255702,2E3E39CF8AB60862E5EC589EC4637325DB484C8B961986A941E23CD8ABA62EAD,827,1170,RGB
3582,page-3582.png,323290,9AD2E55C0AC675A0438E22490516BF80D4F783758260120D6CFE3FCE2A722F0C,827,1170,RGB
3583,page-3583.png,253016,6CFFC679FF83242CD9A2F5810635783CF72DDF5D0DF9CC51E96138D217DCBDCE,827,1170,RGB
3584,page-3584.png,321945,7F2DAEF779213D0D5B245A7548C7B364535F128F9A00475B60AE130D1C4005FE,827,1170,RGB
3585,page-3585.png,375044,8D40BB2CC14BBEBFED7F7F45E796493DC7F4D6BAE0EE68BC668C2BE5E0F700D4,827,1170,RGB
3586,page-3586.png,247566,408090F7E342187B770A0E17A99524EB42FAC718FFEA1DC9818C489CA4BBE620,827,1170,RGB
3587,page-3587.png,221715,EAA53165873BBBE763ECDE6C1F28075092D574346615D292A763375F4DC261DA,827,1170,RGB
3588,page-3588.png,312192,65582C46F01E7AA723A2FA836DD2CD7A59E8FB070AC267BC12D69A365082580D,827,1170,RGB
3589,page-3589.png,325872,E7D95123BDB6DCA1C4B34E55A6396CD476566A90AC3DCC1DCE62043975F541C7,827,1170,RGB
3590,page-3590.png,318025,BA72951E21BDACBA8B485FE54B1BA02C249376C30EBE4F7F9585D6D9590EE9A2,827,1170,RGB
3591,page-3591.png,224031,FEA4121A77E66CC35C6CFF91B2DDC42A4D893B8431957E478604D97794FCEC11,827,1170,RGB
3592,page-3592.png,168235,21A3B9774EAAB0DA6E534FF0207A594B99FE529F7CB5B71727ACBFC0F9802ADE,827,1170,RGB
3593,page-3593.png,237618,9623E547B736F8A3B3AFA3D8EF004D660CAC4FDA4128154A4F4C82AB62518713,827,1170,RGB
3594,page-3594.png,342707,05CFC059087ADA6F783A21D8D7170706C0B8C4F7104FA0AECBC2A1126AF1A795,827,1170,RGB
3595,page-3595.png,119232,5D0319A32738A82096B235CE06FBED4DDCB3BF5A127A6FA22DC0CA07AEB7A21D,827,1170,RGB
3596,page-3596.png,268746,2558819822B242390EC791E470B173266800C7DB82FE4155C7ECD522447E9835,827,1170,RGB
3597,page-3597.png,217722,5461B56A8B6E67794E4A3643DEDB293D93C516F065C331EF1CF77C7AABDBDE7C,827,1170,RGB
3598,page-3598.png,202680,C2DBFEAFF37C4F5E5BB8F4CAA7BC065A517D05F2B45D1CDD40DEC7CF3778FD5D,827,1170,RGB
3599,page-3599.png,297143,185FB3570A335E99EF0CF73D57612C7785EB320B229A9B23E317F0F15A24A166,827,1170,RGB
3600,page-3600.png,305271,731B441A70CB1F9647C313D3BCFBAA0722C1EE3E322F1B9FD31DC91A5AC8D8B2,827,1170,RGB
3601,page-3601.png,301554,6B615A78479A38A23D413C46F0EA5D97F66BA5123A443EE2B064217152E1ADF7,827,1170,RGB
3602,page-3602.png,300926,F788CA4AAB03DB221A51D1868D678584FFDA79F485271CA22E4D3F1835F92DAA,827,1170,RGB
3603,page-3603.png,356446,08844C2292BAECAA9FED51619A978FC80AC6A1D44C65BDDC70A0F44BF3CFE7CD,827,1170,RGB
3604,page-3604.png,357306,A315139FFD38C4A258A7AD7DCFF87A6114B267FDEA6DA52E050FCAD6A1FC54D1,827,1170,RGB
3605,page-3605.png,320457,CD4F809507486CEC7F230568DDEAA1E19F8CEEFB19122EB9B3A63932BDF425E4,827,1170,RGB
3606,page-3606.png,338769,76BA61EA78603643EBE4DEBD264F1CED10B2D41702BE13E97F378A4E0152FEA0,827,1170,RGB
3607,page-3607.png,236455,938D3921DB6E7FF2B26176BCEB20B7B5AD26ED4BB63124A599CAB0C05F42E5DA,827,1170,RGB
3608,page-3608.png,169591,8B261A8A12CEBD96B09CC0EC3332D1348705C08957112A99872D329DB0E07AC0,827,1170,RGB
3609,page-3609.png,284910,97675348C3BC39615AB591C4C8C9C8103AC0FF5CE823D10F734C080F16F9D532,827,1170,RGB
3610,page-3610.png,226208,0D8B0DCA7D2C8A9686FAAE6A8C9DD4B2338445A00D45F107E3D0D34F79AC5904,827,1170,RGB
3611,page-3611.png,301304,687AF9C13B2A061B551976A1241EBF4DBC3CA561A3725C9BABA7BD7A4B45A86E,827,1170,RGB
3612,page-3612.png,341079,61ED25E05B3537199D9EB4E98E2EE70478F6B38BE64050B95F05C7632906BA9B,827,1170,RGB
3613,page-3613.png,267840,8F1247C5E45D602E755F74500EA9B4116D88B8DD2A4F80CFA56E77FF9C264FB4,827,1170,RGB
3614,page-3614.png,346978,FDC7402E2F8EB75C7C0B2E3D2D038B251C0888593D1F7C04B121922BD273AF4F,827,1170,RGB
3615,page-3615.png,337965,8187659218FD57E73EE8BB6BD927DFC585EAF85EFDE1317939DFAB72F378DD23,827,1170,RGB
3616,page-3616.png,261398,6A756CC21A3F35C30C291DA819E321812FDC85731D9B209B8C143672B1CDDEDE,827,1170,RGB
3617,page-3617.png,348366,E4500450E710D6705F0FC5362A0DFFF6E8872674D7F4E5F3857DFBBDAF77D8BF,827,1170,RGB
3618,page-3618.png,326382,1B0103F6B36BA84B0CDAC9AD43150AD118FD5CCBB24C72A9291BF5EB695C8D06,827,1170,RGB
3619,page-3619.png,320576,E764C3185369E85C200B0DC7913518E89B775B42EFB2F2A8AE851F616B541CE1,827,1170,RGB
3620,page-3620.png,364560,1BB32C569A50A88DCA12F16A95D070480BF729B4C6103E19BF6B5E132959B192,827,1170,RGB
3621,page-3621.png,315155,EDF0372ED14A09C368722ED7FA14588E53F34238E3DD15309C04B5CCB84B65C6,827,1170,RGB
3622,page-3622.png,326918,3F03AF4E9FECC9FEFC2B3A028D0EF82E5BC69C54060FC55B62E147E7FD9FBA33,827,1170,RGB
3623,page-3623.png,337883,B12E3341640EA136A645687933B21B0BDCC887EF5EF5E5C6E8C090722B01216D,827,1170,RGB
3624,page-3624.png,325611,C75EB07678FEC4B746931C44126687ACF10044840A04FD433EF1F1DF0ABB4B1F,827,1170,RGB
3625,page-3625.png,308661,2BFEFA36DC7E8A4263D3C97FE0BE9BCD732D2C4010F5AB9A69FB70810EAACE09,827,1170,RGB
3626,page-3626.png,320374,45D152497CAACE919D54B0ED0A593006E53D811B4CD90637905A6D4F367A3A70,827,1170,RGB
3627,page-3627.png,297493,B164EF5AB4ACA726E1013F630CB8B9016E2E6ED85F6FC2B426E8882F661C605F,827,1170,RGB
3628,page-3628.png,295483,1CA88C67414B222E8CEA29C9F51B9263F5DC2968D4C622A584969CE0003D6AE8,827,1170,RGB
3629,page-3629.png,225203,82C06EE504ECE608061BBE4CDCB706B2312F1511BE8DAC586B55887468547827,827,1170,RGB
3630,page-3630.png,275410,C67A8309A4C2D07A2576ED92764EAC09CE583C3DAC8C5EBD7B559FCC5DB59156,827,1170,RGB
3631,page-3631.png,313714,12BA36C27A53B285783ABD07F0EDF4800442F5EDAE53E88186F2D8FCEE844872,827,1170,RGB
3632,page-3632.png,290425,BD3ADAB39385A9329AFD0A9022BE63C1497101C72259CF6557DF4F74BBE1B5EE,827,1170,RGB
3633,page-3633.png,258891,F8D5B6573676716BF4D7932235DB55ED69368B6B1DA050F37DCF4F5DB362E007,827,1170,RGB
3634,page-3634.png,296453,6111EF19FF1923B10F7411E8A12244787AB14628B4F21A42339E463A082894D3,827,1170,RGB
3635,page-3635.png,219297,6DD0ADFA4BD8299DFADD43E3B7380B75CFE283E3AB40F1084F6D94B4DE18CA33,827,1170,RGB
3636,page-3636.png,298253,4490A81F3A0786764889110E6E80FB60D175AFC3F3AB04786F375DC285CD0124,827,1170,RGB
3637,page-3637.png,131243,5D3BF86F287FBA0E83F151D67E21450A44E0AB8069853BA7A2C9D3F0295DA244,827,1170,RGB
3638,page-3638.png,299591,9C06EB8BD56445F12880031DE737264C65FA71172136023172CA5F46CF86D6B9,827,1170,RGB
3639,page-3639.png,339069,FA498AC14F71B3AD2785B3E591460529D5410FDAD7E79D19741271506A463DE9,827,1170,RGB
3640,page-3640.png,306937,7EBAA9A45422D5DE204E3969DA4783D00598A9E489A0C5511CBF71F7BAC055C9,827,1170,RGB
3641,page-3641.png,308488,1C6D98EB5F04BA4CE3062EFD9879A5CF7DEAA3C8B67E6E20440384EA852DFB42,827,1170,RGB
3642,page-3642.png,293165,C07490E2EE0D217213F28322DCCFC055C7C4B1AF1BB611DBC7F1C8FEFBF937B1,827,1170,RGB
3643,page-3643.png,344054,28C59B638731C12AAE1E4AFECABB36F13B2A2287C53FF7D4703115AB3F1C4660,827,1170,RGB
3644,page-3644.png,335465,D2BC930FC1272B123087F743C4603215C201FDB77321C793074105A4D9851E44,827,1170,RGB
3645,page-3645.png,283609,CB353AF3EA4421D8CC703FB4FCE865D73F1825C1B9F12B606A25E3408F3A7F2A,827,1170,RGB
3646,page-3646.png,321825,FB525656315169DDEAB3638660026EE7AABBA4FD29B23882E7247B660E81F23E,827,1170,RGB
3647,page-3647.png,253757,D66E6600FEFF434A327A26CE06CB2FE78D374680E9997736AEB5FB7C2ADA38C0,827,1170,RGB
3648,page-3648.png,307433,C546AC94E6A3E6DA702E9B8F95329673EEA2339CD9626CA9D89E929822B48FB7,827,1170,RGB
3649,page-3649.png,371304,A2E76A4C3E2479A6F4CAB8411CC82B8041F2970CA7E1B64614ADB7B47A4D21E6,827,1170,RGB
3650,page-3650.png,275186,4EA022A231205A2017E3AA3AB9A912794673623E0E83FCCB6446646E88101E83,827,1170,RGB
3651,page-3651.png,286735,594DA89D880AE7035C873B1B0958D6E41BFEF7770FA30010FAE5BF675F139C23,827,1170,RGB
3652,page-3652.png,291342,8BD070872FD6A6AB3AE9C9379483D6BB4D9B2F0E416557C69B3CDB13FD6F5747,827,1170,RGB
3653,page-3653.png,295454,F316CFDA253745E8CD825769979D284002996810098B4185A3D61602543D4B3E,827,1170,RGB
3654,page-3654.png,297461,D3BA7C7514982C1B78810E24574DA0344488A16AD139AC8CE72C1901546F5ABA,827,1170,RGB
3655,page-3655.png,269091,162646DFB955E815F13FB1049A267BF94619A15C2985CF414A75C88053FFB709,827,1170,RGB
3656,page-3656.png,249209,820E4FBEA56A930B3EFD6C83DEDC4CAEE9BD99104B20B0062D8026BC014CBF2A,827,1170,RGB
3657,page-3657.png,223509,D6D3F1DF49D0CBEA171271A21BBE20D6A8B9CC04E162D475087AA85E35374E98,827,1170,RGB
3658,page-3658.png,338218,0A9C32B2550038DEDAD843F3D55EE4BFD8B4ED5557ADC280A1FC35F6641EA569,827,1170,RGB
3659,page-3659.png,286771,918766849D10EA998086906DDE647A174A1B3824A22098883D44943400EF5413,827,1170,RGB
3660,page-3660.png,343146,9ECBB2FA5036D6F7A5A1BBD895671C17D4CF9463F36BFCED9EF413AB87F9CCA6,827,1170,RGB
3661,page-3661.png,325891,697E87EF386E61954A84BD8735CF02399EA9F3AE8FF8183586B972C29C567550,827,1170,RGB
3662,page-3662.png,291479,4D201722B699A008FB7B42AE16E74B3FC572EEE332EB1A0E1916FBBF998EEC53,827,1170,RGB
3663,page-3663.png,303853,F451232D7A0EDF33A87974FC55B72291946B38AFB05625887799B3C7D69B432A,827,1170,RGB
3664,page-3664.png,376501,5F93A8DBBA8F11DAFFDA4AF3006463A6B6A1C2291A42C04BA655EA8CA31A9CC8,827,1170,RGB
3665,page-3665.png,279196,2A612E6D42F8909E52F0DEA165969A176D29614603384B014259D101EF411897,827,1170,RGB
3666,page-3666.png,340965,84C8FCC9F53E54754C25C8B1D8A020C73FC0FD2AA08B4D96C2902FD830E52250,827,1170,RGB
3667,page-3667.png,381190,9348C440DA0AC06EA808EE082FD774E90CCB1ED74F271924C4F791833FA2D246,827,1170,RGB
3668,page-3668.png,242102,D187EF4BA0927D81E3472593F931DB0ECD8EDA260BEE779FDFC8104C5EB91F87,827,1170,RGB
3669,page-3669.png,364868,9644A133EF6838ED5444CB164F2D463282C015C25972DB2512D11BD4092D49CA,827,1170,RGB
3670,page-3670.png,328074,B22179FE0C0FAD76CF601AD3271B66915216C3BD68443CBEA6291DD4D88E3314,827,1170,RGB
3671,page-3671.png,327528,FB1FD7A07F78F2A3B09940E82EDAB0A30C80EC23076330623E8E8506997C10C8,827,1170,RGB
3672,page-3672.png,354876,F91DFD7AFC94567639DB0BDA545792DF1684A86E5667549F0DAB57E3A10DFD75,827,1170,RGB
3673,page-3673.png,262675,822F8874637153DBC6BB4ADACC0ED176E1D0F14817323F5B2EAC6D1B3FC64268,827,1170,RGB
3674,page-3674.png,288793,DC5B6093A1F610ACF78DC6C471BED93279BF691202688924EDC57026750435A2,827,1170,RGB
3675,page-3675.png,294697,4A48A3CCB41D1DAFBBA641D40BAFDA7B82C0A4D3A17A2AE85A2BD52B1A58EB25,827,1170,RGB
3676,page-3676.png,332161,CFD7208C5CF8B4F835C2B0077B7F1CD3C557DAF0DCB66C28BD1851C9453EC44E,827,1170,RGB
3677,page-3677.png,365750,682E99A90CA6771C8A0E2D4861530550DC94470725535FCE9D35AB8771EB7C29,827,1170,RGB
3678,page-3678.png,360279,292777A4F23AFBB1F3696DD35EBB38B4D85C15E07D05C66AF6B032E187545218,827,1170,RGB
3679,page-3679.png,358580,5FC068C5678738B1506A5BF2D21C7CC55BFC23A24E6A0C1A698A5026FE283D9C,827,1170,RGB
3680,page-3680.png,366341,C951BE04B39C879CE989C558219E6611C9696F7998B20B2E542CE5A296D2B008,827,1170,RGB
3681,page-3681.png,345557,0503900B0B8934C3A51D1C61FC232A3E64161E1589065CC387337C78442F0874,827,1170,RGB
3682,page-3682.png,257488,A4E9591429A0B55E54E2A74E8EB518BFCB6A5A750C13FDDBEA62958B01A36E7D,827,1170,RGB
3683,page-3683.png,296726,B06AE55D109207D3C3F1156C3A3975E244F2B4A42C434C43F4DE086E48CD1B7E,827,1170,RGB
3684,page-3684.png,337408,E551BA72B123271A9E88619F8A79BCF2FBFA891803472FF6543D690C84ABCC56,827,1170,RGB
3685,page-3685.png,307683,40CE5BB1442CE6C455AF0EEA095BC8E360F2E22AA1E559C5DCCC0303D5656ADC,827,1170,RGB
3686,page-3686.png,342970,D8BEE6BBE61F0E3C9522E12493A3E88DA87067BDD81C499178FFB703B48F449E,827,1170,RGB
3687,page-3687.png,265674,C777E72FE72AF4E31135C45FF04D20DE253B85FFBCE7DA31925D5DE48F8ED1D1,827,1170,RGB
3688,page-3688.png,236486,3C00D515B67A9F42A5AAC6D26FD905C40A32A46E87DB485A8CDDB77A0FF317AE,827,1170,RGB
3689,page-3689.png,322478,C6815C352F07C39C5A503B75CA8CADA05860CC2C83DE8D19830A3DB0B36DFB8D,827,1170,RGB
3690,page-3690.png,254867,DDB55D3E0CAAB0A189AF311987BA428516619DF994994205F3F3EEC06AC59094,827,1170,RGB
3691,page-3691.png,200103,78843652B3E60BE3082EB0E7B745F1CE78A992BE87026933B9BBDA6358B581F3,827,1170,RGB
3692,page-3692.png,290484,F907CB675FC7331655B7449CF9C6A84ADD4707DB9106D865CEA03DAF029A43D6,827,1170,RGB
3693,page-3693.png,276164,CFF84ABBDA62A7A08056AAE8B9703CC330F936876944A4A8EB1849A2F379CD58,827,1170,RGB
3694,page-3694.png,295616,328EB466D9316EF36C27743121AF94A54CB9D7CD62C7141EB3D83B294E40C8C2,827,1170,RGB
3695,page-3695.png,230633,3AB38B063814B6E8732F90C2AD1EF84121CC7F2496B5E21C9094C8A9736A90E5,827,1170,RGB
3696,page-3696.png,288432,AF029FF82650C69AD43242B15F7E2E166A7A74D217EFFE70104D8DD65D5543AD,827,1170,RGB
3697,page-3697.png,238902,EAB3691386EDE8A220D75FD2F3D04AD1FCAF579BD5C6FCD99DA6E6CF18821268,827,1170,RGB
3698,page-3698.png,257338,A0FC7DE30EA371A097E82E1A9F928B15E8564E0D589F685020282F469D87E1A7,827,1170,RGB
3699,page-3699.png,344580,1E533F5E832BCDB8F53F759E0ED3C7BF5829D0639884E794B2802CFEC0F34291,827,1170,RGB
3700,page-3700.png,303194,6D8ED1D1124342A68494C79F4D1CE22C19A08A05FB9822F3DE07F481D142B0B3,827,1170,RGB
3701,page-3701.png,359017,249C6FC4E656016C9C51263641EC72FB9BA44F4CE23EB9F5ED9F4F6883118914,827,1170,RGB
3702,page-3702.png,98480,280667B186FFAF26310AC731B57AAF353995A7F998667B31AD51F9D0CD95AD57,827,1170,RGB
3703,page-3703.png,220457,6924FADEFEB38BDDB21F074C3C21D3294EFEF0DEBCB9F86FA0DFC2C0D31A39A2,827,1170,RGB
3704,page-3704.png,291348,6BF04888C93D43DBC5332752593AFA7A52C8343039D9BB49ADF2DE2879105276,827,1170,RGB
3705,page-3705.png,294997,18441AC57718625B701CB091FF993DE6041B9A4E28CC2604700F5445DF47A522,827,1170,RGB
3706,page-3706.png,320670,4FA8B8EBF23F62258712330F32C07C3964C1004863354D581A68A9964848A1F3,827,1170,RGB
3707,page-3707.png,321547,6124EC6172B8F8EB98B7DD6A0CEFBCE99A48C62AA969CC37A166E66B9034D532,827,1170,RGB
3708,page-3708.png,294345,2A603EF143502B8339E1073DCE5CE0475170F9A3A66BD13574D6256C49181E18,827,1170,RGB
3709,page-3709.png,276369,82BB74A7DE11D5DDB2DE87F073976B0D9295CD0F66A44A6A96BA68FAA05AC936,827,1170,RGB
3710,page-3710.png,341748,5D36B89A95F7DD55CA67565A8333FF1A13FB37A5EA2D7D9F124BE98A602AD54A,827,1170,RGB
3711,page-3711.png,301444,B07685FE42F07894E8034170384EF20DB501027A776484DCB3099B2AEDB0FC71,827,1170,RGB
3712,page-3712.png,288222,55BE1596916A5DEA223CB0503815FF53DB522494505EFADBF38AB8994B23B807,827,1170,RGB
3713,page-3713.png,414773,0688B18C77C629E8C1593FA093F118704C7101D1971E173CA9E37E2ED88CEAFF,827,1170,RGB
3714,page-3714.png,305590,038C163C585D731818370A597CC6E71213FBACDE99550DB39DB7275BA21FA6F4,827,1170,RGB
3715,page-3715.png,323657,56AB699221FD0D7276DFE5E3ADD3506148140CB09574D2E8A4DE9ACF213138FF,827,1170,RGB
3716,page-3716.png,334838,82705EBB410050282B3F901EEB8B26B8E8DDB03073C3834CBE9C7C7CF346F149,827,1170,RGB
3717,page-3717.png,388271,9B637EC6076DBFC8B7BF0D9A96F075E2F8DBDD99A7B23F58977405EC4E9E0DDA,827,1170,RGB
3718,page-3718.png,339550,EE2BB3B3B4ABA7BA05BB08E442BF72EB856436CB117E9604237D3DC405FD1F95,827,1170,RGB
3719,page-3719.png,338122,0526BF88EC36D8E074E4F3176AAF2EB7AFA2092C89743E427DA66212120EEBA5,827,1170,RGB
3720,page-3720.png,218753,62568850BF1D62EC1CC3D10D66383E0D947575E0EF866436B9DCE6EFB0B95951,827,1170,RGB
3721,page-3721.png,321049,B6EC67D8B48AA680E575C49C12CD547D4E3EBA9453EDF58C475993F37A45B298,827,1170,RGB
3722,page-3722.png,323070,22D25185B193311A68FFB6F7D3D643E6773E448985092BD53299246D17480CA1,827,1170,RGB
3723,page-3723.png,294830,56B1211E4976498FABA92E8511F76762D58685D3EB2BCE08B44A686E1B999560,827,1170,RGB
3724,page-3724.png,256318,838EF3D9451B17A684860F316643691467E84259CD7625ECD67C5E08700F2CD1,827,1170,RGB
3725,page-3725.png,268462,C64562609F859DBE99BD83660FF746EC6940B8A1E3BAFF62053BC7AF5D222C5F,827,1170,RGB
3726,page-3726.png,318764,C1D451B5AB1EBED60D95079D9F486353BFF20389838173F01341B1CDEE2BB2F3,827,1170,RGB
3727,page-3727.png,211566,7BB9B5AFB5956BEC64BC792FFC020E229DA0AED16F38F583A395DEEF833F5996,827,1170,RGB
3728,page-3728.png,295687,94BE1C330128F0C081A8CDED32C6AEB98B0F8D05D3084C5BFAD3FB9F545C14C3,827,1170,RGB
3729,page-3729.png,204751,CD56D5B7FD43343D808E20579F7553D9CCF1D8813A22A4CF0C3983016F2A109D,827,1170,RGB
3730,page-3730.png,254446,DBC42CE7FCD7E029DFAD0E7199030FD3E220EA393BEE5CB916ED2F8DEB0D0576,827,1170,RGB
3731,page-3731.png,281872,84F662EEB70204126EAA5DC66FA2EA2941FC4298E770F93E7E191004DA87CEDB,827,1170,RGB
3732,page-3732.png,266851,4253659EC71B8781FC41096376E3FC4E9B9EB863BA67E2FB5ACA153E74F4EE03,827,1170,RGB
3733,page-3733.png,271092,72C59019089EEDF40235D3C0BCF8A33D04B4F2CC88C6841DEE4E2EE12812C980,827,1170,RGB
3734,page-3734.png,279086,7FF0B8AB08ED1BDC79CF324C0063ED54EE74F4B45EA9B3F55F1DF009455D3FFE,827,1170,RGB
3735,page-3735.png,302303,4C5516BE08BC2F0C315453D6B1227EA2AC79927331846D24BCE8E1B43B1D69DD,827,1170,RGB
3736,page-3736.png,251179,96475AF68283EC1C49B057FEAC6CEB1A09E282E8B7282EB59C6B41277B09C2B0,827,1170,RGB
3737,page-3737.png,311838,4026C8364AC511AF0BF3694DC9F753EBEE3F0DE8DB5A31BCB30D0386E200B236,827,1170,RGB
3738,page-3738.png,256247,32392FE21F4C6C00716FAED856ABF80423AFB80FB1FEB271E2940EA31B39BED9,827,1170,RGB
3739,page-3739.png,350931,0BE8A794D73C9E93303E1532A1936ECFF8CC3C5ED705DB9A3ADFA8CA08458FEA,827,1170,RGB
3740,page-3740.png,329100,A93C7901CC4578E3B03722265189A4614F213E9AB6588A1378CFA75B7849D209,827,1170,RGB
3741,page-3741.png,261907,1BDA0BAA8A1C66854990A0E1349B4B0272E6C611AA990E978C5538E54013A05E,827,1170,RGB
3742,page-3742.png,332202,CF906DDFE9F34D07C4FFFEA8EA48AF5D5792D49171DDB55ECE0E7DF30DA5077B,827,1170,RGB
3743,page-3743.png,285127,49451DC926515EE498F179FFFEA45A10C3F613ED6DA95C6EF3C78FC211A4874C,827,1170,RGB
3744,page-3744.png,317347,681D7D711A822D43B6D89F4474D265E72F9210C454968CE360C3DF78BDD391DC,827,1170,RGB
3745,page-3745.png,321988,CDF0602F7FA888A60505BE7F9D1C2291D572E52032F8CF9C1950E04EEB59FCDA,827,1170,RGB
3746,page-3746.png,354236,BF71C4A8CFAF43F22217FE036682D1A45F5C2BCDA468AB8EEEFE1A3285C9A631,827,1170,RGB
3747,page-3747.png,313651,CA366CF8451800E3FF20A9E6D89EA34583AFD95D666BB6BEFCD35E36CF570F11,827,1170,RGB
3748,page-3748.png,271892,4FD866D301411D213D042367A55061C6B9B3A9B67EC7F8E1B5B97208F7061556,827,1170,RGB
3749,page-3749.png,330151,A485B9D107985A58D77D2E0581BAAC85D57191A7BB5912D4C6654AA05D560B37,827,1170,RGB
3750,page-3750.png,266111,0AE47E65C9E3986F3460EA723CD12E038AB1E32247FFCEB69BA4E9AF27C10D66,827,1170,RGB
3751,page-3751.png,253066,6E3253ED3C69419938382091DC8EEE76E1DC5645DAFA6994CE2EA9E5AEC5D4DF,827,1170,RGB
3752,page-3752.png,302467,95F4F9C676C59FFB8DDDEB13244607BA1F5FD267021CF8CE5EBB3C6C5E4C3EA0,827,1170,RGB
3753,page-3753.png,297772,52B26F12C0C3C51055AA8954D1E83B54332AAC6805E2B4AC5CBD2F84C7763A25,827,1170,RGB
3754,page-3754.png,333966,703AC21DF02B0221D345709F497850D0496265EB404C2E0BD7C114A43848E338,827,1170,RGB
3755,page-3755.png,274582,B2C3F3ED6329C795A8943C0A6675E6965A19D636E9993F44E3202EC8FCEBFAB0,827,1170,RGB
3756,page-3756.png,284828,1B7F962B213274D1DAFE8DDBB36889BF3EB10150590F686493A8EB6A4FDEA6FF,827,1170,RGB
3757,page-3757.png,278035,4EE893A4562237B36D86700D58835FD103FCEEBD22CE272E9D6CEBD2D8890020,827,1170,RGB
3758,page-3758.png,263392,85B9C963859C4579350C719938F21CE8DA11424BF6FC66DAA5989390A4AFCDBF,827,1170,RGB
3759,page-3759.png,244304,6642D67D1067C51254CE14D9C31E9357913D08259D80045BAB3FA884C7522D1B,827,1170,RGB
3760,page-3760.png,260612,E74C8C89722C2435F8988493AE5334308BBC70FB7DB529C9B6C58D195393F868,827,1170,RGB
3761,page-3761.png,251871,09C396D3D80FF15DA7843DBF67488FDC502C70D9F2E8CD9160ED0AB702DC1A6C,827,1170,RGB
3762,page-3762.png,224097,7FCA5B94934A1A4C8D4D58CBED43E96064C156FDAC9A6954C0B48AB94883AEDC,827,1170,RGB
3763,page-3763.png,298775,3A72DB4C26A1C630EB1F3AB869CEC29133807AD500B181692C61D0D2B0E9B7C2,827,1170,RGB
3764,page-3764.png,261285,38719C893AD60DAE39C33CBCE54B74551A722EAA7BEC6E2B3BC3B843ABCA98B1,827,1170,RGB
3765,page-3765.png,238064,2C2C94D52742391ABD7FEEC872963D3B7F37386F49A8BF05CBB3203CA2A9F401,827,1170,RGB
3766,page-3766.png,254212,AABDE9CD98A03B6469809DDDDB177EC6DADDC4D1082F18A99C72B6CBFC64DFB9,827,1170,RGB
3767,page-3767.png,308062,64233C951A01791B39EFB32F6286E434E04CC2D516A260FF035741B552996BF5,827,1170,RGB
3768,page-3768.png,269367,D9088CA15A4956B19853C478198529105C14DF0DAF217CE2EFEE107588397272,827,1170,RGB
3769,page-3769.png,248727,2993468DC5D7BE63E6B877EF47EB444D584D21BDA6312E409E81683608519220,827,1170,RGB
3770,page-3770.png,228909,BD283336E75B0460102B3BFA2C60B05FFE50147FA6DECDD3ECD981EFB3C240B7,827,1170,RGB
3771,page-3771.png,257229,4CB03E181BF260BA56E9C067A315B707C97B4918B666D708460404C486085A13,827,1170,RGB
3772,page-3772.png,232141,1ADF0886D7BAA82DDB0D75EA9ED4FF95B653692DCFAB1B2C4A4276127DD38F88,827,1170,RGB
3773,page-3773.png,273901,D0D0C2FD2A9122AB66CD65A78C78EE5B3B6E75582790638346B37E354A227099,827,1170,RGB
3774,page-3774.png,268157,5065CBBA7577433798600F451B456D827EC628981398D110A60EB44B4D8022F7,827,1170,RGB
3775,page-3775.png,244210,2532F56ED41819C03444472C29D41931FD9CE88446E2E1A5C0D70981E203AC74,827,1170,RGB
3776,page-3776.png,250006,4327C5029DCE5DB48F3A6CC2866BC6F08FC40AB167322F28A25F33A4EBB6274C,827,1170,RGB
3777,page-3777.png,268820,A38BF04E327F312B962E4F25BECECD17892E309AC6ECC044D97A6731FA950A88,827,1170,RGB
3778,page-3778.png,237059,5BDBD5CD0EF35E321A4CBA81C444FFF31C42EF7DAFE6A92460E6EFCFE03CE0C9,827,1170,RGB
3779,page-3779.png,296594,D567E7B4B03D0118818C8EC6E3AAB7A4F136AEA0A08FC4E2A0EE54F23AF16C7D,827,1170,RGB
3780,page-3780.png,299048,4437F89AE705E8279A6E052C486CF24EA44B2664B68B575B3782EFDFBB489C6B,827,1170,RGB
3781,page-3781.png,281948,9C33EF4F70C74B0E5997DE137C5E4DC2E5B0B5C129EC41590D6A99490A7B72A1,827,1170,RGB
3782,page-3782.png,235182,7997D5837C9ACD77DDEE34B023351BD6641DD521D205FA6BA3F339588FFF6407,827,1170,RGB
3783,page-3783.png,265940,56EB3F1E5266E4D980678AE0B5B1494E3D067444F2B307D4A5598FB71DEB0F82,827,1170,RGB
3784,page-3784.png,249141,B4A7E8FC7EE399B0958D15BAB84B26F038F3C825D4202E01381A50D277AEE55E,827,1170,RGB
3785,page-3785.png,218305,E1213748E3D595ADFCC3A3DB7E868F3A4BEED6534116C59DCFE8F85448B5828B,827,1170,RGB
3786,page-3786.png,240328,FA567AE7E4870CFC6EF47C81ECD5FC9628D760E272579F7E8CA4E801AE296EA0,827,1170,RGB
3787,page-3787.png,205454,63B066B41C0F14B13A728194BB882E5249483328C4B6E4DE2288D01AEFCAC631,827,1170,RGB
3788,page-3788.png,119293,EEDF003262F888FBD47C21D7179187B293D5963A560E687123279053CC613786,827,1170,RGB
3789,page-3789.png,210517,C94C13466B18808EC156E044D0B5AF8DA66E30A7BAAE9E0C6860954E4ADF5F78,827,1170,RGB
3790,page-3790.png,209836,4FE97C60C13BD19E082A10946DB09911BAC4A7A4C63135A4802E362EB81E8AB3,827,1170,RGB
3791,page-3791.png,251427,4E5467A52B8494A2278F2DEBFA1C9A7A1B79A25B9B9C40C76186268ED330DA23,827,1170,RGB
3792,page-3792.png,311400,D1F85F3B70CCE2F6FF4564FB90F6994404AD0C34245B575ACB993D3B8D5638BF,827,1170,RGB
3793,page-3793.png,311141,0D592C70B37D98EF7883EFC62AF42038F4759C1B349FBA0357880C40C9E6DB5E,827,1170,RGB
3794,page-3794.png,311365,651F99558C2A825BB7598CE62C803092AD64C7537ABE75E824541C6F54593828,827,1170,RGB
3795,page-3795.png,259823,7D2DE497AB256FA719B470271F26EC2B45029D0E418799DD69CA6C00DA05638E,827,1170,RGB
3796,page-3796.png,312905,CDD5902D59F14761811FCC059B86461EACB7CBAAB0D14262856EA9E89C9F1B50,827,1170,RGB
3797,page-3797.png,293983,8B1E8B07DADCE3C46B4F933FEB07AAA92D1959ADA36FBB87CE1ABA1CFD84725A,827,1170,RGB
3798,page-3798.png,309003,06ABC4BF02FC73245A83628ABADD02093D4D2DDAAB91D131F78EED9F6BD8ED7C,827,1170,RGB
3799,page-3799.png,293169,E5BAD9878C75E4D8FDF0ECF83AADD6BC5772B9269827167F81980BE109E9BE7F,827,1170,RGB
3800,page-3800.png,109027,85CB5FE70242DBA192B82C62D16BBA5AF3024DDF9B5EC7EAA2CD24DD20F011C9,827,1170,RGB
3801,page-3801.png,231951,1B38FD57BB1A285195F2CAA699C2F33DBC878EAE0FDF8DE050C62686930D64B4,827,1170,RGB
3802,page-3802.png,265998,D376F1B358802F3CC17898387191C57CECCBA8920BCF5D4D45A3225050B8E532,827,1170,RGB
3803,page-3803.png,273940,652C4D9E9DDAF97C292804F3DE7342FA576C7735AE6F2D28ABA3748BC6DC75D5,827,1170,RGB
3804,page-3804.png,267227,CA844DE1A0C3A0E7DF2E3C328B79A926F67C157624A9B2CB767AD0B26944075A,827,1170,RGB
3805,page-3805.png,284944,DA8C3B19F027EDFE5CCC1F0E75517ABDFBA4991E887CF4177C77EA62291847B9,827,1170,RGB
3806,page-3806.png,241327,1C07B97480DA7C0F6D9FE0F3CB8857EEB21EF4BD91E1161CD7E9181293961983,827,1170,RGB
3807,page-3807.png,277564,6222235ED68D268CC94307D4AFD570771E10C9243BF03DD93214C494783333A6,827,1170,RGB
3808,page-3808.png,298396,FB0FEBE2378A9AA248582691F761EAEDFC9B21C0337EA392FB3DA6C46B274FB8,827,1170,RGB
3809,page-3809.png,231588,9252E96612B22D6B7A1BDFFA17E5636253E14EF014AEB283C3BE452A4C3FB79A,827,1170,RGB
3810,page-3810.png,321381,3996A2FEF7BF366E2EE9F58CDAF28051BC6CD88F5C00DF8333A4048512069E19,827,1170,RGB
3811,page-3811.png,313910,D42F5E80EC69B3E535BAC3F17CDC2B842826A7D3CCF21EC3B06C0608A6D366B2,827,1170,RGB
3812,page-3812.png,336781,54FA712D7291DE95F59B875B6393FFF9CE02BF50BB4738881150903A29C166B7,827,1170,RGB
3813,page-3813.png,215570,F2DAE10D2DB1F102BD347A8D9729492217395C2AC35566D65A7DE416F50A441F,827,1170,RGB
3814,page-3814.png,337329,5B18DAD227F2660A3344B3287F0DE4DD99DDCE548A79CEBECD86B9836DB354A4,827,1170,RGB
3815,page-3815.png,201205,77A943CC3811E9D762B00D83E79C2489469ADB11F0F54E8BF22CDE66D6C1B95B,827,1170,RGB
3816,page-3816.png,66159,2C97F46433EE6A64BD35FC144399087274C423AFB0273DAE743A0BF71F409DC8,827,1170,RGB
3817,page-3817.png,241534,5CAE189ACCE5D86C4E8C36F4F8FDFE0307800A5FA8CB82862AA5F0616EE37E50,827,1170,RGB
3818,page-3818.png,322621,73910940D2F60F673E3BD53C6C1FF5D4DFE020D453FD5CC504295E66626B32F0,827,1170,RGB
3819,page-3819.png,249469,DCAAED703454120364931A3E555E3CEA219362B34256E12F4E16FBC7BB1E8E1D,827,1170,RGB
3820,page-3820.png,269027,52B61EC23DA848D3C468724B81072F91B26FF31EE2DBF13E83971643DCF05B47,827,1170,RGB
3821,page-3821.png,364089,3476E6D5953CB0A749B008E780A793C9E1487FC743CF43C84F06AFEC036827F9,827,1170,RGB
3822,page-3822.png,271086,4444CB27C1B4EB1757B0F01C29565EE52DFAA4869630595488D2EE9B8E862BDD,827,1170,RGB
3823,page-3823.png,227375,F6CDA68F89365FBB838D74B84C8991255FB4E64EFAF6B588BD144ED609291685,827,1170,RGB
3824,page-3824.png,247172,866C44D2350D52C89DD086BD5017F234FBDF4DB04DD54D0566D8DC40CC6F197F,827,1170,RGB
3825,page-3825.png,313246,48C53769473449D0425FD88E1606C3CFAB58BA706534CB7A5E2E1E74826E5A21,827,1170,RGB
3826,page-3826.png,269998,D7465C3B9ECBB5C498678F4193146E48DA5010AF1CCE66528A52909AAC682CCF,827,1170,RGB
3827,page-3827.png,291526,5F1D23B77F37A7326EFBDEC0E1E0FD594101385C201B7581ADE6AE6D35A4BF68,827,1170,RGB
3828,page-3828.png,308082,A8700F380EB6171533A586E9A632C828941798A8801BC2C9A2659AE00C1F8CB6,827,1170,RGB
3829,page-3829.png,256027,3DC462A6D750647CBA82EF3037E07B719BC55C1B51246C23C975D8640EA2BD51,827,1170,RGB
3830,page-3830.png,261713,60F0E685FB2F7DD1D2D6C8BB73E62B6DB841F8CEE6C2E0D640036B38694FDCA1,827,1170,RGB
3831,page-3831.png,289522,9FA9D324017D7593231FCEB7B1FE0A30254374DAF2BE70FCAE8887A416D8A72D,827,1170,RGB
3832,page-3832.png,268295,A8AAE53289C9873D51AF0577FE895C0CB2410A64792DEBCD2208E8D7E1571A1A,827,1170,RGB
3833,page-3833.png,252127,E10A118E861D32E19CE5EC7E382E6E4EEB41A2407DEBE8244B1AF60CE1B73804,827,1170,RGB
3834,page-3834.png,251286,1C7D18193E40852373F695A038BB79B45634962EA55383C821BA8CB4D3611752,827,1170,RGB
3835,page-3835.png,281045,F0ADFD63FD16D33AE2329C945C3EF22590BFE4775353FE69C380CA7310A67155,827,1170,RGB
3836,page-3836.png,256702,5392F9226553539C14861507407086DE58014723D38E764B95E1FAA42C7EF29A,827,1170,RGB
3837,page-3837.png,233324,E3CD1004278A030A8D3EA3372A0E190EE49D8A17476C3258365966E8C96A980B,827,1170,RGB
3838,page-3838.png,199025,D240B412AC9D052D7B3593071602CAD2A2E6711FCF33C707F85AE8B6DC08FCE3,827,1170,RGB
3839,page-3839.png,211618,DE13320DD3EF6B0B8CD535C85A097FEE650E24A09563C8250B57BC9A4B435EC9,827,1170,RGB
3840,page-3840.png,262406,EAC19DE5CE0369D6A9EB4DBBAE190E725702EEAEA25C270E93008BFB8832B4DD,827,1170,RGB
3841,page-3841.png,253956,18177B6EF472916CD63BB7CEFB0DA2C8E8AFAD4285963EACD6AD739E1B63DCA5,827,1170,RGB
3842,page-3842.png,239140,6CDF20E93A9891932FEAAE8E67983D0BC3E2D9056931E8CD2B67DB782F336FB8,827,1170,RGB
3843,page-3843.png,325779,F7C4F4195F7A1683F0367D7C3C72FF3265A947082664FBFD6700EDB58A7C7803,827,1170,RGB
3844,page-3844.png,283094,2F7437974E9ADB5C2316558CC654AB615DCC39FDFEF573BA95D9EE988E5153D1,827,1170,RGB
3845,page-3845.png,328525,9F792952BBBC299DE94522B8A30742E933119667C8D52283665158680F5163D0,827,1170,RGB
3846,page-3846.png,265911,87D7A685ABD4C9135F32E43AEA87156D749629465E6449C4785E886CEC090E9A,827,1170,RGB
3847,page-3847.png,298321,7BD94EA8B24D8A21BF20193EBAEE24250C5D3B60E1B23E2E10E39501628B7A63,827,1170,RGB
3848,page-3848.png,243741,DA7A641677EA70DC3A732F1246834F7C9ECF8554F2DEC814A48ABF339AFDA4C3,827,1170,RGB
3849,page-3849.png,259048,FC98981A6F335B06EF44DECD58B857A77E06E86626CE5B03FBEE141A87EE44A0,827,1170,RGB
3850,page-3850.png,237568,D29883DC795A2649B8978BFA19BE94DD89899ABF334C37D575C8CE2014B83F43,827,1170,RGB
3851,page-3851.png,278679,B5858F5A0F01C2E8DAA622EDE8DD7AC7290F34284A2DA4FBDA2964EDD98AE936,827,1170,RGB
3852,page-3852.png,233896,A4ED71CE7208AA3B402CEDF133AAFF884E429296E2E51BA59710CE285D0B2E59,827,1170,RGB
3853,page-3853.png,273658,785FD80DDDE7DB16ADEA62A84D1FDC775FE58EFB1A9C128AECEF6BEE33D44350,827,1170,RGB
3854,page-3854.png,253813,E90874F5E56A093463FBB58CCBD0A750C9E1B62CBCF5C1FD34E14985918660FA,827,1170,RGB
3855,page-3855.png,369125,D1EAD19950ABF8B49764B36D7880BFCC62F198EE92EBE58E17154BE9A0997EE9,827,1170,RGB
3856,page-3856.png,364356,5B24470B8FE9D76A471F4258E954AA2D6DD6149BB71208044F3BC9124B73CF3B,827,1170,RGB
3857,page-3857.png,286890,C0FF06F28C07975CA2A12815C4C6959E57455039E9350E3A2D790431F5A7F869,827,1170,RGB
3858,page-3858.png,311530,8105EC60813140F95468C43D70F6D8806579EE705AF111A3D3387CF1C95C83CC,827,1170,RGB
3859,page-3859.png,290742,01DC0EC47B5C98D6409C6E855F9D52144593CA7D7761A1429E9360B40F359E29,827,1170,RGB
3860,page-3860.png,282915,391F5A076C5F685283DA0D9C5526ECA4AB584CFA04FBE64E7095F219ECB24F4A,827,1170,RGB
3861,page-3861.png,274024,B23AF3E0F3AB930F4E84239109B442A99E85E1E8C165A0553E39956AC886595F,827,1170,RGB
3862,page-3862.png,253814,AE89FCF585326DF3E6A0D7D7FC5D01D3F0471FD6E090DB2A9C51EE5BFE250731,827,1170,RGB
3863,page-3863.png,291738,24B60F1E43EF9149EB7CEF0F2D2B8F7EE5F681EEAD8FF3A7A01749BDF5C029C9,827,1170,RGB
3864,page-3864.png,222189,6ED49CED481C5775853A860F7C8EC83BB2639E6B25E3C53B01BADDDE07C7DAC9,827,1170,RGB
3865,page-3865.png,255788,0474670ECFC1DCA16E5F7A81C67F50551749122799F06C9E3738367E37ADE6C0,827,1170,RGB
3866,page-3866.png,268617,3EC67EB7BBA338E5AAECDF75FD9AA01AA27862000155F0EE790B92F6CF8D2900,827,1170,RGB
3867,page-3867.png,304138,C3FDFD512D1F81641A41996427790276A3700CB632A4E99AE374A87B0FB06C80,827,1170,RGB
3868,page-3868.png,267533,5156A10F8B1E7F803CDDB30C4666078382D3C6753DFDCA8FD1E96C1455920F5B,827,1170,RGB
3869,page-3869.png,319397,6DAE843C6A9319D6FA29CC27A2C5E7F1874524416BB7278EA8E37F8EB21418CA,827,1170,RGB
3870,page-3870.png,301672,A38D1AFDBE04BAE42F8760CC02215E59073E9D77447DE7F542F0B47749932C15,827,1170,RGB
3871,page-3871.png,310170,FD62CC3BC53E7D2ABB9F41049CFE0DFCEE99FF1A4FA9B8A2C4184B81D637CF11,827,1170,RGB
3872,page-3872.png,269118,5623FC01537831B0BEA3DAFCD70E80172ACA986EBE0C3CFD1C946BEF02CC9741,827,1170,RGB
3873,page-3873.png,304458,9F92F3E19F4FA357FC07F6EA75F2A3CF6A6079C801D1093F2614FE6086927D2A,827,1170,RGB
3874,page-3874.png,308325,907BAC4C2B96BB7FAD3B7CCAE8F831BE773878548A86FA545DC99B38A0031E5D,827,1170,RGB
3875,page-3875.png,199730,5715522ADBF2FA101A099C26C34B5FCB858CB5FDD1489676443AB521155247CF,827,1170,RGB
3876,page-3876.png,259723,CF57FB74A998D572F53C5ED890E192BA0E9C2A456D0390C6D074D5167C27A65B,827,1170,RGB
3877,page-3877.png,309232,3ABA752D3CC5BA02D388802A3CC670DA0B4EF051710CF551CB9E7D00B34B2071,827,1170,RGB
3878,page-3878.png,300383,BA8F1BA4152D3B0B1F79BACB95CBF1C0994B7CF120066B82AC1FDA0750BE129F,827,1170,RGB
3879,page-3879.png,287188,29B9E0AA03B2CD9ADBF0974DCD114B68AD66802343E5BFECD0EA1645F5D5D30C,827,1170,RGB
3880,page-3880.png,246247,AFBE5313BFA987299887DFA2A10286889327FF70968977815DBB3110B61E83A1,827,1170,RGB
3881,page-3881.png,146300,17DBDF254EC45577CBFC0F95FF455E4DD268EE1492402085226D80F6A2165BF2,827,1170,RGB
3882,page-3882.png,196095,47992E1977D8CBC8DEB1003B0429D609B952483790979007ECB516103F486552,827,1170,RGB
3883,page-3883.png,143068,1400C95EBF3BD5CB3D8A49C4637F0F18D1CA56E6E5FEE9535746F59AB4C04EB5,827,1170,RGB
3884,page-3884.png,239872,EB818926B372859E37E3CB8A0C58946F515D2CB41106CB4D7E5E6787833025BC,827,1170,RGB
3885,page-3885.png,278388,B3D79F357E745F387F9F0C537C3A6DEB7903AE17A8E335AB1AF26D6A72170591,827,1170,RGB
3886,page-3886.png,217972,043B0CB347E6638535302991A63C6CCA672BBD1BE1575323427AED5ACD2E8179,827,1170,RGB
3887,page-3887.png,186623,1C8C2650BF4399AE7884862D2E9FFFFFC7F4088C241E66651DCC40DAAFB3A5AE,827,1170,RGB
3888,page-3888.png,210932,B1B66B3FDD9BD8861BD09E9A32F1551AE6B65B6B393504A4EC79E6122189B09D,827,1170,RGB
3889,page-3889.png,301360,364E0C704CC8F8B1FF5FE7AAA86C45BB71B9BBB0D019EF08E6B9FC23A7CE06B5,827,1170,RGB
3890,page-3890.png,282785,ECAEC86EADBEC4DD88D24D64B37644ECF28A513CBDB89080DD0B9E8DFB290E6E,827,1170,RGB
3891,page-3891.png,322258,99E05A8E05CF57C9C912CDDC1C4EB94330AC1CA99F1217B4586FED0B1BC61DAF,827,1170,RGB
3892,page-3892.png,279258,FD5DA68A366E45A6CC082E44F5BCBD33CCA436E7C15756A87EE63FA674E2C79C,827,1170,RGB
3893,page-3893.png,252666,61225AF96A35C526A98B44EA281C4BC7505666250BB765307C3BA7E5451689F5,827,1170,RGB
3894,page-3894.png,288570,E8C455116EC5980222838DE08C40BDDE370589E4C24F33339F3B63EE69567C71,827,1170,RGB
3895,page-3895.png,335174,63054408FC356D85E5ED3207C62B0372ACE83494E3355BC13C8A64183E6D0447,827,1170,RGB
3896,page-3896.png,318296,20A3843BDA63FC1E55B56F4C6145D9AF3AAAABB2D2AE781F1393AD6DD655F88B,827,1170,RGB
3897,page-3897.png,382830,DC02A62CB279AF3567CBD49880C9FD0C69AC127A60A569022788C5F009CCD327,827,1170,RGB
3898,page-3898.png,368132,FE8C455E73A222F3EFACF67BFC0A851CCDBE51B197EEA5F0DF2B7B322AEB2893,827,1170,RGB
3899,page-3899.png,318080,30B5358664EE92F716FAFD67BE6955BC92FCC560FE5C17CE9A8E7CAABFA4B5D6,827,1170,RGB
3900,page-3900.png,278581,425B0A101851E823517633074058F31433CC70D9C5E30F15B2183C86F91DE5D9,827,1170,RGB
3901,page-3901.png,317953,62944BBA9FFB4EBD0B2C4E038A13384B06E07DF1DD690617E38BA8A9C7A99BD5,827,1170,RGB
3902,page-3902.png,296019,D41BCC8A86C5EDD1EEB8CA5FE4732A428634EFA164258A2909937ABBCA9BF071,827,1170,RGB
3903,page-3903.png,299489,5276B5DD4B4110DF1BF9BF33993904169BD6E76D1055A746191D1C8052B751A1,827,1170,RGB
3904,page-3904.png,223444,E79AA41FB09B7D0B4939F37CA2EA54AE9928E96C85449A3EE9C3F3251EE9F0AC,827,1170,RGB
3905,page-3905.png,271092,87466BC5759BE00610E4795B58B904481040509A96B9C5BCA085FE3CD552DF81,827,1170,RGB
3906,page-3906.png,324147,814A5BDBCC3ADBE2A659C500D633A1F46E379475D015D8A7836ADA25BB1A7E45,827,1170,RGB
3907,page-3907.png,316787,7C23DB80F20C5BB2CF73F7B4C760BDFE04272AF3CEEB1729031F9B946CB2C67E,827,1170,RGB
3908,page-3908.png,333699,08DB815979B3DC724E26CD15EEDDB949B16F8A547E3AAC9EE57FF48A9C46C0C3,827,1170,RGB
3909,page-3909.png,381294,AD476A3EFBA1EA18E36DE8ACB3FB72FC6EF739093B2FF155EB4673ADDFC278B7,827,1170,RGB
3910,page-3910.png,329140,FB0EB5471CA1DD823B9B694E3C18AB2C723E0AC26B5003CAE5D4B4111F61C458,827,1170,RGB
3911,page-3911.png,313807,5B35E1A7BADAF0AF0887A84CA53B18A29D46060200AE2F369146A61DA312DA0B,827,1170,RGB
3912,page-3912.png,340400,E624BFFBF1C91BD459FA52A504F228EB823A5727D9116B7B238594044E6EC0FA,827,1170,RGB
3913,page-3913.png,353795,A3BADEC15892ADD942395ADBAD9AA9A8D2B4ED96A4EA3752883053C1B93FFA36,827,1170,RGB
3914,page-3914.png,371433,B29F900E48FDBEA4AE35BEBA928BA5D29A63E7A1718C18296E35DD0317CC611F,827,1170,RGB
3915,page-3915.png,322285,315261F8B4855243EDB124C82AF9D384EAEA34E520282E129CD24E92944BDF17,827,1170,RGB
3916,page-3916.png,368548,370821F66A442C1DF00C82E221097BF4C2EB1157D1F28F1334AB6BB6C96DC6C5,827,1170,RGB
3917,page-3917.png,271511,8B83964D4B60CB2EA97F32D87BC8D8940E202EA5E23E7846E08C75834517F913,827,1170,RGB
3918,page-3918.png,323164,3E29C680DB8E69C04CD0B9654F59DB90ED30F08A3BAA08F82433EAD6DD939274,827,1170,RGB
3919,page-3919.png,275436,724558645BF20DEC04BEB038809CA0704248E40A175EF628DB37CA8664FBD3A1,827,1170,RGB
3920,page-3920.png,293042,48588377B1BF6E02A13571701BDF56432E591B268E8CDBCAB5625CA30B81301B,827,1170,RGB
3921,page-3921.png,292404,B07533CE33A70CA8EE55FFF5E7F616BB91466D463145084E54A1BA11C78825A2,827,1170,RGB
3922,page-3922.png,301989,28A46217678B7449243FCFC530BBB568C150F30DB20D91E8F955F1D3AA121E73,827,1170,RGB
3923,page-3923.png,251581,E1B5CAD39BDE21F4A5E53A33EB6106CAAD0AE617903DF2BCD594054E058B76F6,827,1170,RGB
3924,page-3924.png,324762,8A6B292693FA66B52CBE40F1C07AE0112FB67713700C2F57F92BE47303F87785,827,1170,RGB
3925,page-3925.png,294360,C9987CC51862889B1FA4867DDF49F9493DC4A2FCAE56D72B31EFEAE482FD5CC1,827,1170,RGB
3926,page-3926.png,315544,180325874D1255D81560FAB1C0163CFC82DF82BC1EAB0770A4C30BAA9395C30F,827,1170,RGB
3927,page-3927.png,310250,B702BC1E3DCDC192BF36E321530ABFCC0EAA062D46E460191EF3BA30A2D522C7,827,1170,RGB
3928,page-3928.png,346829,E12A8A76A05BE9536B83F0CDE4D0BAB73281B32D95090DBB5F0D526947551620,827,1170,RGB
3929,page-3929.png,313028,0134A86C1B2A2D146977BA16B1C58CEE3A00939B2E48144970E76CAC73413594,827,1170,RGB
3930,page-3930.png,311193,BB16D27C8CB62BA193468E00C1F3D75CE0F2CC8382898BD9D149CD60CD376EE5,827,1170,RGB
3931,page-3931.png,222037,FB16C3515E188794E017062B14A5247450B50ED26A5D709B94519D1F3B276130,827,1170,RGB
3932,page-3932.png,281143,4E6ECE27BBB0726C4EA85B3DDB3A0028A661A0B8D5431EA927AA56D355203CF5,827,1170,RGB
3933,page-3933.png,361494,8E0B4BAAE1209DC04FA90D8C35D3F7463FBDD5A09B04C2D98308B94D1AA59CD8,827,1170,RGB
3934,page-3934.png,340633,B73F54BF8EAD875B9A0E5E47DB8DBB91C3F0E659B16A29C56F4A87825745A8A0,827,1170,RGB
3935,page-3935.png,302053,F1B46E90DBA65155EE64A7C896F6733B323A12338D9CA39731845AB9582211A0,827,1170,RGB
3936,page-3936.png,287628,64E006D9C86C69CCD2BEF34108C5B6C33301CC43C448FC99F43CC39B658A7992,827,1170,RGB
3937,page-3937.png,233548,7EC3CA30C37667A3FC487D95E51988BE371674A1194507688F44D2CE74718D18,827,1170,RGB
3938,page-3938.png,261989,3978C6C26AC6D3CF369F0694336A1C1C9703A11F42AFAFBF0BC925E2FCC19B54,827,1170,RGB
3939,page-3939.png,244754,44E61A47C4E7135C162CAA0C60D8A2ABF909F56FD5AC7BB9987E98870446B23C,827,1170,RGB
3940,page-3940.png,311736,BD085CF70DFEC61EA5DD1977C9870ACF2A30A18CEC7A183E6C866AC47DBB8953,827,1170,RGB
3941,page-3941.png,338985,4D2BECA6CE52856A9DECEC34CDFAC8561D46F9D1525B45BAE9E92095E82C37AA,827,1170,RGB
3942,page-3942.png,341030,9F6FAF730EA0734794327745C68704E5CA344798910E6A286D7CD36D8423D234,827,1170,RGB
3943,page-3943.png,322984,D8FF0FB96E811020CF4E50645DAAA97D664BFC61A67919B215A0DC2F65BCBA33,827,1170,RGB
3944,page-3944.png,260848,152368091EEC877C6632108B0B8775CBBF4B73CD8F8A8054BE084663904B7F86,827,1170,RGB
3945,page-3945.png,277478,4B627B659A05B664451B4E48F680D5DA3449BEC2B27F6EC8844ABD7F81B011B8,827,1170,RGB
3946,page-3946.png,275502,80823659DADEACEE0CFF166268FB92112524B578F968AD3BB382A134477EC2C5,827,1170,RGB
3947,page-3947.png,270642,DC421524FDDA56A872FDA24C778B830DBBB37AF567AF8BABABD4DFE8ECE7F1E0,827,1170,RGB
3948,page-3948.png,286240,990DF6FECBD389A778359C681AF371B67C2A46DBAC369BBD18C1BE64026372DE,827,1170,RGB
3949,page-3949.png,317653,780291B25C33F23C8F877A6412320F603D11E448451FC7ACBF81EF315B584822,827,1170,RGB
3950,page-3950.png,324802,F48B83724A5951C84A6F1BA6DBFC54301C746EAD883DB0020C86BB8E3FF00A90,827,1170,RGB
3951,page-3951.png,315362,5E02AC4A5A210C34433DBD0195DC5AA4985BF33F3CF5DAB6BF8A690168D9D3D9,827,1170,RGB
3952,page-3952.png,290861,3A0BD7B40FFAC0D0DFAE44742DBB48FBFFB23BB23824E3E00AF55AB32F318875,827,1170,RGB
3953,page-3953.png,267231,90FAA28036FB204B1D5E17B4D97C84A8874BE24C7FC48FE84C8B5E9803705EE9,827,1170,RGB
3954,page-3954.png,317478,669C8BBD0E9ADCD2A5FB6C59E479F44ECDFFB2D681E8F4D54BDA7087D2F628B1,827,1170,RGB
3955,page-3955.png,299148,3D8A67F8558254CF9DEAC060F1FC4B2AEDA6EBD168B19BBB00B72DAA7F0B4950,827,1170,RGB
3956,page-3956.png,285308,FC708E338203D203E8E10872339C11BBEDAD68E126B8580B893EB5E090FCEC66,827,1170,RGB
3957,page-3957.png,190668,2F508D81FCA4DD4CFF3E582096AAA46873AF094B215266AEEB909A0E18CF019E,827,1170,RGB
3958,page-3958.png,266973,989D58218B535FF615E786110BF140F513D7ED49FB6251D03695ED406EA54C8E,827,1170,RGB
3959,page-3959.png,289324,E159F2BE16B054609F8F79F2FEF2ACB5EBFEA20F7715AFE4C3554749BE1D665E,827,1170,RGB
3960,page-3960.png,246262,87F7A7CC5CDCBB5AF413A4A90C4D1C43ABFD54D696F3DDEA434B5663FFBCB7DB,827,1170,RGB
3961,page-3961.png,223891,3EAEFBDB51C6F043A95FFAE277B36FD419C9C3D9EE21CAA85F37785CF52E3AC3,827,1170,RGB
3962,page-3962.png,181560,4888DF2ACF5370BB60FD890A4DA4BBAE1BE7620903B690BE98ED21EE358B3FD9,827,1170,RGB
3963,page-3963.png,306564,B9F2B8B07E6DE6265969F99FCDAB7462E92B4B9940610704633C75CD1188D852,827,1170,RGB
3964,page-3964.png,300034,34ECDB14C05DB1C7D5306B204615E426E96642F65E55354F8059DDC14D0722E4,827,1170,RGB
3965,page-3965.png,234922,82E7B2D7082CAB48F209EF244B5644E0D9571CD3720CB854129CC0F6828128DD,827,1170,RGB
3966,page-3966.png,234234,BA263A8E845AE6B9D0CD6F84D677FC314E9A538FC555E57ACB16B4400C9570A8,827,1170,RGB
3967,page-3967.png,243263,621DE90038589005E6ABF1C2333A26F4B12A2D17BD02146596D77B6728E9F389,827,1170,RGB
3968,page-3968.png,273104,8DC9840B61D30FA43B4F07F8141AF229674262CB6CEAB16361E9619DA0466731,827,1170,RGB
3969,page-3969.png,298104,6B21A1E3AFCA583A7190F52D16209EF6FEE1C23827FFD712FF57821079297804,827,1170,RGB
3970,page-3970.png,279628,E73E43AA6958E2C707756E696D79116E965046F0BD9A2DC2525F528027C5F278,827,1170,RGB
3971,page-3971.png,278061,EBF771F30F4603D255952557B2BD857B17DA0E8E7DB49CD65B44A5609BC36FEB,827,1170,RGB
3972,page-3972.png,367580,CAB7D8036897591169582E7047168B562CC033267E9AA0B9E4FB310ABE5C89F1,827,1170,RGB
3973,page-3973.png,283644,1EC3E1DD3C2861C9A7E3064886B54E587E05700F0BA6D439F51C742E303E0618,827,1170,RGB
3974,page-3974.png,147816,A2B0C2C84464FABFB23F07D4ED7CC4D8D6ABEBFB51563AE62177FF74626A873A,827,1170,RGB
3975,page-3975.png,291843,08A9279690DE82154B45B62D41C83B540899C1B69A60F032373094E59274ECB4,827,1170,RGB
3976,page-3976.png,310724,43BE6FCE36721EA9453B4CFBBD89A4B14A41E08B1B7CD65E6EE19FF4E8A191A6,827,1170,RGB
3977,page-3977.png,282228,6168A386452EC5F5E1505CE85B75EC94E5CAAB59124438B2B931C0D348D17A7D,827,1170,RGB
3978,page-3978.png,246594,30D1B953585657AD8171855B5A74C19CE39C00F4DAF8FD0260416418C2F98DAF,827,1170,RGB
3979,page-3979.png,277534,117A71A0A82007766021FBE84FF7FE68005225479C76CB50AD4A63B25D93BC44,827,1170,RGB
3980,page-3980.png,300411,759A26362F3227482F69F932C0114FF47A465E92A020A90E3A2801AD1A9E4AEB,827,1170,RGB
3981,page-3981.png,261271,AA196EBA80E06AE8FEC14D33C050B4032F507B32C8DD3061223D09493D9F305E,827,1170,RGB
3982,page-3982.png,255050,E7D58FFE801966F144BFC3AB4321AC9E7F770FC29607C4371BA00E430A11CE7F,827,1170,RGB
3983,page-3983.png,331331,0C6A41471C352497DB3AF95E703583197ED9637F6E236B80779DFAF143FE4EEF,827,1170,RGB
3984,page-3984.png,316450,FB9F8566262CE4CEE0D9571760C2CA66BCBBA7109BA7FC09DA2E8BC4D600278A,827,1170,RGB
3985,page-3985.png,280584,50D207701348BD95AC7DCA5F6BA3A670942AC90C8DAF564348DB896E8E740614,827,1170,RGB
3986,page-3986.png,316728,E83AA3173EB17ED4EE6BECA489B103608844AFB5B642309FCB2FD47FCF620FD6,827,1170,RGB
3987,page-3987.png,254888,EDAEAC42810844B8531A7DB3D8493138B6B40910407FCFB4225198AAAB949B87,827,1170,RGB
3988,page-3988.png,157315,BFE8B9F0E3A1611BBD34870B3F31542FC06199B5914FAF5E5B1B8A565D567E09,827,1170,RGB
3989,page-3989.png,285870,C67ED927EC6E0FE7B1B3A50668062B13E00AAB22F8C3D94918106DB0707919ED,827,1170,RGB
3990,page-3990.png,290690,8E7AA3C0F721D44650D9321289017FFFF053DB2E9EB2C0C3994351D11C326652,827,1170,RGB
3991,page-3991.png,311990,6CF7F8478EECFBF92F6D89302A0B027E6BFAE869A3A7820A064C517A73B77009,827,1170,RGB
3992,page-3992.png,317800,AE742A5DA27793AE7995CDF82F2A39FD6837057032BA11C0F3A96AAB3EFCFE7B,827,1170,RGB
3993,page-3993.png,249997,D87BB86546C66AAF6AE04CD46C6195C423E94AB04C88829B02DCB33B05A8A176,827,1170,RGB
3994,page-3994.png,253243,8D84215F197BAFC36391C1B14F963D8999E3230884A28E497FF9EC05FABA0201,827,1170,RGB
3995,page-3995.png,288750,51A77B36C5A1C94ECF35E53E8CCF6D7AC7BA3FB7E8DD85DA361E66F304373861,827,1170,RGB
3996,page-3996.png,302519,9AE5285A935375B4E7DB4CCAAADE7DE7E6A3345706D099DBD1D2E3CC7AF31705,827,1170,RGB
3997,page-3997.png,275042,C59F3DA601F4AA3811A42294071A87B8485C11320C2D3A01608CAE7C1D2BC3CE,827,1170,RGB
3998,page-3998.png,291130,B063A65A3B3CBBE2245612B1DFDA7AED0F3A5AB99C4355D536EEE305084948A1,827,1170,RGB
3999,page-3999.png,381037,440444528ADB84042621BAA935C700743D6DC1F8BBEAB0CB9258D66996E57739,827,1170,RGB
4000,page-4000.png,341634,92A3DB434B8A2E7378A1A45BC3B139ACCD8B83DF9D125C1311AD8C1E41D356E7,827,1170,RGB
4001,page-4001.png,334653,9CB9CEF785F7818880AD2B9BBA869B941400C4BBEF668E10978CA2CE86203D02,827,1170,RGB
4002,page-4002.png,345955,9A3F4B5E775E6828663DE7180993BBE95214C8E4DA78DCF45FF760FDA931EE75,827,1170,RGB
4003,page-4003.png,294905,573DCE7579AB53F6B7AE3CAB64C6158025B3D53206B9890FBFDD09E3EE333B45,827,1170,RGB
4004,page-4004.png,246851,E9FDFDA8EA6B939B626B8E3C155EF70E174516D709377464219D50DAEB35810D,827,1170,RGB
4005,page-4005.png,347552,2566A2B21CC4837727108BD2A90EF95D558C534FB93A5B992573F1FEF0A3F545,827,1170,RGB
4006,page-4006.png,312424,2ACF1B58ADAB1234CA04A6B144E97B66E0FE1EA193F0FF8DB8D18213559DEDFF,827,1170,RGB
4007,page-4007.png,324140,6CDFD4C96AE88AD1F4324B36C4222C7CBD56B12E287BBDD35FEF5086196176E1,827,1170,RGB
4008,page-4008.png,338749,FD3F43AE1C06201908A184AE7D4DF6F81E1C61543827C10CD53994E728CA1811,827,1170,RGB
4009,page-4009.png,285883,372706ACF5EE04A6FA88804F3DEC5BCB367E44D8025B1E2FC69F9FC385125AB5,827,1170,RGB
4010,page-4010.png,251083,EFB6416516B8B8555E02CDB1B3F9DF81F39EF9E794EEA6B61913FAEDD694B5F3,827,1170,RGB
4011,page-4011.png,360890,9A1D8493E7BC3BDADF262E706B97E482CA34C108EB76B3700DD9AE8B5320152C,827,1170,RGB
4012,page-4012.png,306676,6DA3F50DA552A9949A89BD3E5DC14535A10F28EA0D3B9D44B44C341BBD197FB3,827,1170,RGB
4013,page-4013.png,308264,4EF1A1F4DA98E8BB6865369C1D0E2ED20F9992864E3D71124BBA68FE189B41E5,827,1170,RGB
4014,page-4014.png,289164,A85B8C6EF745E16C636D270E79A571039FD3D9FF322DF7B5A7A05F53187A342A,827,1170,RGB
4015,page-4015.png,324948,1042E18D3D684B89D94F5BC7CFA5A088CB92BA9E2CBF76A0573F85D4B5ECB974,827,1170,RGB
4016,page-4016.png,98392,E77AAE8F5D940B44DCBCB29F0C4E7EC2C1114FF9DB5BCC9D7B942E7F5A8E478C,827,1170,RGB
4017,page-4017.png,267771,ADE704B838704D55A1103351CA6B47ED82A853FEBF6AC7A78FA1DBA6A89A2DAE,827,1170,RGB
4018,page-4018.png,274952,16A0D221118471E746FD4931EC8A3B950A0D7829551A2E1D456AE1CA95C20C56,827,1170,RGB
4019,page-4019.png,310145,F610F94D1DBE2DB2B565AA32808C24C4B2A3CCE304013307DE21632C5A40A2D6,827,1170,RGB
4020,page-4020.png,299122,05CD23C6E994BE51CDA5EB86CACE0E0BDD471B72BE6F3BFAE7B18F1EC1DF89DD,827,1170,RGB
4021,page-4021.png,320887,DEC1C271EBB204842E111362DE62A8ED3C1D1E1555BADB338F5E89154BE661BB,827,1170,RGB
4022,page-4022.png,337812,DF8F03E506DD9C81871ACADE201CC0554A7E71835D91581AC36B7FC390AD326D,827,1170,RGB
4023,page-4023.png,280058,4B09AAD6B07A2DE25B1F2217B59D3FE20C5BAB1FFD9BBE633F68C271404BD390,827,1170,RGB
4024,page-4024.png,275019,C1A22C23E6E7FA5CD9878D2E4BF31320CDF91EB97501D85B57898A17DC07FF90,827,1170,RGB
4025,page-4025.png,58348,A906B3A30F02C0795059B321D5CCFB9964B6C3E61F652027BFFF6D6F6F6E5586,827,1170,RGB
4026,page-4026.png,361285,61A67D4C61838A17696FFF52D30763CD1CAECB089A241001D69AA599ED9699F1,827,1170,RGB
4027,page-4027.png,414291,504F954AB9D5CAB88DDB827A307D333D9F9094BD2E2631FEF58C2F42D53E886D,827,1170,RGB
4028,page-4028.png,279959,4998FEE329BE0B9278CA34F96E76712E052D29E69CEA4BCF202108EB16AB6737,827,1170,RGB
4029,page-4029.png,310084,3D436E875D00BE2E335A30EC17D51A5441252252BAAD6F29D033CF1B0090ED78,827,1170,RGB
4030,page-4030.png,276631,9223100CADACA161DF06DC26F5EEEFFD45226B97047BCF7AE2908B79FD75A316,827,1170,RGB
4031,page-4031.png,314116,1EAEA36D436133B6D9C038EDA6ACAAAB02A2C276C431FE750B111AE8ECE5A1B2,827,1170,RGB
4032,page-4032.png,332347,134C77C89BBDA632824B87C1AAA7286DA26283BAFC31E75B2F4C74E50D7EAEB5,827,1170,RGB
4033,page-4033.png,316777,4B73F30A31B3B15A76E61184E4DA1956BE35E9F9B5827D12249AA64F468BDC1E,827,1170,RGB
4034,page-4034.png,322831,1CF361123738A72A0DF0F18A2567C0DE71C1611EB02B01198C58E6F2917B20D0,827,1170,RGB
4035,page-4035.png,364883,B82E478CA3A44552764D584E10CBFE78CF6BFB65DEB977E512BB469A4BC9C5CA,827,1170,RGB
4036,page-4036.png,246583,D088AF1272F17F4D26EE6A4F2D69AFDD2F9FE055ED9664E5430648D8C5D6684D,827,1170,RGB
4037,page-4037.png,301126,73061D41A6596C989A1E9B4FB45588E79BF9108B14AC79773A921DF269981ECE,827,1170,RGB
4038,page-4038.png,296534,2BD04056B4E56C05AF0AF7A911DF3E4B02C06394E6E307D607E6529C3B5A5F16,827,1170,RGB
4039,page-4039.png,199709,8B09E0C0C7BB09F5F8BFF2A29A796C43D063DC1DA7ABFC88148B8E764D24231A,827,1170,RGB
4040,page-4040.png,212148,07F10E6538EBE7DADB1BF0C7015A6EC683B5697FA7226C08AD66E1E952F1B7C9,827,1170,RGB
4041,page-4041.png,310036,B297FCA10B043A7009E5FA0EA77A88E914992CB8B590CD13E7294C59BADF147B,827,1170,RGB
4042,page-4042.png,257484,D98DE13AB89C7738AC963B0F99F7FE614E2DDE04DD2CB506FBFA5FA9C8419D71,827,1170,RGB
4043,page-4043.png,279575,2147067DD05DF591AECA1AD8FEF36F5AA3D471B84432EE6889E309C319E18A73,827,1170,RGB
4044,page-4044.png,284304,E4BA0EBE7F508C71B7BF494B7EFB967326D6925C03039C8D57400283DD597C66,827,1170,RGB
4045,page-4045.png,233591,107B072370226B47439E04455C17513ACBECE3DD7372093290CF2901365F1645,827,1170,RGB
4046,page-4046.png,143879,81AA511C59E1923AAC834E0410B7E24671DB27F2CDFE1BB6AF62604096643B68,827,1170,RGB
4047,page-4047.png,226722,89577C1CDD2E25714B7B0079CFDA22005090F7953A593FC9999A46F0B3F15441,827,1170,RGB
4048,page-4048.png,215809,F8E1C30DA380F16916562AC0F3DF05F0BF361E9588F06A69D8D29AA627ADF5E9,827,1170,RGB
4049,page-4049.png,272177,CC8D0F1E0181431C0AF82C863AD8851A203BFD2F9F3EC5AD19F0FB0B5EFA551A,827,1170,RGB
4050,page-4050.png,321464,D142F66E1805BE9A165853484CC46D16E11D6DF1039EFFAE817AB192C49AE7C6,827,1170,RGB
4051,page-4051.png,302482,401F9F71135E1FD237CD518E47B780D7B5D0AC838C6096732AFDDBE66501745F,827,1170,RGB
4052,page-4052.png,248891,47CCEDB2858C4250110C84CD08EE7D6C279C26561188756ECB7F827F24D6F890,827,1170,RGB
4053,page-4053.png,157400,671F370E2E214154FCD2F3A1BCF8FB13BBCA41E46A4E5AC2C81C5D7F57AE74F5,827,1170,RGB
4054,page-4054.png,229003,10E64EA6FD82A4D6272AF5B89E9879444A47E217B330F27AE09C58D9663BB8FC,827,1170,RGB
4055,page-4055.png,205338,6F8B67824BE2F3DBE65E36E09BA21CC4770ADED56E87BD841EEEF033EEA0FCC6,827,1170,RGB
4056,page-4056.png,259246,7B34DB20FEEBD2E9971E219432F2A812AE6B9597D6D91F21EFDF0EFE9DEF2D31,827,1170,RGB
4057,page-4057.png,256219,4E90D68314DCCA94D585BF1B4F3AD9D1915A98174A5E40EE16D12016924DA0B4,827,1170,RGB
4058,page-4058.png,283524,786A98149D49F21B001360708C1BAA28D83F08FA661798B7838ECF8E03621421,827,1170,RGB
4059,page-4059.png,261349,F7682445471A2AC280F537901BFA53F0131D3E9C60D718770545D4103FAC23BA,827,1170,RGB
4060,page-4060.png,252125,5F05F23F3E2E372CD6F9998993005C7B12BECDB046714A6E39D667B2BEE848DF,827,1170,RGB
4061,page-4061.png,307862,D06CDAABFED196A25AB552C495E4EF8CE635450C4120D8756860BA0EC429EEF7,827,1170,RGB
4062,page-4062.png,200940,388C6928AC47AD3CA4221024AB2294AE172EA552156C466359DFDA6173446A4A,827,1170,RGB
4063,page-4063.png,255976,1E803719A513CCC1006F29603AE66088715C1C8C133AC1FBFB6C737CC5897C17,827,1170,RGB
4064,page-4064.png,231295,038A41F5D70EA787264C922D3D5A4B06F94DDE90A8EBD720220222CFA28CB3ED,827,1170,RGB
4065,page-4065.png,212199,7068909D6A7FB0763B5C4737EBC22BA2BC3DC7A97DA67E2A590717F76F933F02,827,1170,RGB
4066,page-4066.png,187099,70215774CFD24FB62BEC38019C248D6984808CBD9185004166D44AB728A837E7,827,1170,RGB
4067,page-4067.png,246265,26E176CE046AD68040AF9D2B97EFF8BD8C057455BAE79E16DA9F00FCB9D87C1A,827,1170,RGB
4068,page-4068.png,278956,7BF34B886D16C6F522C5F68BF390B1FD4691B2A7E3D52B8C47E4009CED33B631,827,1170,RGB
4069,page-4069.png,323095,21962F8394A153C019E3DA83109C94D7112A5BF06F04612EA585750C8E39A6DE,827,1170,RGB
4070,page-4070.png,334954,70E6794F795B7895A139B9F1A5D57A7C680B318BB5C742BFAAA6DF64C8F7A2C7,827,1170,RGB
4071,page-4071.png,297927,A00A2A8C25E1D3BE84562FD2C8F655779DD08A8DE27D4609AE957B48DE1F1558,827,1170,RGB
4072,page-4072.png,324219,2491C4FADA43AA65F499E0091A49C7B48CB9DFDC368ABA45F97CCE7D734E967B,827,1170,RGB
4073,page-4073.png,324417,2E3966B4D451F518A0B0A07D863E712ABE5453173E1CBD7A6B8B736231D4EBDC,827,1170,RGB
4074,page-4074.png,247138,6B72CCE93D8FECD11F897635834AAFB9BD871F51E4C4154689774466EF73843E,827,1170,RGB
4075,page-4075.png,243267,5232C048BF0D2F19876D0131A8AEB7A14A34E670AFE1CAF4D43141C63B080EF2,827,1170,RGB
4076,page-4076.png,272486,4AB3EA7AAE4C9021C7D772FE89E900A535DAA2B0CDABF798E139E06FB4C5C6E6,827,1170,RGB
4077,page-4077.png,301874,9B4EF68D806CFEF5CE4CEA1AB748E12A3B9CBC4D0B91704BE32C53CEE9D9D059,827,1170,RGB
4078,page-4078.png,292193,812D3DD1BC6D7E5BEA9814A1A7FD152B63BEA26627CE488803D98D64FD5EDF8A,827,1170,RGB
4079,page-4079.png,218928,CEED8BBAC72A277551C2D1588E8310B04167A2E46EFB0FC0C3CC846F6960F280,827,1170,RGB
4080,page-4080.png,284027,C8D9FE86E8027DFE4B2EB5FC5EE1B6ACCBF0D3F5D0CD57E9C16F4948CC9797E9,827,1170,RGB
4081,page-4081.png,219989,67E5B68481BB1D323226955A56F0D255BE8040E9995C533F09A5E1C6D19501F6,827,1170,RGB
4082,page-4082.png,267773,09C06D9B01EF5B9A688168D65F75D495BFB0F2C14B3E237F1B14B18E268169FF,827,1170,RGB
4083,page-4083.png,176372,C08D4BDBEECC8C903175E25C7D6C71C9B22979A1B170B4E8D365C426AD422F41,827,1170,RGB
4084,page-4084.png,289476,DD6A9A775D75C4CFF24C40476C23396EE6F04F3FB2A955C6BEFAF28859AE1FCF,827,1170,RGB
4085,page-4085.png,223745,B7BF6911EB4A68898F827398947616152CEB8581AB69F7BEE381006F243AB7A4,827,1170,RGB
4086,page-4086.png,219004,A55BDFCA335921CB2B0CFF413D36ABC4A7224EBDA0721AE0F92963149D73116B,827,1170,RGB
4087,page-4087.png,307390,20336A100D51D4319CF4C79C01EA4121C6A92A2A3313B8E395F1AD6C77AC6360,827,1170,RGB
4088,page-4088.png,210214,A8867EB705CAC5EB467792C4DE608254C6A5B001499A544D9FA8F0D60E8679F0,827,1170,RGB
4089,page-4089.png,193632,F9A8EFD759E3F12B6D904A1632BF96269EB0CF1CE6B7E2C154CC45AB9D2B69E0,827,1170,RGB
4090,page-4090.png,198031,A3DC2D2F97318ACFF1F3A1DF4A2639766BC65A30B0B4B9B51CB365ECD06CC37D,827,1170,RGB
4091,page-4091.png,229671,F28A3FD3567D6A8A9A83C9F791724D9B5C4D0BD069D4CEBE6D8C6A932DE2EEFF,827,1170,RGB
4092,page-4092.png,213946,E9FBE4D8CA4A4CB31CC7174D0ACD97E314C5013D6742E3955A4EA236824CCCBE,827,1170,RGB
4093,page-4093.png,199484,B80DA863B1C2E857888DBB30B91C95A67E8B971056626E4C4847E6E244CDE2D8,827,1170,RGB
4094,page-4094.png,269221,110F9C296BC0A5DF890206659FBDB6965AFA9B83FF218886134E6292C49CE9AC,827,1170,RGB
4095,page-4095.png,271293,4866CB0A2AD9404D0C296B1514DF0FCE86D43F787BC4646E4E404D31D3F6F833,827,1170,RGB
4096,page-4096.png,236820,74DEF88667E15B2591C1EA82EA136D18CA55D49E7A2EEBC00FDB93240FF57258,827,1170,RGB
4097,page-4097.png,212659,362AB83B82913FB561D8C574834CFBA45E349E23DEE950685C36A90C140659EB,827,1170,RGB
4098,page-4098.png,301542,908EC1A41F8D32542E28B1B1EB6AD3C54312146DFB955091D06C7498438AB399,827,1170,RGB
4099,page-4099.png,255563,D22D8CCBF465A756CF8EED56B38A706DC6BB223F2D883D8CF2E81F10A15F4C11,827,1170,RGB
4100,page-4100.png,197950,6FE605A8A9E3440A3CA8A4CDFFA05FC0057F448C5BB48C1A16AA9F2668568BD9,827,1170,RGB
4101,page-4101.png,224213,8137B33C7503AE9954046DDDC183E4845307230DA7D5CB8964EAE2DB3E0AB059,827,1170,RGB
4102,page-4102.png,296865,B6F339E75A3E789A74F3E5ACB3A0755D14D7221192D28E5675CE9B0AC0323722,827,1170,RGB
4103,page-4103.png,213453,0C113AE2A83210901C9114F16E46E3DA59E196A0A0361836ED98298ED3DAAEBA,827,1170,RGB
4104,page-4104.png,202200,BAF38CD97842FEFE9F968DEA87BD0C59B2BBA5176B4D7DD7B3E9610C33CA3437,827,1170,RGB
4105,page-4105.png,180232,D55BC4CCDCF97C08222F3E4D937D4B0B9026A08EF0274DC9C61CCCAC0642AB0B,827,1170,RGB
4106,page-4106.png,214506,1BB173480C7CD287AE53403EE1DB1ABA2CC8BAF4BDA5316D1972E655F5465107,827,1170,RGB
4107,page-4107.png,190058,5D8696BE94623E6CBBD3E65D5EE466D976E28D4F7773634FC19DEE24249026EE,827,1170,RGB
4108,page-4108.png,176690,941C6D302416B0B5F19864B2889AE8C2DD4BDD138715B8956C755BCBE5266AF5,827,1170,RGB
4109,page-4109.png,223076,7C7BF518F353D6D8920D23EDFC24871496EE70EB101F5880C4C555A9ABFF6B42,827,1170,RGB
4110,page-4110.png,255308,8ADBBB9C0F9EFE19E1D868483F67083D81117196FC17E498E14597C7CF983140,827,1170,RGB
4111,page-4111.png,243345,F7A55A589C0A560163160FD94015FB9EC47FEB8DEF7E48DD5DE5C9A4E08CDF04,827,1170,RGB
4112,page-4112.png,269644,6BA45E7E4B8CBFD3912AAE891BBFC79C56988045738E01F9B70BA3C678F465BA,827,1170,RGB
4113,page-4113.png,198073,A248967DFB419C08FC0D62582658EEDDB562AADD5CFF575A402EB5B9F31BB34D,827,1170,RGB
4114,page-4114.png,296736,C4CE5AAC76B133CA84855868BFE4B97E343336DBF53C151CF62B2980BBEFE923,827,1170,RGB
4115,page-4115.png,271015,205E51248001CCDA0144C019B8D76B12FFCA845EA835DC65200FF4A546694909,827,1170,RGB
4116,page-4116.png,208626,3181CD5DDD74FD53B7C704FDDF99228A59CF26D5DD378931791BF284F44EBA9F,827,1170,RGB
4117,page-4117.png,230264,174E6994466BF4400DEE9CC100B45BBD60892FA14A1A5239FF4CA09683006874,827,1170,RGB
4118,page-4118.png,312626,DC14EC4B9EE1447D727999E8D8CBDED2C353947F8AF7C83DF90A95845D682314,827,1170,RGB
4119,page-4119.png,282341,31F62A17C3B12A7391D2BD44DB94B2FAA7EC70792FCF200DE68CE3A389E61D10,827,1170,RGB
4120,page-4120.png,212380,C953E6C7C3E9D6F94101E69C6127776DB05A36CFF2FB43883710B52909C9F99D,827,1170,RGB
4121,page-4121.png,194284,C2CD6953B1D45FA83C9E415A5E970463AA86239A5316DD88551DF1B64CBB22C2,827,1170,RGB
4122,page-4122.png,235697,A93F14EDD246CB800796CE5B48A8C576984A60673C0F1E3347D3ABC0F67A65D4,827,1170,RGB
4123,page-4123.png,229709,0611E8D6F3E3B6EFFC50DF7AD5A1D2A8F2C08679A470943EA8C1AB8F05C69FAB,827,1170,RGB
4124,page-4124.png,210818,561772D6ABAD6EB0F82E622FD5F834FED6E000FE2F23B665DC695884AC0EDAF7,827,1170,RGB
4125,page-4125.png,269775,7B156FE902B05FF2CE9D29BFA7FF12AB4CC9D16918F44D0ADE38ACC53591059E,827,1170,RGB
4126,page-4126.png,60269,1DAB0062DBB40FAAE86B26D09D894D7AC0D106C2D8D2D034865BA195E2BF62EB,827,1170,RGB
4127,page-4127.png,264606,CD402C41F7F7D67BE4474B406014E368E776B627CA026FD577E13E26FF99D241,827,1170,RGB
4128,page-4128.png,267805,2F042446E43C314B83729ECEAF0CE236E851521A59DADA67D7A60C85C0B49A09,827,1170,RGB
4129,page-4129.png,258968,A1E5763866222FD7E8C5212CDBF887EDE80975915E384D73D523C846DF77AC7B,827,1170,RGB
4130,page-4130.png,273800,32213C74E166473AEA7DD92A15147200B0D1FF603051318E550E69B84015D9B8,827,1170,RGB
4131,page-4131.png,278433,892BB01EB42F8810FFD3C061E25A72D257567E697A160242ADFE865903C49389,827,1170,RGB
4132,page-4132.png,329380,CFF2FB055CFE9F1993ED9DE4E8D7BA5EA9336419C8E095814E34DE8E0519E5A7,827,1170,RGB
4133,page-4133.png,275422,727E206D04231675BB523CB4C57FF1490BA761637CE7EA5BA7E97440293DE7BE,827,1170,RGB
4134,page-4134.png,209902,31FABCE65356BD825810C4663484A1872E3AD453536F5134EEC9F827614D8E67,827,1170,RGB
4135,page-4135.png,253833,3D28448576A8230A8A0591F88DF113A55257EF27605A566ABD473F57F2B3AC04,827,1170,RGB
4136,page-4136.png,195179,D6EC23A0FA90A74EFED76B40B9663495B6683AC48485D30201A4C1DCC693D762,827,1170,RGB
4137,page-4137.png,290432,60D86E4897159790B916B2043FA4B877402BA86DD123CE31589BA1340CD1FEDF,827,1170,RGB
4138,page-4138.png,301504,0A982FBA548257DBDFC0FCB9E62CEF638AD8D0EE4B9185EE2C297ED125387642,827,1170,RGB
4139,page-4139.png,281444,45A0D5D2936A9AD18068C76D7E9A167AE8BD0D2ECC3F3C770C5050CA935EEE53,827,1170,RGB
4140,page-4140.png,264481,1A61E1366D76205E98695383E5C334540566134947C9CD028F51ABD1A3F927BA,827,1170,RGB
4141,page-4141.png,233588,DC5697BC7F6E6A5E1CC521FEDE612F8218B61D11E6D7052A2584EE529FD53472,827,1170,RGB
4142,page-4142.png,286425,C27F4677562B81AF4DE9F3864CF52DD1CD4056261AA32039E20583E139D670CF,827,1170,RGB
4143,page-4143.png,267853,24EF0733C85669605BCB8F2041789BFD8B915765948EC75E2526E2E03F6CC214,827,1170,RGB
4144,page-4144.png,292851,4719936F6FDBFEDE300BB6C24B0BE2C29663CA41D6BB80DFEEDF1C86C591D11A,827,1170,RGB
4145,page-4145.png,217013,3EA25B20D024C9818EF0137C2DE9C6872D3AA625BBBBD4407663A439575F2CD1,827,1170,RGB
4146,page-4146.png,285341,38EE9858158119A716E05DD552F9264403D8EEA71DAF4B6A962347FE47BE9021,827,1170,RGB
4147,page-4147.png,246611,F716AB75233379588358A846CDF1176A6F601285EC37DA01FAA5FF4CAB75F959,827,1170,RGB
4148,page-4148.png,216238,89CD146999A6B9B1A7395062F5AC5633E545B84B21B56A6CD23B9850D549CB3D,827,1170,RGB
4149,page-4149.png,254561,FD5E6729F139A6707EC56E13FB25E715F8B82B45551A4432421F1E4485153DA9,827,1170,RGB
4150,page-4150.png,290280,AF8594307EDFF35D194380F0A6F77C82FAEF2E8B5FDFD7E8C3393BD6F97F8EDD,827,1170,RGB
4151,page-4151.png,242555,5D666B3818316974787942A75194443DAFF39FABC7EDD5DC54754E0766F49A48,827,1170,RGB
4152,page-4152.png,202145,3D6F218EE9706393E5957328E60B98482114AB37BF42ED7121261E8D2EF001BA,827,1170,RGB
4153,page-4153.png,230128,C61957F5BA9C5816D5665782B053C7118AF6FE5A1BF16E80A5A66F9989A27C4E,827,1170,RGB
4154,page-4154.png,302287,031ACB507008040A1607F4B35245C965457C48490C02B353D8DB62BA1023EA39,827,1170,RGB
4155,page-4155.png,307678,7FFB47E224222915D26EC42599B27B8037E40B4CC7CC9C777B317FCC3BAAF318,827,1170,RGB
4156,page-4156.png,257941,187698FA89EBB495B9990827E230C3A2BA6930D5A7719D469755BF03C2BE4CFF,827,1170,RGB
4157,page-4157.png,258095,5788A8C63DDBCAC1B8F20F907271CD6504CDE12FDDA5BFBB88DDF26C417DD0C6,827,1170,RGB
4158,page-4158.png,270438,7EEC7C33B77CDE3B28DF508C8CB681607C4E8808EB51B71522CB897A36178D8A,827,1170,RGB
4159,page-4159.png,256945,1630D5A9EC08DE334DBF19A18BFF4A06B5E6A4B02D3F31E729CA45A539E038F2,827,1170,RGB
4160,page-4160.png,248614,BA8420F0EF2525FA1F68674D13908814002FDF2F3BE7C557CDF1CD3CF91F5476,827,1170,RGB
4161,page-4161.png,267401,F3B845A904C6E0A43AE75A390E0BB56D4B714F017E5B454C0E4435F785DAC91A,827,1170,RGB
4162,page-4162.png,121549,34A816C0222CB1F09ED3B9509B43BC514DEEC1F82832CCED6D04675133BAE57D,827,1170,RGB
4163,page-4163.png,222348,AC7A463653FFCA4802DC826024C68E3F0824F24DD7DE8AD4FE7FAE400D194F95,827,1170,RGB
4164,page-4164.png,285687,7DAFC586309CD6F9D9467912557AF038B2F5EE146646076DA45B5FC87D2601A1,827,1170,RGB
4165,page-4165.png,256688,9E62062569DBF2B943FB229D1809FAA0A5ABF435C9AF39117615385B2669F4CF,827,1170,RGB
4166,page-4166.png,300576,A0FF225F2D40A55E4BF0662D5B48977BAD936395716AFEF85EB74AA1CA3C7774,827,1170,RGB
4167,page-4167.png,269859,89F7C26B722352B2D254A86AB1D49D691C629831AE1D5083BC4916F678834414,827,1170,RGB
4168,page-4168.png,255250,588B110E6A8BEADCB8517847EBAB4FBC3C00A0628B87550626F13058F3824B4F,827,1170,RGB
4169,page-4169.png,316386,54E8C2A045FDE09499C8A9FE211500F4788D97E46EAA146E8DF546FAF465D708,827,1170,RGB
4170,page-4170.png,358176,3E33E6FF031B79A72364DA66CB3BAA6546FDAF5825A24AD3B3FAD3AB74360B65,827,1170,RGB
4171,page-4171.png,243149,E428E1BB157816AAA8AC022642AE2B3ED24C1C7FC28F55CEEC0F4B473BA0D420,827,1170,RGB
4172,page-4172.png,295079,F88C5D4B5C4F07CE575E96BD494B5AC9BC833F7622B088538D5FE7A4AFB43500,827,1170,RGB
4173,page-4173.png,232283,C59D89D7E271F1EC9793B6CAC01260F096D9E8EDFFC4EDF63E11AF3C3ED51D33,827,1170,RGB
4174,page-4174.png,227914,A815F80DD87A699F893C9AD80A347CDCB4565F8A27B5BA9BC321DD7453C0C446,827,1170,RGB
4175,page-4175.png,323739,3DC9864B84EB6927C15121DC08CA00EB04BBFE848D726213718FB0AFDD3C4883,827,1170,RGB
4176,page-4176.png,244689,9122F11304E263070F6200B3686357E82CD78FBD1E954F35BEED7632773F8FAC,827,1170,RGB
4177,page-4177.png,262661,6DF78A44DF1A613BD0828E2262401D2AAA2E916745AD77320CE698ECD1D821C6,827,1170,RGB
4178,page-4178.png,338402,9A544AE4B5B444AAB3057DA776783A1AEFD12858E2D2C5841C6F33A17845B836,827,1170,RGB
4179,page-4179.png,269172,13EB6776683F18C4A46AC855A51165B0F83CFEBA84BA689CC58C192A8C8CC7E2,827,1170,RGB
4180,page-4180.png,360080,439A673DF9E2B26B1C37C3C454AF4F0DED934576C2F21556A66FE3D429BEA5FC,827,1170,RGB
4181,page-4181.png,346562,CC1C244F68013CF5F037EB08727BB294A694EE889AE6E6FB82FC27365ABD7A18,827,1170,RGB
4182,page-4182.png,323531,0F457719414D687E8FF741B7355DE40F344D37DF2C63FBDDB05DB56CC23FF36A,827,1170,RGB
4183,page-4183.png,299571,DE5A0A40B43714932C171D126D76159938744E2DC81D6238494FAFF9BD119E5A,827,1170,RGB
4184,page-4184.png,302993,3E7E4C8FD828EF50E34A877D01C301D33C1D0240C23F30F66BF6ADBDEC385F21,827,1170,RGB
4185,page-4185.png,334821,BA9FFC540670F94964C36E935B1133C306A84A99F280C74B7D47346322E20E43,827,1170,RGB
4186,page-4186.png,352582,479077917F8826B2A1B6C65631289D9363C72D6573BDF1FCF71D3B0FD92EE824,827,1170,RGB
4187,page-4187.png,95035,0E05F0CB1064F147F9EDF633427013C9EB973B5B95560EF19C280C50A4AED67E,827,1170,RGB
4188,page-4188.png,282035,65087AFEF7392BCAC9F9A23F0D1DD31C5165B512BB736C5DE0990BD2A1FC6216,827,1170,RGB
4189,page-4189.png,247948,335976ED9E7373A5521D1C41285B62EF57091097D5EFE5BDDBD8D335690DF766,827,1170,RGB
4190,page-4190.png,213052,BD82090C94DB0092D4E0F1AE321DE4FED319C6E871C17837192B85E514C1E7BF,827,1170,RGB
4191,page-4191.png,300850,B9E0D1C08B2A3A8A20615BECA7C7204632267432C35E55A5D3ED7DE99D0978EC,827,1170,RGB
4192,page-4192.png,261829,96CB2E7D6F408971A04957B09401CA1D4E5859EC47CA831A42E90CCBD2491CD1,827,1170,RGB
4193,page-4193.png,293912,34860F1BCED5D13D517D69CF60186C06939B163491B8342105337C5BDEA629D0,827,1170,RGB
4194,page-4194.png,288397,7132EACE9A7D95C83B961E600766967988514B96D3556B44885084D9801AE52B,827,1170,RGB
4195,page-4195.png,340008,D50BE8625697CAF8615BB60F111F10619FAD37D8F7CA762BC4D2BC5D188CD3B6,827,1170,RGB
4196,page-4196.png,311129,1E20FD4236B0E6A4D9AEF3419F9A18187C9669D3844C86BE55849440DCBE1606,827,1170,RGB
4197,page-4197.png,338014,BA5E485B1D178392B3147BD020F92FA4A82F1714233D5D76D69497AF45C7F08D,827,1170,RGB
4198,page-4198.png,338108,DFF240C81C3410A02B3FD17BFDE3F6EC3133F6150BEAB7B187EC717C1E382C71,827,1170,RGB
4199,page-4199.png,318123,F0B24AA4DB54BD7FF4E2CCFC784DF8F64A50914E26C2E16C9AF1EDE93D03FCAD,827,1170,RGB
4200,page-4200.png,252785,F1C7A0445E9A6A99CBA8C31379D44C2CC181BB47308A99FDF0DF1AF7AC23D883,827,1170,RGB
4201,page-4201.png,247658,35E430DAC76F3C302FD1E2A04AE1DA471BF38979A2F42A2CF04C1E2F647C2475,827,1170,RGB
4202,page-4202.png,318311,341D66BB3991504E3958052835F953128DA335F435172F06980C246009A04872,827,1170,RGB
4203,page-4203.png,350948,8801B9ACC740F7E44B584552E820D31D7240EDDD07D0F4C0941C2684BB24EB7B,827,1170,RGB
4204,page-4204.png,328068,EFD0EACCC6588C26866EEEE32C9DDEE56528EB3F245C806F575E1A590E5DADA6,827,1170,RGB
4205,page-4205.png,324682,284F4D77C0D087F23CEFA7D1EE0E428466A7376D1F0BA19EC7A6BEF5E51E71EE,827,1170,RGB
4206,page-4206.png,133590,3A024F2285408C4B8F3375F2C2805C4F465A0CCE832D7E0D350BF56D61043E74,827,1170,RGB
4207,page-4207.png,217764,56BDE80EB1A64762490CBB5E8A7B70EEA9A0910EFE42961BFDB61D4EE60DC98C,827,1170,RGB
4208,page-4208.png,336118,AB0F1BEDDEC3DA9A12DCE0FA3F807AE8A30ED0002114B3B55001F4B3F1094CFA,827,1170,RGB
4209,page-4209.png,198260,5D0E36EE8EE3DBF5A30729FC56A60168E36AE409F54F4E4138F20F50ED88D865,827,1170,RGB
4210,page-4210.png,315125,1B6CF7881160E72FFB4EC9C57842780AE9BA6B050D060B84579F787DFE0A1B52,827,1170,RGB
4211,page-4211.png,335576,F4523E8C02BD10DA458187FE9D30698234DBC2017EB6E136DC261DD53AEE3264,827,1170,RGB
4212,page-4212.png,236395,E79E9D17C71DC50B01B4C6FE6CF6DB858C057CE0729F3341301506BC353C84BD,827,1170,RGB
4213,page-4213.png,279829,A05644D7285E477F323A370F0883E0DD5F0F2EFD368FAC3852AADE325522F836,827,1170,RGB
4214,page-4214.png,289458,720BE01B247FE16013BBE8D1B45A1287F6E1710ABBB55939F721BA71C7BA3F38,827,1170,RGB
4215,page-4215.png,238057,B1F3F500FD0450C4595F8F5BF5D47C6E94901A7A31FFCFC41A671F672310986D,827,1170,RGB
4216,page-4216.png,209559,8B669D3AE0B31F2484E123AA0578E35F3E722FD570C94E65555EDD8A82AE3FAE,827,1170,RGB
4217,page-4217.png,251744,7F6567A7CA162FD74896E4360FC78AE3BC22AB856C1BF2A9EAEC94BDA4630C91,827,1170,RGB
4218,page-4218.png,320229,9088A7634E0BD3962A7ADB72FD7E7B31E8EDD9B88479BD2E046FAB9333E4D7B5,827,1170,RGB
4219,page-4219.png,265381,00EEC4896BD278D49D836AFDEBAA8634F29561A2BF05DDAAA4046D4E5E41D8B6,827,1170,RGB
4220,page-4220.png,249024,4D8DAA5672DDE98BC582571B32592B9182B3A6068AE05A2CF5014436EB67A799,827,1170,RGB
4221,page-4221.png,177792,907E47A7ED1E87E2B730585233A6552CC9C615B7A1A8895374098D3FD7CB8264,827,1170,RGB
4222,page-4222.png,291090,2C4C5F7DBB2F210C87E03E1F552C6C9150A9323E19017E3D34A582999CD9BADF,827,1170,RGB
4223,page-4223.png,235090,026C0401D37A87F6AFC7692AF90BF0BEFF711B10CFE3DEDBD9D9798CA1980DCB,827,1170,RGB
4224,page-4224.png,340340,BB5CF75118FB4E1EEB56AA352BA1ACAB6E105AAAE59683E26ED58F6D28ACE777,827,1170,RGB
4225,page-4225.png,311595,1D9873DCF4135DFFFB35AAE29B76BF165DBCD6AD58C4454FDCF232E91D48D467,827,1170,RGB
4226,page-4226.png,232660,20F6F0896B0307FFBDD659A8CE4A0C7B8DB5A8763A3D12DE8322FD46ACF2F366,827,1170,RGB
4227,page-4227.png,306998,E44C083FD7EFFA9F16C83A3FF2CB264EA3F9AE05D56BC80B492BC4AB3D22D6D6,827,1170,RGB
4228,page-4228.png,263706,CD1FFF8A3679D9DF56AF856CA859E06FE1E3C1E215A199F3E6B02414F0F6018B,827,1170,RGB
4229,page-4229.png,256463,85727E76D7CDD163FFEAAF7E9F95C285BA63C2B85538567E3F612E264B1CCD8D,827,1170,RGB
4230,page-4230.png,287917,AB169F6C6C10C5F136B9E349EF2C73DC425D0C446558D977FFC3A49ADF7C6D75,827,1170,RGB
4231,page-4231.png,270980,FD8B78081FE56CA69E8596F9B55156BEAFB311F22E3E6EE7193073696C2BE948,827,1170,RGB
4232,page-4232.png,279813,D94023C1EF3CD2B1E7A94E5AC08947ECB6F62FFEA1258785E14D38E6222C40B8,827,1170,RGB
4233,page-4233.png,268865,05B844CBA0D9AF689B2BF50A0DB7D550BD5999040D34DC770C4794021FD628A3,827,1170,RGB
4234,page-4234.png,351677,FE9AC329352DA31BAF5264510EDAB8981378D45C5FA73E12128E487B6E74CD07,827,1170,RGB
4235,page-4235.png,358778,5E116511B5DEA0DFAEAF7C03B034AB9B8572523AEEFE1C7FC9DF4F94112EC8F4,827,1170,RGB
4236,page-4236.png,363915,9CE14D57C6B4CB36503BF1B3008A4CBB122CACE987190166D51EF9811FB03CDD,827,1170,RGB
4237,page-4237.png,335629,32D3A5D4F0B6535ADD485E9AA8B430306796B1B00D09D5F158D4459FD0D41630,827,1170,RGB
4238,page-4238.png,289352,8700A2F7BBEE9E1CC782DF6D89E4630FCA631DB5418581557C0DFC5568E733B4,827,1170,RGB
4239,page-4239.png,287093,0EEE1F73C6BC48AA3F982399CBDADFC625A40BC49993ADAC3CEC826FAC0A0296,827,1170,RGB
4240,page-4240.png,343486,D3175CB132407CCE07A283E3370E02D48E3E299C807D9BAE21A2B140510FEBCE,827,1170,RGB
4241,page-4241.png,332589,B305DB14D6EE5B131ABF2FF79D17AB8652961F26FD06BEA9856508693E77F8B7,827,1170,RGB
4242,page-4242.png,279408,EC743FFBC6E2751CB5AED20782B6F75A7C56FF99B67DCE8533F4CE6968567319,827,1170,RGB
4243,page-4243.png,230956,5CE7F4119E1E0E14853841638D26D760D8A12B22D370443D2B9E3EFD813CA91C,827,1170,RGB
4244,page-4244.png,231442,32564C44807DCCAA778ACD217CC9AE7AE0D8072710A77342B51FBF8965312DFB,827,1170,RGB
4245,page-4245.png,211025,CF2784373474BBC44AC7601A5ACDF4271A9C4261D60FAE20D5CA6651A46A5012,827,1170,RGB
4246,page-4246.png,280946,59B4C74DF21BEFC569DABD525E8276EAEF2E0AEE2BE85D4C412273510266E8CF,827,1170,RGB
4247,page-4247.png,300875,677E694F467077E684FC36C04E549061B5696FFCF7E843E6A8BD7A93828AF3B7,827,1170,RGB
4248,page-4248.png,288024,5D5C12C432BFEA7BF08308849E5B62834CFDEF94C0E2178380438C5F08497119,827,1170,RGB
4249,page-4249.png,285400,580E260007C3472550884B2D5DD2DEC4590E4F085DEC11C157C062B56763C65E,827,1170,RGB
4250,page-4250.png,240837,F9832A3AFE274E6A85E2021D93173798A8FE399BF02E94AB2578B0539B6C3E79,827,1170,RGB
4251,page-4251.png,253055,A70476EA25202BE2BE105B9E1381991E5CECB8294D0CB1694EC0A3083552B5BE,827,1170,RGB
4252,page-4252.png,340935,4E3750997FD94F5818DA406D043F89E5AACA4B3EB3E4995F5A752C247AF85320,827,1170,RGB
4253,page-4253.png,278630,FC4F6239F1B1D2A69360F9D80AACF8B9F36003139B6B3DD59F7E8C9A47DC07C4,827,1170,RGB
4254,page-4254.png,314225,F98A1CE218D6F824459CE5EB309726E0F0866C5AAF0A6FA34E1F679753D4F98D,827,1170,RGB
4255,page-4255.png,394966,5A535E9CA6B8BC0CE40B951C8343EF8E9FB8C48FCF3FBB7C3252EBE796D80408,827,1170,RGB
4256,page-4256.png,369102,DFFAFCBA8A6BB43A95B78F74100F9AD016164322D040200C873C8549708BB81C,827,1170,RGB
4257,page-4257.png,333422,B0F0284A20705E9BA0F41E8AED960C57DA653A23A603F9745A955179969EA5D5,827,1170,RGB
4258,page-4258.png,83462,6A3D3B0090387556F7CF6C4C21C13B98F778959F28617122035CA1E90275BE6D,827,1170,RGB
4259,page-4259.png,285595,3F3AA14BE8C944DFA381511F9899DAFBE27F6E6D28DEDC81A1957CDE9B42A025,827,1170,RGB
4260,page-4260.png,215591,BA48223F41D3F0019B30A419640AB59E91933025775D61BB8CCBAD471430A410,827,1170,RGB
4261,page-4261.png,290555,368AE4B2072A317500AD25DBBCB98CA175D768493B809EF3B60EAE1EBFFDE609,827,1170,RGB
4262,page-4262.png,356543,4257B3A26C6CAC51A63144EB83321ADF083EBDC9555DAF64019CF5C24D757B98,827,1170,RGB
4263,page-4263.png,338535,9DBE3CD88C82049D7BF38A56EC7F1EBF9C6C74189CED6C5B7409E9D09C139F95,827,1170,RGB
4264,page-4264.png,299515,02C25AB3574FCF8AD2AE8D4C248158F30BD2F70BB29F64487AD01D30D44FC100,827,1170,RGB
4265,page-4265.png,314717,CBFE771257F1FB69E1E2072674357B4D42C9EB98AB8AFCA7647F6A5C0C71B1DD,827,1170,RGB
4266,page-4266.png,303419,6F061EB799BEABBEB3F19B3B824D3AED8ABCA3A862B037C05B36802D086B2B92,827,1170,RGB
4267,page-4267.png,325435,BE39550F21465346A39DA6B60EB9B8E46631C2F71CE258A10F71E97B7C276599,827,1170,RGB
4268,page-4268.png,263688,C0A47D9D2354B444C6A68A7D8224595EF9E69CBA0A6494BA36A74071E57C4D32,827,1170,RGB
4269,page-4269.png,304927,2B79DC416CAFC51068E47B82818B13B43EE5FEA58624A07E64B40780B4BED774,827,1170,RGB
4270,page-4270.png,278305,1F948DAEE321F8A81D0B96B1C5D8AFCC42F6CD29CE14555FFEFDFA02E38921C3,827,1170,RGB
4271,page-4271.png,245356,3A32F85C17573CEBA2550E6A764A1ED976D34A4FD156C97493D1AB988DE19FA8,827,1170,RGB
4272,page-4272.png,267463,7045D4C079933E4D3C05FC64D6E783B788E04B417B54750EAD3713BF6F4E8BC4,827,1170,RGB
4273,page-4273.png,258426,E1C9A67E5761B20FACDCAE6BE38A1BD00201138D762913684B9D7BFF3511A7A4,827,1170,RGB
4274,page-4274.png,257443,F21E772039727717F2F2197257CACE7572BFC34CE90697E98420844809C52A75,827,1170,RGB
4275,page-4275.png,238388,8A6A93D282766132C071098851521EF2141D262C57008C1829FFD868A307D21A,827,1170,RGB
4276,page-4276.png,286411,88DDB088AF620FD232B4321B13FB4792CFEB03823FDAF3CC04450E4E88F0B876,827,1170,RGB
4277,page-4277.png,240746,88A96F47ED0CD2B94A75B64F9A22F1985BC3E900FBFC6580A5A595E9CA50B422,827,1170,RGB
4278,page-4278.png,300566,4AA0C4F0AD15B4A7B817FD0E8105F29A077B69ADE6FCB3396C32F5F98BB2C4D6,827,1170,RGB
4279,page-4279.png,308009,9E8351E51AF65D28779F41D55DDF49925B56365FD1F920FD1AD51A9BD1A6DC7E,827,1170,RGB
4280,page-4280.png,325546,3BADC66BF5425E166BB1C0D0774EA8485A4383BD720EF8CBCE89A59985E2A321,827,1170,RGB
4281,page-4281.png,352075,D3BC042852FA808A4BB2C8C1C58C9E4C1C8913A5325955083E6F3FBF578B2686,827,1170,RGB
4282,page-4282.png,321772,1BD4B8409EC0C18ECBC38F8F245B17BB68AD7654D17B77A75B30E650F83368EB,827,1170,RGB
4283,page-4283.png,348325,DF625AE095254BC573106E46110F66498900CEDA98BC488F2BC70068AC902225,827,1170,RGB
4284,page-4284.png,43724,EF8E1FB0518D5AC8933433786729DDC2B8FE1A5A02736EFB914D82EE02631156,827,1170,RGB
4285,page-4285.png,288773,852B2B82F4A57E2C2D5901C9F4C43F17C098AEB802C908BEBD32E8E7798ED57A,827,1170,RGB
4286,page-4286.png,348345,2E4552388C2582E5C8D17F2A065614B3A381376953D33A367EFB33653F2F75D3,827,1170,RGB
4287,page-4287.png,301393,D4FF4230B8F0CF06B96E3E4C332BFF3056D9CC61A396A17F4A2BC5A509B4760D,827,1170,RGB
4288,page-4288.png,236025,AED60445891C4C59E314F54CA7FBEEFD849DCFD865D5131905D2C4C75DC024F8,827,1170,RGB
4289,page-4289.png,221503,94C26616CBFF7236245001F00C8567C93E745D923A261542E762D8B3F9987B97,827,1170,RGB
4290,page-4290.png,275203,FDEFCCD80E3614D36FACD3BDF63847722061DA7BF8175CEEA6E484D28A3B44EB,827,1170,RGB
4291,page-4291.png,269243,04B3FFD1E06C593D917155569281951E4F31B1CAFD06904C9DF300D6965D2789,827,1170,RGB
4292,page-4292.png,270666,C0192440B0FCF8531B2E3661F5E08FC9D8815BB38B49DF96F1E2034FD26A5B3D,827,1170,RGB
4293,page-4293.png,316410,2CD2E90C1BF52B3E7DE22E444E5019C659CC14F3EC83025FFF12A439DEB24E61,827,1170,RGB
4294,page-4294.png,300293,4DD983D737F206527F33F1DDA9A45DC0133879ADF438459FB7AF328D2EE46790,827,1170,RGB
4295,page-4295.png,318201,280E4934276BCA6B9B756D880BFCEF796BB0B5F419C1CC8FBA2DFA22A4A42CFF,827,1170,RGB
4296,page-4296.png,299842,317B640805668270F0ACF9FE374F72BD1A6DE87C90B938A176DDB07C59E66839,827,1170,RGB
4297,page-4297.png,299474,54F22F3D44A76B155F8E0DF09250ECD3CDC7D388A494F80D79C9D9434D4EF232,827,1170,RGB
4298,page-4298.png,248270,8B4AEF325A9744C05F4F3029B55C1826D1EF903B5BBD84A651252EA6EDEEF79F,827,1170,RGB
4299,page-4299.png,243594,6693675DDC6A25ED4E9CD1DAFA38632621809F14172DFE0BA508640C3C2C317C,827,1170,RGB
4300,page-4300.png,305771,B6EFC4E2803591B2009A4DC30BA8728A4D26F73B668210020626D205F07707EC,827,1170,RGB
4301,page-4301.png,326662,DEBD7771C8F3862BE699B4409ED5129F44E99690CFA3C35179121DE026165E49,827,1170,RGB
4302,page-4302.png,291086,200748446C772E42CE869CBB1E9503A40D9EC802CAE8E8D9F17D94D60975FBA8,827,1170,RGB
4303,page-4303.png,303843,922B89EC6C6895ECBF2826A39125742BA767412546932312776DC652BBE4F5F4,827,1170,RGB
4304,page-4304.png,306988,B44AF3B70C3A3B5B405348A568A4AC2382E63D1E4C50337BBFAB0DA0C4941CCD,827,1170,RGB
4305,page-4305.png,327495,98E9EF6D3B95399C5DFD5497A5685E53B2A44EABC9093D2922A752DAC3933C97,827,1170,RGB
4306,page-4306.png,228553,4B5AC853535D8F25EF300A36A0E42A48B75F632F308F42C35633EE0B3E134A2D,827,1170,RGB
4307,page-4307.png,195013,3E9C18EB38FD0781E254D2E0BF3B22D2520F02AD2A61557811D61CF7C20B9D94,827,1170,RGB
4308,page-4308.png,280919,CA7FD778E2A8532789777F8EFAB64C2F3725FE8BB37C255DD88796EE8A53BA99,827,1170,RGB
4309,page-4309.png,240625,76F2B110F411B500F712C817460A70C4BFC704CC7D77FE0A1E737C186A0255B5,827,1170,RGB
4310,page-4310.png,288090,D561160805372A1B96EBF3AE7D1BD675A16FEBE7D0C5B2D802FF6FFD63CEC7C8,827,1170,RGB
4311,page-4311.png,277173,8EDB0F7A7FB8326F9B9A75A37338F6C3487FBADE2D0CBAF8A6D932BCE29520C2,827,1170,RGB
4312,page-4312.png,226018,DA723B55957F1F39419F2D64E096A19506D95D111869E00BC2FCF52C578ADEE0,827,1170,RGB
4313,page-4313.png,242857,94CC57FF5A827AFEB3FECE4EEB0DE625189AD9DDF04DB82ED76EBB771525E551,827,1170,RGB
4314,page-4314.png,286029,AAA468059C8C2EEBB24CC81430965C97CED66C523B3F50B6E87C5DF3BEC83984,827,1170,RGB
4315,page-4315.png,288872,EFC2E83298B0B8484A412740FEB5A851143D4BFCED01AC9E09EF78947AE0A8D3,827,1170,RGB
4316,page-4316.png,288965,EC9C70D86DC6976C3ABC708A641C7586A46125C963F616FBA8A816140179541E,827,1170,RGB
4317,page-4317.png,313858,4D238EAD9DEB5A355C0ABB385E078F8C3EB0B51EF729F17EE374DB0AD1EFA481,827,1170,RGB
4318,page-4318.png,342162,D7D3AB13F94DCDB52C53D9D2E3790080D35509F73128D5FF5F633ECEC0D8A810,827,1170,RGB
4319,page-4319.png,252180,DFD7C06FFD6A3AC94A6C95A5D807A5422AE9983C2EF420F33F064733A0E4B275,827,1170,RGB
4320,page-4320.png,333072,188F40E0EE1ABFEF24D89651FED325B274938D668568DFCEAF3A4204214336E0,827,1170,RGB
4321,page-4321.png,352569,13839CF87E7E008FE9E359F176CBEC2D26DB8574C3E0FBA44EDDCAD222D1EBCF,827,1170,RGB
4322,page-4322.png,328415,F87FD931D3F834A271ABEDD12BC76F009E325D223E35AC55244FA015FCE3E3D1,827,1170,RGB
4323,page-4323.png,393370,91CFE0E1DE4588F62818530F81B168F8015D222978EC6B7D61190FC526F8EA4B,827,1170,RGB
4324,page-4324.png,360835,2DAD6E223C7248F3020905049C2C3E3F8FF492F067143692107BAA50B2A35849,827,1170,RGB
4325,page-4325.png,234963,FC402011569EAB0E1EB766BC9E5D359C776227D21976F13FA45782442B60D050,827,1170,RGB
4326,page-4326.png,296488,DD6647B466E9F1F2EC474225FC15370267A96B82CC2639A7C17E1F1630CAC087,827,1170,RGB
4327,page-4327.png,321359,67E0D607D7C5CBE0D1FEF23756EC3022843213C2C8633B297BFF12FB2B9C3DA8,827,1170,RGB
4328,page-4328.png,269728,BC2C18CD20D4E2B94C3DBF3273032289A5B9CAD2A2E6E4E072354AED5988D1D0,827,1170,RGB
4329,page-4329.png,336382,14211FF2E8FFF28838E653300CA839029EE71C23017ED6AA779021590992FFB6,827,1170,RGB
4330,page-4330.png,361001,0CFCE7C287C7C73E4640F0461DC090520E6322254BB525F17F4ACA3D4D6F8709,827,1170,RGB
4331,page-4331.png,310179,CD2EC26EE7FF91E5642FD5EBCDDF57FD8C5106653B407A532AE0AE41F16B361F,827,1170,RGB
4332,page-4332.png,310050,DDD0AFA617BA2A8E13CC7B5EE55534F370C3A96338CA55AB50BA5A1C780D657F,827,1170,RGB
4333,page-4333.png,358047,FFEB35A9D1FF4385E0F8C603F9BFD7E0F90A7C152A571B3F473DC4E8D24026DE,827,1170,RGB
4334,page-4334.png,317784,FF30DAF735204E8DECC4994C368EC909807FB3A1CB56CB91060B47A20F760ABC,827,1170,RGB
4335,page-4335.png,334117,2BCC45783C89F1598A5F7C2BFC4762A6D89767F063D3CC8C6BE058F04D112CEE,827,1170,RGB
4336,page-4336.png,204201,3CCCD6DFF08EFDC2296A28061DF65B6909841E6D1E356F01137A230C263D1301,827,1170,RGB
4337,page-4337.png,329146,48685D2C0009C025B5A0AAC1D446507A2E58C8279A0ABDB6EEAD9DBE4D80BD68,827,1170,RGB
4338,page-4338.png,312900,88AA48064E8E30422FE88863C03299750B9A1C424699AAB3B30A431F72CE0E71,827,1170,RGB
4339,page-4339.png,271507,F299F0281E8D1C6DF0A953B31D9C45702602AB455C5F175D21B4D094C52615E2,827,1170,RGB
4340,page-4340.png,292229,D26F2A2DC73FC2E8532688B13E0CDD3FE3120FF3C5753EE73D8E5BCB16B7DB77,827,1170,RGB
4341,page-4341.png,263206,C6080DCBFBED299DC80FDF57314C2AD9CCFE68C2A5876F628A250CD4B3AE962F,827,1170,RGB
4342,page-4342.png,339955,CD7EFA03B75962E8B70B834C7ACEF46E140F92540D7EB7FF71CB09172EE551D0,827,1170,RGB
4343,page-4343.png,261691,6D3B6CF179EC778B43E8135317F298126851E89FDEB531C1E8CF64F4A55A815F,827,1170,RGB
4344,page-4344.png,308490,BEE6365A5F24149CDCCD6FD16261DAF2147FA0DDE316E0D43E14196D788CA830,827,1170,RGB
4345,page-4345.png,221784,14C492D79CB90EAB771BAFC50F72D0FEFCDDA2C4D32CEA9AE2F5E3E948CDAD4F,827,1170,RGB
4346,page-4346.png,336214,249ADDC8D338224927A8B185EEC3A58ACB6BC2049E782148581BE12E6E57F2FF,827,1170,RGB
4347,page-4347.png,337423,DEAAC406EB7D098B2B15AB4EED93CAC6E571684432CD358C547204B48D3D2E9A,827,1170,RGB
4348,page-4348.png,396344,0B0CD6933D753AECE1817680C6DCA01BF7FA179D771292B501975E7A8A83FFEE,827,1170,RGB
4349,page-4349.png,321727,8B97D539F45B491B017BF225B91459D6EC46D5FA84DA2FBC8CAAC1C86F1785A7,827,1170,RGB
4350,page-4350.png,345122,6942C75B72E9F2BA86DFF0D67693261314FC9DA4736EF8A7FCDEEA5826CD2E07,827,1170,RGB
4351,page-4351.png,297143,C29B80B88C921D32D39DA42E1B8B34788C366CC8E255F63128DABBB23EB36459,827,1170,RGB
4352,page-4352.png,237910,E12841631810BEA803F3712B3B05175BDBBEE376F50FB13F03B72250D1FE7B33,827,1170,RGB
4353,page-4353.png,274357,3981DF736F04039A673BB183D9558405189833E2645E1FF116BEAAF433BC153B,827,1170,RGB
4354,page-4354.png,355984,4005B03029421050AF08679FC93C71260105A28F6C2B3C66B869EE612B0E193A,827,1170,RGB
4355,page-4355.png,322761,42E842AEEB0EBB5F45ADA076D032122FF7C9E8A4C1720868E47DA1688DF4251B,827,1170,RGB
4356,page-4356.png,280649,621528707F8FAE0A0D6112D1C27A8B833C4D09B3B5741C27BA3FBD5AFD4151BA,827,1170,RGB
4357,page-4357.png,311770,DF51617073362438D068655A478CAAFF46B2E474461B4CE774917D8A851E2A1F,827,1170,RGB
4358,page-4358.png,347103,03C0BB656BC2AC3F34E447E7BC3921F285E3E9BE00681AA49ADBEA684B8C4A70,827,1170,RGB
4359,page-4359.png,362549,13F4A70792CF7FE251CE97297D10AC3E511C049C67389C6A7B2BEB831CC21179,827,1170,RGB
4360,page-4360.png,254928,231F3809B4AD5860AD5B048D00F6B54EE06CF258F0FF965D654CA374A6DC12C9,827,1170,RGB
4361,page-4361.png,296156,ED9DD4703D9FD32EBAB4C631BE349C409D9EB640D0E68017368CA2A2917BD500,827,1170,RGB
4362,page-4362.png,293330,424C246F58B86721283C26A00F52FC98B4A2348BEB64536669287F91BA45B750,827,1170,RGB
4363,page-4363.png,388877,BC3E06156E6E33261DF250CCED5F490C5587AF73384DA7FD33AA460DE90EE22F,827,1170,RGB
4364,page-4364.png,270890,32C0CBEB33568556694DCE343D9810F015D751CAC64CCB8F7E257C3F6E65E9DF,827,1170,RGB
4365,page-4365.png,323555,4CDDB4B6341E918505ED9DACEE13F48E97C6C666146744E95147DD2B91B9B2C5,827,1170,RGB
4366,page-4366.png,259682,DD9D283B110A60627C2A4D6D05E431ADE820E0D76A58AEF8CD899FCBFDEAAAED,827,1170,RGB
4367,page-4367.png,353111,A2EA797325C296B5573C95B29728DD424EB9700685C1C764DE74FAE976033FEC,827,1170,RGB
4368,page-4368.png,281816,62098C6BBB5DB1B6C401A566A8857FF72DFD4AC8EBA170DC98EEA5BBB84467B0,827,1170,RGB
4369,page-4369.png,312847,98B6D42481C3C324E2D16B1FE4F0DB60F57B82ECCE22B4DD6E21FDA144B0C790,827,1170,RGB
4370,page-4370.png,237170,42FC8BC69DABF0F2B0B17C63A4962312426D28AD652814D18BB50701A70291E5,827,1170,RGB
4371,page-4371.png,329046,C9408BC1C53357DA0882904DF2ECFAD32898C086A726EDED4830326E328BCB3A,827,1170,RGB
4372,page-4372.png,323093,0CB9204F99FFECCCE64DB2197DBBF2429DFFD0CAEB754C018F63488F53F4235B,827,1170,RGB
4373,page-4373.png,308306,CFCDAAA9497F955394E05E18DC5900CDC280282FF27B5B9EF54DA388A73F32DE,827,1170,RGB
4374,page-4374.png,275595,30773A8EF1B29CCB9DF63BEDAB329096DB93DC7417FB5E9A5A830F453C0386E5,827,1170,RGB
4375,page-4375.png,310469,F2E57C06FC07C8D9886DB37AEAD08B32F3E7E2C499F19AFAE98FAF4A7A0F6350,827,1170,RGB
4376,page-4376.png,225413,0F09D0F0895A8FDE21B110CE46AD4229E31BE29BC1A3AC20AA4DFBA8E726753C,827,1170,RGB
4377,page-4377.png,291187,F4790B23AC7AB8F26AF3A6059EA2D50FBBD8AB85F6951DEC2E043B39D4F13CB2,827,1170,RGB
4378,page-4378.png,398048,CF4FB523575C0E3D10988E658CB5ABEE1B9A41DA5FC63CE7D2D26D2FF8BA7516,827,1170,RGB
4379,page-4379.png,73495,436D5693C1EEF5B59DAF7AA0BE5C4A19686179BEFCE612B6FE873180D28FD05C,827,1170,RGB
4380,page-4380.png,290891,48AE3747CE782C92785492399616A8E2F00EC5A386CA769C1DB5159D6C779685,827,1170,RGB
4381,page-4381.png,370341,E3162AC9005EF16410A903BA10E63D787F9194F1914CB9D8E0D7F101F91B9F08,827,1170,RGB
4382,page-4382.png,357987,647C3CBF349342E2C4D1FC878391A2652A5F009C73A65D83EA0784124FE332C5,827,1170,RGB
4383,page-4383.png,270891,751250A31C1E208DD06E5317CF712789210F1F390B4C31674AC926F2067675FB,827,1170,RGB
4384,page-4384.png,244372,E2BAF71605BBC038AA86FF66E03B85C6A1FF1FFD96E3BAAC735F98DB9497BA5E,827,1170,RGB
4385,page-4385.png,196286,2CD45468748722DC2D58F128B14CE984E149689453C7184D6CC3D45DCFD179AA,827,1170,RGB
4386,page-4386.png,284657,4F8703A40F4884242EDC2714D7706566426698B0440BD3618E0D94284917EDD4,827,1170,RGB
4387,page-4387.png,244067,A636DDDCEBA4965BA4A160AC1231F91EDA690EEEAA53F9DEE4B3EC20B406CCEF,827,1170,RGB
4388,page-4388.png,280358,28601ABE0D087571FD1A6DB56960DC7FDD2601BE8663336B605BE117ECFA20CB,827,1170,RGB
4389,page-4389.png,328556,34273915FAB08B19EBF0F8AB5B372777E1489336ED57994005AB4C3A58F5B4FB,827,1170,RGB
4390,page-4390.png,268235,601B00640C711BAEC1C5F20225437FBDCBE6E9BDC49C1381F569E7CE7F24DF9E,827,1170,RGB
4391,page-4391.png,245056,513A0A916EC15EDFACB925059459AF4B4C9251914DEACAC736B6604E909D2B1D,827,1170,RGB
4392,page-4392.png,273318,66478A6EB265FE1F033DD066728CA4451C699ACBA17CE8255831B7997F68128E,827,1170,RGB
4393,page-4393.png,326686,A43A405E5E80D1D82CC89D1AC8F55F608E8C65E4203A45482B23B3842A81CB29,827,1170,RGB
4394,page-4394.png,231435,9B0A6ECA383B2A97FDA5CCFBBED78202DE6C229E838B7AFFA241424AFD496929,827,1170,RGB
4395,page-4395.png,359764,8AC6186DDDB4579B01394B9DBFE519ABE6D6D792AD2B3816285857C6B43920CD,827,1170,RGB
4396,page-4396.png,338161,AF6D028DB24B6DEA187056B27219E6A1FA03750D0C1B0E100D06E4D94EEF8041,827,1170,RGB
4397,page-4397.png,300849,03475D200123FB59810FAC1DBE664B479C8D4A945FB5AFE1CF6A60EA596C06EB,827,1170,RGB
4398,page-4398.png,370039,D19C7A4331CC36A760EDDC42C4F17D8F23C31C440D29D043E7699DB0C41E8338,827,1170,RGB
4399,page-4399.png,339752,EB323CA5559D42A378B57096D200086A8EDE2BDB4FFDAC5F8F4D7A7DFE2CF859,827,1170,RGB
4400,page-4400.png,287724,540AE49ACAD4BB5F4C19029E00DDA022870909C78C010DB7D339F253A916186C,827,1170,RGB
4401,page-4401.png,298095,1505F483C11DA3BA463124E426AA23C976D907B1ED0E63F33377B19CD2555853,827,1170,RGB
4402,page-4402.png,96034,0AF636E6C43210A7E201C031BC5E46FEFC6ED160430875BC58600E7A49DC6537,827,1170,RGB
4403,page-4403.png,251955,CFFA0A1803404C63149B1ED2C8A17193ADB6740DB98C40F08E121411297F329F,827,1170,RGB
4404,page-4404.png,312384,98F3B4A8558511EFB477812F40CF4966ECB1B8E45EA095324272D9CC395A9BA1,827,1170,RGB
4405,page-4405.png,349625,DB1D98AA57346F39395D23F4E719564BAE718C3E4739291C65ACD79B61E77728,827,1170,RGB
4406,page-4406.png,285095,7E249CF06B1954C68ABC78922689F040A2ADC919DD5BF8B3B393A1046514A25D,827,1170,RGB
4407,page-4407.png,262995,C0274EC81ECBC579312ADD7779AAF63177CE7AF80A98DC89582BD259559BE126,827,1170,RGB
4408,page-4408.png,232926,54310E3154714B75F7B34190306643E1234C083C8C26B8AD06F9979EF146C665,827,1170,RGB
4409,page-4409.png,283966,306FC69B397AF8C6439F6CB9EF652A87659077E1DF33C2291B9EE7946FCB3AA6,827,1170,RGB
4410,page-4410.png,249108,D75BDE6963234C92353EC1E98C612FB0CC8FEF3D1A365036C2653E90269AE533,827,1170,RGB
4411,page-4411.png,220306,9BFE015408CB22D4913D570F57201E6A599B85BA94F56908531D3DB6B2E523E2,827,1170,RGB
4412,page-4412.png,223823,59DEB7C8918160ABDC620D324F709B53CA64FEA058A2E870129785948E2754A0,827,1170,RGB
4413,page-4413.png,303292,E4BEE4E2997E5F597591755AFE9D877F2F611F3F78A7483FCC3039FEF8F975E9,827,1170,RGB
4414,page-4414.png,249368,386C750EC49AE2737481CAD6E2902660C390C7258BB968177873808C750C258F,827,1170,RGB
4415,page-4415.png,288352,95649C628B5E1D729920989F5CAC87FB7CA097A14F9EE50E871790A1F2EC773B,827,1170,RGB
4416,page-4416.png,232171,1DD4E590FBE6FC34AAD81393FAAD39739BD455298C2CEDC1B12EC72CA0FFE9F2,827,1170,RGB
4417,page-4417.png,308880,4164C7CDE4F7839D51E3364EEECC986C18304275DD98DBA6C823FB1617A3118F,827,1170,RGB
4418,page-4418.png,261082,5702195A93E5DBAADAA138B5FACBD952BCC3B8A3B3D3C6835F3A647A0995194D,827,1170,RGB
4419,page-4419.png,225755,7466052A2C18F234838A648C67BA611426CA8CB1DBCCA2A76F2DD726BBB5AF50,827,1170,RGB
4420,page-4420.png,224561,2F41E3317374B10F1FC3F737989AB0603CFE7292B04914F6E811C6822682C1C6,827,1170,RGB
4421,page-4421.png,243881,3798F05D8D67CEA047CC903523EC54EF0B6F3DB595728A8AFF17D4A21F06D97E,827,1170,RGB
4422,page-4422.png,350469,57DD73BF1D4AADD77A9B29C98887F5DF68714F213C11C0E2D4A14C19BF82FD95,827,1170,RGB
4423,page-4423.png,228688,FC318DB20C2CE9CA0F3AD95FE013F3E46093D2070665B270694724BDA8524E2B,827,1170,RGB
4424,page-4424.png,254917,F09A1AD0AB8DA6A9758E48C3C47C93AEFF7ED2DFBB732E9C28659285F403E287,827,1170,RGB
4425,page-4425.png,307877,0C7B422A70213C6842813227B6A3ED1A33E98C9FA087415D9E64FE570F52EBE7,827,1170,RGB
4426,page-4426.png,288010,E866011CE40C42FAF81C9F7B5E978E27C668F1C63AAC40C7092D487613813E7A,827,1170,RGB
4427,page-4427.png,303002,1E705A8B14F10DAA745C489DDEAF640A52B6023089354CACC57DFAE814533908,827,1170,RGB
4428,page-4428.png,241853,DE6F812CE9FBC332156EE249D9A585DDA3658CC4DF8416861BF9B80E162B3372,827,1170,RGB
4429,page-4429.png,330692,EC81B215BE1700D52B04F378A9485B9557E2293AF0C2512754BD1F9F63919DD6,827,1170,RGB
4430,page-4430.png,262115,317C5F6CEE38DDCB9655A452D0452F59A5F9C836332B18AABFB5FFFD42173C04,827,1170,RGB
4431,page-4431.png,251013,0712400023F0C01ADA7D50CFF8C778BDE55556EC252DA101ED0E9077109F8C65,827,1170,RGB
4432,page-4432.png,348944,6E304AE18D7C43A10BBBE9CEFBDB9DD3E3F36F590151A7E16E5323034FD4D046,827,1170,RGB
4433,page-4433.png,279020,AF1B7679819A490201955A52E13B7D5555F7F8D451E951692EE63DF4194268A0,827,1170,RGB
4434,page-4434.png,272007,79C2A954E7F7ACA31A773C522F96FF4849E62C6C69AB5B24E390CEC1EA04A785,827,1170,RGB
4435,page-4435.png,295217,9D7279957BDAAB01F6426F9A727EDBF5882322260A4C29B5EDC5834C634F1B3A,827,1170,RGB
4436,page-4436.png,366644,ACBDAFC3B22BC66528180DAE06E5D9E7D87A1F68B94D383E24BA7B20F9174A11,827,1170,RGB
4437,page-4437.png,359504,81C62A6B3D7D79DABC7FE8A0E92AFC682A5FB7A9AC92FC93FF56BD9C2F040DF9,827,1170,RGB
4438,page-4438.png,280872,9AD13583C640057C1593EA62438B78F7FA7AAE99046522A7D926D543C7E28D3D,827,1170,RGB
4439,page-4439.png,296566,3578A8B3540C4AC32C1E0E96D552B9A5B3B934CCAFF6C8DCB9921BB29CEF6ADD,827,1170,RGB
4440,page-4440.png,257187,F80EAAAC2E27E0F86F1971BE6277A0D45CC5959919F976C1E16F7D82232DFAD0,827,1170,RGB
4441,page-4441.png,355504,8688493F80C22F80FFF5A317C7A8C6A8493E764741FB453A190AB5B3143ED52E,827,1170,RGB
4442,page-4442.png,383983,37C63A208DCAB0495C131C6C1BDB3E843248397DE9B67842112316DDB746B240,827,1170,RGB
4443,page-4443.png,319995,02D15601C2E9A9A5D6E29A5B9FE694B513FE96FBC9795011FA13A190DF18E7E6,827,1170,RGB
4444,page-4444.png,209217,BBC5327DBD7A86B187FCF26D973E4690A12E07FFC92151A3AA0DDA8F5C16BF64,827,1170,RGB
4445,page-4445.png,336670,251A7C6533E0B3ED5EEFA6488CAF7C8601A0B49236337E2777A07CEC8ED490F0,827,1170,RGB
4446,page-4446.png,234320,28AEEB597550D120B84477DD32DB6F5619D6E557B57A48DEE4F02C0863317575,827,1170,RGB
4447,page-4447.png,361587,D090D7030B3C02CC22EF65E05A0594B6A40923BFB50762FF5FDD81F5EACEE2B6,827,1170,RGB
4448,page-4448.png,359920,DDEA970229CD99A48B26B94C8A51A9DD1A53CE2926497BF8E91C4D6102837FB0,827,1170,RGB
4449,page-4449.png,339489,992C8512B8736DF6254903D78DF0BDE02D0C5789E03327724BC51F4AD44C7B55,827,1170,RGB
4450,page-4450.png,348371,2685E7E1ADB5F84152C61A4093FCAE58D0C52713D3AB476E4AF29EAF566C4EA9,827,1170,RGB
4451,page-4451.png,360864,696B5F1A0B7C4A7398A2FF35083539192FAED326907F42CE7B3FB965327BC09A,827,1170,RGB
4452,page-4452.png,356937,EA23E3321D6D2C207A803C77AE5D703DEEB473A94D609B85D58F194C468552C0,827,1170,RGB
4453,page-4453.png,319355,466F80393BF0B2811F0A8ADA738F280C487487D207D1728CCF6667DEA12C51D4,827,1170,RGB
4454,page-4454.png,268094,0C4D81057D115A8F359F41FB9A9DE3A0D5F1573E4D8E8855759EC8A7D6EB35FF,827,1170,RGB
4455,page-4455.png,290337,D8FA3014A1C6D72F57B7C748CE8F8D0EB2C661A8DBE15CC6A72F4A96A9FAC6E8,827,1170,RGB
4456,page-4456.png,290471,9624C9442B4A9E0700231F122F0267086A4972801F30506F445F3DF32EE5C738,827,1170,RGB
4457,page-4457.png,296845,0CFF110D0CE01E95054139560C9282B49390B154E5DB14496A2D44E64365ECA6,827,1170,RGB
4458,page-4458.png,339722,3838E70D6D5642EA6EE611BDE4E4F6CC5ADF6753B46801F6A4F6C8A5788B0ABF,827,1170,RGB
4459,page-4459.png,316020,974C22A339F0A1246EB4468E6E130AABF90201487FF4B3B01CE45BD54EA39D14,827,1170,RGB
4460,page-4460.png,246562,C1C2D3EB8D58639A25196672D6244FC2D46F749D2BBFA944CF072FB96BF6D2DD,827,1170,RGB
4461,page-4461.png,301308,6653DB613D3F5B2F1AEAADBF9F1870F5EABEC0DAAA5262229795D4280B2E3D57,827,1170,RGB
4462,page-4462.png,327041,0020A1E517B2514F70AB7A270CBBF2CDC6AACB3EBBEE4A285B9C1A06F53849E0,827,1170,RGB
4463,page-4463.png,277400,C9BF28B26BC5F081DE2B84D3028F141688248CF702DFB7A377342C3F7A07D295,827,1170,RGB
4464,page-4464.png,293410,EA472BFBF5CBB84E24BC92AD7A392D720077403D331BA56489CB293697D63C5C,827,1170,RGB
4465,page-4465.png,252108,58507BCBFACCFB37F264187B3989D24D1EC7549A3D1C9E8C096F6A3B28456B60,827,1170,RGB
4466,page-4466.png,240648,F0C92CFA8F0EE54DA50ED8EE0A6A955C6B1141DBDC0D3604CCB8660DD4C89FF7,827,1170,RGB
4467,page-4467.png,264553,722356966F6C324FB5FF5A78D945A0EC9412CA737121065A23F3C71BB7A58CDE,827,1170,RGB
4468,page-4468.png,238457,A56BC078A4BAEB9DF4BD1AB4085B694CAA5449567B59C6A0A97007A88E43197E,827,1170,RGB
4469,page-4469.png,209563,7AD190F0B66EA8EFDCFF8154BD92D86FE3B7299234852AE4B8B948BCD831278F,827,1170,RGB
4470,page-4470.png,228496,26F694DFAD3FAA12E5474D41EFFE050D0475EDD17D95143C619ED3B56FD589F8,827,1170,RGB
4471,page-4471.png,256322,466F798530069989B93BE66644FECB15370F3A73E1DC8313BC9A11248A56B519,827,1170,RGB
4472,page-4472.png,285227,05559D5C1A037D91A53D8EAEFF252C9FDB5F12090004A75631A9F724117F4446,827,1170,RGB
4473,page-4473.png,290292,C7E4C20F0D89201BB762D2CE71F37C14451A7A182F4C69AA8DC4CBC349D9A100,827,1170,RGB
4474,page-4474.png,330335,53C4404D4375D0E3F810F87352E3B306BE08089C57CE6290856BF72C780E6F62,827,1170,RGB
4475,page-4475.png,310677,5687D5AF322B98ED471E5886BD4CB5BF04A1727088CE87B792996208C1A03FD9,827,1170,RGB
4476,page-4476.png,351225,4747152616D84275A1C03DE2CF7B9E0227D3D5D6FBA1BFF4CEFBC25537811274,827,1170,RGB
4477,page-4477.png,315239,B70A59FF8D87195A67863BE4E094E4958640F8BB33618E4272DEAC2F09B37418,827,1170,RGB
4478,page-4478.png,195149,EB5286A1DA15BE963A46E0A1B4D3D75D122BF04290612FFC528556C064A0B064,827,1170,RGB
4479,page-4479.png,226309,2899CF90024B7C6E5EB2C1E280528E7348BF9372A976BDB3D5BFF84ADBA8EA41,827,1170,RGB
4480,page-4480.png,185895,6B1222FA5EE639A76E96EA2B4F5D04597E822A1C998F812E170854D9DC71E4E9,827,1170,RGB
4481,page-4481.png,292161,DB9198188D81FFC4940771E79763BCC1BF7B8873970804CB16437E1FC3B2F515,827,1170,RGB
4482,page-4482.png,375626,41DD007FA815AEF68D10CFC2EB9BE87EAF41B6322E2BCD6EF22E9C22BEABA2D0,827,1170,RGB
4483,page-4483.png,256122,FD0EF2094DF502A1EBB143EBD1E4F9496812AEB6C6057027BCE0E9357DF18991,827,1170,RGB
4484,page-4484.png,272804,98410A97A4C1BBB2D85C2D885418FAD10669DE7948D5DAAC018F9C935ADC285A,827,1170,RGB
4485,page-4485.png,215868,B5D2D6811DB7713A3A07135613E9E38245F36F6524AD01D59BFB7696D57FEA9A,827,1170,RGB
4486,page-4486.png,231556,AB142FFA26785A07C570131237B84AB8043F06C911A99C82CE5604B8B2A45065,827,1170,RGB
4487,page-4487.png,251785,23342F320D7C6D02EFC96EA4D06F14D98B9E667DEEAC81180BAEC022A0CDE244,827,1170,RGB
4488,page-4488.png,302956,CF6CD5BFD0CD91D0FFDD06A4DA9F9E4E7E793E2512C3CC47E33B371402252D51,827,1170,RGB
4489,page-4489.png,328271,34133DBC98A3B61D210BF848788B49F6C470A299D85D48E40CD837DD6EE236D9,827,1170,RGB
4490,page-4490.png,340037,0B6E179C084754175CCA3C1D0EB6A0AEA8DE25588177EE3E341D35F7341B9C31,827,1170,RGB
4491,page-4491.png,324995,771ED5273F1E88BFFECEE0CBE7CF798A4E30EEC0118198A9E54A5D13745DCCA0,827,1170,RGB
4492,page-4492.png,290102,573E8B3B32D35283FC52C73B8490185130325BAD647F2B077AE0447C9718C322,827,1170,RGB
4493,page-4493.png,263448,A9C4C92AE360FD36573E945E73A0643422E02F9C821FB61D45841A902C9BE892,827,1170,RGB
4494,page-4494.png,357987,074D6D2517E4D246020F09EAF19E28EB73D6788205B0528EBC8B8A68703CF5ED,827,1170,RGB
4495,page-4495.png,346997,689CA1488460F6C10C8B0E9F458C6392E7A588C9EA7D76E98483C5245E3FEFDC,827,1170,RGB
4496,page-4496.png,354134,E166844E41096854EEF05C88EABBE933F662183F7D59082327EABE0C9FE4B151,827,1170,RGB
4497,page-4497.png,266666,2DBD0FFE8C2D4AC293BC85352320E200DD2C209A8DA6C68591E98F4720802F04,827,1170,RGB
4498,page-4498.png,350036,A04A98C3A80CA875E868325C9DCCAD4DEAD895CBBF911CAA9CDEDEF6254C665E,827,1170,RGB
4499,page-4499.png,287312,E46A9D25EF50A81B85712870CE199C98A49E2617BBB5D629CAAF0125097CB98E,827,1170,RGB
4500,page-4500.png,273513,93011EBD90BF7E0A5035423DC46908D5D191A4968BF0B62C73FD575671319972,827,1170,RGB
4501,page-4501.png,240638,E8AA3A5DBA0064AF880C3906AC4150A87275CBB7BD7035DDFF9B239161BBF13E,827,1170,RGB
4502,page-4502.png,228811,E2449E02CC0067EF0302F02EBBFD2C40D9BDA772B6F69D0208B9221FF21AD887,827,1170,RGB
4503,page-4503.png,297553,20E5FCCC62AC462BBCB9F142CDF8B17D022B43EF3212D64D7255A57976FE31B3,827,1170,RGB
4504,page-4504.png,274531,414A2757BA832F48649D2CF7DB35463800D21555F669D12BDB6A5EFBFC3F9805,827,1170,RGB
4505,page-4505.png,347821,FC2313E81929633F84D8714002BE54C771413A43023B535D77E23B6152D2C0B5,827,1170,RGB
4506,page-4506.png,272670,A9CCE9EF6E7645D13AF8E0D3A7D7FE8C694F752286DEFB85D38013C3E204DB85,827,1170,RGB
4507,page-4507.png,294287,77C5981234ED1F370E6A4CF071C7FB0B662F08F6BA1520136980CB9B315BCB3F,827,1170,RGB
4508,page-4508.png,247683,8A527C084B43A0FF2B468DBD15259F3B21594F2AF9FD5DAFE2931864DE0186C9,827,1170,RGB
4509,page-4509.png,252531,676182E2998763BE549615A4206709B73BF3552EB4C77D2E2F4859053F72CD29,827,1170,RGB
4510,page-4510.png,246814,2D77EFE7D0876641CC2CCF6815DD62911E8B08C74A12202BC727A65AFBEA5C34,827,1170,RGB
4511,page-4511.png,395298,A6870DBB3B6406B831402C3A402E8A43D9BA44D0746D0FA8D361CC7B466DAC0E,827,1170,RGB
4512,page-4512.png,329689,2443571277F112F15433365A0334408F54DC225E87D419FF899B1546626F353F,827,1170,RGB
4513,page-4513.png,347280,45D43A475CE40C91EAB49DF5DB0F17AF7842CB31E0BE378C7CF42E8308F7A864,827,1170,RGB
4514,page-4514.png,360843,CAB1EDCEDE55D9E8216B87AA9520E4B2DD62088B237F91CF42FBC210968E238F,827,1170,RGB
4515,page-4515.png,193252,C7571720D5701B9859EC0D9E4FB0766BD0010A47B9C726711D2068794B287763,827,1170,RGB
4516,page-4516.png,236349,94CD95F19947B2E402FE15BD27229C737AECD6CD2C63A29DD914A916FC5DCC0F,827,1170,RGB
4517,page-4517.png,320074,39835E406B2039486E3A82FFF844A581B0CEB5CAEAE223D1AE6E3F4602024FD4,827,1170,RGB
4518,page-4518.png,284697,1A05AFBE0C71B34090C8DC3EB0ED9D261D6B3D7B1C605C07727E9D2CC32285A9,827,1170,RGB
4519,page-4519.png,252020,DE42E2FBBDC2835477B4FD8D611FDDB4BD2CA17EE468FB2B4AA9E144D69E9D42,827,1170,RGB
4520,page-4520.png,290255,EAFB8B2D778DF13088FD0AFE208FCABC921BB93A6C61FDBD32AAFE29B7E1FB26,827,1170,RGB
4521,page-4521.png,241105,7EF9ED429B144EB0C2C4A5FE4BD3F468522817FC64A2103E17ECFD7E1120EE76,827,1170,RGB
4522,page-4522.png,275719,9190E4DDCE034E20EB9D0282751A3A36B6522ED9578856F400D01FBD3797E966,827,1170,RGB
4523,page-4523.png,258135,47FC0FAC2A181EC7F0BB623D0612D640C316C9AACEF217F93DCBFCB36009D730,827,1170,RGB
4524,page-4524.png,359967,8E63590E339A9D730FA22665B602D97B6C226A38010C9599AC99910731B7383D,827,1170,RGB
4525,page-4525.png,302906,2B6D62002ECB2AE42E052B84FD21F1C352B4CC752ACBC610475867252ADF42DE,827,1170,RGB
4526,page-4526.png,64273,7746DCE8EEA1809C0F813E2CC49587E020565BFCFBD5546609A6F2F1DD39503B,827,1170,RGB
4527,page-4527.png,209957,D41BBFD3398A2F49A691E5F83A81770074892C31CC9DDE2D71720F399DA1E1D0,827,1170,RGB
4528,page-4528.png,211500,2D62F4630A31B6A29762B428EEBC1B3A98688B0AD3FC0FE6238F2947BAB48B75,827,1170,RGB
4529,page-4529.png,188550,557A25C4FC31AFA91DA2D27943A7EAD0B31D8E855AF07C3BA1A55D774EB34FF8,827,1170,RGB
4530,page-4530.png,291619,C3B1DE1AFC30334F9D5A5940C7E34283D0867D46CAA61D9E5364785EDB9CA820,827,1170,RGB
4531,page-4531.png,265723,385D0E06B104910B86A81281F5B593B223A3F4EBB7ABA792D282985E6A7F5B67,827,1170,RGB
4532,page-4532.png,110879,40A1D1BA9BD6317F3E069952BAFF2E434A4F1923C14A661E0FCF6B389D8E967D,827,1170,RGB
4533,page-4533.png,270154,35513EB1CE12498EEF569A2B43FFF736C365A81BCD128D9740B08C7EACF51FBC,827,1170,RGB
4534,page-4534.png,285782,D64526CB091BAACABFE7C92A786458DFA2D94D3956A154D220B8D92B6A5235D1,827,1170,RGB
4535,page-4535.png,286709,03CF6A88FA8AF3300115E29EAE71E0B29523DF69D67E0B22A17847433D9BB1BB,827,1170,RGB
4536,page-4536.png,218729,A16F196B06FF848FC63C63E98428FEA9A897B486EA833FA23D4513C71940C029,827,1170,RGB
4537,page-4537.png,275544,AC3A263E78A2BE298B6371EFD51A0E2954C313BE6977270D1121C4FC302F93E5,827,1170,RGB
4538,page-4538.png,198551,B2109BF74D0020DCE0928B72693C385B33935AC0B670BCBC2E59CE0D11D0DC05,827,1170,RGB
4539,page-4539.png,351220,606A795D49CF9A8BEF3D296669B2CC0373C165493D4355ADC7F85D2102D6686A,827,1170,RGB
4540,page-4540.png,285998,01110B602230EC9534FE731AE5E9C611289968E7C8141C35BA7A8AC083DFC85B,827,1170,RGB
4541,page-4541.png,231425,5E9CDF11EB0CD7AA78522839237ECC247E5931F90278DD3ACFF2B58B6F2B75A0,827,1170,RGB
4542,page-4542.png,297572,CB4781D053EFD437D9585CAB6BBFF36C6E0BAA1884B3740DA2B90514F6DD4FEB,827,1170,RGB
4543,page-4543.png,285574,3957198BE2403AA6D88F556C675159E876BC6A22D425B89604E5CAAAA164FD18,827,1170,RGB
4544,page-4544.png,291222,5CC888C29AE23F22A72F80656EA099D32FE286E30F5701597A06AA134D4473B2,827,1170,RGB
4545,page-4545.png,313347,77874D92513AE1AE9E0C57AA1C2EC6370BC9253A2338D63244A5BF462E3D405B,827,1170,RGB
4546,page-4546.png,269877,5EE36E9663D75FB005CDBE3608E936F54DF08F93E8D2F553ACB728F68618746E,827,1170,RGB
4547,page-4547.png,333470,60E612668F840A4919E8A76CEE589888330B10A1CB91C7039D934F2A1BC2DB05,827,1170,RGB
4548,page-4548.png,302168,18BBCB444E826E3333B88AEF4D9E8631A6CD927AB1FC004074E1B0807B0B2783,827,1170,RGB
4549,page-4549.png,236597,975A9850D2B9AB81A682C34B166A0CC053DCE7F3654DC5923FCAAC694A8D9521,827,1170,RGB
4550,page-4550.png,311386,682A4FE63ADA5575A2E8A7940969E0C8CA331140D37311120FED83E158E806DA,827,1170,RGB
4551,page-4551.png,256756,5DE0D8E13EF985F2816B800FE3CAF879F410B0A8E99A20E6BA88E21E09154E80,827,1170,RGB
4552,page-4552.png,346861,925892FB04FF883FF9C908B3FB7A5C4872C679AED7AB9FDB2BF21B87082010BB,827,1170,RGB
4553,page-4553.png,274420,760C0A0C2A48B31209ADDF70B7DC4148AA08B0557BA90393B7C644057A6CA4DF,827,1170,RGB
4554,page-4554.png,294465,E5894D8875738F12242D55878F439739A30A7D9EFB41FEA070022533D3F22A03,827,1170,RGB
4555,page-4555.png,281738,B08EFB6BB5BB2EF5A365414A318F136330EF80184B853EE768463DD13BD38FE7,827,1170,RGB
4556,page-4556.png,285097,2DFEB900586FB37408C141505E528A79E41A921945895728F9F863CA19362EF8,827,1170,RGB
4557,page-4557.png,336581,4A12A4635BD7738207570EE87CF8B0EFE72BEB1D1CB873600271B92300D2F58A,827,1170,RGB
4558,page-4558.png,320017,71B20941F4EE32730F3F4901F03DBEF0F7E93E707E10B10FE766AFD0AB0CCD24,827,1170,RGB
4559,page-4559.png,270150,DE06B84D91B689AADCA3979ED19E4CAF18DF4E9887145E375AC8DED4F7E40288,827,1170,RGB
4560,page-4560.png,293782,AC0547721B4A4C82D5159740A16A1725DD873E14B4AF4BA2CC8E3E08EF1E9619,827,1170,RGB
4561,page-4561.png,268721,515B5780873BEF0C2CF5D64D5F78103FE15979707AAC26550F0DCFD060AF711A,827,1170,RGB
4562,page-4562.png,245751,4E6C54C55AF20A399BF6A41529781746FC646198B069EDCCD0AE394D51E325BE,827,1170,RGB
4563,page-4563.png,250501,8C7662A33B283A0EFCDAB5910307B4E352E0157D50B2FCA51DEEA75C57F1FF9C,827,1170,RGB
4564,page-4564.png,232797,2F214940265F3882EC64480F5E58EF434BDFC1B08B48522F4CFE0A5BE0FE9A3A,827,1170,RGB
4565,page-4565.png,261048,D5BC1CC209DE9D696A3AE4522DD88902D8EAA0C8B54AA1B22582C726D82DB60B,827,1170,RGB
4566,page-4566.png,230767,C4DF2F07BE7A31764F3BF305F597605291AAE4B3017ED6296642EBFBC6BD97EB,827,1170,RGB
4567,page-4567.png,301189,8CA63A4C1DF2F4E37C17B64CDFC1DDEFB54644DC94E7C91D5A4DA78B0EC1A552,827,1170,RGB
4568,page-4568.png,289974,2263DB4CB10BB4EA6D4932AF579D435AC507840A6756A2805E11B029E649EFAE,827,1170,RGB
4569,page-4569.png,323288,0FC8094CCC5071100AEE29F08057E473BE73641BC6A4A2244C592BD386479BA2,827,1170,RGB
4570,page-4570.png,125027,17536E04DF2A67E5C939B5129258B8F0AA6C7579BBE96044561A8D238D169620,827,1170,RGB
4571,page-4571.png,307356,270878F6327BC580BBB4B7A41EAF0CCCFA0E919778351880C5AEF037DA5826D5,827,1170,RGB
4572,page-4572.png,367561,2F929B634BE49797CAC23597A6FDBBE45033D301D0C7C7E829F3473BDF995831,827,1170,RGB
4573,page-4573.png,339211,0750DC4EA12C05236928AFDABC0BB2329A35422B1C09F50B84A3B88F2DE1F5AC,827,1170,RGB
4574,page-4574.png,337578,2684EB0C333E5EC387B865C5146CAB16B431D9124D092165CC5B612571075FD3,827,1170,RGB
4575,page-4575.png,328768,24E0AFE5149E9F24ACE65E06F2D62198D53E4AE1B49182E4CF62AE6986578DE3,827,1170,RGB
4576,page-4576.png,344061,47DD1CABBE805D50ABCF87E33C012D5469813658F5D33BB01EE1A33F42BC26EE,827,1170,RGB
4577,page-4577.png,380082,9F519B9E9AC4E44390A7EA3A4ABC6533F5F0C6BEA43CC3E293302D51B432C836,827,1170,RGB
4578,page-4578.png,339001,B9B0654FE3C1BC9BEA2F86CA5C8B58FF8C7553DC390C41E8C69A613932EC6BB6,827,1170,RGB
4579,page-4579.png,250421,4B9A892A454C68DF394E7997DF62CADBF327BCCAD3591A9CE525ED2C1D35D41C,827,1170,RGB
4580,page-4580.png,351297,6747DDDD14028188326EBAB5185068EE6EE6135589C5FB9A2D7FA4C8FEFD3D87,827,1170,RGB
4581,page-4581.png,349965,D9B5BC01BFB402E4F4C45DB8C3C59797599CA4F931630A3BD891B2F636AE484C,827,1170,RGB
4582,page-4582.png,342721,A587AD0B949DCC14393EF9455ED34A03F0177C1175038C33EEB33657B44F9953,827,1170,RGB
4583,page-4583.png,395348,9281C55869584E314F4DD298C9FFDCA0FD7D3F0A38080CAE83F88FF380E2A4BA,827,1170,RGB
4584,page-4584.png,277593,B3B689DB3443ED3D44F32196E5CA357A2FAEF5D86791ED9A9C99BD7B28A658A4,827,1170,RGB
4585,page-4585.png,338171,8EE8D570EB7BC504DF8DEA6D14C5C26E512250C0449BEC70E04F75A4FCB81BE3,827,1170,RGB
4586,page-4586.png,332776,7B3F2FE2CA93856E19D0A0479227FA3DD9C48B74B6B18CFB5F4C6DF3E6C31F57,827,1170,RGB
4587,page-4587.png,56152,5E34411796FA7A78BF64C9DBA8AD82B786EB6A20816E2C89812FE360A094A71C,827,1170,RGB
4588,page-4588.png,245776,465B72B582F6DE70E2338FC369726F2279F329816EB8977EDFAEF7867840E520,827,1170,RGB
4589,page-4589.png,402711,E29F3CEC97ADE3596A34B8F0F64903604444AF7265FF8E1CCFE17702B93A9E96,827,1170,RGB
4590,page-4590.png,259372,4E8871C2B020C801C4A51751E7553125DFD0EAE6533B2C0D00A48500077C7B36,827,1170,RGB
4591,page-4591.png,290523,3935516374685C97ACBDD905D0BF5CFF8D85EE60894919A5158355F0BAF357E8,827,1170,RGB
4592,page-4592.png,386136,FD466F6E5D10E165117DEBD84A2A84760A4B4F86BE8672438F9AE2651D0C63B5,827,1170,RGB
4593,page-4593.png,251955,9CA25544F6F09F8F5A8F9D50AAFD876917F5EFBB9103CA7CA707170FFA6D7EF5,827,1170,RGB
4594,page-4594.png,257479,FF8DEAA8B8C140D157BF84AC0E73394C7EF8B653B771A870186759C0763DDA7C,827,1170,RGB
4595,page-4595.png,344851,57267854AC0730EA25FB30FFD9056A938E19568C7AF2649762FBBA31491327DE,827,1170,RGB
4596,page-4596.png,283110,4572A4E637DAFB7BCE3FF8EC08275A5CA9310724E27F2C54BFB5E148D45DC461,827,1170,RGB
4597,page-4597.png,333605,02B260D73D6B04FB9150C61098ABB64D99C8A6FC3E70669B336E36EE9A0206C9,827,1170,RGB
4598,page-4598.png,359542,B08F2EDFBCA97E08FEDC7A42DFF94C8090C073FB8A19B574292847B2712BB5C7,827,1170,RGB
4599,page-4599.png,290915,0C1DC0CBF94D881A939AAC8D043DA887107FBABE96AA96868A9584FEB5B32785,827,1170,RGB
4600,page-4600.png,321545,EE1AFD86FCF97438E778721C6AA329EAED76EC5C0881649F059C53233D1FB376,827,1170,RGB
4601,page-4601.png,275383,B48F0B775B505D8C8BC145F7EEA70463B5AFEF7EE38EF438E7EF8CC1A60545B3,827,1170,RGB
4602,page-4602.png,208584,AD3AAE7E7B4784BFC0B709E89BB7CCECCB4CE51777EDAFAC232FCBDB3AC15A8A,827,1170,RGB
4603,page-4603.png,267974,A554FCD0131EB4450AA42D1C3F46CBC2CD5957B9A9C11AB6326FB09E4BD8BD1B,827,1170,RGB
4604,page-4604.png,265921,BEE3D45CCADDB6D51613B71278D62DB4C3780B38F21669934BBA3F2F9CF773F9,827,1170,RGB
4605,page-4605.png,290725,1BEAE72F3E20D1FCC3D780112075AD3D77C0C678FF23E1E0693782D18BE3E9E9,827,1170,RGB
4606,page-4606.png,293634,DBD3E8B0F6CA5E9442619C3A4A3223DBC7313E4A627A6B78C0046C5B8A58D613,827,1170,RGB
4607,page-4607.png,289888,2A01F1FAD579BBA5F6693BC5A47DF6963F32AABDFC7FBF65F081BEA2A5896117,827,1170,RGB
4608,page-4608.png,318610,6B5195A03EA0DCB058E05E56C771A139DB530EF047B926062EDDD71D6E8E5124,827,1170,RGB
4609,page-4609.png,309049,7DE6ED13E9B29B553D72F2DF2B652FF0E3A91813AE083E250DC45F21FBA984A1,827,1170,RGB
4610,page-4610.png,293481,9317C129F3CAA108CE0A826B85B11E4C81C9243B0426605F71766329BA16ED32,827,1170,RGB
4611,page-4611.png,304030,4266EDE8FEF686EC16E46258F50E992FA69FF85DD8C886D868ADC95B2FC9AE87,827,1170,RGB
4612,page-4612.png,286684,5348956D0972BCF281AC0D774F47CC1FE841F84E343EFA6888B6A8C1512C9EF5,827,1170,RGB
4613,page-4613.png,329437,A5B650452A569A2A36B31018CAF67C1767E55D5C26CF32BA1E8724D0E42293F5,827,1170,RGB
4614,page-4614.png,256495,B4401F29B08728C80EAAED44418FB511F5D58D1D08DA5DD93ACCD55962620F5D,827,1170,RGB
4615,page-4615.png,272641,B7ECBF46BFFB84D893B8E48EF441731C8E7A5A202147C678D9DE09674A403768,827,1170,RGB
4616,page-4616.png,267419,D0EFB602C35C7D36E1768F0B8CE630D9D205CC01647FCB5234A596627F5381A8,827,1170,RGB
4617,page-4617.png,375709,81A86C2C4F814583FD846BE1DB7ED368AE4CCA0902C9304191BC4538E2969EFB,827,1170,RGB
4618,page-4618.png,303668,02F9C9473B54D4ABF53F3074A00B5F87516DFAD35A4E9ACED6D3A145CB9EBBD1,827,1170,RGB
4619,page-4619.png,331356,B1860C2B55116FBD42B783CF74E97089E087A5F9E114614041A684F2CF0E55DF,827,1170,RGB
4620,page-4620.png,298810,F7272F33CB695887763E7A392C95D3BD0747A1B76317E7ACC987D661842E9DA5,827,1170,RGB
4621,page-4621.png,306627,CDB1006829A358B97771A921C557B3ADE442DD8D0AA402ACB8576F236BE787B0,827,1170,RGB
4622,page-4622.png,278070,5DFC4B8CB8388466147F25163BF0D3640B27C8AD0998A83AF36C1FF336A4EF3F,827,1170,RGB
4623,page-4623.png,400770,6260BB959D76155C28B4EBBC9F14D85150EE381CB290071024CE4969CBFCBA36,827,1170,RGB
4624,page-4624.png,310932,8CD3D2EBCD904E4F7B6832269DCDAAC4A3A97E1F41F41533110080AFA21CE49F,827,1170,RGB
4625,page-4625.png,388802,36A9CB39AB6A344AE45F7AF333BD80A567CC5D40F374F089CCFE4A6A7D7E1F92,827,1170,RGB
4626,page-4626.png,361473,06F99FFB39B1A4B8518CB050C3414B3341DE84C4084B67CFE9B20446BEE9678A,827,1170,RGB
4627,page-4627.png,274312,8A4F90ED2E1AB08BA22519F0E26BE5F7B9B0D9699111A2DA95735F716BF53D49,827,1170,RGB
4628,page-4628.png,162016,0EB8CE266D5EBE3CFFB60BE32D925223330CD6DA8CE02DFDE11CEF54BC92CDD5,827,1170,RGB
4629,page-4629.png,215395,7AD6CE05AF810C6AC253A9C400C8DAFF5E8E96C23A157A7854DC321356305C96,827,1170,RGB
4630,page-4630.png,226882,CD1383E9F85E457C60C9B6FB37D154428B243BAB2BBC84E1BDE93A17551363A7,827,1170,RGB
4631,page-4631.png,350491,E121B46F1C8A461AEFDD48358026BE382EB6A01A315475445C485F5E2F119F80,827,1170,RGB
4632,page-4632.png,234382,997C0FAF93583FFDF131BE93F6D72428003DDD2AD03EB9F1A7671C63C2FE4C13,827,1170,RGB
4633,page-4633.png,269799,3291CFD947CC17E9F5646CACEBFDF8A5FAD5878181AC60D83397FA6342890857,827,1170,RGB
4634,page-4634.png,302850,C7F1DCB4D1D73F5B7183E3EB76D91013D2972DECB0A32B1E3864231D9575BDB3,827,1170,RGB
4635,page-4635.png,318107,AA3097C8CBC170DC50CF3E6E7E14E1BA7683BEB8E7ED063E2AF3C1749D3D99E1,827,1170,RGB
4636,page-4636.png,253269,E8CAAD59598B1C87893B66C79CD7D4DF84C2F22D42D1EDFA7C442DE04CC9355C,827,1170,RGB
4637,page-4637.png,267352,2AE577066BDD69EBED21BB9C92CC875295F1362D10C30D027D0188CFDC850AFB,827,1170,RGB
4638,page-4638.png,276834,4B312111EECE493010CD1B073D26E501595AFA7CDD71B3774236DD727A6FF825,827,1170,RGB
4639,page-4639.png,262990,19DA393C233F94B58960852F979B127E896CA45F8C4B0C9BAD4036CBAD179E1F,827,1170,RGB
4640,page-4640.png,241059,12C0B2D0D8BBDD773862BDFC3B0CF0E72D3919A1E62E218233DDDB470C1D0EB3,827,1170,RGB
4641,page-4641.png,272848,FE2CA19B59F8EEE0A23D1153FE1B4451737646014848B9A29B99BAFDB6E9823B,827,1170,RGB
4642,page-4642.png,352116,EDC897B49BB0FCE7560D68ADD975B9B4A4C333C1A9E663AFEE21B12CCE169EE3,827,1170,RGB
4643,page-4643.png,347299,EAD1F150513863330AF16E208D2A4DA6CC9A1C1A285A6E2A9C9E02F8B298A7F4,827,1170,RGB
4644,page-4644.png,262405,31D46F16EDE4E0AE23DD776CE20912A3C5F0EDB3090E35A1E2A8F1B54BDAFC43,827,1170,RGB
4645,page-4645.png,294266,6C52DA011CB85CB53EC94EE832E6F3B1B22117DE5DE927E37BE3BED1AE8DE8AE,827,1170,RGB
4646,page-4646.png,347941,4B328BBAAAEC74D50816449ED4678C02337C81E9BC9D474340E80BA5D087C63B,827,1170,RGB
4647,page-4647.png,260865,A3BE58397B4E54B74C742A5C01165A48D16B554B8300EB4220B3E06262E8FC64,827,1170,RGB
4648,page-4648.png,217194,942DA0BE663AC6F7A4E52FF2F2189F6D512E915FA14AAB90B90F362B6CCF1C92,827,1170,RGB
4649,page-4649.png,262498,D4E85C21D11B15CEF23AB9A68D59FCD6844A18A4FF1149A1F0C497DCBC526570,827,1170,RGB
4650,page-4650.png,183233,C4D0AE01B941CDD05E720A94B1D6621DECD0DEEFD5290E6A652EE7F7D7F79443,827,1170,RGB
4651,page-4651.png,253311,1A5E0F062971807196BD2CB74B71EEDB4DA020C204F7B2899DAD4A827479FDDA,827,1170,RGB
4652,page-4652.png,344347,3E1587386FCF9EC5A0A9E76586EAF5F9D959BC1094BE039C67747CB680AD25A4,827,1170,RGB
4653,page-4653.png,339942,C959A27726804BC953B5152BC7F2A3F5B6558487923DE339DBA49A803147AEEB,827,1170,RGB
4654,page-4654.png,211929,FAA7E4DC34B5C581C6E87CCFE20D8246A7B607E741094C83A757C7DA8B515E9A,827,1170,RGB
4655,page-4655.png,279944,6E521A03EE441176A68FE6FFDCBD8364D13698C5D4E251D5E1F22DDB15C950AD,827,1170,RGB
4656,page-4656.png,332783,56B16E7F8BBD0C66E4E5B06CD812965210394D09D0B82137CCB9FAAFF877B205,827,1170,RGB
4657,page-4657.png,290589,E40237036463C55EBDFFB6A75E39FB2EE8957EBF332181247E18D48F43F0346B,827,1170,RGB
4658,page-4658.png,290319,DB545615231F7E007FB746CCFA3DB9B1272550E6D71958916C846C428A45545F,827,1170,RGB
4659,page-4659.png,279458,A96D5B79B3F2D0934DAF7362887BEE41356F831E8F076172ADA636B604E0D934,827,1170,RGB
4660,page-4660.png,276273,034609DBA325E0A51FADD68C558D1AA77A9CD4E6D14028F34187E076852AB0F5,827,1170,RGB
4661,page-4661.png,302617,CB7260B56C9BEE981B567F151C0C99571CD43429D4AC81823C0741023191C352,827,1170,RGB
4662,page-4662.png,352175,E6D51255A130CA2597566A209F7F747FDD37D4070D41DE25178C34033DFFCA03,827,1170,RGB
4663,page-4663.png,391113,97D7365A54B18756A9CA887CA15C46246C54FD4A27BDCD4024CB111964143DD6,827,1170,RGB
4664,page-4664.png,283547,22FF853F7DF3AC36478841728FC93BA805D45CB6F1C96C2FA1769D181E72905A,827,1170,RGB
4665,page-4665.png,323376,38D33750215785CA6FC9CCF1F560CA4F70F9B5C24948FF0CB85CB2EB50218C5B,827,1170,RGB
4666,page-4666.png,261420,502C2E1180EC644ADE72A8C97AB62442495C80C65F951B4FA95DE9807AA025F7,827,1170,RGB
4667,page-4667.png,225828,CD8A401731DF3821B12374D728ABA0B69CC8F220C1FA6E7EA3F4AE8230020065,827,1170,RGB
4668,page-4668.png,257067,FB2194829E4753611BDC87BED4BA9D73D050ACC5665CA24F089E341E20CE3028,827,1170,RGB
4669,page-4669.png,265449,957DF926A6ED9636E630E87F6A884291602141474458DC036D2D8E49EF751839,827,1170,RGB
4670,page-4670.png,265819,6C43B5B5AAA1F2FC2DEEE671B8FE9FC199FCEEB8B39C2EF6FA697ACC1AF93582,827,1170,RGB
4671,page-4671.png,280858,E45A2CEE78D4BF57A33B856F0645A0689518FAD3125D3CC338C2F0859F383D38,827,1170,RGB
4672,page-4672.png,340990,3563E08FA90BAED8752E4E57D66336F286F252FE6283D39033B4F8B8AB47F924,827,1170,RGB
4673,page-4673.png,315834,9E8A2DF111A40E910F39FAEBFF1C4B6B216A85682295A167B962B14101B5F491,827,1170,RGB
4674,page-4674.png,248592,0FCB32BF0583C0F3719B5846264A6F14912712B3DAAE939E9029F6EB001FC98E,827,1170,RGB
4675,page-4675.png,256076,5280F5CB5EAF2844B7258D77C30868255955174906F0B288506133D185886BD0,827,1170,RGB
4676,page-4676.png,317396,FE378897A660B1D22F23EF925AFFD7278D18BA1737AD545FC885200707D2ABBC,827,1170,RGB
4677,page-4677.png,287607,6FF8FB09FA055973330F557FEA974DE91FAB7405120002A64825205E14EC6BE1,827,1170,RGB
4678,page-4678.png,298742,56EEE0DD3167DB37C434DD4C22C07EED83C7CA0618C7B8A4DBAFDDD9AAD110BB,827,1170,RGB
4679,page-4679.png,387300,B6EEF4B25EB847D86BB7D7F9BE79C806AC0988CAAA434E8C4DAAE9D5A66223CF,827,1170,RGB
4680,page-4680.png,349490,2243E5D6D74C6704F4E731AF0480F7ABE366FE541F29E7D88909679A121354B1,827,1170,RGB
4681,page-4681.png,332962,02688AF5BCB184395227F1572C5C71653447A1FC2A8A2BAD0FB7FADF495049D1,827,1170,RGB
4682,page-4682.png,372795,4F4FFBDD7A2C8378CFBB6D4692425301BF5EC2E111DFE2BF12B33BED6F2613DA,827,1170,RGB
4683,page-4683.png,373577,C37E3AEC415F01A1BEED4B9D4F90CA7FE8F4A404BC57429DF67A5854447AC23A,827,1170,RGB
4684,page-4684.png,276709,BBB8C49010289534AD4FE00E6936E072D09FA76616543AE76B44D80BB45A7E48,827,1170,RGB
4685,page-4685.png,221128,1DAB44EE166C8D51C820243AE02B59D3BE5369B8678C79DD764DA6C6676B3C0A,827,1170,RGB
4686,page-4686.png,252981,BBBF3E0C12544AD87929AF56DD25146D84E15F372BA726DACAD0255D88E0A330,827,1170,RGB
4687,page-4687.png,47244,0689D89E6FE2A2F1DA8E9FB85D57620722383E0CF7385E5E3CF064FCEA35FA49,827,1170,RGB
4688,page-4688.png,222930,3AB8284707BAD3367ED2D338E3DCF90D163A65D2F53FA678B775994DC2E065D1,827,1170,RGB
4689,page-4689.png,279246,F3F14144B0991517849437BE1FE3EBB1B906DF3DE5ED34DD8EA88ACC474E26C4,827,1170,RGB
4690,page-4690.png,267513,40151EAE88F2BFAC9B4CDE7B7FECB9AD90CBD310F0ED0BB9A36F28088ABE07A7,827,1170,RGB
4691,page-4691.png,269077,7B64A246AD4E696DF3190241FCC4AA89C1DC4F9E8540CF2F0AAF7547E1668F57,827,1170,RGB
4692,page-4692.png,344100,B5F64FA2EC84623B9682E33DAD0DCF3B987E654C3BE4136EA474E1F77E9E4AB6,827,1170,RGB
4693,page-4693.png,259888,7ED587D7FA38A2ACCD2E45F4DB1CDD59E562FB24CD77BF534DDC3AC7FA152392,827,1170,RGB
4694,page-4694.png,201631,A5B4299EC445ADD6A4E7865FB613752E9AF48162CF84B445A2B4C5C91673D682,827,1170,RGB
4695,page-4695.png,221664,2527C9203F26676D5F8ED08253DC5010646E85975185CB2B48AE251AB3F48777,827,1170,RGB
4696,page-4696.png,255026,0ACA96C04B266F9EA082380EB7A1ADA321630326A5A167DAE28A0FBBF275598B,827,1170,RGB
4697,page-4697.png,265982,0D8A121A8D304691E5F9FEA630CA06DC124A8FB2DCD050C1C6F78090B8CAE8CE,827,1170,RGB
4698,page-4698.png,260823,82E674467694F370DC34A6A10B944FA053FEF288D38388F3DFB37D0FF044D384,827,1170,RGB
4699,page-4699.png,286747,85C745B17E580C9E5F0D4C1D4620068014C646B898C7E5DB575C43D0563382AE,827,1170,RGB
4700,page-4700.png,233612,CD8E6B20E6860DFA2D65D5B04C519BF1EC68A65C3FE9BCFA9015EB85F1374160,827,1170,RGB
4701,page-4701.png,321173,B6023F440EA8465D66D732A186961800A518A03405F725EE44C424F4A09CF76C,827,1170,RGB
4702,page-4702.png,273391,0079AD658E8B9C6A45E2B0FED9E1E46EFC5262125C6CFB972F2DE9E3A1B6DC0B,827,1170,RGB
4703,page-4703.png,270928,87F22B6BF05D88921D372DB2654FAB36DDCA70697F1943CC9DAF1C91F827FAD9,827,1170,RGB
4704,page-4704.png,271477,422A6F374FAA02706CC096C48595EF9E1F4DE99BA5EEA8BED805315F1C311277,827,1170,RGB
4705,page-4705.png,277437,253FF8823DA6F00DEA56CABCC86231CB78C61AAC6F033D50E62194F0A1D71B65,827,1170,RGB
4706,page-4706.png,291350,6E1BB52BB2D49F88848F55907BE3B85D1195983311294D1B9222070552CB83B6,827,1170,RGB
4707,page-4707.png,262919,16E56E197677B5863EA0F65863B16EF57E0866C34C937545BDAD4A9A1C0F3BD1,827,1170,RGB
4708,page-4708.png,264425,9093EEC0729F05C140945CCAB61D0F4E80F70748EC79EC8F0FBEA2696FADED8D,827,1170,RGB
4709,page-4709.png,284610,A7A64ADD5F82DAF6AC398B501F2AAFBA2C24E193BC91C9BB193116D67CE57154,827,1170,RGB
4710,page-4710.png,207132,6EC8E2131FE2C3BBAD094363D21DBEFE7F26793D8B19A3B86907B5A71F1408CA,827,1170,RGB
4711,page-4711.png,280995,D4E2A286460AD9F36A60C841BB3F2C2A363E37A130D54E44506369386FF6177D,827,1170,RGB
4712,page-4712.png,245643,DE9289D80AA8A20A0BA080CEFB1210ADF17FC15EC86EC1C750184A3A453C6B2C,827,1170,RGB
4713,page-4713.png,313100,1B5F5E1919DD10154BD948B786723D2150FC9A5488312F4D60F5B294166AD17A,827,1170,RGB
4714,page-4714.png,260550,11E80220AB1EC48C922409D1413F77108B13CCED820592605A7A8319B74B0F48,827,1170,RGB
4715,page-4715.png,242999,8B2B12935B4C0CB2E94383F47D0C2D4457372CAADD22A5E9EDED23E349390319,827,1170,RGB
4716,page-4716.png,308832,86BDCC1BA15F8DA12B0BC7920A264819A4A933EBE86303969779EB61C44A5742,827,1170,RGB
4717,page-4717.png,285451,BC517F73477B0112C4B8F5F2B6FF473A84C4C7CD321AA1007D39993157DC9DA0,827,1170,RGB
4718,page-4718.png,261696,A5C744606CC1F7E593436FB444DDE4D5C84DB03E94A40557C1C5483A720ACE3E,827,1170,RGB
4719,page-4719.png,291500,2C816663581338FBDC019315CDC69E95C78E06BEA4026BAD7186EEDACF799F4E,827,1170,RGB
4720,page-4720.png,284284,3011981E2AC29DED59AC82805C0948D8F34D9FA229553F92911573393503E8B0,827,1170,RGB
4721,page-4721.png,268235,3917DA07DB01501F40D23C0518194166097DA27D6A74F54845E85FFE59FFCD92,827,1170,RGB
4722,page-4722.png,275074,F49550C78742F625A5BDED04A325F9CCA98CEB735319AEC340A40D06C3527D00,827,1170,RGB
4723,page-4723.png,236280,CE8D1A8EEC743BF1F100F083D25877A46EDA4D8919C9262AA40F6664E6EBFCCA,827,1170,RGB
4724,page-4724.png,280830,F19E102EEC62F36B15A648B9D25EB731C130262CD346FF7ADD680541E4BA9032,827,1170,RGB
4725,page-4725.png,216873,DF562050D1BEEC7FBD57B82E0902FEF1CBB8644AC37E20A5474E140536A50BDD,827,1170,RGB
4726,page-4726.png,273197,E59C65274A5D3FD8E49A2577866CD94FE19A591F79DBF91CF52AC9909109DB95,827,1170,RGB
4727,page-4727.png,248337,7D295F89209768861B8A215082023F1DFA179D83F5716577381AA12718FFDB53,827,1170,RGB
4728,page-4728.png,235279,A4773C6A0BBA777DF5BF69F0218B9BD4A53B5797C6B1B41FACC34F01D9F18BA0,827,1170,RGB
4729,page-4729.png,235142,2A2A4FFBF07F79A557727BA6433ACA513723A50D9084046F9E8681C18A51B2C3,827,1170,RGB
4730,page-4730.png,247619,DA286529095C071234462418F57920D31DEF59A4C6AF7C8FCD521AA49B2A51BD,827,1170,RGB
4731,page-4731.png,222116,AA24D16A605B8033D4B0451920B8A9BAD2E411D0D610A00423169E3CEAFA56AA,827,1170,RGB
4732,page-4732.png,270182,3AE651F494881500627F3F531E152067D4023C2AD232C55DED01923F73C95EA2,827,1170,RGB
4733,page-4733.png,257863,3484C187ED840E44E01EF731906E107C1821AB9397227EC6F13BA9AC82FE4BBD,827,1170,RGB
4734,page-4734.png,215578,9802F1D541A6D2B06D4CFA99E4040721B0A7BE0F1D430DBF852BBD8A3B15745B,827,1170,RGB
4735,page-4735.png,239754,EF6575BC01739FE2D0E7B3EADAA0954CD829E4F1911F7C542288931E8C9BAF6E,827,1170,RGB
4736,page-4736.png,259085,2B348881429F562617F2E1B6A26EACED55BAAD69A74EC69BE1ED8C21C3FD1F51,827,1170,RGB
4737,page-4737.png,238595,EFBF170D1B542F61A598B99CC17E926E5ED84A96A3661968AB2335873A9AE1B0,827,1170,RGB
4738,page-4738.png,254607,14C4951A0AD200920ACDF501DFBA74620BD67F89BE2E7F559D0240A018815103,827,1170,RGB
4739,page-4739.png,241726,6790D711FFB1B71BDB2837CFEBD8F08182AD8C6BD59A2BE21D74E1DF46B64001,827,1170,RGB
4740,page-4740.png,270504,738B8060DEF1194179311505FE25EA8CA04D8514248A44663CECDA901CBDE6D5,827,1170,RGB
4741,page-4741.png,295475,6377628BEC2FCEE15F2C59B25283719BE321EAABAE83312956D40CF254766B14,827,1170,RGB
4742,page-4742.png,249860,A69982484E2D0CB20411552532D4CF5B26E63AF8E27AD60BAC1A3BEF3FB28C04,827,1170,RGB
4743,page-4743.png,338815,1DF98CAD79F60FFB832D0FA25C82EBC2BB6D1ABE8A26AC02DCF39B5A746B1F6A,827,1170,RGB
4744,page-4744.png,391358,6E3ABEDBC4FF4E428022E179E692E99FE07D56565749BC88E52D79DDB0F20114,827,1170,RGB
4745,page-4745.png,382308,2C8A21477866246E7BD6189418765245DFE86D127D908B12A1619E74E8557641,827,1170,RGB
4746,page-4746.png,380562,582B973627012168045752573DAD7CF6958222EA71BF799FA7D615115D099D8D,827,1170,RGB
4747,page-4747.png,355116,1B37CE345EAD173F1711898002BB424962F863C2DF96007DB9F75FAA46BCB95D,827,1170,RGB
4748,page-4748.png,342970,1807C3022C24F89BFB79EF64DD78971415588B48594FE78E876E749DDEA19CBA,827,1170,RGB
4749,page-4749.png,340932,9B74436891D72D0BDBF7D0A6B6D2CEE5227A6D7FD9C7C5A197998AC79BC77E4E,827,1170,RGB
4750,page-4750.png,326372,0BE3A1AAD40A81B98770A35BB9E49B3C26A3243F18927432EB8ACCB5BEED2312,827,1170,RGB
4751,page-4751.png,81728,D08470533A26E9EEA46084A7B0A7C0E29802CE1144B538CE8FF538130FD72CFA,827,1170,RGB
4752,page-4752.png,249803,8DD0DF341B59D299B3013F6924A0D5C192106B4A0A275535B9713A297A7ADAEA,827,1170,RGB
4753,page-4753.png,341664,4E2D0CCD0BF8DDB74275AA1DD821852965588BB1AC511FB990A55054FB8A9D0A,827,1170,RGB
4754,page-4754.png,175201,6F7CFDED00731515E0C30680F247AF68584DD1BCBFB50E5040CD215D0473F654,827,1170,RGB
4755,page-4755.png,198661,8E265D42D71BA863C83C2E92DC336784E85C0F28BBB664132E2D298BC2DB8CED,827,1170,RGB
4756,page-4756.png,270985,C3F81A60775EF312DD6B1704A03BEC2E72D92DD8A6AA0D0B4982FFD18D09DBF2,827,1170,RGB
4757,page-4757.png,234880,3BF9BB5677EC5F1450DBFA8AE9F8F348B00B3202967968028FA1A70B3AAF7E23,827,1170,RGB
4758,page-4758.png,214833,0EEA602D801226B0099F1C7D4AAFABD6D8F2C8F83F194130402D5D6932E895E9,827,1170,RGB
4759,page-4759.png,251364,7F16AD3D34F243D4FBEA4C27BD939653ADC25FCF45D8E6FFDE088BB63DA728E0,827,1170,RGB
4760,page-4760.png,292823,C809904C96FE861E5BAF82827BF5DCAD3016C74EF9DDA064EC799A4754B946FD,827,1170,RGB
4761,page-4761.png,277747,B67B8ECE5BB338C57213A5D33FF46F52C1DA2C7F12D1914357B31E5A04D8606C,827,1170,RGB
4762,page-4762.png,312049,08814A160021A2471EF525277939B8421D254FA7480A38F3E3E05C5CB3A26C4D,827,1170,RGB
4763,page-4763.png,318176,7B5135FF5616671B0301E2801CA51BB7E95ECD1B0A46A1583F4BAE0F019E636B,827,1170,RGB
4764,page-4764.png,197733,F174078FB8C0864386A25DF5E549B2AD5150E5FF9564E0676B8031C95B0BFF8E,827,1170,RGB
4765,page-4765.png,261730,60EE318F6F461BD2F498F248D44FD532321DB320FB19B14639BD8A704EF8BC67,827,1170,RGB
4766,page-4766.png,258473,835EB9FB2B10899ED2DE1A3A70763C6B64B8FF84E12121001D7C4317BA3A0D13,827,1170,RGB
4767,page-4767.png,290299,FAEE0821368C516ECB8A5560279315718425E3AEC953E46871CE981A9DD696AC,827,1170,RGB
4768,page-4768.png,233612,C716F9BB2D695934D84AC3A9B0A36F0066B0799EC83A5ACF3CA50747E8E2E8C1,827,1170,RGB
4769,page-4769.png,260584,C3DE6FC3821A94969127A636261D233205025EF01EC905FA77C0EDE7D1415054,827,1170,RGB
4770,page-4770.png,291600,E04BD1D84364B768634D867836AE2041CBB91BC014B00AA6C9D9432E79858A5C,827,1170,RGB
4771,page-4771.png,257765,02853C49321CAE33309657713C5C48B574E478BF93A2A4DBDAE9FA0CC5F6515A,827,1170,RGB
4772,page-4772.png,289130,FA6333378D31AD8FD10D5F30E41EE92C682D36D99B38C0B6E2C95139209AA359,827,1170,RGB
4773,page-4773.png,249035,774D14A4A69A2F4101F3AE0EBAB751529C765364E059737849BB8C5D5DBC33AE,827,1170,RGB
4774,page-4774.png,318110,EA69088798884A01EC59D5E604C1EB152EB2D1805E9D0A1A9FB8E9F20F193196,827,1170,RGB
4775,page-4775.png,242879,6341B02BFC6A984C1089F987F969606DF0A177004244C7BDF9001D73451E8F74,827,1170,RGB
4776,page-4776.png,268130,5E71D9D73AE7EA3AED518017C69A82751A69A864CEB9850F9D7DC9C4277A4CB1,827,1170,RGB
4777,page-4777.png,260652,6BD1C7F4E83E35D009BC436A309DFE9E2CA12E4F962773BE050C082E85B7DC23,827,1170,RGB
4778,page-4778.png,316491,35977AD9362DB68CD4AB25332F8CE0014FAEF86262EE11F3F3368322EFF492C2,827,1170,RGB
4779,page-4779.png,202265,22496F00D60BAFD1DC402A6E1CD0F6F8B3CE02FBD52C2B638146E5FD6D098A73,827,1170,RGB
4780,page-4780.png,272662,EFB5145DF19DF2B2B4D2D1350193074509EDDFEF1C22C65D270CB027183BD883,827,1170,RGB
4781,page-4781.png,288769,28C97DF7D2CB375640F74FF6DA791FA7BE7E38D1DE4904130B2C604A7A0731A8,827,1170,RGB
4782,page-4782.png,287953,7DC7D3B6ED3414AF5E71DC90C36A46181BC5C142F5D4C026F3FD66D021F0CBBF,827,1170,RGB
4783,page-4783.png,282678,35F0823F7A090593C89ADB36543DF679E56BFF3CEE4ED4B4A3CFB41DF8E4A13C,827,1170,RGB
4784,page-4784.png,296231,F4F85D4DAAD325D64A98ED6B0F31F3F175CB9740B7BE85818C6039F80E00531C,827,1170,RGB
4785,page-4785.png,274844,5B9F4024F44A19330A61D543B9FB40D7FC6D6934971482E6D70B7A0688524E30,827,1170,RGB
4786,page-4786.png,255746,4F61D5EAAADB498B486ABD260C9B354687CCB85965DED19D751DC879D58C1609,827,1170,RGB
4787,page-4787.png,245217,8A86F5177AA5883044649331FE4F0BE7D10E254E7B2AF168D608FF1942367B2D,827,1170,RGB
4788,page-4788.png,288690,A295DA2BCEAE74A9BE9DC48DFE88B482B2003E97C788D073E290530A49943F6C,827,1170,RGB
4789,page-4789.png,234655,B001A5F0ADAB01C203A91396B7210ED0969C671F871E5CAB3A2D58C976EFD35D,827,1170,RGB
4790,page-4790.png,235326,D8DABF696A09500CCA136C43D1AAC66278FF48A2574C787D448E7ACF36DED912,827,1170,RGB
4791,page-4791.png,250545,EC4CCD1AE3E45DAC9C7179C272A3F6F2D0C3E93FA9E00D409542434F8D718165,827,1170,RGB
4792,page-4792.png,276461,6AF521573CDD1CAAAA771221BC93F109954F7ED0C8375627E460C211FF3D7463,827,1170,RGB
4793,page-4793.png,79470,F28CF83EE22D271D0F8A0354A10A577A3719A61DDB3FCB23DE20D9EAAD51F5F0,827,1170,RGB
4794,page-4794.png,296124,9395FFC52D3483D01A8A16A6D5110B0C36AA1DBCAF77556E996FD838A71D3DCE,827,1170,RGB
4795,page-4795.png,475150,CF9869B1C3C1E09E0E0102DA8AA0F7057CDDA2C322D52A825E095E6019D225A5,827,1170,RGB
4796,page-4796.png,383573,3EF039622C829958F218E61FE1A68A150DBCF3A32D71B98504566702316AE713,827,1170,RGB
4797,page-4797.png,424985,3CC5E52F02B0F07F5D7A5E38DCDC0760BD29D0EB1A1A83D1CDCBF70F7C93CD62,827,1170,RGB
4798,page-4798.png,266893,DFF12CF354D6406C928A561E0C39C4677003BB5CFBBC09B2D070E9AA51031535,827,1170,RGB
4799,page-4799.png,223349,CF463D47786B96AC17EC78A061D9C4B8BD3E4913638DA84B88D72041EA80889D,827,1170,RGB
4800,page-4800.png,253145,F81EE9B84D4DD2A222C987023916B002E50B41A64DA34C6EF046A4FE138BF1AE,827,1170,RGB
4801,page-4801.png,279238,3C1C7DE296696B698FCBB17D212C33C71D70F331A91753E464C99A3CBF8B8BF1,827,1170,RGB
4802,page-4802.png,277185,2FAC5380B9E2C09EC2A84811CF0F91C2C6A3EEFCD6169C1803C0F96C994DB54A,827,1170,RGB
4803,page-4803.png,299237,160FFED29BB70FF338D2209E207B154ABB6254FE18027FAA023A3397B1E884D4,827,1170,RGB
4804,page-4804.png,293970,D3F241369328681CADD06D915679FF3CD1E9D42B8673014C0F986A5480FC7ABC,827,1170,RGB
4805,page-4805.png,282674,F505483C208F4599F603A535FA6F9BFE9C117A3CC73B5F0B53C5F5ED80FA7ECA,827,1170,RGB
4806,page-4806.png,274185,FB62F11D87A7F8234B8087B586EF2578A796A70AD997A619413A0B389CE5BBD4,827,1170,RGB
4807,page-4807.png,320386,17641AE0765EAC63B0B6C84A70806507851D9FC659141D876AAE90E8FF77E0D4,827,1170,RGB
4808,page-4808.png,260234,B156D1EB861024B3AB2E6C92671B5E66622151C58D0518DCD00F6D01733A943C,827,1170,RGB
4809,page-4809.png,273854,FE9FDF5DA0465EC417210F83F80EC2F9EFC37E0D035F136C98359B94A0B07A99,827,1170,RGB
4810,page-4810.png,284680,74673B1BAB7C23896F2B3A28A64274B7F7C9ACB3E2D9FEDF12FCAE41D04D0022,827,1170,RGB
4811,page-4811.png,267512,300993CBFDFDD0A783311E66BC122FAD24839DE34236363163EAD7BB71DE63F0,827,1170,RGB
4812,page-4812.png,267122,B29CAFE9ADA953657260F1816211BB27CE763E6557B19F2BBB360DA15D8E224C,827,1170,RGB
4813,page-4813.png,302563,F1078238AB8AEACE80C778FF8C47C894EBE6A39F933A42B41FE575A2374C2741,827,1170,RGB
4814,page-4814.png,263927,0C812ADA3BDF73F745786550CB2F62FB58646F410ADF2C08C5684FC2AF8ADE7C,827,1170,RGB
4815,page-4815.png,248797,2E28B89F60056C16AC6089A79FA5CC16666078215A9A5E4B817E53292A240280,827,1170,RGB
4816,page-4816.png,312693,96E9AF25396FD0E560BB89E9C2427B3C9BFC752F702AD584310702A88DD7E543,827,1170,RGB
4817,page-4817.png,327937,74C7321BE5D868AFA24A149AC2CE5B008A9D531BEA34F1F376CF1A130A99FD59,827,1170,RGB
4818,page-4818.png,311149,15B2FF388520CCBD974B6F96676BFAAD33464C17B7B3B7AC86C621828E20EB3E,827,1170,RGB
4819,page-4819.png,274704,ED56FED2A776F323D17A0419FFC0B34319E9656CC8ACEE8473955D1CAF1B2603,827,1170,RGB
4820,page-4820.png,267394,E94F2C52F119BF2EE48CEC79A37BB4C9599EB252DE1F3FE488A7641C4B4323C5,827,1170,RGB
4821,page-4821.png,274529,FE2438880939F2234B25BD98618ECCFE9501E389CABFB5EE58ED7D97717EAE07,827,1170,RGB
4822,page-4822.png,245186,0B8B0A5DA40DC86EEF6A5F114CB06A07DE1E1F9CCD3961C3DBBE7026B1E73BF1,827,1170,RGB
4823,page-4823.png,304300,37CD5EB3BC338673BCB67E0D664833A163C252FDC7ECFF922734972C25929998,827,1170,RGB
4824,page-4824.png,314226,25F53B419956BC9D067D2986E9C3CD63AACB8FA3A9AB22256D6FA4FBD7B20038,827,1170,RGB
4825,page-4825.png,290737,36672837EA11697460D1DE14D003EF37FA7C2F0CB6B73B0D888D4F9216BCA9E8,827,1170,RGB
4826,page-4826.png,267231,F0B24632B4FF52EA4B013737259643C2A82838BDBBC43120EA980C0415B9CE62,827,1170,RGB
4827,page-4827.png,295239,83A4DC4DDBDBAF18CD725140C26C021CAC27AC9E5E965E3DA909DEDA605F3432,827,1170,RGB
4828,page-4828.png,281194,349A21AE21104B10B27294D93F6FB2C7954C60C178EC22D48EB09D39D70FC24A,827,1170,RGB
4829,page-4829.png,272841,D4EA0D7434B2F717D09732D72473EBBE62994423D6CDDAB347B65C900DA5462D,827,1170,RGB
4830,page-4830.png,274620,72F0E556BB1E0CA1F2B1FA6C2B878938EEADE6FAE2E1A5620956803A0AA97C44,827,1170,RGB
4831,page-4831.png,291879,0870C1C0A2A54E663A8F0B9A64F91475A1891F82CCC4E5E3CEFD414A68741706,827,1170,RGB
4832,page-4832.png,274249,E3C643B4F40BDC15DD31C45333FB3433EA752734303299490F518AEF1D81BE0C,827,1170,RGB
4833,page-4833.png,347062,BC86AA91F78FBF79E33AB634C10C893A30B51325EEA883AFD2D59AE25A90AAB9,827,1170,RGB
4834,page-4834.png,302441,2C05E0DB4ADE2EE65849BC282C405AD2C946AF67559F83C61C26B6D0263AD108,827,1170,RGB
4835,page-4835.png,295888,3B6AD2446ABCAB684A1507B1E8AC82147FB6370544A5872E112DBF4524E7FF44,827,1170,RGB
4836,page-4836.png,312457,567B7C217AD95E3CF60E002F262A20DA6281E299C29C5769BF91A124C30FE3FC,827,1170,RGB
4837,page-4837.png,340242,EF8F7A28481EB2E1C2D8C832A21ED218CFE7976786EF231DA5663B108FB59643,827,1170,RGB
4838,page-4838.png,314177,4B6C41173D98ED04B48FDACA572EC4E5565F20BD72FE9821E1C054CAEE21480D,827,1170,RGB
4839,page-4839.png,352347,54E5D430A0D2F4A0998111E5637AD28E9B518B0FBB22900DE0F595B4063A6E32,827,1170,RGB
4840,page-4840.png,326712,4148A6AA5EED3912E6B5B82C24C0D142061B78883681D6FF6682A5ECD66BC07C,827,1170,RGB
4841,page-4841.png,338523,7C602163AB70140C8AA7B423B659253D1ECB58D245713DE60F0C4E92D185FC74,827,1170,RGB
4842,page-4842.png,342932,2C0920C3AEA352288ACB4F3B53C5B0597FC30A6D2A087504EE50F20D6366322B,827,1170,RGB
4843,page-4843.png,322389,A45B9564AF7D18CCFC4E2686A9FC00E467BE0A5B114F1B431CC4B4FC56AF34CC,827,1170,RGB
4844,page-4844.png,344672,3683F61FFAA941E1B80AAB8808597F2D23D72BE9B7EBC85D54453CA90922BC33,827,1170,RGB
4845,page-4845.png,347878,F96B23272461A435C0D7AF798C5376CB5A54C29EDC105B26C398C250E90B917A,827,1170,RGB
4846,page-4846.png,307093,D13F8C8F009DC2CD0820186EB0ABC2CA8DF8934438AEB66EFC6C3B53AAB45293,827,1170,RGB
4847,page-4847.png,301850,C4396EA594D0638292EA05BA168A66FE4D37C16C0F562612AB6CFBAB4725B538,827,1170,RGB
4848,page-4848.png,336724,1F163CAC9C8D5B40AFA7AF9A3CE0F87A9099CFDD4FD93FB6F0C14F0F3C08995E,827,1170,RGB
4849,page-4849.png,307351,7AE5E31BE7D464598A5FCF5CCF413BB88F31CCB016BD6BEB23530BDDB1AED2A7,827,1170,RGB
4850,page-4850.png,342892,F70802FC9146951E7B70CF880B3D0685F65ECBA8B4FEB22C9270ED2A9C3258D0,827,1170,RGB
4851,page-4851.png,356920,6E9C44E848A6CFE4E9652967B199500C3E44A19E9ADE20EAF4E42F3C4F7520D7,827,1170,RGB
4852,page-4852.png,334535,297BDD3F6BBB37745591549B1C3D57C681DCC14D7596A72FDB696CE962C92A72,827,1170,RGB
4853,page-4853.png,310682,FE2FE8139BC502034DE0949F484176C5B636B771C2B8687C1705F9CF8133BDDE,827,1170,RGB
4854,page-4854.png,330250,5ABBB41FC09BDE2E0C76A0A02321767DAF42EBAFB80015660553D375C791F0F0,827,1170,RGB
4855,page-4855.png,286235,6AF6A60B17D065C9AA4429DB8363A8BC2F20F98F86E65F8603ADBC21B57DABFF,827,1170,RGB
4856,page-4856.png,244940,9A78AE4722A582CB8E05E82DA83F18348158B69BCF1C5267BC835E4D8675DB25,827,1170,RGB
4857,page-4857.png,213895,042F1C8FFABFEFEB094B8ED6274DA010E12E4C13875CCF9390FE775BFDF1C8ED,827,1170,RGB
4858,page-4858.png,291570,88DB440D38AC0669897BC9637879E613A5DADE725D36BC73753D0C11E40A5568,827,1170,RGB
4859,page-4859.png,245798,7E2A87AA503BFECEF0921E1AFC04533D1F3918AB91B8500A07F5C489FDEF75CA,827,1170,RGB
4860,page-4860.png,258993,7C052965032098C5E286760731A80E303A31C84D99A1EF316BEA0489046CBED1,827,1170,RGB
4861,page-4861.png,245756,10B6D0BB15CAFBC431B6CF1EB753D717C0CEDB4BA5C20E3ED647F2717ED44967,827,1170,RGB
4862,page-4862.png,233764,3EF05E209E9BE966C20164DEE8E6FF430D5D2636219BF2D60257675CCF9C44DB,827,1170,RGB
4863,page-4863.png,279589,54EB4EA5ED5BEAE2920D6ACDA4E15AA18E13428388465D707F934CC72FF64A23,827,1170,RGB
4864,page-4864.png,312926,45E06EF0A681A543C27B6B86808A228E6E1E08F0CBF84ACF88FE917E0771F5D0,827,1170,RGB
4865,page-4865.png,327833,64C5633A5A83928A4A17E2C688273B1FB75BEE8DD08AB16568CE239341E248E7,827,1170,RGB
4866,page-4866.png,309266,FE75C438270220DCF3ECA3ED67E233F129743281E1A6A5EF4FB8060BAB743967,827,1170,RGB
4867,page-4867.png,330314,7B4D873DF79643F1CA42C25F06B6CF7BE11F4FCE2995276EC92BA4588BE6FDFC,827,1170,RGB
4868,page-4868.png,324040,978202F3C7FBFAF6E13206042F1DDD49A08D30A3B2AE13894BA13DBAE9699E6A,827,1170,RGB
4869,page-4869.png,320672,BEB7061A08301223131857F55EE1F8904B306A074FB3F4040E39518AA7DBE91C,827,1170,RGB
4870,page-4870.png,338952,36B861FF45F0EEED385F37EFC9368920CC317890B7E8EACA265464FDEC111C34,827,1170,RGB
4871,page-4871.png,347858,C3D07C1514BA83314C9EF430F1856E57BF50E15559010453243FF4165B044FCC,827,1170,RGB
4872,page-4872.png,311104,0043AB4EE11F5C7E4106D8938DA308BA313675B594050024DF1694DE1CF8011B,827,1170,RGB
4873,page-4873.png,321898,FCAD40CD5B33B6F4BCAE42E1AAB3987AA0E31097D8EEAB6CB8BF43183AB733CA,827,1170,RGB
4874,page-4874.png,320913,54D3B3C4125D2ADC0D63747F91063A4F550D14F0F1709D53843D3CCB6C2FF2C7,827,1170,RGB
4875,page-4875.png,338973,C0423EA9B9466BEE1B2A2B2CA79EA916500BD89965FAD2BEE3EE8334A043EEDD,827,1170,RGB
4876,page-4876.png,344676,CF3A7036BA5681FDB8E3D472D774EA72E49FBE453A4425C1BFC5FC2067147A55,827,1170,RGB
4877,page-4877.png,161360,8BB6307CE9A113DE1C2AC7E4EDCE2FF44C75E97179E4095721EDFCB5AA815F04,827,1170,RGB
