page,filename,bytes,sha256,width_px,height_px,mode
1,page-0001.png,41181,D2A965B1AFF7946133B34ECA84535D8F56C8021BCF0C515A377D95AD7B00A414,827,1170,RGB
2,page-0002.png,264342,E548CCF0B6E052CF1D134FAC10F03B1BCB654B312A93E576A0D69CF7249CC7F8,827,1170,RGB
3,page-0003.png,238246,C92A3305D79A7985378C3C7EF65028E1CF8EA5DCD5AB7ACB1FA14050FA545179,827,1170,RGB
4,page-0004.png,87236,D9C09154F9FDE2EBCD6439C39B26BBFE78995303ECC6B3D0C9B4BE2B2444C1F5,827,1170,RGB
5,page-0005.png,141838,43976BCF976C360BA7B2A0A6F8FA20C3BF434809635385B1184292AE5CC04C34,827,1170,RGB
6,page-0006.png,141482,291E713144E22F0C5454D0CFA4A9E90676F09DDCBBDBD7A50511B39FF98FCE2F,827,1170,RGB
7,page-0007.png,150067,D5CD406C0756E57E161169ED3A9136C0EC3EC302309381F8B13B37EE2E213CA2,827,1170,RGB
8,page-0008.png,141234,90EECF2BDCD2C6D95F937D05E00F28BCC5FEB1CDFA8EE83C0A8485CD6B925783,827,1170,RGB
9,page-0009.png,142666,130F20985DF9A135E2C442207ADD11D7522FCA6CC70438872B16C242D4DE88BD,827,1170,RGB
10,page-0010.png,149815,FB5A937795657A65E080C5FF92DF273577AFE9A7E125C3FB94CA32FD6BB2246D,827,1170,RGB
11,page-0011.png,176101,60D83EB9C7D9BF3D3CD50B26C73FE36009E98A0C72D1ECCD54E65A8BBA3974C2,827,1170,RGB
12,page-0012.png,186159,09553CF6B7ECEF970016F92A7C5E6B98FF98E0920935EC8808AA959FCA277063,827,1170,RGB
13,page-0013.png,142456,184D7E6C55237FA50F023C259A2B254A403426958EEE88F3AC8330025E59C9C2,827,1170,RGB
14,page-0014.png,163965,A1DF64544D73E3E48A68E916AFDDF5EADB0796F05BC45CD9723EB88B440C1626,827,1170,RGB
15,page-0015.png,167247,368581C9D4AD1BE76F32D5843DF3E441D2B106401FAC7838D6B710CDCFD41942,827,1170,RGB
16,page-0016.png,175285,01492C9DC4204236EEB0066CC3A082B090D5D292DA253BFCF1F9B61A374FB876,827,1170,RGB
17,page-0017.png,164709,5EE25C6FE4ADE6598F6FDF3AEF1B1D7E4EABE38A2CD0374619055A563E919DB3,827,1170,RGB
18,page-0018.png,161248,BC28FF26E6E876EFE2B836CE8ACA28D70457DE002149E602B54D32C5517EAB15,827,1170,RGB
19,page-0019.png,151911,9713E07E17B3B75C750E053FDC59DF2E30D75ACCF45D6AE8285E5BC1A1EEACA6,827,1170,RGB
20,page-0020.png,170221,6B41EB214230C7E9427EF035C2055FDA74069690877AD47765ADD621392C614D,827,1170,RGB
21,page-0021.png,178347,B2D59336BD4C661B2A26FAE142CC02C81C88FB162B4CD2843FE08376F1AAAE55,827,1170,RGB
22,page-0022.png,159062,8F7F6419A1BE91E46FAB4078E4F39D2614D4E91D67BD39C892B0CD0E3526664D,827,1170,RGB
23,page-0023.png,157553,55BA6E8CE54DA94BC28C020C5D2A8AFADE0AF51E3D9A724832C66A81FA35979A,827,1170,RGB
24,page-0024.png,186329,2E9E33F72FB18869F61F2B042B723992AF499BE5360BB15C758D388F0151D969,827,1170,RGB
25,page-0025.png,162338,B35E4894F44A615F48055F7CCFD43D4F66BBDCAB72D8641A504E4CC0D84E8B49,827,1170,RGB
26,page-0026.png,170161,CB38E4643DFE8A438A63DA421334A5FC27D6BB1E067E46B22020F94D670D8F13,827,1170,RGB
27,page-0027.png,170194,13FBA2CD00218BBC59ECBBA8CFD71B3A3FBD5B153EC9A8CB10F10C8E5FBB1458,827,1170,RGB
28,page-0028.png,179459,D43AF29F32EF5BF955C374403EF4F16AEA9CCA58CD06CE26E9CD83383FC55436,827,1170,RGB
29,page-0029.png,182254,D565CDAAD4F63097610960C8382F5CE0A221C83A0072D9E693A6DE1512127B39,827,1170,RGB
30,page-0030.png,164574,1E9A2AAE3EDE9C9C10F9DA6A5ED64E4F62C989D0EC666438132B8B600CED9032,827,1170,RGB
31,page-0031.png,225781,C423359CF9FA06CDDC95305DAC90CA06469673753FA42D1A2C84A55B4F68DB7C,827,1170,RGB
32,page-0032.png,180071,F2D158607F1C162148412CCA4499054092B1B15058F2EDA84F44ED8F4B0B31B3,827,1170,RGB
33,page-0033.png,189786,3F07C18682876E4299D7E7E9DED7EC5E1C5722679A86A3766C2853687F92E281,827,1170,RGB
34,page-0034.png,184827,87643450D0271B94A20F4C876802747A5D47780C1C95A3872822031187BF0BA6,827,1170,RGB
35,page-0035.png,177872,6A9E6460ADF2666C0B527B367BE48260DEFDF9ECDDFD7C4818506AAB26C0DEF2,827,1170,RGB
36,page-0036.png,181662,A3EB223CC13D3EB9279CAC847507BDCFFF44189E160444CCFF2B2B2AE169DB62,827,1170,RGB
37,page-0037.png,170481,BE95C0825C8876F8FF9B986B76407E3D7DF92FB8852CECB9C576A82B72A82933,827,1170,RGB
38,page-0038.png,183138,7698547398ABCD5A770CCBD0740225ADA1CAA2CBF49A36EC47CBA9205042689A,827,1170,RGB
39,page-0039.png,158171,DD95876A0EDD569DE56C903B1E6A3126E52FA6F90F1C084F1BE8C88C474E4370,827,1170,RGB
40,page-0040.png,195706,DAE6ACC135E1C5CF60B7572B19E357DE2F060D0B8C9AA788663C8F4D0EEA0AD5,827,1170,RGB
41,page-0041.png,176615,CF3D9243E716F8863F40B270C57BE26622F3DE932CAA064D614DD6801F61C284,827,1170,RGB
42,page-0042.png,180262,A311EA1AF87A32FC8AAFAE65465440F8D89B79BB485921EF4C44A17C1BD9C9B6,827,1170,RGB
43,page-0043.png,184903,49D162479E56782DE9AD834E3BDCD75BDF522FCFCA7C43581D9EBB20FD9499BD,827,1170,RGB
44,page-0044.png,169485,CC9534809BF4B46140866C3177A1473ECE71D5DFB5B18B30AA37417A364369CA,827,1170,RGB
45,page-0045.png,162689,3A01D890D09C260BC37E63D39D04545588018B116CCD6936B01D389805C8F441,827,1170,RGB
46,page-0046.png,179069,4852F5292CA8AD862B0D6B4D085282C58EA4D537EE566D1A5353425C189111CB,827,1170,RGB
47,page-0047.png,182257,A2DD27B2430D3733F87E890A2B226C5B65418A1A3290F150730768C8B1AF242C,827,1170,RGB
48,page-0048.png,177303,CFE6E635F6F43851E8B895E3923E0F280345000A9FE699DB249F5B385144223D,827,1170,RGB
49,page-0049.png,167071,B74861D2177473A219E6117CC6D94B2BAE3C74AE7C380EDBD4130CB6BE57F761,827,1170,RGB
50,page-0050.png,169851,5190F500C9EC024B80EF0A5C805DA8F2FD9E30BBAB0DD5ED1C1634035E6E437F,827,1170,RGB
51,page-0051.png,183835,E899BEED27E20BE11BC8300F958D46CF7EF2662781A046103724C74ABF39EB21,827,1170,RGB
52,page-0052.png,175122,5626739BBDF36BA0984FAC2C0EF6DB433C5E6A5E206C31E9BAF9102919A49E84,827,1170,RGB
53,page-0053.png,188680,EF342827F4355FAE56A9781F333D8177C5BB0E45B348748A1DD980ABF6ABA077,827,1170,RGB
54,page-0054.png,178353,C463EBC8B64A186C4C49DECE61CF9E0977BEF6DDB76A3B856FF0DB356CC0E87E,827,1170,RGB
55,page-0055.png,186412,F8BB8CF3DD40CB804C3302DC804821B8BAE4C016B1594192AB7467FA0CC3CC53,827,1170,RGB
56,page-0056.png,167225,3A0135D578368C78A57A90EC33AA017A79BC669C249F7208035B7A659162DED2,827,1170,RGB
57,page-0057.png,163495,CB4B6C7B29B68AA49E785952B75F5C2DF9064C0EFFBC864E47EC556458ED8698,827,1170,RGB
58,page-0058.png,164809,E7FAD43672962637CCEED6620F4172009B585A816769FE1023EB22AC0555F82B,827,1170,RGB
59,page-0059.png,216950,922AAD664920044B0E2C54E6D5CD0DE58FC3D8A98BE17D538ECFF4D143363D23,827,1170,RGB
60,page-0060.png,188670,F1145682E97ADD74F7E27FC44E6023909898D2C62A138672331EDC6DBB7B220F,827,1170,RGB
61,page-0061.png,171857,879074AE27ADB3CF7F2058174BFD380ED6B40E1FF04DC254C2E9695216653A78,827,1170,RGB
62,page-0062.png,203511,ADC9D7F023ADC06B180396E961BE0888D238620A3CD18D256F62CC3C448E584A,827,1170,RGB
63,page-0063.png,187938,A8F59A9BD14D8672842230216AFE553DA52044AFC6F243FE2BD4E94EC9813B5B,827,1170,RGB
64,page-0064.png,165525,934625FBCD6F7D00C1DD163FF2B935200B8A9AA8EC3EF2C1935638939016F9A9,827,1170,RGB
65,page-0065.png,162062,DA5E3E843A0740E6ED9A59F736067968C73CA7F2EA503D231E9642018709CE3F,827,1170,RGB
66,page-0066.png,167144,BC3078271FD9883F45F4B5073A4E18A82497136E8F919A398B93B4546EA3A97F,827,1170,RGB
67,page-0067.png,170833,0B678D5AC4C4E0C9596A00D0E02E4A3F585A1E813B2E97903E5869960161F301,827,1170,RGB
68,page-0068.png,187090,93DA5231D6CC806A0AE3C0E699E34C19001210649D86ABA8DDBABA184C26620F,827,1170,RGB
69,page-0069.png,167537,7B25B91BE8136814D097C4DE26B404999F3DA6D201214FD91795BB06A1CB17CC,827,1170,RGB
70,page-0070.png,184400,4A3D4F63FE44671C5849F5D6755DCEE8960FF7D3DF0406F1AAF6CBA98BEEC19C,827,1170,RGB
71,page-0071.png,250996,4BA43C02D0D00E7FC8F36CBDC3452E0E868DA82931607D093E13A20E5CB28AE2,827,1170,RGB
72,page-0072.png,178753,0C9F89350DCD022E5CF4025DEB8070568D7C26262EA41D138051E9E7C3660E61,827,1170,RGB
73,page-0073.png,188623,34406B818206B70897AD28CFC34D2FE7AEB668A982C7923053CA8D0709683860,827,1170,RGB
74,page-0074.png,167867,A05286C972F349C01BA1A2282B737012EEACBAB018835680C8352197E3105FF9,827,1170,RGB
75,page-0075.png,210678,B99F5A55A3571164F454E26E006D677C3429DB11C251F267F812C5BDC1AC1BBA,827,1170,RGB
76,page-0076.png,277282,30B2C233426B1589ACC93EA6A02734BFF760C406D4448D2450B6349A80AB4EE5,827,1170,RGB
77,page-0077.png,153520,6C504C85E52C12D5CC157C428102E78C93F1221A735DF84EDAB7F90FDD851A20,827,1170,RGB
78,page-0078.png,112923,554EC6A0E8C1A8411EFF1AD18ED3E45AFC3BEF53051A84A78796B206D4EB32CB,827,1170,RGB
79,page-0079.png,284946,C3DCD5845C07BF99D3160128532B7B93842326737C18FFA659981EDE3B7CA25F,827,1170,RGB
80,page-0080.png,326470,6F6AECC342894A67124FF503E0BF91DF73F098E513E4DCB027191A5EDAABEAF5,827,1170,RGB
81,page-0081.png,302519,E570B9CA15A2147FD5E1D04024AC60C33C6973FA21C1A383901B73693C66B725,827,1170,RGB
82,page-0082.png,395145,02608A38CC78FD871CBB9BA1FBA9C58545FAC1A4F24765B50A97AD32AC380EFE,827,1170,RGB
83,page-0083.png,287266,FB39A6A47E2A84F3F66088925BA73D1120E07B6B49748CEDD5EF15BF209FAC07,827,1170,RGB
84,page-0084.png,401806,03A93581C79D9308541818E4298C26E54FC316D57A3114DCA96FE49F2FBD2D6F,827,1170,RGB
85,page-0085.png,312833,8119560E5ADC028EB32D56EFDA38D76E9B9C7631FBA7F3C8D67148FBA36347A8,827,1170,RGB
86,page-0086.png,345290,7B08C12786A8B80DCE9DE7B4E0F6325387DACEF70276BEE6122FE1431298E58F,827,1170,RGB
87,page-0087.png,199623,0774E3F3561AA201274DF64D019CEA478E3C169875CF53D6366B1B830367548A,827,1170,RGB
88,page-0088.png,241251,3F573842A7A4582E6AC19FCD55D6966AE8915ACDEA8D92DD729A62856AFB21CF,827,1170,RGB
89,page-0089.png,311982,A9FAF840E812B200360F091FE478420092EE3B17B93799F38B9803DF2BFB4FC9,827,1170,RGB
90,page-0090.png,303553,20EC8C555DCC7D19543FFCDCAD959E2EED72B516EB4EC5D2A017BC9AA97F3DC6,827,1170,RGB
91,page-0091.png,260784,AE9B7100AD560C3292DF9EE7DE2943443E71148D744BACA0DA4D961FDDFECA04,827,1170,RGB
92,page-0092.png,243284,686A5EAE78C4D745E6B7D3ECDC553F23CF3B51A2226A213CAFA97FEB14D9A147,827,1170,RGB
93,page-0093.png,173474,3BE8C733B0CDCD1C7DE9A59B989414C3D7525529AB1F0E21C71C6A99C62A241B,827,1170,RGB
94,page-0094.png,149203,DA1D33DE9D6C12DB75468AAC752281C01E805803E70042E042C6DA635982B151,827,1170,RGB
95,page-0095.png,257802,2247496AF29086FD1B18153F96F74311630466716A7F31D9897A53CB789CA4EE,827,1170,RGB
96,page-0096.png,209857,A7F5EF2141A61F8ED46E75A3B2DC274067858D6C73BC8123D2D35A658A547358,827,1170,RGB
97,page-0097.png,204822,07D9FEEB6C13F2B5E2084C6ECEDF01562933A71AFCDF789DA7367FE0799F9FE7,827,1170,RGB
98,page-0098.png,207679,6EAB6B9BA7CC88493A549E67205F2F3192014015765AFA28F220FD96AFA4957A,827,1170,RGB
99,page-0099.png,262351,25DD122C3CEA801C76F2901A2C11DF35748D0D20FCDC94F13D21F78C0839B85C,827,1170,RGB
100,page-0100.png,176069,C3EB8287C087BD8A4E715F2D14856220ABE0E2A9ACF426E6CABF5AD5EBA49F0A,827,1170,RGB
101,page-0101.png,274411,B4865D2225F77A0C1DF19ABBE2D6A587508D0CAFC3E8A04CD4166CD0E9965C57,827,1170,RGB
102,page-0102.png,185677,0F7AC7921383780575AB3224F50F60A84E665B20A55191E3647045965575C237,827,1170,RGB
103,page-0103.png,324073,F511394444F647D6DB6B0B2DFEA705ECAF5BC58EBFED6904E01048614C457C0C,827,1170,RGB
104,page-0104.png,256241,5DB25EB621E1B131E5E06F5475B75F29A382A717D6ACB6CC31ADB7966360AFAE,827,1170,RGB
105,page-0105.png,240707,2E8AF4B453D5C348CAD581272DFF6206379D52970048160A0DB6EB358AB193A3,827,1170,RGB
106,page-0106.png,287169,20C1967B0D54EC68523B59F2E019281E7E7BF397E39CBFC5A4131AF93B84D288,827,1170,RGB
107,page-0107.png,227152,ED3A051B8FFB86638AD10F39910AE0194497AA102398BE56BBB83E877A652868,827,1170,RGB
108,page-0108.png,296024,9C0CE2F868712372E5A79F4CC1FA5631449108295F7B5B26ECA6C4102C742CB9,827,1170,RGB
109,page-0109.png,342145,22C7E771A70DDEDF8C37F1EA1E83A73409ED5C0DE5E75F54D85D8005566618BC,827,1170,RGB
110,page-0110.png,333692,904B353F26EEB5EF805AF5CB8EA601D516BEEEE0B027485830367730D251C488,827,1170,RGB
111,page-0111.png,316188,D48DECCCDB54BE442639DE1C0AD6BA60AA3F7C84E0468CDE6FB9661983AAF111,827,1170,RGB
112,page-0112.png,293588,CF8147C4C92D7E59967CED7B7E9E002E5DADC9677CBBF331426850EA942BAE85,827,1170,RGB
113,page-0113.png,284309,E56C23CED602D40C2B40B8C79803A3D00A9B0ECEDAF9F01F270C7A595B9C1EE4,827,1170,RGB
114,page-0114.png,263545,C1A99CC7FD3117071EF315AB69C1C20F94CB4AB145A4C25BEF07F22E367F2758,827,1170,RGB
115,page-0115.png,274841,89F53E59CEFF67489362358A06A420ABBBC88AD464332677E4644F1CD385AE53,827,1170,RGB
116,page-0116.png,216723,4F71CEB37274F94E96E1D5A97575D1D5CA121A60BF8514FEE8ED2FCB08210FAD,827,1170,RGB
117,page-0117.png,255615,765480F9E75D5ABBD8F319735E80A5CC1AB4437557763178B597AADA32B90924,827,1170,RGB
118,page-0118.png,297852,F493148877A14754150BCDE64CA1E2BBB934AD89D30081FEA3547A20ED0B1DB7,827,1170,RGB
119,page-0119.png,234140,5D092E0BCA463ECD2DA8A4CA2CC9DD184F35DB2608B04008037557B925E20BB3,827,1170,RGB
120,page-0120.png,195543,ABB8E7364E2518EB0AC7DDCD5712F8857111F618B58EDB294C16325014D4F727,827,1170,RGB
121,page-0121.png,151774,2B6496F19E23FA553965CBA130C0D164D726E2FF46DBF53EF545539D2198B58B,827,1170,RGB
122,page-0122.png,169980,674CD4E938C2537D8E7DA0D7262598080A3C62608591365072DCE34A8C9C024B,827,1170,RGB
123,page-0123.png,283651,D7A3531729155342563C6335C10404AB47D0837FD23169CCCF02165CC6023A58,827,1170,RGB
124,page-0124.png,222471,C9C48F19C446A338861CB143AFB2B7734AFE8861E9ED9E1464D51A89B53C0A07,827,1170,RGB
125,page-0125.png,232310,435533A1BDFF0AF125A83FA86FF319D38E6671A05DC26D646AE53EC0F4C20BCE,827,1170,RGB
126,page-0126.png,248422,AF3DA729187C268B03CD7FED23B670D831A38C7CFE0C38C830A0095803A9928A,827,1170,RGB
127,page-0127.png,213437,BDA43E2A7C3F82FB4B30B623E47598B6917F7B05C18BAA36C0AADE14F51EEFB3,827,1170,RGB
128,page-0128.png,205096,BC3C626C151907AF15559E878169724C68E23833F40A284BCDDE3800913E9544,827,1170,RGB
129,page-0129.png,200115,E1E2918BECB6D4F37EC4BB6DB77D6742B96A31C0C335B3D9008C4AFC693A66B5,827,1170,RGB
130,page-0130.png,148870,1794C0810B1D3EF59916A4C17F5FDD91F32D63A0758474B01131047E7BB55D90,827,1170,RGB
131,page-0131.png,309633,1AF71F0C1F68F019EC55083CD8E4C5740F1F7418A25B81142A08CE01F07A4CB8,827,1170,RGB
132,page-0132.png,248825,66F89EC58748A36AA99065F09D301934CF517E521D6E0C726BCB2E75210FB6C8,827,1170,RGB
133,page-0133.png,179345,084A9431993F3609BD2EB662AF3DB8780379C9BB13815A30DE97A80A4CEF4E0E,827,1170,RGB
134,page-0134.png,199635,8AB1B5657E43AAB183D1D40DFCCF1EFD83C2E0A963B47EBD6B0FC5C37102D4C5,827,1170,RGB
135,page-0135.png,228429,0A12286BFFBD3CBEEB3AA70D94ED20E345210DAA87416727AE17EF80A5A2033F,827,1170,RGB
136,page-0136.png,161889,2EA7FA8D816347EEA2114EF2E504FEE5E712ACF1F8692308F92D1777A84070FD,827,1170,RGB
137,page-0137.png,167761,42BA8E5B2D1D532D2603919E19C32DBC9A5D1902405E695FE86B102FCD15840A,827,1170,RGB
138,page-0138.png,197640,A98BFE7CC350D54912566387DE4E25CBA37AB317B34C18F3DE0642A5827529AE,827,1170,RGB
139,page-0139.png,263395,693B19D0685EB931EF496CB6EDC4526DD665F18A6BD0B6B64DFE0E819623A475,827,1170,RGB
140,page-0140.png,252478,3D13468B42220F2F0667DDACCCD5CB9C028FECA0D74B8D903D042326177737A9,827,1170,RGB
141,page-0141.png,241763,0D461B7980E32A923325B3FECEC93FB59E03E758A83B2C09CDEF85FCB260EB60,827,1170,RGB
142,page-0142.png,292969,00C59AD7AA3D6CE5E94095E82B7F32DCDBF41D5F5E3F76BC209E5D92063BC1E6,827,1170,RGB
143,page-0143.png,298549,4A45B395BC150B44C5AFE479C98EBAF55D5DB8F6CE278DAD309CE7B9D98B2536,827,1170,RGB
144,page-0144.png,254024,6105B62E68308BFA111CA3B5B7861EAAA3C31D27BE399BE3FC595FD67506B53D,827,1170,RGB
145,page-0145.png,202683,D55422241BE729E86614E58BFE16F40F05963AC1A8792993471BA2A081C1A998,827,1170,RGB
146,page-0146.png,220340,7AFD58528614D159F018FDAD6848AEB038C126BEB776FD4AA0A8971E16D4EEEF,827,1170,RGB
147,page-0147.png,360202,C7B19F1F88A508D84994196A2195A422863DB16BA283B86EE388AF04ACA64337,827,1170,RGB
148,page-0148.png,307239,0D7A0BB19439C8DFA12B70106A22CC4BFE102A56C2F585B1160E8F1860FE0E9A,827,1170,RGB
149,page-0149.png,350763,A8C87C5471C5CB65EC1C2D43E9B239795E32D718C17AB9C028652C73CCD6EA45,827,1170,RGB
150,page-0150.png,339645,A35BF4C34DDB783A5480F66ECEB74E124B248B1C44F72C1985D0E5DE22FB6EFA,827,1170,RGB
151,page-0151.png,242254,02794DD6F627143DFE1FF208284631CA094E6A450CBF1035C14BCA874CEA738A,827,1170,RGB
152,page-0152.png,326530,D93E633E601BF2A2858559A1632A452D151C835C899A0661A3B25BD5C2A7D00A,827,1170,RGB
153,page-0153.png,336136,7829DFF172B4879828F331C3DE2B15D6200C6CAA1AB89777D3397D1CB7E43CF3,827,1170,RGB
154,page-0154.png,332081,948B706BE71A967EFA8E8FD26B74613580C3212259FE6DB3DD9CCF95E02F794F,827,1170,RGB
155,page-0155.png,322554,002F5FEB0E0C5495046B0A636E20A30B4EF5266FCF4B89A61695F645FAB10E37,827,1170,RGB
156,page-0156.png,333386,0F9CF343EDEE831C79389A95CFC7623AABB33FF3665B6EA1CF41C12D5A593EFF,827,1170,RGB
157,page-0157.png,198195,A69AF192C90B2339A373D72EF2F35ABF07911790656D5468CAA112667E99CA23,827,1170,RGB
158,page-0158.png,233965,91C365359FBD7788B1359C532B48500BFAF45D7096B36C4266C35256B82E2C7C,827,1170,RGB
159,page-0159.png,206777,72990C04BE54C53C12EC9EFEE9EC325DCCC2DB472F36AF2B1B206CE3742BCD86,827,1170,RGB
160,page-0160.png,161536,8761106C1FF6E043AF7566C9A4C081AE328369C8E061E86C9E5FBE7B53C2FC90,827,1170,RGB
161,page-0161.png,227360,BF3432695AACE6DB58EFF9EB9B0CA8A1044F1AFE0DD07553478D58DC289AFA35,827,1170,RGB
162,page-0162.png,236285,30830293FEE54DB94DB102883FE4432C9F4D2D5125BC103BA7DF976F36BD43BC,827,1170,RGB
163,page-0163.png,212387,6ADFA03D528627FE14FE428052A258FCDC066AA186193889F8EF24194A5BCFA7,827,1170,RGB
164,page-0164.png,215909,46FE8FB17577994CA7BAAAF69CA37B7510F7969B3ED460A936749327EAA22D26,827,1170,RGB
165,page-0165.png,220110,46FC0104D5323A911A26FEC51B8AE6FE4B97216F1F699243015C77A3B830659E,827,1170,RGB
166,page-0166.png,229589,DEE3354D04F0E6B288E9F08F1A2568890814947A3C57D1074EFD6C3C7FA57BA0,827,1170,RGB
167,page-0167.png,224492,A9A975AB9E0BFD10F409AD55F4B8543132B4735A19F033BC6FF95794FDCCBB18,827,1170,RGB
168,page-0168.png,22736,E79C87D14E259967B5D5AFC97CC4C800D1F85B9540D20E938DF4F9619456121A,827,1170,RGB
169,page-0169.png,211698,AFB7CAE1BAFB9E69B9F21EFB2C352EC97E9F492A4B6833F7ED61872FB19A2630,827,1170,RGB
170,page-0170.png,295627,AF5D92D7A168118F1792A0CC0E0B7D7E315FE3214506BA87E57721650E57E478,827,1170,RGB
171,page-0171.png,285153,648AF7D9D5BE25320528AB9CFBDE51753B5516E4AEE82E7FF0781C97A26FE9C7,827,1170,RGB
172,page-0172.png,227635,FAE017F1A59B22118EE67D79E218A37F518F8358C07D00A5FD391F4B59C745B3,827,1170,RGB
173,page-0173.png,255928,27672129EA7BE05DC1070BE64CAEA6DC4AE03EA0BF747BD828735E35C5416F66,827,1170,RGB
174,page-0174.png,304322,6B65E20E14ECC7EBBB4F945085632235A460FEAAF13947C49C1FB52C6EF39A30,827,1170,RGB
175,page-0175.png,313188,34B8A463F391E5FAF268867C779B4C749768A43931050DDD208032FBD8AD9B65,827,1170,RGB
176,page-0176.png,324558,4515ED430C558BB0BDF2557EB6EFC4022776076EE028D011E4D04BAE4F0BE05B,827,1170,RGB
177,page-0177.png,343114,12EE6737BEE7F5937FBC5048EE5681C3D253CD5EEDDE2CFEF88CDC01A70FF2C6,827,1170,RGB
178,page-0178.png,330086,ECF98A230D5E35EDBCD443FB52DAEA6AB1CBB094D7F157DA30CEB8B85730632C,827,1170,RGB
179,page-0179.png,342638,F85229B60B7AF9D37CB2AFBD2A0E9D2B129B6DB5A3DF9F94D175BE970E3D3E68,827,1170,RGB
180,page-0180.png,265048,6710CBA3C6ECD09866A6B722B5344FFED80FC113CD347CB28C0933C8A69475C5,827,1170,RGB
181,page-0181.png,262637,5AE8C46D9B23F3E90354C260B95659CBB73622A7BBD9CFBC4DC1D913DA5DA571,827,1170,RGB
182,page-0182.png,286849,0B65BF9B862BAE2C91182BE68B7078B2F99C25DD756FF0C52A022233F23A318A,827,1170,RGB
183,page-0183.png,324976,6A719E75952C3AA8BA2BFAC390A7AA8C283D92A328ED9DB833169D73733B4900,827,1170,RGB
184,page-0184.png,333579,65CC31DE0EFFCAD6EA2812DDFE752B52067AB51900FA57906903BFB26E2330B5,827,1170,RGB
185,page-0185.png,350965,76114AB05CD4305960F9B63587833BBCC80145B42223689BEAAADA797E30F021,827,1170,RGB
186,page-0186.png,326083,27A4FB0C8979EFBF1F960649A82A800744120CEE02EA98941B2CAC80A71CF11F,827,1170,RGB
187,page-0187.png,306057,C17B469D6B96D1404FA71479FBC220829CCBFB0D2884C1A35D837940B800A9E8,827,1170,RGB
188,page-0188.png,299786,2F9DF0E77E2F42561F894BF9595F9A84D83F9DCAAF70D59A969D4BB855148F5B,827,1170,RGB
189,page-0189.png,318409,486A8169E9821BBBE19572B6C6BFA8117D1EE31AB217F71A829B395F4E1DCDAC,827,1170,RGB
190,page-0190.png,308584,AC25CA94DA0D3F1084E6EF1BACB10307BCD76269F82DDB4F1AEEE6425FCD91E6,827,1170,RGB
191,page-0191.png,325897,B883E3795CD9891C1418A7ABF602FE21845C870A143B806BD4D4364E884345F9,827,1170,RGB
192,page-0192.png,354016,06BC15949D5BD8EB58DC9FB500B2B1E9E374C8663D7CDBA33A7E3CBDFCAFE687,827,1170,RGB
193,page-0193.png,326211,6E49F52CC28898CFE2EEEDC52D0844FC26762EC5E4F474E6EC7047356EEB4D2E,827,1170,RGB
194,page-0194.png,304385,F64BAB10D158B0144E2B15C29CE3CE8E9E0D0911D376000CB603506ED104B5A7,827,1170,RGB
195,page-0195.png,285571,8689D6B0A038FC826EB7017A8A26F5177F081E1404DA5D3226B59A805350573E,827,1170,RGB
196,page-0196.png,315819,49CE989BA18EECFC3A9EB4A8EB5FFC2B48EB6B78DC7CB47CED86E7F81F1ECD02,827,1170,RGB
197,page-0197.png,272817,022C491B3E1FEDC270511BD6966FFD0A14EE319A5C0E3F0007BCC296027CD757,827,1170,RGB
198,page-0198.png,309207,E65DC2CA2AB4C5ED602B9BF7B3B9C3C0A032531DF94C03EFB61A647C9FEE88FA,827,1170,RGB
199,page-0199.png,284599,6331FF68B495935469CBD08B2CF0EF234D0FB6C4CF070F51C744510D1FE649C9,827,1170,RGB
200,page-0200.png,318637,E0D69EDC9A41D2411562E44AEB239445087DA8ACB311D8DCEE0E77A92D18BC60,827,1170,RGB
201,page-0201.png,378789,7B963A9D8FD51D4C90B0ED76C8B98552EF76AED53001B557614C57F7D73136AF,827,1170,RGB
202,page-0202.png,318104,91821BC4702EA0698126E37F926243CE388C2E8CDFC2BDA238F72878044D7F18,827,1170,RGB
203,page-0203.png,320196,65271F7CE6A1FCA390C6755A39D1382B279BC7B21AC3655EE96F194BFB1553B1,827,1170,RGB
204,page-0204.png,337941,AEBB7BEBC25BF99C681216A0232F3514A3BFF866119E8C1500F5A9A78ABE25C7,827,1170,RGB
205,page-0205.png,338182,8F030C09ABBEB0DA2AC55C5C83B1991D6F8C4079450A97B1E748C0AE8E39AF43,827,1170,RGB
206,page-0206.png,373195,0932BE4139EDEDCD9223B9039C8CF694D038CEBACA544233D69F05DAD4CB502A,827,1170,RGB
207,page-0207.png,326903,4C0C10BBCC6F0CF7DAAE76A8BB1D074FB8F788F13C9A70A663BB6E9985E0AB61,827,1170,RGB
208,page-0208.png,327682,E866EF860FB8C7E274C9E162988E2BC29925C90FCD6497D1F02BD9D298A8CB5F,827,1170,RGB
209,page-0209.png,333764,9B5EEEFBC8182664FBE3572CB08203BBFCDB5611681051AD1FA5653216396D2C,827,1170,RGB
210,page-0210.png,304013,3184B14B988AEEFE661734B58E1EDEC71D472742F0EEDB00E0932F049C845349,827,1170,RGB
211,page-0211.png,302945,791B2692EBC146BBE09A343522784FA4EE968F13913C60E10A0CBB53416D65F4,827,1170,RGB
212,page-0212.png,304290,00375764AD72DFF128EA7F09C702934EDFBC9F852DE5C0117DFD0C8EBD114DBA,827,1170,RGB
213,page-0213.png,356519,3D40CDB4CF9BEB6C3DEE5587E259C72260899FC4401EDB5CD11DC88A2EFE01B2,827,1170,RGB
214,page-0214.png,344521,16A62DFAB6A20F9FDDCF738C27DE01704E366F169FE921B434EF6DBF79B1D2BE,827,1170,RGB
215,page-0215.png,194963,71B5395683D45F3330A5633B48EAE1427DA6E7076F7DEF1FA8928DD08167D761,827,1170,RGB
216,page-0216.png,321040,F449D40D8B978D3652051C1E68349DA338F4326C4E973DE2E3182DBE04DA2645,827,1170,RGB
217,page-0217.png,328131,B59BA6502BFC719977AD2C38473B6A2200BD413B85A608AD678E41AD2A075411,827,1170,RGB
218,page-0218.png,219399,8014F566ECBC361FEBC3E2135F63FBC4F06068E204C4CE26B68D8C3F5CE36D0B,827,1170,RGB
219,page-0219.png,275749,63E6345AD4361CCAFA60CE0526A0D6093ADD38C3EF94E76049E697F3A3877D90,827,1170,RGB
220,page-0220.png,320441,3AEDEE759FE35E57AB657DC321132DC62EA5D34BAEE9AB358F8C0892977CDF43,827,1170,RGB
221,page-0221.png,264719,56C1F2D3EFB893AC225A82F7B6BF510C0A76F35BB3E59B76BC7478E8230C3532,827,1170,RGB
222,page-0222.png,315994,FB7B706D9122D509DC51B204208925EACEA4F8F9B0F53F49803553A7EFD39BB1,827,1170,RGB
223,page-0223.png,227443,8D592DD919E1CAFD805617506D4848147C318F35F39EC4FD0DF3E5D265CCE0F7,827,1170,RGB
224,page-0224.png,250159,44D9FD1FCACA3721CD76B61E432F8CBB3F748665862C40225F44A2B57413EA06,827,1170,RGB
225,page-0225.png,242665,93555C157393338E706A029488AA68C092B15E9FE66B8B8F333E9D0BE090418A,827,1170,RGB
226,page-0226.png,259551,928EC3B4301756EA964BDD50A65E8E5B09909F19749189F174E093F2C32D32C1,827,1170,RGB
227,page-0227.png,298869,8ACAD75B10A0A73B92140A02685C8A006934F3A840E25B20A00BB88A16F92344,827,1170,RGB
228,page-0228.png,186122,3ADE182452E5E48799BEA93A72EDEF2A5BCB062EABC9815952DBE214128C623A,827,1170,RGB
229,page-0229.png,203309,929303F7E4FA2773A035E27F1DAC1AF7650C44C8695A424EFCC0F43D5DFEE966,827,1170,RGB
230,page-0230.png,256888,A54DBDBE0B1841C91E073B877A3E6D379DC2C144049FA18D5D6C99077A8802CA,827,1170,RGB
231,page-0231.png,286020,467F305E7B9D8C7654D50C1CD6FC2A89C88DCA6BC080C6327747D27540DC2A0E,827,1170,RGB
232,page-0232.png,216412,5CDD618383E6B42DF6B697DC85C97E362146AFB794D3EAABB5EE95048780F99F,827,1170,RGB
233,page-0233.png,246008,54036EDCCE078642969635CDB711F0189696D30B28B0D417E9F2B817A5A89885,827,1170,RGB
234,page-0234.png,195261,E6CE799517098AEBDFEB2B8DF492C07A3F62EB06C26AA9FD05338E2284C270A3,827,1170,RGB
235,page-0235.png,230939,F6B71436ACFE80A24D8D5E40E2A922D45FCB35287544BBB13E7BB1DDDFDF1E2D,827,1170,RGB
236,page-0236.png,226992,4EA786318176D370F70E2E7B0CF61A38BB0D4779810441AD72E6669B1BDF9F0E,827,1170,RGB
237,page-0237.png,259586,EF75BF1D9D6682D51ADCC924EC91D4686C64D436F8FE93AC554CFE66C30204CF,827,1170,RGB
238,page-0238.png,235017,491BD6B1A44031D9E0A56C14BAA355C282AF68530FB9A5BA11C46F649D11DE33,827,1170,RGB
239,page-0239.png,250763,390DF579C91D2F3D665894FBA1F58DE8906A0E1DC994A2980982C53A43471E14,827,1170,RGB
240,page-0240.png,254912,9D55F658ACA3D0D254AF06648E9DAF0FB204CCCC26F2064FD659194A6646EDCC,827,1170,RGB
241,page-0241.png,381787,C2265499D891455FC313EE43D8FC6476B219C525815B5C5FC8BC48E4829E6A9B,827,1170,RGB
242,page-0242.png,261552,0BC23E4E9E6ABF49A9BDF4923B5545AE062B96F93B25038AF266A780C9BE9C54,827,1170,RGB
243,page-0243.png,278804,9C16AA637B0AD2E84143329625F522D0740EE7340C4AA98BB24EABA5B109862A,827,1170,RGB
244,page-0244.png,317206,4318AC3B26E4A27536EA79D0AE2355F111CCE947C419E6ECC66257A618EA00E1,827,1170,RGB
245,page-0245.png,283327,AC49118A18AD3DBF18A02D08318844099D6569E865B3FC260E0F1444BA0C84B9,827,1170,RGB
246,page-0246.png,302236,835A6CBBD18D81B3B0CA767BBE64CEBE96B98CFD1DF9DCD4377CCB2069A4AB57,827,1170,RGB
247,page-0247.png,312483,F59D9B93C6F9E5AF5932C09F370073F2AA9AB266094ADD5D50C91236ACF2D0D2,827,1170,RGB
248,page-0248.png,297764,603C85406315D13EECC5AF1B41D1BE22C1CE5D0A44F54A2534F31D86AEE6D596,827,1170,RGB
249,page-0249.png,268377,DF95196AD83BF5E16F575F525E3C804AA405CF6DEEABD55F2A62011125D41F56,827,1170,RGB
250,page-0250.png,211245,C4719AA33E90A593A82D8EA0C2BFE1B22177EAEAAEFD279C09F16B40C571C824,827,1170,RGB
251,page-0251.png,250254,BDD04A3B0A54B50C010D0CF15B3BBF13C25F19B7A7B4C4FB94ED47E9888B0010,827,1170,RGB
252,page-0252.png,203893,228AF9A9108479CA5DE3D317E17BC4BDB137B16A50C5BD075AEA1A80E423DA65,827,1170,RGB
253,page-0253.png,203756,8D036C67DA5336596016F56D962524F3D88DB7ED9AA2C7366AD5311780AB4656,827,1170,RGB
254,page-0254.png,143414,80975C45DFF27E0E73753A33B1C74D4B71104BEDB9010D7AB2C3ED7A1C2F1975,827,1170,RGB
255,page-0255.png,291448,0B950E3B5384308968BFCEDA7123759BF64472BB3CB3BEAEB0A8D2045B0A3B74,827,1170,RGB
256,page-0256.png,366259,94528DBAAB1B93B6F4455BF4D21857A5F8DA7070325418262834A64D25A65610,827,1170,RGB
257,page-0257.png,268706,C44AAAF8A1084A8948EB68A6E6A434CFB10C2411374AE30AE3CBAB136400D5B8,827,1170,RGB
258,page-0258.png,242682,CD8DEFA40168A38F8D778B975AAF650872FA254BE692CDF3040AE2B641194735,827,1170,RGB
259,page-0259.png,384661,732CE19854B501ECBB4699AA1BCD90742C12F652B25F09F85A3A325E979EFDC2,827,1170,RGB
260,page-0260.png,277887,300F4295113377A682295DC79D654F2BD2A26F52861C7BA5A940FED0E0278500,827,1170,RGB
261,page-0261.png,278226,795F47D94713D14F9EEB0972B162FE9240E2774DEB3F97B5AEC8630E159CC52E,827,1170,RGB
262,page-0262.png,297245,6407BCBE05270CA3B42B25D23C4EA053C93282EDDAA994FCBA71B7EE7C7989E3,827,1170,RGB
263,page-0263.png,303443,F290CBF34652496170085C01EFEAC3AC1B660D1A071932F93B0F6D23946D7FA1,827,1170,RGB
264,page-0264.png,215296,F926029D3ED1340FB12E6567E92C14EDEDFAD33F6BDBBBBFDDA18A32B271BDDC,827,1170,RGB
265,page-0265.png,299279,F6FE5A1C892F5C14D36B63F3ADD2AA9532661BFD078C25BB8AFC93584B18817A,827,1170,RGB
266,page-0266.png,293061,8225A49DE77EF89D6916F14096D2CA6D0E5740C32CA251FF6F80C789EA5C4466,827,1170,RGB
267,page-0267.png,215548,B5823254E088FD30C4CB9AED5C5DA6EEB3BD280E70D1CDC125466A987AC2E16D,827,1170,RGB
268,page-0268.png,278544,8F7DCD32B0DBF00461F1D8B402142109C282EB983C813865FC6CD039D4D2FA13,827,1170,RGB
269,page-0269.png,291022,58286406F40A936DD41ABCDCAB5EE0EF75F0BC29552BCFB43AAEA8AB28E0B237,827,1170,RGB
270,page-0270.png,298645,EFE640A58B7D478CA4241C55F0C23093812BBC9F6BBBF0ADDA86A09AA7232AEA,827,1170,RGB
271,page-0271.png,286376,C37AD8D6ED214D2E75B1FD2EE2F333B76AD7A7BFF31494331E0720233DCC72CD,827,1170,RGB
272,page-0272.png,278681,04CB8D6E2516DE4BC00B3E3BABF35D74850BD1163CB0FBE94E550FED192E08B8,827,1170,RGB
273,page-0273.png,331689,140149B1BBBB48B4886107E1393A8CF79474F6A536F68A8A56DD7C0293325F75,827,1170,RGB
274,page-0274.png,343708,109A9E0B26947D3B09C358A06D817001C22E9AFE041A6B72CBEC2F285E9006E1,827,1170,RGB
275,page-0275.png,309742,2BB80E595A95EF56E1A71938F22648257D76B54A089E9219D90A997F7FC9886E,827,1170,RGB
276,page-0276.png,329755,532AE82391B81C3DDE43898DC15FC6034634007528592D6B1AE40304045162C3,827,1170,RGB
277,page-0277.png,334392,7640DBA89848DFE8F0605A11B892B9D59107AED7133F4434F539263CF8CFEDB3,827,1170,RGB
278,page-0278.png,276587,179BAF774CD375C89CB09DBEF843B811446060406D7FD08D5BD5C3CC8007545B,827,1170,RGB
279,page-0279.png,293579,D7B24534B4775B6B42841F765D8763209F2E395A9555D485D18782B4D2AA7A2B,827,1170,RGB
280,page-0280.png,318536,3DE75FCBA48C24ABCC9C70752D71384B3F0E03A8FD568A94C03BF4F4709B3857,827,1170,RGB
281,page-0281.png,257809,3A2B7D09AF7C7CE0A27E1B9B07FB3CA352E42F7289923AD4326CE1B143E838D0,827,1170,RGB
282,page-0282.png,220898,4C2C2F31AD82FA47ECD2C2E770551D33610CC5FE208EF8B5072C4029A3D68E28,827,1170,RGB
283,page-0283.png,226232,FA6F4E8E7D7557DD6A4F888E7C5C31FD1401C60C7E22C937A9D8050C0B8A7920,827,1170,RGB
284,page-0284.png,231709,A17068B41CED6B05DFDA4FD070BA27849592D062903F7FAFD7199C17CA2DB689,827,1170,RGB
285,page-0285.png,277228,43D063158A65EA95806EDD9FC4C17C1E70A5D6C529E6E44CBF856D579270DDC7,827,1170,RGB
286,page-0286.png,308978,9B9F6C5707E8AA49BA7770AF18C0C616D5960851A1172A35658336B3397E60F5,827,1170,RGB
287,page-0287.png,292754,6681F1DEC326412F037436696F478B97FCA617EF8440C6CC36DAE34A63C80D81,827,1170,RGB
288,page-0288.png,318418,35D40AEAC51E898E3A958C7CAD4DCCF93B1062B15F51B184B148B352C4763F80,827,1170,RGB
289,page-0289.png,291564,1DB7E363C4C8EEE7F1632E7962840B41729ED136BD1BE3995E0F3FF39E907055,827,1170,RGB
290,page-0290.png,223797,11D7135EF06AD4C88976D53E8292BAF9BB0020263D2AC6BE5119BB2CBA2573B9,827,1170,RGB
291,page-0291.png,248795,D59B2A566E9860D7DF4C84BCD13B35AA5535D276E1BD317201611FE4B19C0971,827,1170,RGB
292,page-0292.png,224628,9FA0C67C8DBEC709702D2B104AA4D89783EC809B19B2317525EA0E0CCA765D86,827,1170,RGB
293,page-0293.png,213083,094E1430B20ABD75B04BB19F6B5EBBA4EF54DCA9DEABDEE955994F6E1AC2D0FA,827,1170,RGB
294,page-0294.png,208374,4CB11816B616735E5E70FFF71F7D30C66534008A9039266B12FA11BCC325DC02,827,1170,RGB
295,page-0295.png,191997,9853CF26501F6CB6B0F60A79B9DB19004044AEF771AD90B7AB5729FA3467E361,827,1170,RGB
296,page-0296.png,278026,7DB2B3EF43E886DC314F1AD20828E18CA3393E453DBF708C954159BDB2843900,827,1170,RGB
297,page-0297.png,289251,701B6F84E845F0EEBA0CC3DF8A76958BAF370CC6104ACFDB850F9C69A526943E,827,1170,RGB
298,page-0298.png,170960,2F1855033B22BC007BC84A17A17BDD95AA611042F77749CB734B753AF300E64E,827,1170,RGB
299,page-0299.png,231813,3B1A73E45DEDE559EFDBC64F5983CE12184021CA2CC626B5ACFA823A307DE74F,827,1170,RGB
300,page-0300.png,210348,C7B2328A010EC6CFB42DEDABCEE84ED906A69BCED041B4FCD8C25A88034E4FE9,827,1170,RGB
301,page-0301.png,208709,D510023EC488DEDBEAAAD3E6248A0C67F34FB28E70244DF7395357F8401F8DD0,827,1170,RGB
302,page-0302.png,189687,FFF8AAE7FE51863C81F78B4B1204CF3D2809124EE5C1FB3F66AAEC3A69E6BD58,827,1170,RGB
303,page-0303.png,230101,3DC5A6F8F729301C4186244B1D88197B4B43DF1464C3DE2D970B16BC3DFEE8F5,827,1170,RGB
304,page-0304.png,274749,09C4D68E61F556F6848590D946AD357227939A82049EA70D4400B6B4E374A4FE,827,1170,RGB
305,page-0305.png,277748,1477F4A44D30C08B760FCF5BFF7E9994EB6D07B55E68C86BD8221037BA6263AA,827,1170,RGB
306,page-0306.png,263547,F9B19E1149C4797917744BB99E52F40AB419578061CFBC2F2479158A8D54A1CC,827,1170,RGB
307,page-0307.png,255215,CF9A6A76299FC2B22B8EEEAF9DA5A8C89711CFDEC7F21E3DE538819DF78B2F4A,827,1170,RGB
308,page-0308.png,267528,36FFC792EBF50DCF883DE1EBCBE66B98ED2CBB40F5937A2E160DE730EADF2506,827,1170,RGB
309,page-0309.png,246078,0A193D82C25D9CE1FC95FE34093A242BB50A57EBF682DDE8B256AFC265ACD80F,827,1170,RGB
310,page-0310.png,227449,1322E19214BFDF193C294C38A3EAF35DBFD9B8C9F79E266977349F3422F1E2C1,827,1170,RGB
311,page-0311.png,293639,36A7F7958CFEB340123FB7ECA4EBC51AAD7A2C20C2983B30BF33CBC8E07ADD46,827,1170,RGB
312,page-0312.png,297738,D7FCA84240B10E84D66971DE9EC48007741A0DDE82E6E9FEC50E046D34CAE3E2,827,1170,RGB
313,page-0313.png,259698,14634A09A84D7BD71EE5DDAD8D7B28EDDFA9AB967F81B539C0E494A82163D6EF,827,1170,RGB
314,page-0314.png,293800,BB361EDC4E428D05D0691538C14D5B6FBBC6387EDA605BD859522379FB960C16,827,1170,RGB
315,page-0315.png,269919,6C458585320400E784605C8AB67FF55797A5067F9C40103FDB17511C46EE3C06,827,1170,RGB
316,page-0316.png,268656,6BD9C73B6BC08A908BCEE42EA3326CD6365F0E533AA8F760838A9DF208251035,827,1170,RGB
317,page-0317.png,208589,0C7C05FCD2622ED50F9B4D3BBF8960441185D318425EDA6EB552D8BFAB737992,827,1170,RGB
318,page-0318.png,200192,65A0075F7C3910BE6BD6E839AA9819EB3D2D38D2D4A8A919732D141F4D331D97,827,1170,RGB
319,page-0319.png,246887,EE6FB6C2228D47DDA2B813B8E87E9FD522EC99D69BC2AE1DCEE1AD573D9BCB50,827,1170,RGB
320,page-0320.png,366770,E62E3AB3330A78EFC410ECE0B55397FB6B4EA84C0FEFC0B85C28C37C5EB4589D,827,1170,RGB
321,page-0321.png,296758,6F94305DF52C585B7C2C94704019F797F57BDDA61AAC85A09F2CB05846FEEC60,827,1170,RGB
322,page-0322.png,335389,CF1E35508B85C30A8264A488F4D98E82666A342961D3C8B84F8537166FD70EDB,827,1170,RGB
323,page-0323.png,235028,AEE39902BC5F57C5A1BE6127DB4D91D797C6E46BDBB51D2EECB843FDD3A322DA,827,1170,RGB
324,page-0324.png,183021,3BBFB618FDC2FBC08D65EBF386F5870F82716CFB2E9483E722E788A9F21C082D,827,1170,RGB
325,page-0325.png,133572,CCC8C9F55983498AE2BD562D2FCA7338F028D0720D83BE61869E2D0DFEBFA374,827,1170,RGB
326,page-0326.png,291004,802A897DB8BC4B45C358B6134D91FBF7B286301CFD03AE6E3B086AEEF9D9937E,827,1170,RGB
327,page-0327.png,282070,F224E83497DE7B82AB8DDC38916B1103C8F7168C67D09FBDF0106DD77B8779CA,827,1170,RGB
328,page-0328.png,282991,E20018DB936028A1278B2DFBBF088C98404468E9C80395A4616B2CE1E738ABE6,827,1170,RGB
329,page-0329.png,293067,965A6AE7DC34862CB23FDA7A88430038C7BCC971662C63890AB7CDA45D83A1F5,827,1170,RGB
330,page-0330.png,288615,A53CBA77EAA5B223BD06E591D0D4C1FF2452E8720BB887F2170362FE42A9C162,827,1170,RGB
331,page-0331.png,320119,394F7558FFACDDF50A35200027773B5BBAA3D82E4A0F198483F6FEAE023F74F4,827,1170,RGB
332,page-0332.png,233168,1A4E04F80C08BE86C738205CB071F3AED17ED5C6D7503AB4BF02D9AC46A84180,827,1170,RGB
333,page-0333.png,149596,AAF8B7444C0184D5BB756D3F4F9DAF515BF77F8C04CC59E9BF362D36559CBB5D,827,1170,RGB
334,page-0334.png,272998,90CB3E51418AC8013A4125157BA32CACB3D29699B10A19A3BCC931A8375D4DDF,827,1170,RGB
335,page-0335.png,241030,D37E3896DB10F8DDEF0E6EB7F9ADBB575AEFF5DFA615F481400B9C1B5E26A4DC,827,1170,RGB
336,page-0336.png,292750,72D640CC8ADFAC1802BD43274F7230803757FD0D8FF9EAC03DFCAF0B1EC8479B,827,1170,RGB
337,page-0337.png,308146,ABC9BF7493AB50A6A47CFC06C2C12D88F462A65DE46D34AD037B28A0C16A02D4,827,1170,RGB
338,page-0338.png,313902,F740E6AB90F5406EA5068F9D5A6ACD71BD822F01E6EE7D1EBB3B63E54E0755C4,827,1170,RGB
339,page-0339.png,249901,99E322299AA1501B856D427389608787D1F0D48FCF8FD32EB1A83EA402AC66A3,827,1170,RGB
340,page-0340.png,282343,1CE141E61B969BE9C99EFFD652072FDEC9367571281D579E57AD3DEF540E8B4A,827,1170,RGB
341,page-0341.png,167563,F7AA0E55F88836D301ED4807B32D707A5604C84C19B154E61277E42E47BA6CE2,827,1170,RGB
342,page-0342.png,184768,C84D4835BE25FB10670530A61DCE50D0B22E6D16425BE1CB8DF3D00D27C13634,827,1170,RGB
343,page-0343.png,314845,528CF2254045B6D8742C8B3A9E5B2708A6FCD8BD97B66EB0B35397BBC3621B3A,827,1170,RGB
344,page-0344.png,277333,D3F775E76B06A8D86D8A8E76F88C59B5EB1EF362F6B897AFE931B99DA2843C30,827,1170,RGB
345,page-0345.png,268020,919E89179ED61BF64291D675509D86FD534162900FB60C67991E7474D2524D6C,827,1170,RGB
346,page-0346.png,300335,561DDE333CCBBB8332F83B0F6D9CF8A7AFA227FDB90F9D6D8BF9DA566A984130,827,1170,RGB
347,page-0347.png,312007,71E3E7C482EE278CC66861B3A7DF0280E302B1A7709ABEA1E85B775FFD72444F,827,1170,RGB
348,page-0348.png,330533,DF6597E4219915B879EEF43D854D5A3D2752EF1B87F683318EC1B5055D3533D1,827,1170,RGB
349,page-0349.png,288971,96263F6146891ECEE0FD25765BE67DABBE27C2219BAA6CEC61461F7C15AE331A,827,1170,RGB
350,page-0350.png,227944,D044FF5A75E5DBBB276CF1934E415A33DE495AEC82B14B1055A1D7A55092B931,827,1170,RGB
351,page-0351.png,289681,E5CD0FFD2E20AF0C0FB6E3E236C3BE449F2B703A54AE5D024E857C1A56DE5F25,827,1170,RGB
352,page-0352.png,301521,E4B4B618840EE3B7E5F395589E5E6E8B4C42ED2537A08E973C76FB55E3B2F466,827,1170,RGB
353,page-0353.png,248956,07DE132345A1EB26AD58EC4BDC0E676BBA2DFFF8498C00328E42E6ADCB04CA2E,827,1170,RGB
354,page-0354.png,320963,C0E84AF62BC742DBC2131BA16A82422F04DC9709950DEFE15D3C384CA88B41D7,827,1170,RGB
355,page-0355.png,297677,0AE74F4181B104EB84D7D7F86A5F377480B2433B0C58F8B79EA1882B35E49298,827,1170,RGB
356,page-0356.png,273469,A100B446B1A906619E41F99673CF8319E4646415DCD7248A0896871584FE57B8,827,1170,RGB
357,page-0357.png,371420,6F153511DB795D8D8542CEC4C33EDEEA8B2EB149765C3EFA390CEB565A1F19F5,827,1170,RGB
358,page-0358.png,340114,E8BEC90195CCF56E57ED3E928F778F5513C6C97327D0EEA5A13151CBF35EA36B,827,1170,RGB
359,page-0359.png,316813,0927203F54A73C573514511CCBA0FB6FAC7D6ED18B7954B31FA9CA3D8FB71974,827,1170,RGB
360,page-0360.png,265257,E2E8FBA7078B35F6A40DC04B7E9185EE3A19FE1272374D6C641B42DADDED86C1,827,1170,RGB
361,page-0361.png,251267,BC790BEE2684392122A3F147D6A8071F0F2BBD74050A54B815D34DEABD378B57,827,1170,RGB
362,page-0362.png,287167,F799D46D7A20D62FEA7E8CC6257ACD98CF579ED0C198DD32D774090CB81155CB,827,1170,RGB
363,page-0363.png,265288,E7A18806E06E0C16D84A2DAA05163AC2A53DB39A6742A964A167A9E97EC869F3,827,1170,RGB
364,page-0364.png,280760,12295FFA42ADF44093BB9C0036AEA97986E1CC49895790BEC9AB16283C6FEAAE,827,1170,RGB
365,page-0365.png,262659,B47BC481398C4E096179688FBC1056FF0A49FF9C9BE554F0A4136EDA6BA4C0ED,827,1170,RGB
366,page-0366.png,292314,99F7437B2DCC4A158D48D3574EDE23216EB16E82ED2D5A1A997FB5D5FD68A392,827,1170,RGB
367,page-0367.png,206605,CD4028573396C95F19DCA8F28E9D31ED56256FA887B023310BCD79AF45D1402B,827,1170,RGB
368,page-0368.png,141770,2EE5D6805C6FB011B1934C795804C61BE50B90D50FF799B2AF649B11BFAD3CF9,827,1170,RGB
369,page-0369.png,250213,36FC534F418E47829BF82FFD38340C4A095717D7F73F23BF5F820A05090C7751,827,1170,RGB
370,page-0370.png,298094,A9E30686C94F0CE85E6D680156A9260D14E7F69CD9509867C39307C69D0F573C,827,1170,RGB
371,page-0371.png,283621,55CBBE243A088A836FCEF7F9E4A570E3009FF14D3026939913E9DE31C8D1FABB,827,1170,RGB
372,page-0372.png,320319,1B034E24AE7A6AFF57C781B39EA271CF9C29B927C2055595BFFAA41F282B73E2,827,1170,RGB
373,page-0373.png,249383,F68D4D282E38178F5D35CD2660655D962DC9051B3E1D291FB8702882EC31894D,827,1170,RGB
374,page-0374.png,311506,68A6F5155DF6BC23E5A5CB28D9A7B6959A4EFD122577289DA8D0BC7661BF9A9D,827,1170,RGB
375,page-0375.png,342855,4443359C2A9EAA1B6238B640AFE16F0A681846F5C121DBFB6A3947B1741BB6EE,827,1170,RGB
376,page-0376.png,331972,CA96E501E36660CCB82598D56B63ADC60038897588CC648921BAFC615C38BB55,827,1170,RGB
377,page-0377.png,335356,6C7F84D644AB1DF462ACA00E66D03A4D1153A841A398077A5EFF4A71ECA06BDF,827,1170,RGB
378,page-0378.png,321705,71992D2E377449C89C68443202368E1B9CA42B094E913F31DF21D68ACE41A2FC,827,1170,RGB
379,page-0379.png,253970,F1B69A8DED2D2B571F72CE1B92A9925F87F00563C03DABF9AF5E653B593A0547,827,1170,RGB
380,page-0380.png,258853,3859580AA8EFFC7BCFA2179F3EF54112BB69C05F60C0573229052E29395E7B91,827,1170,RGB
381,page-0381.png,282171,8C87C54A33BC017B8E6DEC451A94C637F2EC95BBBB75E15E04283D07A4061F85,827,1170,RGB
382,page-0382.png,310319,C8552CDF486817EAB3460A7235B083EED6E629A4948BA0DB713BD08AD18DEA9A,827,1170,RGB
383,page-0383.png,289582,FD8FAB0105FBAD130D90DAF78289EF3A619A5A8AF6BE0D5BB46CAB5CFE4DEEBF,827,1170,RGB
384,page-0384.png,200190,711FAE7A0350927A5A0764FDD8AE6C22437AC5F0F604BF5E7121FDB2B062ED21,827,1170,RGB
385,page-0385.png,304101,24C7B4B06F9B53B8DEFDC6B5D4ED8F8814A25B5F20E94547D50B99E10425755B,827,1170,RGB
386,page-0386.png,281432,A4E8E8957A328D541D5FF29701042F0B79FE5874C1F96286C6851C93EA0C3C80,827,1170,RGB
387,page-0387.png,317745,0E3654A5FA26C817207A497B38AE97A0C8947F33C780533425FCE9936C7886AF,827,1170,RGB
388,page-0388.png,272258,9E69603C0CB6EB5E6CFB84466F50EC17FAA70AECB89E0879B60A19B4C10A8857,827,1170,RGB
389,page-0389.png,278781,CC624F0EB8FC0C4B0B3C0C5F27C758C7E6D340A614FD30368E5A8C40102D6713,827,1170,RGB
390,page-0390.png,320343,2A813052FFFE168F426D6DDBAC7A6D1F5204A4C6D992CB7CE55677A511716B40,827,1170,RGB
391,page-0391.png,298865,B87A7B80760633C1C73D7DAE39056DB5D42B3707D3B5D153D2218ADB5A3BF90F,827,1170,RGB
392,page-0392.png,356547,CB92FB5EE0A71EBCAD504DC627E8AD28289E27C92EB210B5AB36E7A90E00EA9F,827,1170,RGB
393,page-0393.png,314058,E0443515DFB308BFB56F2D3206A0CEB3754D2C2C76437D494B6ECBA88FB243DD,827,1170,RGB
394,page-0394.png,301595,A41699BF693A7E404730705145C1D708FADD11A5C9D426831298F616F539AFD2,827,1170,RGB
395,page-0395.png,331987,E2C2638451864D1E986FA196D0880A9AB198F49EA492CCFA1CA181D801A4F895,827,1170,RGB
396,page-0396.png,315357,73547584F041F1A7F15647D2CE6FA259A7ED201769ADDBC8BFB02219CDB81B21,827,1170,RGB
397,page-0397.png,302245,00CDC525315B3430DFCA868DA29BD230D4413FD233F2EE29005E3CFD3BEFE58B,827,1170,RGB
398,page-0398.png,47467,6E97C376520FE997DEEDD04D7EF0D797D55C4ECBA41A3277252473129AF9B3C0,827,1170,RGB
399,page-0399.png,195220,8FAF305A767FDD7E0EC17CD0C7FA876A6DB1CAFABB9CBAFD18D28C04F506561A,827,1170,RGB
400,page-0400.png,278384,9025C993312F8F3507A48A4578B1571E4242FE80E66449308CCAEBE148C7E024,827,1170,RGB
401,page-0401.png,239288,E7CFDA88A46405185FE0A4CA9980FE717BD140D2F924993F2EBD7426D5506862,827,1170,RGB
402,page-0402.png,206756,9223A11396AEF40E64CEDAFE100F3608F57E225A063A52076E67FCE936DBFE37,827,1170,RGB
403,page-0403.png,284768,0111E198E051D09FE4270E0A8F3B2A9E3458654AF88EA4B0C8DCD7C04A890501,827,1170,RGB
404,page-0404.png,230551,940A40869731D44108E22C4CBF841912B354C54BABFB80B074CDC4501E83615E,827,1170,RGB
405,page-0405.png,250650,03C75073EE8BD127C56BAC97B9729DEEC65FC8CA62BDF2A717263D6A26446675,827,1170,RGB
406,page-0406.png,266348,2F480610B91B2779EDD5BE3C0DD2D51A1D3B2BCF68D85F71E49CA4FDEB9A941D,827,1170,RGB
407,page-0407.png,229239,8EDCFC89F3F9C5C5F63369E06497A01D287C8C2A57CD2918382DC22C70ED1814,827,1170,RGB
408,page-0408.png,262652,6CC553772AA9DA74F598988EF57BCCE2DE83E5123AD29E8D9449C3505D474FA1,827,1170,RGB
409,page-0409.png,236567,4F48734809C30F510CBAED51BB769D794CD4521436964A2FB2345F8EFD0BC08A,827,1170,RGB
410,page-0410.png,213393,93C4344780F312E527C0A6E2DC5118DC091C16FC8F3F37D1B7882F58553A34C2,827,1170,RGB
411,page-0411.png,170714,758F3C8D184D0F6DCD000F2DD0DB1ACB4D7531779847FF4DE1AC647EB9E65F7F,827,1170,RGB
412,page-0412.png,295342,7FECF063D664ADAC37970BF8196BF06132AA05C48C54486395B6B0ADCB70E031,827,1170,RGB
413,page-0413.png,218053,039433507DEE0DA46E943C247FD215250FDEF6069945F90680A0F3877E5FFFCF,827,1170,RGB
414,page-0414.png,288026,C6A4817CAD79A0DC0E12731E101C7E7CACB41A6D53A6C3A0C46CD68EF8F74DE7,827,1170,RGB
415,page-0415.png,223625,3AC06A73E02A0152F60977FF7906B6F48002577FB3E8D71B58A0E75FE47EEFEB,827,1170,RGB
416,page-0416.png,220883,6BEA3A609ACC336CD9E5072CE4CF238BBDBCEA1EB3EDD7FC605F25E7F1E82C8B,827,1170,RGB
417,page-0417.png,205224,D01650C4C3089B3CAE8EE65213787EDDB2103428957A1A11DDFA17254AC00D0F,827,1170,RGB
418,page-0418.png,271676,5352CE4941EE852093ECEE16265F89EC7BA3D1E34FF74E373E5A5EE1BA534B94,827,1170,RGB
419,page-0419.png,257631,FA7E06B670A486B539E9884F6032A57AA00A8B31BA3C142FBA33603B4A9AED0F,827,1170,RGB
420,page-0420.png,263764,A21E15507322D5F946F21D93C0C6DFF9744711C6D679AB8788F46FD7B31E4D08,827,1170,RGB
421,page-0421.png,246856,B7793EC38CC723FA82B8DB614AA8078FC76D3ED7F2924CF3FAD1F0EA8DF800E4,827,1170,RGB
422,page-0422.png,273673,EB4E38DC352A7766055538FBA1C7502A1681B50B35B1644A466FBA3A465CA020,827,1170,RGB
423,page-0423.png,335833,B21E9F3311419B0B418D193EF0A816C7B57B66EF42C1BA53F180331924729095,827,1170,RGB
424,page-0424.png,282438,CD820BEB034497EB6C5802549B307611940AD4E316125B94FC80EBF36715A076,827,1170,RGB
425,page-0425.png,303430,678EEA19F1754949218183FC1D09109154903FDE319A0E78AD2511CC22B5D0B4,827,1170,RGB
426,page-0426.png,239384,0DC22DCB17D55FAB8B32C73AE67D2D0C385D4332D9A56485FE74E89D8C401030,827,1170,RGB
427,page-0427.png,287902,4286C1F3B8004F85A135C49AAFC3DA262D6A2F8AB5B7157301A288358663B893,827,1170,RGB
428,page-0428.png,309766,CA2EC94728D818E00AA500662DED488725FE4CA331C8C6BEDD924266D8DB0793,827,1170,RGB
429,page-0429.png,279821,0BF1553E1EBB86E2CC93C77D01E3CE1A626F775E9C0B5AAF6B007E744A6A39EB,827,1170,RGB
430,page-0430.png,299574,8A20F8E5C226E25547F9E4A5C3073215A43793F6E5BEA36E13CCBCF029006B9D,827,1170,RGB
431,page-0431.png,301895,C85A7E471FDFDB0207726D40967050CE449163EE4053BCA99E1F50A97277BCAD,827,1170,RGB
432,page-0432.png,308540,C9A59B60E1DE143059DFF6CCFB8968751B757B221194A2B71EE8DA8F5A58B69F,827,1170,RGB
433,page-0433.png,303301,3FD1744AC7BD033D8E45EB4ACABF52658D689537C8CF03325C0D292E1CAC2AFC,827,1170,RGB
434,page-0434.png,232047,E32EEE8D58DD742AC0224A846DCD630B8C2D582D79B4604552A7745183A45205,827,1170,RGB
435,page-0435.png,320868,AD3BE391D69BC189D24F7DCEE2652825FE8AF807CEFD41EE0877B9C9551D1C7B,827,1170,RGB
436,page-0436.png,324835,BA8C7E89EB529813A4035939D761D819DD5FBF006825286A917E5B3FA20C0CEF,827,1170,RGB
437,page-0437.png,393048,708F05C72D3DF3C7C660CB5DA8B754825DD82A38F261C0154E932D7CF5A2F1B0,827,1170,RGB
438,page-0438.png,325974,58EC3F862A5E3771F5E9D252BF91F1D39DD2CE014F4626D541DC7BA3D7DB5487,827,1170,RGB
439,page-0439.png,318867,DCCA9CE55B4E08BC7908E969BB1BED5327E75742239D07900E01D633D093641D,827,1170,RGB
440,page-0440.png,338920,6F2919A128B050E492DC970359B5E5109977F996095189AA5E6DCB46296F9BAA,827,1170,RGB
441,page-0441.png,363233,2E9E62CBEE0A9B7DFCA268217520D5BE825F01F371893AA416938A6E4504950E,827,1170,RGB
442,page-0442.png,354440,E9331D9FA93B256E48593F20E035900F446EEB61E29173D52AB31F020A571851,827,1170,RGB
443,page-0443.png,330519,488E461A488EC75D079E32F022444A7E5C5626A1787FC646D1B28A0248A9D1B1,827,1170,RGB
444,page-0444.png,294517,B980B8741CA27EAA15CD34CB0C2A6AF17A8C45987D0A6DF761C00788E103A2C2,827,1170,RGB
445,page-0445.png,301167,150DA11140D7F84318D8737CA4D2AA562C83D6D3C2BE92B24B25E61D2BC81BD4,827,1170,RGB
446,page-0446.png,262191,F3937305E23EE4D102CBBBBDAFD3A509AFC786439FF2A7EC56B884464E6984EB,827,1170,RGB
447,page-0447.png,323354,95537C4FE4DE7C27269FF4ED7CEFB0E97F938D3D5115E6820852EE082B116C05,827,1170,RGB
448,page-0448.png,316421,E64BD8F3D289279C2A0D4C5280BB83DCECABF0E54A49225BD4E48B52F29F6CE5,827,1170,RGB
449,page-0449.png,303675,FDEB40A3FE67E216FBF4F63C3C37CCCAF84713C727EB3CAC8035A2D7612B67C0,827,1170,RGB
450,page-0450.png,380447,17CAF29BCF79EC68F0835E1AB63C4BB7522F24E62197208A96AA6B41E0AA499C,827,1170,RGB
451,page-0451.png,323372,2887811FA82C754A9BBD3D614750F12BD8FA1717E981C39E4EF03BF22296115F,827,1170,RGB
452,page-0452.png,303933,24B3EBBE2FA03DD5E609AD09DB4295575632AF98C511373994A1056DC16AE133,827,1170,RGB
453,page-0453.png,261078,25F2E98075B895D581619B1C22D954D39D15DB385E030FF33CA747FD580205F4,827,1170,RGB
454,page-0454.png,257259,1B4F4BEB992B77FE170AF9DCB5C7BF4D9B6E0DA8B131237969D0D8A8680668B7,827,1170,RGB
455,page-0455.png,257856,7C120E630DE77C24FBA828067152A769BAE61265B18825DBDA8A38C82709B01D,827,1170,RGB
456,page-0456.png,228254,8100D65D85D5EC9960B87C73604F15ED7EE16D7C676F8DAC716C8FF9A610C730,827,1170,RGB
457,page-0457.png,291762,E746380360D9D7B831F3964DFD450866EF5274EFFEA6EE27151CD4F206445BE5,827,1170,RGB
458,page-0458.png,293805,E93941229BABA62A7DD8295E9D116A049A786E704D24D7DB6DE749A549E35183,827,1170,RGB
459,page-0459.png,279259,A33789494C5441DE0AADCC00C9B5D0E1360289207A661603E791AB19F5F1334D,827,1170,RGB
460,page-0460.png,336353,9A2B97CDEDA99DCE00991C4E7CA447BE8EE01619AD8987CBBF4E728A97C9177F,827,1170,RGB
461,page-0461.png,298597,EE37FA501496A6AE13021CA9745DA125BE270240F9AAB0EA8B37D9FB40F573D8,827,1170,RGB
462,page-0462.png,250729,05BA713AC29C6A3FBDE860782E53322B8E588A69AD8129423C0D14E3F80ED516,827,1170,RGB
463,page-0463.png,299783,2FE317ACA97F9FA6EF9F33540C5A367BD0F90FFA2A84480107312A86FCFD8082,827,1170,RGB
464,page-0464.png,374560,5374DCB216CC67D8B959A7DB2226B99F23F5C8DA4D01B86DDCC4D0FD5DB979BF,827,1170,RGB
465,page-0465.png,311984,150474EF7E0F247AAA573B63C7A0304269E5E5023A40E5D9BBA2467F7F436687,827,1170,RGB
466,page-0466.png,217468,1779F1794ED060732ACDE905008E225AEE27000A8E254AC52B9032AEB9E8400D,827,1170,RGB
467,page-0467.png,281786,E99A1D45544D00DE3EC40EC5A385F529DE0C1D3F86081711E749719FED17874F,827,1170,RGB
468,page-0468.png,291177,95B05D096542D6B75ECE2127D3064056FEF4DC1C619471B895DAA89007A7306A,827,1170,RGB
469,page-0469.png,266483,91FE13159196A3463EBDA9626C1238F888480848C746CF24BE8F57EBF9991CD8,827,1170,RGB
470,page-0470.png,250432,5A83E4958F36272B61CA7C52EC400302B2529E40B4C66893A46BA25595D0AE90,827,1170,RGB
471,page-0471.png,314784,5A810D02D305D41A0AFB0A73A4C21BAA60CDB3D3BB9976D9F36BDFF8837C7438,827,1170,RGB
472,page-0472.png,224797,0310F750B2B49F9464FF512E0333D9D3FD13D64F356976D8D28D4542953BD9EA,827,1170,RGB
473,page-0473.png,198463,7EF12123E92D15333502098824B69E9DD32A92C4501D8803DA9CF337C9A76FA3,827,1170,RGB
474,page-0474.png,251782,38C9B2ED9E7CC176718827398E4208E0166D6A369D1A9D5B1FC401A164D41EE4,827,1170,RGB
475,page-0475.png,339219,740193B90BE135F0B0DAFD6992145D27EF10FD741AC978E9E5516B9F2A91719D,827,1170,RGB
476,page-0476.png,266212,CA42021420FC1CB45F601945A91D3A842E44D2929D022D93F58EAE395E19DFA9,827,1170,RGB
477,page-0477.png,271665,B273A4922927F41975D8CA019055CC5B63F31E9E9A7BAEAC863FB120F7E64C57,827,1170,RGB
478,page-0478.png,281569,5318A275650AD13D646EBDBAF37C710DEECCE6BB0F9DD86CAACE1EEAC0145B3A,827,1170,RGB
479,page-0479.png,287396,75CF09BED4A42B00AAA6D78E62522A6D64FA68C360563946B0CD04194D9990A0,827,1170,RGB
480,page-0480.png,322369,C79447875C10C00BBD65DA789AC20957CB5EFDD8B6859415CCB36C4D7E14A1CB,827,1170,RGB
481,page-0481.png,282903,CBB91E1173663520D50C3A3FE08C6622673E9171F31D88C71D1B3E59D1AA58C5,827,1170,RGB
482,page-0482.png,264087,FE1F08B9DED35849303E0196B6C39D58DADA968DB12FFE952A7D6DFF65E132B8,827,1170,RGB
483,page-0483.png,304724,401CECBA271024ABE984ABEDC01CDA4183BE1C7318C29DDB20C1BF0B4B8536BD,827,1170,RGB
484,page-0484.png,297571,0C072BACAD51E16AFC2592AE54790129D73D0A18948E23EFFF18640BDB5EA018,827,1170,RGB
485,page-0485.png,301034,A92E188DA2150E81D287FAC47BC957F479B2A442912C0080E16453867CFD2B9F,827,1170,RGB
486,page-0486.png,335714,A626884D342A33EBFE1486D957777B4E907EE69EFE8CA5F59F401E999FB5C4B9,827,1170,RGB
487,page-0487.png,255502,08FA9D8CC1AE1FF29EA2DD1C2086CE62148BBBB8A2105224A85F33BDAA26BB4B,827,1170,RGB
488,page-0488.png,319174,8DD3C6E9E5F5D4C7E52CD00AACED77D1816F8C7D0BB37073F42F8C75A30EAD0D,827,1170,RGB
489,page-0489.png,248741,195E5F78CDCBE895178CBF3EED3065CED4E2FB87715A996396D6DC7AF7A39667,827,1170,RGB
490,page-0490.png,341672,13CD0B700BAF7FF74AA1F22199717C313BFD58E51138B8DB2D912CB622021AD2,827,1170,RGB
491,page-0491.png,283399,ABA700415564919AAA26A268AD2C4D667C2B257BE7888800F9679932F0D75ABF,827,1170,RGB
492,page-0492.png,307859,801B02ED581E2A8BDDBD3B1B64E5BF42778696F2FF329BAE42525CE115337E27,827,1170,RGB
493,page-0493.png,233526,8D8A8D83488543185DB3C80DE3006E0B88398CFFE1080D95217E392DA0D8954D,827,1170,RGB
494,page-0494.png,339203,265D2C1570760503691BA0A2D0FE95A72662C099249EAEF6BDE0641607A5934F,827,1170,RGB
495,page-0495.png,320328,42F5ED98900E8127BEBCD93AE2F3244554237A20A70CCF9FFB5CBDF8756EB0E0,827,1170,RGB
496,page-0496.png,303152,AF00981E43EE9B05AF17B5A060FF4369E6095EDCF1CFB63EF8C16A2BA86E60EA,827,1170,RGB
497,page-0497.png,290215,16FB2F3F24B15902A12A7F76C2A65F0B0EE3682E5DF432E7D568E76EF070D5DD,827,1170,RGB
498,page-0498.png,284331,BA39CC360E26EC98A9D77C6276B6F5FB5118F0AD77D33AE21B888EF9141B6A92,827,1170,RGB
499,page-0499.png,291037,074D4869D5389C611700773B9DAAC6573921C805AF1B2666E4F1F7A1A5FF5CBE,827,1170,RGB
500,page-0500.png,334527,DCE4D789A91E6C1F1D35EC38547CE8A9888CE29B546D9AFCFDA91150C49DACED,827,1170,RGB
501,page-0501.png,276672,5ABD06E2B55C8ADC16090CEED03687BE6F0EBA52506466F2147034CE31A02140,827,1170,RGB
502,page-0502.png,295733,067F8C396D792F8616D4191B2AB7337591A3900E3BB8B8CD02E86EC2937471EB,827,1170,RGB
503,page-0503.png,291732,6B9E1E06991D24ABE1DAED816B67A68F71DBAA7DAB42313F0F0CAF7146A4A2A3,827,1170,RGB
504,page-0504.png,203701,12F6233C166D7E2F6A9D5655BEAC61E37F4E05F0E6E2D6948DC3DB796FF18539,827,1170,RGB
505,page-0505.png,291078,5F5891433CC81F57E462552A43B1B7E1191D63967D54695279432F7D7B6FBC5B,827,1170,RGB
506,page-0506.png,313054,C4D67C61185C87B07A9C6716DD6445EAA87C9DCD85DB9E01BF82B98E2F75DE87,827,1170,RGB
507,page-0507.png,337406,9977C69F882F759CDA936FCC143EEFAAD297E12368F7A571F08DAB96D62783B1,827,1170,RGB
508,page-0508.png,297027,CBEC059826E07B0EB8162B2BEDC38C37AFA989B03DA796BCC7DB0A887EDBAEEE,827,1170,RGB
509,page-0509.png,339050,EB0F0DA2E36A43C9A222E4FB6621781504545D90784A2DEEB7F55115356429A7,827,1170,RGB
510,page-0510.png,331738,E4A32018B2D72EEA5D9678F38B7AFC54691E806BD0AC3A2DEDA8FEBF60B2A297,827,1170,RGB
511,page-0511.png,324918,76E414E04613B636F0A6793EB2F5A53FC2F07E6A30963B791901C58B04AE2DD8,827,1170,RGB
512,page-0512.png,315853,213BA9EBF689D8724A2383425550FEC9AAF948A9325E07AAA8B3040C6AEB2668,827,1170,RGB
513,page-0513.png,282925,5AA6B78BA1B4EBE519B63171EF03F63E6F7EAFA5D5CF782B1C2FB310CE2EDF42,827,1170,RGB
514,page-0514.png,262148,948692F4BCD27A438AFD632D3FBA6CD764B606C715077334CF20E9D573CC90EC,827,1170,RGB
515,page-0515.png,287864,2CF9F02F63F6B6A25C4F9AC4A8D33109B8830531C01433839C9223825A972EC1,827,1170,RGB
516,page-0516.png,286480,B7274BD4BC09413D3D9156A672464CF718D705F79E45FBC26B2EBC59FE971A85,827,1170,RGB
517,page-0517.png,301516,FCD47E187D899A51A9101AADBC5DE6CBDF9D70775F0DA1816163B04C46376C7A,827,1170,RGB
518,page-0518.png,327235,08078ED9F4018AA90F447E824FB3D4C75B421B17AF1AE0A967D8573B5F7D6260,827,1170,RGB
519,page-0519.png,326982,FA145F2F3FC2E6AFAE05B88FE38A365CEE5A0D8CC30AF399657E67B6BD402A7F,827,1170,RGB
520,page-0520.png,334576,77AA2265BAD6101D8AD579324B97CE4C686F1BCF773955E67D2BAEA5AC8D07EC,827,1170,RGB
521,page-0521.png,292335,A610B2830C5F62027A94044E38DC0BE1FDC1936BD92C51D92C4B9544DF71BC38,827,1170,RGB
522,page-0522.png,302878,A4CA17797C19B22039888C656D46719584A0229FEDA4D4EB273D594BE7BCCD13,827,1170,RGB
523,page-0523.png,319098,53426AD1B9E22AB134AB4D67C1550ABEE0AF3F2F7897C8C84246C6B1ED7E5522,827,1170,RGB
524,page-0524.png,284845,7C190B7408CF05AF55E43D3A2D3A6957505D7C5F5F176B526875A2AAD10F8A70,827,1170,RGB
525,page-0525.png,279865,89927C433C271B6622AEE288C9E39430F79DB2EF525D89DD9EC90DA87AC5547B,827,1170,RGB
526,page-0526.png,295283,B5C4030A82A523E182ABB9692C83E3CC04035C8FB8E648F429F9C3E02B82F404,827,1170,RGB
527,page-0527.png,294421,E4BCE064A6A3B49273032FFBDB1CC504B2947D738224F0F3CDC59333335CBAD6,827,1170,RGB
528,page-0528.png,217590,F5ECCB5D8B205955A774BE75E7634076E385758ABC14CB421ACE0ADEADD1E2FF,827,1170,RGB
529,page-0529.png,276940,55D700503C8B55321604590F0439360EE67850CF8B721B62F1086366178CBC2A,827,1170,RGB
530,page-0530.png,272348,5BEAD1FB941D2D8DBE8B532E39FC4C95A052F120CD4318984E99A9F22754F523,827,1170,RGB
531,page-0531.png,309103,CEBFB50C5C8DB2CE9F510D78C6A89AC67BA97A546C47E4C7C1AAC4150A7BCAD1,827,1170,RGB
532,page-0532.png,345015,9FE0DCF58133EC3D2A73C430FB2E666DECCF4A8B235BE5719526D2BE732C6D7E,827,1170,RGB
533,page-0533.png,237601,BF67FA879B1EAC9A991A077BD9412EE98505E73C702088607EB82F94B3813A4A,827,1170,RGB
534,page-0534.png,213059,624D920C826E92E5E7A8289CF8544075A500DAE61A9DC7D9B053DD2C2E367AF4,827,1170,RGB
535,page-0535.png,187680,0B0056C9E2E3C604B553CD5D481BECA0F3087AD03F218E4826DE6708D735A806,827,1170,RGB
536,page-0536.png,250027,E37ACA0D6645FA6F468F98579856E66820CFACE01AEEB1E7E95C9CA141BB3FFF,827,1170,RGB
537,page-0537.png,270696,88A5610CDC536E5B1B59E39B56FEC9961FC7CA2B8F7D90A3EE6B473E327D4FCE,827,1170,RGB
538,page-0538.png,230978,B9838BB61F4DEBD19A72519C18EFA251BB31FC8DA0A0EA1A7313FF5972251B78,827,1170,RGB
539,page-0539.png,305060,1B975090762992FEBE4ED515EDADEBE0FC2D3FD2D9BD3A7BCBE4B3FD424DDB19,827,1170,RGB
540,page-0540.png,317820,60BACD76C898AE9484394B1BED7102E2073B5AAF909EFD5F906DB25F76E37E8D,827,1170,RGB
541,page-0541.png,329457,EBFACD69964EF41A9B7847D138AEF5617A6C8974575BC0C8EC7842828FE5B1B8,827,1170,RGB
542,page-0542.png,352588,541452FBCB2F9705C997021CC6FE058E846A5CEF28168CBA397C6E25091D1568,827,1170,RGB
543,page-0543.png,314733,E0B5B00751C083C32081C7FB39B6B70363CD4140DB150BF4B80FF7F10C88231F,827,1170,RGB
544,page-0544.png,372462,96AB3AA0B8E2FD2021623A79D418F81EE2CBB42BF77AC2387AA8AABB7D71A687,827,1170,RGB
545,page-0545.png,381847,6DB7A4FBB4E59D97ACF68DDD564CDF56717B0FBF2CE24DF6F44E29DECE2BA70E,827,1170,RGB
546,page-0546.png,201899,4F14185E582AE2E294A83627FA9D3F8CE2632FE9589F22DCD913C364301170E2,827,1170,RGB
547,page-0547.png,190015,02311220ADF471A2E3F1F9A7A3C2A933F2D73A36C8C53B8CDA8F2785C6E59974,827,1170,RGB
548,page-0548.png,187754,092E599CBB1117562567E7979B2E768E5D5972E139ACB0DED4999EB1288E825C,827,1170,RGB
549,page-0549.png,218466,FC036C8290ECF2C463C214046FBAEC6A5FDDFD26BC2FA16AFDFF3EAC749794DF,827,1170,RGB
550,page-0550.png,301405,F583E69F83B02027E57B03EE0588615BA9DFD68584F67F68B93D00645CCA184D,827,1170,RGB
551,page-0551.png,315083,982E911B3EB693BEFC0E8BEEFF9CC37A190D8276EAD3247C9E7961F644621F86,827,1170,RGB
552,page-0552.png,301250,65945466D099E8351A1064295B83506E12967E654F80C51ED3E8A37F8B5E3F35,827,1170,RGB
553,page-0553.png,299789,621E9A12CEE89E2B8E0E7441A6131D6E904DE859346D49FB214286EAA2D06186,827,1170,RGB
554,page-0554.png,328677,D76F4B5785832FFF43B6BDF60B6AC1B1E08936DC36D090AFA8E5C008EBFDADB9,827,1170,RGB
555,page-0555.png,296310,91462C2D3E60F63527D19F8F6AD94A4DF873F2EDECD97D106CCEDC095474EDA6,827,1170,RGB
556,page-0556.png,240471,D175C9431F5669E21A33DB70EA371D3D15A6D56103355665966068BA10027E7A,827,1170,RGB
557,page-0557.png,256189,F8FAD7881AB4B264C422E84B5C7ACB3A9604110F84E439BB8A3CC643D64DE963,827,1170,RGB
558,page-0558.png,313630,7A7C31153621FEB24A95D81325CF409F1B543DAC3F84B2493C2CB7F289F6139E,827,1170,RGB
559,page-0559.png,321314,0DCCA32A5DF9A89D8C0A67A67BD9FD9622744179478DB34EE36E72E9673B0822,827,1170,RGB
560,page-0560.png,284105,E7B47A16AE087050F7F66EA285157CD071AFF052A9C815CAB0F89A49BBCBBEA4,827,1170,RGB
561,page-0561.png,265590,062DE0FD32D4FED58A8D7CCC8D749697108D5A9542D951B6EF374E0626C281BE,827,1170,RGB
562,page-0562.png,251963,BF6E3DBAC18AC54A1C27DEA8B166EE872FB6FE28E391F8D10DD676434B210908,827,1170,RGB
563,page-0563.png,297994,6191F96678CC28A6CB77DD4E59669F1B867C1F0D82AB9BFB154EF1540340C36F,827,1170,RGB
564,page-0564.png,303470,331E29C76AD39390E588E64D35E5DBC89A4EC6B56914CB001A29282E7F69D343,827,1170,RGB
565,page-0565.png,248089,58FBF01A92BAC9864380128B5495F2C31554C03C8F0EA68324BB69D30AC6CA52,827,1170,RGB
566,page-0566.png,341718,253777B76343E9BC272CA44FA8AD740C0BFC8695EF77E759922310C109BF4C9F,827,1170,RGB
567,page-0567.png,268278,D7D5CD0313918CE154E01072EBC2980ABE97961AC54BA68E62BE2E099B6DBEA0,827,1170,RGB
568,page-0568.png,282462,4EE300EDCC78DF5C9A04B1056AFAA5B182666C3852FF2EEC153383E542DF0883,827,1170,RGB
569,page-0569.png,257660,469F1F37FD0D9431C3AD181EC3EC3DBDCB8196CD0A65D2AA93C79223E4FADBD1,827,1170,RGB
570,page-0570.png,346987,410ADDDFE36747667653EF6EE8A91C711897B92A42801089CD171A1685FB85C8,827,1170,RGB
571,page-0571.png,231549,CFBC25D9073A7CBF19215E3BD49751F3DC141D3D422B42C088587A67958783DF,827,1170,RGB
572,page-0572.png,237154,FCD89393A7AAC4E61B438349F11AD13DD188A5024EA501E61CCC45A634EBBB61,827,1170,RGB
573,page-0573.png,274488,4654723E98FE8BDC457CBFC733A278C113674D07E3713274293B861263DE708B,827,1170,RGB
574,page-0574.png,239577,4B18D2B7291350EBE7C913AC2C25F3890767B83050E82BCF4162B5579FE23BD3,827,1170,RGB
575,page-0575.png,295258,AECFAFB93F4E3D16DC50F220EE4FE44D5905D039A12117281EC45FF82B99F5AF,827,1170,RGB
576,page-0576.png,271759,206BD6A1DA5757E3B9B645FF696B0BFC91E01B02F8B57295DC20D5A4195B5A4F,827,1170,RGB
577,page-0577.png,294871,DFB193B5BEDD965FEF461BF27D042408A982CCFE2DC7081D97B6F6AD4D25DCCF,827,1170,RGB
578,page-0578.png,301948,3DFE06E271A6B8F795C7D059A2FD5A6D6711E77B8FA03356BF0F3E8D110CDCAF,827,1170,RGB
579,page-0579.png,299367,AF170FD792AD7FE2E81FE5F081E52F5AAE82A4E724C42ABA968CAAC53D7C2372,827,1170,RGB
580,page-0580.png,247759,A009C2349380AEC3A0C563807F7B82AFB91F3952C1F320CE5C099D9D7DDF08F3,827,1170,RGB
581,page-0581.png,272828,6E14DE6F80EE00E0902BF22C84E958332E6C7784E5D003A2841AE997B0BCE4F8,827,1170,RGB
582,page-0582.png,260183,F46DB3C2B93CFCFD29310E752FCE44F875A3A031407127B3DB42C2A685BCE98A,827,1170,RGB
583,page-0583.png,230761,241D22B2038E89565A4EA5F495D1C7E93A3B1E65C766EEE5950ED44E0C1CAE1A,827,1170,RGB
584,page-0584.png,220985,151A23BD0DB22DA0E2AE58CC820AB8153F2DE4492162B0C30E6D09999724D177,827,1170,RGB
585,page-0585.png,268253,62A0086A49D79896A5D0E11548AC9FB7A3847AF0C348274A60EDD58134356C28,827,1170,RGB
586,page-0586.png,265945,52F85FE884B3CCE2BD343FFA5AE872F72C25C1C2ADD28BC7416D22E3825BA3D5,827,1170,RGB
587,page-0587.png,248448,BD72C50E81D64956B5D533AE9C2F1377E498E47832EF06C99090EE8D8733266A,827,1170,RGB
588,page-0588.png,289473,69D5152CFE913E5EA0FFF51675D6D51F44F7AD59C20AECEE8D6380008168EEE5,827,1170,RGB
589,page-0589.png,344015,9DD4759A681EA5BC852913BEBA0FFBBDD5AE3D6C3D7CAC538FDB4F863B01B205,827,1170,RGB
590,page-0590.png,349504,E1A91375421198FF741547C67B9045F3599469E4EA5633578B850CCE345B642F,827,1170,RGB
591,page-0591.png,348051,F24C33B251CB4B11152DEF7341B14BE894A62AF84D802E2EB0116104F3E408DE,827,1170,RGB
592,page-0592.png,321422,FA4CAA69418AB65E76C6AAF2AB44A7BC10F8B98E328F6172DBF8CE7CDC12B751,827,1170,RGB
593,page-0593.png,270897,95A5078B93A95CA975DEEC701847B317FDE228620079AA807927364076585CAB,827,1170,RGB
594,page-0594.png,358486,4AF4836263E9880475A3DE4B2C2C938685A5D448C066D6F9D3FE61A4E5549B8C,827,1170,RGB
595,page-0595.png,326362,4529A43255AB6AEC9DC29D178185CBEF326CB8FEFB3C4716FBFD13DE1AA2B091,827,1170,RGB
596,page-0596.png,314844,AF342FD1B728E3283D09B2698675265CDA347ACD1FDA490A243A890D761E6394,827,1170,RGB
597,page-0597.png,251215,D109293432F76DD8744DD8A935D357C93576CCA24AF05C20DAC636673699E7B2,827,1170,RGB
598,page-0598.png,296786,1F746CD9046E17EDCF079565CD45340E3538D45F365E261E177B5B1DD869A5E0,827,1170,RGB
599,page-0599.png,279287,C6CCB63031999B091B4DABABEE9EE830DD1EE2D344B001F7894CEBCFCF2D171C,827,1170,RGB
600,page-0600.png,295840,14F49456C1F39A88C3FD04B98C7223055C673AE0C30DE0EC5DF623B6E68BA164,827,1170,RGB
601,page-0601.png,251878,52C340D562A47FDFFE86D4592DF18F76CC7DCBB9AA6DC4B4AB26B2A3A9AACD83,827,1170,RGB
602,page-0602.png,275529,DD3AC936ACA2ED9EABB41AD52D13C784FDC08824B243191B2F2A9B5E8CD8A992,827,1170,RGB
603,page-0603.png,350710,0E3B8E58282A939F9D6A10850BB431D0EC1497C2B85B50D3E11DE30749B02909,827,1170,RGB
604,page-0604.png,280185,917E8E522A00E53EA86A88E3CFF6136C05039EB3EE0032940EF0F8902E2AE95B,827,1170,RGB
605,page-0605.png,270365,03DFF7EE6F900BFAE92AE503E1CB791CD296D3EDBBBBBE07FD53F7844136CA94,827,1170,RGB
606,page-0606.png,300382,A4C2733744A8EC00675A54997890B0E586905DBE6D8FD26195CA5C9F0003B433,827,1170,RGB
607,page-0607.png,251076,46ED4698D8A3EE5C0437EF15325E5A022F0560D6D8E8AADA8800351644575718,827,1170,RGB
608,page-0608.png,282892,9BC3FD1808D2F86B41FE6543E78309F82D35E9668051DEAE0675EC2A29E21ED9,827,1170,RGB
609,page-0609.png,279093,A74D3B1EA4EFFC56365DE5EA3C0F0A891936B82F3BDA1234E1CB334A3CACB803,827,1170,RGB
610,page-0610.png,322234,92EC561101778338C426F135A8930A894E236FA8FDD2B1201E7CFDC6BBB5CA2A,827,1170,RGB
611,page-0611.png,342143,FEFE4ACFC37630FF81B3C51FD88196B3FF11E881B601DAE9D87206677F85AF1C,827,1170,RGB
612,page-0612.png,284872,D7D8C3B5DAA9257D76DC77CB35D280C863FF41EB23C73F4D8C7BDE43526BBD6B,827,1170,RGB
613,page-0613.png,292983,56C26553A643B9AE12CE517A9F78E89B0C078C9DCDFB6BFAD0F62973DF7ADF5D,827,1170,RGB
614,page-0614.png,264512,51EDD70AD2EF421003876DF47A22138886EFEFBF9FB7EF83A73F253F85738613,827,1170,RGB
615,page-0615.png,238712,AC56AD30248F10400B7C7D59C461E214967E75CE3D8BCB23465BDE40C34A480E,827,1170,RGB
616,page-0616.png,288598,B93003540F8AD7FA4884D7AC619E5A10D42DC131518D67EF19679C9D58F6E525,827,1170,RGB
617,page-0617.png,320691,0D48F8DA8715B7F2821210B72186FB870CC0F035D3887851F7CE2F24B8E6787A,827,1170,RGB
618,page-0618.png,282641,0D4271717C257D5ADB7E84B26DD17E540FCE59D051F86840843152364E816AC5,827,1170,RGB
619,page-0619.png,317120,DBFCE10A012B0BC3DB0253E73B3568B7A9833556D748BB642DBBB36CC7DE4E85,827,1170,RGB
620,page-0620.png,329410,81FAD6C8387A08CAA7CA7AA0E6208801789DFA25E155D432099AB08D52B73E52,827,1170,RGB
621,page-0621.png,361900,A7841F7C692F8A1C78ECD326B3306382067E435AA8A45194C66A4C72EF63020B,827,1170,RGB
622,page-0622.png,333529,98C8558B797F3D8593EED22EFF500CDB5AE4A1D0EF21C36ABE4C8776DC1DB326,827,1170,RGB
623,page-0623.png,265075,8756B8C7B911C9773272218381FB2D42556BFA25CE484DD8A1026CAF10FFD424,827,1170,RGB
624,page-0624.png,362689,50FCC789BC413B832C215171119E3604E9A84ADC98E01F7B27832C7D45BABDD4,827,1170,RGB
625,page-0625.png,327876,2AEC67E77797220B496EC4CE006D68BCB84227A3A5C83EB66F6262ED57A0A240,827,1170,RGB
626,page-0626.png,286504,2693F35766AC314852A927F289FDAF9EBA1C50DAE1413175CAAD6449769FD1F9,827,1170,RGB
627,page-0627.png,256171,B89EED6988B0BE060B877673FEEA999AD8017C2691B7FE2A2C4B1F039BD76FC9,827,1170,RGB
628,page-0628.png,224932,5B4BF65EDE50D18CF3CF08BFBD7D8B157693A707473F977F8C481B393E4C789D,827,1170,RGB
629,page-0629.png,335938,1A3D87C0511C86F5442E755564EA29C1468082BD5C458BD058190212D62562D9,827,1170,RGB
630,page-0630.png,342485,3694D0F8C3876ED8C2CA236CC3BABE84F5517849051E886863996DEE0489F92B,827,1170,RGB
631,page-0631.png,354888,0DF056DA49A9FF89D75C0FA0953123372752C7247C5C553C6A49220AA05D0D0A,827,1170,RGB
632,page-0632.png,330379,4FB2996E9857503E1F6692F28264775466752126E592747DDA5DC2D3C4998DD0,827,1170,RGB
633,page-0633.png,338246,5D5AFCDEBA6A851DAA9006F8CCD468B40B061A6F15A12119A6B3501C68EA2316,827,1170,RGB
634,page-0634.png,334069,D30DD15930242BC126E8DDEFB981DC6582C091B46FFF6F8359A2250400B13700,827,1170,RGB
635,page-0635.png,311806,5C31EECF7DDCC50A7932EE88545CF7B1D6A2AD014C861568BFCA9990B0CD5FA3,827,1170,RGB
636,page-0636.png,290139,516F2CBF3467AD0204C3968B06DEFFA26B8BB533A0CD4DE6D73145DDAF2F1631,827,1170,RGB
637,page-0637.png,316231,28B6A258BA5F7F6A4DFB4E002D4ABEACE9006CBAD146F890D1357E889900A505,827,1170,RGB
638,page-0638.png,317398,8F3425DC61FAC4080AF206DF1872A4134FD1C99037D0BD2F6D05AE1C0E6D5067,827,1170,RGB
639,page-0639.png,319139,B250DE2DDC375F5249DF1ABABCC9FB436BC061E843942A12DF26E373C0AAD3D2,827,1170,RGB
640,page-0640.png,350954,6BFB4BB6905CDBD4AED520E7655FA03D0C7E6C802AD832AD9A6E47B4F20F447D,827,1170,RGB
641,page-0641.png,312358,572C49ADDB48F489403BD7FAD83C30C07EDE3E8F1A5BE0C974AC37E1BE5CE7B8,827,1170,RGB
642,page-0642.png,361651,0CBDE04305B8C6B04B4ADE0A45B60C72F6BA7605E75C236A9613876C404BAB41,827,1170,RGB
643,page-0643.png,319313,0E82EB20D7CF11F831980F220C2C9600159881615385BBFA52A3E9295FA13CDC,827,1170,RGB
644,page-0644.png,281740,6332A6AC7C701FB3405DB7B187CFAD3C5B12ED5033EBD1E18E0EAFD6498D066A,827,1170,RGB
645,page-0645.png,315418,B31C2D276C43ACADB957CB43B15910DC4519CE558F19FCCEDBE1A0BE9D9F9B69,827,1170,RGB
646,page-0646.png,285480,1FD6CA9120098B3FA3C9E137A28A5852A851C8F36E84A10A91DD1ADEBA77AD2A,827,1170,RGB
647,page-0647.png,307054,59913B7605FE82B011A5E0FE2D58A62B49E127C9BE35B47FBF80EB6D44FE1E13,827,1170,RGB
648,page-0648.png,257568,23F9B43DC878E7DD57B308477C901154E6D7382D7E3256B57019453C5020CC76,827,1170,RGB
649,page-0649.png,245103,6857D8FAE5112A9203C1E23677CA6A2FFDF6BB50AC7CBA20DE8718BBB1B25D29,827,1170,RGB
650,page-0650.png,255861,EB7DA218F5BC04D4C5AF5BE38407FC35802B93AD345375638FF37A685A71737B,827,1170,RGB
651,page-0651.png,342818,86956D382CFAF721F1CA21A9198CF4D3F458750E5B41C41C18E7022A409B93BF,827,1170,RGB
652,page-0652.png,295982,4A51D213E5ED23C5E808D09EA86D50956D1FD4BD7A4CE4E087BCAC30921BF307,827,1170,RGB
653,page-0653.png,322017,ADD767C5D2B323176321DBA492E2E0BCEDC61FB23E6A9722EA6483AEAD1739F6,827,1170,RGB
654,page-0654.png,276917,A1E91D1CED275640E36B3CCFEBF2F977803E16C1B69FD7DF9D1D6EE31FAF3678,827,1170,RGB
655,page-0655.png,179578,573AD210F0B3D606772516DFB5C6D0210DC2F48B4452761BDE248CF6D82598A9,827,1170,RGB
656,page-0656.png,283749,C14DA45DC9257684CF7DC75F2DEB1484E924B0D95ACA23FB1424900984CCE32D,827,1170,RGB
657,page-0657.png,292039,11216A00A47743A29CD3FD21C87B0C4445670AEDD0C2D82804D9F7DD588B5083,827,1170,RGB
658,page-0658.png,286144,427210E1E9EFFAC84CE6F27BEF14A1871BEA9AC48C5A79FC7F5E3574AD4BF999,827,1170,RGB
659,page-0659.png,228080,3940FCD4FC618273E947E75069547C75D184BD90DDC985772351B2E2A80F675E,827,1170,RGB
660,page-0660.png,217854,5C6989582041DDAF3C1386366DCCC1A088CDD9F9AB30527618D9245F03700946,827,1170,RGB
661,page-0661.png,268280,17228EAD31573487D5B33895394A82DEDFA049C3DDDD759D0419872B20D7D051,827,1170,RGB
662,page-0662.png,222318,2176E3164ABAC7C368D3074C6A9003C63374BC84F81F04C4CA3691540B3B19D9,827,1170,RGB
663,page-0663.png,207316,C16BC1C77C31314A1B2B91E9E413563CCF9C493B75FC7181D08E6B368D5D6851,827,1170,RGB
664,page-0664.png,282971,23A1BC4CF804EF7D384BD255EC03595B5AB1FD8BF5A4CFCFB438C21C46401462,827,1170,RGB
665,page-0665.png,213088,6A3B59EACF79CC50609FB7141132C9F348E3060B9F65B07694DB1E2C26B554B5,827,1170,RGB
666,page-0666.png,260546,A6D17328237C3D1B75A8B97E0CAE3553B3ABE8FED79A4CB091AEE003354180EF,827,1170,RGB
667,page-0667.png,242418,10CEC03A417DBF808C9F2EB55948215D84C4D311E173661EE20B4BE4AFDFAAC9,827,1170,RGB
668,page-0668.png,255536,83091CBB37476EDA61BDC6725F24315CAD89DC5BDC520463E75E36F1C0BE9169,827,1170,RGB
669,page-0669.png,246337,4A72397CCDACF80B8B865535CEDCFB67723638F153BC5515AD44D4C39C1D47C4,827,1170,RGB
670,page-0670.png,233834,FE4C3E7FCE841D373BEFAFF429FFE2338A8562C1C310022379F12879D7D93AA1,827,1170,RGB
671,page-0671.png,288731,5C90F297C3E698ED54D8ECDFEC79FED7D6959D3C7D5A4B52F94CAD006406EE10,827,1170,RGB
672,page-0672.png,305656,00F6AF6FE1CC88EF51D8E9D882A64DB15706184F3F930E222C730F498A2B7536,827,1170,RGB
673,page-0673.png,349124,0D2002EADB9B479A9F13B07E7A5DF576DB880A7DDEE67D67ABFE01FB2D37F27A,827,1170,RGB
674,page-0674.png,269529,A237A97047B383DE7DE0F8749FE5FBD89588CC59E1D6B2688ACA89004A0C1346,827,1170,RGB
675,page-0675.png,280153,885E6C543797174EABF1370080933EBC85A270C14B4B6DA350720BBAA4EF3C09,827,1170,RGB
676,page-0676.png,327123,585C039161CE6FBFC7066ACD9CF768693313E9132492B3B392E0AAF39C2CD9EB,827,1170,RGB
677,page-0677.png,232647,9525AB87143BA90FFB3DBC281E64944FD3839304F004A99455DFD633E4A95405,827,1170,RGB
678,page-0678.png,309498,029AB64AADAB2F417105CEA7B7988EA3F9A358BA900B269E731B610DFE5E143C,827,1170,RGB
679,page-0679.png,323281,2FE8479DB5602B2EB8C7794D226C79B9519E42B9BC960F9F77E54F24CF241FDA,827,1170,RGB
680,page-0680.png,336605,03A1C40DB8722CFC1A00F1F696A10E0614DBCF27CE5084337B838E494FB89CBD,827,1170,RGB
681,page-0681.png,308938,FE74CD1314E7D88248D3615D6A35250581DD69898C0679EF542C7275866927E8,827,1170,RGB
682,page-0682.png,246550,FE83A240A4B03B2CC8F5B8A9FF07F670DA7F175D0C0512FC4DFFBEE030B6A9C3,827,1170,RGB
683,page-0683.png,292887,65FAAD9AB28E7A2002E6FBD3A4CA0D2693D9BF4D4EAD5F4A192797C400C892F0,827,1170,RGB
684,page-0684.png,312567,8416A5407A7115896F3759EEF2A3221606B2C9E8EE1DC0F483AC7A6F037F6497,827,1170,RGB
685,page-0685.png,332098,16FD8F60AAD18EB7FBA898325A8A49C3FBD21635240CF4FBC734961939CCE784,827,1170,RGB
686,page-0686.png,240154,0421EDA0DD9BD49BF0E4E076FDA8884D0729A79AF7097F96751C46413AF7BE6E,827,1170,RGB
687,page-0687.png,221043,173F74E1CFD44AC493A74A218AA1C431984F94A6130A6ADEFA6BE625E05470C2,827,1170,RGB
688,page-0688.png,246814,3D03373D062E69DB7B6DAED26DA36D999BA6E95413B309DAE6EEF97E93C4A9E5,827,1170,RGB
689,page-0689.png,244245,950C970FC5CD9390225C1DA152F87D53C9170C767E9E281D949D1BAC076AE284,827,1170,RGB
690,page-0690.png,238976,A9B896E61616DD58FFB2180BAD9951BCA1176CD46526AFFBEF6DCA468F126064,827,1170,RGB
691,page-0691.png,259243,8C5858C804D90A4370CA6C931CF90FE7B603740CE99A419D1C1B6D1BB61B031E,827,1170,RGB
692,page-0692.png,264518,1508A1C089F98037FC1E1AE045300B2E25C0C0558B4C4DE8586195C54954261C,827,1170,RGB
693,page-0693.png,288601,7BBF51F6095971065811E7251B7EAE28DB023E053335409A87AADA9D4A04527A,827,1170,RGB
694,page-0694.png,261444,D1124A8BEF6F3441421C5DA1EB1370A1C76B825BB085B7A6CA048B86019F5748,827,1170,RGB
695,page-0695.png,281033,C9C6ED936DEC117A5A3FE61800155CF53CB95F5C19B6DB4FD50B4B0C5B8CA00A,827,1170,RGB
696,page-0696.png,225312,C68F90F256A118D05CF1079094088BBF1FBBEDF13B1840EDEAE8880B973C1E92,827,1170,RGB
697,page-0697.png,311623,C07494695451A5B74784FB179EB2CA6013BA118E233A9132E9B163F3BAA9103C,827,1170,RGB
698,page-0698.png,326240,354517E50D931BC6EF8119C76FE965475AF05A2A440E9877B8E6C2F87A9BD23B,827,1170,RGB
699,page-0699.png,301123,43CAB0FDD53696882B390FFBEB596772C3D3A880173ACBF595C41314A04EA35C,827,1170,RGB
700,page-0700.png,240026,0F6858485F2B0BBC6CA3B321DA9FC2A850E0A197AF4F84D05465254EC94CA47D,827,1170,RGB
701,page-0701.png,204529,EC7BE60EA57017C2F8FB6ACF25B643CA9509E5C13794FAEFDD42E5AE1BE8A23C,827,1170,RGB
702,page-0702.png,313079,7F3B062122B71F282703F9F104824891CF113B4E45165BB47F31C864DF84F18A,827,1170,RGB
703,page-0703.png,282357,8C5F0B5C96D0271533495474AE9962734DB70F5B4C16C30FE58349FED9BBB311,827,1170,RGB
704,page-0704.png,309456,6C58AE9FA600D1FF95E6568D02A87118EA69D3F5D96B49C23A9C0FA09F1D637C,827,1170,RGB
705,page-0705.png,273540,58DFC0BBDB9D67363956A60351065479967F819818070B463A2FAF7F57217041,827,1170,RGB
706,page-0706.png,307060,373735B2BBC1DE7780CE5486BC5FA3FF0AE32FC5B7EF73DCF55A6482A74FD973,827,1170,RGB
707,page-0707.png,289548,CC6E32D7699B2F0C67E1DF266787E6F2511E3F9CEAF1D1B0590A667E59DE94EA,827,1170,RGB
708,page-0708.png,323526,242FDC88972A62EB58EC02BC54DEEC2E66557AA379AB13C782FEFC7F2BE45CA0,827,1170,RGB
709,page-0709.png,289752,DACC2D7F2650CAF2A189A0B135A8142A0228EFC2D27122B26F1564B67D0636C9,827,1170,RGB
710,page-0710.png,253722,5D9FFB1DB3DBF68CE7229E35E4B52322087C90A1EF4512EA1045BF37721D0079,827,1170,RGB
711,page-0711.png,218081,616A096CCE70003307EEF5FECDE71F5FF392AF48C88E9523812A1AFBF9A89DDE,827,1170,RGB
712,page-0712.png,279947,F7ED39B226D74A5EEF3E26235F84DF119712BBB7D3CF400BC81F61F4EDABE587,827,1170,RGB
713,page-0713.png,240459,A85AA7807A4CA8445DB7291BB1F325C888BDB904595BBE600A5B9D9E906F8581,827,1170,RGB
714,page-0714.png,242372,3C174FCBE6E33550DCB5F5B3BECC86F24CED2125BEB37FAE34C7CAE63F71C2C7,827,1170,RGB
715,page-0715.png,301890,11D53B71FC6D24D257E0246DA3E828E7AE13DEB313CE73A56ABD5B7AE5D041A3,827,1170,RGB
716,page-0716.png,249575,49C425551A3C50F560F959E387441B9DFA6B3DB2E4AD0B88BA1312682CA618CB,827,1170,RGB
717,page-0717.png,325733,83316846854D22FBBB1FAAD816FC5AA6F786DBB6D9243DB57FB2F4B7B1994850,827,1170,RGB
718,page-0718.png,292231,3796EA632E63CA781B866AD96BDA73CCFE6EEC1C3C88C91717499C9B23196F2F,827,1170,RGB
719,page-0719.png,312414,53F298A093EF0559C6778510CCF5DB48F7DED632789528BF59CB3B8B75A6452D,827,1170,RGB
720,page-0720.png,278755,CA9D99265A98EA603AA36ADE7938E462A6AD309B3A33CA31C90C306740F0B53A,827,1170,RGB
721,page-0721.png,323394,6C7897A4B59DB7DEAA56D552D527666AB8259A7FFBC3C26D96D5BEA05E362D96,827,1170,RGB
722,page-0722.png,375910,BAAC7D216D2DDEFF3D3878BF0611C1C60115E45C0F3B2225006C948CE53B4927,827,1170,RGB
723,page-0723.png,329755,87027B888A82C5F6D257F555B7F2B4F11A4BF72CBD79BCB299B3C3BE92538C76,827,1170,RGB
724,page-0724.png,339791,A942F08AC5CD038A1DA1F1D5C7E0096F29D96C9BFD2896B40CEE17CC6F9A3F69,827,1170,RGB
725,page-0725.png,270174,E3CAFDF6851AF6F9A59EBE28C498E71E0AE114AB46EC981CFD189D5867066709,827,1170,RGB
726,page-0726.png,326435,58335CEC491729FA89C4EFBD20B527B727521B62075E7BE348F352E534AC1C60,827,1170,RGB
727,page-0727.png,288232,4C96B059BAD40BB4B9C98962B508B58CC12AB319B12553AA83A099086D43BADD,827,1170,RGB
728,page-0728.png,291674,975882BE97ECDEABFC0676D00EF31A535432F1106286E55D03E43D4BF962AF60,827,1170,RGB
729,page-0729.png,287700,ADF082A0408753DF8DED51ABB788255FED0FFC146792CEB9206DC8305AE8F1C6,827,1170,RGB
730,page-0730.png,247593,5EB5A474DB3C49FF06A1750D414510D599EBC1A1B40333C4F0428500A9727EDA,827,1170,RGB
731,page-0731.png,286433,1D44C59FFA215747F54D2C47E5EA7D20D7D87CB714ADE3C957002052ED126182,827,1170,RGB
732,page-0732.png,252706,5E677A066DECA4AE2631A21C365056022BC17F99F374234AFF59098064E2F127,827,1170,RGB
733,page-0733.png,310208,5BAB32130D0FD4968205FDE496C2C050AE60B748AA4CC210006A33A2046D7FE8,827,1170,RGB
734,page-0734.png,322892,77747A2065E8E1FCE4C450BFC0CC84B6D50709D85696653649F8DE8D7ADE8700,827,1170,RGB
735,page-0735.png,347769,752185D195E2C9CFADB0F1A568AA48EA05833896DB3B81370C0F54F1023702A4,827,1170,RGB
736,page-0736.png,305613,078441D4202F4CF401B214AACB109F830E476270C23B581F5EF0687671CC7A40,827,1170,RGB
737,page-0737.png,278902,86885A43E8FC63CAD67E31B03434B6200264A0E4FC9B86D96550E696E93BAEFC,827,1170,RGB
738,page-0738.png,284009,9A4FD5482A61E4E6D1C7B31F783C660DFB3A8A8D82EFC9297BC1022EE084FC0D,827,1170,RGB
739,page-0739.png,286353,91A921C1745E646E699FBD914C402E2296062149EB1D437B04B9AFA2DBD3AECA,827,1170,RGB
740,page-0740.png,366318,7081D24B153E84D15E463FEEB2C20029E577F97974F1BEC30783465D6BBCD0D8,827,1170,RGB
741,page-0741.png,273210,B56B1D36ADF8245B902F370DB3DA4DB94939BE67167DE2F58753C20CD2FC2F6B,827,1170,RGB
742,page-0742.png,237528,C4FECCA9AF8DF8CCDC97D1293C4E4FCE3E9667390E271E2ED2C20D965E60B9D2,827,1170,RGB
743,page-0743.png,311658,4541D1AC1FA24F3531CCBD828BA7F6EAF0B0461F50D1A8F0BF874D3344532F66,827,1170,RGB
744,page-0744.png,330042,DA6C03CC70D928C9D5D91A020691F35C325E4F4AC611277E9ACE6F1FEA41C5DA,827,1170,RGB
745,page-0745.png,271407,C132942161EC3C6ADDCBFEB189417EAAE478157C9732C9631DAA7ABCA85BA0DC,827,1170,RGB
746,page-0746.png,340869,28A21F6E367F93D473F54D59BFD43F8D0FE403E271FC61BB51F2FC57EEF6A6E2,827,1170,RGB
747,page-0747.png,307859,DB12A614F89899684757AAB76617BB308F833CBBCD35B57EC67AF573A80BCC0C,827,1170,RGB
748,page-0748.png,337222,6686080696A07E2532D37B87D74BD8CE1A4EA2237FB1C3949A161B1EF5647BB9,827,1170,RGB
749,page-0749.png,322635,B09E2ED0EDB60E40F1AB4FF133BD2D4ECB66B3CBE0D80BA9DA166E45D902124C,827,1170,RGB
750,page-0750.png,353886,F1C411D6132C9244D8E306DA3970D6CFF3E7C5AA9C1DB2E5413578A824D5ACF0,827,1170,RGB
751,page-0751.png,367708,56DE9CA7DF265559B46AE27171B8DF6D51DC0ECF3697F8E7A3588E46B02BFB89,827,1170,RGB
752,page-0752.png,352510,513745F6F8BB65BAC368EACC21F269CDFBB5499E2BC08BB9FD97981957DB043F,827,1170,RGB
753,page-0753.png,203510,C9ED0948E73A267268FA6DF63AA44EB45156AD3D28559E999B463B4F571B3703,827,1170,RGB
754,page-0754.png,218687,B1E3421640F9C959D3FC2612C7855F7F47F28874A910E19A883CE2B5DF304A8E,827,1170,RGB
755,page-0755.png,269591,BC071811115D71CF8262F74D9F8EC3FC17FDA6310F817659CD75B4AC00FB8808,827,1170,RGB
756,page-0756.png,260198,9BCD86E1BEF8C0B238732D2154BDB4CFF55A1CFA6ECBC16A379E33A8992A0F07,827,1170,RGB
757,page-0757.png,308993,6596CD8FB4A7380920F0AF854A3BB71CCBC4183F466F8CAC808E7C85A2980ADC,827,1170,RGB
758,page-0758.png,353502,771ECB62A9812D39947D3ABD3FC39AB7F415FAD5A17CA2E2FD3F08416D57D024,827,1170,RGB
759,page-0759.png,295137,7F418A844BADF45FBD209DF815E17ADC7DAA5FACF044F31385C2E6910B0EDBBC,827,1170,RGB
760,page-0760.png,270298,2997468F3AE9E1E176157CACB77B8E9330074F0A95ABD76EF03CD55321F8D32C,827,1170,RGB
761,page-0761.png,268193,195C3F2927B54E0321F3CC8C231E2D082D0798B260E1547C3A7A906C0BE935D1,827,1170,RGB
762,page-0762.png,274198,041D3AC6053B539F505D21D26F4EEB0B14D85929CB124B2A857B130C84CD6557,827,1170,RGB
763,page-0763.png,252047,322792B4D2D9F2A6BAED623C78520B1F4316D1F3745403B9C4297909EEAFEF76,827,1170,RGB
764,page-0764.png,310258,5FEC07AA35BD98C2D8D9E1B3C041646B43B76C1F5755D16A27BE8AAF80DB05EC,827,1170,RGB
765,page-0765.png,72038,6A97C29B22FE1E982BB4FE0E3EA6CC7C57A50873D1B8D108D144699EAB79106C,827,1170,RGB
766,page-0766.png,268959,22B3ACBB989CC388C822DFD5561A5BA72612AD5E804DD71F7324AFC0274FBC61,827,1170,RGB
767,page-0767.png,285461,CA71C4F9D81C342990CE964D9F2FAFCC72E24E49804245257D972895C2315B31,827,1170,RGB
768,page-0768.png,270265,007AB5FE0FF069A7901338A4E32FB203134648187536C7DD83F784C363C61464,827,1170,RGB
769,page-0769.png,340713,92E78D4B0BE23E3CAAE880A802E1F84B915AFD13F1F2AA846A51AF0EE27D8ED3,827,1170,RGB
770,page-0770.png,282951,24C399EE509F168920C27AB1058C9495EECAA7C7838D1CDF2953BAC591468D8F,827,1170,RGB
771,page-0771.png,337079,C0B0C9FD44698D22CAD8F3EF84B1C9E2E29A730A4E4CB45CD5F535650FEFAFD4,827,1170,RGB
772,page-0772.png,207031,AD8920ADEA1B5435B7EF34C4507EEA6C261E29CF0F5CC694C427CC503FE9584C,827,1170,RGB
773,page-0773.png,266901,D02CCDA34302DA4A9B26C9408CC77ACE0D1D62E29CE541B522897B7F18CB883F,827,1170,RGB
774,page-0774.png,299816,1E6C97C33E601045E078D03EAAD93FEEC024137464761024FA314BCD71200E73,827,1170,RGB
775,page-0775.png,236870,4D21B69679AE83540BBB746D5BD813A6AF0ED1EE99FFE882A3094093301FB678,827,1170,RGB
776,page-0776.png,275326,2515CBDD98A07FEE4F899C292734A4070D81FEE4CFF5E4AA17DD6A89BB23F395,827,1170,RGB
777,page-0777.png,267625,509046CF8D7F4179E0A6A7AC364D1CC76E5EC181C9CC3E33663DC7D65201F163,827,1170,RGB
778,page-0778.png,180283,2EFE0B792AADFFFE5F8EC8EB040F36E785AF655D7A241ADD8EB64BF11494A75F,827,1170,RGB
779,page-0779.png,258205,7A6DF3C92FDD83E8E9837DBF66D58E74297F01E0E8EC14803BD3CFD2C3EAA3AB,827,1170,RGB
780,page-0780.png,192760,85C5B4E9BF7EC68E2211E68EACC268196EBD7155CB49CD95EF2292D6807EEED8,827,1170,RGB
781,page-0781.png,114345,6AA048ED85AAB53FCF3DC3F3E4B91D3BBCFD8FFF96BE9B81B15B073569B1B6FC,827,1170,RGB
782,page-0782.png,176144,4BF1EC4625C40A3E111CF94ABB4985D9D96E6ECF0F6DAAD027A08DCB54278CC1,827,1170,RGB
783,page-0783.png,181548,EA2C7C66FF9A2C5A325858DB5B48E54933738993386E700CD19AB212C255F5FB,827,1170,RGB
784,page-0784.png,238356,6BDF73BC1B5E4D033AD439888F4B765499114F3F322AFA42FF8EA1ECBAC782CE,827,1170,RGB
785,page-0785.png,239276,94F4F24856D3FF4A04679235B1C1146E8152FA66DFBD74AF5BC60E161D545978,827,1170,RGB
786,page-0786.png,223119,64332F7E8B6746B81FF8294E14392B9D6A45B1AFB68C12BA1251A516AB3E6665,827,1170,RGB
787,page-0787.png,216030,FE11627369906D3B8FCE8DAD89D9DED8B7770F766853ED182704067963373438,827,1170,RGB
788,page-0788.png,276750,FB1D5643BC90D2C50435DAE819F96EFA38389E08336DE3D0B1A67A22794909DA,827,1170,RGB
789,page-0789.png,234235,08BBC77FF51B26270E41871975E949DBC0E0D147B4A79B8645BDF454DD252FA4,827,1170,RGB
790,page-0790.png,287381,D16C4E292D5CB18252F9960D098A5FADFAAECFA8445962094F09CEE3F36A9988,827,1170,RGB
791,page-0791.png,216869,226DDCE871C6A5DAAD2B36D38EB960CF2EA3EA2DD9B1FDF9CD9AC384ADEC37C4,827,1170,RGB
792,page-0792.png,202317,648B05B70A1CB25CC1E434998C67B8F7C4500607B0B242C49210035C32CCAE66,827,1170,RGB
793,page-0793.png,175671,7D7D779B5B1660C8FBF8DEAF5F7F03A7B7ACD83AE9911D48B0EBDB322B78638A,827,1170,RGB
794,page-0794.png,235750,9874DF33B843BBD3126E4994ED7516B6FD89365052283322309C21BC76115455,827,1170,RGB
795,page-0795.png,229065,40C2ABA516FE3B4DCE11066C5361F5C29D0587FB3D171D4A844671AF20FF16C0,827,1170,RGB
796,page-0796.png,156842,D4C0DB8BF0921CB8719B473F2C6C140AA4ED706D807D5106CF45A706336D055D,827,1170,RGB
797,page-0797.png,244354,B2B087FDC9969733AB6938D055E363B3C02FF0E1A6D3D6FAC5A1315B62B26066,827,1170,RGB
798,page-0798.png,195673,6BEBEE7AA99BD54999F7D0CE87865E84F957518B7250AB3A01128D371F103A95,827,1170,RGB
799,page-0799.png,271082,BCCAF9432064D6C6AEB43B7EAC678815D8E79D66AB489B755509CE9054E30100,827,1170,RGB
800,page-0800.png,279531,29F5ECB8B7B8720157CBBB85589886574DD7D227B06E90E6228C3F6C85F36FEA,827,1170,RGB
801,page-0801.png,127491,BAF8E5E9D3CAE75B6A5C50319632E8A30C5FC358BE069A32E0E195A7A3F555CA,827,1170,RGB
802,page-0802.png,135523,CCF5F9B75574838D2E4538952502C4CC8AC394B6440EDB9472DC25A6B21F2E16,827,1170,RGB
803,page-0803.png,324853,80041C49A17DF48C0168425064C1008A8152F0A2D6F72337651621DC84CEA055,827,1170,RGB
804,page-0804.png,254900,6AD59D9E24CC78315462B3C845B59BD5682877F6630E63FF6D91524892885520,827,1170,RGB
805,page-0805.png,195348,1ABA4466F4E8C9CE94CFDE231EFCE8EABCEE625371CD87D59931C2E043CEF2C0,827,1170,RGB
806,page-0806.png,199925,650199868AC2E548864277EFB1C705556492A3D928BFC1BA7CAE859BB7C8909A,827,1170,RGB
807,page-0807.png,224716,AA7CB7ABAE9E4196BE57B49D555E8FD7B624AE280652B6C45E420BF729D25473,827,1170,RGB
808,page-0808.png,224739,17A810C47606C31F56A1B6E5CCDE35431B7ACAEC4971CFAA9B748F79BAC19097,827,1170,RGB
809,page-0809.png,265213,F5318B2A8642E35599212CBB2EBAAF6E8816E1225D60F32A2293E22AA46311F2,827,1170,RGB
810,page-0810.png,290625,53FF4B414850FB9999D2F186AA47DD3A575FB8E345CE8AA2D534B2B23DD9801A,827,1170,RGB
811,page-0811.png,181005,B41A868EF90C51A95EAC41375D58A378968B29094E12ADF4A8A7B7C074D2ACC4,827,1170,RGB
812,page-0812.png,217313,6E3F1D511D92AEE9B293DDE891C51121BBD37BADADE3A010B6BFB98C700988CC,827,1170,RGB
813,page-0813.png,266786,326137EDBB10101882F21AADDD6BBF86313680EE8CCFCA6BD8DA7D224A8C0010,827,1170,RGB
814,page-0814.png,247405,490B2EB4E8B38490196FB910A46C590AD9BE114608AB018D000C4287E9B36E91,827,1170,RGB
815,page-0815.png,210049,4C4986BCFCC6CC70F96D887CBF5D2E192BDC0186E6B3BD1A51F3EB83F2BF95DC,827,1170,RGB
816,page-0816.png,177007,DF3D857A6E4B0BB8BC16868C61BA02EB689A11A6D2AFFE47F12C2994DB20B2E5,827,1170,RGB
817,page-0817.png,252999,C1521A2F28C56804D49352BCFB12F93FB929DDD37303805C397CE8B3EA1C6E1F,827,1170,RGB
818,page-0818.png,287528,BA47149C2F4AFF8E42F84CE27256D4DFC9EF622E2EC9BD7FE48651FF5FC2D760,827,1170,RGB
819,page-0819.png,239872,C718C28AD8B181CBB7D2303FD80988E483DF034E0B6426B6B3F52ED090EA255F,827,1170,RGB
820,page-0820.png,285795,849E189BA3E0DF222EB90DB59B8D34B5AE9AB0357B2650281A82EAADDF274965,827,1170,RGB
821,page-0821.png,274582,A6481F4C78D4CB268C77BD982E832F9C3824566659710000BF9914A6F68D8376,827,1170,RGB
822,page-0822.png,233290,11BBB13CE6FE7753172314664DE2D885D8BB3119A6FC2C3CFB02574E56431618,827,1170,RGB
823,page-0823.png,337059,697A39E5154F06BF9FA5F6857EF0F79482A01468E5688A02BF910D1427AF2C34,827,1170,RGB
824,page-0824.png,258757,126C11640FFF0B98EA5E490E0E0FCF5A2ECC148D816CE635863295350A7D32EB,827,1170,RGB
825,page-0825.png,286094,0759354E4B0544D6346A7197FF5FA7334EA45A429B62ED9BFAA5D76F4A057586,827,1170,RGB
826,page-0826.png,258242,CF61DCFB2551D9D43D8D52588DCF97ED7A8FB3270E5704D19DA039D2BFBD30BA,827,1170,RGB
827,page-0827.png,279279,7F89216DD4CFFC9380E241568A78D2D0CC90409DE482D88CB454D70E748E498B,827,1170,RGB
828,page-0828.png,299179,597D11F03CE3151ED1BD4DFE36EA7985F6799F33887A4364FE1D76C7F8670F16,827,1170,RGB
829,page-0829.png,170522,660E2BD61D1D265E47EFA0EB659AD24F0DC613B43B4EA36636455B02019FA2FA,827,1170,RGB
830,page-0830.png,265537,F3E8E5803CAAB47C28EE07D7104925B68960211EE26D9B340594380F12055AF2,827,1170,RGB
831,page-0831.png,243659,FC50878A8BCB6BE77A908F064DF1632ADF4B7EF0D5D5523A4DA831DEB406D957,827,1170,RGB
832,page-0832.png,321641,C79977B83193EEE6391644B03A5EAEB5DA0B5A8217DADDA2E08379C4F30CB5F3,827,1170,RGB
833,page-0833.png,241041,A6211990B4FE257EFB2CE503381AA5CE5F5830FCE610D004F8013E33F75B9AEE,827,1170,RGB
834,page-0834.png,260162,BD9C377789A5489EAAB5D031468ADE7E22A8092D55BD2155B50C2D3F0FD7CF30,827,1170,RGB
835,page-0835.png,222399,50AEE9B5FB87D95B9B533B731F003DF0BF5473CD7305FF219678855EB7685D6F,827,1170,RGB
836,page-0836.png,196050,6BAB859503E23A5E164D00F2664B65BB573597822E81EA42143AE9376D2A9796,827,1170,RGB
837,page-0837.png,240763,592CC7D137BD59977FF134A073715ED6E5BCA018988426C3782B8562C24A403E,827,1170,RGB
838,page-0838.png,254872,7B44A357ED3D1B925065D130A480722DDB70516CEA616F039B03376F2E8CC577,827,1170,RGB
839,page-0839.png,209942,CDE69ECFFFC5E796C7237AD3556F691362F8C16B07E3388F08B367AAD40F928F,827,1170,RGB
840,page-0840.png,221904,6E15E22959F0F4E36FD578C74D7B46940DB804D9D51B281151B5097F1E71B1CC,827,1170,RGB
841,page-0841.png,247321,7547FCF0993C1FAD21BB8985EC1B7202FEA6912DEEA3023AF535C75975F66397,827,1170,RGB
842,page-0842.png,316768,91E2BA8D88260C2A56CB0C353102A7A5302773D7A2CB45A40D5835A7385125A6,827,1170,RGB
843,page-0843.png,263109,A9FBCF81AE8132BEE6F17436623ECDFB7DBFD78E7206A304C32451D19C569824,827,1170,RGB
844,page-0844.png,178948,5907243975D47370B22219962CD5E9E80437DBA4E9C850D830A5C3DEF3D83B3E,827,1170,RGB
845,page-0845.png,220862,8378C976E3D74E3E18F7C5EC5C40E2BDA3B216EF7AD1FB734FA896E787E72C4D,827,1170,RGB
846,page-0846.png,260739,A3CDE8B9945058F1DD1B0A6EFA9C62EBDB0AE216D253D981F62F5BFF3B6B908C,827,1170,RGB
847,page-0847.png,245955,EBF8B8E0814DE6007734F2C9A2162D0E4207A1B1C182F44331D70598916FE941,827,1170,RGB
848,page-0848.png,316102,315F0203DE23C262353F43B341D7E825DEB1BD46E9162605D732A47F997A9BA1,827,1170,RGB
849,page-0849.png,385644,D243B88DD47F01CF65E98023831893AEC4609A8FC063AF6A0C96610D9A61EC39,827,1170,RGB
850,page-0850.png,274870,809B5BE92B75FCF930844AECFD51559FC9FC372386271181CE4DA86A2EEC16AD,827,1170,RGB
851,page-0851.png,238012,63C8CDAF0787A9A08B56013AF5EA385F163A077F99A2660FF6CCDCD8C817AAA9,827,1170,RGB
852,page-0852.png,280301,A1786484C8E81FC147DE3008270B217F142E9CA4FB28646940E205E494601BAB,827,1170,RGB
853,page-0853.png,289564,4F7DE3538A240A3182389D694155BB57C5189632D63B8790F130BA43D6F295AA,827,1170,RGB
854,page-0854.png,220405,A2ECB0A8B055109CB2C297444162F00A53A544453D1C34F5E7105191C9D630ED,827,1170,RGB
855,page-0855.png,225580,0ADBCB98DEECB614388B2AB74FBEC604330F7070B4987CB89F248001F2A5E2C6,827,1170,RGB
856,page-0856.png,214686,F6973472D5D7662C47216C920786BEA1A1215364C22F9FE349705A21FC4BBA98,827,1170,RGB
857,page-0857.png,164712,794A8C1D3049350B4116A6350687259473AF6424690E66419BB8F2CB712C3C4B,827,1170,RGB
858,page-0858.png,178476,53DD811131D115DD2AE81993543DBB9F8C44EA9F5086FE4FC551224D639927B1,827,1170,RGB
859,page-0859.png,226366,46C6999DF0D9356430FF1948F8CC940B0F29214FF46C45939AB17239BC787B9A,827,1170,RGB
860,page-0860.png,237260,6CE2CE056C20127BC1C1519DC98625E6B34EC97EDE3D2A8B88323E836DA3EE73,827,1170,RGB
861,page-0861.png,233638,B6D01FE4F36ED309A156DECA03D1B3F5DE71218AE88D2770A4718513FB310A08,827,1170,RGB
862,page-0862.png,346785,945C4A20C1F77B2F7ADF1166CB6030CC717F58781CA11C35B5AFDF03AAB6C8C0,827,1170,RGB
863,page-0863.png,226026,CF11EC8F1288E440A7FBB23F9E69EFF138A7FFA8350C5FDD9F1AF9DFF779C46F,827,1170,RGB
864,page-0864.png,252157,63065D7381D11C8040B1F671ED4A0C1B20BD37F93C591187DCC80FD9587A901E,827,1170,RGB
865,page-0865.png,271696,0616B53182BE25631891C405FA006BE04CFE12CE13C8E87C924DB29D43027077,827,1170,RGB
866,page-0866.png,291746,16E71FE50E388B19ED8EE30C1D2A1ADACD76CA156BAD33357E6392A9CC515AE7,827,1170,RGB
867,page-0867.png,202570,1D8571732527D8B7FA21E75D4BF1F1911388392AF33D2A810ED30DBE6EC062AC,827,1170,RGB
868,page-0868.png,285961,990DD7457367069C9FDFD93489A589A12D694E7C18F46B1661C0E3BEE8D9628D,827,1170,RGB
869,page-0869.png,272218,AD18A033D322B917F45B89319A357AC632D33730EA321DA989CCADCCA91380F2,827,1170,RGB
870,page-0870.png,277881,5BCF489E99B81C30C2F737A68B12970F6D42A2B503A5BD35718B1A74CD71A352,827,1170,RGB
871,page-0871.png,158949,A092E0B2E971C597260F72488622D83C7218EB9393EF822757ED6D91B105DFC7,827,1170,RGB
872,page-0872.png,230941,B74BD6B6D8D72B12FE886C456EE74F85541DC4B970D99CA5737EEE31D26C35ED,827,1170,RGB
873,page-0873.png,264044,92DEC5B39D4A43970972C2D49511CA0057AA18F4279EA952FC1867DAA36FABF1,827,1170,RGB
874,page-0874.png,274634,869EDBCDF6AF7A5F6F0039B551567C1973343AFF1574E7AB46075DFC9FD39AD7,827,1170,RGB
875,page-0875.png,264847,EDB06F9CD4716A2E4DAE9A247689319EB2C79CD3DA617D117D2AD0FFB8D6DB1C,827,1170,RGB
876,page-0876.png,285316,C744EAD6CA222B8F8FFC653A3E48F749FA8BABA1926F554F20A8A9E501E88273,827,1170,RGB
877,page-0877.png,255370,937145A7743E91DF9EA04B23849D49BDA7E6EC56694473AFF060DE52DEE398AB,827,1170,RGB
878,page-0878.png,270424,CCAB1C3A5413928F3AFF6B6AE53E72D7CFA2EEC0C7812934DCC519C97F596B20,827,1170,RGB
879,page-0879.png,265516,1871C51C7E36273072C3613C824050537475C421C486E52C971A88FBDFCF4B5F,827,1170,RGB
880,page-0880.png,299669,25487E718A8FC895D80256A4DEAA3671164F575AB8DF29B3BF946F64BFF1DCF8,827,1170,RGB
881,page-0881.png,290160,1E23EFED02746848C579A97F1520068E0F9D64D796F6B7A05CD69168C1DE7598,827,1170,RGB
882,page-0882.png,268037,3DA0B653D917AE812525F322EE320C7A7B6D7DA7BB7A02D514C5C4610AA6E883,827,1170,RGB
883,page-0883.png,230398,F83C100C8C83A06EFCCB571D3EF804315E9C5AC0AD9AA026F6B0480EB4F4A0AA,827,1170,RGB
884,page-0884.png,292735,6E4973499C506402D50E54539E8786BBB0A7F6B71D563A655D0E2947A2FFF015,827,1170,RGB
885,page-0885.png,238644,57CC2D8030C8BBF4A845DF027EE7D8D4C0A3CE946BFD7D449AAC2A8D7D9EA3F7,827,1170,RGB
886,page-0886.png,204468,BE2B36A350D45C0C85BA1FBC49D00F37B47E0E73F83CBBD76CC2837DBC799819,827,1170,RGB
887,page-0887.png,238932,F9EBEEE0BE0319223E20ED2E01F818F47E2E9F3826B9F53B68EC6D5E9FC42D35,827,1170,RGB
888,page-0888.png,244304,50C429AA193CAFEE9328EB6E9A626D2A1878D6F0A126A834BF4A15E9B4EE8B6E,827,1170,RGB
889,page-0889.png,189331,DA9B2F621B473D444D46B9D0C3544774E01EF66708C623ED3C01DAA6F4CD0964,827,1170,RGB
890,page-0890.png,247106,FF7D6FEF194B7CFE60C0C21EE6D86943C7D75CDBFCC8739A0AD78612F6673737,827,1170,RGB
891,page-0891.png,234783,DF2304D23232AEFF288BF8CB9D3B266197E61BA96F34A111B00A2075E768409E,827,1170,RGB
892,page-0892.png,323379,87EA95C8594E19C09E62DE840F77ACEC80B54EDB0119FF5CC22C8FD6DB1157ED,827,1170,RGB
893,page-0893.png,277809,DB159F90A41A79F5AFA784060539A5CDEA22207444F69847CE3A4B5EDA4D0C80,827,1170,RGB
894,page-0894.png,255576,6A438185EDB9BBA6FED025B7DFCC4344F83E35F4A3C1875B274DF2D0C2C13104,827,1170,RGB
895,page-0895.png,292080,4E974825761B01C5D13EBC0B660F70711CD6868891EF7FB4F7E7A404738F8C82,827,1170,RGB
896,page-0896.png,204449,11847BCB5D5EB1551BFFCC9A44DE30396EB36D3E3CC943FE4DF58535DB6D5B3C,827,1170,RGB
897,page-0897.png,345808,D55BB765B95459EDCDAAE026B80326547F6B3EEF381919D9B560A6901A04F1BC,827,1170,RGB
898,page-0898.png,235701,BE98B83D87F0ECAC114E1D4F9AC24352DCBE53C08CA325DF2561AD4C3AF87A58,827,1170,RGB
899,page-0899.png,213854,2580B821A63BD135BDED2244FF3662F264E202FFF0876EF4E93347D32D7321A5,827,1170,RGB
900,page-0900.png,238786,F6B0F96A46192DC0D4A22469599626884149F6442254A6932CFF54265A378741,827,1170,RGB
901,page-0901.png,254641,E743898148DB3C6693C614D0E4B2DE108E5993A864CDC035E151E77F9A9E591E,827,1170,RGB
902,page-0902.png,329755,436521CDFA98E081A9C2DC91F99F3E2BF5FDAD56857DF1812B6012ED64CD80FD,827,1170,RGB
903,page-0903.png,275682,971BCE792C71D213B48E9C5C5FFFB6067BE974A18C7E254BCF14E9C116F29037,827,1170,RGB
904,page-0904.png,220107,2E754F4188F5F263A3D339F33D9C71CAADE77814B30F8A02AC357DBC652D08EE,827,1170,RGB
905,page-0905.png,178812,2DA4B5403187201D0803701175D8C5EE57FCFD5957305D6ECA6005F641752106,827,1170,RGB
906,page-0906.png,270560,B9A799F1C8ED994A3B87C8AAA7DCAD105EAA1FAD6CA9C44DFC44A3C97B4C3E60,827,1170,RGB
907,page-0907.png,235794,EBCD323BC9160EFC74BCC691937F61849EAB304F51245E28BC1313039721D4B7,827,1170,RGB
908,page-0908.png,298682,1C5F031B615A46CF5A24EEC206D50CD8D69C8DFE69110E33B28DE00D6F625E88,827,1170,RGB
909,page-0909.png,199294,981505474670A84662E0192460EC806F20B1D6A024C0D86BCC27CB25D2017589,827,1170,RGB
910,page-0910.png,275009,6AF09AFB71868188721906547666456B99D7B05F252229FBBFC2303683DECE98,827,1170,RGB
911,page-0911.png,241916,5D29112A68E4A57A89DACB5FB24D9D9DE97D20411A72C89BB9DC42F2362EF59B,827,1170,RGB
912,page-0912.png,234456,D2CD3A4F4C54862C64EEEB21AA8FA5A50951FDB0D931E9456727FE9F6CFCFDC9,827,1170,RGB
913,page-0913.png,246484,1A799CEA511F839D802D535264EB090D33EF8571784C8780FA8D99F95B8809AD,827,1170,RGB
914,page-0914.png,304290,8890F0A5CDA0CE61521B9A9728B3FD95269BB2F3656F0ECD16D47A630F56674C,827,1170,RGB
915,page-0915.png,252294,70E017C3910F1AA86E6C70D4692FCABBF05581BB11CAA07F64B8A4B8C94DA7C7,827,1170,RGB
916,page-0916.png,246265,188F7C1D192F25164B008EA62D873208D1B825B9480FD382E80D8679F756C79D,827,1170,RGB
917,page-0917.png,249556,2397FD42611EC15101390D759C64B48F92DD9AC2F41B967FFD4BA39BC6409383,827,1170,RGB
918,page-0918.png,294876,92BED33E43DB3FA589A29AD362ACD78B4EF1D319F43D92918FEE17D6D14D4781,827,1170,RGB
919,page-0919.png,244329,1D1F10E3ABBCC16E7C3412EED9C99EFBA1E688A3E38E1FC33662FFC546065FAD,827,1170,RGB
920,page-0920.png,216363,AAF4420376D1944B84EB82C29D43230F9D824904B9AFFF89DDBAB14C682862FE,827,1170,RGB
921,page-0921.png,256827,1A3424D9CB3825F107B0BDC6A77516E2AC7DD81991C6B49D235A2E833D2258CC,827,1170,RGB
922,page-0922.png,295917,D7887CEED8F3F9953FA7DB475DE1F718FA2284195E428C4618B3984AC07A7E39,827,1170,RGB
923,page-0923.png,276489,1710376B2C2B8A052AAD77B87285225CE2DDFB7550A5CDF328688E208E7034C1,827,1170,RGB
924,page-0924.png,269244,CC05334E99707964155B499A9997B18698025741AF7F710CE9F1460E2E6E0CE7,827,1170,RGB
925,page-0925.png,256936,742106B36D93CF40157951D8FE40B4F63504E5A23C1444CB5C245C9AB5E6435C,827,1170,RGB
926,page-0926.png,217878,29DE3DB993D4937D7787CB187F8A60BCF803E4D2B17EC8BBF543D30EF9BEB438,827,1170,RGB
927,page-0927.png,242258,EE848C5C6C1010261D94A8202138B9BC3C70E2772F19212581CFA4A7256E2102,827,1170,RGB
928,page-0928.png,198610,AAE783FB0AB90A5F84FAEBE0D834314E14D6AD09925524FF60B53D60ECB70094,827,1170,RGB
929,page-0929.png,253650,37C3DA63EAAEBBFEC0E8BA5A1259AC2079AE1AF6C286173525327646D50F4E70,827,1170,RGB
930,page-0930.png,215174,9E58AA7D5A59880846B687733C91FE388AD48EEC4A8354D5F96D3FDAC750561E,827,1170,RGB
931,page-0931.png,251107,44E45C3E14F7EB69B90425E6944CEFCCBB44D9512E0BF338214566219C9B0B31,827,1170,RGB
932,page-0932.png,210705,08CB1A5FEAC85DEABB4F5942110E6C49256EF4E7B954EC7FCA802BAB94A6B3CD,827,1170,RGB
933,page-0933.png,258077,BCD4F77DC60C4055ACDD8AE6291F081D9052785D7E3B6DCF67C891E99C5E1359,827,1170,RGB
934,page-0934.png,228845,53AC1C8B75FEFF32C836FCDDB6C44AC5D9328EA60E2F29920F3A1832C28DC440,827,1170,RGB
935,page-0935.png,144216,C488F7C9938FE1CCC3B86C8694E9AAAE698FE160572DA69B65990F6C127654EC,827,1170,RGB
936,page-0936.png,177833,4FEF9533C9088E75732F8A69DEAFBBB0667CE65EC904C62EAFAE6399BEF50B63,827,1170,RGB
937,page-0937.png,112539,0CE4785CDD314DB41F429A92458FE6C0091D9A1D514C3C58354B352DE4860DE2,827,1170,RGB
938,page-0938.png,287889,DC502C001FDC1E21BC3CA27384182F4EE6A8D74902C406D9FDBE21D6EA8DB7B5,827,1170,RGB
939,page-0939.png,259465,CF99BF2F9E4631067F20BB47101BEAE73F5B1838CF80C9523E1E2E53E7E0B099,827,1170,RGB
940,page-0940.png,207070,350CF7DA65F9A41837646421FA1728D55D73AF75D8A9859354B699E88F85D76F,827,1170,RGB
941,page-0941.png,253393,1EA4A01542689550A9A00053F76FB883871BA434EEE2BFAB84D1D738A6929B25,827,1170,RGB
942,page-0942.png,279455,E2B9BFE3C10E32F0582D3F3D13CC345B64A4362302C248420F627DF7C597823A,827,1170,RGB
943,page-0943.png,265779,EB5C1230E2EE15548F7B99B1AABD163AE478D3945E5EBAF9A1C4D2F86C045E78,827,1170,RGB
944,page-0944.png,231092,11B1085B6AD8BCD601C78F31367C70F34E4D1B59CC3F5D325EA8827A2CBDA540,827,1170,RGB
945,page-0945.png,241604,6F2AEB2EB34474C8EF96477B72D1B6DA20C8EB4AF4931C02F844268DD8C568BA,827,1170,RGB
946,page-0946.png,234510,975B75E89C5C926122C2CA5A1012D64151CC5ACBE48E6D81B476FB89A0C7C2D2,827,1170,RGB
947,page-0947.png,234896,1A36DE40327C6DDCBE51018BD033059ED8264E650E0FFC2EC6AF9440CC2FE9EF,827,1170,RGB
948,page-0948.png,238756,F670A52EAD7C9F972F4D03E30E8215FD57FC3A512FBA97FFB40E5EF4B941815A,827,1170,RGB
949,page-0949.png,257479,1DB4B89B63E2233D5B56B003073DD5870797055C2C4F61876DE95DAA89C4F4F7,827,1170,RGB
950,page-0950.png,271328,08580B48DEA86B72E93BE9CC7FD0FAB3A701C1A578ADF35AE922EF4BAE09035B,827,1170,RGB
951,page-0951.png,240828,7E2755ADD6D9A84705C374046CFA30949AC072DD0EE10196AE0BF9D8F3401566,827,1170,RGB
952,page-0952.png,262762,416456EA61DB6A3B24B43408A2DB6ECE7BFB5D26F7CDF0B32FA9BAE07353D54B,827,1170,RGB
953,page-0953.png,215404,EB84688B65B38C03872D95740702ACC473D0A01D4B113B7E4AF69AF53F183442,827,1170,RGB
954,page-0954.png,237889,0C9E44F8B5DA4933B4A3775E9742ED68852FDD3B379B9479C96757D380AD4B4F,827,1170,RGB
955,page-0955.png,220367,AB5509CC309F9FA7D974A2F7FD8424F5EC3DAC5C9F432549932D7B0D5E4AE23E,827,1170,RGB
956,page-0956.png,283367,709B177D6938C0F3EB73FD0C8C3921BCFC19B33B9475D210D33BD3F5FE9CEA4D,827,1170,RGB
957,page-0957.png,258794,13D29F663168F4328CA4D46244755930655BEB2BF73F2191706EB595927D3B89,827,1170,RGB
958,page-0958.png,206209,CECC7C855411A70889546D42D4A7EF49E5D3D77E005BE6C6989830D2699BFA86,827,1170,RGB
959,page-0959.png,243704,3BBE83F8530A32835175CF44C370C9A05EEBC82C5A85921589EB441365E9BEF7,827,1170,RGB
960,page-0960.png,268055,A85FFEC9A9C626679D75385CF40DDA8B1996A4AB30B50B46331997FDCAB2E596,827,1170,RGB
961,page-0961.png,256124,B3E961234E61230FE09D312C2493C8F009D88D9050ED64ABC37A7045A659FDD9,827,1170,RGB
962,page-0962.png,301621,D3DBDF5ECC9AB0C923892D79466A472A8780B72E9A6FE1F62D69CCC82B754E67,827,1170,RGB
963,page-0963.png,288308,9239796C307F8942550723730E73959A9CB81993D3C334B07C33EDB61A9A3220,827,1170,RGB
964,page-0964.png,241695,DE74DD2CD1C4B4F10306054200C71789B831E26268C5131A5A818B825DADEBF1,827,1170,RGB
965,page-0965.png,263102,1BD1E2B29245A57C47EA5AB64D07AB33677C1D07E750D9BB9AB808ADA9992BCB,827,1170,RGB
966,page-0966.png,232241,0F0CE5D874BF5297F7ADA3DECE42DDC56AF34EF81EB358055EBB4BC0A6EB8EAE,827,1170,RGB
967,page-0967.png,258620,880D8F3C1F14E2DAE55A28E5DCE6D6832FD730378D91F5307D76D6D56AE14D59,827,1170,RGB
968,page-0968.png,288558,7DBF39530EA644EA1E6005438433A28D5C2F1B6E0A4A430D48F968C17C124C00,827,1170,RGB
969,page-0969.png,228216,AB2A5EC89F21987B8177788E4FDDE12CC5205A6C68D68E8F17012C5A368BBA08,827,1170,RGB
970,page-0970.png,223091,F91A009118A54CFBC526ED8A282ADDF162AAD875942D4E1BC88647BB3A3715F5,827,1170,RGB
971,page-0971.png,304469,5FFC5D68C5E2B7EE23A1C84E39B7C3C4FE378444E882105BDA2285C5977A7660,827,1170,RGB
972,page-0972.png,280997,08A7DA90C46DFB6BCA7B20060E07FE40E0ACCF740305BF998062C7953A88F118,827,1170,RGB
973,page-0973.png,187550,AD0E2016F695AF6ED937FF9CC4F2CB68076354B3A0D0613DE393A2DCA9A1667D,827,1170,RGB
974,page-0974.png,333810,CC737473ACC6EC6EC5D4AA24458234C373BA2927E3C5CDE472999DE6507F43F3,827,1170,RGB
975,page-0975.png,309637,D85D06C41E591F0C786D11BF793AC47EF847924591584DA09E7D6D425605ADD9,827,1170,RGB
976,page-0976.png,204982,77333DE76FF78A2DEDF684B67479E3DC64DF8B54BCA0CCEBB5D8930996F4097A,827,1170,RGB
977,page-0977.png,268501,3A4A2666DAFAC92258E41E2851C47002E1F9EBAD1894B3E26DCAB44477185085,827,1170,RGB
978,page-0978.png,197871,815DC85CFBD3EE488EF617205DFF6A218D3920D49DC7461CCB83291D4A1D51BC,827,1170,RGB
979,page-0979.png,245722,73E7D1DF201F08503E4901C5F7F77DDC300C2F22DE529D3D98E2F5A460403D68,827,1170,RGB
980,page-0980.png,215661,02CF4B28270A9D466BA10CD6EA607078899F7CEC87775418E58660440454C8FD,827,1170,RGB
981,page-0981.png,246146,5AF5AA2F8E16557D71B6ED9057F1C0B52E98CA4B4CC7A511F1379898480F7C71,827,1170,RGB
982,page-0982.png,277858,8E98851989C92D617038A03D364AF139819A4E3188C4D02BE0DA8C6BAC31A364,827,1170,RGB
983,page-0983.png,239436,D6C5D752CA25C69811F2882AE1BF2EFD3A9CA4C519B5B1C5DC71E947E3772884,827,1170,RGB
984,page-0984.png,218130,EB48043ADAC31E1CB8A811E83008E79291A6004679566F94CB280F9AF251AD50,827,1170,RGB
985,page-0985.png,208466,9CA0FA84EB94D22CFE30F22C2C9EE475D0778085B13DABC47BE1A9A9CC04FEC3,827,1170,RGB
986,page-0986.png,228526,FB862B6137B62E405627B71EDE3DC47E0AFB2E57E4DEDA0E75146D582CE0C3F5,827,1170,RGB
987,page-0987.png,178857,5C94D14281DB71857240998827029145872C7E828E3F23BE730950E3A404D3EC,827,1170,RGB
988,page-0988.png,219975,19A648D8DBFF1CA1C3165EFF60E0399A21C5CA90A329E6544B9F21C8199FDC87,827,1170,RGB
989,page-0989.png,256037,1A21E3DCC7C8293218E47A2715F423580335358204F3D26077346B43084903BC,827,1170,RGB
990,page-0990.png,175458,74556CB636B04244A1CCEE7CEB530A401AACC79F6F45E80A3A9719617064C5FE,827,1170,RGB
991,page-0991.png,10508,75531CA20E7D5957B33EFB3D3CA3BCEEED0F0EFE0EBFD35E850ED09A74FDED45,827,1170,RGB
992,page-0992.png,254896,8C01615B3C44AFE7D413FCAEC9CAA050F92C4BDCEC39EF53B4C5D9FCB60B4542,827,1170,RGB
993,page-0993.png,270416,BF21864E00056FD44B8FCA06A2CDCDD915CAA603EB25444B47F0732F652042D7,827,1170,RGB
994,page-0994.png,201943,79AFD04C0D888DD28805C397C471F6C4E4E441E9EA73E4B75890E51EDC23A322,827,1170,RGB
995,page-0995.png,142729,E771D5124D18B763B84B930AD4A86A61DD1ADDBDDBD8004B77DA0E2DB9179DB1,827,1170,RGB
996,page-0996.png,203889,0FF61028C8A9515E002B07D8098158FCFA5A14BCA4BE435F111596A347172168,827,1170,RGB
997,page-0997.png,292946,1FFA90D5E8C6F956FB695BE66B90970D58EFD96837E67EDEEEAA6FD8AB0AE401,827,1170,RGB
998,page-0998.png,303083,40D1206AD1160388CE0E133ED73821DCEDC23CE57E87EB75C676B5E6E977D4F4,827,1170,RGB
999,page-0999.png,290284,83AF6936A0D3417F63CA2BCDF4909B9A953A2FF89702DD8FF90CEC6AD86D2822,827,1170,RGB
1000,page-1000.png,197119,AA1ED7610F16E982732817D9C81002533690EAE94C629B6C207CC96FF29178E6,827,1170,RGB
1001,page-1001.png,307045,0BCDBEE9C3F3EC0826FD71468DEC7C6D84AE6FC6608B62ED96A2C7BBB6C1359C,827,1170,RGB
1002,page-1002.png,253091,96C62A2252B8F9A57E3FE10770C99003609849CC072D960AB991B88DFB7263F0,827,1170,RGB
1003,page-1003.png,288748,8FB2E4FBC7435D8F66A6B25FAAF2F0C4AE6F3375B2BD2240825F12018E7F99F7,827,1170,RGB
1004,page-1004.png,234614,7ADDD743E22A914C7991ACE0AC16318180983EC828A35889365039574CA898AC,827,1170,RGB
1005,page-1005.png,328613,92447F5A58E8865794DC65B21B22FD1A54135C4DDD8495C87466DFC87351C97D,827,1170,RGB
1006,page-1006.png,301317,FEEC3DCD2E0C9C654F18154436DD2E09600722D34914C1507FCC8A9872A7D153,827,1170,RGB
1007,page-1007.png,301537,5DA714788DFD3B5F05C6C483CD1CBAAA9A388C1388F6487CACF000490A2F4234,827,1170,RGB
1008,page-1008.png,362065,1703B2F2401535596E018756C725370C1E43558551CA151B8683CD21751ACC8D,827,1170,RGB
1009,page-1009.png,234702,A47EFC9FF657330645C0335DD12B2A91B99ED94134945F2E72587B27B8D9D1B6,827,1170,RGB
1010,page-1010.png,289187,74679540A2A4406B073C76B6DE6F26A7A625592D947610921FD3CB8253483021,827,1170,RGB
1011,page-1011.png,337122,F77B5979898F3455EC513F9352AF2AD7C9190FB92580CF98666AF53B655F98D3,827,1170,RGB
1012,page-1012.png,349903,A8986AF3767D482090F95304320F54E27896128F48BEC9AEE6A35E995E8CA5C8,827,1170,RGB
1013,page-1013.png,330603,9B146FB8614EE38CC78D6B1725EF13263DBE56AF5D237BE9B8EC799B81C281EF,827,1170,RGB
1014,page-1014.png,278807,513FDA261087BC885375BC814A80039A572F34C4064581C06438E5D6F6F15633,827,1170,RGB
1015,page-1015.png,291338,AC9A1D45779B88F85CCFC3303A9EC506A3F8A8D2B793184BC16002A2BC501F4C,827,1170,RGB
1016,page-1016.png,299010,1F822CA76A99F46507CE5B4639C4A44E1E897DC68B4D65655C9DFC11D358E8D2,827,1170,RGB
1017,page-1017.png,273921,3BF6432DDDC850C335EF1E968E7469DA99807D9DA6345E66F3CF5290F3B6C119,827,1170,RGB
1018,page-1018.png,326955,0C1EB34077D57CB1590FDC56670E5A8A28FA726FD35621F536EEE3BCF659D463,827,1170,RGB
1019,page-1019.png,238365,9F0B607702172531C80270B5EDEB72C4B8805A7E10E7284F7A63A2CF2373FC84,827,1170,RGB
1020,page-1020.png,308204,08E221F997676777DFEA20D03054B45E137BFEDC7DE62197E596362303144A51,827,1170,RGB
1021,page-1021.png,286839,F05AE7DE5C9C019F153538F6AF02E4624379595785F8FD85238D297BE2C32BCD,827,1170,RGB
1022,page-1022.png,285718,29F8ECBC73D35161DFA1D9B7D3A104B8A2B9E032AA494771EDBC82800604EE9F,827,1170,RGB
1023,page-1023.png,323301,A93944D51E3E4AD6A38DE9D997E4B827A908DC916C1D4411BC1E65675B10812E,827,1170,RGB
1024,page-1024.png,271748,D28604C20DBA90F14C22166087E529127E84108C5219D5C425EDAD2C605D6AEF,827,1170,RGB
1025,page-1025.png,328467,A62CDF96F115826FFDC7BB9CE7FBE84323B1923BB0F8574AD14E652F1E3C7D4B,827,1170,RGB
1026,page-1026.png,341637,EA48A25A543664887582F7FC23E67949FCFC991EB1F7CA99D2367B576ED9F6F3,827,1170,RGB
1027,page-1027.png,296684,D6B15C5F96B3EB0AAF166FA3297388DFEBB6A2ABF1DA272D8CC0EC31F7251C15,827,1170,RGB
1028,page-1028.png,289282,C77808FD4FCBB05923F2E9CBC1611C269BD5F043FE23782A210E61FB057B0D00,827,1170,RGB
1029,page-1029.png,272465,174F133D732307F7D0ABB86B5C0E0DB3047C096067161C739411D5C34B3583B9,827,1170,RGB
1030,page-1030.png,254288,78E6482B74B3CB2FD19D70F5B72991A65082BCC315EF9F1AFA9FCDD7FD58CE23,827,1170,RGB
1031,page-1031.png,310575,B5515A314FB53A87BDEB7B30D7304B7BADD7C132D5F442D6BFF6378E35FA70C8,827,1170,RGB
1032,page-1032.png,296104,AAF42457BFB79499A1DC17A499AEB8C9D807B429B86A26673460D34BEF7AF29A,827,1170,RGB
1033,page-1033.png,246413,761E5841D6D050E24A88D671409E318E5BF0CEC9FF37070A37D2322906A6BA48,827,1170,RGB
1034,page-1034.png,248074,76A904E3A4C387E89D8DDCD75986F358EDABFF5ADEF584EC9BC16D0463043619,827,1170,RGB
1035,page-1035.png,269042,8E59DD53A73C7064312AA66EE0979A5E2CB04F3BDA03E5583ACAD7093AE6DB57,827,1170,RGB
1036,page-1036.png,270837,9AAA328FD514E1E88CA6B92F10B89B00C45AE2121F03A64AE589529184762B41,827,1170,RGB
1037,page-1037.png,255346,E75E293EE293EE1B323AC5D4AE3D4E4E332EB8764718C092636FE6F978F27C65,827,1170,RGB
1038,page-1038.png,227313,672EA9FCC9995BBD16105254058079B09A8017CC8DC3ADAF26D4030EB05709BD,827,1170,RGB
1039,page-1039.png,308569,339621D16425CE15A5CA2E1376878CC1245F8F71AE660C0F039736AC5444874D,827,1170,RGB
1040,page-1040.png,320754,5C7030BFAB69F67B1144A269564C4BD18D76DD026C8EC0591393C8289FBC0CE0,827,1170,RGB
1041,page-1041.png,329651,7D4A24BADFE54204CDF56BD00FE0E0C313FC0FE094F32200FD73725F3BA5E8F5,827,1170,RGB
1042,page-1042.png,284565,A0D315A2B8DD36C5A4DD4A13549DFE2B0366EEFEB74E3AF8E4AC3EA7C2949AC5,827,1170,RGB
1043,page-1043.png,256429,661D563952A2FCB7713C1A567B7FC0DE1128F306C5820DCDF560A05ED5926CB1,827,1170,RGB
1044,page-1044.png,232940,8360B08B65E5067569FC386C3734819B6A72F133951FBDB69E31E79EB9B84251,827,1170,RGB
1045,page-1045.png,178571,6B4650E400D87A45F747E5AEB1524F2CC235A42E199968D13A8E1AE8B0DD79E4,827,1170,RGB
1046,page-1046.png,201278,ABF4A74EF8A63D53A6FF219EDDAFE84CE4864165257D1686578DB3751F7149FB,827,1170,RGB
1047,page-1047.png,226387,1B51805E8A497145160FAA3083B369ADD902F74C0DD0D5423195F7BFE40A9A1B,827,1170,RGB
1048,page-1048.png,224469,497B37A034EB1B00443BE7FD0B41BB50A9310F7248992CC1C6E072A4D7C0AA2E,827,1170,RGB
1049,page-1049.png,235834,9C249D82C8B341C6E3B030492A50B5C3199877024FCD8D1BCEC611ACE4D34636,827,1170,RGB
1050,page-1050.png,246175,F700C0FD6BB6BC495EACF4D84F49FBEF2C297F1022FD1E15343AF2834AFF4FD5,827,1170,RGB
1051,page-1051.png,210338,B0F492D87ECA01C308581AD40AB8484E87EC1DC30344A49E166A80C36A49C7E6,827,1170,RGB
1052,page-1052.png,265775,5DA223858CCF1D03A17236A3D49D590C15FF874B0B6E1D0524BF5BD6B007F9BE,827,1170,RGB
1053,page-1053.png,284610,4AACD794EC4A57CDE960E85E15A1176B6C9B86D801269B2221A5BAED268D484D,827,1170,RGB
1054,page-1054.png,247870,4E455A30A61BE0A9E29CDAF6D051DA68CE226BC12B8403F4228C1D879A47E631,827,1170,RGB
1055,page-1055.png,228609,27B065738CB052BAE4801AF3D98800CFD7C236786507F744189108E958A42BAF,827,1170,RGB
1056,page-1056.png,252286,94A8F8444DF6CD814E59599D1ECC384D67695BF61FCAE0D6F8F474B8BA358A7D,827,1170,RGB
1057,page-1057.png,304132,846F5278BDA951844EFFED011BCDCC330B7FF02AC2CD065F4504FDE7D0719519,827,1170,RGB
1058,page-1058.png,261106,CA52E31137254F85D51D9D20214117837C4F8561C46FF296E0577C4097D737F0,827,1170,RGB
1059,page-1059.png,328478,2AAD3324B2B321B764D15E2BF2E6863CE1A2BDFDCA80DF2B59497B84DB339970,827,1170,RGB
1060,page-1060.png,282180,891758A8D6F10924210D2B6A7DB4610F8378BF49BF46C1D3CC9E87F02E0B1BBF,827,1170,RGB
1061,page-1061.png,203293,18F90E42D3C46F3D4F87C8385149F9786AFEC825A11546EBD3306BB25276144D,827,1170,RGB
1062,page-1062.png,262914,CA66CA0001FEE44874EB87E9B6B3D2CA0E0C16F0919059D06FCA10D5E3B5F159,827,1170,RGB
1063,page-1063.png,370497,DC9E58EFA280AC228F1CF36FCC60BB6A9D2968C42EFCFA9A3F98794E22CA93A3,827,1170,RGB
1064,page-1064.png,275362,523E058EF39FC3D32B3A6A39D65FA8EE64F3FE5F41D6994D44B0F0D6876A8DDF,827,1170,RGB
1065,page-1065.png,314742,2C46342D6B7C08425A91DF0AB4C2C8C6D0052A029E51B65E3E7614BD2543C251,827,1170,RGB
1066,page-1066.png,254503,F57D6089DB03FBC2A0FB9B4B5B564DB6D88EA6639AF6791603CB1551786FE0A2,827,1170,RGB
1067,page-1067.png,190470,BC8D999E101A8652DB072DB1B064939F27F6F1212E4B387B36B6036005A8BD11,827,1170,RGB
1068,page-1068.png,301086,97B5AE5E0924E45013CAF941BB00F2DD3F81AEA9C03E83E59A59BD87FB0E1C06,827,1170,RGB
1069,page-1069.png,285840,EDAB60B9EFEF772B3F512A36C0FC11E55ADB5E913BA70F0B6054D053807CB2A5,827,1170,RGB
1070,page-1070.png,284756,7ED4F993ACCC7C68A0A14356C7EAFD62E6D3B7961FEBF1220DB708243960F255,827,1170,RGB
1071,page-1071.png,272373,F9A7EACA45E8056404B802FDB20BC9ED56425980CFEA8EA7C684FFF64D5535DF,827,1170,RGB
1072,page-1072.png,248813,85733E3225ECB363201256F56987182AA302D94B8E35007D453C9EEA373A7CF1,827,1170,RGB
1073,page-1073.png,256592,6AE26EFD82AF39F705E6F7CF5CAABA9EE65F45BA7674107111845D34088B3B2C,827,1170,RGB
1074,page-1074.png,272960,F5355BCFF94BEF907D0CB63D19A39EA54FEDB582393A9113F4E08E18E6BE3774,827,1170,RGB
1075,page-1075.png,238965,1D0C443A5CE77760C83F757C17419D8334BEC85B7288165EA6D1668A74358FFF,827,1170,RGB
1076,page-1076.png,266661,E51EA77BD8220BBE6ED2CF9094C33220495DA7336C5E994F86FAEDA06E349153,827,1170,RGB
1077,page-1077.png,205183,D21BEC95D27B82654C86207528F681105166B171CD774B3FFD8287A881410CCD,827,1170,RGB
1078,page-1078.png,269138,0891C2895968FEA696BF3CA01EA514B9E1A3506AFA4BA74FD5243A61280EBFA2,827,1170,RGB
1079,page-1079.png,336252,9CC59105BD6BCB83FBD4C2DA5E5925762B7258641BD5A3AD51C1D9BC6E9D83CF,827,1170,RGB
1080,page-1080.png,280702,2227E87B35DBD6B8A069FDD9A37BAA5BAC6FDAD980B0F1044F21BD1C2E415F1B,827,1170,RGB
1081,page-1081.png,347228,529BAE40AF1F5DF4E8784DF4F0FAA7D3813F25242E403E79E66D431DAAC8E2FE,827,1170,RGB
1082,page-1082.png,336899,7EB495D58853CA90326AC22EE1C68AD9724EE303BB42C9706483A69E70AA5D6E,827,1170,RGB
1083,page-1083.png,270132,8BBD8076FF56891231348D257B1FED97920323353F9B72F32B9E3A452E8AAC7D,827,1170,RGB
1084,page-1084.png,303354,EE7AB92307F547BDE2FE78AD31AE7C8C62075DA5F56AA875463B888619FFDDF8,827,1170,RGB
1085,page-1085.png,255204,B84CD776F7AC5E9DF58EA0DB6FD83E90BA530F39674F4F638C3D4A31ED391E75,827,1170,RGB
1086,page-1086.png,272707,800FBA587AEA79D018D321F951D065CD2DA4202664E6F48ADFF148BD8B596530,827,1170,RGB
1087,page-1087.png,350848,2934FD9C64460FFC97C6315304CFD0C02C1983A88F88F9266401CAC327679F04,827,1170,RGB
1088,page-1088.png,275447,53D7A4CDF7E9B933824EA844AAF6129D65E222C54788E0D3563B50E2E66A47E4,827,1170,RGB
1089,page-1089.png,270906,EC56C6AB9E8ABD738F128EBBE0FFF3BE3C8123BA5F40AC2F7A65A99DCF2F5C97,827,1170,RGB
1090,page-1090.png,265222,54ED6ADC5D0C0BC1F96939F377742A870D94EF9F3284B7372924220DED54767D,827,1170,RGB
1091,page-1091.png,310396,7F9B3031E53127881B4E9AEB2F0EB0647CBEE99834F61C877A1459336FE12278,827,1170,RGB
1092,page-1092.png,309136,45F81D1252E48CF7866D8EB1964BE11228A66DA61B072211D7312D8C8AA69F4D,827,1170,RGB
1093,page-1093.png,280540,86AAE42DCB326B6BDF34C85751C439FCD1FCCD7C74C88E97668721BD9FDD5815,827,1170,RGB
1094,page-1094.png,257828,32EF594C3E4F64A337E29A2757FA2A6E77EA336299F34F0EC2D2B1F2D159AD89,827,1170,RGB
1095,page-1095.png,239071,F504E3B028FADCE7D22333FA5F4C9397EBED74178AAE353EC2AEA45E1367A1DB,827,1170,RGB
1096,page-1096.png,297006,BF266698DACFDFC570DDF6D54A875F93001A245B705FA7F488C4E6139C93BD70,827,1170,RGB
1097,page-1097.png,306957,5FF5CB475A000FD6FE96572A9BC4A5E303DED04257CB244531F5FCAC39F0BD7B,827,1170,RGB
1098,page-1098.png,297111,5801E7711F746CDE140DDDD6C4BAD3DEDE64331D7CE7552E8444ECDCCF89573A,827,1170,RGB
1099,page-1099.png,339944,B8BDDEA57630329B5F357691F967C93BAB593CC0E3B5AD1CE855AFE9EA91C624,827,1170,RGB
1100,page-1100.png,282426,B906428207ABFADA213B192FEBFB4693D4A01401BA45A76D0CCDFF31AFFD9C45,827,1170,RGB
1101,page-1101.png,291686,309D7761B64C3E22F82847A3457601FF875825E7B2C0824B4B39CF632F121909,827,1170,RGB
1102,page-1102.png,271805,54B5610BA1237D5217BF06AB2E86A3D8787889F879BCF42AD9AFF5F76E8A6098,827,1170,RGB
1103,page-1103.png,221474,782406E4CA70911E02B0DD17F5ECEBDBA83B1FDF2E64B5AB97BC2590CDE0433C,827,1170,RGB
1104,page-1104.png,247196,755CCB850FE67CE77C7345FE8148A8688FA9FAE684638F3F38505E3D88D11308,827,1170,RGB
1105,page-1105.png,271879,6A9D1E03E72958F6C6ED2DFAD069A68684AE350595E652C672A1F3ACD8F3F810,827,1170,RGB
1106,page-1106.png,261065,46B6E46997ECA350D9295E0C02C53469A1A3150142E6D2C7378B6A86ED6A75F2,827,1170,RGB
1107,page-1107.png,250378,4C38AADF37A42A143D7CF0C17776DCD6996B480F74AE1E36ECA69ED1A1DA2979,827,1170,RGB
1108,page-1108.png,269412,E5677D8B106EF3C07CEEEDD45284C4C2D9C72A57B4664754B7835A81400F911E,827,1170,RGB
1109,page-1109.png,254787,7DC17801D552E0B2EFD9A31050AB4F207B1171A09A20B6B0BAA9788F49FD84C9,827,1170,RGB
1110,page-1110.png,207107,31A8944AA83BB6E226D327C5291F0B5488B5CBE4B11E265DEA082960F4D64E69,827,1170,RGB
1111,page-1111.png,268244,ABCDCAAE173051DBE077212641746B59CC653D8B6DC9FD7D67F1A17409D8D770,827,1170,RGB
1112,page-1112.png,213627,2071AAEF16C832A50948ADEB18C907010D8C0D07C8F6C3DD5DF2ED51146D5A16,827,1170,RGB
1113,page-1113.png,235112,7062A4E9AC7216A05DC58B5AC1F73C6668F2062F6A732EAEF347CFAF8FF29233,827,1170,RGB
1114,page-1114.png,265256,DB93811CD14886E9FC83CAA90768693B6A32D5153F07DE4DD2EEA9EE977DFEF6,827,1170,RGB
1115,page-1115.png,240861,234D813E3B722A743137A6ED7A605F635FA36B2FF2A419A1027E8198D774A2CD,827,1170,RGB
1116,page-1116.png,231108,E691FA40166667213397AB230C6FDAD02CC5598F4797E6117CB18866857F0092,827,1170,RGB
1117,page-1117.png,273564,ED50597D16D325097E90A0F76B60F5A4F102005FD4C808A5DC3602592AD5FA21,827,1170,RGB
1118,page-1118.png,297340,636DA904B8A03E6F6EC6D8851596DC1126E693F14D67E71F17F771255CB962D1,827,1170,RGB
1119,page-1119.png,310873,775008D10AB533F226546E65DDA5664B36CFBC270329725A7C3620A91CE7A144,827,1170,RGB
1120,page-1120.png,236760,7BBEBCD0062F8C96D2BA8FF1CAE18636BFA98BD6D3F382B75E6B7FE75EA989D6,827,1170,RGB
1121,page-1121.png,340951,B0813266D45B96849CDD4A87D4FFFAA1960F97643C67555F61C20B4EE4742DEE,827,1170,RGB
1122,page-1122.png,347709,6993FAEC6F7ABEDE47BA1D1C1261E8E42A2BED9DE5D8A19B0EB36725D30A44EF,827,1170,RGB
1123,page-1123.png,297038,D907FCCBB50BA659F28F7DBBE0ADDC43ECD5CA8EE13D0006553728A8F74D50E2,827,1170,RGB
1124,page-1124.png,316047,CEC1E8287D8A2D931BEF931A80E6BBC744AA31363B09433E021A8979C2A17D89,827,1170,RGB
1125,page-1125.png,273740,176D88805BC392F8E22A7AAE1D17BF68C6FEA3C91F86877EFF8AD6FC13FEC626,827,1170,RGB
1126,page-1126.png,298769,B0FA1028D06CF6FC2D7AAB73C4DF75DE1756C7AF7E25F0BC34158F97FA0AA670,827,1170,RGB
1127,page-1127.png,280985,BDC1B4E1A1C013F1E89E72B70B18D3C658877204AD4696B02351522D6590FDBB,827,1170,RGB
1128,page-1128.png,335769,C364A85F08AFA2C4C210125B2BADA9EC7D4A9B4C0C61A69D713417D81EEC5428,827,1170,RGB
1129,page-1129.png,283785,639502D8E9DFAEE7A74E27FD5A8F97686BF1E3C7B2A74E6E4930466DF0F26104,827,1170,RGB
1130,page-1130.png,245101,ECC39EEE63C4D1791B4F4E8027B44AF3A379504F77C5D8147A156323C691ED93,827,1170,RGB
1131,page-1131.png,234671,E13E607A5CD2A5E5B011B62BB603722991A437504C1FC8B9B2F5E3CBA70CA76B,827,1170,RGB
1132,page-1132.png,304534,38175FF8F6608DF044F092408C3AE444576CE96FF91C9107E2B35C80838119CD,827,1170,RGB
1133,page-1133.png,296601,07657C2283446DB1B9F816F0E480EE1B54F25C1116E4EF18EA6BEB61629626F0,827,1170,RGB
1134,page-1134.png,215629,DDF4E0811FC797666693C1574D2597E64D80BF513EF0EB953406C0D3A46B1CA3,827,1170,RGB
1135,page-1135.png,211604,3707B0041F61574DE46761D0004BADEB99339226689C9601961BB9FA614BB4DD,827,1170,RGB
1136,page-1136.png,198070,A46AF0D47EEA3B1752323B0EFD8EA5D8BE55893676158769290C57B14721EDAF,827,1170,RGB
1137,page-1137.png,211866,0722F507DA865EC21BACE714DE22AA2F7C9CC781D05904FA21F797888AD8CBFF,827,1170,RGB
1138,page-1138.png,262327,717BF5F312CC96C575E6DDA5B2CBF1D43326673734BDCC75AB0E8C85720A297D,827,1170,RGB
1139,page-1139.png,253266,1AF9DB28F2B8F16B672428EE7CC81EBB5324DD3E220B84ABFC40590A4629800D,827,1170,RGB
1140,page-1140.png,197313,B8B5BD46AEC99FC1B8F3B0FDE5495D3351B1E45F2326A71EEEEB17B60A94D5C9,827,1170,RGB
1141,page-1141.png,233143,C4D6BE1B42324FFA02E7BC7F57E5DF504EDC33A82A85B66ED46DE4126F3521FF,827,1170,RGB
1142,page-1142.png,217069,925DE3741DDCE8F350AC5A6EA4CD11A0064AACAC4E4C14270311A6ABCAF3C1A4,827,1170,RGB
1143,page-1143.png,279082,FD2740F37B2A9ED34FD430CD9BC584AE9FAF5E7E20EF1AC70744C945D9766484,827,1170,RGB
1144,page-1144.png,326261,5321C186B419D9668FB9F2E5AF0659F4F2200BA1BD0F18168836820AFD08C548,827,1170,RGB
1145,page-1145.png,295296,2D055EDF0130E6273A9CE079E3CE18CF5BBBB2C1358197E2FCCE9D56787EEBA5,827,1170,RGB
1146,page-1146.png,289679,D09BDB0656D7949841F8FA948C07F7C8A50A1A0907BD12A0FA54801AE70306B6,827,1170,RGB
1147,page-1147.png,326523,3092D5CFEF25A1435B26A27556BC710BBA327EFE0D7AC984F5598EDA116D5B12,827,1170,RGB
1148,page-1148.png,346976,BF6DE4A8053399286E2F3C546F6D74B556748679AFD64023941A9270A94B08FA,827,1170,RGB
1149,page-1149.png,285334,B2E4B5B489F89E6A360FDFEDB7388FFE8E07E2961AC4F1E589DC4CD0437846EB,827,1170,RGB
1150,page-1150.png,266903,CE4B69EBF35743010C5382A6F75E34F84116E01836965DEC6E0410FABEB1D1DC,827,1170,RGB
1151,page-1151.png,309739,9ADB3AC6362CB9D63F97EFEDA35C9363D4B019D87BEF7D8876CF641499C60996,827,1170,RGB
1152,page-1152.png,340510,40DD8CA7DDE836348768672DF0986445AF89A92215F55A95A3103C7DDE81904E,827,1170,RGB
1153,page-1153.png,277575,858FC2DDE614628E58B2C8B253E580987247E15C49C5D11847F3FCDF7AAE0D3B,827,1170,RGB
1154,page-1154.png,251602,CE36E3CCF25449713FD814248E306419F5D456862A00AA99FA7AD44A45FF9826,827,1170,RGB
1155,page-1155.png,307316,40EA416A9D3027652E6FC8C73747D18469BC981145C109E82F9971220E8C4105,827,1170,RGB
1156,page-1156.png,241285,AE9BB564197CEF41209BEAEBC70076C1393B723255D54305D53A5A1E3C83A17C,827,1170,RGB
1157,page-1157.png,258139,27FE4A16C3C14A55925D70B97C781FAA6170CB152EA3671C45DD853D202BF965,827,1170,RGB
1158,page-1158.png,338562,11EFA2897DD8FC9E2DA39947A3E64A75C2CE9508D4AD0C569E72124DE506A1A9,827,1170,RGB
1159,page-1159.png,263565,F7295F66E94B539ED8A544D9479CE21FE6054CFE350F5AC8659D9D254EC389D3,827,1170,RGB
1160,page-1160.png,242721,4058FBD7B4904757FB78554C5AFD0965FD08EF876F1D143B687E9E18F2940DBC,827,1170,RGB
1161,page-1161.png,246381,5388C27E553153D66B615FCAFD941E1827A7698C4B514C0112399B7A1251D78E,827,1170,RGB
1162,page-1162.png,322694,4B9F71D9F0FB7232AFC18C3C1DC096B95C959B71DAB09431E61F0C0C50EA294F,827,1170,RGB
1163,page-1163.png,257248,4A57681E18DEF9831EAD86DEA59CEB5A2645EB9A575056ECD9497C526E5C7596,827,1170,RGB
1164,page-1164.png,293146,67BC6E4919EC0A838C07044DF111FB18B6C62F48634D60BAC6133F4B6A868D49,827,1170,RGB
1165,page-1165.png,299084,EB40D07EE8613A7E7DFAA515404C3F4738CFB433B831C1F0736E01C7E6094797,827,1170,RGB
1166,page-1166.png,334191,1FCF0852EBEBC45B70B230A6E98CF1974E78C1D3E8D041B9CB6E009053E4E834,827,1170,RGB
1167,page-1167.png,308639,0A3ABE6CF33BEED3AA149D0116EFCBB3A69F706C7DFC32837E58C9C7B69DE79A,827,1170,RGB
1168,page-1168.png,310522,1C97F847258939A0C7C2E915DA4226972AB70A899797DD21823E0F1E32C57FDD,827,1170,RGB
1169,page-1169.png,333169,E0880ED2035134EF69352A1C192E02EA4DDB55B2B7145B14F05C00C84AC39095,827,1170,RGB
1170,page-1170.png,308987,D2E0FAE5EA3756C4D09CFE556A649124953B5B08B0B8D3C33C9292B0F561270C,827,1170,RGB
1171,page-1171.png,267393,C57D1AE3A973A5A6763A8EF73DDA5A71C3B9933800D4BC1FE29EBC09F140759B,827,1170,RGB
1172,page-1172.png,257698,DD7AD25AA1EBFB1EB4A603E26B3D091B3876E93C4C8059260A6DBA8B253418C3,827,1170,RGB
1173,page-1173.png,301285,E31CCB5A3E4A8899160D74A1E0A0F38E0D8C8935BCD63416B1D4B5D4DB448CEB,827,1170,RGB
1174,page-1174.png,241510,A80EA210B4C110CFEAA64327624B4700F1691543D063D47BDFCCECB42C835DCC,827,1170,RGB
1175,page-1175.png,283905,34D684956F3C6EC36B41489944BD4751A0B8A4D1DB582D577216F6EB545B44A1,827,1170,RGB
1176,page-1176.png,244291,7E1FEF71A20467E06DFC326AD39BA35415A5E28590BE498A72378CDE6971E3B0,827,1170,RGB
1177,page-1177.png,229303,2997B75748A2C5B53179A5AAB6606C63A9BFBFBAD1F5884003DA26A9EAF4BF2E,827,1170,RGB
1178,page-1178.png,238349,356CCD1313E769496223E4106791FC8F96A23037B2BE6B7B8922B6B4BED36753,827,1170,RGB
1179,page-1179.png,287294,1E72442DB975761BC7B5F46DB2FA0FE7958283A24C37D57CEDF2B3173F974836,827,1170,RGB
1180,page-1180.png,285723,931BB1284F9B22C659CC32C63C7A0CEB3679CA1E92655B2F72B9F80CFDFF7626,827,1170,RGB
1181,page-1181.png,253426,48A41ADE343939D01C30E6BB29115D3F0A273275910040052F7ABD32D1162D9D,827,1170,RGB
1182,page-1182.png,223070,6813D8BE17975B31D38FBA6ACE78B5C896A2F4883FE89490021EA9C9D167B824,827,1170,RGB
1183,page-1183.png,244235,64F75B0A62A69ABC066BBCB35662C477E7B2BA55CBE2E32D2A9604402AFDFBEC,827,1170,RGB
1184,page-1184.png,212037,69C9B0525D9B8BC7027DE0C66E934983A409D3FFAD75373C864BA602E47999DA,827,1170,RGB
1185,page-1185.png,329970,403CEA2E909BC0ABF73589DA394F19BE4E0C209273A547B54CFC8BC3B349B02B,827,1170,RGB
1186,page-1186.png,303782,C59B653B7FAE9260C2F4F653D104E65E67042144D0F1317AB713813603E0600A,827,1170,RGB
1187,page-1187.png,243698,32B1B45698D3FB413268EF820DBF68F794BCC1E6D3379BE03A223240CCAB716C,827,1170,RGB
1188,page-1188.png,245179,FA3DC053289C423BBAD950DD3BEE4755F61B4E1D00D1A4A0E8D0B4E3681DC27E,827,1170,RGB
1189,page-1189.png,276978,1D482AF306B221B5C34D66C8105A830588C94E783A5F2BDB302434ADE4B474FA,827,1170,RGB
1190,page-1190.png,266068,BB4F5BF0470CB9441BB9D2C16D3526834B69F1278AC76A0C151FD49CF380EE83,827,1170,RGB
1191,page-1191.png,293058,6856E89D3F2242041697E71865E3F3DE06DC87E05F46DE7BB0E092E1107D671E,827,1170,RGB
1192,page-1192.png,317331,3626894CB4399AB9B4EB808D8251B2DE43A4DA237BECA6BE302380632C0169D5,827,1170,RGB
1193,page-1193.png,310678,87E9D8505C0B46012D4862EBB1C4EE018671002CBDFA1B2038BB81C24EFCE587,827,1170,RGB
1194,page-1194.png,262792,C3268F7377F488C3B6577C73E7741110A5C65EA0E6D8D0626BDF7C56CB4BADE5,827,1170,RGB
1195,page-1195.png,308850,E2F5DF06B5592D0FBF0DE12848D3C4A7E4C0829AEEC7F87717FBA43F175A87E4,827,1170,RGB
1196,page-1196.png,268570,F42C70FAD0BA1AC4FDE04E9B034174AF7339FAEC1C0CA74A9B7954B6851194BE,827,1170,RGB
1197,page-1197.png,239034,D22C2FA6CF7DCD7FCF2005BB184A66676E30B5A86E2AD0CBA03D39382AAD432A,827,1170,RGB
1198,page-1198.png,314246,7AF32CC81450758B8E0A0F237EE873BB201B47623F797CB321F4B76761F51991,827,1170,RGB
1199,page-1199.png,263518,DEC28FC3D45F830B99A480354C61B17C9FE306380AC285E0007BCC3301D31D5B,827,1170,RGB
1200,page-1200.png,245514,9B9B91EB5D6395FBA794FF8F5D1F537EEE12483720C50AFC96586F90ED91A351,827,1170,RGB
1201,page-1201.png,272584,AA179B0A2D1A9333810D6C812DC20468B1CD2C72C2A55BE37D966F2F95711B37,827,1170,RGB
1202,page-1202.png,263413,EE4A18BF5FEA21BF6E9057782409FDDD8BC6E05B5F98751A45E38370B26F73F5,827,1170,RGB
1203,page-1203.png,248957,E44CD1128E994D60FAC9B6AC5622B9D0CDBFCA2757C109795D76783CBEC588B2,827,1170,RGB
1204,page-1204.png,318083,D7A893236189F716ED8A7B89494767D38847E62E26EEED481CF6A9AC699CB31B,827,1170,RGB
1205,page-1205.png,310871,665BD4BD8F08B601F3EC0635BB6ADEA8E9281D54D68985D22E5DB14B9340014D,827,1170,RGB
1206,page-1206.png,239663,D42C278226CEAB0016C332158B38BF865E94A89741DAFA990BFAD99F7A46DCDC,827,1170,RGB
1207,page-1207.png,227445,53CCCD93004829E822A0C76147462C064ACC8B6576483A04CE4BE516DCDEF210,827,1170,RGB
1208,page-1208.png,179649,349762906F4E250D3086D797F57F006223E7068EF5FBA9B22CA4131D016D89E2,827,1170,RGB
1209,page-1209.png,286384,80D12374358F65E91C63F06653CFDCB57E564B716809E191C402460940001006,827,1170,RGB
1210,page-1210.png,308680,DD5A471FE091944A6D4BD3EE90A4EB7CD7E4DB1B9EFE1F70A52CDD96C82DAB8B,827,1170,RGB
1211,page-1211.png,326960,7D5CDD35FBA80B093DF6CE35D89962D8AC7827863D80F124CAFEB9D4DB137CEB,827,1170,RGB
1212,page-1212.png,283818,749307D9632BDFB13FC871C5C3A623A948733A64BFFE90B08EDB29529BDD64ED,827,1170,RGB
1213,page-1213.png,230318,D5304FE16221F8604419FCF3EABAE000E94D2B3AA6AA2CCF373ECF63774E4745,827,1170,RGB
1214,page-1214.png,202934,AEB1B3D7303B447CF54133A99A44C34B956B001FDDB6607C2B5A69C155296287,827,1170,RGB
1215,page-1215.png,262355,C76236DB514075EBD84F247431D419DBDF4117ECADD17415C0708C8F90830F7C,827,1170,RGB
1216,page-1216.png,222566,82BEFFAC998D81AC4CE59B577EBE97CC71C11D619E5525CEA4FA59A015339B31,827,1170,RGB
1217,page-1217.png,302207,10D07087B9564FD453AB391628EAFB8B0625F19D51BA55A969AC6941620612CB,827,1170,RGB
1218,page-1218.png,292153,E2E1D7D51D84B09CCC26F1DB733A9A8F22D7C2FC5A16EF33D7E8683BE2FA9C4C,827,1170,RGB
1219,page-1219.png,276717,3DAFED1EFFF41F0F0BC160E5D3A9322C94929CA001815FABCA34097EB0C286A7,827,1170,RGB
1220,page-1220.png,309989,320C343B7B960579300ABDF2EAAB819B7FDB83DE626D97C9C34F244235254DCB,827,1170,RGB
1221,page-1221.png,235786,6C1AB2138B60DC99E5773F644D6111615F7190796320334640827A2F10364113,827,1170,RGB
1222,page-1222.png,251242,F33EEA9707499F771448406218F4A17E21572CE86FD98A42AC11A0BAD672CF8E,827,1170,RGB
1223,page-1223.png,205122,B58327B0C54D8D9925479E32B5DAFFA7C569B441272D2CD309E5E5A57E310FDE,827,1170,RGB
1224,page-1224.png,247183,AC2E162E8DDEBFBC6A21213DBFF8CF84D53C688AE51CE3505295F432BE41F1F1,827,1170,RGB
1225,page-1225.png,298431,3614F72B71667B6BECF0CCC06181AABE65D7DD0B988A5DF60E6DE09747F08232,827,1170,RGB
1226,page-1226.png,267714,7824DA0A8FFFCF4773C76836C98E1B92E2EA7179947D4ED02E96127A002F6990,827,1170,RGB
1227,page-1227.png,178952,DE9633C3868A8CA2C852C0820F65555E8883AE65DA51D13B94C2257BEF55DFDC,827,1170,RGB
1228,page-1228.png,183950,D00F869C472F151C338DF0C9507292BE685E987A5D7049C2D8FBCF10624D21F1,827,1170,RGB
1229,page-1229.png,220475,9D50E163B740B4936B3E8838973F4BB42D75F43BECF00FB0B046E46C04091D62,827,1170,RGB
1230,page-1230.png,220431,CA3B48A2209356E3A0A610C5C7CEFA51A6B86ADE1137C92849B90EEB0D851BC1,827,1170,RGB
1231,page-1231.png,263360,A5374B26D90B1F24A045992ED32C117873B62EA0E4FF5B0696255522DFA58370,827,1170,RGB
1232,page-1232.png,240618,5B4F71E7DBB13F4F90D1557BFA2DCE5EEEF7D5ED1CC90F56FDB2AC81FFC4DA02,827,1170,RGB
1233,page-1233.png,274831,1BBF963D511D7BBE98F0F0C5A94F0AAA6CF0F880D54C226868F4B67ADD0F869D,827,1170,RGB
1234,page-1234.png,245447,D8BDF5F1D271BBEA7406541C0AF3DCD64467419F1DB6E84D79C585FC6CE31DEA,827,1170,RGB
1235,page-1235.png,239830,CDF7CF49E4DECB5D0E805BF379D7183D91A4DF26172648B1E489CB6197E4D8D0,827,1170,RGB
1236,page-1236.png,267741,B5C4E661F613F1A593F02AA605FE5F61E54CD0A8DC601297900729B5449CB31E,827,1170,RGB
1237,page-1237.png,254753,1CA8BE7ED08E5E3898852C7087BB830137D9C2A6B9A1BFC7C5D42099DA643CB1,827,1170,RGB
1238,page-1238.png,308204,C116B164CAE16CEAD53FEC7C217731853B2DFF47E85E46A1996AEF2E4A74BD65,827,1170,RGB
1239,page-1239.png,331753,2EC95C4D9B6C37BEC8261116B1D3392870888C5670B196FC986F8416C7F8F622,827,1170,RGB
1240,page-1240.png,290586,B982AEED3F4F1A5A835F0A309FF4136756A2E876D178DA8456321A35F6E7D80A,827,1170,RGB
1241,page-1241.png,338470,A2D39BE82EC547F05064F276047FD97759B32ED45867A1B2D3BB62FBC666E405,827,1170,RGB
1242,page-1242.png,265761,6F19FEF8C1F1615AC33F5BB9803E7303C2EF0880825108A706E4A8DB77D27176,827,1170,RGB
1243,page-1243.png,347935,E7E44295CD3E55BDAFF9487D09932A4B41CFF118C41B9D686F2CE7A06A833F22,827,1170,RGB
1244,page-1244.png,331739,6A087FB4848A4A2971C59754B9B52C9C2EBBE52F72EB72384976F1E6ECA6A249,827,1170,RGB
1245,page-1245.png,364170,E4B9FE3480A9E8937BB3602B2124B9233816C8D3C7F91F3E8B0EEB10DB62E748,827,1170,RGB
1246,page-1246.png,326791,D064FD9149E436866640E36590828ECA00E54AF479F3349E624A18473AF5B056,827,1170,RGB
1247,page-1247.png,413705,57AC17950BC4BC170A96C72014487F97BFD1EF99CD8A5326CC1B6B9B0AF75886,827,1170,RGB
1248,page-1248.png,365608,EAF7699D1026B60D466C4E376134D1FF2A1B173CA8B33772BF4C4E96F1E732D0,827,1170,RGB
1249,page-1249.png,294832,4F4DAEED261308B07ABCE3F16A5929921F4EEC549872781D4ABC265EB4AC14E1,827,1170,RGB
1250,page-1250.png,340826,DCAE874BF3BD310C8AAACA33EE0B8864B43C593EFACF37FAA7FC1ACA7C22EEF6,827,1170,RGB
1251,page-1251.png,355460,4A0D9B65339BF263F31BE7664EF54C14ED0711F37D36A2AC7E709A49AFF599D8,827,1170,RGB
1252,page-1252.png,293043,A3B84F5D4827EB9D2044EA1F14E62FD04D7DCC62602E98BAE8AC90C3434FED4B,827,1170,RGB
1253,page-1253.png,319444,A22582FFDF243757D3AC7FED474A465F6CAA1E162E9593A2D2EAE9710707A412,827,1170,RGB
1254,page-1254.png,284034,FB6739BE68E324625F8A0C08C8299DAFCA31959145B3FA5549F056FD65522AC4,827,1170,RGB
1255,page-1255.png,360890,BF1AAF26DE0BE007346741DB30F83373B7F57A13D329D679DA6BE8137D16E324,827,1170,RGB
1256,page-1256.png,321278,FB7F93AF165B4C25341A99F406D37819FC41816FA8C05E5FBEF022FDD4623B38,827,1170,RGB
1257,page-1257.png,264882,9F39EC900BFABA250931E1FA8CAB3A1C55E4A5A93965CAA7C8C98DF0DACEB7B9,827,1170,RGB
1258,page-1258.png,316715,C354D60872B6F77B4B064BFD2FD7FE5E8780AA14B05DB8522303BF0992D1F3E3,827,1170,RGB
1259,page-1259.png,267849,BBD12D23D78922F995916C238374248722E5C5C2E155FC0D1A93596F4715913A,827,1170,RGB
1260,page-1260.png,260967,1B2A1A793F56278F5323235406B282C622C54C7E22DA95BF401B56C178CE5855,827,1170,RGB
1261,page-1261.png,273811,9CC8FE5F880CFD263792AC6FAE0C9B29635DAFB7D680D2702BB2D0AB85AE84A1,827,1170,RGB
1262,page-1262.png,288214,BCECC98617C1C75EE154C8FD761361331906D324041B349FBDCDEC9D58F1C552,827,1170,RGB
1263,page-1263.png,279740,A6B4F8D6D02FC26D0C94163EDB3DE2FBFA5817EEA898D1077FD7733606E750E9,827,1170,RGB
1264,page-1264.png,266167,483A3866FC4DC6643BFAA0138BA1F2E9025F41512C85017E5D65CC6CB8F1D67C,827,1170,RGB
1265,page-1265.png,325201,4D4F392CFF4E65E0DE0F64FF0DB7270A0A020DFA3D7D400DD741BF9283179171,827,1170,RGB
1266,page-1266.png,308036,4122DDED4764F8FF5399E1EFBAA007168373F75B66EEF692CF7B77A770941BBB,827,1170,RGB
1267,page-1267.png,314094,C8DD981CF806E468D99BD421ECCE4E0919BAD062CDE1F3483B76E021981D5502,827,1170,RGB
1268,page-1268.png,286805,288BEDEF3110A6EF44989A9A169DEA954C1F8B8C58E0AF6A1D4858882B39AB3A,827,1170,RGB
1269,page-1269.png,292468,C6B4D0F2BCF9A60E394C650E0632EBE57FC52F6D0309B2FB04A2706F00C5F445,827,1170,RGB
1270,page-1270.png,331758,75405EC162C50641B472ABA9B2CF5753CFE3C19C155AC21DE3853C2FC0DBC691,827,1170,RGB
1271,page-1271.png,303711,66F03761F99F8A93EFB1B147D246188FAA2B1AF7AEE792054E53178682479B6D,827,1170,RGB
1272,page-1272.png,283899,F491DE0D3AD5D5277F5A2D1BB7FF93814232C50BE2800345B910C5311627D8D8,827,1170,RGB
1273,page-1273.png,227626,75D255822B60F7F664D904113F3031D916B81C31284EB526136A46DF6CC952BE,827,1170,RGB
1274,page-1274.png,317407,3BB832FA0D98D0E7E560D368138B112003AD36398CA4D033E63191827D94C999,827,1170,RGB
1275,page-1275.png,280815,D5B0E73FE316DD2D98C2788AEBB432FA38B0E224EE734E1A4A992EF05F595778,827,1170,RGB
1276,page-1276.png,260474,744358BA894E784BC9A74D3859009148219BD29CFEDE7D6DA6D620479DD07FF3,827,1170,RGB
1277,page-1277.png,299243,C4A9DFC8F362E5D474864466C30EE5A5ED4ED696988803F4FBB4C95209372166,827,1170,RGB
1278,page-1278.png,343007,17E6F84236D4ADFAE9C126F928D07B5991ADB79CD6DB96D742B67950AC27DCA4,827,1170,RGB
1279,page-1279.png,375611,C26FF1F6538BCE10E80BD43AEF46B2E4DD7AFD564C434EA0F25D102AFDFF1B16,827,1170,RGB
1280,page-1280.png,244991,9C4EA85C45FB1BE712EA01B346716B22DF106CBA70A03F56C47A9AD81864CBF5,827,1170,RGB
1281,page-1281.png,287368,2C7764D97EC05EF651C9C24FB4399EAE310AB76D128255407EDE0D0E87789D98,827,1170,RGB
1282,page-1282.png,339386,B8AA2F6F92480277D6E68EF6C5181B9ABDCA916FA6C838434D34531415E108B1,827,1170,RGB
1283,page-1283.png,259655,FE01242BF9D18D1A85AFE4ED4D6226BFBFC4755B28C1FE7FE88B570888F58D78,827,1170,RGB
1284,page-1284.png,312825,7BA23694F1B0CC08196AFAECB5BDBEBEB7CCE2D6BF32AB0BC1A5B1E52A183408,827,1170,RGB
1285,page-1285.png,195994,F4C964E71AA52A23B31F1209AF07C37777A65B28381DCA1EB4DF09B4B74BB5F4,827,1170,RGB
1286,page-1286.png,253777,E2AD42A62A95F5B56DC87218FF6993378FCF8283693EF6EE4C81528CF85704B0,827,1170,RGB
1287,page-1287.png,226077,465D61F419F6C10849DFC96813EF268308D4F26AEA73587A313E0C27C297B056,827,1170,RGB
1288,page-1288.png,277190,3A675E8AEB918072D14FA485F8041C3554B4C9F181EEC38E1FA211AA325F29FF,827,1170,RGB
1289,page-1289.png,327501,F058D409AD2A49255A246637C97C65E6B136DDDEFEB63B8AF7E65AE407039CC2,827,1170,RGB
1290,page-1290.png,220867,71DEB9F41A854A1920C1608BD55F1F47FA756F3D5E59601CB95F20E69317C506,827,1170,RGB
1291,page-1291.png,259341,297A8711AFE473CFFF1A9203C073A06696D9842A35654590C68084AE50A0D504,827,1170,RGB
1292,page-1292.png,170384,DCF1356AC1E88EAF0DF376C6487367658D6D1CE6CECF353CDD754366215B7335,827,1170,RGB
1293,page-1293.png,220569,412F574D3AA195F63230FE4BD5A455D545A0717A1624292ECF81523A9C0ADEBD,827,1170,RGB
1294,page-1294.png,323740,F34AE9B79657DC88C8D6950597AAC4D4888A46F1E99D0754F00856FA4D59C2F5,827,1170,RGB
1295,page-1295.png,299750,4BE0F1BC9AF1A52C32ABE48254F6DA044ACEB17FB788AD30F8C96235B751B3A9,827,1170,RGB
1296,page-1296.png,309479,242F689C84068DDD47CAD40080125824109FB90C22DB697A068500C8182E976D,827,1170,RGB
1297,page-1297.png,276127,3597FF38C2D57C10E199BBEA42A62EAEF7F63928F7E245EE7A5136AB043EB325,827,1170,RGB
1298,page-1298.png,289198,8BA974E89788D5F9828CC8664070234962180B9472AA883D2180AC1BE1EA2823,827,1170,RGB
1299,page-1299.png,277343,A02AE507C2E962689597AB9E03F26D1B3FE4503B1B070D29AAF159023675FC8F,827,1170,RGB
1300,page-1300.png,317169,2A025063187DAEC2A75452B437BF653A0D8433DA6BFB091A8BDE3720700DFB66,827,1170,RGB
1301,page-1301.png,274591,36C37265B26280A41090E0D53EEAF1C8D26B5AA4125275E22361018DE51F8675,827,1170,RGB
1302,page-1302.png,310783,099644FA9F9FE20D61B1C31C7BB6BFEB825012FFC49C920607610E61F50D769C,827,1170,RGB
1303,page-1303.png,282527,8A04B2865AA4DCB39BD23219FAE88E723BC71039833CE113C121A1D0685D7E14,827,1170,RGB
1304,page-1304.png,283815,33DFDD8912C95C112D94FAA8213859DE3E22B3101C1677C1920C122E0BCEF3AB,827,1170,RGB
1305,page-1305.png,282447,DD242892A1EC2F6EC7F441BCE0A1E493FADFCC9876BECFD31EB49E2126F2562F,827,1170,RGB
1306,page-1306.png,295219,38912E78A922D2E725909C615F77B2B7FD7E4B89338C04587395B16C16E98892,827,1170,RGB
1307,page-1307.png,293627,0FEFA9F505CC0498E03D1513D30D2B8E433C2583AE5E50FA55328A5038754E53,827,1170,RGB
1308,page-1308.png,183184,302C509EDDEB42E1AA9409DB860F05B6D521B2B2204189CDFED8E7F6D0D2BBAD,827,1170,RGB
1309,page-1309.png,314155,F4CFFEA2009ABB157B6EAC03A7725C7EC347C261118199FF166F234DFE611C0A,827,1170,RGB
1310,page-1310.png,286030,1B7272659B7CCF2403516DAE8FF8EFA799666D98C51A70A7591504FBBFECE4F2,827,1170,RGB
1311,page-1311.png,299991,7FD72CA537ACA6DBBD92BAD5068EE42683FCD1A1F9E098BCE2467BC127A7D1D7,827,1170,RGB
1312,page-1312.png,309335,C71771EC71C51A4C8A784C6771B9DECC4F7EA981CD2443986DA099E5FE16B404,827,1170,RGB
1313,page-1313.png,271568,B5770EB6CA82AA03BCC18FCC6CCDF4B931F98F37BA0BF81D5ABFC88E2889D9BA,827,1170,RGB
1314,page-1314.png,265364,FAC754CB9332F302E0ECE6255D1E0006FFE6F8CE2F4E5A8472C4AF3CFE1F1F45,827,1170,RGB
1315,page-1315.png,264822,7EC7E1C09CB36EB48688B91A566A0B10BE9543917C13DA19C7967108A0060A77,827,1170,RGB
1316,page-1316.png,316007,2FB710E0F74BACFFE7F6AC67D7E34EA1F10B5A3076AD1B1923A2DF2A17C12E4D,827,1170,RGB
1317,page-1317.png,272976,ABD7BCE3DDF0332DD07F4795382056040A09ABEB932F87658271DDB22044CAC3,827,1170,RGB
1318,page-1318.png,275811,F32630064E59BF97A4D85C778178FCCE567BE4F4900EB6BB8C84772CD327EA01,827,1170,RGB
1319,page-1319.png,235210,F8C3919A4EA67310091BBB0D9411F8C6491619FA9DA9231854E8B300A0AAD322,827,1170,RGB
1320,page-1320.png,212406,1B2F3FD2665D3795873C111A2F6558ADFFE344FBAB46AEFAA028DFAB49C8B8D5,827,1170,RGB
1321,page-1321.png,252523,4D910DDBA1E83A9B71423DD10C249DAB2D03B71C0B71EF2A99E1B2142FE5AA1E,827,1170,RGB
1322,page-1322.png,225457,F838EF8E7DA8743510D0E266CE51AD7D6903F2D574271769D333F6C1A1EC3BAB,827,1170,RGB
1323,page-1323.png,263152,E18568AB267B69574337FDE3A171C65F6EB24C0249AE117BA96D7654848E5623,827,1170,RGB
1324,page-1324.png,300553,BC7DA36D99FE2D084C28A11BCA0EAA8FB60428A2434094D02F4D8C62AE79983E,827,1170,RGB
1325,page-1325.png,290522,AB50F801A8CD98CFDD97FC65E72B594BEB843D841743C2EA1F18F0BB20479836,827,1170,RGB
1326,page-1326.png,238118,580DD2F54A0432DDF3AB563B7523330DCA6611A7039422FFBA2F122A927A6903,827,1170,RGB
1327,page-1327.png,263717,F7DB12AEEEF7F7207C0FB13A2462F3812FDADBED652C83532D426B8D1FFDFAAB,827,1170,RGB
1328,page-1328.png,269608,540FE51803C387E16FB156B712CC6E0E5C808549D584A2CB377DD6AE23814C6E,827,1170,RGB
1329,page-1329.png,374036,5777DBCA768704EA7CBEC19F2C6C02FACB67E48702C721B8EDC869224DC0BA54,827,1170,RGB
1330,page-1330.png,288108,D9814B9BCE9803B75548EA3FC90F17EF700BD094831D6763CAA070892CA65969,827,1170,RGB
1331,page-1331.png,225461,2EDF279E72E3774987404E91C79C9792304FFF95DDE7D6D9FB8C7CFD69A396B5,827,1170,RGB
1332,page-1332.png,307598,5D928BA27DC20E9F5DF597BC9D0A314C491BFE5A05DF3901CC5F2A4E84BE04AF,827,1170,RGB
1333,page-1333.png,279544,0A2BA0C78BB45E54D50BA4DF27E55DA1705438A061F3D7B37D49B7DC7DEE8DF1,827,1170,RGB
1334,page-1334.png,246511,B0A3696634B5753C221FC0D18F6EDC28A7DE88A0EADC50687C6673A66C0BC35C,827,1170,RGB
1335,page-1335.png,321206,487174CD51314334D47E78CED4FCF358AC70AECF5D1D462C50CCF32C7C5F4509,827,1170,RGB
1336,page-1336.png,272145,F45C35189D7E6819450B85CB7B7C2331DAC3933DC3AF22234C88BFF293F8ACE8,827,1170,RGB
1337,page-1337.png,308772,EC6E464FEFCA3147652F47DA297BDBAD2EAEE8FBAB07124020D8C9F84225301B,827,1170,RGB
1338,page-1338.png,272917,76FF15F39CD367289D32143CA5DF4138CC09ADA86A498F7729F68D0CEA921B46,827,1170,RGB
1339,page-1339.png,270777,42532515EEEFF2DA0782BA79E86C8E8638E1E2434639114E24205959A33FA376,827,1170,RGB
1340,page-1340.png,280365,5A79E0345566AC7A5A7867EEA5C86D637133576A7D80454F36A022A9A2C39484,827,1170,RGB
1341,page-1341.png,232523,82EC58AA7FAF84F78D225E49C5785FD0B8C7BDC77FBC1A8D55DFA6CBE73B0195,827,1170,RGB
1342,page-1342.png,332216,DA414982130A3779A95AA8E887D311B33804B7DA81F672828936964AA3E909F6,827,1170,RGB
1343,page-1343.png,269555,60E0A467E7DE1181773BCF79283ABDCAF17FD38C65FD1067679186F75933951A,827,1170,RGB
1344,page-1344.png,285272,AB83194C51838E925C50D8821F2F8F30355B5B39BBE1125CC6726882D4E6975B,827,1170,RGB
1345,page-1345.png,254518,94E18292FB0D4CBF85A6CEFE565461FE6347F40FCBE3085E7649CA7CC9E34046,827,1170,RGB
1346,page-1346.png,319064,98059C6CA8987DEA38EBFD4F345B9A8E84242DC8064E636094ADA72376F4E83C,827,1170,RGB
1347,page-1347.png,294398,EA9C721AAA9F34A10070664737D0D4317FBD98A17F662E5E94EE7ECB843B40C0,827,1170,RGB
1348,page-1348.png,307442,727CE2DE5853001EEFDE0388AE5A5ED7888F3B69243D35C62AE288DDB06CB361,827,1170,RGB
1349,page-1349.png,257280,955E4730556C8EDA78D757AB3079D4AC0C82E450835A6903783906627CEDF3A0,827,1170,RGB
1350,page-1350.png,317202,09545C1F0DD0521AE1A9E3E6BAB27429400517C2AF31CDA96E6C8407AF64E02F,827,1170,RGB
1351,page-1351.png,203144,6FE4C5BFA7B885122F4F93464EB866845DA699D5C034733F61E2F9C0287B096B,827,1170,RGB
1352,page-1352.png,273015,1118557D44F9B1AA26DECF74DE045CBC66A98D02F2A88F4FCBBD7C39FAA83F35,827,1170,RGB
1353,page-1353.png,208651,EA72DCF9301615295E7D562E3A414A49B5EA965B3899F06583763F9FC9741F74,827,1170,RGB
1354,page-1354.png,240067,E34F92141C6CA20030D8AC63E5CE7417F1442CA124E657A7406494825142557D,827,1170,RGB
1355,page-1355.png,245592,7ECFDD1ECD6A3448F85D81444891B8E8F4CF53868EE59CE1FF98BC0CFA992B8A,827,1170,RGB
1356,page-1356.png,269931,3661EE0016E5EE0B5211AEDCCA9FFC52392C252BC540257B9367CA91249F0009,827,1170,RGB
1357,page-1357.png,240248,EA8503084C7E0C12659051CE953942F0A37FBF85D8C7B66801E187A5CE82FDEA,827,1170,RGB
1358,page-1358.png,279890,D76F5F4057D9D51E8976FDDF5E24A266F83B10B48A442C0901DB756247277A17,827,1170,RGB
1359,page-1359.png,217189,D2F1FEEF0D150AE84FEE95403F93548860CF9039C88DF557D5B8FC36D09C3036,827,1170,RGB
1360,page-1360.png,280233,F838763BA3167B3F56103094623D6BA19EDF3853148FB33D90BB7823865D385E,827,1170,RGB
1361,page-1361.png,214072,81092C1DAA8184A5E3322D45B1BFD6D33D6DB6908D5DE3C80E954442582A923F,827,1170,RGB
1362,page-1362.png,261661,9E28FD0D97D7F921B05E8960FA00B7BF5BF70FACF9BCA67BD110D9B864CF1557,827,1170,RGB
1363,page-1363.png,299503,505E7487BE5FC690D8B89F34FAFD2677FB6CAA54EB3309B5AD629EE91227BEE4,827,1170,RGB
1364,page-1364.png,286545,E8140AB1B79712A20B09FF7CAE91A7D336568D6DC3FEE06EB0B8A1D793A1F2FC,827,1170,RGB
1365,page-1365.png,287819,4C220CAAC4A18A6F54CE738C70CC639A7EA54C46DC4275498B87D595ADAF07CA,827,1170,RGB
1366,page-1366.png,284227,E0BC10929EC21C04D217ABAF6ED9C773517EB6BAB80020ED76C5560BEEAEF970,827,1170,RGB
1367,page-1367.png,221684,46F9D4A5BAA2B9016BBE243195A3E95A206BE5DE7B02C5F14760F031805BD639,827,1170,RGB
1368,page-1368.png,248240,7580AFE09896A7E0143C6A3FA1668D78ABB367538B50D5D6FD9FE8DDF8F90DC1,827,1170,RGB
1369,page-1369.png,231962,8719F93CC0B22B8A72CAB382C89722B72141D6AE84030AFE695A04F21363CD69,827,1170,RGB
1370,page-1370.png,232138,FCD64241A6C71AD2BAEB6A578C524FDE07ED991313FE807765DF490E4E6CA10F,827,1170,RGB
1371,page-1371.png,251259,D976BB27BDABB674731F3819FB52681123413CF5353D1CA950569C674A99C248,827,1170,RGB
1372,page-1372.png,233505,35DCD4E51B31F94B8BD06B947B94637EDAD0B78F1611BDE8B5AE6A60519A891C,827,1170,RGB
1373,page-1373.png,179458,A2910E0EE7E5D729932539397FE5CBE395BC97382E571E25F9A54F578EBF0E23,827,1170,RGB
1374,page-1374.png,245859,82799F921D0474169AC1D7A0605661A6589B9E59A14E9815CF4470306E40D230,827,1170,RGB
1375,page-1375.png,184506,5D566CDE5F1D4FA7DACA8C7473EBD4565BCD163017006D414C4535CC4597411D,827,1170,RGB
1376,page-1376.png,58650,4D7A9B456A41346B8F71050F1D451AD0498420625F175C7972D8CDD179C40462,827,1170,RGB
1377,page-1377.png,249562,5D4C4D7A70B8B5B509E20B32B3287AF959CA28E045713B21B227B622F76F8995,827,1170,RGB
1378,page-1378.png,327612,DB25F2D07BBFF815294AD0069D9CE6F4EA5D9314FABDAF6E72FEC19A488916E6,827,1170,RGB
1379,page-1379.png,207863,5590B513C89001DA5C01FAC180266E8080402B623EFBA8E1C9ABB1FBC339FD36,827,1170,RGB
1380,page-1380.png,233354,8D107BE268B05844337E0A6B256A3EF3BA6CDEB1EE3C631A5C9841B958AFA935,827,1170,RGB
1381,page-1381.png,192121,99A574BBDFC081A476BA29457665B4B22B7728004343AD2BEB7E1BD1FF4DFCC1,827,1170,RGB
1382,page-1382.png,209281,28F72BECDD83FCE503FA17B48878CF20009FADDD1F0B54CE5986CC17B2B8C8AB,827,1170,RGB
1383,page-1383.png,202339,75ACE0F3B7EB7167C1162ADA96BC0C3FA1344099E07D3864FAE0257709125005,827,1170,RGB
1384,page-1384.png,246402,47C67347C3C3FFD96A085D9B9BD7E5AB48EA9889F9158236E908F5BDD645D96A,827,1170,RGB
1385,page-1385.png,235319,D0DCDB53BB9A9DF0B840AFDCE947CA9D63E0DD3239843D1CEB474D575016C672,827,1170,RGB
1386,page-1386.png,322398,9DD9FE5865557EC00A4160F937A74315CCFF65B81EA9598992ECCC62F2738BC7,827,1170,RGB
1387,page-1387.png,250066,E106E7E7C1423AF88B7E5AA27D9B4CC1615CEAAA0EA255B52AACCABA46E75E48,827,1170,RGB
1388,page-1388.png,251151,843158630C49607FE93AB1E0AC986AC6B10E650E4FE3A5CD744E8EE1C7369DAD,827,1170,RGB
1389,page-1389.png,297884,EF82D0BA02F51D232E3C622945AC6628A56DDC6263E726483BDA5B81FB7C6ADD,827,1170,RGB
1390,page-1390.png,276027,3EAA8165C428A574FA086EE20AECFDD56620145F58186754754933769046DA5B,827,1170,RGB
1391,page-1391.png,287633,E9A72ABA5D915245DC8C0A2B97A70BB05F9D32FD4FA7D5088BFB9ADF5C68E1F3,827,1170,RGB
1392,page-1392.png,248130,D6D5F25BCAB61F36F5586D9C02A2B44094298C26D1FA393140623E1B1B646C60,827,1170,RGB
1393,page-1393.png,218634,30DA9B93E670FBC24DAD6E64D363F3FB1CD09D03145459A1C5F61B6E97E4A41D,827,1170,RGB
1394,page-1394.png,227803,D38F7BB684E7821B84589429BE00F7B5BF8051D5C7E775998B269BD305611F1D,827,1170,RGB
1395,page-1395.png,240927,94D5702CA5ED5702553B01C1DF97074C1B9E962B186A452CF88D7377226E1322,827,1170,RGB
1396,page-1396.png,207547,02C75C8D0C40C9610C4DE84444027B30EEC268D75EA436E4AAB5C2F4C8D98826,827,1170,RGB
1397,page-1397.png,342114,3F9F13E4171B8BBEE9065F301A0EB763837B2097D8497E89F01C64DFF54DAD29,827,1170,RGB
1398,page-1398.png,333171,3AA161585D999BEA607C0D1832A1A043C7E7CB8AA82FAB359C97B3912DAADDC1,827,1170,RGB
1399,page-1399.png,293344,2FA411B4A1F24A557D98BB986AA330CA9D0E4B4C06344F32499D571B3371DD68,827,1170,RGB
1400,page-1400.png,250140,B9EC04AD595A879C46FCE2F4BDE0A7EEB7F1537ECC3A29B05D58B555F2891294,827,1170,RGB
1401,page-1401.png,231566,25788112F961BFCD0342F7DA59763E47EB6DBE332A39EE194D024599100A95C7,827,1170,RGB
1402,page-1402.png,244697,87B64789E22ED9FAA68CD7EE19259A0F0FE07DD50CE96728BA2F342452F19D09,827,1170,RGB
1403,page-1403.png,197236,4C4049C1F9DFB5C4A28F22A69ADF61DED2AD20B7588FF4059986C722946E4088,827,1170,RGB
1404,page-1404.png,196822,CCD5D269A57DA358AC4B6D9B825D07D357763FE1F46A17599E14D0028B72325E,827,1170,RGB
1405,page-1405.png,210299,B7F9EA78116EFAD1A091A9C2D79786F7BEE67C676290FFBF1482DFA11612CB2B,827,1170,RGB
1406,page-1406.png,227624,A652CDF2CF1EF4A9EA3F610D0751D2F74652FBC11A012C927A602396B81ABE93,827,1170,RGB
1407,page-1407.png,278001,547C58C7F6B0DFACA78B09852B9B82F6A14FE8A9BE0CDF2C6393DAFF1B34C24A,827,1170,RGB
1408,page-1408.png,169345,BA225972D176DFBC7B11EB50A2436F2217F803DC619F8C30202F55850D733376,827,1170,RGB
1409,page-1409.png,207345,52BE7B0FCAC0C51BA0F11F24C2B02BD5E6AC68E1CD81D2D765CD5003ECAF48A8,827,1170,RGB
1410,page-1410.png,286412,37274109BA7FF3196B4B842C3A9B2E793BF4443DE63D36F02D015C4F224BE673,827,1170,RGB
1411,page-1411.png,266863,AE6BF3133A77476319EC465A3D11134F2768D066AA176F4CD2F720AE2EF8FB34,827,1170,RGB
1412,page-1412.png,312239,C2B124601AB3A720B96E51F29E3BBBA9036A62A06D1A4BFBB771C297057A94BC,827,1170,RGB
1413,page-1413.png,267174,9E1013F88EEA9AE97AC48C86080C3B83F2C6A65AFADE7B1CE22F93A5FCA80B4D,827,1170,RGB
1414,page-1414.png,265239,29F1FFEA643146C7D9B3051F5E1F3797D85D774E337B472A2CAF3B4D727178DC,827,1170,RGB
1415,page-1415.png,246036,D8E103D611F14C4471145DF23C1533EFD40A4C5BECB5691D30CB10451F966AA8,827,1170,RGB
1416,page-1416.png,248884,68830BC52845407A3F7181C6BE7FEB09BD1F2573310C083306B28CAA3D7F08C6,827,1170,RGB
1417,page-1417.png,260480,313D0D2C15174D8D65A3B03478378CFB55678990739DB8FBF335D171A0544029,827,1170,RGB
1418,page-1418.png,243912,CEB0F01D5B526100CAA32502E7B24056933B7734DEEB864B92C8E43A88E11C01,827,1170,RGB
1419,page-1419.png,266914,C3132A9FE2A596617CD476E87381767E356E00389EBB84F9DE00EC10723C2E97,827,1170,RGB
1420,page-1420.png,246750,DD85DEF4BA0A5EFC5E12517C648F7432F27E064FCFC2DA8E22B8B2580B1C87C9,827,1170,RGB
1421,page-1421.png,273364,DCEBB2B5BF640261C21858459AFF25AFF96DBD6A7016667F6C51D10D8A57ED71,827,1170,RGB
1422,page-1422.png,255038,5C7FB717D06E31D13369DD78BD4A4CC36768382828AA7881EB7287740EB496B8,827,1170,RGB
1423,page-1423.png,252107,83F09E02969D3B50699CDB47B98EE5D13C14F0E8FF8E67D5C145BF8E7F4726A9,827,1170,RGB
1424,page-1424.png,335166,CBE61CFB75C6CD6EA0141A599BBBE614DC44E0B24957D0A0F6649D4F1E86ED57,827,1170,RGB
1425,page-1425.png,248822,F25460BBE846DE432445899812261E60F8E0830A463947D30DBAA26A6A574CF9,827,1170,RGB
1426,page-1426.png,296411,C9B877FBEF019B2F1C625C5EE742413F82ED98B592D8BB69F8661204767C57D2,827,1170,RGB
1427,page-1427.png,301992,53B5812E93A7159F491E3AADA95A3040771986C0C4BD72970C714AAC23456A26,827,1170,RGB
1428,page-1428.png,323702,BC408D84022849CDBDDDFEA7A43E499C459F3FA06ADCE0A6C4336668B7183464,827,1170,RGB
1429,page-1429.png,288583,FCF89A768D6F85FDC97F79DC10ED3ECF93DB7F9438C76298FF1A04A8BED11EEE,827,1170,RGB
1430,page-1430.png,228972,1FB66462C17B28991E84CA419F5EDA3FB84660CAB6831FFBD8FBE35FB0125082,827,1170,RGB
1431,page-1431.png,208146,B1F32B6BC95114FC5B2638BD72C054FF0CB4C8EF4D369DB44ABB97D4A2B2A743,827,1170,RGB
1432,page-1432.png,238934,1BBBEBB2D27B9FE96F467D82EB0493CF0DEC11006CC3D47D3B376D94396BED55,827,1170,RGB
1433,page-1433.png,170304,7DD59F1675A52952FE196A7379A8968BECB59FBDA94982C33DF07CA0A33D0D54,827,1170,RGB
1434,page-1434.png,250022,8104F0D774FF6E2F8F490068A3186D34A9AF939D75509359141160C357100F5C,827,1170,RGB
1435,page-1435.png,312503,D2AB20B852980C1EEFDF6C3142D70488E1E1F03A15DDD9369B5A77936009E074,827,1170,RGB
1436,page-1436.png,259974,9D2616F320897A119402BA93E88165F6D247915BA9969B99EC0349CA3FD954BE,827,1170,RGB
1437,page-1437.png,189743,7590EE2486464009537E21EFF4D92B7FB0A36900CCD8D7D18AD8FAB250A29BB9,827,1170,RGB
1438,page-1438.png,138888,DB3DB33486A7A86C0CAA0496BFCC0929E17873EC24AD85D7EF67A0406E5A6788,827,1170,RGB
1439,page-1439.png,317326,55293166F24BA0ABDC4C1949AC4E7CF4248DB9F27EC84322933DB5E2706492F7,827,1170,RGB
1440,page-1440.png,289066,55BEAE50B369AD425B1ABCC77CD59725813A3D1A27849F382C3C8F7469AC1917,827,1170,RGB
1441,page-1441.png,204190,0C5E100AD1AB0D25802CF7C8021087C068AF1306E6D86388971B8F6B11120A23,827,1170,RGB
1442,page-1442.png,245049,736BEC525F64844D2D5048E6474E8B4D4DA33613F9F0CBEA1049F78702F512E5,827,1170,RGB
1443,page-1443.png,259820,F57F8BB59BC66198ED685CBFE23CD6789CDA8E8547156DA832DADC3E41792737,827,1170,RGB
1444,page-1444.png,258706,6B7BA713F530DF9442439F586F7607B3E46A5CE0AAEE184D1019240FFCD907D5,827,1170,RGB
1445,page-1445.png,317350,DF6546E00588EC62FFB456E5EBD1FEEAE058D844AF0313DB2227A53051856D6B,827,1170,RGB
1446,page-1446.png,252414,5FC061F79F49C9B7DCB0C21B84630B590820D71EC3488AADC062B7960E3099DA,827,1170,RGB
1447,page-1447.png,351490,1B4BC0A4B29DDE5802584085462D0341BBB62DCCEFA6746C38A21D6D87A00602,827,1170,RGB
1448,page-1448.png,257662,9A7295BCCF7FDB7FEA66A0D599887053D0DB3B215EEAA3AE18E7B9185536B615,827,1170,RGB
1449,page-1449.png,281396,332853F31FC879A913FFE0E985092F7A1E4D4FF2FB0FFDCE4DC697FD719FD3FE,827,1170,RGB
1450,page-1450.png,249078,D991618E4E293B4779E1190E56CD8E3A8FE396CD4A1E282CFFC4B43CF17E83DD,827,1170,RGB
1451,page-1451.png,261521,C473AD2822B84FEDF4D6E1E085FBDFDC76BBDC37A992EFAE6CEDA4430F635F8E,827,1170,RGB
1452,page-1452.png,244891,C2F91AE9C37FE78E8E61422A0E3B86D8F2F533C9B96C63B1F6A6850203A9016D,827,1170,RGB
1453,page-1453.png,279876,9D049D13F60991576E77D3C7A7ABB685DFCDE9BABE07989CD277D2A275F415A8,827,1170,RGB
1454,page-1454.png,265645,41EEC06A35AD0F0E93C662C8841790EE5A41385BDE7DF8C415581D3939762D85,827,1170,RGB
1455,page-1455.png,236606,624EEF71F65B9DD2472D6D6027A63D1A3954F60AABF570B3EB1E05138A21CB75,827,1170,RGB
1456,page-1456.png,318171,6D3E889AC78D76E2C3D1E4522288E66B694BBC752347CE7859E7BA70EAF05A70,827,1170,RGB
1457,page-1457.png,249586,04909014EE6EDDE2F9A4465814FEE76D1D843571A330A5DD3299A3B39AF143A0,827,1170,RGB
1458,page-1458.png,299646,74B81A2870352F78BF0ABAFFA2BD1AEB82B5AAAC661A3967F936FFCFC8C38088,827,1170,RGB
1459,page-1459.png,216801,53FCD4A5F004CCCED003D3064B8B57FDC25C0B635A1A31ADB1180B31E1FCDF27,827,1170,RGB
1460,page-1460.png,326650,C348AEBAEAD7860FBEE16B607BBED28EA866457E9116776FF0E148F06A6A45C0,827,1170,RGB
1461,page-1461.png,46129,7A800AC772F5440A7C47C91A1DBAD36EB1779CA3A3565245806BADCE0AB2A044,827,1170,RGB
1462,page-1462.png,234296,71622B72863866C8881DE3778C3DB736A94E7F97D141DAEE1800A16F7C6F27AA,827,1170,RGB
1463,page-1463.png,268004,74CBEFEFC613CECCFAD65CFA55849A137CEE300E4241C241FD81AABA41B5C390,827,1170,RGB
1464,page-1464.png,219523,097A36814682CE270D17E4BF6D4F4E154D8285F5041FAB08EC180792B58F8EF9,827,1170,RGB
1465,page-1465.png,272243,B91FAB76562041A25A4C976224D83D6308CC6B67F95BFA340F5B0ED9CCE03420,827,1170,RGB
1466,page-1466.png,216020,73A51EE08FBC4D2998ADCDCB1459160617A93A03DD6E2DA730CE03F06F39EF4B,827,1170,RGB
1467,page-1467.png,265535,33271D9F2C9DB36992D7C0849509CF7035C61B934D5A15AB13B66E09C321AD7E,827,1170,RGB
1468,page-1468.png,215344,1F50287CC52DB7C3E3F3F8F1F36DF359D4801DC092425D2BBC6106F84068FDFE,827,1170,RGB
1469,page-1469.png,292087,F8A42353EA0F9530F0DE74DABA8552B2D7F9BA397208E0CF877418337242BCB2,827,1170,RGB
1470,page-1470.png,171717,6AB0606BECB1674DA0FE6DD31B4AA4F9EBA32845AA2CB6359F5C3C05B1E8616C,827,1170,RGB
1471,page-1471.png,260886,BC33AA9C9506B98CF1E72FB9D5308C64BF53C7FCA2571D0FACEDB160F6B8FAB4,827,1170,RGB
1472,page-1472.png,264728,5154A841078AFF0D15EB93B72CC4E51C016042683D483154EEBFD5BA0490AE75,827,1170,RGB
1473,page-1473.png,266196,DB77129F7BF33A5338736FE13FC2B2897E3A87CEE4F2458436521B2957F417F5,827,1170,RGB
1474,page-1474.png,232976,6ED60C447AEFE4EF59218EDEAD45F10EABD9E4828AECAF1D9E2F84507C762BD9,827,1170,RGB
1475,page-1475.png,308833,351F5FA04AD44B570EDF2CC1F6513B38E35B006FC0E3D48C31AF04F73F905A20,827,1170,RGB
1476,page-1476.png,236366,C87EB46C31148D3EE2204633629AF02469188EE27D91A899B4E7A17B6564B60C,827,1170,RGB
1477,page-1477.png,237533,25F43082F92A77B5420E827F4F1114C889CDFB096F40BA3078890CAE68663583,827,1170,RGB
1478,page-1478.png,301824,0C81458C226A8F883DC2E5CD61441A4D1651ED2C1EE17B6967C2A251A1702CC6,827,1170,RGB
1479,page-1479.png,242240,CDFAEC6D8FEC83B43FFB848B034AA8FD00B9806165E33A6932DB9CDECB1043C9,827,1170,RGB
1480,page-1480.png,212464,6CDA81C35B39BB446B753F50E05B144A346EE798F7CA302BF8EAC6106ACA0E57,827,1170,RGB
1481,page-1481.png,290175,A2658F938255EC8C0E95CF69D2921A0208382CA7076BB66ED34FFD80D1EC0481,827,1170,RGB
1482,page-1482.png,308548,5EB11D3CA364A1BDAFC456A959D9309CDDCC8F7B3FF2CE94F1A3F074AE4D56E9,827,1170,RGB
1483,page-1483.png,242002,BB8FB934C1A7A5562F5F796E52A6674E64D283FA5F3B1B777EAAF4D99802F80B,827,1170,RGB
1484,page-1484.png,248355,C9955F875D2A87B9C81A64DE487BE4C5BBE2D36435D03451B6DC42E464E61547,827,1170,RGB
1485,page-1485.png,295428,F0D29257E7524F82F070912B7F1F1025CEC9CA2272F49F9ED55F43DC93C43B4F,827,1170,RGB
1486,page-1486.png,289528,5635D2200913171094A1503F19A049FA9FDD9885E9DD5401A5832E98D8304654,827,1170,RGB
1487,page-1487.png,297474,BFDE987B788C0B8F1A91A3625DA5B136BD55D9A0FE9D5A581E08137CCD4E96B0,827,1170,RGB
1488,page-1488.png,321243,6F3BBB8DC7854AA9A7690E4A4E68E6BA897A1BADA65EBD863401BA73306F9516,827,1170,RGB
1489,page-1489.png,257676,F618A16F228D4AF16885D754D978814E26A08015C4D2A71BF81C945AD527833B,827,1170,RGB
1490,page-1490.png,317929,D77077FD8328A8F74B2FB7D3A198EEB2381202CA47BF405BE419795C6EC7E9BF,827,1170,RGB
1491,page-1491.png,255438,BCFAD8D1C29F3E1FD34EA34A871278B71A8E489BC76C3273EB0E5E249F42AB39,827,1170,RGB
1492,page-1492.png,202783,446E45106431934809DBFCFEA96CCB850609772BE7E81D12B9E9B274D93C5493,827,1170,RGB
1493,page-1493.png,236133,4C01DF04E7656C1C55ADF45F5B3E1C18B99BF91BD3CEEF70DD21CAC337B4F10D,827,1170,RGB
1494,page-1494.png,216224,9DC569E67F8BB04BA2D2B39C81EC89A79F74D2F818CDC5D686F5EA9B6BF35CC7,827,1170,RGB
1495,page-1495.png,157558,B25F3C1CDB2904E8E1411A9F8837912D141D3BD993FB6E947B812BAFBCB9C7EE,827,1170,RGB
1496,page-1496.png,288833,C1799E166C924169F2434745D8E30323262EDA35E2195BB1BE7505404B17AD7C,827,1170,RGB
1497,page-1497.png,201923,5A18D27D3FD0A8FBA05DBCCE781BC267B2BD8D00F9C509A689951F756CC8C18F,827,1170,RGB
1498,page-1498.png,272138,FED5FFB8DF51A3F9EF40DFE1E0BF00356A904454CD3F1F79FA1B583B2A75FB6B,827,1170,RGB
1499,page-1499.png,142493,B20344F701327F6BFE6C019574328CDD471683D9624068C6233FABC92A9FA66C,827,1170,RGB
1500,page-1500.png,198284,D264D4247A3E7F7E28F0373AD42064DC4377D8DE34922406A99DD172302E51D4,827,1170,RGB
1501,page-1501.png,183224,66D98DA8BE18B24D622C018021DD765B8AB133872BC96E0B34ED481914D4616D,827,1170,RGB
1502,page-1502.png,224656,27B0A635F57FC6380FCAB8764FB1E055F47F9608CE69A4CDD553EFFACA5467A0,827,1170,RGB
1503,page-1503.png,233656,685EFD97C95C3A0803B6ED418DEBDCEBA25069CD1169518B9A35ADD9A8535FD0,827,1170,RGB
1504,page-1504.png,276605,B2136F6A7F22F5E5747BCC34BD3DA74E73F8A25841E9A2B1AE3550CE5E73AAEF,827,1170,RGB
1505,page-1505.png,285545,2373F3878088EBE571D0FDEAFF009BFBCA1470B173F09EDE0646DA43DE86292E,827,1170,RGB
1506,page-1506.png,210253,5D96FA4DB5A8C19586290FB88F87999479F8666AC5048FAD54279D0CAAF42BB1,827,1170,RGB
1507,page-1507.png,300715,4DE97AFDDAE3D7A24F23A6855539C907B016EA379773C36A204F4C71F6660C8B,827,1170,RGB
1508,page-1508.png,209921,EFA8A3712D2D17C8C8C8F15AC1ABC7A586960B86B0A56CEC6CD3618C2953B12E,827,1170,RGB
1509,page-1509.png,236759,7EF2D0958BC68E9F5167B0D66B86C5175242EC8803E3B072D0D01F839A412B41,827,1170,RGB
1510,page-1510.png,155579,B87A66DD98349C49E526110735C12AB08B5B145A22C7BDCEEAB3AFF8141E6698,827,1170,RGB
1511,page-1511.png,261103,7BEBB4292A35672F39E8059E1ADF87EA1BFED0C308FE9A045774126FE82D5297,827,1170,RGB
1512,page-1512.png,245660,CEA932DFE47B14F9ACC3D3B531D9C583D72E800EDB81117C255AE025CE39E78A,827,1170,RGB
1513,page-1513.png,274708,37C219D0EA3114279453BDBA63364EFC43B53E6785861A525B2BFE46AE8BCD40,827,1170,RGB
1514,page-1514.png,239639,CCDBCF8AA693C5362B9AB29EF500B55F550FE0D1B63E225BF7D9F89780251C7B,827,1170,RGB
1515,page-1515.png,106452,05C8F6CF2AE4C34805B1FB2E2C7B190E3C720FF65433D90BD1D9CB27F8E6F994,827,1170,RGB
1516,page-1516.png,148852,3A3DAF32B802F8F53D325CC3063B49E2ECC8697C632D5D8830DE80789751BA9E,827,1170,RGB
1517,page-1517.png,202420,F3BC5115E7873EC85BFC6D70C755871D93F4E730A818EDBEDE71699A3348D349,827,1170,RGB
1518,page-1518.png,145793,DC676A7BADC9BEA6053BA806AF02D80CCAFBF1D385CA6621406213B63153DEE9,827,1170,RGB
1519,page-1519.png,216669,DDE0E76030C35BCB2A698830F564178F6DB95FD9D62383ACD33F270C26A5DEAF,827,1170,RGB
1520,page-1520.png,317903,0132353E46E544CC65AB161BD328134DD69081798D4DB39AF93D77D48D025D58,827,1170,RGB
1521,page-1521.png,235497,1122594D4180BCEEB66B8B58F54877F9CC6B1A29E1EA95FFA8400BB8C4097A2F,827,1170,RGB
1522,page-1522.png,292706,B5A1ED30F4DC581E0EA8AA5E66FBF18207387C226DC96A8B78AB1EA569280F99,827,1170,RGB
1523,page-1523.png,180793,E7CD75405C012EF8DE36093D423B8FA7755FB02D2909C7372FAC5BB4B2DD8C00,827,1170,RGB
1524,page-1524.png,239203,9E3DDFC8D41E64A0275DFDAB49B55395A389B43F85ED6EA48C5C226058F84A7F,827,1170,RGB
1525,page-1525.png,307497,ACDDAF53DAD9EBAAEB4A34AFB98A0E39E17B09548A10F1D3775279912769CA24,827,1170,RGB
1526,page-1526.png,285460,ECA352E299A40091A8650C56B40ACC4DE2F91F92ED7E977BA1795156801CA179,827,1170,RGB
1527,page-1527.png,199095,60E0B8C79B0484194167A6F69ED4A3F57078DCE23FDCC94396A3D4A47BFCB9BA,827,1170,RGB
1528,page-1528.png,237785,AA6847B6CB37E1A3238D5C6E4900D57E4C7BA5C405ED528AFA69922E95976498,827,1170,RGB
1529,page-1529.png,237638,7C026C883E30B4417A2C158ADEC6670D55633D00EE2B04BCC651C40B2CA8D8EE,827,1170,RGB
1530,page-1530.png,283094,2561021DD73FBC202A91A90AC4941D3E569582070B3F025D5BE239621B205A47,827,1170,RGB
1531,page-1531.png,269915,08E7CF01F8898A556F719E92CB6FE40972E38C087EE4F0E2265E8A579031B188,827,1170,RGB
1532,page-1532.png,257735,0A5F2283AA4AA0B8561ECD32412D7C158A09239D5339174E8C54B233A41B6613,827,1170,RGB
1533,page-1533.png,271627,391E1898FD28EA5669DA59454345AF667155941F07B228BBB6A77B4FABD85EB4,827,1170,RGB
1534,page-1534.png,266720,FFE358194EAFF50DB7215E96C1195D24EC65846E01F175D6FB1E49819E378581,827,1170,RGB
1535,page-1535.png,247122,953291E1E20F8BBCD268D5C12164B9377350655E46CBFC34C8CE6279AD4061F2,827,1170,RGB
1536,page-1536.png,206922,B896368F1378EC221A4D15F7712234E59535F0907382882932F862B0499A6C5B,827,1170,RGB
1537,page-1537.png,204400,E4B480EC8D67FF63AAF696D3B16B82DEBD19BFEBB2184F50291D97470C630EF5,827,1170,RGB
1538,page-1538.png,275200,94D0F097F9439D6F0A4F6546B9FCBB35DD9628BA1E79E04C89805A575647CCB4,827,1170,RGB
1539,page-1539.png,264115,70E83D53DC4EFED5F31030B831FDCCBF996E0F02C7EE1A5ABAC0B319BFDF21CD,827,1170,RGB
1540,page-1540.png,214535,697E33E6FC5E987DF94209512CF2BE92CC925B14904C9982D3CE592F722EA168,827,1170,RGB
1541,page-1541.png,287085,865864B7080563B1DC598C5051EF31DF1D3452A19E90D7A78119FB4294140179,827,1170,RGB
1542,page-1542.png,264397,59157D05ED747CA8D7A244610BF0572E22C9F9447548CC80187F5534684D0423,827,1170,RGB
1543,page-1543.png,207141,E75449B556E768FDCA6757DFF056D4815AD440B6A109DF725586BB21360B86C0,827,1170,RGB
1544,page-1544.png,201897,8AF6E00CD146B77E7909338F839B8ACA9F1E46CD5A8048FE8D30B6C20CDF4E31,827,1170,RGB
1545,page-1545.png,309845,8F5642CFBB3F414954EC268FE0A5B9227CD55243A9B00C5C8D706D8D8421DC64,827,1170,RGB
1546,page-1546.png,261443,B25F46F459A3FB711CE599471698D435AA295AAB0E779A2F653D25791D814799,827,1170,RGB
1547,page-1547.png,254583,F440930E8E78A3825CC3B0046657656EB3DC0EB6416DA37CCB8D3CB751092FE2,827,1170,RGB
1548,page-1548.png,296759,978447C47D5A405EA666EA4754B316D63ACE8C3C5D721C47C092C75F3F17E911,827,1170,RGB
1549,page-1549.png,264900,779B5CB290EB9CFBC50277CD630BCC3FDCE10E77B0B1F4C7CB95943EE358C6AA,827,1170,RGB
1550,page-1550.png,296039,4B050725CD116E0A4D33A31F187B52EC36C18EEF3F62AE3E139BB4A0AC1BB009,827,1170,RGB
1551,page-1551.png,294101,BEBD1723EBDA22D65388CD1D1FC1E20342F61A2D8DCA30B5838FA0B871FAA090,827,1170,RGB
1552,page-1552.png,308341,988DBFCE0B087E10DCCF27CB397A657F43B6A25A4ED988A95F3F2A3B58BFCB1C,827,1170,RGB
1553,page-1553.png,342796,E9596CAB9197F374A14C10DA6AF516152E5400D3C4AB47E9EC1E705F338E681D,827,1170,RGB
1554,page-1554.png,289911,C04C0F12B7DD6686A61CA96DEE579FDD4E77A5B6F94AB4B2BB414B7294CDA54C,827,1170,RGB
1555,page-1555.png,311037,2667768ED13F365354B241D7ABE2BF817E3EF6252F4F582D3FFEF027E6F91BA8,827,1170,RGB
1556,page-1556.png,304405,6457D14B80EB62CE6598CA2B54A208C047D08CE2B6CCAB03D8BE45EA5DE0E64E,827,1170,RGB
1557,page-1557.png,348561,0392E4AAD588176C96ABFE42F0F4A43D28506DBA23A0766E8EB86953D48CA870,827,1170,RGB
1558,page-1558.png,270577,3DD33FC472F97F83B85E68B048DE0025A4DF91E234D538397C3613D6D8D515E6,827,1170,RGB
1559,page-1559.png,277839,51D41BFEA59F04C73F959A9C3FCDAB17D9D30F448BC070C989A5C0A8103A815F,827,1170,RGB
1560,page-1560.png,211941,84960473B056AF1495DA06407CE30F9512E1194A8E63EE7B5FE5047FC3C790AC,827,1170,RGB
1561,page-1561.png,238144,02DB9BFF40B5A0605439763DEEE5F7C7FCDDA6DF20B7A4ED6B651A1F8AEF4CAF,827,1170,RGB
1562,page-1562.png,307782,CCFD9ABA3AC4BE7BFE7B0ECE910E286D7F90A048D2D9086B230043DA0B2BF30E,827,1170,RGB
1563,page-1563.png,268879,CE0F66E1107C74AF3ADC193940C907A2830701C9D48D9E4B2FECF67EBC492560,827,1170,RGB
1564,page-1564.png,260316,2CD75449DE4574940C959747E1EA189C3F2D43A846B598AFCF0316364E1293FA,827,1170,RGB
1565,page-1565.png,280476,9F38CFB00E927FF17B86574F733A8A906227DA9E77131487D60984DF3F133EBC,827,1170,RGB
1566,page-1566.png,210521,EADA45A4C3E0E3CB9739F9B8F73719E662EF7EE7AA9DA274B3FA622DA8A9F021,827,1170,RGB
1567,page-1567.png,271874,AECCE89C222B69A191DEFCB856324F2BED6BF093173C69AFE7B18FF62E36FE4B,827,1170,RGB
1568,page-1568.png,258521,E0B0FF91E3EC5C9A8C4C1671752E7D59D490C0A5AAF7E1D527A8593832F6D431,827,1170,RGB
1569,page-1569.png,245282,D574C0CD5BC0DF19545C7E961913A41E2596A9820DE66365443FD5986A9292D9,827,1170,RGB
1570,page-1570.png,29467,229B6967587AA1BAA2CB5685AF62A7B4A21BC6DB0A7B56A8856BF0084700B6AD,827,1170,RGB
1571,page-1571.png,221800,4AB6B10A54AFDEA6B2955D1F39FDD396B1923DDCB81AC0D50AF04415B3698CD9,827,1170,RGB
1572,page-1572.png,270655,211961DE80D7B01DDABED8A427BED7752FB8B5ECF3E052ED610B143DAA62E89B,827,1170,RGB
1573,page-1573.png,213726,C81064C5ACEDF65EEDC4DC1315AC2FD3DC4E294521B2180D593EBFEF5F8AEC73,827,1170,RGB
1574,page-1574.png,217726,167F252F95EB50B1F50649FCE388019D15601AB86DCADA22112B9BDE6C37605F,827,1170,RGB
1575,page-1575.png,292749,88912AB612A24A3662D64A9B8E22B1757267C0AA33C453D8B4422E505CC2DF1F,827,1170,RGB
1576,page-1576.png,204717,5D6F9D18358A9102A6F26879551C49E805674C1C8D75AB36B4F3286735A35EBE,827,1170,RGB
1577,page-1577.png,254643,B9AEF2D22993764B4244A84B22C89C2D9818A07078475A96A5A6E842DA7DC049,827,1170,RGB
1578,page-1578.png,124985,2AC8CF75FB240D1F80368BA37771FF9788297651D0003594B3206DF24D7D0E0F,827,1170,RGB
1579,page-1579.png,192260,86109410B40A1C2CF2603085FAE53AF33FFCD738347358243F1219BA221A181F,827,1170,RGB
1580,page-1580.png,299781,8412706A7CBA11B669B50C453B9673D45544A9DC91C3F209830D4D12C244C446,827,1170,RGB
1581,page-1581.png,277478,A5702A8D91F96E74CD43604FDD3A4E295705E87126A478471670C5D80067248B,827,1170,RGB
1582,page-1582.png,260307,2DD31C12EE9BAFDACE2F83CA7F5519F522CA280331668C5BEDED2E12A1EE1671,827,1170,RGB
1583,page-1583.png,285789,51F0B6DCAD1EAC73CA2814A34C5757C2468F1337984D9C726069696F8C647FE3,827,1170,RGB
1584,page-1584.png,283710,994FEAC91CCD33F958C70639F0ADDDB47516AFBCABBE5F410C6EA7AB3B50A4EE,827,1170,RGB
1585,page-1585.png,293390,3B87ED3EC8BA2323E28CB84025B75D1B28D362AFFCB733313EB6CC958ED19BAE,827,1170,RGB
1586,page-1586.png,276263,DB3711D6D4A4E5280D58B403176802866D7CBC9FBBD426A7C8F502E6EBFAA5DE,827,1170,RGB
1587,page-1587.png,295050,EC2DA5B7DFE3EC1AC7E83E2B2BA5639AB2D32CC7FF49D1E7B045E9A8BFD9CF01,827,1170,RGB
1588,page-1588.png,201487,9215CF33148EEC47F8B8BCAEB21BCED252B60B81BA41D2D7F90992095501D0A9,827,1170,RGB
1589,page-1589.png,275084,CE7EB06F47D50200245AC424BD71FB9FD709141F69858B5650A8DF4B403ABA71,827,1170,RGB
1590,page-1590.png,305188,CA5CE56C4A1386EAAA92E77ECD8CB08D1B0A02E61927F4726B964B96ABEC72CE,827,1170,RGB
1591,page-1591.png,288311,B18A0DCE34C89344AB509A366A19B26E26A68F2486409231D211CB1F6E93DD3E,827,1170,RGB
1592,page-1592.png,242010,1FE564C0BB749FA1A90AED7F241FF2ADAF0FCA09EAA37363B561DD0562D74FD9,827,1170,RGB
1593,page-1593.png,259757,F3B67D41E92C97F11EB96FE804E8C001A3ADA6FF868C3A15EBFBC61071A9CE6D,827,1170,RGB
1594,page-1594.png,242955,8D2B15CCFE17A95996728D52302F140523B50E05F84A9B7DDAFFF046E9855FE1,827,1170,RGB
1595,page-1595.png,263064,1C8F54E8C203DFEE7EAB1BA6C4F63DCA9A5D49B1B14F505F06A75B80E0A7D976,827,1170,RGB
1596,page-1596.png,304714,683C2D0B9484F433BB2093103F690F7C82EE3EBF2C5CC5279EFE1F0E1AAFD0CC,827,1170,RGB
1597,page-1597.png,324500,B4859607E5F5F9E39DA059D3C3227C5701B6196BDB9D6A9CDAF292E96778784E,827,1170,RGB
1598,page-1598.png,198128,484E795872AEA70CDB8EEEA8B31ECC53F69F10CDE322C10744400358873A1B67,827,1170,RGB
1599,page-1599.png,204090,36160859AE5BF8CF2C3CF81DE1E6A5BA1A3D80A1FC1F982B2BE689850EE6627A,827,1170,RGB
1600,page-1600.png,203670,14EA24AF30903BBDECC3BE44996E567AD9983B84040510D3F4F9E901CDB4271C,827,1170,RGB
1601,page-1601.png,266018,C0D360CA67729D0470E82A903016F39D666EA779B95C46A65CA4E3BC0B01B3C5,827,1170,RGB
1602,page-1602.png,288788,FCE1B530F3A2A3739E10FBBAA40B14A69EB3F6D2204E191E887CBB6B1B83B3D7,827,1170,RGB
1603,page-1603.png,233750,1891CF2721CAFF22F4124BA66266507F468C822E7C1D3A6590361EAC532C8538,827,1170,RGB
1604,page-1604.png,177004,C4E2C7414BB1B2AABDF2D5F230390D1F43BA6674284D8F7BB6C0561D548C1B09,827,1170,RGB
1605,page-1605.png,193098,6233C31659EB84B209132076178B64818D958DADB84C91AC2D9378281D71007B,827,1170,RGB
1606,page-1606.png,279416,A6A5F0628675DCF7C6E2EB8DD3020D6C59C55D3337B8CABF4FD083A9C16BD136,827,1170,RGB
1607,page-1607.png,285085,825E5B77AAE7CE7E33B184191CD40E96BC7F8F3B40B4CE44552E0CEB4C7BFB52,827,1170,RGB
1608,page-1608.png,259778,21D914CFACDC8E7F78F4B328CF5E56DDCE43BA3AFAE6E7A7B72D11F07F57CEFB,827,1170,RGB
1609,page-1609.png,292037,46BCA49E9765AA551371781F3C90EED45C3F886C65F2A994A108EAA304E9FD4F,827,1170,RGB
1610,page-1610.png,291081,01470423437E91227A53AFC4862C4222CA9EFADA6B19D2871B0F2070F9C6FCA9,827,1170,RGB
1611,page-1611.png,232004,44E2D4EC8620744C542E13C0EA7A86001E09C83998411D959373ABB1EE1D06CE,827,1170,RGB
1612,page-1612.png,246094,04312625BC6A14570DB5B915FF351E16EDE12960A7A241BD285B0DC7A2B1AFA0,827,1170,RGB
1613,page-1613.png,285270,5B0AB1F616F52B8A8D689D46673F078DEDDDE48BB8DFF820A88DBB48B9B8587F,827,1170,RGB
1614,page-1614.png,229373,762B6E0F10298C1FB7C2EA4A2F93C29AC5C11FC8097D8A85761BABAA06327642,827,1170,RGB
1615,page-1615.png,263311,1D8ED09BF37AB0F9A4695C1C0334DB6B5BC8F7954BACF65EDE88B085F0F32D19,827,1170,RGB
1616,page-1616.png,236235,FB17F6B33EAB8B6B528BA9A15872923BA4414D833A1143299630C06F80439DA1,827,1170,RGB
1617,page-1617.png,294564,5B2A4DDAB0352E63686A7CDADEA4C31CC2364C699E231F7CC76D81FE59B9BE77,827,1170,RGB
1618,page-1618.png,283178,C219513DFEFCEE9C0B152D968E1D41560AA757D1E596357BC73D75002E762E53,827,1170,RGB
1619,page-1619.png,259345,0957FE5C393A17091458627D75F3D9B11FF741F470C3685C34E28C2ED7145095,827,1170,RGB
1620,page-1620.png,220374,B4202A42C06046725F026DE1CAFDABF9559ED8603A3B618A69924FDB0C36CC7C,827,1170,RGB
1621,page-1621.png,234019,4E930B494CE7FC6F621B5CDBC94ED93AF906282C78E54E8EF133A4B22A847959,827,1170,RGB
1622,page-1622.png,273021,DE9ACF63F95AF7BBD3A95E20D6409E9E50409E87649FB492846714F4F4DE23CF,827,1170,RGB
1623,page-1623.png,267040,4F70F3A4071D41F4AC79DBEB3E7B14D6E52F085BFBD0719AE93C60511EEAC589,827,1170,RGB
1624,page-1624.png,231611,44BCA2922878291935F87592DF44811C93F72866C64E43650D68BD706C707B50,827,1170,RGB
1625,page-1625.png,282299,6C457E2FCDA3C7389F08FB46C07170E929ED38B125C7C6A87C97B7E6AAC40642,827,1170,RGB
1626,page-1626.png,345547,017E85D4E22E1C22824B88D220014853DC02414E60B27AB42E5A9768FCE88FF5,827,1170,RGB
1627,page-1627.png,320277,72D01A9C6426E64BFD1133EF92B0C3B53B8840D4E70F8BE7D74548C6280DA267,827,1170,RGB
1628,page-1628.png,232598,2BD04FBD9D90C09EFD4365DE7573B222C1FF05BBA216C2988B437913A38E9FCE,827,1170,RGB
1629,page-1629.png,285108,8CC380EB064EE03D6E64B0215B7CDF6016BC64849CAB3B128E20AF82B3FEE8B6,827,1170,RGB
1630,page-1630.png,285220,61C1DECA205F1665E7104CDD76237B6A41480BC933F89510544BBA31D29456D3,827,1170,RGB
1631,page-1631.png,176065,69A1C4D7D52F7F7BE2E245BA8175CA0E0C40FD82895A081DFA516198192B68E2,827,1170,RGB
1632,page-1632.png,160866,EC38CBDA1F66D220CB59AD0F35FDEFCEE2F8F43254670117D35933CC8A37CC25,827,1170,RGB
1633,page-1633.png,170646,84DDB0CD756EEE58872C59E1245A70E2FC152FD8483272F361292CEC108FC26A,827,1170,RGB
1634,page-1634.png,244564,5D6890406400D455C6B0CFC54C74B5B36223395601A5554BA33DFD79D882586C,827,1170,RGB
1635,page-1635.png,219473,E0282BD0F0D0FE2CFB962D73ECCB240D1E356C48728C34D0C7B2546D1E04868D,827,1170,RGB
1636,page-1636.png,267815,C8577F994A777D4C9D2E0D9F5DCA0732B5872E3D3759C50CAF783BB3B7B673ED,827,1170,RGB
1637,page-1637.png,220668,746587FF66D30426C3424651A05DF121A45E25289E4DF52E5EF5840AD9FE9F62,827,1170,RGB
1638,page-1638.png,201654,1003197302BAC8AD69DB41FCE1642E83141D4EA604BFFC81D7BD9A264CFA950E,827,1170,RGB
1639,page-1639.png,264832,BC5D3057516E7720AAD74639C877CC239DF57A5F0DAE3E49805A1C01D2B4AEF7,827,1170,RGB
1640,page-1640.png,250756,94B0B3E30FBF992A3C841DCD4AB9F7CACD5917528EF5F795C058390875909350,827,1170,RGB
1641,page-1641.png,214990,C618CAC318AC3CE985AF510CAB9AEB877C9526CE37880325868E800C2F087C95,827,1170,RGB
1642,page-1642.png,301087,C121A0E2F367CBCC5F979149E23895D3A1FD3A5E3B0A967B5A554E94FE7015F4,827,1170,RGB
1643,page-1643.png,172875,3FF84AE41B3CBD7F109E490C4D5C58350293CA6E6966430373454F04B484156F,827,1170,RGB
1644,page-1644.png,243659,77C08342FF1C5D74F05506B210D4C7E92BEB24AF2728240FB6EABF63E0276633,827,1170,RGB
1645,page-1645.png,249314,394B3EEB48E135AE4AE7AA884B46F00CD52A0EA5DDA2F3A72D75077B633F762E,827,1170,RGB
1646,page-1646.png,251944,75C9CD4FA9168F38B0CD86F6660A605516A4813B22D8BF08C23095336FD2E054,827,1170,RGB
1647,page-1647.png,257436,E3DC5CDC6EDCED665EE921556D3FF40F48D34DAF42F4A0B47D78C4E1C370F0DF,827,1170,RGB
1648,page-1648.png,303277,D33D1E983D2FBFD8602A1817E7ECE279B08CDE3246629CF91793E313B2D0987C,827,1170,RGB
1649,page-1649.png,266808,BA8D3B3EE533349F0A303E80FEC754E71F0804790E9EF80E2178EC0E853DA71C,827,1170,RGB
1650,page-1650.png,305566,53C47B890C8706468F8F4A5FB197D4D1AF5EEFAF14B44AC1346FE14A7FA5B180,827,1170,RGB
1651,page-1651.png,279227,04260DFA8603FEE5D0AE84FEDAF9AF42E605BAE9DB0090B65AEE8197776E412B,827,1170,RGB
1652,page-1652.png,254006,469E243C3DEEBE13E0C12F89D8BB1E58196B314B6C51F0DA4DEAAA129A984964,827,1170,RGB
1653,page-1653.png,271261,8652DACE7DEE81262B5DE6EECDCDAC6F3AA983A397E5BAB44FFDB9C07BE9BD5C,827,1170,RGB
1654,page-1654.png,287181,AB607B4C357BE8BAEADB4436FFA1D17E0B08A5153B086A7DA2CE182D7693BE95,827,1170,RGB
1655,page-1655.png,271688,41D927ABBEBF4FBF0E3F0912F60CCA75AEA7549D4C6BB72F97308915639F23C4,827,1170,RGB
1656,page-1656.png,238450,66E02433195F9778E6FA300D1038BFA59C81CAEBE82ACFE3EF62937A4E431479,827,1170,RGB
1657,page-1657.png,262385,82E7E4F2A2C57D3AE9FED08A37EDEA37BDEB65AF9C28620F99884F99B3E87FFE,827,1170,RGB
1658,page-1658.png,264722,87F2DC8440A9EB315D8202A31B561C60A00625823C5201466FA63CA1300BD744,827,1170,RGB
1659,page-1659.png,255070,76CD14E2CA54C28318F01DA65916DCF360A1D94BD11218148D8D64CB1E7DF10B,827,1170,RGB
1660,page-1660.png,306973,FCFFDFA33069D46C43E28B72F37E0C66754E97077E685F658CED46586F19DDED,827,1170,RGB
1661,page-1661.png,331109,5213F9C0331529972790C1255BB22B6C2A9C5ED9BFFA0907886D25523C8FA207,827,1170,RGB
1662,page-1662.png,320731,815E63DA6DF83BEA5184DE17BBEAC35D5404F62382CE6F699F7B0436A21C3873,827,1170,RGB
1663,page-1663.png,286694,592F418CBFF54C0019F1990A2742E05054E451E2C8B4F54902DF13CA665604CE,827,1170,RGB
1664,page-1664.png,278509,F7AA8F6C7FF9E8FAFFB74DCB7F5FEDA5CE298EEE3C5116C4911E89CF1BA2CEF5,827,1170,RGB
1665,page-1665.png,307323,502E11384E113CC141285497603F1D34F2854C67BA48517DC293B2E3253A2A97,827,1170,RGB
1666,page-1666.png,293481,0954142FFC7F15D1DD676A3F780181A8B9D94F84CF5927E02B00F3093E804CD6,827,1170,RGB
1667,page-1667.png,331726,B9EF9C09DB9FB375B9971896F228D98427CF65A3B94A8257AAD5B1DE0CE1929D,827,1170,RGB
1668,page-1668.png,260295,6BBF2BAC759DE9810BDBF583367B9434DA21365EDD7F7F5F7602F259B971B5B5,827,1170,RGB
1669,page-1669.png,230154,D4C53FA3F367F0C472B3A800D8F3A14843C14CFD70B9AE75715A654EB1F62D60,827,1170,RGB
1670,page-1670.png,275736,226BBD5E4A67BDD4D4343E8B886521646298A7B4D5779520DF35D15AB789D696,827,1170,RGB
1671,page-1671.png,320405,8905825BD7ADD08C2E06FD265546FC63FE774F80494D1DBE63DBD1B75F1FA176,827,1170,RGB
1672,page-1672.png,251905,81DE7BF899CA315476651079957343B406EAE3CE5B20996AAD8370431064204C,827,1170,RGB
1673,page-1673.png,294981,DFCCCC98B93C8EEAC8184DFD163C2AA462AF482F5684C9AFCDB254714ED264BC,827,1170,RGB
1674,page-1674.png,257686,3C7820D0E50095C76C66C04012CFE3E92BD06BDB021B8DE9F0E7235716536928,827,1170,RGB
1675,page-1675.png,314291,7C22B5CAD2018D8CA419A647A88BCC73017A1943A96CB3236F79CA2B31FDC903,827,1170,RGB
1676,page-1676.png,337169,AE36754988FA22CB04A6F251E93BB1D3DC54B7F170F9A92838FEFEF9C887D654,827,1170,RGB
1677,page-1677.png,290058,3FFF8208F35B1750570A5E75D83844511440B8030496D5232FEC34292A62C654,827,1170,RGB
1678,page-1678.png,237046,F119E137ECD06D8B2A8E3E277002336048644E8C6964D05778E6333CC9577643,827,1170,RGB
1679,page-1679.png,299478,783E9239C802C975F88279B117194C850AC2E20B7F322B54FA679B0A2670D265,827,1170,RGB
1680,page-1680.png,266600,7D9E7469318EA4275E673608A0CD8E111990BFB209FE893E3FEB3C752B53BA36,827,1170,RGB
1681,page-1681.png,226425,AF1D3C150EDEC4458DC61FFD4C615F9C78DFF15C2D289F19B83456EE9C07FD3E,827,1170,RGB
1682,page-1682.png,233729,54875F1E5BAE183E7502DED1830E8D61FD76282D0BB8332E9C48DC012A41C36C,827,1170,RGB
1683,page-1683.png,224969,F29D40208A376871F585E7B57026FDC10A505CCC5382BD900218123406D0DE52,827,1170,RGB
1684,page-1684.png,229608,0576FB6FA4ED3A457826908DCEB72F14B26F9EE8C57599B0EDD3F25452C5FE7F,827,1170,RGB
1685,page-1685.png,295648,50B13E682FC2867C6755D059221B3C34119A2C5779878C75ECB4C7FE59C6D588,827,1170,RGB
1686,page-1686.png,238282,13975A316E7E2747A20D1539A4FB7A3FA185D5E4DC224205F11B9B1D61CE860E,827,1170,RGB
1687,page-1687.png,174624,45B2F98F997DF515CAD38589F22AEF7071F10E0A2FB6BD9B2AFFBC7F6054EDCA,827,1170,RGB
1688,page-1688.png,257357,0DD5C754359038D4A86AA145DE2D1C5572DF696DAC3C2A3D09816E53AA7D90EA,827,1170,RGB
1689,page-1689.png,229855,822354893A18469E307619F995234CBF73CBE4CE10991BF52A30BD75ABED0BD3,827,1170,RGB
1690,page-1690.png,238409,E372FD107C903F8C937C1411CBD2DE05810EE251F27EEC445F1CCCE96BAC1AEC,827,1170,RGB
1691,page-1691.png,231811,8942743D01A003392B0077B11334FFD5782D85A1E55AFEE4FD21BD0FCC567877,827,1170,RGB
1692,page-1692.png,253474,5D09C4093EFEF368751F2FC46EF6E7B4D80B6611F88ACC6296DE1F082017EE49,827,1170,RGB
1693,page-1693.png,244391,E33A565DC14CF8D83737DFEB0B0B35DFE4257ABD72D8C269DC9CB8130D3FA6CA,827,1170,RGB
1694,page-1694.png,267875,BAEB4EC9B71280DB4C848198FD49A680015B2D1D7B73AC7D5946C81D14ABD611,827,1170,RGB
1695,page-1695.png,223883,E04F3111131DFA40CA90C246E677A05D5EE51FBA8A7476D98093EC6D258D0DA6,827,1170,RGB
1696,page-1696.png,272747,0FB5B7D1FFBCF2FB55FCBCF33BFC5245E9A0DFA1F1D0335B81B18BBDB16781F3,827,1170,RGB
1697,page-1697.png,243182,054DB125776DE4D7811DEC4521E98648908BF3202C7FE09E39A081977E149E89,827,1170,RGB
1698,page-1698.png,232710,CCFAA8B045A6A3E7E9E7ADE0648422CF12DA227C831B2421BD6BCE77375C41B6,827,1170,RGB
1699,page-1699.png,308958,F17CFC51512CC471000B8043923ED857975C0224D2CB03DBFAC43A7DB98564E1,827,1170,RGB
1700,page-1700.png,246548,E0FB8E97B6CF164FC959426FCDC96488B1AF221CE478B8C2571F2A8C01D93809,827,1170,RGB
1701,page-1701.png,230460,6F3CCB9FA5D7E6E09201B8AF4009EFED3F986DCCE8DDAECA790A12C8D4A63743,827,1170,RGB
1702,page-1702.png,275432,1ADD2F9ED89A38C28D97925BDA65E796B7E96D5957F435242A2F3309DD34BE68,827,1170,RGB
1703,page-1703.png,285207,7730F5AE60B9828D4B1FCEE7BA993BEAB27B8B0EA05332576C203F8DAFF07771,827,1170,RGB
1704,page-1704.png,255381,67E3B14EBC3D13F033E26E3D9D9B2FBB588CA3A287E1F79123F3448838F998DA,827,1170,RGB
1705,page-1705.png,233477,88FE2E546E9A5213B00C8E09328A201698574E2B48313B3B9B16D69854263906,827,1170,RGB
1706,page-1706.png,214391,CBF9D1B7ABC5530F796AAD0578A3565DEFFE105195BC5150D2F298C432459F5F,827,1170,RGB
1707,page-1707.png,217080,D71A120495D80121866A49FE6B972100430A245A0964EE0A5CE33A143A9C486F,827,1170,RGB
1708,page-1708.png,221520,9EBF3EC87844A2641AA1779F21C32B58437FDAEF7D2FC60681262D783E2968BE,827,1170,RGB
1709,page-1709.png,178563,00C2CAC98808E5C42647046CBB4B9E15EA22FB00C9F84DBD2D69FEA207DC14AB,827,1170,RGB
1710,page-1710.png,197001,16AF8935A8EA00C6CFEABC916A68B0BC37DEC75B95690B551AEBDF13AA3B2EBF,827,1170,RGB
1711,page-1711.png,158101,F18C3E122A62A2B5B5DE0F1C04B823C498BB45F66E17E50BEE0880CCF8B8F08F,827,1170,RGB
1712,page-1712.png,155409,3B14899834C7BF1C592129E3CDE444CBD8D887EB2F8786610D92C4EF2B2CF2E2,827,1170,RGB
1713,page-1713.png,199081,0648FD7D9F1232F6A35E5B433875C2CA6900DDFDF833F0800695ECD9B407B633,827,1170,RGB
1714,page-1714.png,189443,32AAA5FA266446E91B0CA9FD3F75BCB5C53C7DEFA77986A54C6628DDDAAA0F43,827,1170,RGB
1715,page-1715.png,187313,F70E382DA8B7434053D18E7D6924F41205F1F00C3D997E9E8134CF28B4E843BD,827,1170,RGB
1716,page-1716.png,260739,A8C1BE21C8E044A0CA1700CB45983149B0ABC70BFD3582E61277DA230269EB9E,827,1170,RGB
1717,page-1717.png,245401,079B7B26AE6984F8CF9068ED362D8ACDA4E3D01E37306EF740FD18455FF1E737,827,1170,RGB
1718,page-1718.png,222084,84228C2B269AFF635B7F5DAD7DD1652808351C5285F3BA2D5959C1E292355A25,827,1170,RGB
1719,page-1719.png,225607,478541DE4B20529702D17DFC1C216E3069F76BF0B5183C2B9B8BD592408F873D,827,1170,RGB
1720,page-1720.png,268244,0163C6524289FBC0EBB836F6FCE1C6AE4623472FD2E8CE6B4CF9184CD243CDFC,827,1170,RGB
1721,page-1721.png,248166,F9F8C40475C609E45739BEB9DA0C2ED011AF1CF538F9DAF8AC7C9A4AF83DC7DD,827,1170,RGB
1722,page-1722.png,256779,92F9545EDB3422FEA8B7BCF56338977771A8DFE6732894EC02EBA390CB7BF677,827,1170,RGB
1723,page-1723.png,280287,E7C68A0A361A1C6A41040772AEB72F1D75EE977D69646A094A410A23987BC42F,827,1170,RGB
1724,page-1724.png,241347,098D8C8A670D0B1C430E8FC7FE4C9D1B2F0FCBB7BA9817F250642CA1B81B136E,827,1170,RGB
1725,page-1725.png,297741,2DD195DAEE69E2FAB805EEB51B0C30914A56CBE892E90F0C9CCEE649DB799A3A,827,1170,RGB
1726,page-1726.png,271886,1DCDF64720A2C5C14CF78BC1B6D698700CAA488DFBE0684BE9879D0B296C07CA,827,1170,RGB
1727,page-1727.png,288750,B1B5B6C57FD04ED5FAF49F8DC6397FF0E3FA360B5C4835C0E9A26B59C026A1FB,827,1170,RGB
1728,page-1728.png,277055,97349FD4A50F346C25450D0A5B8CE87AD3F036857C16145BF0D7F1ABF49E321D,827,1170,RGB
1729,page-1729.png,323062,A3B5025B9B3E99F20C11C3AFDB760C3B59E681367C36CBB287EDBA36A427BFD8,827,1170,RGB
1730,page-1730.png,300084,A5DF88EEC6B95B5968EDAE1B23A184AEDE56746BBD0A4F36701F00B8E97AEB1F,827,1170,RGB
1731,page-1731.png,293320,01BE6954ED4955578E6A61E44BA01272A7297E25B35B953B3EB423F8E367E35B,827,1170,RGB
1732,page-1732.png,320012,31212456FC7E6ACF851DD2D03A077AF2666B773C6B04D925D691F2CA4E7E6607,827,1170,RGB
1733,page-1733.png,228410,1450F72751B6B3E7D2915C18A0AB17BED9C3D2C1440E94C46766A08C7E83B10B,827,1170,RGB
1734,page-1734.png,293846,6E69311408189D288C6459DD3EAA2D824FC214765BB01366A18870CF5422824B,827,1170,RGB
1735,page-1735.png,235682,605F906DE92016DC19868F3C342F478F3FD5FAE6049B901B11B5E588AEA408E3,827,1170,RGB
1736,page-1736.png,290625,4667121A16BC3334386A7C4E1CBE738FA6C99F4C04877A19F9A2B8A6A96890F4,827,1170,RGB
1737,page-1737.png,299254,AD3A40333C99406EA4C67D5087C0A43D76489C190F0E2347B33ABC272BF917AD,827,1170,RGB
1738,page-1738.png,72883,CF068E35B4DFE2A20AAD5E88E5836C8E86625934ADC0A3D2017B00FF9F27297E,827,1170,RGB
1739,page-1739.png,194527,5BB715AE6B1F69F1A858DE60A82CBE15685BCCA1BD3CE040E52064F1727F7BF5,827,1170,RGB
1740,page-1740.png,271496,1F9BA1F028FD657C0E9687E05447D83EA0BE715625E8CFE6F4ABB7729A5A4C6C,827,1170,RGB
1741,page-1741.png,188304,C0B927CEEA43FEC54E4EDEBBF9C68AE33A124C220BB917771AAC7C9E367F8720,827,1170,RGB
1742,page-1742.png,276299,D63E06AF23069E7376AAAE490CC3CD69B2D525ACD04205E02E9EA93F26C504B0,827,1170,RGB
1743,page-1743.png,205732,6A28F723618545F4A8DB4C18F59B9084560A5E8F800B85F4A6630DCA8564B7F0,827,1170,RGB
1744,page-1744.png,281333,E266A8877653652E25B0737DD9135DAFA9FAA47DC89768511F63706CE296CA3D,827,1170,RGB
1745,page-1745.png,244420,154FB1D5BCB831BC2D1E24B9C05082C495CC07607D7BB87C2E47F75AF597EBFF,827,1170,RGB
1746,page-1746.png,278675,ABDEB2E9F609B9B29E36A2CAD26A0C3E5DE87ACEB08B222C31F0509519333DBA,827,1170,RGB
1747,page-1747.png,300283,96B531EA72887D081FD99D5EF23AB712E8A8D4AD85B91501F2567F60F7BF71E2,827,1170,RGB
1748,page-1748.png,266012,C072E67CD8E0E70E182E8D03527B3FA6355D5280432E409B73335BF1DC3491DD,827,1170,RGB
1749,page-1749.png,307313,9A262F2B311EDE0411D56AFF001F27B12D17F9544AD7AB7DEA8B4F9BC77EAAD2,827,1170,RGB
1750,page-1750.png,310318,C2972CD4C16F877BCD061F1302FC6E4B5DFBF377BE86F470AB47CA85934BECD8,827,1170,RGB
1751,page-1751.png,308706,657FFE45C72B6EE289793996847542F6413815CE2104613873332572BC6C6BD2,827,1170,RGB
1752,page-1752.png,286455,7A21415FFD017AD654979A9BED105E65FB4388FF1CE84870C17A6D2BCB74795B,827,1170,RGB
1753,page-1753.png,316385,E081C701BAD53A931BACEE8F91AB4720042F6420D6151B6B7D88518531EAC34D,827,1170,RGB
1754,page-1754.png,258764,7B27F01729E780BF0E9A7FC677414387105AE83B277B44756DD24A6EA005E6B4,827,1170,RGB
1755,page-1755.png,308470,0C717C4B906DB427CF1C4D03A43429A3C06F230187B15D4EDF066B45D4018A18,827,1170,RGB
1756,page-1756.png,331657,5A474FFC777BE35D01E9026B8D7467ECB020D69D5E6145802AE2D6CC7F84A679,827,1170,RGB
1757,page-1757.png,293273,B8417E4326C332456381017EC9C92879FE82F9B63BA6FAC0DF0156312B6DA42A,827,1170,RGB
1758,page-1758.png,313472,E81250C8336312E9F830122D1F6C1DF96606FA0BCD102FA7AF99B408ED79DF5A,827,1170,RGB
1759,page-1759.png,344895,600F9680A89A8252B1B4690F789D26016F3A2D9A7A958DF90BC187EDAA7900BE,827,1170,RGB
1760,page-1760.png,283151,1EE49A63E83F0FE94F5ECB2B655E288752E2B2F285F58E4972FDFE51CC650C10,827,1170,RGB
1761,page-1761.png,242821,2712F5C3D57475FAC4265277244D1489ACFC77489D5AC8DC253388969F044623,827,1170,RGB
1762,page-1762.png,223300,093EB8255FA2DBEBBF9E290A4FE02CE66F70C44C61447C983ECF7CC22D016990,827,1170,RGB
1763,page-1763.png,94043,3316B4D77A172CF4D2C816B7AAB4DC06E681DECC3AF2E42136C2B8231DE1CF49,827,1170,RGB
1764,page-1764.png,195851,6DA733F4B843C1C0DEB26B348982D74511422D34A409DDD2114E2EFBFBAABF93,827,1170,RGB
1765,page-1765.png,270339,C7533DB000E1AD38ED0EF2A228C47886AC39910DBA24EF30E78E3FBD8872F1D2,827,1170,RGB
1766,page-1766.png,227765,269D9098E9C4FF415AB6E19E946A553BA9A85F2AE47DC8D33CCBDDD028EECDFE,827,1170,RGB
1767,page-1767.png,205786,54266E3AD30A0C7DE22CBF57EABD61266EC5767DCCACA41F286EDBF5E6B91322,827,1170,RGB
1768,page-1768.png,250835,2B57C2A3EDD47D21BC2F34B2325AB782113C0F3A5ED4DED783C65EF933C3A700,827,1170,RGB
1769,page-1769.png,205401,C25501318AF9DD1E356A7C687CDD964D284D7A5846856B8FE3ABEE651EAC25D8,827,1170,RGB
1770,page-1770.png,199869,C309F8BE21DDE48198CE48156BC695C4480BFFD72821F448BA5EA8499E3B571A,827,1170,RGB
1771,page-1771.png,233733,7349002426239372D8C593FB2AB5B1A81DD1501D4EBC61EEF7ACCFAE2D766A40,827,1170,RGB
1772,page-1772.png,261858,BF5A9A05DC3724180BEEED7622780E0A8D52B2D40121DCE9E17DB90706665B75,827,1170,RGB
1773,page-1773.png,255635,979B44092A761FA774E962B0E447C6ED172CA932BF0266870321E77CA33B36B8,827,1170,RGB
1774,page-1774.png,233809,E226936F5212DB7E164B03DB8BF8ED966C998D9784D9F4FAF9E153B8DDF8BA28,827,1170,RGB
1775,page-1775.png,207593,42825C887D7124E36AD4D9BF2D4F6473515CC6B0105818E3F46B64C9E56E59C5,827,1170,RGB
1776,page-1776.png,241363,5E7332D153FBCF0A732F0219983CB400714207B829CD411F8E09566FC9A4AD95,827,1170,RGB
1777,page-1777.png,289848,530727DF9650B90F8376CE929AFA05A30D99F6BA1942C48F88C0032FE327E3B7,827,1170,RGB
1778,page-1778.png,232386,A0C4D8B0B3284079D526F43E3B4AC357324B8D9A9F73241936AA05057BFD8A88,827,1170,RGB
1779,page-1779.png,247197,2E85FCC36791ABB2578BD1EE2606AE08955FAAC557B3906DF76F3967550FD3BE,827,1170,RGB
1780,page-1780.png,257018,C88BFB387C7ADEC69CB77E12DF47B26942FD2A29E384A4E9016C804C6D29F513,827,1170,RGB
1781,page-1781.png,224117,68F9FEA1590F5B7BF82CE4730E4433A5AF822870579C5A349509407011C2E91B,827,1170,RGB
1782,page-1782.png,278706,9546AF0D7CCDC2926C9DFFC95C3312109E73575DA2FBE008EAD246786AA6B743,827,1170,RGB
1783,page-1783.png,279608,0EA3F45F9DD5BB3B7AADE5D5C37FB353039A1DB1D05635F181B38BC92D7A7055,827,1170,RGB
1784,page-1784.png,253871,9A6B093D7991169A3F9AB241831B0292D42CF9B9C5E7343DBACAD73AA6CE071E,827,1170,RGB
1785,page-1785.png,247175,82D8168D410F3BACC0AB665FEEABAFC577D0CEF5279B85AC3EF2DE091342B3BE,827,1170,RGB
1786,page-1786.png,214222,E0447C3D6A0DDF492FB74EE55AFC76FA4EA220F75CEF13A27439A5560923305B,827,1170,RGB
1787,page-1787.png,239297,4277E88C2755A05BC06790FBE90EFDF5D9C00BCBB90FF99378BB7867436D33E8,827,1170,RGB
1788,page-1788.png,258475,EA9071B88CA68B37C26714B88504AF9F3289B1A93995557A22465D412952938E,827,1170,RGB
1789,page-1789.png,235428,B9EA7B15E172BB00E7BF5F642F866037744584311CCBC1C8FE3BD060E3097F77,827,1170,RGB
1790,page-1790.png,240729,1E76155D89856BE918A57A24E056D711185BBDC9C92CAF03E340239090ADF1FE,827,1170,RGB
1791,page-1791.png,265472,0FF2650C60D9FA8070A6875E108E0A10CC883B2F1B2C33196B0B74607211F52B,827,1170,RGB
1792,page-1792.png,236479,C651E27A59439C84609EE3F21A8A95F502D066FF672C48798CFD8B230E3F03EC,827,1170,RGB
1793,page-1793.png,264062,11D71E87996B1606AD6D85936B2C59E6C1A6D90726628B33CFE9CD6B87A5D5C4,827,1170,RGB
1794,page-1794.png,296374,EF23E684F904E907F962A56C2BE54F29E7549EB054AA6EA2053B6236662D3E54,827,1170,RGB
1795,page-1795.png,283762,72042CE72BE3ECCD4AC368309F5E616ED75C21E4A190AC384866DEE40B04DAD6,827,1170,RGB
1796,page-1796.png,239946,82644BD31ACE9DB7A0147C3256E6E81021ECCF0835B83C3411B48FD59C67F7D6,827,1170,RGB
1797,page-1797.png,272559,E055BD2E89C29AE4E2A7F965A3CF604B0AA3A6A122C1C7219EE2CC61B22C31A4,827,1170,RGB
1798,page-1798.png,313763,2490040C4A216958C53B161E58744B22056FA93E64FF16170BD52E7E4481F9F9,827,1170,RGB
1799,page-1799.png,250550,E0F2C8AD4DE27D1B5A0AC511578FE8C0DFF4535F09874396F9DAEF643883C05B,827,1170,RGB
1800,page-1800.png,195888,C05FFBA3135CE12053771D1C706C42C439A5E3418B55BC8252D4637CD206B18B,827,1170,RGB
1801,page-1801.png,259020,6B6A09652C4B7911854596C37F26EF4479CDA21DB6AFE311C6530D3F1881C659,827,1170,RGB
1802,page-1802.png,236274,AC12D5E3D0127B25B633ADD3FF9895830B732DB5E4CD7718CF60A09C342B1C1D,827,1170,RGB
1803,page-1803.png,252745,25DF864FE8CD2DC2E64F9C7E94B4BD81A78DEE997663DA97B8D0EFDF07ED793A,827,1170,RGB
1804,page-1804.png,276388,4A054C8F91266993F51885F31C56A070897887EF9C58B424AEF1FCCA12583EDC,827,1170,RGB
1805,page-1805.png,207962,22AB523B169D058EF0612C95C65D75694B496B1EAAF3B4FB7E5E0FB0C22EE3F2,827,1170,RGB
1806,page-1806.png,202617,D16B966EA6FE5ECBF83CBED0D2818C585DA7FA0C2C3C6EEA71549C12849DC4D0,827,1170,RGB
1807,page-1807.png,287022,F831E0CE4FA4F9C4963DB4F361F6EEC757FC6BACE3D4B0A983345C4619D147F6,827,1170,RGB
1808,page-1808.png,247151,769EF09C5D211AC0EB59C74ADD987B10A5BEB4F67F5A4F284A68D19D690D0792,827,1170,RGB
1809,page-1809.png,268755,4DA96930F2F7025864CDF6A12765492AB40BF1707D6F119DFA9EC4D1C61D07B8,827,1170,RGB
1810,page-1810.png,259782,9F34456D69331ADCBF874383ECFA0509F3AF2034AD4376E382FD323DDC9460EC,827,1170,RGB
1811,page-1811.png,233229,A7543515360AD8F6CCE140AE1200168335601E4587B1631AEBF32137541BFE72,827,1170,RGB
1812,page-1812.png,244368,363FC215F4F6B1F64075996C59C89B4B0B11E07739731347EAF63FCE48C64228,827,1170,RGB
1813,page-1813.png,268377,BB119C9998BBFA0D75CB25309336638236AD75E5FDD83ADDCCE0B06E0F09D17A,827,1170,RGB
1814,page-1814.png,265752,DB6CA265DFE7B39514A8B5340567E2142B551B812E7E2332D470C785EA9F05C6,827,1170,RGB
1815,page-1815.png,289289,73159CFDCD8F4ADC6F580764A506C2A17493AB6D94C698A047E888B4752E89AA,827,1170,RGB
1816,page-1816.png,297817,3AFA9D6286F2CF409A8FE807973FD187C8C24850F3848EB5F848C1AD395ED468,827,1170,RGB
1817,page-1817.png,242843,1C508F67EFF92223BEF75A16D02C11C6E3E05A8BA1447C269AF032570C7B4E71,827,1170,RGB
1818,page-1818.png,213077,2A5BC344932CFEDEC588A1097BB2457D1C6C48DA8CEFC4BEF5DD5E269B99BBC5,827,1170,RGB
1819,page-1819.png,289647,D7FA5E3FB03C156F5A89BC0A2F71573E72E1697F75EADE0159A19143368DA400,827,1170,RGB
1820,page-1820.png,268604,5FD463C20775D6C15B2663C487C5D399F7BDB11D3CFD0DA3936FCD5605C1AB0E,827,1170,RGB
1821,page-1821.png,210058,148075EA0D6F6DD814012C7F9100686BB8ABCCBA26EFD3E84FB9C0E96CBDE20E,827,1170,RGB
1822,page-1822.png,230516,913613E56EB279E8BAA4299AFC74BE6CAAA7B389E74179B80DAACE1AAE488A66,827,1170,RGB
1823,page-1823.png,256948,BBB597E5766A24133B22BBDD591E41D33854380A314B08592535E40F7BAB5F86,827,1170,RGB
1824,page-1824.png,250447,838C56C758B8966FF1374268318DF6AF8D3DDFDAF6FF6E7EDFD5DDD89878CC9F,827,1170,RGB
1825,page-1825.png,230284,5E1DE95BB0FFC0D0E41DAAD702636815DFDDE813463536D33435F092071A1434,827,1170,RGB
1826,page-1826.png,261657,9449975B6D15CA2090F7FB563FAF7DD1708F5991F4003A7ECC597321EE71E243,827,1170,RGB
1827,page-1827.png,398587,F8BEA46F1E7138C67F451115507A17AE5B4FB4D8AB6CC86A1DD69332C6ED96F7,827,1170,RGB
1828,page-1828.png,380839,1473FA64CBDAB7B6F7348DAC4F997A7FF98E777F21AF20D436486C10EE576CD6,827,1170,RGB
1829,page-1829.png,292316,7E5EAD6CF4E140F95FC216C5433ECD36D1967E0CC63D37443379D0806560BB40,827,1170,RGB
1830,page-1830.png,310442,D143667247B0FAF9B4079568EA3396995232431DE6FD59709622CC757354E6C7,827,1170,RGB
1831,page-1831.png,277211,F037F91F029FFF0FAC0CDF72D4A10C1690FC60483E2458563BD7EC5F58B9ABE1,827,1170,RGB
1832,page-1832.png,324952,D803CF6C22095425ACCE4BA30E4F8C6A0CBA0ED50E02CC3ABCA95B9A397874C7,827,1170,RGB
1833,page-1833.png,339890,A0FB963F5D0B2324E99BADDC4C68E28F743F3751A4194ECF9EDB9E1EE1AA9125,827,1170,RGB
1834,page-1834.png,214478,12B29B842151FDB8C3D8D62A5C753B9A2C6EE73880B19355C983FF96B63868A9,827,1170,RGB
1835,page-1835.png,315000,D2ADD22D28E75A80386B3ADC4EE3C6973187F7882B33F230CEB7A5B2CBB8FCC1,827,1170,RGB
1836,page-1836.png,278465,12361E3D4C46343286EBC19F8B50B09CA6BC2B3E2E78A64845C2F503BE33D540,827,1170,RGB
1837,page-1837.png,231718,03F1BD5AC733D970F26A492719F3DB7D15663F4A9371B5DC481FCB8DD991136E,827,1170,RGB
1838,page-1838.png,336018,9EC8F2787E1D83885E0F85F7E1B0BD36B003BB3C3CE48BE8DA8C154A421B4620,827,1170,RGB
1839,page-1839.png,278101,F7854CF2428777BA91C7394F297DA157B0A51ECC58F0D426A85CF1E4BB878461,827,1170,RGB
1840,page-1840.png,282354,2B03C8BB1D2940F6C3E373A99305DE11DD13DA4FFB3A8B82968E7BBE0BB7DFCE,827,1170,RGB
1841,page-1841.png,295644,3D5A43C796419888E1195FBDAA401A5046084B880F013E33371756CAE494560B,827,1170,RGB
1842,page-1842.png,349734,713E1FAFA2F461A44DC29D66738D3A0617A8615B6D5AB7F5D1BD45848DC28FDA,827,1170,RGB
1843,page-1843.png,310896,577726359EE101CE15B0D0010A5671AACE30E40B8A47487839969C04C6DA0A92,827,1170,RGB
1844,page-1844.png,271703,55D51506D963ADE4789CD6A08AAF6DF3567DCA44341F51D2C7F13280FB774018,827,1170,RGB
1845,page-1845.png,299838,4F0DC56891B73640FF1C067E6CB9F1C38D11604FD7922593963DAC23D3A32AC1,827,1170,RGB
1846,page-1846.png,301433,9EF8F16BD786791F1764723545903836697ED8CEA0230EB4783169CBAD97B21E,827,1170,RGB
1847,page-1847.png,351003,926ABBF21043FDBE3C9C7D74EBBA84E1C1C4F577DF417C03C29CAC8DBC72E440,827,1170,RGB
1848,page-1848.png,371930,E2FA9CAAD150A562CE91AC5947E42DD5678C9EDE0970BE11EE77BDEE0195A8F8,827,1170,RGB
1849,page-1849.png,375657,37A48949C2E711E730BE3DAEE1CF774DBB2D0CDF792DB66121C77B88F674F221,827,1170,RGB
1850,page-1850.png,332446,9CD6542DBD0C0A90E5A8A93030DB882C01D19324BA5504552375CE44F601DFA6,827,1170,RGB
1851,page-1851.png,275736,883687946F557B9EA0D7AF3EB9DBE85DD0E8AA7F4CA14CEAE075ECF1F1AF64F4,827,1170,RGB
1852,page-1852.png,214425,B6A398913AA51559EABE1401416AF7C4DD0C9C304B67CD84328653D40C98FA87,827,1170,RGB
1853,page-1853.png,262298,47BAA42D9A544C5BA3A4D8B0E88B60B724569528D6FBC5AEBA30528C87D33D86,827,1170,RGB
1854,page-1854.png,344253,9DC3C76ECF923999D09DDC2C9A9E1337C9FEC7ECEAEAA53AF84A04337DD46C3A,827,1170,RGB
1855,page-1855.png,370010,8842BFE1FCFDC9DC0257544FB6B2D52649860378F05EE57730F342F77B8502C7,827,1170,RGB
1856,page-1856.png,265021,6D34827CBBFC9837DBCEB6CBAEC2FC949BB08C49A1950C6DB82593EA6EA7BA4A,827,1170,RGB
1857,page-1857.png,273044,FA4C8E5558448493C39C5263217952BD2FF9B6EA492AB44F89FCD5272D054185,827,1170,RGB
1858,page-1858.png,275173,B70DD32D1A1051C92A3EF092D969F295EA057F8C3F216DAD2D83843EA5230FD2,827,1170,RGB
1859,page-1859.png,276246,BE1A60FF51EFF58AA7FFFF1BDC48B74491F7944E0F33C61D41012187A123AE1D,827,1170,RGB
1860,page-1860.png,289573,BB75AA932B4CB6817B5BDBC7F045E51194B18565965D3230860CD8E4C7F08919,827,1170,RGB
1861,page-1861.png,307269,89EDFDDA066A51DB4BC2E1A22C47CF7E67262A794F7CD0B8AC924B12ED5993DA,827,1170,RGB
1862,page-1862.png,307841,C58ADED3F806BE3110B130AACB0A136B9C403ACB7894B166D38EC724FE28BBE8,827,1170,RGB
1863,page-1863.png,228609,7A1AE8F6989F68B8362EEB8DA23AC1AEBD6785F22680B179136FD0F6A0EA3019,827,1170,RGB
1864,page-1864.png,286113,3E7F941F4BE7B871886F1A4776E62D045917A4C711EE9639522D284B372A63DF,827,1170,RGB
1865,page-1865.png,301710,42880B413071D2731BDBBB7309F40DC93895C3D1E9C51E2372C455903E1C381A,827,1170,RGB
1866,page-1866.png,302943,CCA616869D2CAC2E0ED866074DFC07B80706BA45DDFC099BFA8EF1785312D54A,827,1170,RGB
1867,page-1867.png,266531,07486D4864DCCF3E9BB9CD24B4274BEAD98570E63FC6E8127CC3A65D7DD12841,827,1170,RGB
1868,page-1868.png,314533,BF272473F6782D14501064B34E181CFD90DD1103DAA62A4148E071337F373706,827,1170,RGB
1869,page-1869.png,273510,1C45D5C9B05F2DBD8338B172C125362C5045D413A58329A71A1A9911D5C360E4,827,1170,RGB
1870,page-1870.png,88159,01681843399C74C83DFEDE8EE453D4F6A2350E2A5F9F772AB193C91E0567089B,827,1170,RGB
1871,page-1871.png,262652,4A5034AA82763796766D1C39DA53A5C78D8576DB67DB0C40CC442AEB703E2BAE,827,1170,RGB
1872,page-1872.png,257391,21BB51BEBBD9CAE66153E97045228EBCD399CD549BD1AFD813E60EC43EA3F945,827,1170,RGB
1873,page-1873.png,264734,58CA555EE466D34A11F83CA52CDA422E4BF92C9A9EDA6007CCECFEE4BF4058DC,827,1170,RGB
1874,page-1874.png,242054,A8B86B1C2295912BE8E87CC848876A3A3A587CA183DD756C6126124219C874B5,827,1170,RGB
1875,page-1875.png,308789,87BFE5B7FAB771D6498ECF31ACACDF0AF3593E5A463CBEF8F466F705B87F6A55,827,1170,RGB
1876,page-1876.png,246317,AEAE0CD4A30FA66C7AF00BB5499CF805138ABD08F45472B2872552578FA92F66,827,1170,RGB
1877,page-1877.png,210295,8CFC21D40255C409F5F3270DC0FD68B65A1EF86EDC37EB2B605EBDFBDFC6819B,827,1170,RGB
1878,page-1878.png,310630,B6DF54F9F4AC2BE3B4EC637F414981628A991563BFCDB36FA1BBF1746CF5C625,827,1170,RGB
1879,page-1879.png,309896,9C5FA88F78686F1F70B057BA8D80455CDC08235647262281F24267DD2A773FD5,827,1170,RGB
1880,page-1880.png,311105,1AD4BDF0F40C4E1A228F0E3173B3622612679275E74057FDF163005D643E3CE4,827,1170,RGB
1881,page-1881.png,298686,0CDC9DC888744A8B291210DBE9DA94E25D842DCF631616C72C64286A53F9F561,827,1170,RGB
1882,page-1882.png,342131,1E83111BE31B723853BCAC55E215AEB35302BD4FEF87D1D6D881ACB0BB23A10E,827,1170,RGB
1883,page-1883.png,228378,DCF3AA17494FE8D0754EB3869BD6F98E71B0ACFD421A916634284D440392E588,827,1170,RGB
1884,page-1884.png,221875,9F949A50DB34F0BEF16E4800891B15A6BF4704CEB513E7126D7CD81D570CCAC5,827,1170,RGB
1885,page-1885.png,318825,5398BC34E656A86660C6CC652088FF39D66F32B647A2E58D097E473D6FB4869C,827,1170,RGB
1886,page-1886.png,276748,D4C65C3495847671C37BBC644B73C9EB5DADA622A1F0C811FF1FBFBFD4DD6FF7,827,1170,RGB
1887,page-1887.png,241230,BFCAC61DB7E68B479DD55E9EBC42B2E86FB6B746B1E67BF2919CDCD434A1BD71,827,1170,RGB
1888,page-1888.png,284010,EFAD1AAF7278BBE67163F611FCA7757E763868C1B025D4733F3D900F5E0CAD94,827,1170,RGB
1889,page-1889.png,260519,4FD6F4CC531FC092EEAE5511C41E1B290830FB7F07BE1E2EB83216793B31F224,827,1170,RGB
1890,page-1890.png,336934,49F0ECFE56E597129159396733C3222E9B3DAABE7A91A509C11F2F8C7BE96118,827,1170,RGB
1891,page-1891.png,317878,8B9A0F1631D1AD83119487AF79EDDCEC10BC6A03FAFCA912265EB6A4F888B865,827,1170,RGB
1892,page-1892.png,247428,AE7FC36B44B6A5743751056C0A0DE1C1BDE1CA800A2526343CEABD8E6D3745B7,827,1170,RGB
1893,page-1893.png,275889,B39BD17E64D94C5D93271A338DD5857C1B4C5EDA86A205451D0F909499887928,827,1170,RGB
1894,page-1894.png,246035,7B2575C044193492CDE8650A9CD6C2910B1C86CFF7FA19A59BC4669C626D1B9A,827,1170,RGB
1895,page-1895.png,218854,CC0BEA6A1C696F9415C9A22631738E1E90311BF38F96F190D751145690797A60,827,1170,RGB
1896,page-1896.png,315408,C90B4216E50F6EC1E59028CC69AC6C885FB9046FCC0B415CDA026AF5D57C6CF7,827,1170,RGB
1897,page-1897.png,261702,02FA7228A05E21AD516030F288D2F0640B28186A13229166FADDDC805A904D16,827,1170,RGB
1898,page-1898.png,296841,19ADB94D045BC20BED108A5A4ED6B7E8D5FE10EC5D02784770AFFF72A812611A,827,1170,RGB
1899,page-1899.png,362710,C4C07B665670D47D3C7B503D25068D36464A149B961BD6F31BEAC6D40A20B5D3,827,1170,RGB
1900,page-1900.png,326160,8E479C2DCEB582C6B4B72CACD3E37F34409F9B05AF901B8E04943363AD9EAE6C,827,1170,RGB
1901,page-1901.png,308093,1A8A59BFCB338BEF77825B213D25398A0CFBBF2459943589D29FA14EBF222A27,827,1170,RGB
1902,page-1902.png,308117,1FFFB87353BF4BE50B4D5A3373611B0155FEC4B360983F674DEFA6B41ED315CE,827,1170,RGB
1903,page-1903.png,234519,98B667F28142E2497CC1593FE34691C38D8889867D37E322655342842FBCF296,827,1170,RGB
1904,page-1904.png,189571,F7520CA8F49EF8DD84E1A9A0C450234F0738DFDEF0CDC06A86FB199A33B84ED3,827,1170,RGB
1905,page-1905.png,202779,B752FA3E6FA4A21EF0AA2054D41C483FF43EF513BFF345EC163C15EF4A6DA39D,827,1170,RGB
1906,page-1906.png,275320,84E99099CFEC49934BD09C7D87503EFC851181CA8463CA7A5B4BB64FAD9AD529,827,1170,RGB
1907,page-1907.png,243756,8AFE093C8A88B35587462575B30A6A5C1E124A11BBE12D2750A2B0E80B5A43AA,827,1170,RGB
1908,page-1908.png,302529,7DE2FA6FA454A8373353F0926DD7CE82E3BA05F79EB7DCE44D50D6ABFC04D06A,827,1170,RGB
1909,page-1909.png,221100,E6BAB832B15EB750B19BD84609D9729FB20B85B1E5289F2FA5A06280DDA74C8D,827,1170,RGB
1910,page-1910.png,279418,1C6B374B8D6E501E116B4A82F44395C6B9527F7F2A2609513F96B6D7EED77EED,827,1170,RGB
1911,page-1911.png,336013,5F0B9BDABE8B20550E3D47FE1778C2484D8CF4049323EFFCFA58A87761607807,827,1170,RGB
1912,page-1912.png,279380,545932C043921405A99EAEE9B9F3ABD11E3A993771981AF3F1B1E5BF5D60BD1A,827,1170,RGB
1913,page-1913.png,344518,20D21B2609C27223541DE97BD4DCEC339F21FB80924CDDA1D3EE3EF6339A9909,827,1170,RGB
1914,page-1914.png,341555,6953BB7828BE4BB6F9BA77E103018DFE4DEC468AFE87234397EB45F6B3304AE7,827,1170,RGB
1915,page-1915.png,344681,B36137757A6CE0060FCEC7473CE97B46F17EE39C72F54051AEFE006800E319EA,827,1170,RGB
1916,page-1916.png,295724,B2EA22B03245A1F12B152905AA2FE39DB3B50759357639828D1F489D2B4D43A1,827,1170,RGB
1917,page-1917.png,325010,19676C4BD5DC8B446CF6866B99E99A20306C487DD7BC834FE5E8B1579C13056B,827,1170,RGB
1918,page-1918.png,257942,0D46D918FF68A9E96F49D92DAB602E9ADB3FA5D2AC0C94CD007F6A19A39CF8E0,827,1170,RGB
1919,page-1919.png,323224,AD84E94CD2FCA94B1AA43CFE9DCEEC8AB17A4D201E155203231432F69D3833DA,827,1170,RGB
1920,page-1920.png,279186,D614631195DAE6BC82DB8A063DA44EBEB3C2FF5987E0977AD8830F3193F62F08,827,1170,RGB
1921,page-1921.png,303930,09D5BFE76E9C88B01A6678D08858ABEA80BDD3DE5EA9C86C3D24F44920197C51,827,1170,RGB
1922,page-1922.png,356252,3849BD8477706205A48500FB1E9F027FE6EF04A5EB3B4552707F40789EF3A420,827,1170,RGB
1923,page-1923.png,253588,51DDE869E8EAD0F3ABB623B689601A82FE02020BAAA7A1A6743F3D48FE9D90BF,827,1170,RGB
1924,page-1924.png,381830,2167281AAB0DBA96E04069B5559C916243B2C8D0060445CE93F826D1D7AD1ACD,827,1170,RGB
1925,page-1925.png,287030,C2F5E87C2957E43174E4465449045A374B992A948505681F68D90C42508C0656,827,1170,RGB
1926,page-1926.png,302378,C9C40E4227E3F7CEA5DEF616CA0E8C5CEFBD7003A6F8679ED213E1877CCDFDE5,827,1170,RGB
1927,page-1927.png,292186,C180F2A0E52F1BFFD3BF8B585B9C8B2B799637C6D802BF90D5A73E16267FCEE9,827,1170,RGB
1928,page-1928.png,250650,E897A7B60D5E6D26B7F88D3F125C4165B7FBB288219BBA09A6FA40A01382C64D,827,1170,RGB
1929,page-1929.png,274271,D602879E37B6230F99AEAE4FDAA83F2B299CC5081C13DFFCF6640C7B07363872,827,1170,RGB
1930,page-1930.png,376369,3CB2789BE2233A2055DDCE3BE37672A83E27C214879B56081C88CE24B97F7D9A,827,1170,RGB
1931,page-1931.png,354846,7A17B97F1BD552E6DE36B5D1FCC1635E98DA661D5DEAFA5A4D3152E3E02372D6,827,1170,RGB
1932,page-1932.png,289204,1D26CA25DEBCFE755D1CD71E5826757E82D4285A35873B08C93F5378F9FFDB45,827,1170,RGB
1933,page-1933.png,373892,B2FD4246456E300F26528E33329FC89640D519333C438FDB06B2B6A275891733,827,1170,RGB
1934,page-1934.png,322903,E0503A0B677A85003191E6830070EED489A36D52937C535691D7C0526C3E2528,827,1170,RGB
1935,page-1935.png,293666,295D3D61846A62FE35FB775212609012317FD1DC80B7AB48AF5EB4A3BAC58A39,827,1170,RGB
1936,page-1936.png,309744,B0FC9CAA2AD20CEDB152BE9220933D6D8A54222E5D7F794833695B7B78BFF972,827,1170,RGB
1937,page-1937.png,321238,8C58CC2CFFE08A20007FBB74952B1315826EBBC2847AFE6573C978983A4D3DB1,827,1170,RGB
1938,page-1938.png,282528,3C6FC9E59EB32327C76F1F3C0AB1BD8D83A14DC3B64D755C878AFD9D29CFB614,827,1170,RGB
1939,page-1939.png,291682,CD3B1B4A13AC7B2A7A5D75FB55CCA8C477155523049C21F17639AD2433DAC0D1,827,1170,RGB
1940,page-1940.png,283912,48EC8C0E832C47A94401D10CBDCF2496420A13586B14A582931F5DA5A2124A39,827,1170,RGB
1941,page-1941.png,351571,0DF941C0FE8DAA79561FCF350569A85D41BE1A9EC33855589ACE4BA6390280B0,827,1170,RGB
1942,page-1942.png,321438,67CB67A6837DD8954752BC2790849A97EC826DA234FCDDE110B2EE0110016BC9,827,1170,RGB
1943,page-1943.png,353723,4D85D3EE7CD3E00F34E72683C0977020EB75600E1255213C76F3E133BBB3873D,827,1170,RGB
1944,page-1944.png,308810,33D535A2325B6B98F7A2B77121C4D7ED29D42402F9EF7FD6BB5AA0CCE75A3602,827,1170,RGB
1945,page-1945.png,312574,CB3A81F7D39A0723E47982A0D6A93D4941808F486E73A25CAE8EBA9708412275,827,1170,RGB
1946,page-1946.png,306471,0E580A4C8AC4642D3715E22F3D8A42D65AED1895A862F7D56DC3EBF4A648DC9D,827,1170,RGB
1947,page-1947.png,340617,992CE73CBFCF7DF840E8FDB2DE7695B4FACCDE85D30C6C35ED1B0A96D82F8E55,827,1170,RGB
1948,page-1948.png,353342,B146D8CCF20D5CFA363BA64D0EC0CA540C1B1A559201B9EAF29ECD21CAA2D6D0,827,1170,RGB
1949,page-1949.png,263281,C02CD259AD4C492BD67B32009B9E4B73D57AEB3B6942EBCC50E5CD341921C3BF,827,1170,RGB
1950,page-1950.png,266510,8389DE6F39318EB44A887BC8C943E250486C02C8002565612034AAD9A4E02197,827,1170,RGB
1951,page-1951.png,318072,03EFCACE589B9A806AC33E982D573FF2779B97B3AC46ADB2A969210A790E0E18,827,1170,RGB
1952,page-1952.png,262191,5B57A1BCA0DEE4251484B7E6542F40A62C9F176239862EF2855BA22C36561262,827,1170,RGB
1953,page-1953.png,292240,DAEADB06E6099ADEE5EC2D833B5E08AC7C402052C07A20DDF907A28E6BAF0656,827,1170,RGB
1954,page-1954.png,314199,20FBD82A03F39EADBCC117F645DA0A58C72C80608EC51E36B7B7438E2A3E8D8D,827,1170,RGB
1955,page-1955.png,299522,F3450447BFF1B52576091CDD930F6ABF72B8FBCE5F323B71D1D5AB83E03AB965,827,1170,RGB
1956,page-1956.png,312301,ADDD242D3DEA2A430B99B396EDE876E8827FDB498A02F0F404BB6004BD0920FF,827,1170,RGB
1957,page-1957.png,313261,7F47B6D3A4DC25FF6C36551F920D9E4790EACCF10F74E9EAFB3C0FD1EA118111,827,1170,RGB
1958,page-1958.png,353326,8B26F4C864055DBFD1B55ABEFE564DA8C73891D61EA45C8A1C2835D111C93B49,827,1170,RGB
1959,page-1959.png,270125,1B9A27420C94238379ED1EB27E3EF28215D2FE5B72CA970DB4F4E7D9EE47BCC1,827,1170,RGB
1960,page-1960.png,300923,B39C01219399C48CE44ECF8F4E1553AE03361FF71AD6205CBFDB010D56CDFD39,827,1170,RGB
1961,page-1961.png,324231,0042D6AC9A931FBDD1ADFFB6132F9415CE774AE45E3D9FCE54D95FF2F111D31B,827,1170,RGB
1962,page-1962.png,262711,D837024E045C0E1611495D947374EFE265AF35223062CCCC28CBC93F067851DA,827,1170,RGB
1963,page-1963.png,270337,42C01FEF1BBA15CF6B25970DE2CD19C968A11AEFD877EE7E3EA0D749A73FD82C,827,1170,RGB
1964,page-1964.png,288450,0C620CC805A647E004D0A4EA73DBC4097EF2CCE5E97DF0E4247D621A905563E2,827,1170,RGB
1965,page-1965.png,340017,6DDC078578B57B2268AE75CAE8378CAB848BC2970914F3B3DD1052B4EB97CD39,827,1170,RGB
1966,page-1966.png,315991,67607FB476940F49D915758CB9374C23D66E8D6DB53D8037E3FBADA934035C93,827,1170,RGB
1967,page-1967.png,294120,6594BB4A65FBE12F973E21DBCA25433F6588EB1C28CEFBA1466CDA408FAB66B9,827,1170,RGB
1968,page-1968.png,341991,6D3AE9CFD37D362B86D4122AC9D0BD9CB9247644109292375EF3ED93FB85D024,827,1170,RGB
1969,page-1969.png,298064,33A19A0216B566D650D459CF8C13339B13920A236DBB775D29780D08182C9859,827,1170,RGB
1970,page-1970.png,306537,DB2531AAD134EFA304062AF0D9B73FEFB24A8029F893CC34C89C6662F36AE319,827,1170,RGB
1971,page-1971.png,374117,07B0888F1F6E513668306963DF9B8476BE857A783F5ECB4DBA72E5D167C05A68,827,1170,RGB
1972,page-1972.png,292366,50E71BD221211DA06728DB5B684CF4586BD2E929DCC0566E2FEF2C7DB648D378,827,1170,RGB
1973,page-1973.png,284417,ED2A0B91C642F3D049D8552B0FFF29FA7FFD5497F888D2CF1E012C99D8D4E986,827,1170,RGB
1974,page-1974.png,321963,73462815D1E3D32CCB536C2FB34053AB1ADB78654BB2569149527470B893AA52,827,1170,RGB
1975,page-1975.png,352801,9EE659F5B2F05CCC23CD1FB2A39E142D5EBD7D056DD5D467763A0B416836F1AB,827,1170,RGB
1976,page-1976.png,319616,2BBFE1D473874B13ECC30281304D9AB146D127F57600B516A63E4F40E2D09C37,827,1170,RGB
1977,page-1977.png,348550,252B787C65DDD2F34A07B6A9750485398514BC5A596255E8EB1B9B8DBE62C553,827,1170,RGB
1978,page-1978.png,338744,83C8A54E644D10C2432C54C9D26654311156A009992919CB115D2D5C4F5DA20D,827,1170,RGB
1979,page-1979.png,335632,B4F7F1954855029E43B49FD16907E0E694964B09337310D458BA40C2E48D9D0A,827,1170,RGB
1980,page-1980.png,345156,F1CC63C0BDA808CE02B3A31AA46F1D7547209447B9773FA79F37066BB3FA0A51,827,1170,RGB
1981,page-1981.png,307967,C62E0A6D6E3E6509732AE3E5242DA81B5507FE57FFBEEDC8AA9D46E7B38811BB,827,1170,RGB
1982,page-1982.png,323924,10067ED496D4CF9FB5458F2DC2EBA16C29B8959A9FF15834747EF8388C03CB67,827,1170,RGB
1983,page-1983.png,316693,41C227EB620CFD46A878B847C92632986C3E76ADEE3BCE433E6B6ED6D21D5096,827,1170,RGB
1984,page-1984.png,335395,FBDAE242998A1387BEA1309D34DEE75DD13A74C70D0FF9AE1F9C63A70656B1D6,827,1170,RGB
1985,page-1985.png,298318,C90A7040ED49CB54EB826A5B02FF75CAF70D75D1423C166037B52EB209AFF6AD,827,1170,RGB
1986,page-1986.png,365018,E93F9D0F7B4BEAE1FEB32BBA6A606D2B84609B3E115C027193F8435BC64A60D3,827,1170,RGB
1987,page-1987.png,255259,5E1D49DAB2F3B460F1DA37E10F1A097057C447B20C7E216677AC8CD1D78153EB,827,1170,RGB
1988,page-1988.png,274892,AFDC101445C2D61E1F8911DAADD528C4380AB0A61ADF78CE00ABA9790F658FC5,827,1170,RGB
1989,page-1989.png,318900,76CDA4F18D253C0A1EC9906EAE25CF5FC2F1BAFB564F87DCBBBE4C8A29BF695E,827,1170,RGB
1990,page-1990.png,300054,967DE3EC63C38A8715E798818A213E61F1A27255E5E8B4AB386455871F7A9B21,827,1170,RGB
1991,page-1991.png,320470,C6047C8BEFF804EE04E6EE5D7FE18DF2FD6238501A891D36C926AA25595518A1,827,1170,RGB
1992,page-1992.png,266703,B3BCD2164CFFA7AE7D96D1F0FA6112AA2F552187508038724EB047BEBB2BB216,827,1170,RGB
1993,page-1993.png,248936,FEFD74E6D78CAA9DF5E5B1ABF2A4201391453CE2BCC3409EA87B2100FF392CE3,827,1170,RGB
1994,page-1994.png,279081,B90E13233334BBE542595391BA7EDBFFE81E28BD11D8DF0DBB7CFB333F8A05A7,827,1170,RGB
1995,page-1995.png,307165,7D99F67D24A4E056D58494B2596904ECE819B0594BCF26795C4EFC04F04B362D,827,1170,RGB
1996,page-1996.png,243436,81C5C419001F35E7F10E4090F4294EAB4DA3BAFBAB1292A8798CAFAF18BD24FA,827,1170,RGB
1997,page-1997.png,273281,0AFF01417CDC41662A91CB750AF6C110A87B5D0A60EC94E9A4C35EB1A1949EAB,827,1170,RGB
1998,page-1998.png,299457,AD0CAB5913BD69E3015B182C3CAE5CC76A3B8146328A5A1810C2882A738159F8,827,1170,RGB
1999,page-1999.png,282640,C6FC4F5FFD779F39C3EEB4FF1842EE821ED20A93C0CB749DF5B5C3F2CCABC9BA,827,1170,RGB
2000,page-2000.png,288054,9174B97D15D2296FE22D1D96B19D8881E3E8F0B6F12A9665A228BD428D5BF1B1,827,1170,RGB
2001,page-2001.png,244145,116A8292E37A470BBAA268ACCF50078450A36E543464783CEAE892C410EAC44D,827,1170,RGB
2002,page-2002.png,189287,3D5E5D9AD6923464C2E3249D5B98FA3CD958706FB7CDF60D7E6D274088077D1F,827,1170,RGB
2003,page-2003.png,327966,508987269344EB509F8EEC5F0A5F04E49580FD99EF2D58401CC1008EBC7391A9,827,1170,RGB
2004,page-2004.png,334501,2D6681F64F00E19A0D087490171DACE71CE51E9D23D6736D2D958833B46EBDAE,827,1170,RGB
2005,page-2005.png,293115,70C548586636B49FD9815F9C7689A37D669D9E835D5DD29EB68D70D32688F913,827,1170,RGB
2006,page-2006.png,300667,E5B69E260ADDC983E10C0FC28ED4E831A90747AC332076B77B33C26BF0D07E11,827,1170,RGB
2007,page-2007.png,324058,661E0A8E9EEDC07270BEFE9E7145F384E95A4CE804E120180CCDCE33ED8CF1A8,827,1170,RGB
2008,page-2008.png,278445,E39922FF75DB92E6308546209E6996BBD8CCC2586A216A9A89876E1F013307ED,827,1170,RGB
2009,page-2009.png,236786,3BD8AE748FE650D225F3A37EF0A9304F31BA5FCD27CB97C2C87CAAF35F194325,827,1170,RGB
2010,page-2010.png,208265,41DD0DA1CABF434009D2E7CE225640CE5B66BF803A67B0F9187514031A82B63D,827,1170,RGB
2011,page-2011.png,261278,640C92E8285688E7C1C514B4EC1A5132CCCE2187478911BC6D4DBDC28D5DD257,827,1170,RGB
2012,page-2012.png,367234,CC473C22028266F620BAEB98829DA89C15E8D18AF7FE7DA7CB3207CBACC23567,827,1170,RGB
2013,page-2013.png,347928,10117744DB228769E71284A70089830C99F2AEC607C15106A649EB687FB607BD,827,1170,RGB
2014,page-2014.png,353863,4B0933E87362CF2C6CE32A8AFF413ACA948E545AB5E3403DB26B9897ACE78239,827,1170,RGB
2015,page-2015.png,293957,6D9B10C7FC17D67A0EEA98CB39E0791C9BAD367748D754868D88697CC700AAD9,827,1170,RGB
2016,page-2016.png,317392,D0EF8CC04A49071F11BC4DB066818421ED14F1C202276B2C434C457B93CD90A0,827,1170,RGB
2017,page-2017.png,300701,805A294FF0CC892E1401E62E2CEE20BD29FE902837C0C1AF8036B006BD2156B5,827,1170,RGB
2018,page-2018.png,256238,6225B2A48E564DA17750A2B6BA64298BED43BDA13ABA5F85BE6660C0B0635C7D,827,1170,RGB
2019,page-2019.png,242096,19C2C9991645A49E2AD006836DF5954EDB3593ED7B5C9D1508D750CC9C01DD5E,827,1170,RGB
2020,page-2020.png,277164,A025F01E28952BC5372F7FDC519F1017D31999D834DA024856C78A1BD3DD3918,827,1170,RGB
2021,page-2021.png,307977,1E00BBEE0571F55F07FF7F8948B058A96BFBFFFE048316CAF0C946CC0A0097C7,827,1170,RGB
2022,page-2022.png,240420,446B5B49A214CFD17D23283450D17D3648A09C747DC1BB612387B8F7C5464908,827,1170,RGB
2023,page-2023.png,238797,C5ADA9A96882C163F77A2B487EAC30671BB033BF1CF55FE789E3ADDA8F721C5D,827,1170,RGB
2024,page-2024.png,272972,1109CA6DA3E5575CD4AEF5EC0B204DFDA435948D3CFEABDF6AE29E6B9E8279DE,827,1170,RGB
2025,page-2025.png,305363,E8B6D3E63C4E0AE39B6B721930F0A18F7744DD63E783CAB5CB3B48A1994BAC38,827,1170,RGB
2026,page-2026.png,252817,8981D3D052D440D9CBF3E7A026EAEFEC31844CA1D31BF912DD14032563D83583,827,1170,RGB
2027,page-2027.png,333913,28749A398B82EA0902AF7E0D855582BF148BFFD9A1B256C9D42D47352FB8436C,827,1170,RGB
2028,page-2028.png,318600,1D725BD3D15020AAA9DC863C29504B2947D259C16BD5F75C39C3B029013882EE,827,1170,RGB
2029,page-2029.png,265318,6763C9C92AFE6AADBB4742D8971540521254D67713DE901088680C2BBB876E7E,827,1170,RGB
2030,page-2030.png,276175,E5B974C155E7374631C54313C58280B3D2027A6F863B604943FDC694067C97A5,827,1170,RGB
2031,page-2031.png,298395,5BFA8D9318CCC4710F1AD2E8095D9C92F5E594105C38C5EDBD5F0966067A1857,827,1170,RGB
2032,page-2032.png,263356,E36C4A0E1744A59BD0427F329099F661D16C22EC40DA98D178B9EE61261678AF,827,1170,RGB
2033,page-2033.png,337166,C59B06C7E1504D11533B320B433BE7F40A6D8E5E9AAEF66F11B8EE57010991D4,827,1170,RGB
2034,page-2034.png,365593,9E2BC277B82F77F2AC299CE3D78E4F46052C5E19E563C56BB1734B110979D972,827,1170,RGB
2035,page-2035.png,287927,0FB4ACDC7E39188BEED638B5436E1C7C885157CFA88CA8D13299884344DCD28B,827,1170,RGB
2036,page-2036.png,329723,90996F7585D7C928311729683C57D71A116149C49BD6D67A0EBC1A0484BF1A55,827,1170,RGB
2037,page-2037.png,299929,8AF252761A8CD775D83F78D7037358641574DDC9C4A55D85A221E37CFF763CB9,827,1170,RGB
2038,page-2038.png,345212,2DD11400A97B670C9E84ED83E6435BD170CC07D28FC70A47A40C2920547C3E5C,827,1170,RGB
2039,page-2039.png,295224,AF128D3D3713550E35743EBCEAE4FFB1CCB5785F701DA0C234F61DC044EF0B16,827,1170,RGB
2040,page-2040.png,229247,59AF5E5A5B38C21B1F80DE45276E21D8A7AF45E7C1996606968E5848E2FA171F,827,1170,RGB
2041,page-2041.png,340429,ED822FF5C933670E5DE66A6F9C5F51899076239FDB0640222FC95C7286099FF6,827,1170,RGB
2042,page-2042.png,267293,2D818B7575EEC9D3BBA65326FE2599F7EC5555B64878580CCCD4CB6721875FBD,827,1170,RGB
2043,page-2043.png,364795,AFB3C6EA83E5835D3A8F2B441D456EB8DCBBAE146CD48FAF71DB02E0650C8EB1,827,1170,RGB
2044,page-2044.png,396029,531390EC50FEDE8D3B725073B62F769F627DC8615DCA3EB14E9645CD4E18C29A,827,1170,RGB
2045,page-2045.png,331522,4BBF8F72F06088231624B767D5B3B4E9A07F548826062A26F5117744515470EB,827,1170,RGB
2046,page-2046.png,366191,B9FECFD48037FEACDDF3CD5D3B184D7D9CFAC86E8326288AD0FCF88B487FDCFE,827,1170,RGB
2047,page-2047.png,338000,21853DF1F691CC66ACF4DC8E8AC412691FC86718D472B6E7BBEADCE8E0E0CCA4,827,1170,RGB
2048,page-2048.png,317548,422312AC286A5BC430167618CC5BE596D933F5293BF4A1970D135A569CA763FD,827,1170,RGB
2049,page-2049.png,312662,96D75B8AC18833F621937D7E77F6EE96855EA280DDF64E973C69847B27E08A30,827,1170,RGB
2050,page-2050.png,250068,5B0AC6A116AE38DA5D92BDFC8ADD9B7C1A925986B97D93F8AA1775256150BE17,827,1170,RGB
2051,page-2051.png,275142,B17C26598BD15E063A9704ABCAA020D5663DCC87550EF66875117ECEFAA88539,827,1170,RGB
2052,page-2052.png,256408,873C16795DA63F162502D8C36179D95FAED53AE934B4AD3E2EF4C4B6211A0B41,827,1170,RGB
2053,page-2053.png,299294,A581F631EA460E3F4C6E0EA1F41D77346459EDBA50E9EF9043835558FC6991B1,827,1170,RGB
2054,page-2054.png,334077,489CEF58EFFF01D4B068691C1CB3B767AA863B04A7D20827AE241BF4724DC778,827,1170,RGB
2055,page-2055.png,342776,160CF97E245B93904AB3004F4CE6E0E12789F625EA54C47B28BA016768DDFD31,827,1170,RGB
2056,page-2056.png,365269,93291D54797F3AECDFE12DF5C1C6E445962CAC80745E367CDD2B36718C023FEE,827,1170,RGB
2057,page-2057.png,390714,5AA9C793E1C0CC4C0B18E34D3B67DD773E81C1938E64910CF5A4A77C6082CFD5,827,1170,RGB
2058,page-2058.png,300535,7B1C74D389EAC21A519390DFC8D9A346DADA14CF2E6AD2BEA58D9CB561CEBCC5,827,1170,RGB
2059,page-2059.png,352662,AD8AE6361753A2375736BFD24599E67889BBADC68C0CBDA82921DDD77EE90CFB,827,1170,RGB
2060,page-2060.png,338593,57628FC76F9D2CE29041C2E2876315C4E8B5B779918912717348544AD436AFA7,827,1170,RGB
2061,page-2061.png,298121,AB07BF77562EF9CB9E58E2340C94B0B9FDA87FEC4CF6B5BDB0AFC85FA4C6CD9F,827,1170,RGB
2062,page-2062.png,256064,6166A86B9D434795857496E20A81B0B3332AA0B50A14DE8D5C1F292BF37E40E1,827,1170,RGB
2063,page-2063.png,353466,FD129F56C5B8DCE9CCEB8708B3E86F8649603FDD87AE042CE13D99E92F44EC06,827,1170,RGB
2064,page-2064.png,275393,3CDDE921D9F6AE867FBF920CCF445FBC9F53785870C91E8DFC0E68A866940485,827,1170,RGB
2065,page-2065.png,168388,0CED1645E513CA88FA26531DD214430E7D697EB30EA607F3793194EA4CFF3CE5,827,1170,RGB
2066,page-2066.png,210384,FAA21AC7E5AE891EEEB953F5348FB221FA49C50948546B06D4FA77485E93FDB4,827,1170,RGB
2067,page-2067.png,295607,7C5D3AD9AA1E1410A1B133F662E9880854A1E8C913F0154EB465649AF760FFBF,827,1170,RGB
2068,page-2068.png,278663,C40F61854FA5FD6723C37808B0F3ADFD9635E8087C44246E36713F25F740D010,827,1170,RGB
2069,page-2069.png,350759,61005CADF4D9AEF6E2605ABC1625C4CD4AE83DE83A16ED765611E28C9E510A00,827,1170,RGB
2070,page-2070.png,334343,CA60538C49550216B4C598DFD3BF1FCB0AF590A63F2397F134D7EF46829C40CF,827,1170,RGB
2071,page-2071.png,333916,642113FC55924AA4EAEC24D730B602FC4EC586B6962663103D9D4F454DBB8656,827,1170,RGB
2072,page-2072.png,220402,EE4FB66C62F469FF7FB44E42C788BED5A080913BC4E4D9E9D77B5E2BA2B9D6C1,827,1170,RGB
2073,page-2073.png,266666,4F8AC50E8DAD0C016AE56E70A9C09EAA4CE0D7FDF3C906EB98F3592E11B3D098,827,1170,RGB
2074,page-2074.png,341208,6E1D436EBFDB05D4F0882C26BC0101D30B4F539B6942B44A992D56237481AF91,827,1170,RGB
2075,page-2075.png,276091,739D03FCFF1CC7DCA4852259726CFC8CB8D83A1D21B53AC3FBFDC79E24A37A69,827,1170,RGB
2076,page-2076.png,270158,2790381B2004D789F6FF889B7FE3F27467217BA97CB423F06E264FDE7AF239DA,827,1170,RGB
2077,page-2077.png,227061,68AE21D586D658B1FBBCB064D9EEE07D5B8B6245D052ADA40C451923DE1BC3CB,827,1170,RGB
2078,page-2078.png,238624,D6868281886CD4F818FF25FE0CBA83298F30065775486E3F64F7FFEAA22B88BE,827,1170,RGB
2079,page-2079.png,176937,D40A969FAC6204E310C7E0B9A3B1A467D94F102C69596416CA90792F5F776FC3,827,1170,RGB
2080,page-2080.png,271547,F669494DDB0405F8663113E8CC3865C63F4A6BB06817277DECDDD65CA51FF419,827,1170,RGB
2081,page-2081.png,258927,FF9F5C6CC6A1E5C7D1EB3F189DAAAF2E5C8D8AEA90DAA4C4D5226F542290CE89,827,1170,RGB
2082,page-2082.png,335468,231C39924DC7BDDC42D9DF5466C3225B907BB91D58B3453249C419174AF3F2C3,827,1170,RGB
2083,page-2083.png,380407,15C3719CF2F579EABC8A041F8761867D6DCACCA561FE7829473461EC0F72E351,827,1170,RGB
2084,page-2084.png,281625,9EE4358B7BFFAA4DF50B053C136FFED4DC13A86A8C7E2E56F01EE92582EBF71C,827,1170,RGB
2085,page-2085.png,301393,522E16102B0E44122289ECAFCDEFD7C935E5CC8A3B29BBB27D897F19D9A93D20,827,1170,RGB
2086,page-2086.png,314633,0B8C3D6B29D974041BCBF9DA259CC91495A0825CA519B39174AB15A4B6C4CBCC,827,1170,RGB
2087,page-2087.png,303757,41E36B6492E45D863AC68288B90AD514CA6AC10A2BD286D80CF806AF660C43DE,827,1170,RGB
2088,page-2088.png,266012,5F7E4E2A00D3419106884F24E1D0B7AE0F81E25D483BD3C6DC5BBB2E30D1A0AA,827,1170,RGB
2089,page-2089.png,285236,E29C39C2DC47433D77A9E4D3ACB542D70A08479A07E3DC60059322E73E34D5E1,827,1170,RGB
2090,page-2090.png,278975,7B60D87DDFCE161DCB619BC5B63845CEE9DC7A0283D05D27F05CE217ADA382E8,827,1170,RGB
2091,page-2091.png,299052,B5BCF208161FB54F1DE479AC1113FEF6D35FB38C678809F4F48268FB3C337A30,827,1170,RGB
2092,page-2092.png,253904,18585E67CD8BBF9AEE5D26B86F193E16D83703A958261D18F04B6507DCE21BB0,827,1170,RGB
2093,page-2093.png,231921,DAD7A6D77C8E46F801F98D8970BFDD8CF14DAA2921FBDFF4DFC8CF0E3DDD62A3,827,1170,RGB
2094,page-2094.png,341162,50C1D53A3A6D843B147E2FA4628E73885865BF82F95255708DBB521BCBD8585A,827,1170,RGB
2095,page-2095.png,305349,72D722DE10570D69489AEA1A99A12670DE5F19D9C38CE56F7EF845ED1AA04CF1,827,1170,RGB
2096,page-2096.png,365696,A9ED395AB80B34862DD1C87C18ADE9CC81ADA326011A3555974AB390527FA0F2,827,1170,RGB
2097,page-2097.png,317980,DCA8B69BA65715FF2F0BB4EDDB83007A71F02FD0EC9F2A9BF9D3E1788AB72B3A,827,1170,RGB
2098,page-2098.png,299335,1FE559C4BF7A486C7CC5934CB3E75765D81EFE2985E2788F6BEDB3F85FC4A3A5,827,1170,RGB
2099,page-2099.png,298391,13982695B3F3C96A8B83D35F596262F2D8181B8DB7F0F1E44D00C9558170ACC7,827,1170,RGB
2100,page-2100.png,275164,8C644330DFBF889D84943A63C5B349C1A83FC5CFF49344D677B47635F11BDE1C,827,1170,RGB
2101,page-2101.png,305044,F6E4CC775DC1D47B07AA914177064B78259609D441309CD3AFA115CB5AF0D1E1,827,1170,RGB
2102,page-2102.png,292158,AF138972595E3633935BD4623780FA84B1644474A2D0C0B73F585DF83867C801,827,1170,RGB
2103,page-2103.png,303550,917EBD84B5FBBCDAA7F7E17D498983BD7FE7F81D1ACCE2D22BE3503F3AD55064,827,1170,RGB
2104,page-2104.png,291983,3A0E87747FCCA43D994E305C8E6C515C19A088657B6BF9BDCBE1FC6EB8260082,827,1170,RGB
2105,page-2105.png,246323,5504048767276F1C488A3200E87752F70D41C3B68D38DA74A045146BC4950D97,827,1170,RGB
2106,page-2106.png,174457,95CC2FA750E6A5A22E6FC9C43AF30B4DE43790E69A8DDC5F000FF49F4568C0AF,827,1170,RGB
2107,page-2107.png,249075,F2D3437760996F6EF8E9A06B7C92E60CD6B6B2A667631BDBEA92A4F26186753D,827,1170,RGB
2108,page-2108.png,311398,A4D1D19124A22B8B2374526D081FEA96829ACCE446DF4BA81ECD0A1F0230FD23,827,1170,RGB
2109,page-2109.png,328538,2AD2AB2B83C934A3C0635BCF98ABE106713567699AEE886FE2BF3709CBE3CFFF,827,1170,RGB
2110,page-2110.png,300872,E26FBC4B2E3F60BAF5A4AAD9C848AE44AD78B8082BAE1CC561DA40FF8BDD9A9C,827,1170,RGB
2111,page-2111.png,332987,467792A9549ED4B22D204308B9598D14D72B977E0E202641E41FE4548BFE672F,827,1170,RGB
2112,page-2112.png,308524,5345916A75FBC8081563290C5207699D3C6BAB24AD7DB288CAEE47CED599EB6E,827,1170,RGB
2113,page-2113.png,291254,3E82A1AEDD06974898737B0743C6C7614FDF93D5E96652BA57E3C887FB425838,827,1170,RGB
2114,page-2114.png,313582,A84BA92A1E839BBE37605FC920969147F043F17C0228DFA9E3A5EC5C72CAEDA9,827,1170,RGB
2115,page-2115.png,295406,6C7BD27B5E02D01F4236716107189512C0EC1FEBDB6BA6F4666DD512300B582E,827,1170,RGB
2116,page-2116.png,347853,5EF1C4CFB12185EF995B45FE57F41B3E5D287B3A4E1695835EE4349B10416AFA,827,1170,RGB
2117,page-2117.png,325683,19DE544673083D264B11F39308C2B51D00D8BC8B67BFE7876337E3888477A6BB,827,1170,RGB
2118,page-2118.png,378435,44F6001F085486248816E34F3F4494114D69E5ADE3FB99F9F5E9007AFEC51662,827,1170,RGB
2119,page-2119.png,316912,4A8150F89388DD2E33BA52170801C27E6D331522C70052B5AEDB767C8D265C99,827,1170,RGB
2120,page-2120.png,348932,1C80DDD85966C655824DFE1D397C827871C46F194FB8A4A1EB8D8DE11C8E23AB,827,1170,RGB
2121,page-2121.png,351476,7DB37CA38A9665058A7FD41FEABE6C7D87272996CFC177E55E2A97B6DAEE59B8,827,1170,RGB
2122,page-2122.png,262707,DBF7FAFD71B8AF36311DF279168D3FE6B986FF37BCFD9224F2B90070DCDF9720,827,1170,RGB
2123,page-2123.png,254161,ADADB0A67A3BE78359052FC0666D79E63A3FF6DD7DD49B01C3E20A82E85D2A69,827,1170,RGB
2124,page-2124.png,251451,FEA9E6A1AF948DB99F4A7B151EFF6B8BE840325F6DAF830B89905CB21E870FE7,827,1170,RGB
2125,page-2125.png,115357,79E54DE07AA5CD76C05A84D3F20EC1346F2BB7C1192575B4E58460EBC0D21E02,827,1170,RGB
2126,page-2126.png,246731,453BA648BC0B2E434CA8BC3FEAF3C4DDF9B089789D15A2B7755F8AFF8F8F1398,827,1170,RGB
2127,page-2127.png,310548,5584E26B82B6059DA541DF5B0992FE5C78F104EFF5A251B3ED2388F68FDDE381,827,1170,RGB
2128,page-2128.png,296022,E981E15E841882603964658E6D6E9CCF9E8013950CC172C9B0040F02EA43A4D6,827,1170,RGB
2129,page-2129.png,316717,AC86570F18551E797F0AF2E27AF1450C907895C2B826B77E4A82B9D2C1E2AC82,827,1170,RGB
2130,page-2130.png,271717,883A5F0E3D9D40BA5C28648F0132E7A23CF71D930D8E2BE7B9284CF1AE9DD6BC,827,1170,RGB
2131,page-2131.png,281181,E9451729331F2B72394183596996B9F0445468A168DF06A35C1901C8EF804D26,827,1170,RGB
2132,page-2132.png,317478,BD5F11DACF194098D43B58F1C8DEA6F2906351620D35B13F7AAFA16B7E8C75BB,827,1170,RGB
2133,page-2133.png,277134,E47FBFE3282FFDB7311CF83D2E2919BEB233A699EBBC788A74866A83CB709789,827,1170,RGB
2134,page-2134.png,319664,BE8B818360A71AE9ED91661E8F5B6AA9BFA1139D1BBD2913E03591B81820302E,827,1170,RGB
2135,page-2135.png,259862,283BE66301BE9B2B3B4B68C3FB48E75C6DA5012B823A4E6EBFA01A3E6415CE1D,827,1170,RGB
2136,page-2136.png,337439,4EF1D0488A0E6791819A1857C587AD384614F9814A4306F7FBDB8EB452DDB0D0,827,1170,RGB
2137,page-2137.png,275778,155ED40D8E93447A8197E115DE42951F73A57B7B611E357B2CE095267EC7CBBB,827,1170,RGB
2138,page-2138.png,279225,ED6CF9EE1DCA6528BA9948092B9DDDF040C9BE90D7A9E00D88215BF30E22BFCF,827,1170,RGB
2139,page-2139.png,253465,C14D8AD594A0CA1A5A32AFB9A4A9DA62A590A25E421AA9C8940DD78E47C912A0,827,1170,RGB
2140,page-2140.png,285675,6073DF032AE6B575BB64397DB41CAC687B9AC4F570F248FB632240EE76D79FB3,827,1170,RGB
2141,page-2141.png,280099,4C481D104D784D423A08B7EF6A88017348343D4A81309FFAEB61BE7847F58F8E,827,1170,RGB
2142,page-2142.png,352948,B38005B324A6EAC9EF7EAE346CDFBEE67811C630A158483FF54E3016D0257B8D,827,1170,RGB
2143,page-2143.png,332049,BE0BB6FE896B9C222964EC739E2E42B77FFF690D6A83ED4AA93FB0DA28260289,827,1170,RGB
2144,page-2144.png,287185,BC8216DB128CD6FFB9DD6D1720E18B786DF9CAE607C36C9A542309A33B670171,827,1170,RGB
2145,page-2145.png,286941,1D28618EED7AB10BF423F774AA8FD24EE3FA196B192605909D24D941F4D544E3,827,1170,RGB
2146,page-2146.png,321079,990DF38B4962F2C9DAF512DD0EE13C1A9EB2FD4897552A99EB5C6181E5F0133A,827,1170,RGB
2147,page-2147.png,340572,861879C224F832BC1CFF8B530CFB128A069D718FF15CDFC585104E47C9E287AF,827,1170,RGB
2148,page-2148.png,337527,B680E2F6ECAE2B9A06C0571042F4294FA2E791FFC3232C1B1604C483241EA568,827,1170,RGB
2149,page-2149.png,362545,AD5D8748C40FE4C80B7B0F3F52C148A1BE086357C93DED3A9F7B65C9E23B7FBD,827,1170,RGB
2150,page-2150.png,384907,F25F8266E69018C1CACD0A3F403008AB3C4C3E22D39A05E625AF8E26E892E37F,827,1170,RGB
2151,page-2151.png,338716,F02FA0B70319817F220F8AB074F4A748A873D11A046BB05452D611B2FCF82FF0,827,1170,RGB
2152,page-2152.png,320885,2826DA095C5B8622CA87D6BC9090A053B24A176433AC920CF3EC7826E542ED0A,827,1170,RGB
2153,page-2153.png,301239,F7371D5E90DCEB37D29D603DFBD458E91A0AEE1444651827B189C78D561645B8,827,1170,RGB
2154,page-2154.png,266836,E18FB4CA80F5EB92015AB47B2047E89EADB099C2732FEA8A6055D7469DD26594,827,1170,RGB
2155,page-2155.png,329075,F361BD625556E09B8D79F89F6C6723A16F47FC6531673C078E685EBCE5C1A1E2,827,1170,RGB
2156,page-2156.png,330607,141D6AC2A73E06BAA584B65C00879DA2F52817AC38E9E63814A832C59BE5D18C,827,1170,RGB
2157,page-2157.png,280318,C067E25E0583F2B64BC1E12F6CEBDEB7B0B124E8E8271AA99BA917C40FCC02DC,827,1170,RGB
2158,page-2158.png,287084,0A7509D134B83A0A07BDF4DA5A432C0C3622910D4A79CDAABD69FC86FFEA7509,827,1170,RGB
2159,page-2159.png,252421,3B88DC3F9AD823D6CBC17214E14927FA60C696B60BE301AC318731898B3B89C6,827,1170,RGB
2160,page-2160.png,362313,3816FA0A613AE4924A775E0AEB0ACC03BB47CEC9862E058B0FD9F2E78BC6C582,827,1170,RGB
2161,page-2161.png,316152,223D31F0284487306D4E432353591B3E2C6540DF3DF7A46494420A0D44DFCF15,827,1170,RGB
2162,page-2162.png,294452,CDB51443435F0DFCABC3AE2C57D0D2037FF06003F2FBA13D5A38828935C33878,827,1170,RGB
2163,page-2163.png,305979,7525083FA44014AFF660F16F94277098D7F9F4F60947F14C268344B1BF46A119,827,1170,RGB
2164,page-2164.png,335318,FDDB9C8179BE960B92E771532B639BBAA2B730CABA5264DFE79A50F797206773,827,1170,RGB
2165,page-2165.png,364320,4EF9950C8872EB978664B3FE2AD74D53E8AA01B90FCCE8966496DEA2062CBC3E,827,1170,RGB
2166,page-2166.png,309117,76D9220459980A6C615B39574F72315DEC526EF120E1920058E5CDECB8EFBF9F,827,1170,RGB
2167,page-2167.png,243236,0F28CD4C5CE46FDE5FC5F562E0EDC9541C41939E190B008B0E3B533115B4411B,827,1170,RGB
2168,page-2168.png,319319,27479E558B9CBC9F5130FE541C036991804D2A16769AC0B3171DDE6FA71019DF,827,1170,RGB
2169,page-2169.png,268456,E2699A5CE37C22EE1927C74749A6611931A8FD15292937EFAEAC060E326ABB3E,827,1170,RGB
2170,page-2170.png,308681,1CE4549590DE6CD0EE8FD5EB054F40634CC1F9DAADB9616B719F910F18552EA7,827,1170,RGB
2171,page-2171.png,353980,B313878BB9E18958046A8BCA5BA1168BE43E748E39D4EDE710D76DC2E5E39D1C,827,1170,RGB
2172,page-2172.png,288552,BFA2B365AD418D70DFEE4FF43C4AA67AA22394D2F2DC539698ED78D6D72F6419,827,1170,RGB
2173,page-2173.png,293245,FA61A9AE79C199A6F2F633EF0B4434CA6213A0308762C3B2AA7575B6FA0B972C,827,1170,RGB
2174,page-2174.png,261619,AB0A3DC17F729D8844AC66E475DBF865ECFD6E316BA5A0BFAE639AFB26157041,827,1170,RGB
2175,page-2175.png,272129,DCF11CA734CFE451D8D81922DF40F3A363D4FAA86CC33965F3DEA040F6C14E92,827,1170,RGB
2176,page-2176.png,313756,775E154F160CAEC08891958B3389EEA30FEC2CEDEB4A81B60FD3E20BD4D5D522,827,1170,RGB
2177,page-2177.png,315283,7988880F3237779E9AB42C22636A06A489BB7ACFB1FF8CC48D81458C328E4874,827,1170,RGB
2178,page-2178.png,388578,34B12098D6D36663216E86F15B72DE3A47D63ECEE89E608A6AA098B12F1B73A5,827,1170,RGB
2179,page-2179.png,264776,057283640255BEEA864CA9E4585C72EA71B23D7387431170BCF39D2E68DD9373,827,1170,RGB
2180,page-2180.png,371253,779580589A946BB51DD911C71CC50B1C5FF1B25A4F137F8412FB1BA4CA0C7995,827,1170,RGB
2181,page-2181.png,272068,7FDF55A07DB5268DFBFBD1B12E9D2D4CDEC038A57D647B86DAADC9FC53363698,827,1170,RGB
2182,page-2182.png,341052,2CEAF3A310029E30C90CB598A0D17461C1C195907FA5298E76B16EAA8F142BFE,827,1170,RGB
2183,page-2183.png,356009,457F99F5469C79CB86B5FD87A92190C1D07343BE0A4B97727826B6CADA3CE43C,827,1170,RGB
2184,page-2184.png,334725,9DDDA7A9D1C0C75FFCDF2427915AA1A6E29408B7E2C19DA78D809C720C09A089,827,1170,RGB
2185,page-2185.png,270174,A615B4CBFA94286FF6C2674534F452DE611C58474C00164DDD960CFE9496468F,827,1170,RGB
2186,page-2186.png,320053,05D27C94EB519730DE54F2CF79C382EF857946B52A4765A59B5DF705AE55DE78,827,1170,RGB
2187,page-2187.png,303394,1C4483ECAB444CE1477665D0256C55E04BC0B3B5FCE1AFE01F102198630E1E40,827,1170,RGB
2188,page-2188.png,339259,B3B2F223B0E90609D35D98D2D0DDFE6BD7F5527E1E099582F77240574C32B4B4,827,1170,RGB
2189,page-2189.png,337855,2394E7E3CEB84AAFF16818AACF02FBCAB898569CB286CB9C214CFC57A94F8632,827,1170,RGB
2190,page-2190.png,306484,52047BEDB015F1A816A97335F43D16E5C537B7A2C19B8D361D89F3A80B3E648F,827,1170,RGB
2191,page-2191.png,305535,55FB0943551CC6F529FDF002AEF9A8DF0C2E498044BB439FD7F0CB82ACF8EC6E,827,1170,RGB
2192,page-2192.png,358510,CEB76566EF147509FC341B37149F81BA2592FEE06EFBDC0637CADB8ADBB647C0,827,1170,RGB
2193,page-2193.png,345562,B661EA4E8BD5C1AEF1F2FE9BE0C6CFEA58048766A51824BE2CDA6B91D03CFCB2,827,1170,RGB
2194,page-2194.png,350429,B181B43DB3BDAD878934CA222E19B65CA627A217DD909DFEAAA54D379C56373A,827,1170,RGB
2195,page-2195.png,334777,A250AFAEA9463028F902F4CE68D6AFB606B6C03D2205378F1414ED9F97127FFF,827,1170,RGB
2196,page-2196.png,58357,128FB122F4C506F04F2B0DEA3BF53732CC5DC0557BB48F41803C2250860FB163,827,1170,RGB
2197,page-2197.png,288129,B6DCFC396743C533DE4A2AE07F0E12002902D4CF053BC80DC0CCEF7304B7CBC0,827,1170,RGB
2198,page-2198.png,286518,C3941316D3FABD13EEC7708759C83BE5286804F7CCFBB738AF7ECB6488D7C124,827,1170,RGB
2199,page-2199.png,343260,BA0978A2B4C5EAE53E3DE0B754052B0E7553B1F461C0486E3D39C757764C5475,827,1170,RGB
2200,page-2200.png,253840,40696A6439B70DA21C29122E29FEBBCD6AE2BF621C0A4DBF13A4B09959BD368C,827,1170,RGB
2201,page-2201.png,401270,9A2EDE0C39661AE08DF13AA1931D7A1E93400FDA825A182FB8DAC347F62EC2E2,827,1170,RGB
2202,page-2202.png,328066,0242BA210AC2DD9C34AE9EEF106003F0725098DA8DE4BFCFD6953E21352875E7,827,1170,RGB
2203,page-2203.png,323843,53E7C5F5BDD825D204C5A327FB31F8078AA4B7DED4F97005EB7C734BE4D80B7C,827,1170,RGB
2204,page-2204.png,340208,754A4162882F3C41379C2647FCA119708B2724820192D68CE3CE4F8418882BF0,827,1170,RGB
2205,page-2205.png,197212,A5F067D578866A3F1C414CAAEDF4BAB5DF9F2C1BF81BB028F70128015800E218,827,1170,RGB
2206,page-2206.png,270399,78BF863EFBDE580CBFD68F2C5140BFCF65502DA873F2627AE21E7A47DB0B5996,827,1170,RGB
2207,page-2207.png,289436,05A1C32EDD8575CF5D7A3DBB330986BC9307A539D8AEB2D306B099528E9B5512,827,1170,RGB
2208,page-2208.png,336183,521F8C43BE96B04F882909674EEF4F40D9E628F8A96A10CD5153372F0BD9CBDC,827,1170,RGB
2209,page-2209.png,270782,BDB7992B49B5AA4F1F13722E6FCC48EC6E9A586622D53638A67C8CC0D68F1086,827,1170,RGB
2210,page-2210.png,315090,0B86DD152252BB1ED301A6C96F30DEF83F2394E41261A1A6C67BB2D4F9C71507,827,1170,RGB
2211,page-2211.png,291439,619CEA237433C875507EB4A07B3F66CE1E556567BB46739FE1DD195EEAF92B90,827,1170,RGB
2212,page-2212.png,265116,CC721717035B3AB944DF9DB3781AEAC665FFF187EB63103688A1BEF2AA8DB28C,827,1170,RGB
2213,page-2213.png,266661,3A801BD4410CE4E0160BBFDA1B8E2F292265B6DD3213134EC62850BA2C500921,827,1170,RGB
2214,page-2214.png,335734,8221FA1BEB15C7CEA1CEEC0E9ED3EE1D4BA58DD43A7F555364A3C1389AA0781B,827,1170,RGB
2215,page-2215.png,365768,E3383D24DD3B0F64E4A1ED9E05875459CB75C16C264AEE660034E69528551FDB,827,1170,RGB
2216,page-2216.png,355057,1EEFD058E6C0E9411C24E9A0D93FA9CF6FF96A70477C8E65152FE4B6B36A8130,827,1170,RGB
2217,page-2217.png,392839,C53CCFCBA3ACCC87D8E6687957F66F8270C3022BE6832CA3D622F194E27045DA,827,1170,RGB
2218,page-2218.png,357141,A01FB6D86120969990832942094FB1C3DACC65DF2F511A1BECBBA071A8CFDFCE,827,1170,RGB
2219,page-2219.png,327833,CE9C24945BA863005B26BCD0F22B8939275983DDD16508BF5E11029779A867F4,827,1170,RGB
2220,page-2220.png,310176,4568BA9874F179F7F110302B9530D150F02B807E4581C6538F4EB7C5821E2468,827,1170,RGB
2221,page-2221.png,181874,098FB301D1E397DAABD0D798AF67C41892A3EC88AC6777E9A9241DD00C8836F4,827,1170,RGB
2222,page-2222.png,319172,9EB47CB9CAEB072082BA6569F18266EC5F8ABA4D16E7F43DF5EDC97684C6184A,827,1170,RGB
2223,page-2223.png,258009,83B48AC067D2C14061C1BB7B621B2D133DBAC03895723E9F4BBE376401574597,827,1170,RGB
2224,page-2224.png,300553,9BC5E6587C845943D3DFABCB76C1ED309B68AA23EBF2622AFD885139734B4783,827,1170,RGB
2225,page-2225.png,241548,89B323611FC74FF7F8954F1F208CFCAA8F6FE6D5AAE48B78AA2327DF1D54AE44,827,1170,RGB
2226,page-2226.png,344037,62EFCC8E18FA4605C930B040F73197BA9A9E8476083CD6F50A0CD8B1542ED272,827,1170,RGB
2227,page-2227.png,342445,39660E936EF2B35E1CD993F9A756323F0F5657602D2E61CC1C4BD1A64A238AF7,827,1170,RGB
2228,page-2228.png,281077,B4377F96DF480BB3F560E6B096ACA8EBF531245073C547BE5F937E209A0D8ED5,827,1170,RGB
2229,page-2229.png,215601,3A78D621BD856F78527E0C96DE7F9E986605862B5BCDDB6F87C2B551E5BFC156,827,1170,RGB
2230,page-2230.png,337208,8341DCD63C8E710083E7A73BED034239645B16914ECC99568116DE93EC7829D1,827,1170,RGB
2231,page-2231.png,182266,0592C5428C4B4E4B22D3EFAE25328C0E8317711B331043032257870210C2FCD8,827,1170,RGB
2232,page-2232.png,242984,8FC4E4EBEE85DAAC9050EEC3DC7B54F161174A91F55E8D90736FBB6352BB58E8,827,1170,RGB
2233,page-2233.png,270033,294B1C6044AF0C29C18C53FAE4379A6BE430ED3259165D19AE16320C24989DCD,827,1170,RGB
2234,page-2234.png,308999,E472A8299B1B700C5E277384D1296FB16F088F5C715D6A0BA274EDDA38601896,827,1170,RGB
2235,page-2235.png,401642,216CE55D18AC2F867AF60781755D367F2BBE1E70EA1D289AA61ECED316056D7D,827,1170,RGB
2236,page-2236.png,262945,9B660660E50CC2D254FDBF4A303191810F70A0676C5E0C61F4AAD113BE30E836,827,1170,RGB
2237,page-2237.png,317265,5974010EE77E3B5F11B3D187092F0C211073B8CEF17030946DF1B63C6BC2B977,827,1170,RGB
2238,page-2238.png,272170,BEA792C3D109FFA12CEBA381A99B00CBFBCAA05BA78A4D918122430D201FBC52,827,1170,RGB
2239,page-2239.png,266731,B153AF7DB65647DA2BB15CFD8308B2B09CA81A1BB691F3A06BF4658F43C282A4,827,1170,RGB
2240,page-2240.png,278651,77AE6E9133DFF7E0B6FFECD4794EC6B15044991F3955E43A2E81C84577DA98FF,827,1170,RGB
2241,page-2241.png,22034,C450812264CB059C6CAA97601CBABC1F9BBAB0A07C9A8245D94CD9EA59D63EE2,827,1170,RGB
2242,page-2242.png,280843,28E63399B69D4A7D4AF49B23557E628B5B7FACDB29228A03CD09FD14ABD7ADCB,827,1170,RGB
2243,page-2243.png,345879,7F00977E87CCEA912A31C19CABD8D487130835C8CB4D916AE1AAA2A601A022D1,827,1170,RGB
2244,page-2244.png,395325,9FEA5D8A9F52B01A06DFD3BB3A1FD12B4BEE23A8C969A617380A6C68B5DB2F89,827,1170,RGB
2245,page-2245.png,285039,680D174C51BDE38C4ED197691E1FB19D786DB6E0500C002C4ECF296E9DA1695E,827,1170,RGB
2246,page-2246.png,237486,B18A99A05C0FC907435395ABC8BD506F0506FDB20A76ADC07519390197FC3DC2,827,1170,RGB
2247,page-2247.png,308893,0D3F96AA9421EBF141A28075E34B5DE8635F6BE72D52CFB9B74B9EB8A0163018,827,1170,RGB
2248,page-2248.png,384445,C91D4AD3BC0D7DF9AE7112701EAF6316BA9AF8ACAD5A4259FEAC8D0B63A9C6E6,827,1170,RGB
2249,page-2249.png,333030,04A775DB8F2122F6CE5CA62D49A20D39730087DC842A9D038382DD40A54F03C3,827,1170,RGB
2250,page-2250.png,252162,253D890539225061516D8E8C99AB3DFB2C666A17666D76F808696DF1BC88CB38,827,1170,RGB
2251,page-2251.png,304157,0C9BEF8A06E83E002C0975E8BD48FAD28F62B0AFB794D2CEBC1105E1AAC7D1B2,827,1170,RGB
2252,page-2252.png,307299,AB5D3459DE5603C52CA09F266588218333B2E0B45B1ACCF9EA0D40CB16488456,827,1170,RGB
2253,page-2253.png,325402,5901FE351A026684CCEF87BE9ED0AFA8EF604808A313B35539984EDE21F451A3,827,1170,RGB
2254,page-2254.png,318164,6AFB1F41020645A4A628074678E6C02E14672FADAB233AD2D8016E2F9CBF1B82,827,1170,RGB
2255,page-2255.png,299944,7BAE4EED10D816245D229E2AB4996BC1528DC1484BCFE234C981735DD3CB569A,827,1170,RGB
2256,page-2256.png,357792,FA6933488DBDA0EA2CB2C2383A33E38786D2C85AC32D5BC6E9CEDEDF69F160B6,827,1170,RGB
2257,page-2257.png,340896,09281E7F4B7AD569B7BFA63885217177B19C49FF542E2EDF55FAE64DA08C8E07,827,1170,RGB
2258,page-2258.png,308722,D6B52528050C3048C193172C1B11715FB48AF07729CEF3DEA15D6B765C6198B6,827,1170,RGB
2259,page-2259.png,292470,E0FF1221E6FD98660AAADB83A8AA31A6E9060D69C4D0D5B88A87D57D92917F26,827,1170,RGB
2260,page-2260.png,366323,35DCFBFCAA2DAE7017DB946C0369F79735E702B15E10C24BF8A58A48955E15C6,827,1170,RGB
2261,page-2261.png,370133,97A60FE128FA3AEC2A36B41C0763A4CEC65EB0BA8693C4F1DE32BD237C580D5E,827,1170,RGB
2262,page-2262.png,320418,DF4F2FD6C877B28AC26000BB551CAA77BDD2E725B08E1D2123E1A165807B53B5,827,1170,RGB
2263,page-2263.png,359665,94AFE2EFD4F854566F5857C3F4F3D88B65D01D45E0E28F680CD48FE82B66B2D9,827,1170,RGB
2264,page-2264.png,315676,96B0169C078F24FB4DBD82ED60B97EB386C0BC3E531EB6762EB59F376FC9C44B,827,1170,RGB
2265,page-2265.png,363598,F85706E68F6EC1F7129E160DE95BAAA59BAF8AC02380CE5C37BF5719BB78527E,827,1170,RGB
2266,page-2266.png,281254,EC2526E50667CCBFD824C3F67356E3A3149C897EB1062E4630778A989650E1FA,827,1170,RGB
2267,page-2267.png,240072,73D8C77305E9BBCFF6A3050773644D99558EEE0DAC6FD71AA0ADF4C1C1F472C9,827,1170,RGB
2268,page-2268.png,361392,E68F2DEF09535749B1C79B80E401C5E30F6219654F5FA78A64E362E277AE78BE,827,1170,RGB
2269,page-2269.png,242912,08E9FE27BFE16AEE268242BF3106C000667ECD496BDBF1FB9BAC529D9D7DEC4A,827,1170,RGB
2270,page-2270.png,217123,6D042ECB0B26141380002C3F6EBC51DA42A61D5853F1054A1294CEDE7A85571A,827,1170,RGB
2271,page-2271.png,260107,A3B118C974FAC96944D20B2D84D0E0067495F7F8C8631A50838736F2D63C07D0,827,1170,RGB
2272,page-2272.png,299716,1985402B4D796148B47AAEA80270953E3F478CDBF657A81A3D11835112DF2876,827,1170,RGB
2273,page-2273.png,313032,19C5FD163757A7CBFE5F18487808DAC07A0D6F72AE4ABED3434584F67634A4E5,827,1170,RGB
2274,page-2274.png,335183,96288BE62F4E3CF9C01DA1B2BDD43DDDF4428B64174AC3F9D01236E02AB1E250,827,1170,RGB
2275,page-2275.png,238600,29E48F1C5D1DB7C4C5CD8C15955FE6988D9667CB5BA9C6A3ACBEBCE14D282D13,827,1170,RGB
2276,page-2276.png,223092,3C93852DD78B84E17DBB6EE69204644D70F3352DBDFD37075CDA65A849517815,827,1170,RGB
2277,page-2277.png,264986,BD708E85D50E9F6CC261E6A5D40EA24669605908979D6CFB2ED87702356DF976,827,1170,RGB
2278,page-2278.png,206422,F6956F6A985CBA3D1BC80CD2F76DB38C60A3CF7DD0C0CC8496E0261357B4AB55,827,1170,RGB
2279,page-2279.png,253692,5B90EB8FAA834F007DBDDABAA53B76CF9D2418EF466E3F5F79A578C9CC88E8A3,827,1170,RGB
2280,page-2280.png,279445,B973AFEEF2B482BA29F4D2CFEBDDEBA526E327ED75A72469966D8BD3A9A71C73,827,1170,RGB
2281,page-2281.png,315205,3F14663A55B8419F7744A60F72F9DD15ECB067A1B4FE84A9DC97329C3AE372F9,827,1170,RGB
2282,page-2282.png,364324,1859A4DF1CAF17F61BF502CAE3AAC77B1849B8CA2CEE1924C582C3A4D76AB75D,827,1170,RGB
2283,page-2283.png,284467,8F6FC745DEE3EEA8EFA93250388976AB1C238FAF56E388824AAD36251ADF730F,827,1170,RGB
2284,page-2284.png,240239,ED7AE15963AB21BEEE0B40E534ED051F9ACFF59A566EAED4249A40207280EC41,827,1170,RGB
2285,page-2285.png,160762,3802B6FB0EE559CC42CB347A5E2B5F86E77EB5D357E17825D980D4F23BFCE260,827,1170,RGB
2286,page-2286.png,261627,521919CEFF2B74036D3A20B26218A065857E57B6E78B3092B2FCCEEE78A4A652,827,1170,RGB
2287,page-2287.png,251104,73E9BBCFA68A482DC524652FE4FF2FEEE394A6463FAC792A4A7B15BBF991CE59,827,1170,RGB
2288,page-2288.png,316254,CFBE1B414757D55AAAC4D1F89AA5514A0F5E31966859E71DAE3393653C3A313B,827,1170,RGB
2289,page-2289.png,334102,85840C82CBB071D1439B88348CBCE80DF87C8ABBC314E18DCD454A9C8C5840BF,827,1170,RGB
2290,page-2290.png,195473,F5CF65526E6DDF0365BB1826A28A07948A7F1903EFB7FD165705B6608517C0D2,827,1170,RGB
2291,page-2291.png,270091,E7F57F7B62AC10A6824EF76C6375CCFFA5B0E79AA6C8B362055E75652F5F48B4,827,1170,RGB
2292,page-2292.png,334080,63B8E326ABF9A94680D9569C3A7EAF258A6E40D7246F51681DBA591D7FE1B1B5,827,1170,RGB
2293,page-2293.png,319510,DDA85D5A4570806F0EB4C7FD30908F0AB66188404FD65B19EBBE64CB7D302A07,827,1170,RGB
2294,page-2294.png,251818,2662917277EA5D0367F0D192B593AF0208EA1F8A9FA2EFC7F03714BE5B9E2DF2,827,1170,RGB
2295,page-2295.png,280579,63722A40115631C141EB73BC78F6BE3B4C5E1CE85F6CCC805041F17240E5C206,827,1170,RGB
2296,page-2296.png,280761,1548B9695F3F4F6D35A52DE04A95275031AFACC8699CC259728D2161B80010ED,827,1170,RGB
2297,page-2297.png,242028,84D9C7DF787BDB4993E967A80DA3A6C7728C3F126229BB9305D0CD88FF074C35,827,1170,RGB
2298,page-2298.png,315585,08C09E84465B9DFD642C284232999BAA5503486FE359E50E43292534EE6A1029,827,1170,RGB
2299,page-2299.png,325602,592142C6C8858B983C76E31B71063851C19E9F1869DD715D507EF03A1CE25678,827,1170,RGB
2300,page-2300.png,315386,F83584A9E0B89E722B258E85662507D0C31A88F8DD8374B6679D2C8D0ADBD401,827,1170,RGB
2301,page-2301.png,340641,EA174A8E94F9655AB1A8635D0D05DDFBF5591DBAD95472ABD49BBA114FBBDA8F,827,1170,RGB
2302,page-2302.png,330076,A56E4BA074DF476CC10D476F190B0E6D6D83C9D0669726020693215E2E2E8694,827,1170,RGB
2303,page-2303.png,302217,94B881809475FAE5A2FC3E0CC0A857CF793E59FBE5B5A6701D7C2C88E7E088F5,827,1170,RGB
2304,page-2304.png,290271,64D3BB374FF1A50582E8865B85ABBF68AE19D9DAA2D0C5D2DF1F4FFFF8C36B25,827,1170,RGB
2305,page-2305.png,266304,0DD556DE3EA1B0FD93247E90DCC852FD3A245B529858A99D25C38C0B10A8CFD4,827,1170,RGB
2306,page-2306.png,353510,A878900B661088424A3AAA6F677D7A5A85424AEDEA6A756D2DE1ABF54D623841,827,1170,RGB
2307,page-2307.png,356115,7EB5A61A06B1A339EA59DA97574A69CE766E7D4FB513961553C92919E6A7210E,827,1170,RGB
2308,page-2308.png,294888,F71FE3975EFA263F20F54A667BB63278350E0854353F978F3BD48CB6F5F239CD,827,1170,RGB
2309,page-2309.png,197282,69496A6403A5B7D87E41ADB5AA84401275ED8F59FB74426F8B338438C26E3BCE,827,1170,RGB
2310,page-2310.png,283146,E482DEC44CAF78A94878963E93499A5292E9796D1AB717098CE52BE1006DCF3B,827,1170,RGB
2311,page-2311.png,342416,E41692031E08A88B14F3E40BB943B18E283148A09545E0F6C549DF044FE3C695,827,1170,RGB
2312,page-2312.png,348876,9981DC722CF0E18C1CC9E5D200636FF30CADAA0E64C6F6ACD1EFDA5406732C64,827,1170,RGB
2313,page-2313.png,387686,0F4C9A7428A5CCFFF0EAB5F9006021042F8766D484724BC887626F40880D1DD9,827,1170,RGB
2314,page-2314.png,300309,980B52C98BFF2FC11568FF7830FC45789B82BAFDB48C1306AFCD3CF6791B72B2,827,1170,RGB
2315,page-2315.png,303419,5F7DA4FFFED85761B769F090554088D58F3B08AF43BFBDA0945EB3A197881967,827,1170,RGB
2316,page-2316.png,365171,1C4449142B9CA02FA0F7BC1256D0C0B531A0F72B504D0B9CB85879A0198E6F05,827,1170,RGB
2317,page-2317.png,329434,F37971B98A9B67CF54AE39EBFDCF25141EFBF9BD25187BC46BEF84442F09EB9A,827,1170,RGB
2318,page-2318.png,342272,3017981DC37D8AEE51F2ECD8F315C3AACF7AFE76352EADE8B2C4BD5DCADC255A,827,1170,RGB
2319,page-2319.png,326781,425CFE62A9AA517811EE5ABA6B0BB04428F29B2AB9BDCF34A9160C0E1F3B64A6,827,1170,RGB
2320,page-2320.png,355749,288AB89E3C005A16AE7249BE744FF242FB4122A75140D5A6F8C39951C3CFC06A,827,1170,RGB
2321,page-2321.png,354741,43B6ECDAA1ECD9FFEE99C42274735749E4B557722CA92ED98754C7992EA7E564,827,1170,RGB
2322,page-2322.png,352080,28E8DC792CD644465D7001AF4B608EEBDC5D7263C8C4B314AFCB1B1D28CDCC8E,827,1170,RGB
2323,page-2323.png,330981,62A6D1E0DB4217DBC6CA64B1C4A04326996759456D6B0C334C6769F8136AA30D,827,1170,RGB
2324,page-2324.png,364023,6C59AD3BCA12B24F84CE8BC4A9A6D8076C6051B63607EAAEB16912DCF9B4E0C0,827,1170,RGB
2325,page-2325.png,322753,C1BF5D196D94E5835D56924FA518BEB591F71EE9E264E1F92F5697C8EE080E89,827,1170,RGB
2326,page-2326.png,318285,31DE6D0BA3F6F316EC325CFFB7D2A8CB5ACBE7D775A70F38F15ABFEF7D05C19F,827,1170,RGB
2327,page-2327.png,325352,5ACABF9BCD657EA9F36BDFDA9CEA2902B9CF90007F63A36098A2F90DA3B977F2,827,1170,RGB
2328,page-2328.png,293823,D36B90C478A527FCB790DA2F652DF6932CF49A3E87AEDCB78759BBB38AAE96A8,827,1170,RGB
2329,page-2329.png,281840,263F30525A7E6997BE00F1D2F1DCC43FC817142E2D7AE4D17CEE35D0771A2D81,827,1170,RGB
2330,page-2330.png,278959,A3ACB8388644D795D23AAD4735439CACF74921D7B19DA1F5AADE1FE7CC889C84,827,1170,RGB
2331,page-2331.png,262770,A7DA8B3712895A0AE6420AAA41B505C8ECEDCD3CA646A7AA2988B0BBF917B12E,827,1170,RGB
2332,page-2332.png,293884,B38714431E414A5E386B1ACE5C1725017D8641F104ABA5DFA4C010AD0A61991E,827,1170,RGB
2333,page-2333.png,238622,9A247134D7CE1488436600F23B9B6F2FB4747A59ADD9063406904A7E991D9DBD,827,1170,RGB
2334,page-2334.png,232284,1248188B8F96D299C1A7F2FB8E676547D6E0CFC79974DEFCF7430C1F7C37614D,827,1170,RGB
2335,page-2335.png,227257,3A7C9C65FDD00B129628BA00495180F6D5E801A4651DB4389D4012E4C16D375A,827,1170,RGB
2336,page-2336.png,210082,15C37C4ADF7C4B61BB814EDF0F56F55779FFEB1818BF36189A0A5A2DEA89B6A9,827,1170,RGB
2337,page-2337.png,261462,75660ADE246AED8CF2402DAC78BCAE43345C49B9ED085A07C92D06CEB88A9F31,827,1170,RGB
2338,page-2338.png,211794,C1C9909F507F9133FF7A2B772DF79E334FC887701BE4C6808DBF02588E8ED46D,827,1170,RGB
2339,page-2339.png,270057,6898BF955A515DDC8889B504E573046A65BAB23090454233709A25888BAECC5A,827,1170,RGB
2340,page-2340.png,284440,A45BB40082FE634A8B41341FB56B07237C5A829E37107CD51D5A25E0BDDA5FB1,827,1170,RGB
2341,page-2341.png,338006,54521530811A4DFC994FEAF1C0E9CAF3745373716984A1B32557B5B5DE92660D,827,1170,RGB
2342,page-2342.png,337640,FF3CDDAF721BD934DA1CFC6FDE670CB6404A067579BE0588E16B2E8BA4D2B01F,827,1170,RGB
2343,page-2343.png,386425,97484B86900126C85CD02DC07D028E691157382CD00FF8AA689C2E4FD1309FB2,827,1170,RGB
2344,page-2344.png,289935,99FC89B32FF7DC3B73E7A9158BCB3D2473820F10F1E4596B85C0869F4057BB2A,827,1170,RGB
2345,page-2345.png,274937,0216F4F529DA753FBB4A135FF47A78176C365E15F9B7226F7002FB75319E4C81,827,1170,RGB
2346,page-2346.png,126958,461F0457A7E72A0DB722ED4892D9A68DF81B6783508C64119F69954BB2824025,827,1170,RGB
2347,page-2347.png,256976,9B7137A2834C1650CC28FA7FCD4283F731CFABCC29350F85E75D5A158A32E5CE,827,1170,RGB
2348,page-2348.png,223909,0748EADB659ACAF11DD0B5706B9B1B0C666AAE421699603EB3E72658A0C6488F,827,1170,RGB
2349,page-2349.png,216382,D74CE44CE5E01106B4E60CF0C56853E69500868E1CE15394E2A6E236205E8019,827,1170,RGB
2350,page-2350.png,202705,9B7E481BE93ECA5B427FA84DA61F49640BBFD6D87613CAC37D50E87D5FB77CB1,827,1170,RGB
2351,page-2351.png,299232,3E3BA60B379B81E2A2778771C8049BBE682BD09CE900DD21FA53D04F31F9E55D,827,1170,RGB
2352,page-2352.png,309846,3AAB8001382EF6F4A701DE214AC1441021344B92E67D7375AD1D3816D57CF4C0,827,1170,RGB
2353,page-2353.png,310527,0FB7A0D201DAB119FA95A6A37B1190DF3167AC53286EFE57AF4A786657D428E3,827,1170,RGB
2354,page-2354.png,265848,8EE34A58B439AEAB3865116318041DEF32F13158B51ECAD0323927B2FCBFEF30,827,1170,RGB
2355,page-2355.png,277502,20C7F0AC166F02D2361EDC63F1530E12AA9C259FF98467BE6EE51B5B09AEEA4A,827,1170,RGB
2356,page-2356.png,201154,9D3426290756A186639D01772B7B2DA0149EE27E385DA8EA1212F4A612EF3467,827,1170,RGB
2357,page-2357.png,247160,5E0519905AB17CA8C1A2B312671BF84CBB780AA286B69FE603F6883E38DBEDA8,827,1170,RGB
2358,page-2358.png,263106,9860E76274BD41AFABE088ED378DE0FD863B9C05FE422ABC4490A808E18E1607,827,1170,RGB
2359,page-2359.png,231537,C52BE4B8053A146EC37D87BBE5EBFFA95A69A8ECC118B1C4728F3ECD491FBF66,827,1170,RGB
2360,page-2360.png,331965,FD56053636FB68F8968A33A25E52F1824EA78DA866AB6EAA7CCC6CACF7F325DD,827,1170,RGB
2361,page-2361.png,214713,C88CB41B9C13360B85311B68A484AC190F63CF1ED904E98D390174EFB99A9578,827,1170,RGB
2362,page-2362.png,233120,AF8B453733D9896145A9D3DAD675B9383A8718F525A64ED3BC3EC8E5018DA3D3,827,1170,RGB
2363,page-2363.png,271738,9E22A243344F39155C6E9CBB236339A831B91FE393BFEA20836CA51E86E7062D,827,1170,RGB
2364,page-2364.png,329368,1DF082103F7A3BDD8A22F3CEDFEDE401BC072689CABCC44CBB604B651D309F16,827,1170,RGB
2365,page-2365.png,371868,D8E82A7A703BAC782E9DAE8F25389BA8502BA6DC2FF5486CED1033E16A4B3601,827,1170,RGB
2366,page-2366.png,261760,9632BA78D156793671FF62F2DEC188422E8C65DBBDE4BDE9AF16DE1B0BC8CC2E,827,1170,RGB
2367,page-2367.png,273727,5643D747A5F9891D6E49F538A6735031CEBE9B371CFFB30FA1F47BE456F8A7B2,827,1170,RGB
2368,page-2368.png,291931,2C6DEE24BF365FBEAB9B5425DE5C00F6DB49B897D6F1E31E9CFC51B12D201B9A,827,1170,RGB
2369,page-2369.png,367055,3A54555563C63B6418173F9A077769E4AA284FD0ED9DF42D7A926280624E0391,827,1170,RGB
2370,page-2370.png,330052,91652E41BF0004B19C0E9CD9EB9B32565679499BC61EE0DC7E3F07817F50A2BF,827,1170,RGB
2371,page-2371.png,257361,0FE6989BFBC65B1FAE5FFFD4CC23106367B2F24B4D6BDF0E18B43EF99FB90AC3,827,1170,RGB
2372,page-2372.png,303345,EA915427581DC7552A2D6E6CF94FBEA0F492DF3557208F2F5617039F0AE8386A,827,1170,RGB
2373,page-2373.png,300512,DDA3FC51D886DBB1536CA63B1151892F9C8153E5BA25CDA62556666B9959D336,827,1170,RGB
2374,page-2374.png,246614,60B8D0268B2B511E9A3A980BE3EE4F6DBD24ABE8F26D7C229B94B85301AA2B41,827,1170,RGB
2375,page-2375.png,313809,ECA400BF6D2630EB6EB39DD5F44E76DBB5EFE1DF21FE072C798CB04BB8CD3674,827,1170,RGB
2376,page-2376.png,278831,939B4871FDAFFEA5117F05DB113AB772583F4EBA71435F8ABD8B50CAC8F05800,827,1170,RGB
2377,page-2377.png,305299,A103E24B61D03C830842D0A755AEEBE5F1030EAF2C692AADA87A0082B19A2528,827,1170,RGB
2378,page-2378.png,306239,6E265BD415A2B3FFCD127EC3F0F1B58367D1E13C29E676E0A70068767A221EEB,827,1170,RGB
2379,page-2379.png,316485,7AA7F6FBBD5CE80992BC9F5190CA4D711066E899D71F52C2606CFA590E467314,827,1170,RGB
2380,page-2380.png,377793,89B5EAF7AE5BA6DBA7C10928ACADFEF93968FA7E18BA8308B636301FF5568ADC,827,1170,RGB
2381,page-2381.png,272772,B3D377B5A72BE456C8CF4FFB2E20F899AB63B406B7BBE46BC52F87A38F86EC87,827,1170,RGB
2382,page-2382.png,286348,BDC4F009B5585A94EEF720BBE39910985C2DD197EF8DC17EB57F2634DD1CC2F3,827,1170,RGB
2383,page-2383.png,234517,D8FF39970EBF2A864AF072A2FF7A328DD0C85CFC874EB1D9EB31AB6E6468FFF4,827,1170,RGB
2384,page-2384.png,294715,C1C5732C57EDA4DB4D45C29A6001F1CFC643F1A9C9BDFCDAECB89FD683CFD73C,827,1170,RGB
2385,page-2385.png,297567,977D5BB13A833FB32438430B34CFA9849B6859DC8CC5F75095F64F3D8204921F,827,1170,RGB
2386,page-2386.png,305319,AB0AD0336296064795055E7E962E0FEBEC605FE207D06663A065E069FE723D06,827,1170,RGB
2387,page-2387.png,260624,DA5735A8026AE123108AAAEA81FFFD39D4E1529A959BAEE47310C5542229EEB6,827,1170,RGB
2388,page-2388.png,233360,EB5C5D5CED73A2BC0CB483ECB782E51CE9F9B83D7755903267576357082F4F05,827,1170,RGB
2389,page-2389.png,251935,256C98C4338A21E66AF96BF9A2EDD42D01113C22F5F7CF12A1CAE9161218EBA6,827,1170,RGB
2390,page-2390.png,300689,24E28CB71B763C74AED1AC73068348AD01B076DD4D26237F2DEF2ADA45F6F27A,827,1170,RGB
2391,page-2391.png,306930,361CE5D72A66FF38D0998CA985B5EBD77A100E8BFB23FE7E26A10E5ED477BDEE,827,1170,RGB
2392,page-2392.png,298940,A0862C7374657FD71FCCADB106A23F2A9A813EF0EA53200A4C58FC1BAD3F44E6,827,1170,RGB
2393,page-2393.png,224185,9D0858A4296D29AAC3319CC8AF5ACFBC0A67089D96BF392038718CD7C77793B3,827,1170,RGB
2394,page-2394.png,186798,EF6DA1D5E166F8392DE927945D5DDED2A8BEA429B51CFED50EB10E0626A625AD,827,1170,RGB
2395,page-2395.png,236913,BEF1839BFA17327A347C13C3699551A8B962C1FF3CFAC2546698B18BE15967A1,827,1170,RGB
2396,page-2396.png,225664,18BCC7CC61341D13501A090641C622EFCCCE785D80251516CB1A631CB7AD48A6,827,1170,RGB
2397,page-2397.png,225056,66C72ACFE606816C1821627F45516FE7156B0350177E12EDF9827F78ED4469C9,827,1170,RGB
2398,page-2398.png,213946,E6FAD1FD168A726D8407F87B9BBD208027BB3A658545B8A5CAA7067262514278,827,1170,RGB
2399,page-2399.png,238515,02A3A410BB0E99C1E0ECABD1C6D9DA9A2CC7FB644D6B34FDD2800FA348CED0C5,827,1170,RGB
2400,page-2400.png,288337,3F383627678706BA0670887A95AD64E31A69332FEFAE9CBE1A2D84A83818431B,827,1170,RGB
2401,page-2401.png,214966,3897F39E86755350C725579D3647608E61B1486B45ECB2AD5DA27BC09C08EC01,827,1170,RGB
2402,page-2402.png,283441,B02D209721E5531111F82733D37CA811CE4E3BA9A64CAB0FE00475CFC7137956,827,1170,RGB
2403,page-2403.png,273992,82F5A40730D842E6B017D86359308EC2253F42AB56063D0EDE71B6F36EA36692,827,1170,RGB
2404,page-2404.png,327495,9E2281350DB5C1A616479329D0B4B8166F20F1F706595826C9A544348B7ED04A,827,1170,RGB
2405,page-2405.png,286165,AC1D70598EF39B49BF9EF894642B8C72A4460F389D14515A3C359662DCE6CBFC,827,1170,RGB
2406,page-2406.png,303682,5014B0B9817AA8185F1C568A18205B0B6D9A350C5B2F3A570F85A34AB215D2B3,827,1170,RGB
2407,page-2407.png,282323,3A0C6C56C74B6DAFDEFB6539DA026C39BA474805FC16D7B13E1587285FFBF55E,827,1170,RGB
2408,page-2408.png,307372,13CD59F1E164DDE142C7B32BF2F5E99207763CCF7CB936833410FC0861AF9AD4,827,1170,RGB
2409,page-2409.png,263571,20E26B137A056B37A98C9505A39768813F8741032C99C96C94E1370ABB9FF62D,827,1170,RGB
2410,page-2410.png,368588,E3FE2AD899B98016598C6EE7982C23093479A4A03F788D5FE380E7E2FDB5B631,827,1170,RGB
2411,page-2411.png,346570,D966F7C308D4284CB6D8E562FDD017CB25E7BDEB398705DB14581D14DA8F3F8F,827,1170,RGB
2412,page-2412.png,317477,2F821FEFDDE27DEA3C2579B00EEF6BCB60DE3EEBA037C025A4389D70B421F980,827,1170,RGB
2413,page-2413.png,239120,44A68B893CB5F2F8F1FEA870626C15D9784D717E31C0A39E1CEE3E68DC3B2FB6,827,1170,RGB
2414,page-2414.png,311512,AF5E1BE07B14F3DDDD06FCF83FEE8F8F1736677A8A5677DDBEFBD604BD373ADB,827,1170,RGB
2415,page-2415.png,325112,83489C84EC10D238B1565E9A23C58431C045E1C511526C4EFE34FC71133648DB,827,1170,RGB
2416,page-2416.png,355747,ACBA88E25FA49BE02CCD33C285ADD651DDC5F4EDE68CED4C5FE610EC959F9353,827,1170,RGB
2417,page-2417.png,275413,1F0E966D91C11123B9FC4953E44F0DED79CB30E0137DAF8573A3B636661C00F2,827,1170,RGB
2418,page-2418.png,305566,D668CF890932E503D20865724FA0BD91F1B5A6924CFA57CE1785DF8D6DE031D7,827,1170,RGB
2419,page-2419.png,337162,1099DE656BECEFF7D4FF933D7FA8264F499C1D80B6EAA81752DB40197CAA423A,827,1170,RGB
2420,page-2420.png,318098,945FED80990F2751D4C3573CA8CA6817FA913E4E8016D936E746219B21582EA2,827,1170,RGB
2421,page-2421.png,306456,B5828A81FB5425B23D6865BD1C0C9116026B736B67639A7B3F5B77BE6A312B7E,827,1170,RGB
2422,page-2422.png,332491,D5EB481431C6FA158CC6A8218B0EFEBB8067558899C7E03ADF7CD27D39687B49,827,1170,RGB
2423,page-2423.png,318183,334F15C92E48251216C5FC121574E303F7705072F2795C9AC5A07516239F0CA6,827,1170,RGB
2424,page-2424.png,258921,ACBBD0153358996F85511F3279BB9137B8837B1C4496A4BA727DE5BE491FFB15,827,1170,RGB
2425,page-2425.png,243398,24651A3255EB4446E8153BA5B0AE0A435A1860D657EC08255E19E283837CD274,827,1170,RGB
2426,page-2426.png,307059,7C05CF056261B0A28076AC68DC1919D8E7DF5201CFF9443A4F94B5E96165A95C,827,1170,RGB
2427,page-2427.png,259997,340FAFBFC85084D1E13A4620FD9E4552F82C29D77311F12BE409691400219DD6,827,1170,RGB
2428,page-2428.png,302479,C77BE52C02BCC35F31E484CEC20304A528E02DE33933DBDE84BC46E978A79ED2,827,1170,RGB
2429,page-2429.png,280948,63D1B4B2EE34F4DD1A2A0080DC63A3BB69D5767763298166233D748481FC1E75,827,1170,RGB
2430,page-2430.png,337687,521EF9364FC02BC5389BDBF9363018C7C943B4B06052649E65F846A5C660617E,827,1170,RGB
2431,page-2431.png,22480,D23C60B02B791F80EE097D81980B9115FF69A49C79678EB37BE26A42C86E955B,827,1170,RGB
2432,page-2432.png,232891,675BF3104F2F20A49789C7527189B9DEDB23951B14DC7056AAFD62E63E8B391D,827,1170,RGB
2433,page-2433.png,260644,1F05301E138DA52A29066593447EC5D894B21EE8C490A821B2C225A467C238AE,827,1170,RGB
2434,page-2434.png,267754,8B416FA7523EAD151D50D7C18B346D47D7EA36A36638A23491EF9B39797E95A2,827,1170,RGB
2435,page-2435.png,302118,2AAAAE8E454D01D4F7E334F758A5551BD781580249656A48A7AA274F962A2978,827,1170,RGB
2436,page-2436.png,257664,17F9E61C32A5E35D4C1C108903ED111CE6300096ECB77A509458BFA06EFE7625,827,1170,RGB
2437,page-2437.png,228403,1CC38FA70745FB6B5F12C328407F800AB01B3936AC0D42C93FA2BF3062383A4D,827,1170,RGB
2438,page-2438.png,209884,F5ABC1B678CD36BA8A8D273D35A3DFACC927C38371B3BDDAE5BA647B0711D849,827,1170,RGB
2439,page-2439.png,289432,DBB09B1C5068ACBD9F7C643B41FF9437B963C6F31EFB36956BFF3E662AA9ADC8,827,1170,RGB
2440,page-2440.png,258046,ACD0462A9EA4828CCC81C0A4818FB4FC4AE4F9FCE3814D51AE0AF7A48189CD24,827,1170,RGB
2441,page-2441.png,291147,B4D4745B5430524AB5CBE8E29FCE96E32D9CAD68AE90572884A1E873CB17B7A3,827,1170,RGB
2442,page-2442.png,233997,8EE874FDC0E4DAF0664ACFEEDC54E49A382B3292310A627DEF4E9D7B0185F387,827,1170,RGB
2443,page-2443.png,198323,C6071B598F05FF147D2E58135B339C20BB3BA429DCFAAEA6D93E8721E1724A25,827,1170,RGB
2444,page-2444.png,213475,CFB8E43780EBF8B21B86F3248E996799316C1C5AF24203B8E7E2A2C26A5E667B,827,1170,RGB
2445,page-2445.png,272573,EC2F1D0DC350D20066DDE4AD2696380569F5E76A4BDD1107588258D57C0AA9DF,827,1170,RGB
2446,page-2446.png,257321,0FADBF2E8C6783A9D28B6CCA80668D0A57134FAC2327D8DD720FDF8DFC1FE457,827,1170,RGB
2447,page-2447.png,226656,F9AD339EFF8FB0B7038AA59D36FF38049F8834A54C4C4E96BA49A51678B77C76,827,1170,RGB
2448,page-2448.png,193269,1DED7F2B45A393701E2107510591D52997931DC9A65A050E77A303A87966303A,827,1170,RGB
2449,page-2449.png,227140,00C98A5FE900B5A2D4907E41A7A21767A5817F28BEB7DC9424F41D6F99772EA4,827,1170,RGB
2450,page-2450.png,194521,A3D4F8E96E2160DA711672ADB2D7AF4D42539FE8C2F196088A2271AAEF811CE4,827,1170,RGB
2451,page-2451.png,308012,F7E53684DE28291A59A4FE301D3F9A36ADCC66A36DCE7F50C8BE66C3116C450E,827,1170,RGB
2452,page-2452.png,245000,7BA51D76A4479BEA68DD60859E773955B7BB86E339054AA18EA9B51BAAEAEBF9,827,1170,RGB
2453,page-2453.png,237798,174B03D647BC0D8D21E1704E2547AF4D340B3C859931CDCAD6FAA1CCA7407F66,827,1170,RGB
2454,page-2454.png,321129,C354861D4AD98C09375F8A7FF5D1A13D548F1AEF6D3C824468ACE48959F5547F,827,1170,RGB
2455,page-2455.png,387290,1DF025EF7AF195789A56457DFE6EF9DDE6BD21D337D8BA2FD4454E2E996E71FB,827,1170,RGB
2456,page-2456.png,253518,CD92AD39E7B409A58A10765F0DC6099F146B5B78D0AE5F317ABCD346AA718FCC,827,1170,RGB
2457,page-2457.png,298380,1ADB01B9E0CD206F7E2B171D3EE99EF89A6AEA3281D641DD63EAC83456EE7215,827,1170,RGB
2458,page-2458.png,282221,9C14F77B9EDDE32D5D52D090813D85B543C43946D8FBD54AD1E49F7E5B2B6510,827,1170,RGB
2459,page-2459.png,170962,06CE7BB6770DEC28D1666A3A095588E1194621CA2CC5DF41EC6900D072FF3B6B,827,1170,RGB
2460,page-2460.png,273041,B4FC92210FAC32A5E0D5A6C958C709DEE5BC2233F98F9DBAD5EA774AA237F080,827,1170,RGB
2461,page-2461.png,307413,8F0AA220CA2EA8F7D977223D727EE298E9ED363EAA785326373A0D2CF2989203,827,1170,RGB
2462,page-2462.png,248625,B0BBDDEC16391B2B84E9CF5886233C4A42AC0B209CB8E7395015226BFDE55A60,827,1170,RGB
2463,page-2463.png,213110,7F5B16B18522625C91D0DA5680A67562A5335801C1EFADA2945C746D7838CC7A,827,1170,RGB
2464,page-2464.png,277808,F4539E8A50C8805181CC3E55587849CBC061673F635C1102992A92C0222333C9,827,1170,RGB
2465,page-2465.png,341744,7AD42B8A34C4BE8A772D4AFF155E5AA2989978E26BE65E81F928EA883A8963F5,827,1170,RGB
2466,page-2466.png,256873,E805237D1FD5784FAD0E0866D46328F698C9FCC14672EFA8BA3DD1E24724B0C0,827,1170,RGB
2467,page-2467.png,234477,61CC8130D4FF69B7713FD6050874B371BA4008EAF3A74701DEA5DF04EBF3B8A6,827,1170,RGB
2468,page-2468.png,236158,955ED77951DAB7D5FB4D7C7100E9C73FF83C3F2170959D70742C2F32732EE218,827,1170,RGB
2469,page-2469.png,276257,02ED24C950590A918E700DAD31B05417594FDB6D96F8B2F47E054A15D480C845,827,1170,RGB
2470,page-2470.png,256261,A5F009408C5D46431FA1898BE159FDE30EE019716D8CF4A70586959ADC7DC74C,827,1170,RGB
2471,page-2471.png,312099,72199045DFF9BD8E07796EF835DFDCA0B36F135AD37A5E7F3A50FC6CDB6567CA,827,1170,RGB
2472,page-2472.png,322487,23DF68848D6E0E4BE8303D7316CCE9D01C64A72D8E08665A33E3D1C1C4A8FAAE,827,1170,RGB
2473,page-2473.png,294177,A964203799844C0085D945A9554A23E796B0696FB7D0AFDB14023E2DB5F4408C,827,1170,RGB
2474,page-2474.png,330960,5BE497935E7EB790DE3F7DAE29D0033A89717929858946DFCDE2A1124E85BF69,827,1170,RGB
2475,page-2475.png,332682,F75F782F266F7597681D6CE18BEACD8EAFA8B7761B9E0F922F6D3653EFD889C1,827,1170,RGB
2476,page-2476.png,341099,86ABE3FDD5630D74B9002E28CA8DE07224C04F7EFD36338929843BFF52B8B58E,827,1170,RGB
2477,page-2477.png,272857,5B8AEA171ECA0CEE845DE68ED4899418614CF31803993AE25C130FA87FADD008,827,1170,RGB
2478,page-2478.png,298374,D31E99B9F7E140E3864685BC8B7D997CDB0FAFC681D3A70397FD054209E18762,827,1170,RGB
2479,page-2479.png,295998,9C0388A758310F029E3E05F7D83127F9D3D55E101A47C1219AA9116350BD3302,827,1170,RGB
2480,page-2480.png,344298,C2A7548BAD15F302CB905FE148F4DE8B08561572143B023762B7EB63CDD64377,827,1170,RGB
2481,page-2481.png,261420,126C971A470CBDB90FDE2AE2057BCF5D919E63818DCC74EC63262C66F053195D,827,1170,RGB
2482,page-2482.png,308563,4EEC53A34D617EABDDFC03A7FD877900521E5C6FA3652C34B920254D54630EB4,827,1170,RGB
2483,page-2483.png,361499,CB0067B27CEF19B513624049633049E6FB2DEE805A4CE104278EFAAE68CC0575,827,1170,RGB
2484,page-2484.png,246737,F91CDDFDC4BAE5DDD5EB59A42038E7AE950D1F3315C8E219962D2D875DE37F89,827,1170,RGB
2485,page-2485.png,329762,A996DFA7DAAE34D86D702BE900C40D6550CAB2212271BEBEB0F98B2F2736655D,827,1170,RGB
2486,page-2486.png,339989,BD21B16DDE2BD865DD4F998EBA3D625A5BCD23E55C8824185D51E9B6A9CFF1E6,827,1170,RGB
2487,page-2487.png,287540,A881D56AC5683474AB54967A39410F7437E1161EA398863F014F760E5F1D9B01,827,1170,RGB
2488,page-2488.png,429167,3742C027FBB30A84BBBDC203197273B0738A871A269A849E068E51C75129A1FF,827,1170,RGB
2489,page-2489.png,278107,D882874CCB83C788AF7F07E77790976DCC356FD1491C136203533F54E16B674D,827,1170,RGB
2490,page-2490.png,274230,CDA38370C6C02C4AB6671724C5777893BCEA06C7B411237B7F7EFC9E53B74DA1,827,1170,RGB
2491,page-2491.png,325083,F855618CC4FA260180F5B2917B527C1552338DBA327BE19D955C563BB62BAC86,827,1170,RGB
2492,page-2492.png,362408,97EAD421722E3748721E54C25E8383AFF16989E8B4693E42635CD395A46D2948,827,1170,RGB
2493,page-2493.png,207436,67435E4DE62CB2E5DDC4754291AE980459530F8629E20F7382BCC250006780DB,827,1170,RGB
2494,page-2494.png,354806,27E045C0346BC4661E8E308C738EEACDB1017E3E9F6199FCDFF5D0BED29F5C1E,827,1170,RGB
2495,page-2495.png,311242,871531EBE27F8AFA8C8E47106123578F8784FE4E61C2156CFA31D47F96DBE0D9,827,1170,RGB
2496,page-2496.png,361192,780C90AE8EB879A87C6650D370621AA18EB2ADAE95F1BE350CCCA7423F70E2BF,827,1170,RGB
2497,page-2497.png,301451,8FE8F5875FD339476D68E1CC35788343B5046384D5EE1A3E1EB19F508E84D6BF,827,1170,RGB
2498,page-2498.png,346051,5BDD919B18514224F368F5ED492DA9415315C0BAF72DB71BB30B135CCDDA5D59,827,1170,RGB
2499,page-2499.png,324362,3B8FA90113190A9219F35BC3BFB8B3E38ACE48AAFE8CBD64D5800DD2B739058B,827,1170,RGB
2500,page-2500.png,336638,E5EB78C596F3FE3F95582469D772A3BD869A1F6B00906126F6B12AD859F1C00D,827,1170,RGB
2501,page-2501.png,272340,E830DE2FB405A81EF173D1BFFFF64F6699812347E41403819A6FBB6BC54DEC52,827,1170,RGB
2502,page-2502.png,293953,E5435BC39D45D797030232C5142F4D3C55B66612641EA9D572064AEE5E32162F,827,1170,RGB
2503,page-2503.png,305809,60E8FC45FEA3FC7053B7E47DECAA4B2A92526832E0813A74995B4BD7C5AB9AAC,827,1170,RGB
2504,page-2504.png,320538,BA3546A50C546D90174473104F4A14A178FAA19DCC09C66099AD5311E76E6118,827,1170,RGB
2505,page-2505.png,262485,C9271E1F47BB5103CA7907FB6F61688B3ADFD17EABA2E527F1A439106E647C19,827,1170,RGB
2506,page-2506.png,238897,40274F1C5149D821E3746A80DAA6AA68B6C25DD3A69EED001C0C436CE2F6C6E8,827,1170,RGB
2507,page-2507.png,282690,69391795E8AFCA0F951028592B6DB30ACE4B4CCA8E4E43D6C035C00A05D703C6,827,1170,RGB
2508,page-2508.png,269583,C22749C33672588A14DB8A1F6C3DD96CFCE27F6359ECE5648C1AA7AC01C5F3B8,827,1170,RGB
2509,page-2509.png,226823,871392BBEB6074ECB62569DEBB9E5E2B798FFD6D78087EF2A483C768D4B2FEBC,827,1170,RGB
2510,page-2510.png,309008,A5965159F72837FDC256642E8782DFD209E64BFEABDFE4572757A624E01BA148,827,1170,RGB
2511,page-2511.png,324283,5EAA0E9ACFB9E4E35DC3F6A1AC11147B77102A7DFC4A760E1D07778A9F9AF58A,827,1170,RGB
2512,page-2512.png,304983,7CF79F5F5AAD0AACDF4572B11B479B58A9D20BF580738AA367B3AD98A3738574,827,1170,RGB
2513,page-2513.png,277777,6AFA182F9381E4FE45140CA4C5783A52863BDD1C09CB829AC46ABC833A5496D4,827,1170,RGB
2514,page-2514.png,289733,D72559AE8E6DB901847BC36FE9210F11E786D734A17B98995D73EA9F88960905,827,1170,RGB
2515,page-2515.png,280184,3DB77BC214E8F1676C5B135960B012649B6F99769E29359732C19E9E3B7EB41A,827,1170,RGB
2516,page-2516.png,336571,327C1B152880FEE5D358CD28E1F8F5BC4A0F2F8E542264FA3DA1C76C899030DA,827,1170,RGB
2517,page-2517.png,212728,93F49365D7CFA522B79DA08657F5FDDEC80A690D3E12CF7E8719B4E4F5D245AB,827,1170,RGB
2518,page-2518.png,214539,FDD824797057404A91239FF6A91E39429B990530C1F2B8AC4736CADAA1D2B42C,827,1170,RGB
2519,page-2519.png,188377,816061A39058B10A51DC4D067446C68B7980995F8C0AAD9C4CEE9FE521BE61B3,827,1170,RGB
2520,page-2520.png,152110,93E1B763DDA30EF2FB77A4463875110663D918E9DFEFC6144BE8639C94520AD3,827,1170,RGB
2521,page-2521.png,169539,5DF61FA4AD320A93808153A02044E5A46D2115BCD0E679576A594B6D959EC31E,827,1170,RGB
2522,page-2522.png,291102,2A9A1FAF3D49A9F8687AD4329B8181A3E9A512606D3D598E994A1B354EF22307,827,1170,RGB
2523,page-2523.png,268791,9AF0068AA88B43A630EC1BD5C6BB11722EA506F992911EAEC3212452DA42E1AC,827,1170,RGB
2524,page-2524.png,244921,760BE9A1541D92B6286393D99D05D65EA6E531F89F4973E8ED8A935C180E6C49,827,1170,RGB
2525,page-2525.png,253381,BC8353EE8FAFEF5B0162BB19EA3AE6C6C920CABB189790688A13CD3CFB0528EF,827,1170,RGB
2526,page-2526.png,307881,216F8324BB40A55AAA9051435658C4FE9A079E12BA73BC4FEF1306B2961DCD5D,827,1170,RGB
2527,page-2527.png,280702,B6294FC208BBD27851E6E549A0028EBAFF60C3509C424259591F2F9353C5F812,827,1170,RGB
2528,page-2528.png,283049,A3FBC083FDA5C5F7322A380F1CA31C5C62DD8A0F0CCECA47C1D8F8843AC4A62B,827,1170,RGB
2529,page-2529.png,274382,756A856A8428CC726C79F4023F6872E8DA2360770A831F7A1129D4B478D729F9,827,1170,RGB
2530,page-2530.png,272960,4B0C02A2FF956FA6797A3BFC5AB3D6B67B09DA1AF3DFA4EA2F5356B1FB8A386D,827,1170,RGB
2531,page-2531.png,307386,2FFCDAE0568DC09B1C54D1B1E892D63E2DA94B38E60AE086762AEAD8AD913DDC,827,1170,RGB
2532,page-2532.png,381463,57487CE252BF895272D7A4EF1A19C7176A7C1E9D50D8CDFB96258F1E5DE9AFFC,827,1170,RGB
2533,page-2533.png,317403,0F3A476C538D2A8201E36F5EDE0332F4AE3A49E4624F56D63DCC4FA4CAA8F49B,827,1170,RGB
2534,page-2534.png,293096,0EB51DB49BC55E1C2D5DFA7DADDD5B10B391E0F07EBB57FEE32083F18A57B6A8,827,1170,RGB
2535,page-2535.png,296630,BDA78F31ABE6466B050A1E6F2190BA54551E0AFC1592790C4399537E03EC9051,827,1170,RGB
2536,page-2536.png,280980,FFF5C556E64C8706A84B23178C09548B9E7BFA0B791E8D76A6AD1224BDCC5E15,827,1170,RGB
2537,page-2537.png,173159,89D71C5176B22775826307ED4CD1FF329CF152E430E6AAB0707856B5AE3AC300,827,1170,RGB
2538,page-2538.png,291074,E08C962B80A9E9A0355C2FD923172D3A676570C0D4A9FE1255173B5A9E34744B,827,1170,RGB
2539,page-2539.png,322727,6E338E85C5F1ABDB86C0C2D3603455C2AC6F1188B3FC002B6B3600EF92AB3588,827,1170,RGB
2540,page-2540.png,348742,C4CD4CB588B80985620E7AF3B204B5941876EF40DD20343BE0D9933292264899,827,1170,RGB
2541,page-2541.png,220110,C87E47A69BED429990B457AD797785F80C360B91435CE8A2C364ED7D8A4C12AE,827,1170,RGB
2542,page-2542.png,265354,D941B4F3C4867A40DD88C14601613BCE1DBF2187FE9A188132C8C20E6E2FF041,827,1170,RGB
2543,page-2543.png,275778,E427B4B1E741117ABEF0754543A20735CB994B413DE78E304FCE66151CAF5C93,827,1170,RGB
2544,page-2544.png,219294,B3A9E4763E03E7E9B775C4D5ECE6E0FA91235873F69C9048E5BCC14B9717EC5E,827,1170,RGB
2545,page-2545.png,281348,6BDEFBB471D56B5B6F4BE61858D70629DC47F0F37D668D4F25FF0F39F3C12684,827,1170,RGB
2546,page-2546.png,231248,F427D24949F3F0661D63FB1E5FEE33963D34E434865E922B3EF2FA9B90B34870,827,1170,RGB
2547,page-2547.png,339575,AC9797735EED29DC9DFD70681A028243DA3EA26D8C5FDE2BE53F68E5E52F2DD0,827,1170,RGB
2548,page-2548.png,300666,8B97247C27D11C424C54D6C7FEDD4610954968FA0CF18881360231C80E46AE4C,827,1170,RGB
2549,page-2549.png,373327,3FF9A8920423640F2CA9C8B5E8F94D50ED71E8FA7ADEF65D84FB264BD168F759,827,1170,RGB
2550,page-2550.png,313353,AD77BDCFBAB0EB85F55945AC316678899F3BD8B1127D64F9D605F283D8173E9D,827,1170,RGB
2551,page-2551.png,338393,2915F0FAA1B4D000113198F5862CBF43F0A64233BAEEBC90558F141935F7D77A,827,1170,RGB
2552,page-2552.png,293621,FB58D38996094281418D2F0F9D1843EDC901D02014590F5759C46DE038590549,827,1170,RGB
2553,page-2553.png,354136,21FD4168886D5F5EFA89607D8C6450A44A5C0972A27ED817D950B5EA567D01D1,827,1170,RGB
2554,page-2554.png,293745,0560834BA286F8948700ED4BE7439FBAB822B5D8CEE5D98FDEAB3F7982A88133,827,1170,RGB
2555,page-2555.png,380292,AC85B3EC49AB8CE49496300C5486AF8CC09F1A4367BDAB1811ED78B15692D9DD,827,1170,RGB
2556,page-2556.png,309279,FF877F1B83294B26A7FC81AFAFE0C3E974F920586F9EB32D2789DAFB5747CCDD,827,1170,RGB
2557,page-2557.png,290199,40492BB55B6B23CD3774FE42427395E1BE85381AB44773A0FAF77971338AACCC,827,1170,RGB
2558,page-2558.png,230769,5FF8B7D75B0FFB9E4ABB7C74BE6A3A53F8547E04858BC70063F2B8AA174B63AC,827,1170,RGB
2559,page-2559.png,272728,6D65AEF7A2741F94A633C42CB3CE9D951B13C8BB5F579A289CBBB3E506BBC1A7,827,1170,RGB
2560,page-2560.png,335599,B14F7F712CE234630733B19627EE351360213BF32C4F801CC3078CAAB2A05F82,827,1170,RGB
2561,page-2561.png,369839,F31310938237FA44D6EF25ED5D8BB0B3C924BE9CDC759A11D6D254BCD7B87289,827,1170,RGB
2562,page-2562.png,286082,0047C48502A97AE0071FA309CACFC3B821271F7F9EF9FC4C8840781728F62B38,827,1170,RGB
2563,page-2563.png,309150,3C5EC5EAD729AF896226D294B86D06077B9926E17983947E58C2B92838F7748A,827,1170,RGB
2564,page-2564.png,330671,B03E36B9187FC62F3314CDC0B3C83BD7DFE22C69C05FCA4A13686680DA35D0F9,827,1170,RGB
2565,page-2565.png,322299,32D2C0E247FF315C21ED8E4D6A68032280411DB84205C2402FD47F26CF0ABBF1,827,1170,RGB
2566,page-2566.png,316068,028B189B3819B002CA7171A4B2497B5B1C4E0C7948667E20FE2B0717C667EE7F,827,1170,RGB
2567,page-2567.png,264418,65875D48C5DB814083976CADAB9DF1652B214807F24F6EDADF2DC45241A36670,827,1170,RGB
2568,page-2568.png,341601,2351CC436D00A0AF1DF0E850E64A08B5BCBD5DD4C1D458F786701D335C02C727,827,1170,RGB
2569,page-2569.png,295245,3A37B24135B91BE47621B53A473EBDEE47C98B4FC7C07ABAAC8EB9F51A1F7EBE,827,1170,RGB
2570,page-2570.png,355227,60460785A7BAB6127697E48A311E4A7BF2520EA4D090F2AE5CB87A01664BED65,827,1170,RGB
2571,page-2571.png,300443,70EE67949F4DFADE609017E06CDE692C18E2FA7CFF92F9DCD046F3C3A34A4128,827,1170,RGB
2572,page-2572.png,315853,B7097F65D496D6A6558D37EA0B28355C74F10582294EED33A97C7C58F46E3192,827,1170,RGB
2573,page-2573.png,274431,F7D6C3B28603BDA085E19F1049DA3111CA8F9D35EED5DAE89A50331A07442C38,827,1170,RGB
2574,page-2574.png,318040,E8BCE9413AB6C57E95DB31ED9873F8685DC7EAD167F15619CFC0690ED7679B17,827,1170,RGB
2575,page-2575.png,203790,92C8455389388AF6B72CBF2A84312A471534354DA13778B5BABF9750155F9CB8,827,1170,RGB
2576,page-2576.png,243025,8DAE57B60C14665C7DF953A1EB15167223310F9CF22FC4A7954186C4C793F364,827,1170,RGB
2577,page-2577.png,268907,91091E245DE99FA6157629844E527A93BB2BDA05F05F8DB421796A21379C9E03,827,1170,RGB
2578,page-2578.png,312988,041327E0590F42937DEC149AE0759E41C415F9BFD58975640AC5F188C1B18417,827,1170,RGB
2579,page-2579.png,275352,8A639CF48DDECBB0363B34E6C392F69E0C12978B067839A460125990FA8AD74E,827,1170,RGB
2580,page-2580.png,252242,663421BE8B36C345B3FDAB56C191D021637D6ADAFF076AD57BA0013C6513D5AB,827,1170,RGB
2581,page-2581.png,283033,AD9B846E07F4BFBF90B71BF38803618499E932E9A3C16351DBFCE709E580CB0D,827,1170,RGB
2582,page-2582.png,351845,E6C4E4635BEC06274CA17CCBFB513FD640172C5E90CD0177CB782AC396277DBF,827,1170,RGB
2583,page-2583.png,374749,E8F5261FE8368BDC01492E99EDC674412D44C544254C521B2B7A63C4A774BF4B,827,1170,RGB
2584,page-2584.png,347189,FB592F3BAD49D133FCFAF1A511C5729FE8FE06B16010512DCC42C7B40DFA2BFD,827,1170,RGB
2585,page-2585.png,364568,29CF20FA491B2355285212C59C254F4DBE855F922BB656D4888EBF9884A5406C,827,1170,RGB
2586,page-2586.png,273434,F3ED4D362C86FFCDEC5001B16F2DA8C87A28F2D18C1A70CF0F71B15912C2A226,827,1170,RGB
2587,page-2587.png,300905,F9FCFF871BFF206E3775F39952940550145800D36E9D1E034F4027228638B983,827,1170,RGB
2588,page-2588.png,262644,04B45D58CAF5F4B197487C3CBB9397C8DB0BADB8B0C0F7F21D7FE331483F3E40,827,1170,RGB
2589,page-2589.png,233592,8EB4C95D2777B2F9A995A0DF48344FCF34B800CF64C5372347A062BC8F1D16E2,827,1170,RGB
2590,page-2590.png,313925,CA2CC4E27C18D80103BE5DBBF7654E4D8E9A3A6F936A9267E53DDED585938C77,827,1170,RGB
2591,page-2591.png,255525,D517C2BEABF5AE815443FEA6AE99538067DF70D6E641B852F28EFDCCD5C6A42F,827,1170,RGB
2592,page-2592.png,292060,208C3FF2A77EEBE5F60A21653A1C60357B882A6C68C46877ED8E53B9F14F5AB6,827,1170,RGB
2593,page-2593.png,369909,5086F2A6468770ED28EFD80EEF880E5061A4E7E5A8B727223048FB695D5E44A8,827,1170,RGB
2594,page-2594.png,315508,791CAD70D7EA58344E65FAA545DFAF7E3A2C4E5F41092BC4FC81091923E850F7,827,1170,RGB
2595,page-2595.png,340372,0BFB35D71792DDAE779D08D35D105DD1F229E5D40AC9885150BDA74E7FB6F626,827,1170,RGB
2596,page-2596.png,290060,AA507C86C603E4BC7A5FB3907C288A59A7DC1EB4A04E6780E8900CF5A3591373,827,1170,RGB
2597,page-2597.png,287761,80382F9E9BB48071646FD90102DED0B4694A69322037D06456B350FC6030B93E,827,1170,RGB
2598,page-2598.png,313096,1295B88D72D53A6F5E1706D2E6F2B216899883034D386DE8D8D8177E05F82162,827,1170,RGB
2599,page-2599.png,320867,685497F6361B6B5E94F702D49EBBD4103DD343F8950059519451865AF1EB7B7D,827,1170,RGB
2600,page-2600.png,334467,732959CBE52C64EA8C22B2DA3CFF20A54F539CCFC98EE363594A44B9D1CEA6AC,827,1170,RGB
2601,page-2601.png,312731,D7ECD85E2451CB25EBB9613E157F3CF6EB481EFC04014B6B66B4233176FF7DB6,827,1170,RGB
2602,page-2602.png,270226,150C7C2254903DBD877B9DD671A0B97A3B546F8780B89BEBFFD341F87D86A588,827,1170,RGB
2603,page-2603.png,307558,9E7397EA7B4DA56FFAEEF7B1D918EAFF5A9DEDBBBCBB1E46561FBBA5942952F0,827,1170,RGB
2604,page-2604.png,247236,8DF9FACCC45B2444AD98044565C24B2151EAA54760F43B1252BA08DE00580AC1,827,1170,RGB
2605,page-2605.png,264588,0BC52F145B1CFF38BE8F36082EA378B133FFDF8F84319E4EFF643DAC07463244,827,1170,RGB
2606,page-2606.png,317895,D22D0AFDD57ABEF9697836687666DFBA9FBF38EC4544D66FCCF28C760FAE052E,827,1170,RGB
2607,page-2607.png,239307,E38183E29244E9D9B96C0EAA61E221BC3F2EE370555C18DF442D843D0610D2D5,827,1170,RGB
2608,page-2608.png,354604,2880DCB3915F54471AECA2BF2A9579F56CBE8428C63E187BBC2E2EE015DFF4F4,827,1170,RGB
2609,page-2609.png,312640,8B238E0169FB177E18CD395563A25BCADB453EF819E188BD2E8AC0BB5ECED02D,827,1170,RGB
2610,page-2610.png,300716,4D0875B4FFA2A218C4E9349580DE21D39AFA14777F202631765F666FA85B2C54,827,1170,RGB
2611,page-2611.png,339133,96B39E6B65AD5F67175CA2997DDAE497A4986A5E5F66F610DB4061D2C485FFA4,827,1170,RGB
2612,page-2612.png,349807,73CF253504D590BF269268B696D45E1C8D866B42B465F90A88AF8368BA6DE982,827,1170,RGB
2613,page-2613.png,325053,206B1E715DAAF9BC594C74B9E8E48C6FA5CF3223CA68BD4D3F048067D7386206,827,1170,RGB
2614,page-2614.png,319037,E434E47507762C5C31C903F47788BAA115FCC37AB48E1897018FBB16346770D5,827,1170,RGB
2615,page-2615.png,304643,D13F7F812E4BA1C52B7E036359AECBBED6746A0CE08001AF2C06395BCC9E002B,827,1170,RGB
2616,page-2616.png,219491,137965928DD75B4471253831C2C1ABEF9038D42ED5706230A623D1BB4456C7FF,827,1170,RGB
2617,page-2617.png,51226,EB8AE9B2FEBC25CA500411C9AAD585BEE8ED9A56B76C0BF57E204B0AB75D000D,827,1170,RGB
2618,page-2618.png,228561,FC6DF3CD22A8A6F5B4E5B611EEA1CF89D8C34C515624C45F3E4DCEAA2139DD01,827,1170,RGB
2619,page-2619.png,304062,3727E8AF353145021A6F8A489E7BCC51965C26A501EFDA4194BD87C0162413D4,827,1170,RGB
2620,page-2620.png,374690,4B865B55CB63F77ACEF90B180BD940F3E20352957193B4C446650729E365A22B,827,1170,RGB
2621,page-2621.png,229261,DD27BAA1F6AF04C2A52DB37C78745F4D07253F050A7627C7BC4557D1B58576EF,827,1170,RGB
2622,page-2622.png,169418,BC25C17E61ED85E54D9BA0ACE30BB7C43E27096FE96E7DBFDCEB8BED8CF712A1,827,1170,RGB
2623,page-2623.png,289224,2ED9D9A651DB091DEFF4CB0B193E92C93C782F2856F4985E9A59666C193C41FD,827,1170,RGB
2624,page-2624.png,277606,3F590D4B35C1BD7E4353F92FADF1520659CAE2DBB99057B1547B5FC1887B638E,827,1170,RGB
2625,page-2625.png,297373,22B016DE8B2D6988C01CAB82F670427C05F6FE47AD521F505204418F01B5BBD4,827,1170,RGB
2626,page-2626.png,290057,85F073AA8560A1E04B9B83C526E367129B6EC7B82AD6AD0609135D01BBF7026C,827,1170,RGB
2627,page-2627.png,210639,1AA597D57E9C4EEC5A0D315CBF1A194873CC64D00E0671DC43A3190A08E8A0DC,827,1170,RGB
2628,page-2628.png,330834,F0F7C3CC4D3185384C73EE353D8DAAC3BED56BBFF15CFF3228DA3690CBDC5908,827,1170,RGB
2629,page-2629.png,187878,D74C4C059DF7BD867C483BF5B4DD248DFDE60C5BB65BCC27DF99114099E18300,827,1170,RGB
2630,page-2630.png,239351,502BB1C3799E91EA346B56FFA4221DA64AD72574A5C817D35560AD952CF08525,827,1170,RGB
2631,page-2631.png,285828,A4DCD1BA454D97ADABD266457BE3DE4C1634C07EF098A2BF2DF3CDBD103778E6,827,1170,RGB
2632,page-2632.png,255593,68ACE3DC07AFC559B92B3208F737368C35DCF71C5183677302337BD1369EE607,827,1170,RGB
2633,page-2633.png,338195,8A599097B724F5CFC96341AF27332BF3EB77C3EF3527B2D91677010DEB807242,827,1170,RGB
2634,page-2634.png,271234,A12B722968A7E4539D461D80EB429A6338229E874519F2812FA0B9E810FC679A,827,1170,RGB
2635,page-2635.png,307709,3E3BD5772CB639B30CE79115E59231AA2443452802D92E770A357D316B50600C,827,1170,RGB
2636,page-2636.png,346291,85E9C87B3219FEE7D6289E754847F7C2700B21E0C3A3BC2480412A08CE80B87F,827,1170,RGB
2637,page-2637.png,244082,78E71925641C7408355B61057440424012F4DCD4FAEC5425BCB71C70DBD5E857,827,1170,RGB
2638,page-2638.png,296184,ADF9F309A14AA41A6874068EA6C44A67859FDBD73B2BB81C0E77930EDAADA32E,827,1170,RGB
2639,page-2639.png,277870,A422B6BAB9BFBE8730760B82A1B727809D1FFBF1085B4D930269D502FA5E6FA0,827,1170,RGB
2640,page-2640.png,284597,DE93299C96916FB0244DAECFB5837FDD74E607032FA26432E1636173BE1AA465,827,1170,RGB
2641,page-2641.png,276155,B12BB230EA7DE586EA02F7B0421A9C023A1397A3ADB625A289CCFF37A6EE62CE,827,1170,RGB
2642,page-2642.png,326228,3F481014E72812A24D192491EA06AAEA8C32D0CCDF5BA0F7EDB268838D2D12A1,827,1170,RGB
2643,page-2643.png,320737,2B779311ED0093E0A37E578097AEA3982DFA9522808C2EC2634FE6E744065501,827,1170,RGB
2644,page-2644.png,254341,DB7433107E4767CDC60EF6B0034D6080760D5476D61045A02D4516C2BE39B44D,827,1170,RGB
2645,page-2645.png,231607,062B589511BD450E0F49003072B85E789CB645CDD9765DACE8DD539C5C2790C5,827,1170,RGB
2646,page-2646.png,201195,860887E14A766238554B2045CCB5D3091E5F8DB7568C846AEA6E083DABEA0C39,827,1170,RGB
2647,page-2647.png,233372,80A269529874A35A7DFC1FD2C3260503E8135C0C0EC6D42A8D2DAC9BA4FD06CA,827,1170,RGB
2648,page-2648.png,274097,8D580312767D392C935B3A431835937A6FCB125FCB0485C4B7F3E77D12668809,827,1170,RGB
2649,page-2649.png,382748,B89C6CC889DC61925C05B8E2160B95CD19F017CEA51AA3B05B9B0FC6FF9F27DE,827,1170,RGB
2650,page-2650.png,311766,2EF216502F30B4FE0C3D286B331BADF1F670C6504AC4B39CB6363150D7A53D7F,827,1170,RGB
2651,page-2651.png,286540,C7629219CED64282257B353529F71F8588E09821A05A0141CD444CB3D4F4DB7B,827,1170,RGB
2652,page-2652.png,299462,36938A1192FA2D5858772BCA7AC53B7157746C0FA119D0EF10B02B0966BD8056,827,1170,RGB
2653,page-2653.png,233828,912D1B4D6D7683840054391F4430608AD3106FC318C2EE14CE79E410E03B5F01,827,1170,RGB
2654,page-2654.png,280851,827006C2616560A94F373E1B0105B29F922F5ADAA7D8E179CAB69883BB100895,827,1170,RGB
2655,page-2655.png,358204,7AD71D5FF182449664D5F0CE3909136135F05DD4EAC000A44210315D26C4A541,827,1170,RGB
2656,page-2656.png,353561,B945B4CFAEF3B4E813012646B14190C667CAA3749FDC2EB34AEED9FDD6C19902,827,1170,RGB
2657,page-2657.png,309389,E704FFD07AD23183ED3EBBB3E433ABE1AEBEF9E4C2564956E6D9D2540B099D30,827,1170,RGB
2658,page-2658.png,294187,C03D3736B7D375EADF1BF722935156F005F94378E6F2DA7DBBF72FB13AF3089D,827,1170,RGB
2659,page-2659.png,307966,80236D09162869C483B43D03B81F9D13E3DDB0F14A6162932281CFDB543BB9A9,827,1170,RGB
2660,page-2660.png,313744,DE99C0ACAD659687B1C6A7DD2CDD9C094A9F288A4F9FD89618C50BA5EDB556EC,827,1170,RGB
2661,page-2661.png,279736,C8363FE65E777A3D2C8D7E92775CA22063DF7EFE3C8F6E6EDB5528E6350972E7,827,1170,RGB
2662,page-2662.png,345240,14FF4E9523B0DEA9E3704E3EE1AEF8E89F1F39976234D3AC849196D3C0D1F388,827,1170,RGB
2663,page-2663.png,347783,B04DE45E606B1DC6E0AC74EB5588F805028A34747D7C5DE221C0FAD4D54A61E4,827,1170,RGB
2664,page-2664.png,368062,A9BAF47E64E4E66396C2AEF6B83A094E88D2D2AFF5A2769D1B908AC82E7E1EFA,827,1170,RGB
2665,page-2665.png,328056,4F2B6DA0AECF6B6AA6F6F254A9A60FB37E1B35DBB110F72086E1D4608CB66E55,827,1170,RGB
2666,page-2666.png,328730,99300B488DBBED8F84B56A3F6DB4B72201ED8294536ED9189918EA62B92C836D,827,1170,RGB
2667,page-2667.png,310968,0419569E88A082E5BFCBA5D1614ACE560326065C74E1B73223F1360627AA1EF2,827,1170,RGB
2668,page-2668.png,283479,9E3F51509E88EE535D6A7005E0F19B90D67A78A467F22EA299DD749B97152F18,827,1170,RGB
2669,page-2669.png,299558,240C25AD38A51C9CA891DC2425E6E64557A6B01B391297B81D5372644D6CABF7,827,1170,RGB
2670,page-2670.png,321916,96080EC520F1B2ACEF9EB4F77BA3FD25949F1618A232FD9679BFBD8BF190D1B7,827,1170,RGB
2671,page-2671.png,371973,92D9599D2ABFC28A2A94FE7D281EEDE24730ED7AF2C57C82EF263B3DBC103841,827,1170,RGB
2672,page-2672.png,338963,63FF5D48388C0568D809B3D7748684300D2A0E9545174AAF59666DF3B5DAC9F8,827,1170,RGB
2673,page-2673.png,369606,1C1B7BC60F165201F226818B3790E4C73CDEFEBE5D5CCADE9D5F281D66C366AB,827,1170,RGB
2674,page-2674.png,335028,D47C63312ED451E455F16A0589A3E8E67CE726EB11CE2B55F948F3963D64F8DF,827,1170,RGB
2675,page-2675.png,367005,38C192AD150F15CD85D3124F2EFE022EAB10131F63603722D2DF57F62A278FD5,827,1170,RGB
2676,page-2676.png,283880,B3464CB3BDF6F65DA027BB6CC4D88A6EEA39E8FDAE157CA3373142768C1DCD86,827,1170,RGB
2677,page-2677.png,351191,719E0A8073032FD71CCA169A840C065EB0A2312E8F3925306D1FAD53BE6DE6B2,827,1170,RGB
2678,page-2678.png,371204,2DFEA6A0DC2517BB427F79C8A791D095C0760BDEEC55CE23DC6D04143A7ABDB1,827,1170,RGB
2679,page-2679.png,289236,5C9855E5FB5D7608C7C7F7CE25BF4CDA4A18F6CAC787F40F07B6D8AC65EA7B21,827,1170,RGB
2680,page-2680.png,282098,B76F0ABE4E7C42F2118C6296BB5FB42316F2B42FAD46135A936183B2A1521A90,827,1170,RGB
2681,page-2681.png,344393,65E228ED282DEE2EBCA319D54247E0C8E246130022F621C7429A154CB3E351D6,827,1170,RGB
2682,page-2682.png,296161,903ABFC9786752038C1B1C3677F0FBE0F0579E384D09D7F5F8D3751AC1BC43F1,827,1170,RGB
2683,page-2683.png,339031,E28C97F7CB6BC69DFD9326D20A4C15835846DA41EB799028B3BF61239F624D25,827,1170,RGB
2684,page-2684.png,369590,012C32BBA249D567C806F69ECDB6DF05400FC90D4B2F2F1DCEF862EBD9994020,827,1170,RGB
2685,page-2685.png,323684,D74CCF476E22162293461764620C8A3AA1EE655182160AE0A8154B260F8319B6,827,1170,RGB
2686,page-2686.png,283750,8D1932CC93B506B09D39DE6CBF514A59DE0514276EFF164A54DF4CB8F7E2677D,827,1170,RGB
2687,page-2687.png,338068,0E44C432E6BD92241AD5294C9B925D4033A5B617374C38B9779612EE848E697F,827,1170,RGB
2688,page-2688.png,348563,F9A7806E4D8AA2A05CABC0C7FFC7D9F37A0A7D6A81029F82A149C27309634C6D,827,1170,RGB
2689,page-2689.png,301066,3D7B2CA204570C452038E8783260EE3CCCD39384889BF755F7F5136338959117,827,1170,RGB
2690,page-2690.png,259054,3C13859B8A58BEED7EB73B3407C25110781F1D208C7CC6C1406536D9424FD644,827,1170,RGB
2691,page-2691.png,353632,E02CFE34E479E180059006A928BF0A674347235B7FAB009B8FD5CC01220B7399,827,1170,RGB
2692,page-2692.png,282262,774260F0C2C6E2828E8402946666F1F02B68B2401CEEF32A84EFA084D3AD19BD,827,1170,RGB
2693,page-2693.png,283258,83F7C5E3C2184A74CF34EDB14AADE2AE8523A4CBADC3DA2F7CA4213A4E5E7C34,827,1170,RGB
2694,page-2694.png,353038,10414C2DF9C174D9DD3A1BC91289778DD88769549F7E7E8E02F8EF166E3600D1,827,1170,RGB
2695,page-2695.png,341431,543F7EE05B7B456637C257411A802A3EB91DFD02BCC28CA978BCD57F341D562A,827,1170,RGB
2696,page-2696.png,350409,2A6A1010F007398C57EC76C05E2639BA41D328A1CF63E320AF0F2590DDE7148F,827,1170,RGB
2697,page-2697.png,303900,D3903A60B2FBA0AE071DDB2790239F9911F78A1813110255DBC0812386BAB372,827,1170,RGB
2698,page-2698.png,369841,D7EC7A4C3FDB5025E04F91378E38E8361EB214C75836D75C14B146472B7C7610,827,1170,RGB
2699,page-2699.png,318751,05A30EDDE08ED78BE3359697E805486CE988747510ADC2694F5E98A53B2E31C6,827,1170,RGB
2700,page-2700.png,315148,AE6AB88FC041755664A664DC4806BF82E9AAC842A2AA24715C9CC47EE893508D,827,1170,RGB
2701,page-2701.png,227513,CA158B945A869F0160A477E49078B23510DE2A09D9A8099AD4C003935E955EA2,827,1170,RGB
2702,page-2702.png,290924,54F8D9DEF6092A0195634C65726B16C9E38D9C9B0F6CC148A295681E1951E948,827,1170,RGB
2703,page-2703.png,220154,2AFF0669F3291C48F506536E53949902643F171BBF1C8BF3DA7355CD5F870CF2,827,1170,RGB
2704,page-2704.png,213994,3EA724C72E6D0EDC7888D2BD376FB8F060FF71F540DE25B1827E63BF6854158D,827,1170,RGB
2705,page-2705.png,221431,28B329AF500D018C206E7A1A57DE8EA4EE1AE502E696412C25F9DB7648F24655,827,1170,RGB
2706,page-2706.png,240046,92404C1BAA1E6B4BAD2781227D77FE14B2B452CD21B2E1724DA6A4B6744267C0,827,1170,RGB
2707,page-2707.png,178764,32C3BB637D48268281CF76EEB1E7FC2034C3D217EE486706D59647C0F5262E58,827,1170,RGB
2708,page-2708.png,193041,9D01B05C25A02D135879C78714BF8E621E7357A8F53517521E064EF94E0F2993,827,1170,RGB
2709,page-2709.png,275212,74AE6003BC0CE8DF9BD95E5677C9E845FFC9785AB7B032D417BD6B98CD13FD33,827,1170,RGB
2710,page-2710.png,267512,55CCE61CF938F84BA32301DACDB79CF0514ED84034114536CCF84D0A2A8D3C81,827,1170,RGB
2711,page-2711.png,303004,972576F028AB958654A1B14888E03BC2A5B5D6F62BD61E09419F0E6447425143,827,1170,RGB
2712,page-2712.png,289896,C53C6071D4CA83DFB22CD48595FD23979B3FF7F4C81B1A8D9C52E7231667F8E0,827,1170,RGB
2713,page-2713.png,271612,C72FD6BC88A48099A685FB197646C336639AE16B497AB8BFDD2DC4CA82FEF158,827,1170,RGB
2714,page-2714.png,317197,0D4FC921DE41E42BD33652DD035D96DC7231091E1F9B12D2BDD362AE2FBC0346,827,1170,RGB
2715,page-2715.png,316834,8826B7CCC61FDB60F3D635CD280A2B50A416F1AD60FC9A1BE644FC48DEED2CAB,827,1170,RGB
2716,page-2716.png,321232,6B0E7EC1ABA88F2C8CF396644375FDFBF63D920A25B17153A6CB4FB0359B864F,827,1170,RGB
2717,page-2717.png,406381,4B6B5BA272C847C63543BB020B15E4BDEFB9409697928EBCA246709F90869EF1,827,1170,RGB
2718,page-2718.png,364693,45285DA56AC7407B6915FEF10D3E1F7044FC61E9452E35C1B895ED0C2ADF77B4,827,1170,RGB
2719,page-2719.png,322148,CADD50E93F0FD71170F86109EC46696B376EB101670D3A937DC68A43A147B82C,827,1170,RGB
2720,page-2720.png,218838,EDF84868302C92DF95DBC51EADC82EB9A4BE95662AB2B61A35AB6DA72E2C2DED,827,1170,RGB
2721,page-2721.png,312748,FFA9F0CABF2E712919D18B70330C2A10C21249709AC27CFB3DE0A3D456273A89,827,1170,RGB
2722,page-2722.png,338503,D72604039B815E9B155FEF3FD5D2656190A75762F6FAA5E5B6D307303CFC23D5,827,1170,RGB
2723,page-2723.png,338356,F53F78286D29F66F455984849C047F1DA49985B1104F875076B062C9FD3B0D82,827,1170,RGB
2724,page-2724.png,297474,29790CA96A9B3393B545390AA64AE35EB3846FFA1D53003E2167B5E5DF46FE6F,827,1170,RGB
2725,page-2725.png,352588,E4B2FBA948DA1AF54B99CD40BC2F3A5852CA38A978DF57CBCF2A4EEBD9CAFC2F,827,1170,RGB
2726,page-2726.png,192229,9CB7F8CF92DF82560D5BBBFD81B6BA470FD6FA870E05D77AF06B26CB9AFE8847,827,1170,RGB
2727,page-2727.png,243123,799333D41539A45BC16631E62764A62D780647C8DF5AF44542E3FFCFDE844580,827,1170,RGB
2728,page-2728.png,192776,484AF8CB38DEA62FCFF90D5435AC52C181341D5872207EE7CD4A5101AB326557,827,1170,RGB
2729,page-2729.png,279632,3E59FA4F94C0D910B068E9D40B60937074AB5059FDC7F382C1E28F06188DB7A0,827,1170,RGB
2730,page-2730.png,177226,A272B5F080427440D37F4E0C8CAF9D6FD428E20E90B99A29A942162A290465DA,827,1170,RGB
2731,page-2731.png,224922,CC848110D68355B2CE8140895CFC7968C9F340653349CAF00A4ED42122CD1DEC,827,1170,RGB
2732,page-2732.png,207820,9A42861421C7D050981491282110D920CA893D4420CEE8EAFF99C5C4C395F4F2,827,1170,RGB
2733,page-2733.png,324274,684BB754C2CC73745EFF4F038A9EB15E8C74FC338484DCE4A99BBE9EF2D5AFD5,827,1170,RGB
2734,page-2734.png,350399,C368DF64E41C42E71E2E153368C907127F37C3D3F62B2BE4CE38DA8F372CFEA0,827,1170,RGB
2735,page-2735.png,307087,B91A0C2F6930C19C992138DDD2F8ED02EA092B6B34C92F3B851E5E5A693CB308,827,1170,RGB
2736,page-2736.png,355273,BBC96317969240D0EF4644D7F1F281128282F4AC8C6CF8C19C0AFC4DC7A94A02,827,1170,RGB
2737,page-2737.png,329813,FFCD6DCE3D47EB1A83B152C15644540442AF759F4BE36CE5CC8F569197283103,827,1170,RGB
2738,page-2738.png,339022,A78EDD8E08AC38B93DF43435EB177B0596200AD0753BB930EFB751E70E61D8F9,827,1170,RGB
2739,page-2739.png,311343,91FF188D25F17F0F5CCFA22DE31613EAAF6EFBB9A49593B381D2F2A92DFB34D1,827,1170,RGB
2740,page-2740.png,245539,3475E1CC4B6F974046780E3CE5859716DC4B4A435BD939FD613F13E343B5963C,827,1170,RGB
2741,page-2741.png,341171,3BE2E2788FE08DB0B48B25081859CA7F51295EB29851B9915724456DBF135CEF,827,1170,RGB
2742,page-2742.png,325288,F6B5B8BFF7ADA1EED65D65FC9E08EF93F579205A2AB852ED9886774CD0145180,827,1170,RGB
2743,page-2743.png,235989,A39991AD165FACE47B2981300B4CE0AF9CEC2EB94A15B5CA34EACDE41E7F40F0,827,1170,RGB
2744,page-2744.png,289613,03674671E01CF64FE8AC7D9C0B6F57CED84398CEFC58A28D8388FB1C780CAF79,827,1170,RGB
2745,page-2745.png,248173,9DA1EE3A77016F0185238F5C2CAA6155EC1DDA3C0CD87B51F3F0FF4A99BF337F,827,1170,RGB
2746,page-2746.png,267871,AE2632391A559BB2BDD458EDA17DFAF686B4758A215FF956AB5AB0D0EB2BF1FE,827,1170,RGB
2747,page-2747.png,184236,65ADF28D4CEC4793FFCBEA899512344EBBE2EDDA4D49C32416A78DD1261FF0A0,827,1170,RGB
2748,page-2748.png,229620,36A72923A976AAC01E0CEC6B895A2E611806D5F41976078C09AC4D1B9EC07076,827,1170,RGB
2749,page-2749.png,297361,C452CE630B5AF64F28C96F047C9176D6B7E0F62EF506522390B3331CE54CAF6A,827,1170,RGB
2750,page-2750.png,242888,C8C99B387B07F7A70256EA57C8EDD5125D39D1A34407F5774C0E103E2D2165C2,827,1170,RGB
2751,page-2751.png,254250,BD06D2B2BC4FAC14786B3A71DB1E021663717FB470556EDC4089C8EB98E9EFD1,827,1170,RGB
2752,page-2752.png,291628,2F01273EB8D7BDC01ED89CC8C8F596F5E25DB24E6476C366EFDC12724889D450,827,1170,RGB
2753,page-2753.png,256257,6B8AA619BD515C37A4BDE4F25458385852358A272863417E12ECF8532ACCA673,827,1170,RGB
2754,page-2754.png,241184,7BCC9D58091A3C39BE2A742B76289BA19C070AD40BFD546F1AFD6838E8CDBACC,827,1170,RGB
2755,page-2755.png,324270,AAA8D5C6D760793FDA891238B14E7DC930D3DCBD13B4590972E57CFA2C36D46B,827,1170,RGB
2756,page-2756.png,288449,6E1D7AF772BEAC0EEC2E0C5CBC84D7162223CDA8087F33818484374DC4122ED7,827,1170,RGB
2757,page-2757.png,280007,0DF16113160E3FC161B80A3439F2CA5F1C479043CCD6263C2445F14D55738E36,827,1170,RGB
2758,page-2758.png,225504,7FB57EEBA5F664FD8C52BB6A05B4B90A54D424B0A4FA04A3ECA25B3B838CC4D7,827,1170,RGB
2759,page-2759.png,205331,208DDF5B32D0CC5CF0DC97B5ADB5D7D6A3487E0DE2A02E7B9337BEE6462C3403,827,1170,RGB
2760,page-2760.png,284449,CFC6B3213A2C78CC910D5A157B4E28D84C46A1B34DE1B602D7F26588AD719330,827,1170,RGB
2761,page-2761.png,313927,F26F804CB15750FEAB75242D96F0CD68550C1B6F8973E8BF8EBF987EBE0A5EAF,827,1170,RGB
2762,page-2762.png,299343,D19490AFCF71288AF68153022B12069341F202BD1AC38D9D82D31EDD1BEE46E4,827,1170,RGB
2763,page-2763.png,316017,4E4B1307416414959F085D16FBBAE8D7F44620652FBD8D2E6A7B7F5BAA3D87E0,827,1170,RGB
2764,page-2764.png,260398,FCF5DE8B65700C4678BF173F90DD45B436AC2C31748E900AA19AE6C14A3C69D5,827,1170,RGB
2765,page-2765.png,329387,72282696776538A7CBCD53AD4D4E6995F1D3EE1DF3BA851BD87E90297F2A8025,827,1170,RGB
2766,page-2766.png,297356,A6CC425C26202D1356C893CC79C5EB174A6BF24EDD3F7169F0F8EA69E4F4187E,827,1170,RGB
2767,page-2767.png,210034,5E28F63812B306354AA6133D5E9C2437BDA7D7A1545BEB9BBBF41F2A036BD741,827,1170,RGB
2768,page-2768.png,120580,E316D24B603CC7BC56F869419FE67255170CD45759D3D648D86EE40645F03170,827,1170,RGB
2769,page-2769.png,185186,5BE9DC0744D5DE5C571D1EF8B556B610586E2F9E44F90E151A880D67C21F60FF,827,1170,RGB
2770,page-2770.png,240106,580A26D266F27507F4881B7083A51B08E2211E096FD5ABB355309D17A77EFDA8,827,1170,RGB
2771,page-2771.png,352957,096C19026994E508FB7130C25DC7E4FB5ACFEC671A5292BBE37257BA03316E58,827,1170,RGB
2772,page-2772.png,322523,2FA099B6B9F2224CD27D1691A977F6F59CE988D050B723AB68940BE06393D94C,827,1170,RGB
2773,page-2773.png,288786,58FED3FCCA9403848546517657E309F69FE063D3DBCF1E621764B7F3A27F4D71,827,1170,RGB
2774,page-2774.png,261193,A389DDE9CB0B4F617CE5A1D6AC018202F43C4FBF9C4CBF644B50022228288790,827,1170,RGB
2775,page-2775.png,268902,CD1C4B46932504DB5AFC2CC99270924E7BF1F0ECA36E73B083390D304CD3AC16,827,1170,RGB
2776,page-2776.png,231561,7E8CC8A3656E7BA775E6C0CF87D4EB9DBB6CF3C2E32E0E5C4D91C813171445A5,827,1170,RGB
2777,page-2777.png,196713,F521EAA47A4E9E7D47A16002323A41D1E380E2A83631CE08E11B4C4EC8B6AAB1,827,1170,RGB
2778,page-2778.png,352861,70DD7D418001E6DAEB547448ECE9EC1CD65CF04F396C2F545F1C56673FADC010,827,1170,RGB
2779,page-2779.png,217210,75F8F728B0858FD05A59C56EE21DBED05989F0C3F09372FA556FA3E2E7FD9833,827,1170,RGB
2780,page-2780.png,264725,FA0E04336F4C69D9553B41162BDF8DB130AE1509E43FA1A789DDD163B2CA87E2,827,1170,RGB
2781,page-2781.png,266003,B43933E3115BE3320232B745E379D8555D6E5D0CFD4745EDADEA0D2ABB8BBFDD,827,1170,RGB
2782,page-2782.png,274474,BF2C8E0B69597970484C9E9ABEBF27411A801FD3CED626A95A570405C2595601,827,1170,RGB
2783,page-2783.png,271022,804B72E2368EE13C9E66EFF42A77F3D3443D97B72FFBBD3D1F55351E45B8342A,827,1170,RGB
2784,page-2784.png,329990,78DB29B317C5BC6A263F0369058DCFE624871D602459BF85D3B8A854412DBD8D,827,1170,RGB
2785,page-2785.png,261267,B7B7B7D900547ABD21ADDCB74429E977FBC9E4A380FE6CBED0672EC0753AA338,827,1170,RGB
2786,page-2786.png,360519,2745AB188F0A9029668BE54AB7E04EC77FB6498DB767BE3CD954708B3674AFFC,827,1170,RGB
2787,page-2787.png,269312,1D8C214412EAB3E105593B874DC6E655B76C62FD44DB4C3C129077D068DE8B4B,827,1170,RGB
2788,page-2788.png,299149,7FDB1B3AD70209E77E0B1D746BDE841F86432F9D40C6D5FBB7DC9DB7DD0FD69B,827,1170,RGB
2789,page-2789.png,375310,DAC134D2A813CDA152345983ABE130FC49D85974764B7F0F81B49A23A8BE55BC,827,1170,RGB
2790,page-2790.png,366677,9FBFDB243068DD8297D4311049D1BECE8CF5DFEFE892AD8F3661C6076C2145B4,827,1170,RGB
2791,page-2791.png,303321,FE13C39B095F07104BCDA0B0D8B3B310299FE608E1745FE058B4897258E4B3DB,827,1170,RGB
2792,page-2792.png,276695,35F829A94FB2FEB5019C4750C1E14C06F0F16367F679237719A9446B906E9F87,827,1170,RGB
2793,page-2793.png,269613,505C874128867C0579B780487004AEE7E57AD1CFE8E67C73E5A267E88743D7C7,827,1170,RGB
2794,page-2794.png,278118,CEBD4B4CFCC7CEE7D4DE1E9298E866DC4A45E7CFBE0B5237A77DC0F0E79A83B8,827,1170,RGB
2795,page-2795.png,346102,EACA4B239421854224464094F72EB89DADD9A0CDAD5F34DE8AE25FC668E11456,827,1170,RGB
2796,page-2796.png,289055,01E8FC7CF9E9447D741E12C4EB4B4F897E6F31BDDC4AC3223C017DE34E093BA1,827,1170,RGB
2797,page-2797.png,302837,A78E0F93C0305ED9191F19A52E290043E50A249AB07CD411D667B7922B849A80,827,1170,RGB
2798,page-2798.png,308794,30E4C871515F375EA38466445FB607608C3ECD1B4115415034528824349F2FAC,827,1170,RGB
2799,page-2799.png,290345,90CE9EC46121E5EAFE3AC64E81CA35E3CE785ED4621DF8E45CA3C2E1032C7CE8,827,1170,RGB
2800,page-2800.png,349113,8D781C80F7C9DFAED9E4CFD93DB373092CA1AF46E82C065BAE9707F6BE43E000,827,1170,RGB
2801,page-2801.png,308511,21B574CB5B3DD5B6B4C2EE29B29E49B623182E37FBD3065847EDE57661E97EAD,827,1170,RGB
2802,page-2802.png,362010,B35DBD1FC8D0ECB7642E3AB35AA5A0281461D414FFEC62CDA329B2BD42EC0885,827,1170,RGB
2803,page-2803.png,329674,1E26AF98028780D9BE99291061EE1D0727AB9ABCEE8E106886E1434705B4EB9D,827,1170,RGB
2804,page-2804.png,260102,D0283613106CE145C61114413A34C08D593D5DE223E2C7EAD38697155BE248C2,827,1170,RGB
2805,page-2805.png,299903,3AA960246450872B0E3638FC8994C85E04315BD8D22E6025B097222BBEC62C6C,827,1170,RGB
2806,page-2806.png,268407,16F132616B71070B470E4D5A9A5974D400A639F6C73BFB3C8ADEEDD6237A4E1F,827,1170,RGB
2807,page-2807.png,254288,45C6DE41E2F638B7DEA62F7C77E9E7E32B35AC010FD87631BA68499DAFFD7C28,827,1170,RGB
2808,page-2808.png,269324,6A665415DCB92005DE56B03BA7A617A5BD2BA1AF78FD22BF5ADC8514FD02E464,827,1170,RGB
2809,page-2809.png,345151,AECE048147437295D5B04162EB29F5EABF9BE1B2D57B9E270ABD22425E03D132,827,1170,RGB
2810,page-2810.png,344873,DCBEDF088B2B57BF3A65A6A3C62740C2CD2FC715986DEB1CBC52ED754279143B,827,1170,RGB
2811,page-2811.png,377735,EF6B4048CEE3264BF13B2E8CF8AA737C15D62C5BB3427F991F5494B8D2691742,827,1170,RGB
2812,page-2812.png,329690,517D398A2554D7A6FB18343B718A9DD66F90B35C85032CA23086CD3157FCF187,827,1170,RGB
2813,page-2813.png,361593,8241C63BA1743F4AEB8365BC084C051A938AE36716F749188D05A74FF408A8A3,827,1170,RGB
2814,page-2814.png,379404,E9FC4870ADFA50C11222F48B67F0AD1D59DE9FB12F9DCED11B75FE5A51CA6C9A,827,1170,RGB
2815,page-2815.png,94248,0D7DC59F32BC029F04A5FBCE3C88EA4F61D06F335AC1439C3CC68F4A6282AF65,827,1170,RGB
2816,page-2816.png,300372,ED97DF14A7687BF182BD68C520E6401B0A90CB5B1D5AF5327B3A72492A22E4EC,827,1170,RGB
2817,page-2817.png,263728,D024731743D007AB7347DA46C050FC63F3E7A117FDC83935199DF56C920BB1CD,827,1170,RGB
2818,page-2818.png,309564,FD702A9B9E600CA8DC6CA6BFDBECB4403507B14AC2B45B033346C55D7F670EED,827,1170,RGB
2819,page-2819.png,222895,760FF2BF3B26E52F6741EA41E694E3F852012791A9F6C523652AFB9875922A2C,827,1170,RGB
2820,page-2820.png,359543,56E339E143B6123B793D4ECC828ACA233E0C3388B73220EF39567C4128A170BD,827,1170,RGB
2821,page-2821.png,318797,042293A2EE5CB0B349BF44ED596DC9311380FD42BFC5B9EEE84D9FB658748F07,827,1170,RGB
2822,page-2822.png,281178,6039D286CE33E58E5B05096CC55E587BB6842847E13B31288AF67F942879D4A2,827,1170,RGB
2823,page-2823.png,249765,29E58B73177B941B124DE345910AB83B530D2D471A262527A87BA8FD2E085564,827,1170,RGB
2824,page-2824.png,307081,5880F30B6DCB39D477BD59F204FBB1C4B5B6882A0551D179E031A9B7154DDF77,827,1170,RGB
2825,page-2825.png,249571,C1BD4B91E1C05E761A9C9D8D0DF00D6DF2E359651A70BA8D94CAE2892A1B8311,827,1170,RGB
2826,page-2826.png,367602,E16D6D162767712957B22FD3E8F65A74D3D23AA5BFCC603C081701B56323D139,827,1170,RGB
2827,page-2827.png,272739,016275938277A702A62CBF19DF1E0E0B0CF723FDBF55589B280762F62298DB57,827,1170,RGB
2828,page-2828.png,279886,55EDFEFA632DEB6527C908CB669195EE1C8393A6FBECEC8945D95D2E7D0AB27F,827,1170,RGB
2829,page-2829.png,308965,F7B6AFFA1CBCCF1E1A4D9A80A9D565CBB7E4F2883595816854C467F787CD43C9,827,1170,RGB
2830,page-2830.png,237815,C489FE4BC18BA9F99A47CDDF266A63FAB47803AFC8E1476F138C17A478EE90B7,827,1170,RGB
2831,page-2831.png,300033,4AA2760FA810982D969BFFDF2E37F5CAA08A6231991E3DDE795E3371E1E17C57,827,1170,RGB
2832,page-2832.png,278946,8E23784FBBD30CCB6F8B02950AED49155604912EC64189F98AB7BDD3BA145DE3,827,1170,RGB
2833,page-2833.png,281813,93E9BDA2CFC0B47D6F06065AA04E93801DAC63F7B398664E39DB47543BCE27EF,827,1170,RGB
2834,page-2834.png,281562,7021CEB64D3F63A0F9D94F2C28DBB02D9CFA617ABEB35A3A73BD709027CEE31B,827,1170,RGB
2835,page-2835.png,266513,0DA5B57FA358B5EE72169C7C5172C9B346176FEB064C7046593CF98BE9ADCD6A,827,1170,RGB
2836,page-2836.png,285249,4523AD5F1D815A5CD9A7D13B63C3F1B1C5F98978D95F2BB34C4563A19F62C248,827,1170,RGB
2837,page-2837.png,298862,75945F965C090BA8E84159E6AA4C9AA85067E7D9BE5A77D5EF99C7B6C8EAD4FA,827,1170,RGB
2838,page-2838.png,273644,520859C50980B28802444489403E0DB7FBCA3AAD52DE06323F436B7072FF69EE,827,1170,RGB
2839,page-2839.png,331073,2A6F3D2EF265E59CB9334DF0D620D142C92D20985457855FB47454D9BC115AB9,827,1170,RGB
2840,page-2840.png,230779,CCD5EF3AC7436F66BB7F0EF0BA279AA229D2C81FDC48798BFBFCDDBF9FD82FAB,827,1170,RGB
2841,page-2841.png,281684,CAB22FBEC64035535421574C5CB9A98E7B74F2CDBE624A3187203DA7E85BF5BB,827,1170,RGB
2842,page-2842.png,287239,C6BB5CB00376A291337B412A31737E93278FE41BD4B7DB809104CE5D335D8C9C,827,1170,RGB
2843,page-2843.png,277680,BA7AD9194A6AEF880F95EB9EA5813F684887CF8B06D6BDA77279F653F863698A,827,1170,RGB
2844,page-2844.png,301593,42EBF77F1868E863533D0AD1B4BDA2182B1C531C6FA1817EB204F287EBA28F7C,827,1170,RGB
2845,page-2845.png,260536,EDFFE055BF874F73881FC379CC1C7BFFE4D56101FB73E9A107F86ED2A0504D57,827,1170,RGB
2846,page-2846.png,250528,84A244B740F05A5042457877117B4E21198DB28D1C7B45D00544DD891777212F,827,1170,RGB
2847,page-2847.png,237840,8159F9BBB10B0492A0C0DBE2D426186C16C2554C676FEC9BA745908A9CC43990,827,1170,RGB
2848,page-2848.png,258040,3571DBE01AED06CEAEB81DBAC78202C47F20E43A6F9269C90F382C5DE5DC24C6,827,1170,RGB
2849,page-2849.png,268932,760B6A10BE2178ED5FD315DFACF19139E6D8AB84FE31A69FC9F0794BE24C01B6,827,1170,RGB
2850,page-2850.png,237654,4F51728AEEFE489A99DA41BA9FAE157718C8A5421436523C7DAB9685856DA26B,827,1170,RGB
2851,page-2851.png,280121,B8DFBA03579FD8438491F852C9AF68ECEDCB3B923E34B6EDC47B35C8018B6B43,827,1170,RGB
2852,page-2852.png,269162,B0E0C5784410F0E5058B1ED941BD685A105B27E328CB5D105EC798BB678891F6,827,1170,RGB
2853,page-2853.png,300253,E98E588852AB45A97AF6E78EC5C20F93280810F60ADD256AB0AE57E961C3E1EA,827,1170,RGB
2854,page-2854.png,315338,F2281BFD88CCA5E60030AE1B279541E9373C5C47E8E5C236E3F145FE845D5136,827,1170,RGB
2855,page-2855.png,271723,B104FB255EB25A8E86B1CC864A0674E090371E39BD5FC41F725D9F4EC38A7F48,827,1170,RGB
2856,page-2856.png,220506,2D28DAE99633EC8CEC7F875A25B1A7FC85DDFD9F5C1DB76367E89C4E77F8B9ED,827,1170,RGB
2857,page-2857.png,265086,B3849EA598397221D6335E2F76505C39299806DD5EC42A77974E174AB2C118FE,827,1170,RGB
2858,page-2858.png,283453,9B41659B2C5A2B896C2E42D6A16685706C4C63D4875A3F5E9A6E33CD5D65FE53,827,1170,RGB
2859,page-2859.png,282166,7874B30DD0855B135027352D57E3212777275EB10399CAE992D0D2A2536BA56B,827,1170,RGB
2860,page-2860.png,293828,DC634533927366972FAADC6795D9E8F400CF817E4A3E367FDCE2366BFC3D5AC7,827,1170,RGB
2861,page-2861.png,258175,A077DE602791440465A0A3543B5924444EA90BE67F7245E153A5D59BDB1373DC,827,1170,RGB
2862,page-2862.png,321421,C58134875B3D025678D89BB6AC568F972BBC2A8E1E591050F8CF9A5FFBA984EF,827,1170,RGB
2863,page-2863.png,285168,A9D6B2E399930A13C26ACF330286F10816F8F896E4F7802D9591940DC03DFD96,827,1170,RGB
2864,page-2864.png,297693,F6E3BEE93E6101070D46C594F358EC1C9BE4187C98BC907E855D536431F9FED1,827,1170,RGB
2865,page-2865.png,253042,E9CC1164449B46AAFFBD1A9D33085C583EDB2CED1DCD6FB9982359408C833FFE,827,1170,RGB
2866,page-2866.png,253230,F31DE45E359260F028BA83D36D9E6A5B14121CFD147BC2376B91FECA5BA8C0DE,827,1170,RGB
2867,page-2867.png,337077,9B6282169D6416566BBDCEA5253217CD97E00C044F1A8B805E9EF101B3A9117C,827,1170,RGB
2868,page-2868.png,214254,6FB24F0DD4D9CBACB298766E480F7764A51A1132830201D910A7D1AF57A3518F,827,1170,RGB
2869,page-2869.png,259347,50F1D398F64FA3BE41EB77E5699F7BAAD9D66961E3687A86182F93463E0600AF,827,1170,RGB
2870,page-2870.png,260736,7047F3B77B179971B4271BBDFDB65E093B7D3FF8AD695F992F7F52E0ACFFA0FF,827,1170,RGB
2871,page-2871.png,219798,D69E95A6624913202CB04A80E28E04DCDBE17BD92E0749A70FA07E67BFC5705F,827,1170,RGB
2872,page-2872.png,248261,E641CC94EAC1D63F9C40255165DB8D50C5B6BC230F08B59D660FBF11479D71E3,827,1170,RGB
2873,page-2873.png,229546,6C528F52BF4CC622A28BB5ACC994C18A11D0054E74F6D8E795FE9EEFC1096616,827,1170,RGB
2874,page-2874.png,240192,C25F82C371788C805AEBD1E1485F77878F6562B3370B15C625E2DF1CFF80C1D1,827,1170,RGB
2875,page-2875.png,251026,46CAA6488C6BE5C54989538AD341FD48235F1C9F3FA288BF61F6D14BC42B9DFF,827,1170,RGB
2876,page-2876.png,170264,5F3457C17C889415BB5BA6867A6B9714ED7DE0C80F5E45B5CD9AF6DCC5315705,827,1170,RGB
2877,page-2877.png,203336,7A4A427E7F2F75314B9B43B583CFF286604EE2802A8DB8D627E7128F2177B0B3,827,1170,RGB
2878,page-2878.png,211189,A471D2FC28C320F05F85C8D7D3D682A7DE62D3F919362945B9FBB12E0791C673,827,1170,RGB
2879,page-2879.png,315067,9F044B028BADA59822473D0B08379EA48B7C6624501914EF5C3DB22303761C2F,827,1170,RGB
2880,page-2880.png,298466,3FBFFBC5B7452E2B62EB476364189CA48B6C7B680AFBDC76427C181E59811FC2,827,1170,RGB
2881,page-2881.png,296533,A8C5AAF0BC881B5A466B6A9F39CFF9FED506FA196CD410A5A9495A9430944E7A,827,1170,RGB
2882,page-2882.png,230197,64265D39FCE9E5D8A45743F9B806925104DEB7F444FA91A2DFFBAD3C2569CA7C,827,1170,RGB
2883,page-2883.png,189147,FA138DD8825204CA44C74C4B4AE68764EBF516E0BA6D19081634EF893B2A0B7B,827,1170,RGB
2884,page-2884.png,275558,3E6C5E4E936D519138FEBFF9280E4169C19522FBB274104A603B7913FD02B325,827,1170,RGB
2885,page-2885.png,216005,7975CD69A42C105626A01FBC8A37CFAB8EF08CED5AFFE2FDBF3A112CCCB8F3E1,827,1170,RGB
2886,page-2886.png,232654,609001D8C0C9BE0ECA6B5E5B9077DDABEF1A8E5AA87042C347B6D38A258F9E37,827,1170,RGB
2887,page-2887.png,258182,565BC570FA8F7EC68256863879C3937C32C6A883CDB581F7E079F063F99C9BE5,827,1170,RGB
2888,page-2888.png,362511,A71C44695ED11A557236F945D62B172E2DC7C3DA20A4EB5661D9FD7B1B6EDCAC,827,1170,RGB
2889,page-2889.png,290059,90A70A1252EAF602A8B7AC3EEBAB256FA6B76097F2AE037065C59EBC60EBD6A4,827,1170,RGB
2890,page-2890.png,334395,3623C8090BCC398D5F32A8BE84D1C30216BEDBD206DDF740C1FEC8AC020CE62A,827,1170,RGB
2891,page-2891.png,243869,510E79D4D1D901E755ABA7B2D52766E709DCC2A18B648C353E085DFF6A989C29,827,1170,RGB
2892,page-2892.png,297215,3CF6F488A608F7B2E0FBDAF8CEF33FF4A14EAB47CBBC93AF31C921DB73DC524E,827,1170,RGB
2893,page-2893.png,244975,0FDE2B2148960D2A752FFE27A65BE25A83513246616E65E2228EDA46B3235432,827,1170,RGB
2894,page-2894.png,263231,A08C02ABC4D1750D5C5D777222FF9CA726A224FC7D492FFF0968828D7CDBD329,827,1170,RGB
2895,page-2895.png,302904,6F53BBF9858031AA71D375A0100D28AFFE76D1DE97FCCF98F41A025324E700AF,827,1170,RGB
2896,page-2896.png,249627,DD75B29B7D8754C7AE8BCA61DBF6E7F892E76FAF1275C5198C596A21D9A5492A,827,1170,RGB
2897,page-2897.png,257508,B46D8682C1D7CB08EBFF0EDAD2140735D4893183699322BA1544213F59D84287,827,1170,RGB
2898,page-2898.png,250270,2B34B330649EF53469DE5478ADED9ADAD1B5D9F8B5C6D6C3DFC2CC1F150F08C7,827,1170,RGB
2899,page-2899.png,258417,6DB109504D9667199693674A46BD4DD06A519621ECF3FF6666B5D669204627C3,827,1170,RGB
2900,page-2900.png,229371,FA3ECD58B94B12FB229A8C32135852E21984AEC303118B54A8BCD5C6EBC6CDB5,827,1170,RGB
2901,page-2901.png,283741,6C379CF19B3694C1D4AD180A2B20C9D12F31EF97E251F033AE0845EB08BD25B8,827,1170,RGB
2902,page-2902.png,343269,E1F45C68E7F278736100C179A81D9FA28FA65AF895D47BEFC2DA3381EF7CEB4A,827,1170,RGB
2903,page-2903.png,288919,0C7C2C7E9F31ECFE5C4210F5132877FF76433CD235D89370120D141AA47006BD,827,1170,RGB
2904,page-2904.png,297816,D7809C30DE997306E0BBF253A8C5A386091B2EA996A54614A493E73AE0EEF7B2,827,1170,RGB
2905,page-2905.png,229064,5B7963FC6E31F6AAC99A11FC8D3A5C888136B78F72CE84200D5003E668C2ABD6,827,1170,RGB
2906,page-2906.png,245581,23A703D4E306974D60DD8A087805A0A757A97776C99A4B5FF3881A01BE1FDC14,827,1170,RGB
2907,page-2907.png,255860,F9D1986648ED57220EF491EB1BF9EE79986A0A0824612211956B7DBCC35FE31C,827,1170,RGB
2908,page-2908.png,216256,AE7477D8FB607F70F7797E9CAA3A14E530CF8AB6F66A9FC5123EC58E27C26026,827,1170,RGB
2909,page-2909.png,276812,52CD40896FD34D0B21772D4719E74BAAAE8CA45EF7016E1EA44FFEF3D38CAAD2,827,1170,RGB
2910,page-2910.png,213622,F6DAEE26D7A43B9DCDE6D1494FD430CB4672608223B0E6B6E5E72558765B98DF,827,1170,RGB
2911,page-2911.png,204855,01568202EFB45BB8BBD934AFEB4ACC127DD7F9167B376D7DB002CA29072C314F,827,1170,RGB
2912,page-2912.png,267015,08AFC1D62DEE167FC5CBE3482F6ED9CF1487793B4A15582254E8123AE53B9649,827,1170,RGB
2913,page-2913.png,349609,454E358130FEC1D6030C90A1DD8942E91EFE16C8B5F2BD08746DF71F7FF1D111,827,1170,RGB
2914,page-2914.png,283809,DDFD4BF5AD1291FF69DCB39913B5FFA99D1C72B8A7E333CDABD814E0D3E2081C,827,1170,RGB
2915,page-2915.png,205858,9837B4983781035BCA1BF8CB41AFD42B3DC20789A9CD3265A3615EE1FD7F99D3,827,1170,RGB
2916,page-2916.png,236341,EB7C13ED1E68415725C7B8308C064F76900D54A408D4AAA51CEDE3D639FCA155,827,1170,RGB
2917,page-2917.png,291869,9AFBB3D54065C530F875B2102BC7F90B7A8418EAF8207F6D7A5CF04FD74EC029,827,1170,RGB
2918,page-2918.png,251716,B14C7D6234444CD8CF707A65155A16F669FC0D1787E44F254238E49458DAB78F,827,1170,RGB
2919,page-2919.png,290649,8884D4B588C850FC462A905EFBD9229F7D407AE4A18F550FA4DA31BE365A33B2,827,1170,RGB
2920,page-2920.png,298916,2EDD98774B4EF6BF59114B99CEFDB50BBF884F130636E4889BBB3878FC2D9F4B,827,1170,RGB
2921,page-2921.png,254239,E06D1E8EF5581EC41002D52746E684968CBF754D3D70FDBF37355768396A7C38,827,1170,RGB
2922,page-2922.png,297798,697F2E06E4A8B138B8BB25D584A08444CF70B6F475BA3F952C2DBA3519513DF0,827,1170,RGB
2923,page-2923.png,254086,50BDBB67003A9B30C283882F475E15C2C560F0DFA948E60CB8B373D61D0F91E7,827,1170,RGB
2924,page-2924.png,290243,61EFD92A270F057C7A6A5DD040953D7870E722ED3721582AABD50FD8AAB1E985,827,1170,RGB
2925,page-2925.png,310747,5B4F029C5D25301407D274029EECAA0AD06B7AFB2A4C0BFFD79757B61C20660E,827,1170,RGB
2926,page-2926.png,220408,AFBC8FE48E35A98215F2F147BDE52C3791D521EDA5C877EE1D7AD84B7ED53625,827,1170,RGB
2927,page-2927.png,239312,FB37269AEE67F22C3E99EF03004ECF7DD70675B81A20A23D409F1E29B464C455,827,1170,RGB
2928,page-2928.png,202926,640DED0AC4B21BAB668D75170FC27C9A2C99AB2D99A04BF5225E956381E5D81E,827,1170,RGB
2929,page-2929.png,229120,6A869E19C2450B52A0F09E1F4409426C70919CCB6965D809893903D994D7372E,827,1170,RGB
2930,page-2930.png,307646,2FDFCAA3EBF22D14AECDA39CD4F43C1B48521958C1C13AD3BA8F12BD0FE734E7,827,1170,RGB
2931,page-2931.png,228558,DA2F30FD23EB301764FF7536CB7EF26AC969A0DC1A49ABD1023C567221C0E520,827,1170,RGB
2932,page-2932.png,238524,29680D537E6DA8240394C97DA9F8D742DBF4BFC995E5E9D07F2B50AA2A541DCD,827,1170,RGB
2933,page-2933.png,309759,1E8017D2CF853F7DC369E6DB0BA5505D9E7538AEFB3B6ED25F3CBC4E9401C47A,827,1170,RGB
2934,page-2934.png,274954,8EB7951269308553E41EC83D526683084D15344319352B815051C8A97003D8F9,827,1170,RGB
2935,page-2935.png,299844,B50928A3DA00C716B71B77BF62EF55709B8D57617AA59667F5AD77C0F3F8F6AF,827,1170,RGB
2936,page-2936.png,208413,4974640FE1F49C6E2C1CD3854F34F64D6F101C3FD0652BF463C73153E39803B9,827,1170,RGB
2937,page-2937.png,307044,436132CE709E55BBF8B9B0BFB05008E61D5BF834E9D5FCB15814D9999CBFA9F0,827,1170,RGB
2938,page-2938.png,312665,2D4C51C03D54352B29863BD74DF0D2C215CF99284AAD78244CF1DB6BB298729A,827,1170,RGB
2939,page-2939.png,239960,D5D88D8FC128DEBC093B4207C7BF77BF64BAFAC9EBAA69EF324AB773BF135B41,827,1170,RGB
2940,page-2940.png,388140,B7318D41D1CBAF962D49AA6AE43051D3CA1B941259BD8C2510246B439CE27016,827,1170,RGB
2941,page-2941.png,310184,A863B45A8F4485910C5A0512AC102C62058F2B0D09E574FDB89817BE8BB2B171,827,1170,RGB
2942,page-2942.png,238948,CF19511C64485D2A3DD7D4383866988477D3D638FF8B2F89E5D3E8DC6B2063B1,827,1170,RGB
2943,page-2943.png,279803,3EA0EB44D1C8051C75BFEABD1E8E2E474B5C0CDAD08063F2118C292F6B1A39C5,827,1170,RGB
2944,page-2944.png,176095,FC398C9EC982C303911F76B7A467EE512A25B65A067A66AA6D4736A9BBEC4221,827,1170,RGB
2945,page-2945.png,143655,8DF091D107F998F071E8BF208D085BDA349B7D9D1A5F112FDF94D0AD2EF18757,827,1170,RGB
2946,page-2946.png,269822,9E7B0FA1B3350F4271002E808789D0896373C9B919006412E33DF2DAFA65DDE0,827,1170,RGB
2947,page-2947.png,285853,9901F4488D10B4BC3844E20E4447C5645A5A4131A8E3200D6B5F923A9A08B5CE,827,1170,RGB
2948,page-2948.png,238193,8D6F55A614685B065810C9EA64CDCB6B7813463A78CB348E111D517D15358289,827,1170,RGB
2949,page-2949.png,174455,38F4C4169E3239AF2B730AEC3BCC99F2E4A71D1070BCDB3C45AED648609F0F5B,827,1170,RGB
2950,page-2950.png,215382,57BC2781D2DD05BC077BE2E7E8D6D14F602D7414DDABC7173318BA85526EF72C,827,1170,RGB
2951,page-2951.png,218591,8EB5B81EF52A340D0AE16CBA94F08E1AF51B505FD0894C61B1F64AB38EAD95B6,827,1170,RGB
2952,page-2952.png,228011,E9F9783843F159790DC91441A95262440A5C75B742267BA2E118663EDC516446,827,1170,RGB
2953,page-2953.png,155046,E1D5B4BA9B2132C1A29A3EA200A5ECC086637C68BD2CBBEC055AA3694E1D0BC0,827,1170,RGB
2954,page-2954.png,287374,FAE38FD815794B1E0F7797FF7E28E023D0A7B9C56D05C672E72E6511EE31D8A2,827,1170,RGB
2955,page-2955.png,264598,AB2EAA499943ECCD501FE1B1B15B3A54039647C81D7534923CFCEFD9CD34386A,827,1170,RGB
2956,page-2956.png,240058,F8E6C9723214EBE40413610ABC6D04EFD0A852E2CDA36049313FACCC251129FC,827,1170,RGB
2957,page-2957.png,192697,FAB65F20AABB4475D0F6D62114476A44F60E14887867B2C396721D2D3A70CD15,827,1170,RGB
2958,page-2958.png,252915,03F8890F15DFB4AE7EB5938CA6C2029DFD6096C8C7CE3C57C77A6B7124345BA1,827,1170,RGB
2959,page-2959.png,290350,4133D919F6B0B679F19B529FA83E530C287B28BF87137E35230BF288E5D0470D,827,1170,RGB
2960,page-2960.png,137351,E2B049DC7E6BAE629A5832B92E88F32E751F266180923C686E1CA82FD4FAF1BC,827,1170,RGB
2961,page-2961.png,241354,60F2AC553C4613B663904448C16D09C406B423049B7CB7B6974035621E3CD161,827,1170,RGB
2962,page-2962.png,282588,7711FB263A140785CE4B2695BF876E5B5C0B7D9E895853D938DB825A67D736A5,827,1170,RGB
2963,page-2963.png,220149,A2A228F55A33044584D862F9EA1EF2726BE9F54957AC3B9A7EE8D39FE4EBED82,827,1170,RGB
2964,page-2964.png,266024,691742E5DEF6F4C00143F710C2FED0A70725C5C2890A1BB495A5733A9B1892D0,827,1170,RGB
2965,page-2965.png,78838,12B60A67EAFE023B8D7A68E34549985543ED55BAEF5B373A53A13E6626658D0D,827,1170,RGB
2966,page-2966.png,281378,37AA42E24384D850F07A35CE7FDFBC998CC0CFBEC4F34AC91180EC7440C19905,827,1170,RGB
2967,page-2967.png,243885,8D17FE8A45B552CD63D51E96C5A6D940A64400950EA78DFB19E4C7A4D1E338C7,827,1170,RGB
2968,page-2968.png,282421,31D2D5FD4F51362BAE5EDC70581A796BDD1CCDD1865205545B92031E9E9952D4,827,1170,RGB
2969,page-2969.png,265296,9462CEB23F7B3A4A44786A2FE91203E30C17CE538E78401FF8072F072BE23B17,827,1170,RGB
2970,page-2970.png,252903,3B5182E63AF7130ABE73DE9B42938C1355BB7FE6176EEE1F3EB41C0BDFFCB8BD,827,1170,RGB
2971,page-2971.png,288518,C5ABB388336E98B3C2B26BADEE6AA3AD165913764DDA51DD114E9E5E26564B89,827,1170,RGB
2972,page-2972.png,372682,090DA558C1DABDD425F2060524E0AF7D29250A4C4353859D3B70D4B785F4CC18,827,1170,RGB
2973,page-2973.png,260875,F38A0674202F4C623488501EDC331F4C912065CE895AB2FB3D318F4BC9D33A42,827,1170,RGB
2974,page-2974.png,239438,4489AB650B51019B9DD5E9C8AEB951DB74C6E17EC3E54B00B53B934314C1514C,827,1170,RGB
2975,page-2975.png,249983,D00583C7D9381F6C5A0CD9C6541DBF8C96913357CAD62711E466BD164F82A215,827,1170,RGB
2976,page-2976.png,253175,9719C9FAA827FD85F6C3BAA47B7DCB862106CE8AFC9A20639D737AB57F6551B1,827,1170,RGB
2977,page-2977.png,303351,FBA56905D5DCAFCC77B70FC2525C4DFDDEE610D70CAE8D40B430EC288C103CF0,827,1170,RGB
2978,page-2978.png,236496,DF41BD8F1FA3F7249EC206D7A6BE143A26E592B2B21006FC149181104F66A8C9,827,1170,RGB
2979,page-2979.png,262887,69F69ED023DA6DE6CC659C611F87BB10ED086B0392592B0D9B63BB7A83E8530E,827,1170,RGB
2980,page-2980.png,237513,DD5BB9193D18DE73E0448B13C76B69AD561E88EE6623848460FCC5DC89BE2448,827,1170,RGB
2981,page-2981.png,277859,FD518CA676EC1916F9B082F4A5906CB7D2F0521117F2E2FBE4732720CB4A4165,827,1170,RGB
2982,page-2982.png,290432,DC599B9396E652E0B65B2478B2C9CAA457ECD35ED9D18D5939C531C41486853D,827,1170,RGB
2983,page-2983.png,237181,2B022722DB362B18A650991AD49D7A00D1CE9807CA724E38E0B33FCC9D7F586F,827,1170,RGB
2984,page-2984.png,327056,95ACE33E7220410E5A68B1DB6B7702E8EE178D0991715FBD80DADEE6D601F4F9,827,1170,RGB
2985,page-2985.png,262171,64E474095939B9A9BE6CDE79F6961A9F1E0733C02153DE8CEBE9868906D21CF5,827,1170,RGB
2986,page-2986.png,267980,8D08C5AC1C2183C192A8E335FFC5A6E93DBDCCA5E69C95457D676B03B526D35B,827,1170,RGB
2987,page-2987.png,281637,4774B4A437A8CFEBF13AA75425A48C7731E12FC9F693CF7A0C0E5BEB2FFB432E,827,1170,RGB
2988,page-2988.png,300821,44C730E503E765F4E5F1E6264C33AF89AEDBF070079395A15D8F0C9B8E51BAE7,827,1170,RGB
2989,page-2989.png,226854,B97F9CB2E02B55DE208005E54261EE3AFA15BC9D82BA70A4B9FF47865D2B4748,827,1170,RGB
2990,page-2990.png,245851,EBBF96EA39D59BF734A55E8E7726C95DD7E2A6194D4B206644EFB012EAABD977,827,1170,RGB
2991,page-2991.png,208526,90DD037BD5C414BED60AA0CB539029C1801BFEAC31F241A36BFA98BD955C06E3,827,1170,RGB
2992,page-2992.png,198334,4B9369622578A87EA121F6473577B7D5681DD62FF6F543C4B9F9A184A8AC7102,827,1170,RGB
2993,page-2993.png,48006,414559AB8149411D0E5A3473F7584F5415AB9B35C462FDC4E531CD0A38D85109,827,1170,RGB
2994,page-2994.png,260817,159C9BBB9DEDBC45C605753815B91D35D547C9AECAFAB869D0CED35B0BB00504,827,1170,RGB
2995,page-2995.png,341257,AB32B663CEFB3813DC3E124247C0DDC20AFBB237DFAE497680BAD8D6FF45AE4D,827,1170,RGB
2996,page-2996.png,300765,DA22E605C1D18EE50B6DE62DB4BE7B922CE90C86E370867CDAD1D6DFC623E58D,827,1170,RGB
2997,page-2997.png,319867,FE876C02543F2BA952023DD2A1E82C592B7F60984BC7D825DBE67B9CB3901B5E,827,1170,RGB
2998,page-2998.png,299287,A87D2374A80377B0B4976DD93797161F8E0C960E048ACB1EA32E838B60DC51FA,827,1170,RGB
2999,page-2999.png,261779,01E43C98D6EE0730E64481020BBF16553DF92D0CF66A6861FC5FD841042792CA,827,1170,RGB
3000,page-3000.png,301047,BB12F930E5E28C40741CFBD390F859593332FBEFBEC13126DEE921E460FFD647,827,1170,RGB
3001,page-3001.png,307722,0FAA4CD869E32AF70FF4D456391CDDBEC2533E491BB5FC052FB920B16058E4BF,827,1170,RGB
3002,page-3002.png,281363,CF4D6CFA8A06BFF38A5806A480B5D11549C5D973D7A199A29126574D0EBF5796,827,1170,RGB
3003,page-3003.png,280778,097030D57837E9186988F7D4CA08AF561EE969F16E157DFDD1297A559AFF4714,827,1170,RGB
3004,page-3004.png,341696,06F47C19016B0E9D1736D563DC17002B9EA4D851907C1E25D03357A9F0D06A10,827,1170,RGB
3005,page-3005.png,293128,C1C8BA3E5AB89D8D699EB9C3DB18781240CCBD9FA0B582A8700A9E25B6A5ECC5,827,1170,RGB
3006,page-3006.png,307267,196ED8DE22F7E0ABB2954EE8C90D36CA1C20DD6AEE9D47C90C74C7493BA88CEE,827,1170,RGB
3007,page-3007.png,242776,DE758A187481E6298C378E029DA80F043E0A98EC1DDAE2DFA2A97F106C23FF95,827,1170,RGB
3008,page-3008.png,262046,61417BB3ABDB3C0178796595E8BE998233E1F996EC9D5D0058CD4E6AA59F7BC4,827,1170,RGB
3009,page-3009.png,271946,79A2B1FDC029FD9A436A482564093E93BF35CF7DAE81FE5EB1348CE440C43571,827,1170,RGB
3010,page-3010.png,199560,57A42920F4793339364551A6A74CB2FB1F42F20A44BCAF90CA0AE8E33418ECB2,827,1170,RGB
3011,page-3011.png,229162,57EE881133EBF676D4EED2D1E4D162807D9E781E9CADE3953AA7DAAF939D82C0,827,1170,RGB
3012,page-3012.png,255859,DB29B8CA89F81CA9B83A837A7598066288E3BF3DCD17DF0F31C339AF401D1C75,827,1170,RGB
3013,page-3013.png,214267,DC893780D1C2AF603FF064123BDF37CFD55FBBDDAE03947D66A7D81C323ACC0C,827,1170,RGB
3014,page-3014.png,250755,03E7498550D6F81A09CEB356B812ADC8C1FAE6EA61E065EB92E448BED7EA620D,827,1170,RGB
3015,page-3015.png,246644,3A0B7B31AB993090E06734C62B1344516076E781D77019C2C5A2E541219B4D01,827,1170,RGB
3016,page-3016.png,293153,1BCCE01F99D92CC482B4C136F773F57D1B772DBCE00A67A644D70F454CE7A5FA,827,1170,RGB
3017,page-3017.png,223654,A36E18ECBEFDDB13779A9264027D1252A7478D62B5A94D86CC68D222D85B43CB,827,1170,RGB
3018,page-3018.png,269409,9CBEBDC6156E25969DA8FF6FD68AE23FB508AA0CC366A26C18E9270EE32FEEA2,827,1170,RGB
3019,page-3019.png,244765,AC9F869970F676496633065488530710861AC8E84BABB019B86124C1D7CE6501,827,1170,RGB
3020,page-3020.png,278103,978A2000931BA160533482175570EA3E57349DABB4781561DD0DF741BC8ACC84,827,1170,RGB
3021,page-3021.png,334892,6DCD04C7B4208123237005A45EFA961A07213C4C5BEA2BD66D1A68FECE225619,827,1170,RGB
3022,page-3022.png,322477,AB65210DB3E681EB2C37416DA4DF2CD99B4FEEFD7E1571FCC0E1046A3FD817CE,827,1170,RGB
3023,page-3023.png,308453,CDA319391FEC740B5E4CCD3C4926AA8B5ACA7E78171D49B8952CC5990AA4A4B7,827,1170,RGB
3024,page-3024.png,273547,A7DE563132B35D1B9B8A51FFAC06338FCF919E239CE9720557C9D51C17C134D5,827,1170,RGB
3025,page-3025.png,268549,CF4C855672295657E4275290B0E93D10A4F4844C218C118032B99E74C11B7B7B,827,1170,RGB
3026,page-3026.png,299661,D80065F86C40C4533960F811BA8C81034C6012C4308647A1DDA873C3D0A7ED0C,827,1170,RGB
3027,page-3027.png,287220,EB3EA53F3282532A8A130E54BFA5CE360E74AFA1E7CDE65E0F61AB3382DBE899,827,1170,RGB
3028,page-3028.png,320569,902E5EA3B02B2DA8D77E52E865FB056D8AA7232BFA8882F8EA344082D1E9AC03,827,1170,RGB
3029,page-3029.png,298378,125407701D1C697DE467DD9A6FCD9FC8E094B28503FB3FE363B28FAE7F0D4D33,827,1170,RGB
3030,page-3030.png,294655,C0E8D0B3C550FF3C1D4D5E97B814F6E4BBF80AC0C9D973CD344BD6918D58284B,827,1170,RGB
3031,page-3031.png,262706,0D12FE4195155461C17C9465B246AA7F9AC80D18E749DA83A6679283CE56DD01,827,1170,RGB
3032,page-3032.png,245289,8DAACB5A4D2F921DDA418168420C36FD6F9066D54211CB04A5D027F0ED2AA99A,827,1170,RGB
3033,page-3033.png,241256,0D615758E772FF78C2D9339B0A766F449389169487729EFC5059ADD4979570BA,827,1170,RGB
3034,page-3034.png,314551,92527EC08F1353985CF6D4E331FC387B2EF5E6D6BEEEC11A9A120E1BE6A698E2,827,1170,RGB
3035,page-3035.png,341619,A6589612414B3A619805C31CAD72AAF79FCEF477F4A9DDA14E2181F8F99C4117,827,1170,RGB
3036,page-3036.png,289507,490D932D617DBA9F8602FACA0F1C82517E274FF44A107461AE90A9761CEC65A1,827,1170,RGB
3037,page-3037.png,279587,75051DB84934CD49A23F76599285AE33C763ED181E6CA90DF558B1217875D26B,827,1170,RGB
3038,page-3038.png,220455,827FE4F9AFFDC7102F2974F16F488EC89CCAAB2AFAA93E90A7AC7153324EAECC,827,1170,RGB
3039,page-3039.png,282784,ABDE6F098E051EE31F30A3429A1A790049F5D78FDDF31D205BC8EDAD1FBB9867,827,1170,RGB
3040,page-3040.png,215388,1C15F97962A358834E3E7AD4ECE8ACBE102AF46883CF44107987BD2103EEBA77,827,1170,RGB
3041,page-3041.png,233915,9C65883B8B64EC96DF651B7C8D542352FC5CE585B0A949795D59ED885727D0FD,827,1170,RGB
3042,page-3042.png,308716,515B28E8967B98EA7CF45C4D4D8E7FE88374DA07B0A9936623A1C1F751334D83,827,1170,RGB
3043,page-3043.png,272845,A4E4118323E440DEE6DA5CB7F0907482FDAE7D6662D36BAA16E4D1CA5B1BFFF4,827,1170,RGB
3044,page-3044.png,257129,893144E7E6A4F3CAA067E763663BF2269149EEF8D82030F3E60F945123523A53,827,1170,RGB
3045,page-3045.png,242165,86074D22FEBCF31B8810FE4F6F8403C7337A7AEA046A3549138A4060395447A8,827,1170,RGB
3046,page-3046.png,323781,44EABB04FAEA1474CB9815D5C33BBAAA95BA2BD219AE2746F0CD57C8B05D4CAA,827,1170,RGB
3047,page-3047.png,307743,69C2CABFC4746E884591CEBBEB1B1D185D0A35E01D688188508BD7AFD6C021E0,827,1170,RGB
3048,page-3048.png,228284,C747BC4CA5DCEE7C40D2B3F8FB56C35F666B9FADB07AC9CB183F5444B93A40C8,827,1170,RGB
3049,page-3049.png,314857,C81345042B981B12E4B8E96601D3AEC0F2FB1ECBD9ECF28720EFA88CF61DCBC9,827,1170,RGB
3050,page-3050.png,160257,2213303F0C65191BE042216529631C06DEE69CF4429CE84603EB6466B44A0663,827,1170,RGB
3051,page-3051.png,272003,D39B741DC37C0B42A3F89215688F0FEF1E6DEAD650F0DD84CBB3695201CF2EA2,827,1170,RGB
3052,page-3052.png,314061,700CD0D8A7A8CCFDD3ADC041B7B8DF969B23620E8D0FA18ED65B03CBE8FCFF52,827,1170,RGB
3053,page-3053.png,209706,E18A6EBF348C98551CB676CD97FF120EC00123145C2041820A2DB298145E4024,827,1170,RGB
3054,page-3054.png,238319,D703B06C9DBBAA430F7F49C400E0051BC677ABDC949BDBF8C7DCF8161E04E08C,827,1170,RGB
3055,page-3055.png,243599,3D5ADDFCFF3766F912215C1422581B3A44399E202129D1416470DF58BF1BED6D,827,1170,RGB
3056,page-3056.png,284564,0EEEF59F0EB223AB3185939C604F5393ACCFAF67F0A7FA7685E227538D108151,827,1170,RGB
3057,page-3057.png,264402,5BB6D8AB646A44FDAF7D521DAE2F4D8A4C52D735D2FAA38E6B7CEC8595FF5BC7,827,1170,RGB
3058,page-3058.png,272363,03A90DBCAA05981F711EE5092C4AAD3277D66F21F32CCF97540CDC880ACE26D3,827,1170,RGB
3059,page-3059.png,266477,4B6FC0BD2FA66249864D35B034CC874555EFEB527DF732F9F9100486D422F83E,827,1170,RGB
3060,page-3060.png,218498,F15D33F943C6714EEA75767D003F3D0CC8E2339434BB30029F14C9F997677E47,827,1170,RGB
3061,page-3061.png,286364,E43DEB7E887AF376F21C35F3D064B2C44AF5064D895648E276879170993DD957,827,1170,RGB
3062,page-3062.png,317076,E5ECF7FC1C255C30CA33E0A044A8C012724B8F1FFAE432B32A90C0340FBD4408,827,1170,RGB
3063,page-3063.png,344947,A2418A901E133757D22E39C9DF8500D45CF54C42EF18446BFE43C3DB37068B12,827,1170,RGB
3064,page-3064.png,318189,5FABA7E668CCBF9BAFD991D7406976E99979F547E04D384A1DB6765AF1BF5C7C,827,1170,RGB
3065,page-3065.png,305497,F11FDF46679702E0B464B8F26284336467EC655BC0237DB127FE0551E861493F,827,1170,RGB
3066,page-3066.png,322064,61321D613BC48DE598AD1B98D8ED38A8DA8CB5F38F09294FD76BE5A391067FC2,827,1170,RGB
3067,page-3067.png,285268,ED99A3AE61095549D9556A7BE53D114898C50CCB6BA4D5C4C784D34670871AFF,827,1170,RGB
3068,page-3068.png,285914,0E15BAAF56A3EBDA735E58AF8373DD7FCE773ED054326ACB0645BEFD60617EF1,827,1170,RGB
3069,page-3069.png,288073,46D0D591784FDD981D4A4F9B1C980075860E94A119A3B738401BB68B8B447CF7,827,1170,RGB
3070,page-3070.png,254669,EBA08EB960E87CFAD6117F3C5F96FC3D5505E179DEDDBBFB0971F2E4931C8A2C,827,1170,RGB
3071,page-3071.png,288031,5B362714B19BEB3CAB84C1094DFEF40E1DCB942A9BB5FE86BEC9B22FF71EED46,827,1170,RGB
3072,page-3072.png,332571,8B32E276C841E7DC3145DEB343775DCDD8FDD2464FFDA6EDBBEDB7DB453795DD,827,1170,RGB
3073,page-3073.png,77198,9CDB2DE184D991CE42C2A282320BE0237F8D0E75B0F8099538FEA401284FCC1B,827,1170,RGB
3074,page-3074.png,265434,76391DFF93074C2C3027C5073F353D32E217DA7A9AB9843A66F0F1FDABB2E738,827,1170,RGB
3075,page-3075.png,298565,2B5482CAA5C3502CB21645931B4F12C826124AE19399FB4977D91EFC7414C6AE,827,1170,RGB
3076,page-3076.png,300732,57B477A9F93CCB5DE642AEBEAA8827DED99F0697396119941CF80FA19BCCD2B7,827,1170,RGB
3077,page-3077.png,262317,84294BB1197D9D30D15F20FFD54F841F5A67DF70706057318F44DEC619997C11,827,1170,RGB
3078,page-3078.png,360486,EBD601ED8C5DB5F9B81D8EE656871200A177FCB9377F380D1A0E9072A641B0DA,827,1170,RGB
3079,page-3079.png,267972,04DC62603C6FD26554265E7424E738B102C8A807D0C149E9F1FCCB16AFEAFC50,827,1170,RGB
3080,page-3080.png,272873,16E0EA395057B879FD30F29D225887BE337F133F181840A7938B19C6F6479F07,827,1170,RGB
3081,page-3081.png,315066,C523BA19A49437E48C8C1455F60A8E0846C78760DE066607AAA4C27EC6C417B3,827,1170,RGB
3082,page-3082.png,228040,44CB5B80EED942B08E789E3BD0F539759825FA2E7A56B8C69D4C41E503F08589,827,1170,RGB
3083,page-3083.png,244394,6EF3C9681B399088B3BC32A3806633A6A9532C4F4C913A836B9F88D853671769,827,1170,RGB
3084,page-3084.png,239581,F6FCBE9F98319A3113D40E50BA6014E67B1D7448F8D1E85126F54D5CDF3D1BF0,827,1170,RGB
3085,page-3085.png,261609,8CCFDFF73E68DEDCD9E0D6F9D3F7523B7FCA247CE6BDEE13DD8887057AABD9C9,827,1170,RGB
3086,page-3086.png,234197,CA0B606F38CA3E924D8EF369FB5B2556ADE2C1AE81DB02006ADA5A43FB9B8A5C,827,1170,RGB
3087,page-3087.png,256569,1F07D014EE6FFF8339B251451C526E938D3A2595A7B897803A482A10C325440C,827,1170,RGB
3088,page-3088.png,311455,955557F7B54189B5C49A1AC4729E05A364B09B26B18166A5186D3F14B6F2A7B7,827,1170,RGB
3089,page-3089.png,236465,17AB49E06CBAF894A57D9EE952F7BDAEB5F467F8C0C74F3234407E512C29CB59,827,1170,RGB
3090,page-3090.png,267008,44C1FB6735CC37D894F9A0FE75F65E737101D8EEE88182F366DE5F44D0956A83,827,1170,RGB
3091,page-3091.png,274917,63A417482AB35D5B34C22EDEB7DC5FE63F67BF288AE5FF9E2CB8F805EFF38E98,827,1170,RGB
3092,page-3092.png,238920,0887DF6846FA790F8A254F7EBCDCE6C1C7EB2AEFA186E674958F3AF9530CD64D,827,1170,RGB
3093,page-3093.png,266311,26784018D15422FECBAC370426AA8EEA32743EAF9513AEA6DA89FD3F21B2092F,827,1170,RGB
3094,page-3094.png,294005,60F7966425CAD816266CF4F6A545596F3EE497D18DC76C45F6289B2E25E040C4,827,1170,RGB
3095,page-3095.png,318970,D671765569E46530EA178BFA17BA505F3911F6159ABE04CA663246BA8591D383,827,1170,RGB
3096,page-3096.png,312956,8F482B749ED730CCF759C6802106798764429B1885A2574328E80D27E34DC8D4,827,1170,RGB
3097,page-3097.png,296978,86D4E74B40CBD39F13FEF3B26E829A878C39D9848A5BDFE3971D7CF3BB4DA502,827,1170,RGB
3098,page-3098.png,272575,B8936B2AD1179434119F637CECFCEA626C4F0BE443275DD5441CA2BE97E8A2CC,827,1170,RGB
3099,page-3099.png,308884,3A1D4E21851EA472561F2E0133A8E347219AF895CEEDAC0FC4D01A2B57DD4185,827,1170,RGB
3100,page-3100.png,241936,67EE896015ECF2185F6D3DAECE8593AAFF4C23219FA4D27EF9A10AB8C173FC3B,827,1170,RGB
3101,page-3101.png,259478,4F5DA3433D570458EDF4ADA928CCBBD76B3BDBD59B4DEBE1D03A60B094C6AEF5,827,1170,RGB
3102,page-3102.png,300041,1FEEA4CBAD0B11AA5ADB4774EC3BCE582BB3E798B37E87892B2960856810A335,827,1170,RGB
3103,page-3103.png,347580,43D172470E492666A28CF4A64A889F37DA354D4BBEC13B1E1D19CFDF16D23FDE,827,1170,RGB
3104,page-3104.png,280314,C5ECD24F36FE4E376852B95F4BCA79090A2AE4B31E77BD9DD16D2F08CB9C8BB3,827,1170,RGB
3105,page-3105.png,327023,87871A1ED61E2BA65A1C9C7B9032910F6D0622601C7C9DE8E462E35EEA304288,827,1170,RGB
3106,page-3106.png,347289,8800CBCC973A65EA4832454C5EA12CD42A95D79C2DBFB037E9DCEFB79D31E8BE,827,1170,RGB
3107,page-3107.png,291883,0DE9396780F1B0C38D62D5C6E53686C599353DC0D4597D818EA9133D2C659AD7,827,1170,RGB
3108,page-3108.png,258177,BF1C4641D7905631B42CDD2E963B32711F6D37A6EE4A83EDDB9BB1158379C73E,827,1170,RGB
3109,page-3109.png,350852,276E40B08D2147B79BD3359D129B87E3956911223EB87C30E4BDE393F4D13C42,827,1170,RGB
3110,page-3110.png,245862,8E95C6047884DF2D5026EFF5A9FF9B76527F7D4B7360ADBB04E0362BB94C2BA0,827,1170,RGB
3111,page-3111.png,352264,C4B5CEFE8C28070D0824609C2A08BC44D1B766BCC9EFF0F38473BA01973D0F95,827,1170,RGB
3112,page-3112.png,306554,AB8886FFE6A129785CFC4BAD5910A35E99FEB555625D47C2A056A0D8C2DCFCD9,827,1170,RGB
3113,page-3113.png,362246,35E0BC905249BAC8A3E7F493B7CF017C3ED8EE8679184E3D62700E1F173F4141,827,1170,RGB
3114,page-3114.png,352910,AB7D471495C0C227C8B54DE5F135AACF558AE0B42FEED317434E425AC632AA44,827,1170,RGB
3115,page-3115.png,322759,E9C62590FE77E9C44A87DC4C68E1D5C600E2834869DAB692C6F5BFEEEA34EECF,827,1170,RGB
3116,page-3116.png,172377,22CB3A46D1E5414159692E51E834654A8996F20A9DB3C8298D932E342C2B2C6F,827,1170,RGB
3117,page-3117.png,276497,48D822AFD2A79BA237E26DF12D438C3E148E493308D1422B05F779CB8FCED374,827,1170,RGB
3118,page-3118.png,303396,A6AE576D04D2541AD9B0392D77A2480B834755FE4CED994A12C0AFD131431F00,827,1170,RGB
3119,page-3119.png,288363,FA7AA89A66AD4E05EAB2575B98395BFF118BF4E46A654DA9F6A6334BCD0E9050,827,1170,RGB
3120,page-3120.png,322726,0A1A763A2369C583E1640BD8775C5F5DB57727E09FBF8FD1D4558077EA3BCE2A,827,1170,RGB
3121,page-3121.png,291192,DEBFBC4C06183EA4A8651E5D81B37F239E85D9DE065B4397A0414233835FF55B,827,1170,RGB
3122,page-3122.png,224294,468B521AFE359BB52FF3906F672D5601C64EA166D2F434D8B8357C47FD56356B,827,1170,RGB
3123,page-3123.png,312777,EF2996B6B62C84A79C6468B71B3129EDEA529083CB18061075A223757CF1211B,827,1170,RGB
3124,page-3124.png,253450,1387AE5A55241F9CB23DF67B272DE893B9F048D2CDD80BF0FABF3476EB42E986,827,1170,RGB
3125,page-3125.png,167515,E5FA196925A14FB8372E6D0972B31B86F51324DE0559D1C2428654BBC15DD140,827,1170,RGB
3126,page-3126.png,165240,E7CD5BD67686191D49F9157D9B9E23FD38653618A60D66262A912E1E8E41BE5D,827,1170,RGB
3127,page-3127.png,137301,5118682449F38FD41564FA2C2906C3D937588239AA1B9F569FAFDB25C08EEB68,827,1170,RGB
3128,page-3128.png,165332,9A2F0F87A54ED9C06FEF15AB509A1463762F76CF3BC941F4B3BE0EE6CE28F103,827,1170,RGB
3129,page-3129.png,277167,4F06CE99B18073CD07C07F55B231630C20B4A9D35D624456C4F2000E1E7CF661,827,1170,RGB
3130,page-3130.png,246815,C498A3013BD884DB330DC8C02AD516408AC34F3A3F62A2AEA4B6E294684BD269,827,1170,RGB
3131,page-3131.png,206069,52994AFBCE29758A4CD6227A916C102C6F4064A9EDE94DC52F6CA8A54EF06CC3,827,1170,RGB
3132,page-3132.png,224645,4D7777F61F588202B5ED9F17427D281438F8059F2EC1A5A48B7E12982F5714AF,827,1170,RGB
3133,page-3133.png,229693,2B23BF57D0069980C8599DA9F725AB631E31DEAF1A0D5CAC25703DF44273FD40,827,1170,RGB
3134,page-3134.png,252414,F995D9E9F5AE84203ED2CBD34D510E1271E9E3B655B2F2E87531E9E2EA9DA7B2,827,1170,RGB
3135,page-3135.png,245804,7AAAA42C620D4216EFB783B0204F65BF317FA91C431802EF814C78CEFC56A6C0,827,1170,RGB
3136,page-3136.png,243594,2CFB0E5725ED40FDB84B1FE93E1906F6EF8335CBBCED5BF960458F3DB7FEF143,827,1170,RGB
3137,page-3137.png,296397,A8AB945317DEE5274827BCB871F038AA1CABAB887C3D0AF71050F3D3455224DA,827,1170,RGB
3138,page-3138.png,214145,E19DD4522184E992F7D35C14084E2A942DC65D84BC25079980C22105B6782E13,827,1170,RGB
3139,page-3139.png,335018,F0C26875A9B3A56E6D8327852F45C442AB4F9212AE67BD8546AC9BEDFE008E5B,827,1170,RGB
3140,page-3140.png,280399,B1093F7E32C35077E4889FEEA127C60B31E47B777B6EAD6F5991CB6481D63E8D,827,1170,RGB
3141,page-3141.png,235590,35E1926276962F7860A166CD7C0C325AD6103E7D2846E96C9F30ADD73DAEC05C,827,1170,RGB
3142,page-3142.png,332992,BCB76ED70545BC70AFC4956E2FB3ECC8C909FB66E67120142B022909F1F2DB69,827,1170,RGB
3143,page-3143.png,216797,0DA286B6E4CC761B2453E31CA5C692729A228523D5D84684000D917840901F0A,827,1170,RGB
3144,page-3144.png,304900,8339F6178DFA5DA3DB1D5F9B9CA7A87A6CD0508CD7771CC5F0F4D79266EE15D3,827,1170,RGB
3145,page-3145.png,242822,55D894394F868EA96E2A889DF684ACED1C73909C15FB14704C8D5712AE8A3510,827,1170,RGB
3146,page-3146.png,255618,CBCB6FA485E7900D43B454C1B5C451327140F64C5DAADBF2DF0A28FCD91A67C6,827,1170,RGB
3147,page-3147.png,262130,708507893B90499AB7C334038E36BF468FC2D93085DEDC7E93180653B3A48159,827,1170,RGB
3148,page-3148.png,219013,F8117B2EB7A80BD78A74B6A89E751BBF0E678A8FC82615C04F5FC233646CCF31,827,1170,RGB
3149,page-3149.png,164042,D146E31599A404EE871C026BAADD6C678561D387AC4B4488121E66290C5017E2,827,1170,RGB
3150,page-3150.png,135582,5B5FE71ABD339B1C5719E00913AC59041CD8F0E797879514B19D21DF407687EC,827,1170,RGB
3151,page-3151.png,172381,6B1601E2669578C693C5EB8BC6DAF20459C02FE9786693DA37E4E4CA30CB379C,827,1170,RGB
3152,page-3152.png,236235,09323062005583BBE2C90FAA173E413D4C472F298117FE15D190FD9E2CDF9B64,827,1170,RGB
3153,page-3153.png,232712,45D70D7F5FC1C196CCAA97135C0D9C35BF15BF1B3CDC511C4040892A6F9361A2,827,1170,RGB
3154,page-3154.png,268850,7186A08C980F907ED077D56B9100BB563A48FC77476F8F1D9BE6FE3A7F1709E3,827,1170,RGB
3155,page-3155.png,298428,2299F804B80A87693B9B231FFB78E036CC82191B907D15DCF909560FD7DE4D00,827,1170,RGB
3156,page-3156.png,274281,B485CD5DCC1A46E0F42B30D6241CB53F4B2ADE59F38601F8E5E18EDA685EBA3F,827,1170,RGB
3157,page-3157.png,264958,1B14D03614C81103EAB0A425D9C865BC9EB1E31574146616F945E2F8E1BEC3AB,827,1170,RGB
3158,page-3158.png,339277,64602AE61B32BC1F901B1C6D86934F43BAD56E76799DC10D697EA5D62BB1A0B9,827,1170,RGB
3159,page-3159.png,338013,D16CD4E94DE8D2402C68D58C33C8FA32128E5FD8EB2BBCBFFAF17AD100248094,827,1170,RGB
3160,page-3160.png,298317,A07D0FB37DA028B1F528DF1F3E21A20450F63B64F1478CAE9D7E70388D447BB1,827,1170,RGB
3161,page-3161.png,285924,A4C3B3F645A35EB0C4B9CFB18D65E204F7CA07345FD51D7B823B9CE39D6C0229,827,1170,RGB
3162,page-3162.png,234073,1ADE74FAAE294481FF1BC86FD901E37935B24B5F1469D64CE70556165C5D3D3A,827,1170,RGB
3163,page-3163.png,306565,B3E296686615788629A8B4E3DDC572398CE00EFDC299519F26799C68A521DC30,827,1170,RGB
3164,page-3164.png,356723,1D3CF27017A828992EA042DAFC5BD8524931C89628C1D53F1CFFEA0F90BC3847,827,1170,RGB
3165,page-3165.png,291915,E635C2FF941F81E8836609E7480DC4E4C4D2AC371ABD223D53C8CD93EEBA8FE4,827,1170,RGB
3166,page-3166.png,299785,643E938F0A9378D7F8219AD7DEBC9F0775CA1A003926FF3951CC5D20CD62E91D,827,1170,RGB
3167,page-3167.png,294330,7584705E61C9E7738036C76D21EA58C47E7512728C6FBD9D35CE231B34A60DEF,827,1170,RGB
3168,page-3168.png,293415,249BB392C7ABEC351EF5D861604B59D881A19C029613C4D1F8EEC363D1365DF7,827,1170,RGB
3169,page-3169.png,339354,5FA76A10FFC215C2CC146FF65EE1E6CA722FBE6C8EC6FDD05EECDCD7EA1F291D,827,1170,RGB
3170,page-3170.png,296288,02B24016CCE2237246E29F008600C3CD0ECF99EECA8B764A93C6DAB58BBC8C6A,827,1170,RGB
3171,page-3171.png,274385,9EC165090D55F490D452C54E0184812ED47784BD20AEA39EDD8E71A02B9BEF03,827,1170,RGB
3172,page-3172.png,335367,F0A2C05C931F8051E4415F2B1FF9BD56EFF39D10D32381878447DC5E2639D5B0,827,1170,RGB
3173,page-3173.png,325307,457B691D183B47E659E87DF153E43EA788CEA9FCF0531446D7C5EDD9554D6C23,827,1170,RGB
3174,page-3174.png,309475,11007E4F104E227CF269B6BD4385AB6F696E401D09DC06D83DE68ECCE17123C2,827,1170,RGB
3175,page-3175.png,302452,45529D5AFEF9D20AF56A55E8BCD3EC2BF1AA235D4289C5BF50EB7FDD867CC537,827,1170,RGB
3176,page-3176.png,194211,30A0CF902870381B421BF596E6A93958F8F8AB723CCDF21BAF5234BF2A8C7ABC,827,1170,RGB
3177,page-3177.png,314655,F1A1AD13874F20CC8250446BA5AF02DE05BF409098FF6455C8D533E5588A322B,827,1170,RGB
3178,page-3178.png,299946,F5ABFBA9ACF08FAB56F8788206CFB79B7667BF3A4650F23891F75A87226CB2B4,827,1170,RGB
3179,page-3179.png,317008,6F0AA5559E1184A4174C33083818662CAC6F8922F62891EE3190F74B69C9821A,827,1170,RGB
3180,page-3180.png,300146,077B82A675A74729E0A90FF5DD38F394B0FA0C749941941C3C7C52388B22F7F6,827,1170,RGB
3181,page-3181.png,274354,C74E1C4944695202C5E8CCE0526E51420AEA05FAC01CAE77C0937B364472AD51,827,1170,RGB
3182,page-3182.png,240801,E79621B3CEC2241F57E2D3E87E6B9F64A8C9863417565DDF92BA6F437C435028,827,1170,RGB
3183,page-3183.png,278936,C70EC6B9177157CA96D597CEA68B11F73FF7B570F51553F43134277E8C8A3632,827,1170,RGB
3184,page-3184.png,249262,E67CE896E800FF64605E6C6A97BE7EE67296BCB3C3949FF0E910098BEF6818EC,827,1170,RGB
3185,page-3185.png,220074,40121BC56607885ED2D89A5CBE5764EF30B15E726FC0700B93AA9D32C4B62BF3,827,1170,RGB
3186,page-3186.png,223041,F673FBB8EF1F8367A792E09BAB909B51ED4138494E828DFA9A3BC7ADB1A21A31,827,1170,RGB
3187,page-3187.png,241598,D9FEC82DE7AF96B206737855D14BD3CABF0C01B16E86A6FE728D941F09B634E6,827,1170,RGB
3188,page-3188.png,271137,BF5E60FA77E3992881628B765A578A3F0FE35E32FA052AE7ED36818F94554915,827,1170,RGB
3189,page-3189.png,202021,56E9449DF9B58C3E68EAC51603C7B45FC07754870830F800F9D166A824BCB01E,827,1170,RGB
3190,page-3190.png,315764,FD01CD9D51AF8AFFB4D0B9B872D81F587EE72CA8869C93BD52B4ACE993758B3E,827,1170,RGB
3191,page-3191.png,69326,6E41793D0BCCF5D2915EBB59E6921AE34174B6F84E6E3FF9198A96A4BFDC63F3,827,1170,RGB
3192,page-3192.png,228077,16B01B0DEC6CBCF142359E8F56DA69B8157897B7F2D3ED0F8EB0CBD0EBB1065F,827,1170,RGB
3193,page-3193.png,255113,BCD6F3E0ACDF38BB2ADA2D46244AA1BCC44D3E9E5A54792F347E77A501D5FE73,827,1170,RGB
3194,page-3194.png,296448,A6BA1FD4783D3ACD7D0094B4004C5613382979EB7634A65BDA4979D6A743AA37,827,1170,RGB
3195,page-3195.png,304255,DC843A54CD3610385AD667EBFDFD27D85D06FF1EE4972A9FFE6DFA644AE86F63,827,1170,RGB
3196,page-3196.png,290081,B2BC5E6424BAE38E6729C1B3FA7D1056BD684638521325E3F0898399807F2E67,827,1170,RGB
3197,page-3197.png,333245,F7882FA1D61AC40D63E356479AB41FE159B055145D378161B03A0838C6E640FF,827,1170,RGB
3198,page-3198.png,328286,D8036E3F4C6436A15ED093A6B747C3AB806CC222FB54D56959C90C2564465182,827,1170,RGB
3199,page-3199.png,261090,D05FFB833DF385953B4D1F6ED7B4FDA4829EC5B800EBF15DCB71BDE7CB82B74A,827,1170,RGB
3200,page-3200.png,258020,A0741096BE88AA20CC722F463157113AC44A548D71969DB242EF7BDE61223939,827,1170,RGB
3201,page-3201.png,255774,0C3B457C617D49766B210554C40F4E18942F34BFBFEC9F4CA6D5B3AFBB396700,827,1170,RGB
3202,page-3202.png,257087,72D50DB86063B8A0721F135211FA251FB0E643FAE1244A7A73C62644B3A94FBD,827,1170,RGB
3203,page-3203.png,260637,F22E8D52EF308B8DC5E9BF63E3F2419B5032E14C8A1712467836AB0F18D3BFCE,827,1170,RGB
3204,page-3204.png,257761,829B808EED97F36C5F4E0F56EB1621B4C307FD7DDB4A134195EA655DBE675A3E,827,1170,RGB
3205,page-3205.png,326908,A74CD052471735D8D5D4812C189B64BE55E3DFD3EC4053488F8169848C7F9583,827,1170,RGB
3206,page-3206.png,353635,3866EFBEA09B6F9912948EB4667E7B64CBE76912CF5C28716D0BB65C90D88459,827,1170,RGB
3207,page-3207.png,263005,B668B7BC31F11F266C6922B7482FDEF4A15364D20A89E5A8F9ECBCE86B824F20,827,1170,RGB
3208,page-3208.png,247815,8CF490EC48F429613FF64D74766FC5CA5651171C7331D2E1722B7B19F4C1D731,827,1170,RGB
3209,page-3209.png,403435,E9D0CF87AA3511D749DA345296224D27689E3F442AF41B76AF7189B5D52ADA23,827,1170,RGB
3210,page-3210.png,266850,1040C4521FA95C4A3AA897386F4B505152A13D271688389BE7E9721824C03BBD,827,1170,RGB
3211,page-3211.png,296736,3FACDB03D9419024FCE9F6C22166898142881F2935933DFD6A29C23CF8FF9B64,827,1170,RGB
3212,page-3212.png,274299,3E7D1552CFCAF3225DEAB105D5F2EBB32B32705F0AD27F8B59B9602951C7B6A1,827,1170,RGB
3213,page-3213.png,253527,4B21BE58668BFCEA488B82EAC568738BF34432FAB1798DD4FC5D87B4D5F64AA5,827,1170,RGB
3214,page-3214.png,247200,C3310EC395D6C94F39815588C044A97E3493B381753B028762E8B276A20999F7,827,1170,RGB
3215,page-3215.png,241718,A37AE7E51E2F067C3EFCE44E147D4C8F5D86AEA012766EF3592092299B12E3DC,827,1170,RGB
3216,page-3216.png,284212,DAF691D9EAF7F2884170BBE7BCF1D4EF53F7A35609611B1645B87B9D324E5FC5,827,1170,RGB
3217,page-3217.png,300644,C9D63DEB519B5CADEAC3B042FAB792C44FBDBA61908C4B752F48F952A6DDE693,827,1170,RGB
3218,page-3218.png,297131,4F48FD37616CA2D8BF6B9662DF14E443BB05704ADA721FFBA2A6A4E6F975EE9B,827,1170,RGB
3219,page-3219.png,81186,5436C935E17E67C47A05400347A2630166A65F273B01F6BF76A72A0A48B4B854,827,1170,RGB
3220,page-3220.png,163470,AD2434D7609FD74797568BAB93302856FE03492352139974FE15FBDA319E1137,827,1170,RGB
3221,page-3221.png,276493,7C592E1907E018DEDF8553458F8A9ED845427149C0A20D233825F1285877AEF8,827,1170,RGB
3222,page-3222.png,231383,B0CDBB2D2227CE80DF9A6A25B4398C01AF3FB50BA001D172977E03A38778623A,827,1170,RGB
3223,page-3223.png,198526,131A0739F91745767BE58857BEDF8D26C70AF4559D8DC6F9AAFC852DAC433B97,827,1170,RGB
3224,page-3224.png,229009,C41EBECE976CFCDCF9DADE9591A68B654D3F60EB79CD11761A1AFED02BE87124,827,1170,RGB
3225,page-3225.png,225331,0D3D52B063A716CD4EC2823F7B782BD25AA6C085D2D9319372D1489CC3219F60,827,1170,RGB
3226,page-3226.png,191122,A0F0367602C946DBEC7FF53BA6416575502B9040D2107EDAB545A92D87D2C3A6,827,1170,RGB
3227,page-3227.png,218314,49FAE1C01B1FA50653699C2E9D4240AA647EE5924E00ABA9587D74F1441737DF,827,1170,RGB
3228,page-3228.png,276001,13C39CB73F44887B0D0C9BCDB5109066CAFA49DC142DA746B9F2C4D808CB3D79,827,1170,RGB
3229,page-3229.png,273928,69FE5042FDE5B5D978B55941EB9476CDE764CCFAA40BA687722B6AF093BBDDBF,827,1170,RGB
3230,page-3230.png,270961,000B826CEEA48510C93C7F088443F72BE1A290916C84AE2D9F51B8C3B740BBB2,827,1170,RGB
3231,page-3231.png,252798,D257EC831B0BD3812701F9BF3034E8DA6C6393CE31E30CB88A44F8EC4A4F8612,827,1170,RGB
3232,page-3232.png,266214,BCCF681ACAE18CDED6E4CBEAB4685D7BD29D74A258D9A9BC43A9CB61222FF237,827,1170,RGB
3233,page-3233.png,232285,9FBD40BDF4E2132A6DF76E0D12EBCDE7BE56E5098570C67C4ED2620DDBD78B61,827,1170,RGB
3234,page-3234.png,273114,FD5EFBA69627D4AD97108459EE7FCA8E9CFD5602D63ACFB02DA141F060531B0C,827,1170,RGB
3235,page-3235.png,248081,7DA87D2E0F5A78F5307A88BAD434D186ABDFB4601F6936DEAECA5D8911642227,827,1170,RGB
3236,page-3236.png,230365,333E727FCCA60CDFD8FE13577B1BB337D9A1BF1ED1FD94CFB74D4962DEF1FECB,827,1170,RGB
3237,page-3237.png,247084,9EF4F73232DBC6094690E22BEAF2358469B8507FFD29E5FE1B428D7C393FEBBF,827,1170,RGB
3238,page-3238.png,273003,A6201590937F7959F618770EF33A32FB1B05B3F246D6C169A64F26FA33A3E985,827,1170,RGB
3239,page-3239.png,192437,7941F16B34C04D96703D63F001A39ABD50224DFC00B9890AF7BE886040D828BC,827,1170,RGB
3240,page-3240.png,215831,1800591DC2AEBE3D773E608B9810434BEEE9A5DDA890667AFF6A6ABEFA275633,827,1170,RGB
3241,page-3241.png,251592,476E465AC711D350F087D3F1F127D34261039DE762C46040783304C60D46A598,827,1170,RGB
3242,page-3242.png,248840,A269FD55394D3AC1BC792B3725F4A78DE264B9704696D015EAF214E97453EB0C,827,1170,RGB
3243,page-3243.png,292048,5BC4E4D3811E2BC287691DA706DE08E17D752E8DE7CD0C36AE97D01052AE24A9,827,1170,RGB
3244,page-3244.png,248252,39DBC42A8012A63CED8089503E88BC86910449CBD0CA214AB96B9236CCB9EAEB,827,1170,RGB
3245,page-3245.png,217353,4143C1B6E4A1C484867735E8009071BD82862998D1A6C18F9E48D9030D3C38E3,827,1170,RGB
3246,page-3246.png,299574,F803A3E6E4CBA383250DB81E6DCDFB5A45EBB5E8082087CB74840A431AF162D6,827,1170,RGB
3247,page-3247.png,251796,D2A250E05368B6507A92D7DBAF87D0DAFAE003519366146B9C0FAEE8DE28C2AE,827,1170,RGB
3248,page-3248.png,238577,00E22053CE88FD3B4784A029446F10EA635AAF5BA2BB2419C042CBE74EDA5CA9,827,1170,RGB
3249,page-3249.png,324085,6AA8638EAF08441F656F395147635854A2B2CEC3A61ECBA6FC4EBA06877DDE70,827,1170,RGB
3250,page-3250.png,255936,F30C9909B7DAE0DE1FBCF59CCA81B6B891CF8BC2AE426DBA5A65077E39D3A26D,827,1170,RGB
3251,page-3251.png,268500,25A5454A5EABCB419CE5A3BA974219CD4014A0DD9823D84ADEB6956F583D6622,827,1170,RGB
3252,page-3252.png,274926,307F2B5AAEEA85F9C2156376C0686CDA59B316B5C3D56E93B3D11CD35700B57B,827,1170,RGB
3253,page-3253.png,260860,AAD3FEBB0E2981B0EEC09F2090C2C7C3ECDFBEF75DA29B8499D017D5E565760E,827,1170,RGB
3254,page-3254.png,204498,F4F248A72D4C7DE67ACF11E04036EA00ECE14552D422FCB13AD2002AEEEB4F94,827,1170,RGB
3255,page-3255.png,249029,6D83EA3763D63F6B627BB0B28C5297BD1FE10B96A8DCB72441B9BB10E98AFCE0,827,1170,RGB
3256,page-3256.png,262058,3751C1AB924CBE6F53C0552D6D4D4B9E2986B07937CFCA3E439FA59179106503,827,1170,RGB
3257,page-3257.png,278730,C0FF447F7FFC3525554F75BEE1D9E7DB85E8E77ECE30C5F62827E17965ED03DF,827,1170,RGB
3258,page-3258.png,161493,1107A39AF75CE5184DCA195E980064E10A0A3585D38B32CF133D86F2ABBC875C,827,1170,RGB
3259,page-3259.png,318358,DA698C2815708B49C32CED7DD00B6903D23EF13CD2A10923092F5720D4355B8D,827,1170,RGB
3260,page-3260.png,289931,187A0D1BF4F83E1E5452704A6FF5A3CA4883F2D443F76E56EB08C9CA674BE498,827,1170,RGB
3261,page-3261.png,262679,9D20CE793C8E2E150FA07281A9D44FA3BB23371BE0669CF1902F153AF53AC359,827,1170,RGB
3262,page-3262.png,329924,7A53044408CAA9C83028D48BADFF5145F5A9602A2803949A87277BF05DB38B39,827,1170,RGB
3263,page-3263.png,271082,FB8343F0D5584DAC321D52A9C8FB50A2B5E58E63BA329AD3FA48D288292577AC,827,1170,RGB
3264,page-3264.png,210005,74D66C94090EDC42F373BECDB50424BAFEEE56B931F4962FB87DC487645957B1,827,1170,RGB
3265,page-3265.png,273975,F00325EE4674E59FDFD53DFA0AC994FC4B12D482261EC2610876EF19F96E6E05,827,1170,RGB
3266,page-3266.png,281523,1BAA79872D1DD087F8058108B023E399702271223AC8BCC9843F5BCA5667E918,827,1170,RGB
3267,page-3267.png,284458,81E1E0E017E4AA64918E9D384778D4E6DE162783EF2F3D08C03ED5346518B5A4,827,1170,RGB
3268,page-3268.png,324496,1C746A4F029E66EE3452A70EB8312A1310924A1743A4BE43881815F9D1B354DB,827,1170,RGB
3269,page-3269.png,210543,965E1BAF2576B64CFEEC9BE065DD5476ADBA255083F4BE5ED41B6C799163DF14,827,1170,RGB
3270,page-3270.png,235553,486A357815E5689FE30E5044D136E3A908767EF9CADB20473155A90DF0CA7E55,827,1170,RGB
3271,page-3271.png,206342,5B9BCF0F744B7C43C21D7B5629F2885A205A11B0CF53D6CC46FB3244D57420A4,827,1170,RGB
3272,page-3272.png,84001,5AC787C698B2925B30C404D66148D5202408191A25210EECAF28C9D5CDC24B34,827,1170,RGB
3273,page-3273.png,241870,089746E6444912C22C4E0F63DFCAE3AACD0FAB46E3EEA6A4A05E1CA6D89A7D07,827,1170,RGB
3274,page-3274.png,257214,8F34F6FDD5A02FFAAF6AB1E289C84C3C12608C610A4470B64625E0AE6BB6101D,827,1170,RGB
3275,page-3275.png,317289,3C562807903BA5C708AD562BC7431B5CE744ED107CF8C4A4726C43C89A9034E4,827,1170,RGB
3276,page-3276.png,336284,B170B672BC358264C81C6975433F9BB8A7F02D7B0D9003494F84251E9A649B7C,827,1170,RGB
3277,page-3277.png,346826,D91B5C9F12327DEC96A7A0FA21470396E68950202F0923ABDC95665430402339,827,1170,RGB
3278,page-3278.png,294712,622005D33FB79BE513D2D3BD2EC5CA950863FD526718C87A7E1F560F50B97816,827,1170,RGB
3279,page-3279.png,285362,F81A632DB70B9D23FA7AE0C160AB7785D381A1174EDCAE0D47B6A51FC9457027,827,1170,RGB
3280,page-3280.png,291548,B6C242BB21D3F2BA8CD670EF6F29D1923D11D3E4CCC38502BD7728C51CEA5674,827,1170,RGB
3281,page-3281.png,259951,D5A804956E90B4B6CAC9E0700BBB0036C22C68A4FF6B9FDA0D166A16657F9CD9,827,1170,RGB
3282,page-3282.png,301337,70827FB2242CDC7B3337F73325D25109C5D2511FAFB16FF45CC8D13AD1050045,827,1170,RGB
3283,page-3283.png,343727,B6193A961AE3707925695D542F7251728E75AB9F1D7368B4682C90EAA391532C,827,1170,RGB
3284,page-3284.png,329086,C71260287792050F81C041841771506F25C935266F24F55C7A7B91BDDE727672,827,1170,RGB
3285,page-3285.png,306190,FA4ED190F13D6583C14E8AF13F12D7AEF52C096A5962068D4213930A6EBC74BE,827,1170,RGB
3286,page-3286.png,309860,CD1C1082279C2DA28EECF7EC27FFA45134A2220788480294C36EA94C587CA1CC,827,1170,RGB
3287,page-3287.png,366673,99B4C7F180D068D21BD43C40C2B69A050B6889AFD92C6E6F700F93426BD00C42,827,1170,RGB
3288,page-3288.png,283753,5D73461D1D699FCB713B2EF047171443C106B2CE9EB0AD0D19D9B10773EBAF29,827,1170,RGB
3289,page-3289.png,278108,C856E13122EC77F1AAAC2D108DB55975E825AE3F5C367A384B9BFE6F13AE9CD3,827,1170,RGB
3290,page-3290.png,275542,BD6F2E9AC73C5CF9552B370BEA8AD5FEC701080F936309AA70A52F0F3F36A616,827,1170,RGB
3291,page-3291.png,215468,6CD13AE631FADA4F111D7FD6A39F805685100FACE9C2CE7120740252EA0975A4,827,1170,RGB
3292,page-3292.png,319638,185C9656B32E46F3AC12F009FB66BD6E4567E4CDF0C61C20ECA0BCB2402F2DC0,827,1170,RGB
3293,page-3293.png,318195,53F77141533B705026BD8827651D877CAD7274C4EF18E75E583115EF6778028D,827,1170,RGB
3294,page-3294.png,280977,9912468A1AEEA4C7E62D1B7AB82F8BB1B121F741BE701BABA9DFAE27CF019001,827,1170,RGB
3295,page-3295.png,301122,4EBF03E09267A7ED7DAF22BB5A7CE77EEFC6BE3562FC4AF9FD7B4A860D39FF9B,827,1170,RGB
3296,page-3296.png,316610,FC8BCDBF061236389F8EC44445A72C137E6B516C0EB6422C6A91D5E683B19597,827,1170,RGB
3297,page-3297.png,317764,7445E8F85AECFBA0E9F0E8B9253197A3C569BF97AAB66606F1934F76D0AE382F,827,1170,RGB
3298,page-3298.png,322984,759094FBD669184F31D02FB0ECBF6BEB72E6E0B689EE6577702E106D49D8498B,827,1170,RGB
3299,page-3299.png,260627,9A11E592AB0741D83B2AE6D72251923F977DC2976D4F1E05714AF6ACE3EDC224,827,1170,RGB
3300,page-3300.png,256349,37F46D582B5A219442CBA2740A06B3B0840FEBC91AF3405F4D3A31A769879D49,827,1170,RGB
3301,page-3301.png,294163,771EB5C904C74CB3A7012EDEE3DE35A4B0326D0AEB252B7C3B75FAE8422D1C99,827,1170,RGB
3302,page-3302.png,291551,9D9AF8F63EEE9C78C74EB78D0FAD81C11928EF5AD8CBF7E427542A0A35C6DC4E,827,1170,RGB
3303,page-3303.png,278184,97081ECE96377AE0C3CC0109118BC5A55999D3F6D385C005DA5BCF6E619665D2,827,1170,RGB
3304,page-3304.png,284927,6FB073BDBDD5E94F213DD12B5EE11A40071EDEB1D655697F659A3E9F9D800B27,827,1170,RGB
3305,page-3305.png,278253,4FC1865E63C4C3EB2BA1BBFA89096E4B133F8F154E8F9E8C174F23CE0E76E7E1,827,1170,RGB
3306,page-3306.png,291088,C5F7605D3B8F2295EE128C656BCBF5A03B347804C8E3D7CC5ABA37231D2707C4,827,1170,RGB
3307,page-3307.png,245655,5F5C1ACF2762B950AE404DB97497781F6034DBFA9CDC19A6AF6F74BF233FD10C,827,1170,RGB
3308,page-3308.png,337686,E06E51BD30121D7D1BE6CACDF326C6DC79BF5DDA08F8248FAFADBC9B1106416D,827,1170,RGB
3309,page-3309.png,269242,9959BF60F1FDA922F7B83E23694DD6E046CBDAB2A008CCE3CB7CFAC37E267D76,827,1170,RGB
3310,page-3310.png,252714,3DBDB3BBAB5757B6A7455610B4B63CBB37E3A91235710D8E1FFC28C89EC069EF,827,1170,RGB
3311,page-3311.png,255265,49D561E0A2B3B995BF60C4B335D91DD6566155F94F21D7D03BE82D2B7DF01F4E,827,1170,RGB
3312,page-3312.png,275798,91DBE2D58BAE82609B3874F343AE6A45ED5F284B1024E991AE867003B44ADF1D,827,1170,RGB
3313,page-3313.png,278842,DD5C6AEDF9325884B5E637786765ABCB0405BE94635C09EA75B0BDAAA5CE028E,827,1170,RGB
3314,page-3314.png,213370,E616D18183D090D90BBB3EDBBFA52857F55A3927154F190340B6F6498306FE77,827,1170,RGB
3315,page-3315.png,325264,D922B44475EDAB37647203B9DF28E959BFBFFB1AFD34D95E71769713A7C26E79,827,1170,RGB
3316,page-3316.png,281600,9C7E666AA6DB9A5588B0AFBD5C95A10E2E579F905B52AD3EEA0580DDFC761A3B,827,1170,RGB
3317,page-3317.png,212984,DE74779B1A45DD5EB442D77B6629C453F5DA705D37ACC4B60FCB63F38D17252C,827,1170,RGB
3318,page-3318.png,304383,B94C3B87BD19A4BF969C4D3613AF268065345EF9B1ED04B555A3F8523B200ABE,827,1170,RGB
3319,page-3319.png,258198,8854FDB094D509C500AA540CAAAE21BE6F942056C0B53F0E8C943CEB24632CAB,827,1170,RGB
3320,page-3320.png,315194,E77DD90467585576702C2A9D4A3F3D06366D9EEBD26D149D7AAE6ED49547422B,827,1170,RGB
3321,page-3321.png,248140,5BC851D5CFF5F832828CAA365DF43F3FD82D2B845696FCFF02A8EF81FCF8DE17,827,1170,RGB
3322,page-3322.png,340554,B6AC76EA96B088E9913CA2F4FBB0F03067797A4FFB182AE73CBC309025633E13,827,1170,RGB
3323,page-3323.png,257337,E3EEDF077F5664B691E118A25DFCFA1506D4D2C47FD60B78909C451A2665FC15,827,1170,RGB
3324,page-3324.png,248653,3517137CC683F2A25ECF1635155C3A667DFD7777301EA84F6E7FCA1717FCE844,827,1170,RGB
3325,page-3325.png,351559,7643E1CF64C88E75584CB0C6AB3AC8381D3AB17467737D85C902B51506FE4764,827,1170,RGB
3326,page-3326.png,299455,99759843E5CBB48EA690FA16C628319DCFB50E66171F2596B97FDC533F765DC9,827,1170,RGB
3327,page-3327.png,295172,3D452875DE3F02A371812A7FE3675D734C0BE5A3543915BE08D693A55C5282DA,827,1170,RGB
3328,page-3328.png,304258,69245DB1443D7C12B8F9415AA90674A6CE3D91F3723996A735FFE8992DF0DE08,827,1170,RGB
3329,page-3329.png,261671,E949BEED9E142920282A375E95CF41FD0AB30BCA3B2B3D0C702BC55870158CB3,827,1170,RGB
3330,page-3330.png,249552,CBC6B1A1014006BA62A0EE2DEB4D51DFB073EB4542D051CBE744CB2ACAC1E4D8,827,1170,RGB
3331,page-3331.png,298971,280F8B672ADF2DC8D7AFFE3CE65DA12C011B9826EEEE505735C786350F365DE2,827,1170,RGB
3332,page-3332.png,342683,271DEE5FC71C68BB4CC908D49ECA8A98B677F189C3EF52B3FD10EB30C4EC07BB,827,1170,RGB
3333,page-3333.png,221783,D05225CB8EA8604C5CDE39D3EAB973F14275915C65D0E8507114A497C1D4D3AE,827,1170,RGB
3334,page-3334.png,248213,681A4B02F1F34CF732BD3A06F6886E38A64D73D0036D34FE4081A869F45019C0,827,1170,RGB
3335,page-3335.png,281465,F9DD02822E64FA31969A17E60EF74B40F82D58421ACAD2A31B05A0C3B0B00A9B,827,1170,RGB
3336,page-3336.png,299576,7A9CDA78546EC2546FB218210B0C51A70A165309A99C15163D97173FE6203D35,827,1170,RGB
3337,page-3337.png,294320,F893289029A78CD282B1410166991E84E8094C8E4A5188E451290ADB6D66A7CE,827,1170,RGB
3338,page-3338.png,333524,8B22C80BF18E1BFEC6658BFB746CB46F5C8F0B85B76FEE8362B581688078D98C,827,1170,RGB
3339,page-3339.png,275004,AB57F3B4C54DE7DAC2C8EB273C42F849215AD9AC85D93FE9E0B125D038DA2D07,827,1170,RGB
3340,page-3340.png,266481,77E8080DA75CABCB2EF7E2289381F0D57283D1A43E01892344FA66AEE29655F9,827,1170,RGB
3341,page-3341.png,245724,FEF2D98EB3207611FC47A0052AA50CF437E5736000F45BD568E7FB4BA95C3C1E,827,1170,RGB
3342,page-3342.png,208847,076F5E83071D9E1C0F7C155584498DDC3F0D232840A6EE4DFD3FAC899B5E03E8,827,1170,RGB
3343,page-3343.png,268831,3EABB23C880D1BA980BF6C072DE22ABBB1F487ECBA61C4A8585CEF43E71AC97A,827,1170,RGB
3344,page-3344.png,323725,BFFAC5A94FE41716183B78EF1E6EC2E6394F96E94271379A772706D064D3CD3A,827,1170,RGB
3345,page-3345.png,215296,5C2FBB2FB927D46C055BD7F722F67326E06596F9846B1E978C237301F4AB9B91,827,1170,RGB
3346,page-3346.png,314267,3159B3229F9DECE68674F8D548D37D1CC457DC9D65668B4502F521659D6596E3,827,1170,RGB
3347,page-3347.png,312112,ECAD6003CA44B44B986BB4411B02E75147EE5A8A6D8C911A9B359174C69421C1,827,1170,RGB
3348,page-3348.png,260230,8BC592151B113A35590525EFB239F316047F86EE060908E998819709FCB2DDA4,827,1170,RGB
3349,page-3349.png,300747,587A06E21951C23EA99A752357E1BCBFE07DE1F0E7820F0E50CC2B21C2957AC3,827,1170,RGB
3350,page-3350.png,300666,7B484C822E1D981DE070D1148D10BF43D19F4C807B49FDC0EA0CEF99EAEA7D4C,827,1170,RGB
3351,page-3351.png,277331,6F13AC89E25ACBE3EC4259754E22E4774FA9E986DF8098C5F42A337DDA52A0A4,827,1170,RGB
3352,page-3352.png,259963,555370ECE74F464F5EBB97FEADAC8373553DA76FEB31EC8EF3980AC79AC67D1C,827,1170,RGB
3353,page-3353.png,216412,382D41F9873B3BB03F7FE4D2CA5A4196DA88F928BF90674C6991FA46FE6E34A5,827,1170,RGB
3354,page-3354.png,298854,5058A60FBD242909304868F4EE82AE43C473A0DC2E0CB44F540E864339C1569C,827,1170,RGB
3355,page-3355.png,357109,652C797E1C5659FBA8493F09ACDFE0BA93F422D11F2B2C11CF0FCC6CB6C1762F,827,1170,RGB
3356,page-3356.png,281787,89FD2DA56277E221832D6EF93754658E69AB34743507F2382C37ABF93F6A67A0,827,1170,RGB
3357,page-3357.png,301281,59DECEA419CA33812489A7E228C277F8D0FC87E29F1F545A6F8A8BEFC57B1EB6,827,1170,RGB
3358,page-3358.png,259384,7CFB52631F7F342672E2B45E02D5C2BA04B2BF4A64112C0A485E7B9488B9666A,827,1170,RGB
3359,page-3359.png,246141,F89DC555FD88A782301D35429D624D718175B69C2005C78D57A2653471873FF4,827,1170,RGB
3360,page-3360.png,229031,2A222F534F77CB9D476C006A3998A273193CA172C225EFF7F75F0EFC1EABE8B1,827,1170,RGB
3361,page-3361.png,188035,C55DEE74FEFBAD86FC254ECB583D5931A6D40B5222FE2B503F29387B4E4FCC48,827,1170,RGB
3362,page-3362.png,268104,88752A5F8829699922FF0FA3CC9605CB6F78ACB0A8CB3F45AFBB56C4CC67831E,827,1170,RGB
3363,page-3363.png,315879,75814E57EBECEEAAF8CADDE78925F5F110E8D12EEE1901864849255C0CC5B84F,827,1170,RGB
3364,page-3364.png,303251,FD5DF977E1C171A8B8AC25713DAACCA992C2A6E1867E39D4F2C2534BA2A8A4A6,827,1170,RGB
3365,page-3365.png,331947,FF6BD30A837361EE25406FC8EE619BCC2429DA1121A3641A1AEBD404FE9101E8,827,1170,RGB
3366,page-3366.png,296197,BBFE15B88EAC93BBCBF2E01F091974E80C78429D42AA933931E6D6AEDC8683A1,827,1170,RGB
3367,page-3367.png,288848,314BCE7EA1564E4275E7CAE9598FF94103FC8F9A66253E427B710D6D5DD56C44,827,1170,RGB
3368,page-3368.png,273836,CEB27A6F74C52F75E8F58AE1D454A9908D315E94F74CA25A4D07151F576E931F,827,1170,RGB
3369,page-3369.png,303739,6839BDB664A047B8EA54597BC4D7B59E8DF8E1C0377D5B25D156FB4E2A708402,827,1170,RGB
3370,page-3370.png,332172,F88BA5BEE8ACE9700E165156F1B48EABBFFC761BCF5B3AF54F6FCB4F06CB46CD,827,1170,RGB
3371,page-3371.png,357346,FC24EC36C9646A19395988E83B7C2DB0183BC29CF183E35FFC2C4A8B8DE7F8BD,827,1170,RGB
3372,page-3372.png,281875,CF7F8B3EB82B2A5EE16F76A5F74AE2B468E1FABCEAA1979283E7FAB0E99663A3,827,1170,RGB
3373,page-3373.png,272818,27D1CD294E68EFA3CE64CDDD0232367220417F30FFCEE293B7FEDDDD9DD86600,827,1170,RGB
3374,page-3374.png,271467,534BEA8158C35A254769024B1B0D22901E524E4E1F1286072E9C1D43527B188B,827,1170,RGB
3375,page-3375.png,282827,74EB03FEA49C1B3FEBC1AEB8B609BD18888CF1ABEE4749A0180663A39D462FF6,827,1170,RGB
3376,page-3376.png,289057,FEE0230B8CCED0651832085D68B681EF0EC58D85F2772154DB2BD2CADE2FD255,827,1170,RGB
3377,page-3377.png,300189,11267046FF1C0243CDA674E5BA26207326364DB9491728012E124027005B9BB9,827,1170,RGB
3378,page-3378.png,303790,3342834047018C0100A99986049A04400CAB72666FE3AF61A4A2E9E46C571363,827,1170,RGB
3379,page-3379.png,208234,7FFE2DCBBD40999AA95C3380F4D7482B6ECE1018DCFE112DC1900A03D7CE027B,827,1170,RGB
3380,page-3380.png,256571,CF6ACE3ACFFE244A1E3C9FE46E1FBADEC8DFE0E2F7C901CF057EEF64AA0A0139,827,1170,RGB
3381,page-3381.png,275733,50D0717ECEB9607BCDA715C449D13FE6A6CF83E24547CFE13DC68B6027E65283,827,1170,RGB
3382,page-3382.png,304890,A452F6000C3AED42F5E680C147A44777E2125BBDAE2446F6AC25EB06F55CC653,827,1170,RGB
3383,page-3383.png,286567,1A56FCE1FD47C14C85EB1108EA79EE7518ACFFF423C43C9FABABB4836092CC5C,827,1170,RGB
3384,page-3384.png,305759,5D87EA062B1759C0705C6BE3983BE13DBA38F8663255CF039725631131E8C6BA,827,1170,RGB
3385,page-3385.png,292897,4809D7673D718EAE18CB90322F2BF338E7CB8DD4D0226E72EF65F5CDDE1D15F4,827,1170,RGB
3386,page-3386.png,312064,3BB2653E2EC5089E1EC0BE7C1768D643677153F39015B0D9B484104C47EBF3A5,827,1170,RGB
3387,page-3387.png,313727,BB42751D3C05033269963E2B45F75578C33C92383ACA2D19BC8ACB5B77FFD0A5,827,1170,RGB
3388,page-3388.png,365632,F35C201FE8A8AE236C3A5A98D1ACE30763AC5BDF2377C22D39409B51D29C0BC3,827,1170,RGB
3389,page-3389.png,214755,616894A4D9546C10BFE5B8CA62FA2C4C6793C37CCFA796FED461D30E4013933C,827,1170,RGB
3390,page-3390.png,271386,89A9B9B83B98CC091B25BB4F7C9DA6EB4D11FD35B7D5095EB367761C31420582,827,1170,RGB
3391,page-3391.png,373619,4891ABCE0B415A58E4AEEC257D5E2D8724BFBB11E76AFD5B2D2085DEF8B04C33,827,1170,RGB
3392,page-3392.png,293947,E6F616E91F4C2552E94099273A8453999E272519D40B840873D4D901E1502CDE,827,1170,RGB
3393,page-3393.png,285090,C5147D59974A5854EE23ACD894949CBFD29BC2F723B7F52BAA6F990CC8A0A391,827,1170,RGB
3394,page-3394.png,326601,71DC03DCC99DC3E299FE8DC7440FE5D4BCB6C2237C7402D52637D307A7B59BAA,827,1170,RGB
3395,page-3395.png,310619,0717A408C717F90BE8E15BE3DC8D31CCE6B8ED369292B547030786E01C10E0AF,827,1170,RGB
3396,page-3396.png,241152,08FA06B72F071C30ADCDB6B999BA68AB720836EE95491D973C6278A5C2645B78,827,1170,RGB
3397,page-3397.png,271086,68289ED2A3CFAA810506AAF6A67A84A5853FCA8EBC9F3C3F0504B8B2FC14E15F,827,1170,RGB
3398,page-3398.png,290398,A2192960522BA7AD1F029D01B8F7402FB1B6A294881294885AF5A74B9EBF74FA,827,1170,RGB
3399,page-3399.png,342673,1718895763181455365684585BF4203D2E255368EFA4704DF2F340B66D51929F,827,1170,RGB
3400,page-3400.png,233184,B663EA96EC0E0F1895F190AF86381343878D27C87F465DB414C861B25CEA2E9A,827,1170,RGB
3401,page-3401.png,307391,F8DFBC2C60C69B6F50ADED9E6BCD342BFEE38DEF794692BAE3BFC8FA9499AEAE,827,1170,RGB
3402,page-3402.png,246852,C38FBDFA541668F5F3F08720F3D28F72BF987583AAC5C62179E115E17357D746,827,1170,RGB
3403,page-3403.png,322615,B7CC68CDAB894DAB146A4C2DFA07CF508B1EB3F4ACF21C175BAB3F4CFE737BC7,827,1170,RGB
3404,page-3404.png,294059,C0971586A975ACFC3E51284DAC99C3A0F1750F0F06DAEC144CBE8A381DB500C5,827,1170,RGB
3405,page-3405.png,312308,72A454A96B6B4A93E56F19B33C3C35C30F0FCAEE1EFC12703CCDFE2693A544A0,827,1170,RGB
3406,page-3406.png,276613,6D4BB9D0D68E29B9C5C1C53DDEF4755E0241A539ECC57C744523E533080662AB,827,1170,RGB
3407,page-3407.png,277551,F699B16048C80907562E50666A5022CD47BCDC315006C930517B5F052ECA83B1,827,1170,RGB
3408,page-3408.png,251734,1DA6C0C0FF9CBACEBFB65646ADE228BEF9B8E6DC22B2112CF89E82DF4674054C,827,1170,RGB
3409,page-3409.png,363705,ADACB3992C2AC85DF8264BE46647B726EB66C0B1AA510D3D4C3BD0487F91895B,827,1170,RGB
3410,page-3410.png,306760,0DE7935816FCBB780134FE840EB7FBC0B7C6C517E6EB4BE831FB10B1D9522F2F,827,1170,RGB
3411,page-3411.png,304907,34C10251B14599377EB2D7BD2CCBF8D9F7F0F3C1CF6AA994E297447103BB7CEC,827,1170,RGB
3412,page-3412.png,252235,D59B1B96B1576D6B1DD121EBC798198341749495BCC633828A5E504842B6CA5E,827,1170,RGB
3413,page-3413.png,195512,CD459F4945E4D6D0F26E24A70FD84E362BE9CF614C8CE85FC64E5A8D30D6F658,827,1170,RGB
3414,page-3414.png,277502,259ECB8E5DAD50ECB6E75A4F38FAF3070F1EFA3927666BA53991FF88C91FA008,827,1170,RGB
3415,page-3415.png,275356,ABB39108386FBBD19B8C7E346731C6CD0011CD6F8AC852D8EBDD36447978482F,827,1170,RGB
3416,page-3416.png,338278,C708A54A5C40AA4105E70ECBF38CCD912EE168F6890611C836C13D404664D2AC,827,1170,RGB
3417,page-3417.png,295818,3A114FAC7F411E306C0416275ADF460DD1827CEDCCA7CC06590F386B54BEB5B4,827,1170,RGB
3418,page-3418.png,276348,B04469832103CD3494CACB5BC1CB247BC2B220C090BE055E873AA2D49DE38334,827,1170,RGB
3419,page-3419.png,294553,E889B91EF572AE36C5DC2C3A466C465E5E19F3951D01F544F1E2639BA6954933,827,1170,RGB
3420,page-3420.png,280776,677A50FFF8494E6F2DBDA81485657797A1B8B043FC55B8C78B70538C03735C91,827,1170,RGB
3421,page-3421.png,295259,97D9A8EEB4FEB8861ABA19B09A77E9D14F85AB6A234E2C9974299D6A9AA75FC1,827,1170,RGB
3422,page-3422.png,319183,80A2EAC8265633DAFBFB0EE912A353FE14EA63E0015FB4B083D685A6033947A8,827,1170,RGB
3423,page-3423.png,304639,EB710245D2675B3733A7D20AC860C6F204A7D9B9600DA93282CE4E6528AC7805,827,1170,RGB
3424,page-3424.png,385645,0039C442E6CA81686086BE61B02776471B7E1FD6C55A11D2982B5278E251681E,827,1170,RGB
3425,page-3425.png,317997,721EF3208493BB6E06A0A0146426947C4C0A9E14A8D442DFEEE6C880ACF7B69C,827,1170,RGB
3426,page-3426.png,351427,79E33B066BA0101B71ACD8FFA2621874AC33372947838BE5AAD15F61FDC6C30F,827,1170,RGB
3427,page-3427.png,402092,5BF18520C05D70D72D3E1C032844076B0CC5E141CA39F4501B9758153E89C2C3,827,1170,RGB
3428,page-3428.png,378434,64B1AF9E528C53F7F16E94B39842EEA90FF4BFCB05240F7571669CEE1F19D23C,827,1170,RGB
3429,page-3429.png,263328,7D8C41B16A756170CF366DAAFEA96A97B236313827B34F8D69F5FAA440828869,827,1170,RGB
3430,page-3430.png,319249,16FDD600CD1AAF91ED0DE1419D454494A7912FE7CFDF01A9042EE7F7CC1F065D,827,1170,RGB
3431,page-3431.png,285758,658904642FACD3B7ADDDA2EDD437EB0507394863DB70F3B263C2EEBBBE717513,827,1170,RGB
3432,page-3432.png,217779,080A00215D6E99E8E4F3EFA55D374B637CE0BC1C8DF62DFB573AEBE4A4E5EC7E,827,1170,RGB
3433,page-3433.png,303234,B36FCACE1B1487FAA53D9FC2E36B742D94319193BD060910AC546D8FE0F3DA3C,827,1170,RGB
3434,page-3434.png,306968,4B1F6C3EDCA4BC9C563C538AF338395819F483EC5674618B7535246A22B79E70,827,1170,RGB
3435,page-3435.png,261754,7C578D1626659A0E261E1BED6BCCF80FA12DCD42CEEA64A866C8DC9E4A8B4E42,827,1170,RGB
3436,page-3436.png,334716,5D034DA94C4B42B672D6B5E8C023E4403FC12C321BD92B66646CF1A36C8FA7F4,827,1170,RGB
3437,page-3437.png,289339,46885D77FB5CF472A5E1037D96DEFD512AD5CB7D35A1599F8F28FCE2788D9E44,827,1170,RGB
3438,page-3438.png,278612,BECD7B5F1FC61CDED2634F23C2291B946CE271820A26A6AEDEA2C973291D5E1C,827,1170,RGB
3439,page-3439.png,255850,21649A6502C8F64C9D7B114ADFB4E3BF30926FD37738B81FC0603654E228827C,827,1170,RGB
3440,page-3440.png,276432,60ED8E75DE212B4FB054A6A9E1EE848460531736697C75DA7C7CFBB0AC083FA7,827,1170,RGB
3441,page-3441.png,330651,5DAF3A908149950E31FEB1F585D920EEB0C2A4A2A46FF4DB90243840DA41D231,827,1170,RGB
3442,page-3442.png,299888,5765624286478E267E1879F876143C2876F2632C8B989EEF050D7F8E54E5D771,827,1170,RGB
3443,page-3443.png,256265,442D129BB3B9701E26406FFA64C7B70C16A38349371905C36298DFD11CF6FEC0,827,1170,RGB
3444,page-3444.png,319732,10A4119BDAFB345B806B14392D75F71503EE18FE0FBBB3D7440E2D1EB1833137,827,1170,RGB
3445,page-3445.png,239124,7A454775D50FB30B144919F238A83362CA7F036B4A3F231F2F09033DD1B4E48D,827,1170,RGB
3446,page-3446.png,206036,8E33AA294936C75AE54343A721CAB0680AF1F4BE596237E47FE835D464861599,827,1170,RGB
3447,page-3447.png,261875,169C9DFEC723363929427FC685ADB15F60DA4B5F4948313F4DF20B31AA3EFAA7,827,1170,RGB
3448,page-3448.png,316245,65181A5D51EDFBC6C7BC434B7299692F7F67962E88A35DEB4CE431059E66A940,827,1170,RGB
3449,page-3449.png,219257,80ED9D92607C55454522BBDA7F187C0C846FF793133D149DEB622B840EF9C72C,827,1170,RGB
3450,page-3450.png,188269,F067E5A0835649A82DDE213F486C1EC59298B5600857F8E916C78FB9D63C2705,827,1170,RGB
3451,page-3451.png,262706,1E0DA944E124BA182DF7498AF348796577B467D3D2D81BCBB0B36EF0814834D0,827,1170,RGB
3452,page-3452.png,285861,6A643A60C59D5A58E975AF55E14BAA6E036194386CB8E06D1977620409F2ED1F,827,1170,RGB
3453,page-3453.png,301765,19DC8BB4B1178450226AFB5DD23DE6A21424B371AB71F5A4B884E18ACF2F6C6F,827,1170,RGB
3454,page-3454.png,268499,F1A0E904ABE17AC579376E60F1BE2FB9A2544FB39D0AE4C299D27BBF00C96F4A,827,1170,RGB
3455,page-3455.png,366715,9AF7738B8277285132F40B1A277C0D4733CEE69CAE25A074A399FDEF0997E5A1,827,1170,RGB
3456,page-3456.png,310172,27A111D0DFE51361AB2A45F700F7B76E90FB0630FFA4A5A7AD97F0F7B023A55C,827,1170,RGB
3457,page-3457.png,288305,C445F0648A6D82BCC51A4A2D88CDC26F446EFEE29112B1868BF619A2AA3A0DFE,827,1170,RGB
3458,page-3458.png,353118,8921A789A845C2EB3D5710EF997495796927406519F2A7D8ED8CA801E0763EF8,827,1170,RGB
3459,page-3459.png,315741,F671D4D966781D881F60C0974916D9F1CC5DD17404331091EBB768E704FB7942,827,1170,RGB
3460,page-3460.png,291896,5B558DEAC2AADAABBEF61CDBF15CBBA296AA5F38226ECCC5932C4ED8913E03F7,827,1170,RGB
3461,page-3461.png,266821,A1E7E52A61484538E0F583472CD921F1920C3A8270A4CF9C9061D2EE56A634E3,827,1170,RGB
3462,page-3462.png,297582,446C090BA7697F76E4AF666EB3FF08684835088E3F748F8F847574240AC26F11,827,1170,RGB
3463,page-3463.png,267864,9D3C76F44238098914077F185B0EFCCF9F5A88926982F9A06F4803558D8D2ECE,827,1170,RGB
3464,page-3464.png,283544,CAA2E71290CCFC97710E1C5385395A4A431E200EE1E719CDE1013BFDF5EAA27B,827,1170,RGB
3465,page-3465.png,285188,B5E4C3A77E90C4D7DBE5566DD323FE3A7273569A3942E6AC53C050F52A5DCA75,827,1170,RGB
3466,page-3466.png,313005,316443873997BA27F7B85AF10B621233A8C381A95D1F5497521625EECEB43FB0,827,1170,RGB
3467,page-3467.png,351666,9E5635353E455703FBCB4FC5F0797401D6D260F4340165DB58F6412497C8C4FB,827,1170,RGB
3468,page-3468.png,323613,C17C4E2F33CF3C491C8B65DD3640A1374227710CC197043B20AF8E77127D7661,827,1170,RGB
3469,page-3469.png,295954,2AB377D1F8478096042D75FA7191E00AABB7F9ABFD303CA8FB58721FB21F63A0,827,1170,RGB
3470,page-3470.png,294649,FB926BCF5B8D07DA1DFA1F1D558DA6606B7496A5B4683A2B2AB36FFB43DA3C14,827,1170,RGB
3471,page-3471.png,303752,BDBDA1BE47DC492561646A30413B28619771FB6C6989A5EC67B601E4F15A2EF0,827,1170,RGB
3472,page-3472.png,309654,B1E77EB8AC8E415B5BBC933F9E6AC0285261710E4EECBEADC11B8D40881B8E17,827,1170,RGB
3473,page-3473.png,322069,7C4B01A74BE71AD826D9784451A6A3CE11427DE4485B493AC5AC79CC80ABE46F,827,1170,RGB
3474,page-3474.png,261508,38F32E76819D8F87CCCF609121FFCB72497316A36D22DD44152C16FA8342166E,827,1170,RGB
3475,page-3475.png,291554,9999022811D3659CEB35A1D72E856DCD8281B3AB7B9A34F7AB36122DDC6E77C9,827,1170,RGB
3476,page-3476.png,291601,AFCB35A6FF9067FEDC9F6D8EFE6C05B78681B7BE9FDE3D1EF5EB5E97D589F0F4,827,1170,RGB
3477,page-3477.png,312672,07C43FF9624359147BD05C8FF395D2B50C8E90F1CD6FDBAE7691977E086DA115,827,1170,RGB
3478,page-3478.png,355034,CC4D5A336D15BE096EFF393837CFA9836CBB5BF24378D91A02B5E9FA68D14E1A,827,1170,RGB
3479,page-3479.png,298475,30D0448EE55A3DE3A34ED131427A43152EDB82C26EC777F3669A62A268D92A20,827,1170,RGB
3480,page-3480.png,324148,416428E75F4AA0228EB01CAF8F4382395CBAD73A77B0F69A3310CFEF1593F5F0,827,1170,RGB
3481,page-3481.png,290656,DA9862BD3FAFC1F646D3C8AF4B2B85E7CBA55671F3B096DBEFF5C52E8CC40851,827,1170,RGB
3482,page-3482.png,374193,FEEE21303B0360733C70768216A9303576E5A7EEA9EE24451A885DDB8B989A44,827,1170,RGB
3483,page-3483.png,252625,34DE699BC7A0AC41E6F5CA93F5DEC45E0E0F7E463D0EB5DA488AEA3980723CB0,827,1170,RGB
3484,page-3484.png,158169,80C886ACECCD07F36B36C547C530C44D9DF05A2E6BB125EE6768B2640116E776,827,1170,RGB
3485,page-3485.png,263851,72356A5F8576EF36FBC2853CF5A59027B4FBA538D9D533C5DC523469DCD5665D,827,1170,RGB
3486,page-3486.png,270339,0D8345310808C6DA4CCC87EDA68275A8C1C26364A2D247F3DE9443ACC6E129B3,827,1170,RGB
3487,page-3487.png,257477,B2580F756250EC53601B544EDC39581C33385DCD6BF3422999DD29F3B7ED79EA,827,1170,RGB
3488,page-3488.png,196017,59F2273428F4BBAF11652807FB299DBB083689ABE1F5E9789666C46FD0777767,827,1170,RGB
3489,page-3489.png,221909,CBE0EFCD38430A4116090948AAFE3DD60466B12BCB22E5942B5833FE2269D41F,827,1170,RGB
3490,page-3490.png,197435,3BE76CF3ECC1A34FAD0EEAE6B90644957BD4F9F9A24FEECB24517AC6552512B7,827,1170,RGB
3491,page-3491.png,231235,A159BB296268838897F7B892B07F8EAB20803F5771E9FA9D49021ABA214FE363,827,1170,RGB
3492,page-3492.png,261187,7CD04BC9B2F5E308363D5D31C260EF127C4721997A57A5AB5BBEE20DD417A0DE,827,1170,RGB
3493,page-3493.png,236580,DF516E695F7B60626AF2C2978A41CEB434DD67BC208F433A0EDB4EC1049E2036,827,1170,RGB
3494,page-3494.png,322357,35902BFC8FBD8F3FF1C135108EF8E4DA8D69F1107A15AAE1BEEB481B3BB6E0D3,827,1170,RGB
3495,page-3495.png,205151,6FAE03320E8559A66F7B45070AAFF90C8028593136C84296CE5FE80863E79D85,827,1170,RGB
3496,page-3496.png,159827,70AE781C425A0AEF1684FD63A11ACB921701E4F3E438D4EBD0ADACF1538FC865,827,1170,RGB
3497,page-3497.png,163317,22CD58FD57ACE2DDF40BF39C70C3C84DD99FA54CE3DC96D957C4790B2EA54EC8,827,1170,RGB
3498,page-3498.png,179468,00FFF00C7DD835A088DBE91ADD35E61D0C8AC19D0B9CE3723B9EDBC4C52D646F,827,1170,RGB
3499,page-3499.png,175038,65E759CCC366C518CD31011092B50E6745E9A6FD781B6E0D9D76733B9608C280,827,1170,RGB
3500,page-3500.png,171234,8A2EB5345F43B2B703B057590F04546D8E8DD004674B18EC872755C2E883A899,827,1170,RGB
3501,page-3501.png,286296,2B3876EB96CD0399F6B77CA9FF121B93BFB80970B60604C8B71389700F1D1EAA,827,1170,RGB
3502,page-3502.png,149066,C677F3B58796BF59E8EFE9B131A88FB1C12D36D21BB15FBC0C442656A54D8212,827,1170,RGB
3503,page-3503.png,134550,3BCFA562F1F057A28F3D65B6AF2D6ED3435140AB82A360573A931D78FACDC61E,827,1170,RGB
3504,page-3504.png,128504,E04F307BC9309552353639B662D1C5F03AF3A788F2FEA725B31F03A6369BAA91,827,1170,RGB
3505,page-3505.png,163646,9A50E3ADCBA738659EB6CF856F4E7AC385BE87E362F841188BEABBB96F58E1C4,827,1170,RGB
3506,page-3506.png,107131,AB31C19A96C542E5CD230D76A5E8F531884C36AEE1210AF50FB13CE186D3D87F,827,1170,RGB
3507,page-3507.png,105146,7EC70F056425F2157A716384E26F273FBCA4CB73EF03E778F7045890B4777C2D,827,1170,RGB
3508,page-3508.png,118606,0B0AD5169CE5FCDAEDFD3A3EABE3C100210D387D08535304D6A775B5F2653CE5,827,1170,RGB
3509,page-3509.png,159433,8E32E43D5CB593C693CFBCD49D8260A4B87AAFA2D6A6A0DDA46E9957A8D10EAC,827,1170,RGB
3510,page-3510.png,163798,E1CB516320BA60357D4BE18D4BD56D3EDECBA48447DE1364D43593F717BC9967,827,1170,RGB
3511,page-3511.png,241911,D02348EA8790DB984155DCC01B9C517BCE84F198E5CABF405296519CDE480982,827,1170,RGB
3512,page-3512.png,318628,643CF732E5DB54C294FC760EEA4B6BCB4D5AE9851A177AFB27F7474D13C3D674,827,1170,RGB
3513,page-3513.png,339595,E61C6D2A714BF54C26CCAFF84485001CC63C567F5E17FCB625C7897A7FCB029C,827,1170,RGB
3514,page-3514.png,342959,E7A765C4615D266BA60B6D54ED3189404576D2C5A67C1F03F995E9C2CCCCFDBB,827,1170,RGB
3515,page-3515.png,310071,55EB6A1EF0CF1BEE12D57668FDAC33FD2B8DF61952A9322338A03A4812895122,827,1170,RGB
3516,page-3516.png,269175,FC994EDB318EB7799B9219D412D921A5069D0AB00E883549C9522B1CF5124A28,827,1170,RGB
3517,page-3517.png,253800,7AB1B495A7B1608394387B671619C5C86D025B44C577BCD8371B5E82400FE453,827,1170,RGB
3518,page-3518.png,315414,6F5481BED575FCC5592C56001439B5781FC73E1781968BD0678498609C345F80,827,1170,RGB
3519,page-3519.png,200698,E14037EA446AEF53C0F40A521F0E4402ED86690C0D5D8F8079EEC0D80538E152,827,1170,RGB
3520,page-3520.png,287891,148F5D0A015F6361BC90C3606553C29E900987FD9B6930C42D5AACD4B05DFCB8,827,1170,RGB
3521,page-3521.png,285826,9DC04CDA78E95CAAA96EAF6E23F940BDC6D62B40D5D7F5D57912D9FE572F0F05,827,1170,RGB
3522,page-3522.png,256266,5070F74932F521831A651912595D6C1DA6DDEA58F013D51B9B74F128DA40BFD8,827,1170,RGB
3523,page-3523.png,251421,32A64F264DCFE3D2AA032A86608ABA4FEA545241FFA6827B41DAB6D7771549A9,827,1170,RGB
3524,page-3524.png,347895,23C0DF352597C2608E7A1D0AAD34C3C94A070C8B1E569E99D0D7B7FAC153F27F,827,1170,RGB
3525,page-3525.png,297636,8A65EB6B96745E6E1FB6EA07C0EEE18CB92FE365DA53253EA77AC9CE1E58F333,827,1170,RGB
3526,page-3526.png,294839,7A9B481690AD4D90EE0DA945446678BC9569BDE67A10E61B6A2EFD2707FAD22C,827,1170,RGB
3527,page-3527.png,291307,1587F25603B472CC07C1E1645F3BC30FE59F28E46E1863F2CBA8DEE9448EB976,827,1170,RGB
3528,page-3528.png,298924,48B23705BEA1868CB829D28026343122872560AA3499E7AE9A7F32DE210395F3,827,1170,RGB
3529,page-3529.png,364262,B69891F4FC04A90143CB9187464EFFFD72842D313CB878E13D4F8AC81AF232FB,827,1170,RGB
3530,page-3530.png,381554,0A6D47586D2EE5CA07A4FF18C9BFBAB93D18D70873759C860D41D06CAB0A729A,827,1170,RGB
3531,page-3531.png,294339,4F16407A5D15BBF622EBEDFB7D6FEC8D03E4A89A5CC249AB5731192A356928EF,827,1170,RGB
3532,page-3532.png,314260,B28EBAF3749A74CC93292B6C632402C190B09E081C8F6891196318B7FF56E4BF,827,1170,RGB
3533,page-3533.png,240506,180605096AE2EAB62A817903A4EFFFAD43265CC83D122DD520AA005D956CB6A5,827,1170,RGB
3534,page-3534.png,220255,9DF3DF3792FB0F2C08E0D61861C92F337B5C869151C9761E9D78729EDFC43918,827,1170,RGB
3535,page-3535.png,398283,D2540A3357D9BE9BE1944BF448BA4C85B2D2E56810EC53A1D6A68A8471465F59,827,1170,RGB
3536,page-3536.png,233315,8F5AB1F1DC48E344B84BC32B7578F83EF83AF314E74E8A6C612E736709B7EBEF,827,1170,RGB
3537,page-3537.png,263273,527DC18AB9C83E83BAB08E574C5A31B52660BD684AEBBE5272AF768DF9E3B561,827,1170,RGB
3538,page-3538.png,288221,98CB3CCCD1AD49961B557A12C518DDDB73A72119199BF6302203DE0295D730A2,827,1170,RGB
3539,page-3539.png,261181,7C90B11BB926E6348596A823104EE7AE344F975EAA3A06312A89F50002431127,827,1170,RGB
3540,page-3540.png,285661,638CFFAE5716DD95517C54B0A41966FDB37A044D7B3A9B1C6861CA378D4A88B5,827,1170,RGB
3541,page-3541.png,228730,C8CC23786A45E4F848C8ED8D4457A4BD4A8F233453A8B85C716569BC425F6E87,827,1170,RGB
3542,page-3542.png,249574,01339C71A41DA4811DA51D88425BAB6954A0D2FE8C5E546A636EC050348C0D60,827,1170,RGB
3543,page-3543.png,284992,ADA8EC733A72B3E6104F129BC3CA2F0BFD31B505D8F472E67509D42042FD6004,827,1170,RGB
3544,page-3544.png,272459,FB3D0D79ADD838600D8290DD30232F4CD4A0950641AD33002D624C0FBC423F3C,827,1170,RGB
3545,page-3545.png,202897,20979A33D292393104FCC15321A6225C2E7CCC913276164F53132890023C3E06,827,1170,RGB
3546,page-3546.png,353295,1E8DF3B6E539EE9381B874B314CB723F072FE834EB063ED9F6451EC14AB56C8F,827,1170,RGB
3547,page-3547.png,273988,7E31E4E906D4725B885AE0864508BBEEC66490A675009164C7712AC1578E485C,827,1170,RGB
3548,page-3548.png,289322,8F3ECAEC76A4502F4A6525AE2A88FDC54035798AADB441518C6B4B981D0E8460,827,1170,RGB
3549,page-3549.png,342049,6E78470672B8F4766CA79BEFAED4624508DB773AF95293242B667D211DC26238,827,1170,RGB
3550,page-3550.png,240017,C36D4B058C51B2ADBCADF5B4DFBDF46EC8145D60170E1DDEE1D63DDDB202A8B2,827,1170,RGB
3551,page-3551.png,213518,C32BAF677C179613C93A5C6B4C8DBAC24AA4453821BA413945FFDEBE53199E66,827,1170,RGB
3552,page-3552.png,309084,D4D8CCD6B8DF98F739C00BA8549512590DE8724273CE4BDF6E292EC117B9999F,827,1170,RGB
3553,page-3553.png,261924,6D9B9729880A57B489367B6FF3D9E55C02964F8466B2C8413837856C7C2519DF,827,1170,RGB
3554,page-3554.png,226635,F82C6EF35BD464F7FD7A35F7F208988FEC115CC531F0DBC9C6DB6FDBF5F917BD,827,1170,RGB
3555,page-3555.png,299587,782CB81EFDE26BF04444DC3C8CC9CBB35D4A95C55B101051DE0F80A93D687259,827,1170,RGB
3556,page-3556.png,255573,DE300E08E1993DE7CA4BE359BAB9B33D73ABE7042F5530562BC09C21B2DDB914,827,1170,RGB
3557,page-3557.png,299613,957590FE44B70331E19B1D9D42B88A296C6D1A3574D95C8A9C261E4DD0C0FA75,827,1170,RGB
3558,page-3558.png,280017,9E5FE90A9CF96B533A307029AD69123FB0BD157FCF94F1E2BC1EE41C3514A7B1,827,1170,RGB
3559,page-3559.png,276095,D54828DD967A0DEFECFC6A3A396BBA0554F8D46A81EF195B202BFAEF718F7BF1,827,1170,RGB
3560,page-3560.png,316103,8722AA2BEB35160B84A715EFE9C91975675BE679AE9E19898E0640162660731C,827,1170,RGB
3561,page-3561.png,296802,73234C03BC52B1DF604FA3CA11619B5BF0C8688E007C2C90A9EB75B1B7B685F9,827,1170,RGB
3562,page-3562.png,316174,C56664F22CD488A63BB8D23A37AC4247ACB9486D423D736C2BF68BAA6D4A6915,827,1170,RGB
3563,page-3563.png,322716,5F83FD4022576C4E389CEEC3E9506882F984D3ECB69CB55FD548DFBEA2781595,827,1170,RGB
3564,page-3564.png,251119,44943ABA9FB78CB4393C8A2DCA5B87CA4EA79096329D912257DCB80FEC877137,827,1170,RGB
3565,page-3565.png,290974,B8507BBC631B491F1F854ABDD5548D68934EEA7B8A0372D893CD9F7681275383,827,1170,RGB
3566,page-3566.png,293261,B4461C1F7728DE0AA4B603742D0FE861D9DBE4D819C190CC1485E8BD7E98228D,827,1170,RGB
3567,page-3567.png,260276,30E39DC5200978568DCD1DF2F662E7AA465C9028943674955945C6CFB5DDD151,827,1170,RGB
3568,page-3568.png,236129,2B7987578B18C5B032C8711BFD338315A4C3F1736A17D66E12707127448144CD,827,1170,RGB
3569,page-3569.png,272369,6091C6A8290E966C2AA3A9E0BB3B625CEE61F514ABB8BECC85D74E605AB7C65F,827,1170,RGB
3570,page-3570.png,305858,C17481F619F4270D88108C47580CD36C9726989D0536FF3DBA184A62758CC723,827,1170,RGB
3571,page-3571.png,261212,19B1597C47AC41AD8D75E7ABA3C2D884D8EA8C3675C78EC82FD75475613B0922,827,1170,RGB
3572,page-3572.png,320780,9CDD0A3E778281A9CDFBFE9D512D1E5ABF51C9FDDECBB3170B9AE0B314686CF1,827,1170,RGB
3573,page-3573.png,298128,56BE99ADCEA652DA04948102F3112A03EA01D8574A3B17053D145DE0077D4531,827,1170,RGB
3574,page-3574.png,305305,CB8A7B178B9FE5AA8CAC4615B2F5DE950B442DE0917195C669D3627FDE0310A3,827,1170,RGB
3575,page-3575.png,288441,E3A9EE16F90851E266DA804F81C551412FE26431E63845BBB7CA7F4AFE165453,827,1170,RGB
3576,page-3576.png,273951,4BCC59634E8DDB2FB72630336957CF10C2C6E90AE05E3E664E95080438D3BF2A,827,1170,RGB
3577,page-3577.png,279971,3563203B61FD0EF8455A955729914C14CD68CA579FA4B2332CBC43BA0C1798DA,827,1170,RGB
3578,page-3578.png,280830,F7865EF510BD1B74BBD9B18809EA5C7D4CF63C05D62671ADB7516AEBDFE820FA,827,1170,RGB
3579,page-3579.png,257597,3F7AA561AA10231446F4893FC1D2480B9951587FF827D48EB10C2D7A21E6DC01,827,1170,RGB
3580,page-3580.png,248470,4CA50D74B58890EC28F62D15BD47366D9FC1769AEF05CC0D246F7D3B3CDBD1BF,827,1170,RGB
3581,page-3581.png,254513,05D882A90264DA147D6E0162DD56D41967E14AC1EAAE9584E89CF323AB7E10EB,827,1170,RGB
3582,page-3582.png,317949,FF4FFB4A0699BF73DAEC77CD9AC2384CFA1CFFF0B84F953040F67A7660497472,827,1170,RGB
3583,page-3583.png,302631,EC848E1DF9A65844EC8E3D83AB28C6CC3C29B8963CBFF81BB86D23FF1C760046,827,1170,RGB
3584,page-3584.png,285814,53BFD2FF1254E8FB7FD2A032E12A255A04AC97343826F72244E2BB5DCA3A11B3,827,1170,RGB
3585,page-3585.png,327664,582833AFF89925614D42AB3970BC2E2C8D312B33E3EBDE16A96EBEF434911128,827,1170,RGB
3586,page-3586.png,53441,547727531B26185BD2631D704CACA8452E4BC5EA00DB9FA54076907192DE4604,827,1170,RGB
3587,page-3587.png,243275,25AF39417F1232BA1F1A421EB6E96A9E45E90CB18902A9F8233079E08E30F920,827,1170,RGB
3588,page-3588.png,315211,BCFE56091265500B804BC3D09E2D99A4BC7242360506731D7C890391B6B9D5C7,827,1170,RGB
3589,page-3589.png,232579,27D86118233E9EA616F1147FA2BA591833CBFE616263AA8C6B2A123DD1DF478B,827,1170,RGB
3590,page-3590.png,194128,264AD0EA8C049D870178763B106DA35B4C3CBC96D90A0BAF65ED63D3C43B0D34,827,1170,RGB
3591,page-3591.png,215760,4146873FA9E7CB4C45A27285961CB658067CB31926E0D1185D15A5F196D23811,827,1170,RGB
3592,page-3592.png,171048,6E81382509FBD86CC6FC93813A734B82928B839AF11C0B3FD7091D683F383CD7,827,1170,RGB
3593,page-3593.png,213353,7D10AB6F7EC572063B69D504BB56019D544FC8B577A86EEA07A87037C3E6745C,827,1170,RGB
3594,page-3594.png,330696,C2DA6E8AD492EDE6FEC8EF17BB41DF4D766BAB124B72CED9E76DD04C7E4AB089,827,1170,RGB
3595,page-3595.png,234277,6AFD341983BDBAD39B429C31454814505B2E7090F0F1AC9FC5C25BE998061358,827,1170,RGB
3596,page-3596.png,351329,818E072F7DB215F88BE29531D1398EF8B797C8557D0F14035BA19E802BF696C2,827,1170,RGB
3597,page-3597.png,251162,3CA9DBEB5800008413E706FBFF38FBECFDD1E42FDE3EB1DA22C16006C03BD348,827,1170,RGB
3598,page-3598.png,192909,02C493B953D95C95F51A6476FD483A67F28D7458DC0F42E7587B0264A15001DE,827,1170,RGB
3599,page-3599.png,297567,F8A749513C20B76F21FCC3B2D7770DFA1810CB5CCFE290507D5CBE4B5B722BD2,827,1170,RGB
3600,page-3600.png,221879,8E69F62DE768C235554DB7F9490219F42292E515365DDF23B8311BE006539B14,827,1170,RGB
3601,page-3601.png,235018,763A4E0E2CA520E0F4C52B59687DDA317E55E57149A1789F064F9E04F5E2736E,827,1170,RGB
3602,page-3602.png,233842,618CCD86A74FE27A7CBFDCF00AFA18F1F09A2A87836C3EDC47554F90D0D3B1C5,827,1170,RGB
3603,page-3603.png,230427,AB4EF90EA54B316A94F3ED7E4A9271F3DC6372FDCE9CF4E191217E71966C89E0,827,1170,RGB
3604,page-3604.png,232210,9C34A4E8227D0B6FC261A03CAB4DD655BA78E1ABF64E4A699A8F4DEFD7107570,827,1170,RGB
3605,page-3605.png,310681,435A020B03196378A18BE461443018BB2286386894CDE11E95F24BDB628D7867,827,1170,RGB
3606,page-3606.png,233717,823F81EC66C75FD8DD5BE979AE47A102881FCA7A4A5E386B566F49BDF6842536,827,1170,RGB
3607,page-3607.png,244360,F140BD0D8CC37AB8EF20525FCDCDE6697CA4BA753BDA7548276C6607EBEB9694,827,1170,RGB
3608,page-3608.png,151871,3CE6226246BFB7A04D30AC65792835FEF8C3AA3441A663418B6A08F0192051C0,827,1170,RGB
3609,page-3609.png,230513,2CAE886300E72611FA888FBF97B01CE6DA3F4AF4AA17C63D2AEAD30407A3AB0C,827,1170,RGB
3610,page-3610.png,248159,6BA8BD52CAA89936587019DA02CE75B29AC3736053310D1E54D98EB86875083F,827,1170,RGB
3611,page-3611.png,230194,645A10488433752989F87A6D57FC7F5F1DCA2F312E761E74DB70B15939BE7DAE,827,1170,RGB
3612,page-3612.png,242574,7B2ADD152371FED015546E55E8BB5622DB28887C0A284D59559AF64EA2287561,827,1170,RGB
3613,page-3613.png,240531,951BA301772B5FF06BD395536643D0C8F3672B581EE713F45A384D53C0705288,827,1170,RGB
3614,page-3614.png,311050,38A0BB0A8612882466133BB124C68CC4C971F76D2F93AC851607C99627D8EA6F,827,1170,RGB
3615,page-3615.png,333917,C9AA358FA25E8E490938058B5C26274E40953D9A105A1F4C422690309951A6FF,827,1170,RGB
3616,page-3616.png,232998,DFBB83F4B4C1DCDF0FAB4A7D507C10AA95899BFCC7A301FBDAA2CD9C0ACD8C2F,827,1170,RGB
3617,page-3617.png,259248,902745C0CF6DA75D87923298CE33C537CDBF305B2DBDC6E3215C0E91A7D2B85F,827,1170,RGB
3618,page-3618.png,221127,06575EE8F47D5F7A2CDACFDAF7682761CE59A14F6581296902701679240481D4,827,1170,RGB
3619,page-3619.png,256307,06FD774261F428DD4D94B3281633279781D1FDE430E4EF7CA42CDEED99E49372,827,1170,RGB
3620,page-3620.png,284693,20571FAEAD446AFD7DB71066D7CAF057DAB81F7A30CA2DF21861DB1AF93E3190,827,1170,RGB
3621,page-3621.png,235582,60DD69DF48936750923FC5216BDEFA5F43490AAD7E15ACC3EA0E93A9B11D1DAB,827,1170,RGB
3622,page-3622.png,265950,38F716DDBE23CF221E1D4CF5198D0746269E25A96CD66D0BD26AC1749178180E,827,1170,RGB
3623,page-3623.png,259008,5559B1AF6A03290B9700AE55D688D33323ED95A827EE2A268817800CA4BD6D88,827,1170,RGB
3624,page-3624.png,288025,D328AC056F38C61CE9918A80F4A59ED1CB825D206AD2F5A34C66FBF598843157,827,1170,RGB
3625,page-3625.png,377753,EC4AD58CD69271CA3B2A291F134DF38B5D7E2AC43FFD8849119960B070E97599,827,1170,RGB
3626,page-3626.png,316056,5687C8661608D35B93CE997DFCB1EF05B2087A4AB4FC98FFFCB7A55AE4841E2D,827,1170,RGB
3627,page-3627.png,322347,CD9775577892D3DFA5C8B3C1ECFDB75281D63E118D861EE08AA140A8FE403F79,827,1170,RGB
3628,page-3628.png,239355,734AA72A52E1D3078FB0322138C0F4D82F14E635D789E34F3F120D54E7D1ED68,827,1170,RGB
3629,page-3629.png,194538,A172E32455E5235AAC5326CE13B538ADD4307C564FDCAFB8DEEB72B8DE47404F,827,1170,RGB
3630,page-3630.png,211574,76BC7B40E9AA9415D904F96A12B59021312CF7C2932192B4E6BECE7B437560B8,827,1170,RGB
3631,page-3631.png,268185,5FAB85CF5DE8E9DD4AA28AB98676E7F1A6B20D15AE47FB57E67BE516A5A88EB3,827,1170,RGB
3632,page-3632.png,260472,B8B85664E8FF95BFF2F3E7127DF14B6C3D7BEDCDF0E9DE318F69E71A317C9063,827,1170,RGB
3633,page-3633.png,163182,8AB8CCB55FB05BA35C445FF5057AADB6C5CB9F0D5742584B7D8437CB3F23CFC5,827,1170,RGB
3634,page-3634.png,293034,B9EE9C55C35F09E4306DB91EC28E525988485D08CA6F9C7DA60BD6132A87E5AF,827,1170,RGB
3635,page-3635.png,363751,1FE0121621F3511FAD4CBFAEF73207703B0BF488580498CAEEE9B9BB3770A8DA,827,1170,RGB
3636,page-3636.png,204044,44F93A5D183464307FB9C5FA2C2A79E6EAF24F7A5DCEB3A5F6BD7A1E7651F580,827,1170,RGB
3637,page-3637.png,232317,2798BCA2CEA9DAD7ACF24F437975D4B64A253517BF3130E506A603463BE81F74,827,1170,RGB
3638,page-3638.png,273098,E475D24E8A1B6486940C68FAC98FE74903B2C660F984A5149EB15E1949DBD05F,827,1170,RGB
3639,page-3639.png,321453,9CBEA168565F3AE6F50CB4B2CBC26183ECAE4894695C1BC98E626C1EDAFEA8B2,827,1170,RGB
3640,page-3640.png,349456,B9EE8CEC3DA9E38B81FCF63DAE3854C5529E4A8453D74A118A0B373E9D1F53CA,827,1170,RGB
3641,page-3641.png,258643,9119C2920FCC36F634E01C49CCFB091D19E10F10D996F6617FA1CDFF54AD8301,827,1170,RGB
3642,page-3642.png,290305,9F03EB08D6E39B04CA187E8B59771EF80DE590696D548392EFE938278ADD55C9,827,1170,RGB
3643,page-3643.png,316604,D6ABB90931A0F0124F75D66B0855FDFDB6F7D8B1A2FD914EE9E2002932BB3BC6,827,1170,RGB
3644,page-3644.png,254685,30D02B4355C8999F58E0CD55318AC898FECF4DD90BE7E4CE6C9E35385A58110F,827,1170,RGB
3645,page-3645.png,249876,90B34732E70F81DD094F0A895DD9500D754755B2F1E7313C833AA004CA56E8E5,827,1170,RGB
3646,page-3646.png,313197,0BD6496D10C9E0B35919D13369DC4C98BC2E923654B6ABD758950C77FA840B17,827,1170,RGB
3647,page-3647.png,283952,335B6BD8018D72382D391FB401E9DECEACFEF7B7A27BD9F5A27CC410401AC8AD,827,1170,RGB
3648,page-3648.png,339600,3DF7C71EDE69C73CB4A8AC95202673BE7891E8777E614F54DC0D1003E3D48F8E,827,1170,RGB
3649,page-3649.png,287413,0EC4298FFF90C28F84E6E919A1AD12C2D6F3465B40518C1B7E5CEE4BC8FD5152,827,1170,RGB
3650,page-3650.png,313980,1E868FEDD9BC576E086423370CC5C2B23493CD1B026D33EAE4B2861A8326735B,827,1170,RGB
3651,page-3651.png,335214,5539D832A52E85C40714F6360660622CD018B98FB84C3019EAB806515A85FCEC,827,1170,RGB
3652,page-3652.png,312099,744E2244E0D69A097E8298EE946AA34AE7800498E03B9DC3355946E3DF77CE6C,827,1170,RGB
3653,page-3653.png,330444,61FFF71592E6565B5E898B4CF5CCD34440375E147CE46006A08087B692704E0C,827,1170,RGB
3654,page-3654.png,305829,ED0201C1CE4550C758FDEE464CB539FEA6EF42B619FF251B62C692C94E181F0E,827,1170,RGB
3655,page-3655.png,266714,F49E6B9B82150FCCCBF9EA20D6844B31B57D77CA799A11C2D3D8BA79FFD14638,827,1170,RGB
3656,page-3656.png,303712,57BEF4C898EFDC7BD217A617DD9880AFA3845C878AC2D6489D687F728DADA035,827,1170,RGB
3657,page-3657.png,362625,0B14E6F2AF9BC3D3D96A1F4CA8C2474C5928419EF54DDD5C04300AE8A7BA90AA,827,1170,RGB
3658,page-3658.png,377502,AA1149261BA02F0FD5BB7E06DAC28687BF04E1206D14FC613AF39AFCC3DA63B1,827,1170,RGB
3659,page-3659.png,273620,F065CE921C0F646A9A41BDF9C47E2E12D5B47C4E4F22A7A68722FF25FDD20E2D,827,1170,RGB
3660,page-3660.png,333210,A8EEFD18143E4F05260DB8ABC2735FD44E101DB856D91B98F86A69D10B08E87D,827,1170,RGB
3661,page-3661.png,296518,704FC426A4E5F6B906AE663496E44F0A16D3EF8D3B8F27CFCD04E5901A76B1EC,827,1170,RGB
3662,page-3662.png,216639,2B270688A5FD57E00CACDB8CA4B0ECF7D72230D01F11B317325AA8363A55BE35,827,1170,RGB
3663,page-3663.png,309595,FC3DF6E7EDDE25734EF29BB2B74EA4130787531F1975E23B4156ADAA2DCD2AE6,827,1170,RGB
3664,page-3664.png,271661,4DF530220B51BD0D1B654092D73297B4E78B901A0C09C3718E9E178949D9C9FF,827,1170,RGB
3665,page-3665.png,302762,B4A550E724905446F07E805D63F1FE30A1A68939471D34209539FCD35DBC508A,827,1170,RGB
3666,page-3666.png,286519,63E5A506CCF1BB6BCBE8ABBC0B78D97891DC3C228C9F07D20F89AF771C4CBF6E,827,1170,RGB
3667,page-3667.png,282044,625DEA071F4EB0FE3D417F7DDCB4CC8917BC138800D2D4E97503F8C5FE2A1988,827,1170,RGB
3668,page-3668.png,261433,04802C0E2784211F1CA3953E5338864A39BD6515D72FD16365028FC066A6485C,827,1170,RGB
3669,page-3669.png,312607,646A40DF894FCA2D714311C515EF3682B05EAE1E2061EB4530843A581D53BD0E,827,1170,RGB
3670,page-3670.png,238911,6D2C67594BB1D57693A96A32225E24D3D91BEA3F579C5A5E991805025BB13553,827,1170,RGB
3671,page-3671.png,271039,0A7F41D706E7CDA82577AE2B0B8585CC2DC92D01B45AB944FFD03A5FC5E1090F,827,1170,RGB
3672,page-3672.png,322300,20309975C727075FFD83CFF3FDF6DE66181CCDAF386FDF8079093A15C4CA8DB2,827,1170,RGB
3673,page-3673.png,313081,ED5CB076803194DFBE22010F914F3D91D88AC058B4152E06007454A375229031,827,1170,RGB
3674,page-3674.png,338203,717F6F5E553EC4CBFC4E3AFCE3CF9B170AE3B09367BC27DAAC73986AA5D070F0,827,1170,RGB
3675,page-3675.png,264286,B0B85AAA8A6F9AC6213B9D68DD2662850EFE4669CC7A71DDA3716090C85F48CE,827,1170,RGB
3676,page-3676.png,272872,C8C03137FD4F2FE6F036D9AEE2D20636E6520AACC5AD7C6402ADFE3C1D5C3DAD,827,1170,RGB
3677,page-3677.png,242398,8A3F95F389DE9AA0B7ED2DAE54E55D95D6737BA261FDB75EBB5A25D0F5D62FFD,827,1170,RGB
3678,page-3678.png,282859,F004BCE969D7D398C09220F64327C47F608EF3339BFEF22CD7E77D438B5E9BE7,827,1170,RGB
3679,page-3679.png,302287,DEFA80E5001150943DF8A47832BC710407E2687FE4474E34C418373D77EBC218,827,1170,RGB
3680,page-3680.png,312472,DBB776C11D36C814FEF82930A31AD377152FB9978438DE159D5AC7749247CA1C,827,1170,RGB
3681,page-3681.png,267590,AF924EFF636CB8F83E1A58CC6757D6CE4120EFA0B47A3ABAEDE445E1E2ADC4AB,827,1170,RGB
3682,page-3682.png,299234,79D19C3DEAA5EB2BAAB650CE154BA3325BA1EA0C06D769052767B362A7C544F4,827,1170,RGB
3683,page-3683.png,260758,BE829E44377D938503E9F9B5888420ADE73835C42E6BF6B92B4A42CC8D59BDEC,827,1170,RGB
3684,page-3684.png,261976,0BDD51C92D8009EBF86E804F69FAF2B0C6FD4AF050DAA39158F95F7F1615B7C2,827,1170,RGB
3685,page-3685.png,281361,831B54BC71992ADDF7E9625EB093A1BA7310E2CF55F10DC4CE3E8273A2D22434,827,1170,RGB
3686,page-3686.png,315712,7186B75301DD3DA8F18E94DBFAEE95C2F450B3A4D5BE6AC2BD8BD4435258008C,827,1170,RGB
3687,page-3687.png,247835,286C8C70CBCDC7DC8CC9385924AD35731320EA34238B6B48E8CE1975EE5DE91A,827,1170,RGB
3688,page-3688.png,230468,C2AC9D5A5087FB9299AB6F716498E01065995EDB24FF109899725B9A52B4F4D4,827,1170,RGB
3689,page-3689.png,303515,63571CF71FB81F2066A12808920461A503C2ACB0ED0640D6BE905E64345EF1A1,827,1170,RGB
3690,page-3690.png,264158,3DCF88FECA22D8FF2261F194F39A89B3EB612741C78F5FD96E5F5F1501264AFC,827,1170,RGB
3691,page-3691.png,365347,2C7C733B3265C25475736FB6EAA758C5F7F6AD1800A02A0780E173CEB4E49381,827,1170,RGB
3692,page-3692.png,369800,480A32B77A1CE83EAEBFD08EEE69A5350F7DC20A7367481CA097716821312CB2,827,1170,RGB
3693,page-3693.png,384963,D9E17832FE235C2EB79BC9D3783F4DB92C287BA62633BE66C97881C8434322FA,827,1170,RGB
3694,page-3694.png,320917,DEE61087B67F7B9194447501CFA2D36DF95CEA12EC92476EA8AE51B47B1CBD40,827,1170,RGB
3695,page-3695.png,384978,1DEF1A5FE972194F6A3059D3AB3D25F2D7FA50AA65828A054C7F0D9BB52B1708,827,1170,RGB
3696,page-3696.png,258898,BABD956024EEC77BD2CB053C37F18BED2543BD9DF44A48E8FA59BCA0DAFA7295,827,1170,RGB
3697,page-3697.png,335992,6F044AC1D3A0E282A43F88F9E9C80549BEB4B877D73D9020A92F960BFEA3AB07,827,1170,RGB
3698,page-3698.png,336763,214462AC73FE15E5EEBD19931172EC7E01940D754D333BD81895C840B978C247,827,1170,RGB
3699,page-3699.png,352011,6C7111BF3A99BB937782A9F351AEF31BEE7A913E5BAA6ECCB02001771DD5019C,827,1170,RGB
3700,page-3700.png,290123,9CC1092D190B0EA9C79F9B02325F142594085067C2B1762F286D5235E269120D,827,1170,RGB
3701,page-3701.png,292613,BE07538A9844DF0E56F22299B295444F34202F917045EDBC4A69EC5901EDC6C2,827,1170,RGB
3702,page-3702.png,278905,FF1FC0CFCE6A563134920EABD9601C6C56C41BC5D19721B713D092C57B4F6B99,827,1170,RGB
3703,page-3703.png,234496,9E62BAF4426747D338DBA353673FE864017D7BC31CAA443B9C8D6FAA0AF8E41D,827,1170,RGB
3704,page-3704.png,277390,DDF6F02C0268D7DEBC98D892C6BE8D5015B833173A0E544364EA168DBD3AE420,827,1170,RGB
3705,page-3705.png,288910,F4AF538F9822219BBFC5D0DFBD65A65FC7AAD6F507D6240BD35126715EDBC910,827,1170,RGB
3706,page-3706.png,216501,E723669CEDD4B560C23166D329577B385F472BEC804071722A3115F90EB17D3C,827,1170,RGB
3707,page-3707.png,324104,2ED1976A259EC665A3512D7ADA2FB400704B72E4318934ED251841979C364F4C,827,1170,RGB
3708,page-3708.png,302897,D7D434569D11EADBEB716CDC925A5473045E27A4028CA45B29ECFCAB404C0896,827,1170,RGB
3709,page-3709.png,82902,26FDA38F7D5A9024DDD4ED289653793FC46B6D2D1AF5D8534F70B873ACED503B,827,1170,RGB
3710,page-3710.png,209687,178D75579A2499C9DF2E16DBDF78D9BCBCD83B4E3AA68D44E1993AD64C08F813,827,1170,RGB
3711,page-3711.png,339195,4F96C1F124A5237E7A9205BF3DDB8BF4C47A0755638FF28D32260C3C430AE3B0,827,1170,RGB
3712,page-3712.png,275917,D069E1AE9C81C2C703B29440C11FC671AE9922ED879CD6B4557C2667272C80EC,827,1170,RGB
3713,page-3713.png,301507,40C8AB2CFB5D5D447BED5310A3CF4FEB1147DDB6CD6E56147C7E4DBB4D4F4CA1,827,1170,RGB
3714,page-3714.png,258223,5F4C3B464F163E03A31B37507FC9FB6A8177A8B8BAD6C81CB3FE1924C229E782,827,1170,RGB
3715,page-3715.png,253846,2BB72C52FD4A9651E271C46ABBFF0F18914ED7E2F1323C1BCFAE4A7CA80A89D5,827,1170,RGB
3716,page-3716.png,274104,FC276515ADD6EB14B7D25E8035625F1F7535F3CE68602CFA4A71895B0F36957B,827,1170,RGB
3717,page-3717.png,335590,48C32AFCC135EF3334CCBA726DD41F8ADAA9DB6908256ECC0525E9CEE969AC8B,827,1170,RGB
3718,page-3718.png,282172,FEA7592E2668F54F4CE736279C4ACCF34D971FDD4E1CC617DC51A5A3B4127299,827,1170,RGB
3719,page-3719.png,310608,5750DB302F40A5C7CF22D9EF6FECF5B4858188ADAF762ADA8A4C2E31BA226081,827,1170,RGB
3720,page-3720.png,278351,E28AE7D5D0A61D9092CB7F65233B053DABD1BC28FE2235F32BBA3EAC884B280B,827,1170,RGB
3721,page-3721.png,242715,3AE610E006932495414870FB213939304CADCE225179634AC7F5BAE56AB3256C,827,1170,RGB
3722,page-3722.png,262227,1CB573119B7647C73665D27C6DC5F537D829B8D7BDC45E2F08FF94B13B443AD8,827,1170,RGB
3723,page-3723.png,164015,3DA0DEB230D2D1D7A519C90E5BE48A45C00B7B99E8E156B89584F09AF2C2226D,827,1170,RGB
3724,page-3724.png,293257,964CBFB3210EDF683E2C45397A31E119F31476C3549DA25F5FEB319DAB07E670,827,1170,RGB
3725,page-3725.png,297311,16E43A52A1671DDA651464A4547046B8DB0F7F65632A5562B30B5583D70C811D,827,1170,RGB
3726,page-3726.png,248074,3A4AB8CECB50EA969AE432233F4F889A0D821A8392AADCEABDAC6EB5AE988CD9,827,1170,RGB
3727,page-3727.png,299826,17A68AC4D541D88DD21ADF13F1A95B0629D89A9A0C1FFCA79B7306C856BA3E03,827,1170,RGB
3728,page-3728.png,209266,76A3F1E11EB84C6492C65C05FC754FFA904B0B6477E7E057936D818F298A7BEA,827,1170,RGB
3729,page-3729.png,234926,29478116659EA00B9DB2E1C68F44B008D647523C5868A2A19AD128853CDDEF17,827,1170,RGB
3730,page-3730.png,287983,292D386B1118347F1814E77C426613D12672BD1251450DB04642FE008B931185,827,1170,RGB
3731,page-3731.png,254364,C8B2355C90A25BB34EF8CBF69B7782051A1FD6A3D584D6D3BC3AD017A2C6C14D,827,1170,RGB
3732,page-3732.png,147938,AD464B8C653A4770E3D6992A6EC3C9174F3FFFC718596567786CD3C5EF0F038B,827,1170,RGB
3733,page-3733.png,204851,5680C2968C8902C6D920613D7B0EA828F7C1251DFE3F2830F9957AE338D76B4A,827,1170,RGB
3734,page-3734.png,271838,6C9AC2728A618E69BB0B65FB691D52F9F3249DBF683C11C1BB22334CA39DE0E8,827,1170,RGB
3735,page-3735.png,233489,B0F4350143CDE74F4EE6FC338A4A218B41DED6382D30282040A75A4C95EBB3B4,827,1170,RGB
3736,page-3736.png,99700,8D49F19DEF482BC585575A74DEA83B987D3EA0CE3D9DBAE5550AFCAA3EFC270C,827,1170,RGB
3737,page-3737.png,138887,916E2E3648BD2300391F2F676D2A62ADB36E0CE2B2CAA8761C5F7E54FB8A2EF9,827,1170,RGB
3738,page-3738.png,232738,6F0F8B6D9C57A829ADE52CA43445E61F66DC8128CC8A247FFC049386B2EEBC3D,827,1170,RGB
3739,page-3739.png,342843,715F692E5AE48CDEF283E2B51ED632CF67A5BAB43E3FAF8E8FD3F80CCD0994B7,827,1170,RGB
3740,page-3740.png,253538,18C2B5D933C38D1168E626EC7F5D177A0013BC2BD95DEDD0DB2BCA9A054BDA27,827,1170,RGB
3741,page-3741.png,283116,E052E5C29811BF234D1D282E6BD732FFD0BEDC879E9CC0346E938719206F2EF4,827,1170,RGB
3742,page-3742.png,197807,106A1EAEB3614E0011CC4585C89681FB842A11F8CA213FAF85DF34434B94284D,827,1170,RGB
3743,page-3743.png,290829,F406032188D47BB158B22C3F82ABE5348E344E4E4841375F7C25D4404AC97B59,827,1170,RGB
3744,page-3744.png,243146,3F7268E152653F593A81B8FBFB33C2F4FDAF147379821FA031400B71DB48691B,827,1170,RGB
3745,page-3745.png,340380,E3A26852A6A7B99E4B03290E20A354D0553B9E2A160CD5CACEBACF478701CFF8,827,1170,RGB
3746,page-3746.png,312141,A469A7B6293A84324A3D162BF576176D6E6580526E3566BFFE90405512AE4E96,827,1170,RGB
3747,page-3747.png,353801,40EF02109DB741B848B815664767E61DD2F2227A9BE8FFD6AB2AAC79E327F79A,827,1170,RGB
3748,page-3748.png,309004,5183A9085FCB144A6EFFDCFF50A2BBAF617A33F0B5D4E6639932A1A5ADD1ACA9,827,1170,RGB
3749,page-3749.png,180604,0393A6F49C242AEFA7730ECA913795E1B3E88C0B27E67C74A525B9B1F219C0BE,827,1170,RGB
3750,page-3750.png,226098,9B632C7F98B39D0FDFBF2FCE5D5D0A346AC98735FD9A5DA1ED75044C45F9887F,827,1170,RGB
3751,page-3751.png,204434,3D8F1BE57263EEE13CBFD5B9CBBA6D8296061612D198DE6A418575C939429690,827,1170,RGB
3752,page-3752.png,272486,5FA7D0FC592E236CA84BE33B2942E5890F156AB1DE44D296D12E259B2525EDDE,827,1170,RGB
3753,page-3753.png,300358,731B0BBE6C55AF22ABDE0670C8AF979E06A5CFBCEA1B809BEB65751F29ACBD9B,827,1170,RGB
3754,page-3754.png,247794,D8580DF510BB72099D63500A477541C9BBD4B4ED2F3B4F8C9D9F00E189C6BF0E,827,1170,RGB
3755,page-3755.png,208250,6593688E3B0733C942DA01E77C06F336AC1517A46BC6209157BB3CC2833ABE31,827,1170,RGB
3756,page-3756.png,204605,5AC65AED36DD622332669B070786291F3B79E580A7805CDDEC4201795BBD8127,827,1170,RGB
3757,page-3757.png,204775,456B91E60C7028D49A4E71D62D67A0C0F27D85CE64A879E37B3F2E80C4175D6E,827,1170,RGB
3758,page-3758.png,246313,6894DF87C8DD898B09095689599A83B1DF59294525E27D6ABE05B1DCF7EBE8FF,827,1170,RGB
3759,page-3759.png,272552,A25BD3709B471BDEDAA130630A1B3E8149E464B5875C219FEFC6A233BE8570C7,827,1170,RGB
3760,page-3760.png,122397,5CC9685DA0C400BE61916AB1324251AFF88A90BEBF71C80FF6F72250DFFCDC1D,827,1170,RGB
3761,page-3761.png,197571,A98FAA79FE7CDE5F5C3591D3CDE12560357AB6B8482C3F70ADE47C8AFDF36251,827,1170,RGB
3762,page-3762.png,201507,798380F3D0045C8B0AFC1CBD626C5F67DA512A2B90D16420034E730AFE8FB199,827,1170,RGB
3763,page-3763.png,176707,3B57C96F56FF8A79A4FADB61DBEFBB15C3698AA6DD3BBE86599B297408AEE767,827,1170,RGB
3764,page-3764.png,198553,EDD2EADA0BC7082A648D4F70C0406A7F5DF47E474044154F73008AFAAF4212C3,827,1170,RGB
3765,page-3765.png,211812,06ACDE312C0185A19BE136D28F78520A96F3D77381EA5A0C4A15EB46A4D25F82,827,1170,RGB
3766,page-3766.png,253575,72547BC09032E894691C7E1ACEFE29954E728F962FF3711D0956C3533E34F83B,827,1170,RGB
3767,page-3767.png,195654,037E1BC63841618D6F3C790D04554F64EE14E76EAE3AA26A0F0B61703FA95734,827,1170,RGB
3768,page-3768.png,208887,823AF6D4D5F04216BF4FCBB6262BCE1D97368426B6945490DC1156997C19D502,827,1170,RGB
3769,page-3769.png,246595,1584CDD39CEB4CC4B731A32B747CA830E79DFAD750D333556E8E5F9C7681FA71,827,1170,RGB
3770,page-3770.png,244790,6664C554D6D10D1A74D0AB8EB8F2A456E54D81B98A83C53CAA6E28F01AA69E15,827,1170,RGB
3771,page-3771.png,221414,DEF43FCFB93D175AC90D6453602814AC9FD6F1B7F4B0BAF1F2987F3B5CA38787,827,1170,RGB
3772,page-3772.png,183801,21A512D3343BE7CF53A6AB9EE5E7CDD3EA2D121B036CEE33791E788F40484D96,827,1170,RGB
3773,page-3773.png,173799,62598F9AA4F54B85629684E02437918D9EFF704057E8101BC25248EA683C4103,827,1170,RGB
3774,page-3774.png,205581,0E64E95006365E2F6F7E6E008DC3910551CE400AF9E6FDBD37EEBAB0CB4C4AB0,827,1170,RGB
3775,page-3775.png,168517,EF30C2AC301B5D371FB85B391171ECFB4890780EB44BF5AB10A685671149DD7C,827,1170,RGB
3776,page-3776.png,208866,14A95FFDA974AAB645AC0C1E15EB00BB321C6103C765C3896FF7756E8EC2BD84,827,1170,RGB
3777,page-3777.png,172220,01BAC281AAB5884D6756DC55193DE432807A9390266E6E7C3AF23B598665A2FA,827,1170,RGB
3778,page-3778.png,171548,5E0E22B6E3F5A25B68B2F9231CD14AB4E6E9B2474D428661ADB6E8984734C90B,827,1170,RGB
3779,page-3779.png,209711,7A3C84BB3E8A18CF62522EC1238802451C84AE561839F09B6C98EDF88CDFDB78,827,1170,RGB
3780,page-3780.png,211082,DCDBFFB916E60D152B799CBF3FDF363C9BC59DE9731C36E892A6933C3ECEF84E,827,1170,RGB
3781,page-3781.png,226970,959100F2B2926D84D9CD1341FD7DB904C92722B2F1DB28F526607CEF18E04E6C,827,1170,RGB
3782,page-3782.png,200819,72BE0EA53786A203B12E812712AE219C1B4AC637C7BB0E8A53366388EDDC9941,827,1170,RGB
3783,page-3783.png,142708,611EA968A45A7B5F7C2BCEFCFBF6368F670DF645EC23841A53ECB452B266726E,827,1170,RGB
3784,page-3784.png,256332,89FBB60E11FEBD43FBF66C7FE6751C524DB7B88288B3D29964E89B5227502DD3,827,1170,RGB
3785,page-3785.png,78487,B55D2E99FDAD4509F32C618A3725FC3ED9B36EE7A609F80D00F415AFC92BEFFF,827,1170,RGB
3786,page-3786.png,291719,C8FBE1AD6294FCBE2C05B53E90907AE0CE2DB91D889907FF4B8FEF04B239EF04,827,1170,RGB
3787,page-3787.png,229396,A278554442D474AE79080A5A06223486070C0FED98ADF2CC1E044D566BFF630F,827,1170,RGB
3788,page-3788.png,246115,49A1E303462EFF30895925F48ACAD2D1F6E4837FC15F1816F03BD4E7FAE1A52F,827,1170,RGB
3789,page-3789.png,234602,40C7097959CEAAE86800BB3D031CD26B8661ADF86C18B4DFB4C0A6A6280013D4,827,1170,RGB
3790,page-3790.png,262330,AFDF875D08E7D0ABEC1A538863670146801A0A0EB7DBD2A104F830F1DF7CC956,827,1170,RGB
3791,page-3791.png,294805,E4D817CFAD658609A7D0E2CCC66BF5ED30519068D3F0794BF53DE4FC610CC4C0,827,1170,RGB
3792,page-3792.png,267354,0308D30E87E8F826D060DA9269226C59BBB112EF82C388FB10C9EB3777D0BD99,827,1170,RGB
3793,page-3793.png,305376,4C552934644AF5E157ED1A7C0371AEDF55BB7DDC9228FC0095E951B12A1A05E3,827,1170,RGB
3794,page-3794.png,345860,4B91F2BF1101CED787B5CC5ACDD84C7C03C119D230F8644818BCCB26276A794F,827,1170,RGB
3795,page-3795.png,278936,87B9441C735E3977FED52BC6B1881851E69D6FED49258081702FBF74DA0515F5,827,1170,RGB
3796,page-3796.png,214076,3865E8C7BEAA4D5B6209A06F46B1A7CA2FC837BE1811600FBE1F817CD353E643,827,1170,RGB
3797,page-3797.png,309209,F79A71A28D401ACD0BA6E323490058331B474C321CB90900A1CA1DD7640FDEE0,827,1170,RGB
3798,page-3798.png,273671,1641DA91071C77C46FF124D78642DC5059466100A599698A88FB4CC7FF977E3E,827,1170,RGB
3799,page-3799.png,273047,FB01D1086D4480B1018CFB77942325BEBF2620468CE7D99A34B62B026BC9F29E,827,1170,RGB
3800,page-3800.png,319513,8013E6BBBDFB28C9075FC17DA6FA0172D97782934FEFA9C1A056B9351C3B8890,827,1170,RGB
3801,page-3801.png,300062,4476B0CCB2CD4663553532E06F1D397CC53BD69ADAC6C28752B70FE464E1C227,827,1170,RGB
3802,page-3802.png,292441,FB5A6495814FA3796BC790DFA784252F23C2F5FF80F4C9D8632ABCAE24ED3853,827,1170,RGB
3803,page-3803.png,308345,07B1AACF7C31580ABA41895F12FD273EF0E44EA327FB4F20116821B0963F4E8D,827,1170,RGB
3804,page-3804.png,271640,4584CF186E1D16DF38ECD1D936E1F319EEAC43E8EBD908D744CCB315C6577059,827,1170,RGB
3805,page-3805.png,337763,7C40271027B2015D6E9C739DC6F42E18BF876B3D9B261937709A686945497BAF,827,1170,RGB
3806,page-3806.png,357471,73A787C01DA84C300C80DFB45D01953C538C66C639FB9038803690E1895DEF57,827,1170,RGB
3807,page-3807.png,350478,FDA8177F0A76AC3084035BCF242EE2D168C266D75027CBB9B331FA1A4CE99A05,827,1170,RGB
3808,page-3808.png,202627,CE9C4E95691ADCF7A6791D2897BCC20A883B50E2E7AECB31644EF15999E2716D,827,1170,RGB
3809,page-3809.png,273765,6B9604297ED23BA4956C216E0CEFC8FF888A7EB900FD86003E3D081367F78164,827,1170,RGB
3810,page-3810.png,275853,B6BC272CB80FCE267D6438A0F81CACD986B1DAE6CC24E8600E1A8148579984D3,827,1170,RGB
3811,page-3811.png,246798,9B8C4B0CE7554CC845A41F472DEBF062FED7371690CB1B7F57C9EBEDF69B6096,827,1170,RGB
3812,page-3812.png,230064,16FF27A0190209A70E2086E5432D7A4B1B4F798161066BBAA2DAA245B19DA1ED,827,1170,RGB
3813,page-3813.png,316832,7019EA50B58AE9CDFEA6F6E27212295AFE60D431C47DE6AABA10539F266C062F,827,1170,RGB
3814,page-3814.png,337344,61A57789CC54181D9F6E79E448B081A73DE14C5B8416D544E7B22FD7E0AB8814,827,1170,RGB
3815,page-3815.png,308794,D56A559CBB5B690294BB309898C061A07F14145D3F6E69E51742385987D4B375,827,1170,RGB
3816,page-3816.png,294047,335E9E16045B4CF2D04BBE2361341F1033925CE601040740C97345322A89AE19,827,1170,RGB
3817,page-3817.png,305557,A4B376DFB4528D0E50F8C8AE295883246CADEA9E57FB292099FDDB0621A7E7B0,827,1170,RGB
3818,page-3818.png,309374,7645BB397712D8DBB827232B6488EA8EA6BB404D8473EB2B9FF5B5F6EED353B7,827,1170,RGB
3819,page-3819.png,332999,E420838A2A5C30518005A99C8546C633AF4F5C5941D6BF0D06F2EAF45DE8B029,827,1170,RGB
3820,page-3820.png,337978,BE8E431AC605F56F69759E142013F269EFC7F22FC614269786DE5514D909A384,827,1170,RGB
3821,page-3821.png,356232,8562AA89BF08EFB96CECFEC8BD59CC425165B7ABC4F26A152EDD54874DE7A8D1,827,1170,RGB
3822,page-3822.png,315478,10C3EB1F2128992EB77882B624B620CE7F1961FE28FEF61737C8727B54DF1859,827,1170,RGB
3823,page-3823.png,315814,CCA4CD418543AC236DAFC6E11DA8ECEA6F3BF5536AF0F3C4B49796C13A97C8FE,827,1170,RGB
3824,page-3824.png,273363,D603DF70BCB1A315AEFBB43AE4CF4D744DE3DA2D312F7AFBBC3A6020C4C89D87,827,1170,RGB
3825,page-3825.png,201521,5309862CBE26E35270CE577C18EF96F2B174EB9D11A81F3AD920E78E68183ED8,827,1170,RGB
3826,page-3826.png,311522,A7BE03A82913A79DAB935A88A7CF736396B3806484AA5E1FC6C53A8C6C25AB32,827,1170,RGB
3827,page-3827.png,311381,233581D1FF45E83346EFD21A01BCE8F0288C59E4D04B0FFE13E0AB590DEB8661,827,1170,RGB
3828,page-3828.png,300160,4A5AE53600D593C4836FF24FB741508F54069D684036282B6090D860583171E8,827,1170,RGB
3829,page-3829.png,191769,3D4059E028394D77C5A76E90E5206FDEDAB7E7C9E5E0E0BC407B63DC206A4C1A,827,1170,RGB
3830,page-3830.png,282550,A5ADA8E8B0460B40FF25C7ED9ED1F7525A00E4A37D88ECDC21A5A6A0C157B858,827,1170,RGB
3831,page-3831.png,237793,2C7D5A3E9BCC1E335DD9E8DD625BE92EFCC8E24B1900F0BF5131D534F90FA119,827,1170,RGB
3832,page-3832.png,289654,D7306B8A425B2E0F7C0AAC4E273D73F22AB61C45683C3995983BDF1EF83DD7A2,827,1170,RGB
3833,page-3833.png,290749,DF809045A52B96483A46AFF10308C74A7E34DF6A1044ADA32721A6BA42E941C5,827,1170,RGB
3834,page-3834.png,325692,6E30F455AA755E472F38591BC3FA731C914A045B49B48C1A908711B47BEFF3D8,827,1170,RGB
3835,page-3835.png,289955,F70C76BE111E2B6EA6ED3D86C9F8D7C03F02C9656AF1944E1A7DC3B4831038AF,827,1170,RGB
3836,page-3836.png,311690,96E0490C6C9B0BAA0791159B992557F38735DA78C1B406B69BDFA565BB2C2D7A,827,1170,RGB
3837,page-3837.png,279114,5BC97003169101371A68CA2FE009C790A52D2283ACDFD0E02EA8FA6E5FC563E0,827,1170,RGB
3838,page-3838.png,313586,EEC677299E42B5149EA13E9B44500C9965502BDC3E2E3FAB24F0179CF48EF2B0,827,1170,RGB
3839,page-3839.png,324091,F8B8FFD09B3D1FC67A34EC43155A2088C036F9BB79B49E869DA1B775CD2DCE56,827,1170,RGB
3840,page-3840.png,299822,07E9A28D23ECDAEBE9E3D05E42CAAB04747668D5CF2CA88C143FC32F467D4A3E,827,1170,RGB
3841,page-3841.png,265274,4959F89FCC28FDB01A450782758A780F0BF5275D75E2370352A1788D236E56AB,827,1170,RGB
3842,page-3842.png,221478,8A55E7808EAD83039D2F49C826F3A6B1DC624BC0C8F9E0233C4CB9E191BAF25A,827,1170,RGB
3843,page-3843.png,324509,CEAB4DAA6712B6476955D21D95C7DF4AD57EC24366C3FD3E7AB87A777FBC7CEC,827,1170,RGB
3844,page-3844.png,258250,110D168CB7F6789932B872A775E1CFD1747466F6EB8DCAD16D4CEAE7CA798CA0,827,1170,RGB
3845,page-3845.png,232518,0DD9CEB2378A68BB721B93251BCC0DBA1935768B917BF0B7472B70CC48F65BF5,827,1170,RGB
3846,page-3846.png,197213,44D5B080A7BDAC924073EDAA025C32AF5745114EDC48ACE4EF27078A6495EB25,827,1170,RGB
3847,page-3847.png,231514,F9E1BB4224454CD704EFDEE9535882A6E36A1D498A7E78F7BBC366C6E142524C,827,1170,RGB
3848,page-3848.png,318190,0CB099B4B65396869A291AB136F4DF361D8C519A05F067111D0C14A4C60E0F54,827,1170,RGB
3849,page-3849.png,273759,51DDEB34F9D50871FA67B17524F3FBAAD2A4832DC43FFEEA669C0F7449470D55,827,1170,RGB
3850,page-3850.png,266163,1C04DB3450379BCB0D15D7881EA34FCA146F643DBC84B4592F4F536217990D52,827,1170,RGB
3851,page-3851.png,264906,D2C3E5189EE9679F451AAEA421A21E4272825A8077F093A1D7C2CD2737CCEDA0,827,1170,RGB
3852,page-3852.png,331720,2EC28DDBB765522A7DEAAB9B3A7DED2686DB5F7B573D084C1F610EE34D90CA9A,827,1170,RGB
3853,page-3853.png,283085,8B69F3599D30EE9BDBC8D96D9C19725041F5BD2AED89D355EB38B3A7C9DB7EC8,827,1170,RGB
3854,page-3854.png,198345,ED7DD4B06A54CA4B5C1EF9A04DF54AE3ACEC25D01027A5A56BC95B56C9A379F6,827,1170,RGB
3855,page-3855.png,271298,05624ADBD53770D5574A9164665835184058C442886A357CA883BD02A63F87D2,827,1170,RGB
3856,page-3856.png,260639,B0955147BC5ABF996E9551B8E59F45FB781E0878ADB766231F37D882810FFDEC,827,1170,RGB
3857,page-3857.png,251601,D21D0FD6E42E66423F07D3E3D420E300217C36349C355B1B8E0DFF587A4DFA5B,827,1170,RGB
3858,page-3858.png,278600,AA1F68B3D848E3AD583CEAC4114ECA53C30C59D5C5A7CF90B1E117779DB71396,827,1170,RGB
3859,page-3859.png,281901,A1D7564D0ED22E25AB3FFFA0496861743FBA22C03B75380C0566B17455FD1054,827,1170,RGB
3860,page-3860.png,218309,9D678EF5A4A29C4338286ACDB9AB7DC5D754F8A2504341F4B30AC733E5B19F0D,827,1170,RGB
3861,page-3861.png,264765,532BB0B9616651177166D525DC1D6C594C95E8CCD676784EBEEAC079E2FA2DE0,827,1170,RGB
3862,page-3862.png,280137,AB89761994E7A8B389A7CFA2F65878B150A4D18B272D91F4D04577AAE1CB52CA,827,1170,RGB
3863,page-3863.png,303203,322FDB7FDF23739973F67682147A0B6DBF3CB3CF932C0E4F49902023432DAA6E,827,1170,RGB
3864,page-3864.png,313814,8E0D056E45A3682B9973DE88A92A7CF1BEE3B17BC04A670ED1E7CEFB319AABBC,827,1170,RGB
3865,page-3865.png,265280,D6916B074C0B72B80A57FB323B932B8E1500CB7CC4D469632968FBF1FC66D8DE,827,1170,RGB
3866,page-3866.png,347669,9687BFED927C8ED66374E5492377238535348C70023371A7CC082AFF2FADBA00,827,1170,RGB
3867,page-3867.png,284099,7665E02DA675949F9CDDE68A908004827B84618A692AB00ABC2F3067ED473DCC,827,1170,RGB
3868,page-3868.png,302512,C1542BE0B82CC0C7F152444924EC2221F69CFDA53C729CAA5D9C9A8EB1BE640A,827,1170,RGB
3869,page-3869.png,338213,9730F7964302AF6EF7679A157832673B2259475DFE27A7E49A6F91B9A81873B3,827,1170,RGB
3870,page-3870.png,336612,2DAF4C9FB126B3AACCABBDDCF3B09FA727AA7D88B6F7A0979BFCCE84B1F69481,827,1170,RGB
3871,page-3871.png,300640,A5422268FD95D9E41DB80505ABDCCE3F6DE4361B7F45DEF6A740C577E58B270A,827,1170,RGB
3872,page-3872.png,251740,B62971C0BEB13BE48477485ED7EE0B128304A4BA3470F9794857CC3D3563D72B,827,1170,RGB
3873,page-3873.png,310076,382BC9B0920F27D074C04CFC033299588485E6ABDC57C43968B083F0F4C81D08,827,1170,RGB
3874,page-3874.png,255295,1879E82CC4565E500DF3685B778A8D83BDBC9306580FB67F5BBB002E45FCA8DD,827,1170,RGB
3875,page-3875.png,341590,6C08DC5159D30CCA0F8A8930614D2AF7FA3166ABD610FD730019D4E1490EAB75,827,1170,RGB
3876,page-3876.png,354215,E3E80CCCBEA03B40E43AF894F844BC7117592C49E39234AAB8B0FFF81E7878FF,827,1170,RGB
3877,page-3877.png,251202,C888AD6811B49DF12AFC42F280066D7098B79422D2F2677ACEB0378F7AD6CA53,827,1170,RGB
3878,page-3878.png,318959,C45BD20BB314C044836183C39E6CA0ABB59BACFAB247198D54994A66F6F3A0F4,827,1170,RGB
3879,page-3879.png,344055,6D484034D80C9F431051DA52F7EAC7B73819815358B5F84757B5EF53128A806C,827,1170,RGB
3880,page-3880.png,311366,0D352BDEE2B932A348899FAED57BA488D72184D0E2F08BE3750208569ACFD356,827,1170,RGB
3881,page-3881.png,331394,F048299FFC5AAD04C8373D45AD36A755BC5484C42480E8482EDD97514C95A63E,827,1170,RGB
3882,page-3882.png,289696,8D22822D387BA933FC8281BB91FA5F5E3407FB7007A2DF82744B91E9B8FFB1C8,827,1170,RGB
3883,page-3883.png,339256,2402E825F74C8521C73E316F0608485C24DE0B1FB978AEE94442CFC578A6C5DD,827,1170,RGB
3884,page-3884.png,235705,272171A99B1B39226744FD0C5301A612C58D78A742C724555E54414BADFD5A1B,827,1170,RGB
3885,page-3885.png,288270,11286AC9379FA5B460A0483D35A2E830AF04BF254BBCED5771A6AEFC791D4504,827,1170,RGB
3886,page-3886.png,265890,8EE903D8F1817F396E0336A5CFF5CADC0C347013BCC34C4311B7AA3D8AE643C1,827,1170,RGB
3887,page-3887.png,216244,21FBD22CC1328B9982546EFF97DBEB79FB5DB92D47DB8ACB9460613A7D5233EE,827,1170,RGB
3888,page-3888.png,263322,DD71AC8B066EB53A195BEADD7A65F59C342452A7D363AEC0FAC753B41DD8F3FA,827,1170,RGB
3889,page-3889.png,328704,8E35639EF39EAA624BA379DBCB84B9B4D414F0196D2C9CB066620D090F41DE5C,827,1170,RGB
3890,page-3890.png,315315,2985B229D2A745CFB90D25D6D1C27142C072F86C08E6A6DDFDE2F4902E0458C8,827,1170,RGB
3891,page-3891.png,265887,82C8C901BBB7911E517BEADFBC081DD555968E46C8AF0599D4B84778C39D7E54,827,1170,RGB
3892,page-3892.png,318106,03634589F32B5DA60485B7956E37294E9FACD0D7553193B62DE12BF45421363D,827,1170,RGB
3893,page-3893.png,247585,4E685C210A378751F35F1142ACCB86E54E2CA752FAA2BB938EC5BDE6EFEC6790,827,1170,RGB
3894,page-3894.png,346679,190D45350B55AAF3BE92EF4AAF0418A85D63E1801D37A93B7FE8E5498008D57A,827,1170,RGB
3895,page-3895.png,286803,B9B09327B1D75B9C9097B62BE3A42198BAE30F8EF455D2BE5896799868BB9D51,827,1170,RGB
3896,page-3896.png,344890,81FF8ABAF460DEC6486DF60691D15DB047C42F91205F9C5175276509BC0CBD01,827,1170,RGB
3897,page-3897.png,214824,87F9D7112FA32FB45469F392912AD1A6259D405969C0F7D3CB0AE18C50135D10,827,1170,RGB
3898,page-3898.png,225235,4DB54752259B17199B6CFC1C57B2E9B64C08B5725A6FE7313D45A140CFC0C7BF,827,1170,RGB
3899,page-3899.png,320129,B68349911F137A90A6C6CE7E9135E40F8A9A1A47F63087974A0EACAC12E1C1B0,827,1170,RGB
3900,page-3900.png,231589,8D15CE890760BF712506B80D0180D8DB305E2C621E39389B9596E60CCE74F21B,827,1170,RGB
3901,page-3901.png,360321,7A4376FA2937CB08BF6D3077C53ED69B4F4DAC0FBD85502D09EF20DB03EB422F,827,1170,RGB
3902,page-3902.png,277484,37E2BBE2BD7452B0BA40A165C60F6FCC705F49B578D4ABEE6416D8F86279AFBB,827,1170,RGB
3903,page-3903.png,246747,6E47642116799BD0B23FC1AC486721FA0543DFEF5657BDB4560785020F4ECC7A,827,1170,RGB
3904,page-3904.png,206574,D7CA574602137377DD41018A6844893EB1B690CF69374BF4B0E2E62BE6639BF1,827,1170,RGB
3905,page-3905.png,222938,FBF45791BCE3E2ACB99272968E293073070E8605DF49D435184972EDA03E6F9D,827,1170,RGB
3906,page-3906.png,294450,7B406CAE4C47150E66AA1EABA185C26F15543CAF759C70C07F04509EB7671626,827,1170,RGB
3907,page-3907.png,226896,D2763B84767E8E03B154FABA59CF521CAC9589E4803CDCB1E9A7335649B6E28F,827,1170,RGB
3908,page-3908.png,263718,3A9D3250B689775F0298C5795CF51536FCE257389E9B51194098B919FF47F2BE,827,1170,RGB
3909,page-3909.png,288462,D3C1774665ABACAD053CCCBFCEC66EEF9AC93956FB0C8C0AD9216A9FD7490283,827,1170,RGB
3910,page-3910.png,286594,6CE47F64D1A6D499AE601DF9EA1A97E434ABE699F5766ECF33F457E002ECB4E1,827,1170,RGB
3911,page-3911.png,244293,79A258A6B5333F4E82A5310E57D282F7B3BB609866A68C265789E407278A68E9,827,1170,RGB
3912,page-3912.png,263031,56CD0FFEBF0CCCD91658310CC5DAE67777936889147AC6F20392596B922112A4,827,1170,RGB
3913,page-3913.png,246342,199B4621A5CCA97A945C082D0B5CC4E9E933002AF62BB30CBBCC60022EB82C14,827,1170,RGB
3914,page-3914.png,234043,3C27F68A57AA08461D860544D4370574CF7319DAF7E5C713BF95562D9FED7DFF,827,1170,RGB
3915,page-3915.png,250898,1490C3E622B67E42D6EA5433A91FCFFE2C4B8CD2B160051BF9DAEB065AC9A985,827,1170,RGB
3916,page-3916.png,194815,91768ECB7572C2BEBA74F0C19AF71BEDD6021DC9DEA0024AC883982F3C815028,827,1170,RGB
3917,page-3917.png,277651,215A84C4CAEED51451508B63DCF2B730AABB0948FCE85CC56005CEB3070802EE,827,1170,RGB
3918,page-3918.png,224902,6A643569DC556AA2B9E2F765433228A4696AB1529584C92D61214B07AD5C7C58,827,1170,RGB
3919,page-3919.png,253180,8B4F8F6365ACA55415D77578FAA44F37D415B84306F144A9961D647D9EDF0C10,827,1170,RGB
3920,page-3920.png,201042,FB729A349354ABA13465E6B836D7A3A34539456FA8730E3B74576C50EB8DDE8F,827,1170,RGB
3921,page-3921.png,213518,FA94AEE689637752D84325DD6168BA2B582118C05ACF5512838D1F0C9BAC24C7,827,1170,RGB
3922,page-3922.png,267006,890D87C42B88D5739AA6D2C8170AF8D1225984EDF977BA91D4264DDF7037BE88,827,1170,RGB
3923,page-3923.png,275388,D35454DA757137B4A7D285EFB982050B757AC6F81068A26D2D3C7886F86D93FE,827,1170,RGB
3924,page-3924.png,301140,E81FDBA34457630B85E44307FE8F72B3C4517C7CA67E1A1FE67C578DDE66A4D2,827,1170,RGB
3925,page-3925.png,267439,45C9D8F8CA12A2DED0F5A7A898B19FF5D89A3773992CB873F5E5A672A7449F6C,827,1170,RGB
3926,page-3926.png,330511,6118788D010E632F1A03ED5210CA854C7CF478E19B3C2E1404A26E2DD3EF69CA,827,1170,RGB
3927,page-3927.png,334670,839BD5AE5554D8F53454127F5492002074D53EBCAC42A161B29481BDE5381BDF,827,1170,RGB
3928,page-3928.png,409209,976C95127EC022ED8754AF26114F739896A3B04EA8E808FA7872A01BADA25FBC,827,1170,RGB
3929,page-3929.png,294989,F20E6B464E62A307257C3A97776B86253A38225499C58814F3F762130466899D,827,1170,RGB
3930,page-3930.png,261488,9ED260D0C24B873663A62BA57FA005DFA4252A559391D66CAF7E61A665C353C2,827,1170,RGB
3931,page-3931.png,369885,7CCDDC5B34CD51F889F85014FEAE291886EB6C7376BEB519BC156978FF9C554E,827,1170,RGB
3932,page-3932.png,307546,8F07120620E7F05EEDD19EAC55909B7DD378A68D078C6BB019B04A8C021C0392,827,1170,RGB
3933,page-3933.png,263873,68A1BA6D3F8A8AD953209605FBDB24583ED5668AEA872B0C7539CA798BBB200A,827,1170,RGB
3934,page-3934.png,275345,32ED56D9A1AFF6FDD43246EC2ADC07A7436B3CCBC6E2FD2AAF44E839E7774A08,827,1170,RGB
3935,page-3935.png,307661,B06B9B76C4E2B8D218F8750F3BC71D45E7F675B66F1607C46978BF5C816DE3BB,827,1170,RGB
3936,page-3936.png,342414,62F5D9FF2F7E86257E78109A923977C7903AA2E62E0F304837033297618C3640,827,1170,RGB
3937,page-3937.png,248503,24223DF44DCA0A49A62964F62EFA6FA9D64B4F0DD30A8041A1DC870A2472E67E,827,1170,RGB
3938,page-3938.png,304251,4E4BCD48B35DDB6A9789EEFEA2A9A462702F43DA305F9E2FA54083623E8C73D8,827,1170,RGB
3939,page-3939.png,254886,BA2FD4C72C9ABDA8E0B9E9DE155D24F4C977D9E94A5D0F109CCB8980641F8FA4,827,1170,RGB
3940,page-3940.png,227777,C35422EC2B1C688D2A25853D2BA707E9512EC5DF2AB9FCFAB2F35C162EBE69D5,827,1170,RGB
3941,page-3941.png,291896,D435A129A83ED57CB0425E14213979B0B2C4819B521F362E6FB8CE54C3905B84,827,1170,RGB
3942,page-3942.png,278092,1BC4B83AF00628FFF220C29AFE3F98FDF3F42CFD60D64AECB42EE20B9585884D,827,1170,RGB
3943,page-3943.png,309553,9D149A0A0307F181168A6F3E80048014FAE5A2A5498832D90B6CB8C93DBCC6F6,827,1170,RGB
3944,page-3944.png,317019,55B5B2DEA40653D89BB38BBC1E5EAAA3588D487CC2F3D7BF430F6C51229B12CD,827,1170,RGB
3945,page-3945.png,266834,2F969B653587E32FF635560250C858AC24999E382B5F8804D6CDA5E577DC85BE,827,1170,RGB
3946,page-3946.png,323559,31EB1E93F97972D5C7196FBB04172D6A4C7DF283ADBBB9B3BECC35B8F944F7BD,827,1170,RGB
3947,page-3947.png,294213,336D38B2CAD56F5A1DA97700FF4421ED897D185247D8CF07FEAF333E1FFE13A3,827,1170,RGB
3948,page-3948.png,294456,BC9EBAF9A5CACC4D785ED5C8ED11504EA5756FB9916CCF004D67B51E2EC3DF83,827,1170,RGB
3949,page-3949.png,326679,FA451396FAA7954B384BD82C7B12022A030CE77CD4B52F9DA3D71D2618002B59,827,1170,RGB
3950,page-3950.png,333935,6C62CAE033724AB11A8B78C02FB1533BEF340785F9236BACC7423E5F7FA6F0A5,827,1170,RGB
3951,page-3951.png,330417,613ED67A70D7AB53B26880E41799102DE134E45D34AE9A2EB1E32AD532C171CC,827,1170,RGB
3952,page-3952.png,319724,6E53431FB5BDFFE52228BFB13773901299F971CD4E7F344100B44442862CF2D0,827,1170,RGB
3953,page-3953.png,318185,7D423A77398D89E6D37D1FF4E625BB78C8A098C9D7F546EFF9A6C98EC8C91956,827,1170,RGB
3954,page-3954.png,359687,4C50947F4332F65AB64B3B6F26DB947CC94078292592738625B65B0CCE56D651,827,1170,RGB
3955,page-3955.png,332265,922B2E932EF3AE362B329690941C0B4CB32B0B07170057AB201DA9F93EAD30E2,827,1170,RGB
3956,page-3956.png,394059,7FADC40B16811751E106ECD7421EFDCACC740A689914CBD9181249640B1A88E9,827,1170,RGB
3957,page-3957.png,321236,134166CA6B8A60FE563D3633B296F7009913644BBDC398D3F8C4739C822F87E1,827,1170,RGB
3958,page-3958.png,318846,4761732D7F23D3E7F8795C9952B8606FABDED09668D501E2950C1D8861D7C98C,827,1170,RGB
3959,page-3959.png,323059,A202637F120550B67A7514907559D151B2EEC996E88C4A1D7262C9A92F1DFCC5,827,1170,RGB
3960,page-3960.png,295787,3042DB2462DC1AA810D925EF16530099CF26F29FDB15D412422F9B39B274E0D3,827,1170,RGB
3961,page-3961.png,344079,0EBCF4C43740CC2DE50923E7D6D19F8D36EA10B24D997CE317FD86428D3E23FE,827,1170,RGB
3962,page-3962.png,302648,8A105A6583F3CE22C39649C05C19C2E89AA4A15822722630C17C8455B35BDA83,827,1170,RGB
3963,page-3963.png,335671,1BE66B3D32B7CFA1B07CA078C09EC8B03819B137F3AE2E852CD0A75CAD0AD1BC,827,1170,RGB
3964,page-3964.png,299554,20C81522A25849CABCF7A5D4586B8FD14B4DA29BD301C1C7CD7B017FBE89CBC0,827,1170,RGB
3965,page-3965.png,267857,36762ECF0692C9D318D80060E961D016607775772F8128C2BCC9854881F189EC,827,1170,RGB
3966,page-3966.png,266432,416A4341ED4727AFC96F3395B86111D3A491493C0D84CD774D17365FC746B0ED,827,1170,RGB
3967,page-3967.png,203231,DFF47CDD77E9D32DF8D75770FED39BAEFADC66E2296AFB1D6FFB7562E8BA8F39,827,1170,RGB
3968,page-3968.png,302488,8AAD91607B1769878E7A723A1B0BC840BFE348894A1AB2D360A5587ABF9CD3C8,827,1170,RGB
3969,page-3969.png,336123,8AC52058D5972AF2BC518CDD6964529AD65C9271437149242F8B9FDDA9D446F4,827,1170,RGB
3970,page-3970.png,243761,1A63B97799B1120B16792B7D64D966E78120E4D484CD999BB62C25DECE7ED7E8,827,1170,RGB
3971,page-3971.png,257730,38B2BD825C688D7EC823C55A5022CA68079B73672AFF2DE5E387E4048EB49C7F,827,1170,RGB
3972,page-3972.png,300132,12D9034293E6AAE76E4975AA904678DBDF6E6CBF098D03EC0C4427AECDE15568,827,1170,RGB
3973,page-3973.png,250415,38AA93DC17A88AA90C1601634753C9E039C002C82D9F244350BB580BCD6DC6AF,827,1170,RGB
3974,page-3974.png,357738,4D8E86BB931DFE1C07A45291E69D24B7BA90BFC4BD2E429882F0E9281C48F3C1,827,1170,RGB
3975,page-3975.png,337766,8F24EF8A98F6066DD6808F9AAD28577AA2292B731001F1DA72458FDA4DDFA074,827,1170,RGB
3976,page-3976.png,337935,83D3030B611DD6221ACA5ED0BAD4E485AFF32AE1FAECA662C348C8487246CB1A,827,1170,RGB
3977,page-3977.png,329034,4C42B0665DDB123AAF06C713D8897364B94BF89D8937C5ABDBA25590A947C76B,827,1170,RGB
3978,page-3978.png,256748,D22747739C746FAEF48E56030C39588E12D81F84A6597E2EAABB5DEA0048F7B5,827,1170,RGB
3979,page-3979.png,304365,72CB36A6BD097965A066EDFB03DB1C1D5EF582A8A08F410682B0119A47D58992,827,1170,RGB
3980,page-3980.png,381430,547EAA0DD14C23339ECDFB78672A63D3D90A3C2A4B057DD3EB66365985035AD0,827,1170,RGB
3981,page-3981.png,355364,BBDFBC445C5AB6490B0477D541343A44FB998F0AE71EFF8D7A63BB101A4F234D,827,1170,RGB
3982,page-3982.png,329492,525A2CC5B0CBDAA347293B68CCEA6B0E5E45CAEE6519390D264C4F6B8623980D,827,1170,RGB
3983,page-3983.png,297160,EC90DE7FFE51C3371F0A837EC8ADDA1FC6423FDAFE13138E40E151A4E7976CEF,827,1170,RGB
3984,page-3984.png,292691,F1876C9D023E9F526F503E9785D0FBCD5C356111CF8BF67C973011F8FC575CD9,827,1170,RGB
3985,page-3985.png,299298,42A7CD7655C6C99189E4F7C23308F8DD6DEFD588BDB304BAAD327CD137278ABD,827,1170,RGB
3986,page-3986.png,319573,91BE297886F630B9D2E47C888C3CF226292B1C3CA4FCF5DFEBAD969610128601,827,1170,RGB
3987,page-3987.png,256712,535A0417A7EEA3B057DE2768C2307552DF900B30657771E8EF00F36ADFA0A2A9,827,1170,RGB
3988,page-3988.png,255522,D6967BED4DC6A1CA82D9D879D29A9F08A739025773B2AA8357D1E7A79E784C34,827,1170,RGB
3989,page-3989.png,261423,E6CC49818561F0D05AD41BBBEEC34DDB59E377684EB99C25D9D20EAA715379A9,827,1170,RGB
3990,page-3990.png,218193,703BE48EE68CED7ABA67A570D1053AD7594CABA9AB3CBE51A87AF3294469D1FF,827,1170,RGB
3991,page-3991.png,350924,811F3DC90A09BDBF233F8331D0068820EA727C3D92E96755F03C323E083E4821,827,1170,RGB
3992,page-3992.png,307787,44D083841166E9908A3ACA08AAF664B382209A7017D49E8CB327D29CC4640947,827,1170,RGB
3993,page-3993.png,243690,A177ACCF5BF9F8995AD7FFCB2208F2A334FC8CDBFE91B5B39E32B5C5800A2CF4,827,1170,RGB
3994,page-3994.png,353851,9237E749BE6493111939A6031E62B9888CF7E703675259B331E68710A30F3651,827,1170,RGB
3995,page-3995.png,236448,27D91BA1037229335F78FF6D541F5F8F9CCCAA74E3CDFE83E167EF2225146C05,827,1170,RGB
3996,page-3996.png,269592,0425AC4C863C6C3C1620476B45C2292F9E018DB53A038295E347D89AC0D8FDEA,827,1170,RGB
3997,page-3997.png,384505,BD3586B5FA01A3ED16E745074EF901C56951ADE2CB26389A85788ED04FC83113,827,1170,RGB
3998,page-3998.png,362167,9DDE0725DB6D98DA51E496422C928F6EFEE23C204E47818ADFDE82FF5F179D68,827,1170,RGB
3999,page-3999.png,297772,70110DDB4BD958F46A12D5070FA90F0CD3F2D2447F401E83DED3286E61411970,827,1170,RGB
4000,page-4000.png,263569,898C70C56E6B62F28C6F2F7FB2DC8F474718EA140DB1E97B8CD16E78B1E9FC2F,827,1170,RGB
4001,page-4001.png,256312,ADB4EB5806227267B2B2CEBE9A26B919779E9206EA4F88DEBDEC5CDDBB784264,827,1170,RGB
4002,page-4002.png,330335,F28757D3C997B756917EAD6A228C9D497F72EE78923EB62F5A6711717A3037D7,827,1170,RGB
4003,page-4003.png,255807,D5C1DAC7B7CD75A29CFCD9B0B553D4946984DC49426B357A1962EA627FF31E4C,827,1170,RGB
4004,page-4004.png,323414,4CD7D9A4847C375CE9E8615A09CB33E8ABC4BC48888A8BD79C285E031CD9CBA9,827,1170,RGB
4005,page-4005.png,253089,7370738AD311FFBC23C7E9EC21596DB03EC605C27FF8FD7F4527311A5D8B6633,827,1170,RGB
4006,page-4006.png,322049,EE61D18BA7C060E89D4F9D98CD5F932EF776805D8D5F070ADE4148DC064076CB,827,1170,RGB
4007,page-4007.png,375123,9ACDD2507E5485EE23B1D09DF089E3B8BF88DACF37B68BF4329A17606BB1E4A5,827,1170,RGB
4008,page-4008.png,247946,03C41A22B99D5529771622049CE33AE75D40D4ACA7FA111ECCC8A26B1C392F4B,827,1170,RGB
4009,page-4009.png,221793,F9E51230E6F7107204005C705E235411FD73896ED8C77DAF95BC3CB909EF8C77,827,1170,RGB
4010,page-4010.png,312427,111F53737056F118D631054EDFD98DA7D31DFC4E4A88E01BF0BD594CC31ADB7F,827,1170,RGB
4011,page-4011.png,325941,D57DE7179C36ADE42E79AF11A6E37B622674BEE6C108071E6D963C41A0FD20CE,827,1170,RGB
4012,page-4012.png,317015,490526C4B6C56D38F60CBCA76065435A7C0E0CBE04EA869DA43CF118D6C3550C,827,1170,RGB
4013,page-4013.png,224152,58B44723B7FADD061F32A2050A5D0EC50B1F3F26B4FBB8645604EB25A323F9C6,827,1170,RGB
4014,page-4014.png,168352,67041CAC8A0600DB694C12E0DB0C0DE1338BE55EA734317D9167053FCE957C98,827,1170,RGB
4015,page-4015.png,238351,EA164C3E65E136F1030D4196024FA49E7C1A080D75E0CF2DCDA3A65A920F34E3,827,1170,RGB
4016,page-4016.png,343579,FA071021B6CC659326ACE7E984E0E428ACF87BD76576DF3A62D9B330906854A5,827,1170,RGB
4017,page-4017.png,120073,AB1B9F7F6492BD3373676EC25325586FFD8D919A9AEE6FCEADC728A81225FE11,827,1170,RGB
4018,page-4018.png,269015,B9D402565C5EF18F7951CB46A419C423BF0A126DB8057BAEE775B272FB55B1D6,827,1170,RGB
4019,page-4019.png,217567,514A3543C584022F6C24C56B326F9B0596F7AEF8347607385FB37C95CAC769F0,827,1170,RGB
4020,page-4020.png,202754,F704181213E4416E97DCC47FD94C2C17A10493FBA41F33A4DCA937DD7F0BB3CA,827,1170,RGB
4021,page-4021.png,297445,9EEC257022035344D937B24EDF9DA8BE082EBF15C3D6E0F5A3C2247F75EE6C30,827,1170,RGB
4022,page-4022.png,306203,D8E0051F926572FFB9B5AE903B6687A744E8DFA0FA7B1A925A4CE46D11C17E4B,827,1170,RGB
4023,page-4023.png,301157,911418A893F22A0CDA0AEE06812F817C793EAB9C073E76D086E4880A5F6D2829,827,1170,RGB
4024,page-4024.png,300933,F0AE32F440E2B9A51ACB484043EE95296297D5FF8240C3A9D23234524EA4B60A,827,1170,RGB
4025,page-4025.png,356629,C298EB536488C54274D9913FE83BF76635FD5192621DFD69A70910DA7C5661C0,827,1170,RGB
4026,page-4026.png,339904,1EEF79E05F7407019A3EF0F036C909B8293652872D6206ABFC7C1D2BEB5004CB,827,1170,RGB
4027,page-4027.png,320883,07FB010759F521334B18729DABB38696BEC6D6AAB4FA1DCFC23B9F803E97D165,827,1170,RGB
4028,page-4028.png,352689,7B50800AF18B0C7101BEF7A22F49D11D5971F476B211271726DFD0F8C09BCF11,827,1170,RGB
4029,page-4029.png,241553,71B90359391DC720067FFF0735FE893309FF9F55C82DFCFA9E5A6EC801271F23,827,1170,RGB
4030,page-4030.png,170166,02E8781A4BAB7F1396B27C1C46355FCF013D5C79C2A00A78DB7385DEB0AD762C,827,1170,RGB
4031,page-4031.png,286668,7A00E603677BF4054C26E62BF8F27B6E511EAE7029D6964B00986E5CA70497AB,827,1170,RGB
4032,page-4032.png,226401,DD71B4B4DA55E9D4E2773C16B3387C8377B3BD1C6CFDB38E1D3D8B8DBFBA1600,827,1170,RGB
4033,page-4033.png,301979,A9B1386ABBB58B897111CD2C0CD01061102E21CC166DE7CB4FD519950B871855,827,1170,RGB
4034,page-4034.png,341615,01831D92C4E488A21FB7C2BB2C4DCA9D7EDC2240FF0D82DFDB552EAB9DF7D3E4,827,1170,RGB
4035,page-4035.png,268059,917B53340B5E7D6ABA71C45027DFDF731B92967289A9308C6A9862DB65FADCB1,827,1170,RGB
4036,page-4036.png,346800,25E2948CFB8CA863BCFF9D177CCD53A83D5F9DD92ED8879D3D17ABF60EF371B2,827,1170,RGB
4037,page-4037.png,338245,3A99D6C6EB498DD88DF35028CACB96A8E5A73B09C9708B8BF7C8E9A4A348644B,827,1170,RGB
4038,page-4038.png,261411,B4ED0B52393299D0268865FB27308D91D7A5C765B09C2C2F4350D672D649F605,827,1170,RGB
4039,page-4039.png,348439,EC14DF372EAA862C762BED463BA207F1E7200AA51B2786DDD29551B2918E4EC4,827,1170,RGB
4040,page-4040.png,326430,C47E58709E9656F08429FC7F7452E25536AEC04FFE1A4A5E857E31745050BDE6,827,1170,RGB
4041,page-4041.png,320546,8AF53BFA464673A898FD02114D111E35A9936E65529CF4C726ED108CF73AEDEF,827,1170,RGB
4042,page-4042.png,364456,C30D9C1C14FABD36CEDEBA00D2D85A46A7E4D2C203962DC5D9E81D67F422A623,827,1170,RGB
4043,page-4043.png,315025,B2DBF4612FDD0F0A32FD78E3684A8C32CFCF186CF782CF4A0081A360DD012672,827,1170,RGB
4044,page-4044.png,326987,1A4937AEA240110C9C9DFD676C92AFA1209FBC01D76086C2AE1410D5D1CB9651,827,1170,RGB
4045,page-4045.png,337949,81FBE068CA7E052B5AD236C36441760D610845EC76FA581FD3AB98E5BD0BC76F,827,1170,RGB
4046,page-4046.png,325466,9F0244B72A69E8F8A3002DC1AB5C2B04B7673ED383C7551E639680D0983E6C1C,827,1170,RGB
4047,page-4047.png,308663,FCB14683431BDFDB0723F5A6A9996319750E21548141152D468D5BCB26D5353E,827,1170,RGB
4048,page-4048.png,322362,DAC6FFB67F5AD7EABCDCA8EC4B78AD30EDC83A8118007778F0B48EF468BC7F4F,827,1170,RGB
4049,page-4049.png,297549,BCA039982F1D99B0E7DF94A10C2782637D5566F807D9C7CDFE7AAB0E586DE447,827,1170,RGB
4050,page-4050.png,295463,90BC9275AB7FC2018A8F9E15D2BFF4642777DCD4C12EB57EFED88087D4450A10,827,1170,RGB
4051,page-4051.png,224894,A5BCCF7DDBA712D809DDB5B2E37F42B394C68195CD9A35D38BE28F8FB85B7791,827,1170,RGB
4052,page-4052.png,275271,BBE2C069B05D1949C40906EC439C7283AE1012AADD65D1473F3BE1A2BAC0630B,827,1170,RGB
4053,page-4053.png,314201,6BF8B3256EAEE96881ECA45C884F8464DF2A47B05782E4EB24A5F3EF207371BD,827,1170,RGB
4054,page-4054.png,290458,48FC6CD3826B58EEB0F9CF9302E5AE21520EA76C8162E3CA0DB117BDADC5D659,827,1170,RGB
4055,page-4055.png,259537,7BFBF89CDC0C07511471EDD83A7A45F2B1ADD8D09F353389259E99D20C2761EE,827,1170,RGB
4056,page-4056.png,296575,B03262F8E9CEE8973BD56C1E855A72D513EC3483073B976006BB20F87F3E2CE1,827,1170,RGB
4057,page-4057.png,219281,22A7C6AE3D836AF14FE5A954B68C7FDA8C34427A294268EE53892F5EF23D15CE,827,1170,RGB
4058,page-4058.png,298241,FEE9F16336EA3C842E44F91826344A375714F8417EC82D30E200B7A0EC427BBF,827,1170,RGB
4059,page-4059.png,131221,88E8A5109692A357483CE1E3A7A6E56BDE6039DE74D26D8BF1D3F453647C1222,827,1170,RGB
4060,page-4060.png,299631,12AEA42B97A64F4524CDF02F04591996771681A9AC9E6072429F87CFCD286803,827,1170,RGB
4061,page-4061.png,339785,0EEE1F707500478DE2C08859F3CD819149A36CD16E3668A4D9F6EE4BC7F97A61,827,1170,RGB
4062,page-4062.png,306951,1ED2744C561FE80C28DDD6FEB5C384CD22CD8C3E35475A26FD0B518A6BDC917F,827,1170,RGB
4063,page-4063.png,307861,992EF09A7A6C79B4BE1F7D4AB232BB79693A066307B44C3EE5A61AB273E9FA40,827,1170,RGB
4064,page-4064.png,293252,EE5CBB266038B7B0323A558D314639BD541BDEA68D493490BAFB90E6DEA1EABA,827,1170,RGB
4065,page-4065.png,344091,0F2C793E2A96300F106D2B6BAA169043B2DF357D5BA32143CB126E00A4CBAE77,827,1170,RGB
4066,page-4066.png,335571,C7A3045D98FAE41E782E37FEDDF63D93596ACD2B73122922BBB72031188D742F,827,1170,RGB
4067,page-4067.png,283794,2DCFBC99233577E5C38FA64EC092046D29766968FD4BF8E47B535DA77D008AA8,827,1170,RGB
4068,page-4068.png,321923,49BFA430ACDE2E841BAF95902DB06B35F0F25BF6F5FD08B0F1D1AA1C405BEDCA,827,1170,RGB
4069,page-4069.png,253722,D1D7BEA4A2B112F113A200630DEFA9A17ECA751AF0DCDDE24E2756D9AF57C98F,827,1170,RGB
4070,page-4070.png,307465,D154E733338E76973BC85C3B8D6D89CB843B28406AA9D54B6E9A5177AB0D8AF2,827,1170,RGB
4071,page-4071.png,370149,350A7330B4A045D995D12342AAA93A215A9D57C9B33CBBB4FCBCACE1FEEA9ADD,827,1170,RGB
4072,page-4072.png,275147,9B28F2CDE260E28947319BA087331B0EEBB43C95CDFF23876D882C86B91F790B,827,1170,RGB
4073,page-4073.png,288659,AA70C33B347CF39DEA4E5D2868FC2B0AA9F388A1C4628B4892DF8F964330E4D3,827,1170,RGB
4074,page-4074.png,291528,EF7EDE5ED49B5EFB29566D274A2FCB0BB5C27D338B3500F66A847F4FAC3535A3,827,1170,RGB
4075,page-4075.png,295241,01AF49F031ADE376D9A7F8A9D57387D18C74E1268F349E83EEF3AEEC7791C42F,827,1170,RGB
4076,page-4076.png,297214,DBE06A596EE09C958D5E2BE472C63F6DCB769D3C72E3D852E6F8F890CCF2EE8A,827,1170,RGB
4077,page-4077.png,269076,93EB42456C2A8FEF3FC6F9FE870D0D6262B23B268E99DB07061127CCA19389D1,827,1170,RGB
4078,page-4078.png,249200,3E96FADEF11E41B38FE17E79170DE88759D2C6AFF4882E4FAE4050959E6D48A2,827,1170,RGB
4079,page-4079.png,223443,DCD22914F132F164430BC86942008D09B5385AC52C1CC261A9A38D13142632A4,827,1170,RGB
4080,page-4080.png,338201,2D830FD658A2D9335EB450B32A00620BF003CD3B6FE19B8E4FD7DE18CBB1B20E,827,1170,RGB
4081,page-4081.png,286801,F15A3A88C72D58C34286901CA3D3557EBC9F156F4E61F7AA3C862DD32B673C16,827,1170,RGB
4082,page-4082.png,343670,5E22107AAD25F88A5E81F49ADC65A8EE4BE962B0BC8BFD771894E3B2DF8D091F,827,1170,RGB
4083,page-4083.png,325822,4E214160F2721C8AA3434A9B8336ACA4172700B2D93F5F8C9D7BB25215582E7E,827,1170,RGB
4084,page-4084.png,291474,C85237A3560EBDC6010F365323738F99656C4E02E63FE90F0118EC67C176F1EE,827,1170,RGB
4085,page-4085.png,303698,A874AF3E787802FBACB6CEDA81F33C2DF03F41F2148C1F7FBC41BDA576C2E872,827,1170,RGB
4086,page-4086.png,376227,39800FE9E9EF54722B0485272E685B55A4062EDF22BB06150B6DDAA59A317C66,827,1170,RGB
4087,page-4087.png,278996,D718E550487880FAB8C59E743312CE2935E188682EE6FFE60CFAABE1EA27B822,827,1170,RGB
4088,page-4088.png,340801,CBD5CF5E5C359A0A1AE3536582988DC5E1C6B514425AF7A29AD003468C387F31,827,1170,RGB
4089,page-4089.png,381146,F08811B895AF6779F14A0D798FDCCA34951CF256C5F5011203D0ADFDE7724A68,827,1170,RGB
4090,page-4090.png,242104,0B8B4A09B13D708772E70D173204BEA11A018C61D06DA06444EF467389F43E85,827,1170,RGB
4091,page-4091.png,364840,09D7829B17E9BC764D0B7F037F266910F0045A8F3CC92678F616390A897930AF,827,1170,RGB
4092,page-4092.png,328723,8CCF7E27038A49935D8D91382B3BFD150FE8F8097817811D79C85739D576B697,827,1170,RGB
4093,page-4093.png,327414,3F7F8F06529487D6B56E69E30771D1484B46BD8B1A46A4C64021CD9F63B215D3,827,1170,RGB
4094,page-4094.png,354871,7E5C1C71A6ADDD463D67416E73AFC78923018B98BB957223C8993726B2FC02A7,827,1170,RGB
4095,page-4095.png,245641,C46C41ADF7D5299F30FDB6260897AFE40E62EDB58D53F71A421BFB069C97395E,827,1170,RGB
4096,page-4096.png,306059,17D26B5BDCB2ADE858A75C9D6483D0877D59DEC81793E42E79235DDBDF477279,827,1170,RGB
4097,page-4097.png,294472,B73364F4F67D6BEBC90D275BB13A2D1D1C2D640092EEE0FF1C60868A3F57FA5B,827,1170,RGB
4098,page-4098.png,332586,7E129AAE526B4BA12757EFD11BE147DF796A657577DEE3EBF7F274F24971DC7F,827,1170,RGB
4099,page-4099.png,365559,BD76D09B7383C04C3B02661B8D70BBE24D4C9FF8A6E1AE1F536D468E54E80E15,827,1170,RGB
4100,page-4100.png,360935,E2FAAD99275E9A315DA3E2FCF47B7C5E58BB5D75C6F939F7F27B31DFAB685D97,827,1170,RGB
4101,page-4101.png,358975,1895A6E9193AA9D86C9EB323DC0286F0456473ADC971EBDA51B88E509B80D2C4,827,1170,RGB
4102,page-4102.png,366708,B45F312A96B730A2C15B7C4DC374E003BC01DA012BD07CC4D713CDFA7F59C4C1,827,1170,RGB
4103,page-4103.png,343037,13211B4F75B3695E8D1467E17045F297F4EA45D5AE029E79776E3ABAEAA968B1,827,1170,RGB
4104,page-4104.png,262761,7FD74AEA3E6CA1D33754D7B10D6A3B36F847757908638979A75B47ED24EC3A41,827,1170,RGB
4105,page-4105.png,296571,8BE04EE5BD03947B9B4118EFB4689AB225F06148F2149798F97E6300577245F7,827,1170,RGB
4106,page-4106.png,337343,278E8EB1D98BF00585235B69E25054BE63B5A318632F4F802E6B1A2D6AA7301F,827,1170,RGB
4107,page-4107.png,305135,2EC54AD17E98C39326167C587CF0471A372BF89E4CC04C7C1E3C665C6D4A5745,827,1170,RGB
4108,page-4108.png,343143,68F62D08B7324ECC6303D8D0C36E5C827281F14E07E634C4C4A2580A9219C3F8,827,1170,RGB
4109,page-4109.png,265657,16862510F9AA4E39631C171A8CC07902E5936F71CADFE9DBB4B4208464FCEDC4,827,1170,RGB
4110,page-4110.png,236562,ADD07EEFABADF81FB6F3F415A544346182D841FD84D66190A449260868BE2A66,827,1170,RGB
4111,page-4111.png,322904,34282992205670E705F1A8DDA919D1115CA36E1CCE7273E2B0C5D733256661EE,827,1170,RGB
4112,page-4112.png,255052,D0EFE4121566C88363947200E7C311C268AB188B2E2002597FADDA4FCB6191BE,827,1170,RGB
4113,page-4113.png,200201,34D062E62A2F0F4E1844DFB950A22164E11402AAF4CD92803244797C2D54BAD0,827,1170,RGB
4114,page-4114.png,290517,EBDD375A1D40733391ED898799694E1B3E637E23D61FC3B907FFF92BD0BF3E4F,827,1170,RGB
4115,page-4115.png,275956,CAB5C19053E4E4C57702D939CF8A6D05EEFEFAC0469F5EB5532EBB740B0DAE60,827,1170,RGB
4116,page-4116.png,295377,55AF950DA5C79BAC8769D15BFAD15C9FC224008A562DF0D42D2B0CD44ACE9B6D,827,1170,RGB
4117,page-4117.png,230492,2BB09580BE95C3A75CDD079D9C4137BC960E9DAD12F57F00AB325FC32AC587E8,827,1170,RGB
4118,page-4118.png,288217,148A09C25C0E66D9921482FB6FF95A07752A9C253E7C773CF9767703178760CE,827,1170,RGB
4119,page-4119.png,238675,B54EC0865876863C44732BCD9BD44262E5AEAEED52F29123A8AE495BD0407BEE,827,1170,RGB
4120,page-4120.png,257356,4176F3FB02FEA62D0EE578E968091597E20CB658D4BB7850F7F039BABF30EEAA,827,1170,RGB
4121,page-4121.png,344708,5946505852902F2218EDD1DD8E4C3D87B117B9112C3B6B50AAD33AF48A8757F0,827,1170,RGB
4122,page-4122.png,303238,1CC1D93EDE1C3F18E48AC9BEF9FFCEF9C0B9BD20893ECCAA2A9DF246817BC5AB,827,1170,RGB
4123,page-4123.png,358902,5F655D2EB042C8B6CD513633D9F7271065847BD474C67BD949AAC86DB0F96CA3,827,1170,RGB
4124,page-4124.png,98434,F267AB13CC998905DEA4E6EA66E07A6DBD990ADB33A25DDD7301F92EA285732B,827,1170,RGB
4125,page-4125.png,211544,E7D7614406F99EE324319F71946C834AD1AC821E52BBF3BD9DD75BF2DF34FE89,827,1170,RGB
4126,page-4126.png,359750,AFA14C4D9E79A136B112F409CAEBC55F417716368FE21BDFACEC980A0490BD9F,827,1170,RGB
4127,page-4127.png,323544,8485907CA4030701690709F5122AC791535E3AE9B582FFA3C8711AF5384E186F,827,1170,RGB
4128,page-4128.png,352229,5B51681157E3F489AB769F80FF446FD8A9DA98BE8C6054F196AA2FDA4908244F,827,1170,RGB
4129,page-4129.png,357824,94CFFAC4E71D58DB9C8CFDCBA1B7031AAA4DD1DA91F20EEEFA1B35CE3B3DA3C6,827,1170,RGB
4130,page-4130.png,230744,7CDF36A2CEF0377E687D9D5A7C911743843D75B1242C7000C6F8699E1AE5B71C,827,1170,RGB
4131,page-4131.png,315897,009DFD6C4A83B10B0C0391B0DF9B280612BA158DA7D1F784AF6ED6E1A4AE52F7,827,1170,RGB
4132,page-4132.png,367605,8A6BE2EA114E1ECA30F1F90867D87B58FAC1CC489BA67381A26F35BFAA993F02,827,1170,RGB
4133,page-4133.png,264338,0ABADC093A5B85D39FF331AC55846FBF3F4E5B4C60B81E256BE1FC29FC4C854E,827,1170,RGB
4134,page-4134.png,281000,991963811EABE21C05A8F3FA5C5A70AB6AE7AC2924444A67A61FE123494AFA69,827,1170,RGB
4135,page-4135.png,338071,9047E2D4315685D42545BB4DC756499F3BF448C4613C2D63AA69FBDCFED08C31,827,1170,RGB
4136,page-4136.png,268894,D0A50988E31D8D0CD5093133B481266579881D8059F07D11072D931356D996C8,827,1170,RGB
4137,page-4137.png,331278,087485F053710C79732F2B2FD1AAE48A75D83594B7E7CF927D87978C28870430,827,1170,RGB
4138,page-4138.png,355782,21C6A101D592128BB7446E743EBDEF56BAC1B1E9FA7005F5DF22F66481B55C09,827,1170,RGB
4139,page-4139.png,315516,7A070C34CBA2714420410245FB0346BDD94F7F898D47324522A1315A172CB80E,827,1170,RGB
4140,page-4140.png,373217,544913798FEC399FFEBA2669311A452C5A5D8E27C956C5E42781E81686701A29,827,1170,RGB
4141,page-4141.png,320677,0764F8ACA9F236902CBFF4F35F9D7753002E166FF0053ADE71BFB187414FC8C3,827,1170,RGB
4142,page-4142.png,267768,FBC2937F95678F740D2CEE9DCF033167D1AC10F31A17569D3A2443F5ADC67016,827,1170,RGB
4143,page-4143.png,309657,49F022C799AE66D7DB611CB955C41483D7760330676A3A694F199EC1B85455F5,827,1170,RGB
4144,page-4144.png,267334,C108105347524C73B6C3FEF87602B65270423B7BB56B1655BF054F67E9F1219B,827,1170,RGB
4145,page-4145.png,249623,CD3ABDDC7BD940CE47A739D3B5DAD624E2A7386427CE4CF9751FA4B82491F98C,827,1170,RGB
4146,page-4146.png,253943,6E755A2585E74CA72A9B125C52306664BEEFF50469E6988E3B000108999D05A9,827,1170,RGB
4147,page-4147.png,321783,67D96AEDB260594AB755B6F3FD350796727599C9F5FD723BB65C7309B405AD5F,827,1170,RGB
4148,page-4148.png,223818,067E5EC7670A81EE7448E0B672320243EB36BFA27E4BC6DF8A7219E59BAB2423,827,1170,RGB
4149,page-4149.png,197125,311039800E625D542D9D0C30EFBA1BA481F5F42623278B309067DC0871726CCA,827,1170,RGB
4150,page-4150.png,239821,226A938BB5686BE72B70AFA9DB139BA72F9592F8771722BDFEC53D3217E5E057,827,1170,RGB
4151,page-4151.png,269150,0C8F4D10F1014491F5F6365BC144FACAD4CBFEFAD3651E4E3C0CF21F2F9E412E,827,1170,RGB
4152,page-4152.png,31230,1272E57A391F9ECFEB38DF653122A3F9EEE236EB2F6960EDBE548323B39E8723,827,1170,RGB
4153,page-4153.png,255980,8321F7E19541C03BF6C0BFEEE1FD61F4142F98CECCE6ADDB9A958F23F44D0E27,827,1170,RGB
4154,page-4154.png,324050,2C6BC86D6A897F95B31D6EEB4811F87FC8C2BA19094C760456AC53D2FE5860BA,827,1170,RGB
4155,page-4155.png,319738,1F07534654DE90D4270BC16BA73A51ADD97DBFD955D8235B3F4DB5810A26A166,827,1170,RGB
4156,page-4156.png,247275,88D519CD50A2A803693A3B6C030174A94D163C78893D21480A49F4C727D5A3C6,827,1170,RGB
4157,page-4157.png,295146,AFDBCFEEC2ADBE5D3EF37B1CEF273D49371DC839A6C6DF7046AF370FE315C242,827,1170,RGB
4158,page-4158.png,267545,5845CD0DBD08EDC71E191C6F7A7B44763EC30A7E4BE5B6AD31EA0C4A354EE83F,827,1170,RGB
4159,page-4159.png,322743,5B1ED0B9154FFD79914691B429DDF1EF8462BA04A22391A3BFE70B27ECE69A4A,827,1170,RGB
4160,page-4160.png,320687,11C20DEC7495E8F2DE0B7E29B66CB29670889279BEB10F6E6190A330167E3C80,827,1170,RGB
4161,page-4161.png,348813,5B6DD849C9ACCE5EEEC9708A446037512B7AAE832C40A20FE626E860B2BBBAE5,827,1170,RGB
4162,page-4162.png,266943,D8A55382709FF43226A8B94702E130AE9EE0F42A79FE77B6B61DD59132A0CB96,827,1170,RGB
4163,page-4163.png,285853,2D855301C837740463294652DEEDC4A01D8371E5B7040BEC9867C95901D6BC8B,827,1170,RGB
4164,page-4164.png,246467,AA1097BCD66597D1105DA12689970BFFA9EBDD4346AB30DDEEF672719924DE90,827,1170,RGB
4165,page-4165.png,256682,AB2BAC7FF37881FA32DDCA390F0639F68E269A47B1AD84E3BF7CCC7AD6156AC1,827,1170,RGB
4166,page-4166.png,266213,0A3425DB9359101D3442835767B4B86838900BF759607CBF6FAD09D906AB6110,827,1170,RGB
4167,page-4167.png,306324,4B1F1B9FF5296968EACE8A798151191A1A781FF5B72151E1C5B2B41A39744E41,827,1170,RGB
4168,page-4168.png,244878,16BAFDB05A3FDEB316E819CAEECEAC24C69357F46CEB417A517BE4120A9F0236,827,1170,RGB
4169,page-4169.png,283524,2F2A9A175403AB04C7B74E85FC5938649266BFE8886C3CC7A69F3CFE772EDEBD,827,1170,RGB
4170,page-4170.png,243410,950065D451663F1F7DC41ECA9F89A4010066741B793F728505EF9B5C473D7DD0,827,1170,RGB
4171,page-4171.png,286004,53C62F44EAE9AC71B588975178088B9D8ACC66CB66405061418FE63774732BCF,827,1170,RGB
4172,page-4172.png,318050,269DE7ABEBA9703BEC2CDAEEFF924DCC82E67225AA19D9DF01191DB134FB4AD9,827,1170,RGB
4173,page-4173.png,345240,4A380D7AB78E649001AB2E376F1749B379C73AE16D57E516655EB9F464587BCD,827,1170,RGB
4174,page-4174.png,284983,35FDC6FADE6DAAB6DC1CD2832ACB81FED4D86555A5CEB3B246F0DACBD6F2CC30,827,1170,RGB
4175,page-4175.png,343887,25EC4156D47FEA630A23390FF284B7821E7CA96A0774E059A263D141C6C0FD5B,827,1170,RGB
4176,page-4176.png,324925,45CE5F61EACBF379DA4E3A337F74F48EF6C84FBDF81BEEE334461C50C2AAA239,827,1170,RGB
4177,page-4177.png,332031,E4915BF3F70A6E9DC696CB39635E00F9A4A9751B6F594A166A59C08F377C5733,827,1170,RGB
4178,page-4178.png,298239,05FC67015CA0918A93D9790B78BDAF2610E152E5A4B4297C3168019E32D12C0B,827,1170,RGB
4179,page-4179.png,350469,A33D3DF083E111D1C9F9B916D4DB160D8A6B6B64C4B55FE9D7818168FED8C2DE,827,1170,RGB
4180,page-4180.png,321266,08B88AC32121C9953D3043880831BC0D86E51F311F0E017CC6185E392DC31D7F,827,1170,RGB
4181,page-4181.png,341080,F20801A57DD12FA9E5051C938E061033E360306ABD6D9DE3124CA5AA70D58619,827,1170,RGB
4182,page-4182.png,313791,CB0F3553AAC6E58BC68A349A17184860A485C8FC453C604039B83C2A78ED3BC8,827,1170,RGB
4183,page-4183.png,389133,491CE7BCBCF1413083A295AD9D16D5F1B18E741006558F868C327A1A2F456374,827,1170,RGB
4184,page-4184.png,277309,80EE39E95E792E60484EC2B029CB3571C37DD6787D7C57C46330ADEEAFFBFB4C,827,1170,RGB
4185,page-4185.png,288672,E9670BB5D790DFF9CA6DE4D42AC1347B9934C18ECC8B49C2DF5EA7C093535E07,827,1170,RGB
4186,page-4186.png,302418,BA0D4EA2C055A8215130CA88D44510508D808011502606E76C60D6F7D11E19BC,827,1170,RGB
4187,page-4187.png,284361,819B15F99A18F44DD966A37D7319313D7B10E7D0AA39BC1A0C3C6EB5ACAEB690,827,1170,RGB
4188,page-4188.png,329245,FF03C78300C997DF77839761FA94B5AAD8112ABDB4FA70D3D9980C20B070AF45,827,1170,RGB
4189,page-4189.png,269827,A3152AE64BA38E7E8C22D7BC5009835CFD8824910F533BAE9F73AE96D732FC99,827,1170,RGB
4190,page-4190.png,273421,076819C357D8B03D55AA10A53EFD60406A978CB0AC66C1C681D640A832D843C3,827,1170,RGB
4191,page-4191.png,254303,063470D6EF122473A2DA3AE02E0A8F2A62C23ED98AA05EE5452ECA73D804B203,827,1170,RGB
4192,page-4192.png,211871,4D7829165921A3578D89C04B01D657D3528D3DBCFC1F025FF1C3531581C9103E,827,1170,RGB
4193,page-4193.png,243869,4FAED6A7F3C13A77F77575C9D6CF99D23AFFC8963276795E8F928BA03590CD6A,827,1170,RGB
4194,page-4194.png,220498,0B1F30640B238A4D2938AA38335834717172D199511848EB51D1C19520B95E17,827,1170,RGB
4195,page-4195.png,210030,62A28EA501C4F41C1A0A1D016FA998E549FB4613A3FC644F4AB08360A567B160,827,1170,RGB
4196,page-4196.png,316922,403F09C9526DADF0F3751BA47A5CC79DE3585172B0EAC7931BD369C7A03567A8,827,1170,RGB
4197,page-4197.png,225604,BB1B98892F9653C3E0FAF518C3E0254F82623E04F76EEA688D3AE90526A33EC0,827,1170,RGB
4198,page-4198.png,276115,05EFB5E840A465FF5866B5C0FBF68ACAC8A625DBD669BA663A9D9FE289062791,827,1170,RGB
4199,page-4199.png,294418,00E90333D0F4068176172111F58238C89ACFBCC141E9392FEEB6710120555F1B,827,1170,RGB
4200,page-4200.png,354683,904A5EF12D02BCADD27B4CE9FCBB4DF382334D3E5237B606F44662C4B9547BFF,827,1170,RGB
4201,page-4201.png,295590,9BABD1741E1D23563C55487D6FC416B8BE161B0B3A3D089316A1BF52E49392AD,827,1170,RGB
4202,page-4202.png,348184,42A4EACD64850D395F52B4B3A607035345878ABC269013253B1438F20C194BEC,827,1170,RGB
4203,page-4203.png,301344,00C0BE02B6D26326A76475F0E660DA46F1F767C59FD5943E771D70854E54B2BC,827,1170,RGB
4204,page-4204.png,285755,BED92E1AFCFAD26365CD1A0868B30281837E9428B5A99EE504DA03A1FEEBE7C1,827,1170,RGB
4205,page-4205.png,307483,F1033A2580ECBBC1E9DBE499160041EE750A281EF76343A4C398079869E5ACF4,827,1170,RGB
4206,page-4206.png,352592,92E8E38D128F61956E6745CC95548AFCE42FD3BEAC13936ECCE89904D46532E7,827,1170,RGB
4207,page-4207.png,235190,45F27C06F70EB5AE96D62146A06108D12D3016F63745C98D27452053B44021BF,827,1170,RGB
4208,page-4208.png,320714,A88A664C69DD19707AAE5FD9A9D987FDB062E84F8AC75F0E7900E25C20EDE291,827,1170,RGB
4209,page-4209.png,329943,A89CFAC1B2CBF71D039DFE048224CC3645F4C6795124FD5D5FBD54C1FDE6E2A7,827,1170,RGB
4210,page-4210.png,294449,CBCAE3E9CB8BD78211D992452B04E6A0EFD04B5C94ED84600C1DE59EE5F7E0C1,827,1170,RGB
4211,page-4211.png,237165,1F2B11F43141CB6499871FCC0C6D371C3C500D94BB60C3DCC8B6A38E4F27EEA9,827,1170,RGB
4212,page-4212.png,364687,6164E89ED40F16B7EA07187449B0B79B9B69C17131A600BF6311BCA45CDE9527,827,1170,RGB
4213,page-4213.png,329061,7764093E9E0EC1F01EE0C5CDF73B099EA3D52E8E26EB5EFD0B4A8C2018C3168A,827,1170,RGB
4214,page-4214.png,234873,CD22738DCEFE511A04D670826FD2917C5A1E6AC9907A57CB0B33D0D0333B0106,827,1170,RGB
4215,page-4215.png,247248,8E362EE221E663384630EB9BAC429D489F0211DB8D22B7FC32EBED82CAFF1401,827,1170,RGB
4216,page-4216.png,232679,1CB5EEB0543C0DBE0225F1B6B23948AD60816684B023CD11A10B8FE89832CAB6,827,1170,RGB
4217,page-4217.png,278985,65D5CCA46E76BB081C4E826043357D35EF7B16FC96BAC4CF86D9DC2F4B1A1125,827,1170,RGB
4218,page-4218.png,270670,2EDEEF05830C4073B7A51112E65F14B99F4CA51364CC40849158BC6EDC06CAFE,827,1170,RGB
4219,page-4219.png,270286,FA3C827CCC2655B5E2ECCAF13415634E49745C7E3C4DAA8653F6B070B8B9BD42,827,1170,RGB
4220,page-4220.png,263327,335BBC24CC235FD96A42E913629CD59FB3D81C01E64CB56A14DB182F85BDCE27,827,1170,RGB
4221,page-4221.png,334457,ADCDC5EDA4288A374174180A5DA7BEDC9594C137D8300CC809A87B5D2F4BC40F,827,1170,RGB
4222,page-4222.png,225194,4C5CAEAA2FA0CD8A8B0D1859CC696A074B75A146FA4E157D186024E2457C825B,827,1170,RGB
4223,page-4223.png,279777,FD3F2057102C9E43930008A76CD4805FD8C3309BB1DFC4ED183C5B46C1624A99,827,1170,RGB
4224,page-4224.png,272895,4E92814951C66E5F0F587A2D8F524AD963C8FBE7DD22B3255593460226BEBE0B,827,1170,RGB
4225,page-4225.png,292436,A84E9CA883DC3EEDDC599A23E18E9E7B01392FAA5E77FBC34C59100A0E78D3AB,827,1170,RGB
4226,page-4226.png,285416,03DC04AF30CF0FA1B70074092F6D1EB748C9E1218AFDC3ACC3958F773BDCF103,827,1170,RGB
4227,page-4227.png,336443,E95C0164E4DCC42B254AD800648341B721F4675C5127CEB8919AAEBFD08FB8B0,827,1170,RGB
4228,page-4228.png,265602,08743C13A262DD48E63CB0220C3946C81A77E4785CE26BCE2A812CDE348149F4,827,1170,RGB
4229,page-4229.png,214637,643BF862826FCAB877760CB845C523BBD04006EAC0D86DE2664A5267C315D644,827,1170,RGB
4230,page-4230.png,230298,EE27A4A0F1D8D68F2E00425559441BBDD8174B345E677B9367FCB987D0731D5D,827,1170,RGB
4231,page-4231.png,263668,23D98484FC9747FBADD201D2EF1F0A505FA51EFA52F144D5E32F505F92574312,827,1170,RGB
4232,page-4232.png,236730,8EAC576A507CA63AD62C83B417C58BC2403730B83EAD3641C23ED63D1F2DF697,827,1170,RGB
4233,page-4233.png,224428,BAF04E0022B634311C0D908FE4CF2AF72FB493478F2ED9078383E45096B45753,827,1170,RGB
4234,page-4234.png,326234,970CB790AC4046BD087DEF7F45B4FC384462A917425EC43310AC20D96E12E89B,827,1170,RGB
4235,page-4235.png,300382,EF5D91A5CDEA7BBA7F392E0E3BE4A797FAED76C3CF9B753F406EF1ED186A1D1F,827,1170,RGB
4236,page-4236.png,208963,4E2538C5F383BEA2F8AB7830BF1951D3350F1BE0CDEB0EA2CFEA7396D9EBE392,827,1170,RGB
4237,page-4237.png,265123,B826724A096AFA60B242D8AE835E3EFF45F8E9B2130F06560A4698137DCE26A6,827,1170,RGB
4238,page-4238.png,255681,30A72E888EBBF14578025D5501B799D4ED61B662C789BDE2D2FB8B20EEFEA5B5,827,1170,RGB
4239,page-4239.png,241015,9B227705121A651750EDF8C24716CA2C2C7699FFEC7A2D2E638CEAEDBB4B110B,827,1170,RGB
4240,page-4240.png,252020,C6D29A102E081D13DB7BB674BA2B8C47B038A1507EDE6B5A9211E21E3607C28B,827,1170,RGB
4241,page-4241.png,231755,95A7557105B3DD94F3C0C71A8993C8A684FF832F69785C42A6294402B5906EB7,827,1170,RGB
4242,page-4242.png,212718,15916682CBF93190A75BC35AD3FF91110C0728C652325802EAB294CDAA531B9D,827,1170,RGB
4243,page-4243.png,251734,A108757BE244AEEEEFE10BB5ED675AFC66BC7B40D3B6CAD9C4EF94F1E3B42FF3,827,1170,RGB
4244,page-4244.png,202207,6BE016652B76D853A3F540302F8A2C4A5AF8BA78038F248E2BEE5BB8AFA9F65B,827,1170,RGB
4245,page-4245.png,242235,7393CADBDCD1B5551C6EC50284890A19CCB21B70E501187070854A8A818771FD,827,1170,RGB
4246,page-4246.png,243081,3DFB931F59667D627A807F487C4E70991BFD4DAD92B5CFC8BEB3FB4D25425764,827,1170,RGB
4247,page-4247.png,227959,2205C92C9106FDD8DD44F424BF010D5A7D114BC2444FC77E89A9131BCF0D1A74,827,1170,RGB
4248,page-4248.png,271373,77D48F6D9279F8488D3E6FF203D0FFD5514ACA22704486BEA79DF531809A2F8C,827,1170,RGB
4249,page-4249.png,229227,D74AE877AF0E983B963782CD64C5322241F5C86D19972AEE2C1CA24592ED9D3B,827,1170,RGB
4250,page-4250.png,181058,BF78B0E39EABF36618B7436B7A2EDE8EA9EA5AE893CF66F27E93CEF18615FBBB,827,1170,RGB
4251,page-4251.png,201859,59B5F9CF01BB0084BA75515C5FE80025E54111C806AB6486AEB0EDFFE3D54A5F,827,1170,RGB
4252,page-4252.png,268157,1752861649ED032E592C9D17DEC7078FC2E4389311C8E460AD2BB12FFCC82CC3,827,1170,RGB
4253,page-4253.png,307961,39B143B4638748B15846EE84338B2AFD4FA4C890ED6C0D1EF6471987A42290F5,827,1170,RGB
4254,page-4254.png,222687,CAC8D7D57746C6342FD4283A62DAE9442F7DF284D1856134829695FEF955FB22,827,1170,RGB
4255,page-4255.png,247641,2CA026934977A28CFF2D7BD9326BC2D13DA5A79E117EDB96BA2259A3EFB3E09C,827,1170,RGB
4256,page-4256.png,224902,DEF8F5F8B6885B309C387C1FD568B9F124EE54807E753B73A7FE90DD9DD3AB40,827,1170,RGB
4257,page-4257.png,283587,3C8A25A40D0A73C90F2E05FA28583D1AB6A04C9D42A2BF39EFA160E13092127E,827,1170,RGB
4258,page-4258.png,288258,A5FCDDC48F23C987E10AC150B1D33EA61ABCEF4C85E0027F572820006743EBBC,827,1170,RGB
4259,page-4259.png,269784,6C7FEA4B34C94786CC6DBEC193475FC64609036C22D619EE97F8B3A8D835B472,827,1170,RGB
4260,page-4260.png,310629,C5D688AAFA2E8DAD3EF92ACE7F1D0F685772104A98B192F18A8F7FEEAF62EA62,827,1170,RGB
4261,page-4261.png,283033,7517008A6072FFF34ECED86BEF66A961AA63C6801DA97C6935CC80B458BEF719,827,1170,RGB
4262,page-4262.png,255878,9B0CD79BB32ABE7221FAB8F76D18B6833E7C48AB92D2DB3F36E66500FF19D9EE,827,1170,RGB
4263,page-4263.png,291353,777AE561712307FC4BA2A4EFF97EEDD0B4D0DBC4FC7EBBC7C58AE6E4D535E5F8,827,1170,RGB
4264,page-4264.png,284597,47B8B5ACB5DE94510045483E0405E7DC5835D65412B07CD00DD643E49538DE9F,827,1170,RGB
4265,page-4265.png,257756,0E5BB401D8C4CCB61D24842D30356FA37B87A02AADBC31FB9ABDC1BFCD1BD9B4,827,1170,RGB
4266,page-4266.png,348812,02A337F56FDFD803BE890CD89FC53E1F95E5813F1392E72B7CB63AF4205DCC70,827,1170,RGB
4267,page-4267.png,266612,B167BA37184578C6389AC9F719D5D39F87EB6D7E58D0156B1C47E8C27859DC83,827,1170,RGB
4268,page-4268.png,362459,5E1A3CE1CB8733F74E90727CF7B63C778F90D19FBB8E28EB5611317033E4D221,827,1170,RGB
4269,page-4269.png,291129,DCF6306CD371C0FD2F9CC619AD0A724F0A8877C4485EBD49359CE40067ECC46C,827,1170,RGB
4270,page-4270.png,295097,748AB0D9D1407C4D122AB6FF3E8A73204FA13D3406A78ADFF63625DC7122F255,827,1170,RGB
4271,page-4271.png,285732,60EE91B309BA3B4C19271584073D081204EE1723B5DA35CD373543DCD10DBC67,827,1170,RGB
4272,page-4272.png,285126,1CCC0D97F29FB6D6589154D6C5E1929F6CABB7C3278D049187DEC7416571E980,827,1170,RGB
4273,page-4273.png,266683,2368024724168FA85613C885B8245B398496CC340A439B04E4B84ECB806C10D6,827,1170,RGB
4274,page-4274.png,327539,66A2CAD51129A3C5C06744DBD72F764B74CC307C01CDD2F02FAAA400480B0200,827,1170,RGB
4275,page-4275.png,271613,7BD5DC6CD7C2F28C3495FC791C59F93CF13B04E19D7F91B60168FFEDD3CA6062,827,1170,RGB
4276,page-4276.png,327775,B24705D581B92A3D3A91E67EE534E0A273211652308BE67CB32DFC8D2BA9BD28,827,1170,RGB
4277,page-4277.png,393253,05FDE34559638A31B1A78909933CC61E7CDD1899006215F6A2D291D8A560A501,827,1170,RGB
4278,page-4278.png,336719,6C6085F4C28AA32B89B463AE5EC661A290136DDFEDDAD098C5A38642834D1AEC,827,1170,RGB
4279,page-4279.png,333109,8CA97DD34ECD01A53F4494B8173511892BE73C975D78BF930035918AAA68685D,827,1170,RGB
4280,page-4280.png,360616,B56E3A43ED9882AB1C87B485B1FC9FC347F923165F68C54B1D7791EE30FF125D,827,1170,RGB
4281,page-4281.png,289851,F03534F8D78710AD9D66440A9FA2624E9B4B9067E260BC3BC8AEBEFB87321A2F,827,1170,RGB
4282,page-4282.png,279669,77028F3A6B1AB70FB67C3ACEE8D7AC2DB51AEF2AC19BA8AA9257A4B191808D22,827,1170,RGB
4283,page-4283.png,228500,B8765516D75EB71727BA98B5A3C67DDDBDED7E4BE777BC14A3B722B8D6D5B3EA,827,1170,RGB
4284,page-4284.png,287171,3A36172410EE91A04F85F50143FEC7A47648F931841E2B068F95AA82A1B06C8C,827,1170,RGB
4285,page-4285.png,304172,9332C01CA3415EF7A5E40ADCC3595E04B013649FD7903EC69BBA671BA57D8DA5,827,1170,RGB
4286,page-4286.png,318493,DA26A3895ACD132877900015D18439F29099A3A7C02697A2A78DDF0333345FA3,827,1170,RGB
4287,page-4287.png,285052,C0B3A81B1E8155E0FC5BBB79FD9F22AF1B8A93398F54022552BDEC5724A37353,827,1170,RGB
4288,page-4288.png,345174,7BE2E2EA32074B0982B595F579A9799D0838D5EC28834E4FCEC873A045025CB7,827,1170,RGB
4289,page-4289.png,392156,5D99D6560D840A10800D66BBF7B302A660DC0C1FA6B14A3660EE337BDE996598,827,1170,RGB
4290,page-4290.png,260132,C0B6E1F8BE891C2ADB56DAEF03C43AB66731C06B7CAEF8E72E25E633AB03FB3D,827,1170,RGB
4291,page-4291.png,296905,7295C13F1813D8F87E620858E09165FB59EAD2EEDB8156A54D9AE0A55B975E07,827,1170,RGB
4292,page-4292.png,339515,7350E7A8350B4941710C665B91F409E9360225DF814C59E0C820526377012AA5,827,1170,RGB
4293,page-4293.png,258035,68BBF87B57A2BE07C1DEAB3483681DC013AB024114BFF75FF682B8F54714B862,827,1170,RGB
4294,page-4294.png,273185,3A1FE0A4AA5C15024809C92FB439609C01622D8DB9B48CD9604D7F02CCC04533,827,1170,RGB
4295,page-4295.png,228054,6AC5B34B3C4D6FE874E4FEBC54655E330B7F2ABE74AAB51B0EAEFFAFB32ACA2C,827,1170,RGB
4296,page-4296.png,330923,B96ED2FB1CE3177CDCDA7F2CB9F4BA1E8FB47CBF4E7CFE1709B6B36BB2DE5B91,827,1170,RGB
4297,page-4297.png,325125,941B3D501C35C58B1DE2523FFB2DC1008396BA6B02ECFD8585284494085037A2,827,1170,RGB
4298,page-4298.png,289613,02097297A8413AFBEAADF3EF972ECE3B854AED312BBFDB14A5C87A0DE55CBF7E,827,1170,RGB
4299,page-4299.png,328362,64C260D2836A892502D0F221F679C403CD8E5AD4DA8C38A0B243B448BB60A8ED,827,1170,RGB
4300,page-4300.png,273086,AEA648B9B600E20D9612DADB2C3A4030EB97E61EEC5FC33E4C8E5CF23EDFD749,827,1170,RGB
4301,page-4301.png,229842,472B136F30EB4020E318C054C048952E67A12C0B83486B1B3C7FD756A73DA4CF,827,1170,RGB
4302,page-4302.png,187945,11CA2B21B9D8CD88F28DAEE5C44BE4E80D2EBC7132843ABA0BAD78044A959721,827,1170,RGB
4303,page-4303.png,215815,2695034A941E18662335A9CFAFAEA2A4AAAC7BF869BDB26CBFA73F9F6E89D032,827,1170,RGB
4304,page-4304.png,254148,9826840318FAFC32DEDFB189B9DB27B54C65D9CE5DE95404B0495C3FEFC6D81A,827,1170,RGB
4305,page-4305.png,333110,DCFD6914833037B25B08839D3296FFFBE3F7F4D16F8BF7436D2AA1AEF58E03C3,827,1170,RGB
4306,page-4306.png,298323,8982AECC12A124E5335E17DC074220D8C192B2FA97C5C5C9F01EE8EF0601E054,827,1170,RGB
4307,page-4307.png,350307,DCC5460EFCBA9C037FAC965AE87E7F3484A7C691442F9C5143A62E0B6ACF2170,827,1170,RGB
4308,page-4308.png,338882,49FB5449B17DE2AE137C32888643B9793496D126934B348D71F81C9D8BC42122,827,1170,RGB
4309,page-4309.png,326614,21A49F8ABD90EDE97EDD7963DB4CFDCC7E48253513DBA79C97BACD9857A35055,827,1170,RGB
4310,page-4310.png,359963,AABCA575AB67402F6D7C0848F515EB08DBADC825CD626A351D950A4F96E174F8,827,1170,RGB
4311,page-4311.png,314877,6BF885075D642D67057203541E43A08783EFD39B36FBF9C10DAD1327F5982D9B,827,1170,RGB
4312,page-4312.png,338591,F0CEA4E31142057A03F1AE2104F9D91B87D0C60D5969AC0EAE82E154FE42850A,827,1170,RGB
4313,page-4313.png,348810,483FF5B1DA9699AD635749D6C6257C244135A29972F0FBF4B6358DD5D38BD3B5,827,1170,RGB
4314,page-4314.png,284208,BAF56086B83F77C022561D494D029E8F2151F093F2A41849C9BD9D35AAFF9592,827,1170,RGB
4315,page-4315.png,240098,8CAF8538A4BADC595128F88AB737D9B97702D048491A915821559D327F3AEDC7,827,1170,RGB
4316,page-4316.png,338042,BDD1840B000B4BD3D75807CFE913CFD31926BE43FE20F7F07B1274FFC007678E,827,1170,RGB
4317,page-4317.png,391388,F1D1B68700642EB528FAA995712FC46024DE8BAE4B2D6CD0A68D3169740FCA9E,827,1170,RGB
4318,page-4318.png,329151,D3563B89A17CCCACB716928669168502664304E2E4750F8D948CC269DC9DB350,827,1170,RGB
4319,page-4319.png,26263,0E169D5B4BACBC64C1374F41A3CCB172CD42CA0E833BF308EB47105243193451,827,1170,RGB
4320,page-4320.png,241199,EC02743B3387749A800A494E2AA650542F4721684A84B830C45E8626B278D02A,827,1170,RGB
4321,page-4321.png,348997,6950CB541078400CF25495BDE6B8B6653A5E131221F7EE279E56124E07F5D5ED,827,1170,RGB
4322,page-4322.png,296883,E8E6312ED2D1DD8B184E245A01FD7D46AAA7B55647318B8E0715A640ACC88C2E,827,1170,RGB
4323,page-4323.png,292793,DBAA41761E09953E59FA7DFE7A081E63E56DC2382480A185350F2C3DDA0B9822,827,1170,RGB
4324,page-4324.png,258997,3198E536F6E21947D77819D368D682178F941E7BABB1CD86DA0416AB4BA471CD,827,1170,RGB
4325,page-4325.png,232757,E089BE11536C64E7E961CF951AAE0C32D2E4A9E7F03AD9B85E55DA58DE75FDB4,827,1170,RGB
4326,page-4326.png,322225,CF9BC8D0A3577897C0EF459F706EE52597A2A8A33E06D08DFA7DC0AC1572CB08,827,1170,RGB
4327,page-4327.png,312862,D222365FEADEE50F5154F7F15DADD5FD3DA3B542A13165FE7B1907CDA890475D,827,1170,RGB
4328,page-4328.png,422442,EEC31DA2961EF05943787DE940D788DABA68F0D89E4DE7DDECD2D58A655A8423,827,1170,RGB
4329,page-4329.png,270973,0E8F7D829018532478B86858A1BCCB3940D2912497E1AED51DD30001763B4DC9,827,1170,RGB
4330,page-4330.png,316199,A27357681D355BE4CB37124F4F4FCF05DD2E411ED4F989121478E8FA4D8A8F19,827,1170,RGB
4331,page-4331.png,282771,69DEF5DAD8F13084001F7FA1CEC94E06CB5B5F46BA886E3F81270107013BC40A,827,1170,RGB
4332,page-4332.png,291130,1A8EEB4D4C277547333BF84E72072A756C711AF20E143C1118D8AB5BACBBFC27,827,1170,RGB
4333,page-4333.png,298369,EC148615C88EC6209360D1CA1EC9BCC01F03E651D8BC7CE6C2F985A3EDF6814B,827,1170,RGB
4334,page-4334.png,338835,5F1014D437BDC0C1F273AB250C11AE4D6D493B7DBAF1EAF49BAB470B52BDF3D6,827,1170,RGB
4335,page-4335.png,380539,CC29811304F1DD0EB5C765345A966EA2A23FF86A8E44DCF9A229AA6302D0987A,827,1170,RGB
4336,page-4336.png,306792,FFC017780FC287C6B2B5FBD50B4D874BACD81A904CE1F8571F05FD725DF0CA9A,827,1170,RGB
4337,page-4337.png,296785,89DEF9DA6BE45F0ADA693211ABF5D559C51933A029D9BB013477EE73AFDCE0E0,827,1170,RGB
4338,page-4338.png,374723,29C70F858B022476DD540CDCBC46DA9CECA88984A3D4C3F4A7E22414A9AE4309,827,1170,RGB
4339,page-4339.png,294862,CD337221308E17C77B8F81CD6CF16A92061F9159EE65F8E280B35DB085963CEB,827,1170,RGB
4340,page-4340.png,254584,3A67ABE9EE737C36C8F31AAE51C2846D91C03715854886871F6D5FD23D958FAC,827,1170,RGB
4341,page-4341.png,279681,74C9B62A8DE16B04D71745445E2C3D3D759E248AD92B6FE6C5177E9BEA2A4389,827,1170,RGB
4342,page-4342.png,314126,A3FA57B5E5DDEB9F89BB2C09073E1251B08DEC3F5D95985D9E263308E31AC126,827,1170,RGB
4343,page-4343.png,280370,F9C19BC80DE22141CE0913CD2974A7B95CF53D4DE1D53A8B330F38CAEF6191A6,827,1170,RGB
4344,page-4344.png,208836,537F693B27E560F49E28F6D21B65DC1693F21D9203711327330E5856B3FB0A7B,827,1170,RGB
4345,page-4345.png,284141,9AE8BD2CBE71F4F66BB7FE5818AE439D9E06D585F5CD5636E4C91D53FA4E930E,827,1170,RGB
4346,page-4346.png,272616,4849FBC8BF462C07CB185C286E53A20F6C13DF8882AE912FAEA4DCA0C47B8184,827,1170,RGB
4347,page-4347.png,190060,884D1AF649EA0D5F871A6F939293B0D5EF52BF4B178E7A03018C6F02C67E4D08,827,1170,RGB
4348,page-4348.png,213243,A7893E3FD308D59359AF67DD9209B4C99C9A7818AAE98A8AB42C2926F8D46392,827,1170,RGB
4349,page-4349.png,290085,FF51382AF1A5E71F7CC72662E4AE10672A0A1E748430723AB559EF750F4D1311,827,1170,RGB
4350,page-4350.png,272916,0D4DA15AD47D0A759B46F66F2E91BE27D862157140FFEDDE45C6E614321F0896,827,1170,RGB
4351,page-4351.png,292690,60A2CA3FE44D6BBBBF8FB3360355588B31A6C1B64A4F93F1508C32A1C7C2F53E,827,1170,RGB
4352,page-4352.png,310756,3E5E9BEA2E419E39C474670A49C0DE5B470FECC7C1848F0A63BC0E98496DEC46,827,1170,RGB
4353,page-4353.png,249749,02477EC83F7F8DC7F67597D95891C2DB2BAB4629A9CB7E4FD29302C3F561E594,827,1170,RGB
4354,page-4354.png,244890,2ECF03747291EB2B12E2B01935D619A4E0B435B5597B649F88707F51E74A2C2B,827,1170,RGB
4355,page-4355.png,237119,31412D0501DE25924E33BCD719CDEE4A3AEB3314191DEB2D35D896A83657BD4B,827,1170,RGB
4356,page-4356.png,239853,F33F4CD58C8404C3B6780D7A4A1A51D22DAE029073BC9D3433A30141B7F4BDDE,827,1170,RGB
4357,page-4357.png,300981,D31261069CCF73079A6D3D6F3B8094071417D4520C9692CCE1B198CA511CDBE6,827,1170,RGB
4358,page-4358.png,284961,A79D1E17E828FC52C5EA55849F47E82E4F6E12DAB62BBFACD1936C2D7C96EF11,827,1170,RGB
4359,page-4359.png,230329,AB870AF116B93DA9AB8BC772F5FE97F6B4B4DD90F7A19A62547583D8EFF1F64B,827,1170,RGB
4360,page-4360.png,272324,BAB2BF253AF8A1328F984BF216BA18DAABD7B56ED39319B2664D9BE0EEC021D0,827,1170,RGB
4361,page-4361.png,238742,A080F05144973BA4CB175763E60EAE7F326532CB3B9670720B1467670C6B1926,827,1170,RGB
4362,page-4362.png,191393,00905FA751A355E0C7C2C80B3CFF1DF143CF7781CE2AF1CBEB2510811C46403D,827,1170,RGB
4363,page-4363.png,160852,CC382D1B95373F1E6E66FC25C086225B0418299658038BDDAEF4C7A755B632EF,827,1170,RGB
4364,page-4364.png,230658,C3651170C117D892C6DC7A94AF8A2A60C3BADC1F20393EDAE0C80B0381710A28,827,1170,RGB
4365,page-4365.png,280730,4D703B6D85176631588E3ED4C9CC046CA6911AF6B83D177C0551A1C31928AA3A,827,1170,RGB
4366,page-4366.png,146537,C20F77616C0EC5B2AE37A7BFE5D111DED74CCCE84A6E6417950C01E647AC55F7,827,1170,RGB
4367,page-4367.png,260504,3CA0FB8838584BC4D6090E3A4580AA4AD6C699AF10BB5A1F15180BF079ABE6D9,827,1170,RGB
4368,page-4368.png,257907,BF16DE344E81C1DFBE0CF86388A1C475FF8AD8FE59C9F3C3494B073C5E41EAB2,827,1170,RGB
4369,page-4369.png,226302,B9EEAF8DFB5A182DB8C801757BF9D4043F5F2BDD0A5DD0D2940F56B08F5B20B7,827,1170,RGB
4370,page-4370.png,95202,C36E09275EC7D9373E22B3DE483FCF9667644E4BEE6475E5C33F98231F9E84E9,827,1170,RGB
4371,page-4371.png,220424,A45E191F679D1DA4D38353225164AEF22221E1F87137FDB824CAA41A66772F5F,827,1170,RGB
4372,page-4372.png,291215,8C55DA3388708440BF337E7AAAF0BA6ABE0D7D29E68E9BCF6A631593200813EB,827,1170,RGB
4373,page-4373.png,295014,FCC22CDA3501F9C73D1C298B5218138EA0FADD7AC386E731EAD0DE7A570C5FDE,827,1170,RGB
4374,page-4374.png,301198,8C3D37D54C2CC747D1D4144B558C9C7B23E48DE40720541C0872C31934B47041,827,1170,RGB
4375,page-4375.png,322597,37E876CED34779B6BA4A8F106482E4B27AC419F45816CAE032FC69592CD59900,827,1170,RGB
4376,page-4376.png,254544,6399DCB1800BC89176F10B764399E48E45FB9B5E09B2916ED0F9095A69DE881C,827,1170,RGB
4377,page-4377.png,315205,33319B21499F3C86C39AB05F455EAF0B7BEFD82045FFC94A11F0351C292AF2AC,827,1170,RGB
4378,page-4378.png,318295,F9C0727614A4DD2EB5F7A9959A51F56B028DFC95679F6AEE7452457B044AA497,827,1170,RGB
4379,page-4379.png,317735,AC71BD08EB03185E932DE14512001FD6808577F2BBBEC38ED45177567EEAEB87,827,1170,RGB
4380,page-4380.png,261648,511BF4146FB0EC89288EB78354005E626AF3A19AEF3343F7A5EF96F4E48F1273,827,1170,RGB
4381,page-4381.png,382851,E8D7A13D422D04F38CB96A4D9D379AF118CAF20541C3E9A0FA94B62B83F10A59,827,1170,RGB
4382,page-4382.png,342417,12BC25B7AA616059E5CC41585169E8E1293CA21CB73C6BDB1C3ED5DAFCEF5C64,827,1170,RGB
4383,page-4383.png,307276,E8C97CAB7F11600B711D72FAE297915F641C8498F9C0633F30C8F003F60F7BC7,827,1170,RGB
4384,page-4384.png,345120,96892C1585DAB264A869CCB2CD939C8AAA0B44748C355446E569371C83111A62,827,1170,RGB
4385,page-4385.png,393032,460B23E1DCFB42130509A8FC725888ED2761D9A2C6D026B7F48856D69F94207E,827,1170,RGB
4386,page-4386.png,358912,34A52AF8E87890A45E47EF43973663315251C3A58425B03D143260B7DD2B6A96,827,1170,RGB
4387,page-4387.png,357469,78A402FEDE9CA8D0D9B1650932B542E9523A92D5FAF04665E4D7CE56CAFFBB6C,827,1170,RGB
4388,page-4388.png,23341,7AB2FE31C09C1FB416EC3C3F32B8238F84E44A3C59906AA5926E339BDEAE2A9E,827,1170,RGB
4389,page-4389.png,218552,1D5AD2E7BA755CD7B0E685F049559589BEF08B06A2CD3A781F862D62626F34BA,827,1170,RGB
4390,page-4390.png,320952,AD7B13F41F8E8FEF5818CD68A68F7E810ED4D5F87F4B9F7452A5DDE6BF5CB51E,827,1170,RGB
4391,page-4391.png,322916,3BC8F15AD914DF078B7996A7401D552D3A35D44B60C327BB968DA350030CC803,827,1170,RGB
4392,page-4392.png,294695,A0496F6CF9F09C8001B2D05856E56C4063C99F260A077E951F57A8B07689E88B,827,1170,RGB
4393,page-4393.png,255975,9A80CAC008F57C3DA376BC1073C30F60826461A16DECB965BD09DF6C4D0B539C,827,1170,RGB
4394,page-4394.png,268262,2BE745189396CC08FCEA55377EF0FD620E99490E59084B0403CC4C58B812E673,827,1170,RGB
4395,page-4395.png,319568,C4F5A96771E9D2C0C149067AEB83B3EFC17E84ECFBC76887A8BBC8EA0F1E558F,827,1170,RGB
4396,page-4396.png,210944,F03D6D651B612B147AA7A9FA35BE3F41DA3E12AE79ECE3E34AAA7BF16245DAFB,827,1170,RGB
4397,page-4397.png,295819,088051332598135939ED66ECC98918038E90EC2C3B89A6ADC6595EACC8DE5DDB,827,1170,RGB
4398,page-4398.png,202638,F78518474BF048C2287B6DCC1A2C6A5014696B57423EE126F729398EABC68ED0,827,1170,RGB
4399,page-4399.png,254365,277B602A40F8E5496B28A2EA753F02A39CE5F4D58A4DCA937B8199989C36B404,827,1170,RGB
4400,page-4400.png,281835,C73FA1D05012816A0ECAF5EBE256DD733F0EF119B187FE37B110AC32D5CE021E,827,1170,RGB
4401,page-4401.png,268363,994C8D1D7DBDEFAA5546CA604B5276A6F8ACCECAA10027420775B50A7AFF6386,827,1170,RGB
4402,page-4402.png,271046,FB41964822CCEE1B126A01A8A77B34F0044E754CCEDBDA30AE575D9E1164A5D9,827,1170,RGB
4403,page-4403.png,279460,B5D4A377FD65CC4B08285F93EC6FA48E9A7A55B73FD42310E1D849707B03EAE0,827,1170,RGB
4404,page-4404.png,302283,B57AAEFEAB4BE1A3DAB3870CB4E2A5CE46E7EF217253386817512E6E4BB766EA,827,1170,RGB
4405,page-4405.png,248328,7B7D07FF3B3EEB769F63D7820F6D02B5EF2222B5E7012B86A8B6F6F91B4135C1,827,1170,RGB
4406,page-4406.png,311793,5512225780076A92278FB2647B68C3D48131AB111B4ED6C11C02790F5D46FC20,827,1170,RGB
4407,page-4407.png,256211,9C2B3911AFFD84C38B5D229415CB73828280F97808E7539ACBFAD8268AA80025,827,1170,RGB
4408,page-4408.png,350868,478E31AEB9F5D82E6D65FF940994ED1FCD678632EFEA55901D3E37D96C88342A,827,1170,RGB
4409,page-4409.png,329034,45D04EE844522178628F94FA15BB4E3C2F479D0E66DE5059A5A5F948950AC4E4,827,1170,RGB
4410,page-4410.png,261806,FC1BA2101C761016A29944C45B55150E8C3F8C1F383ECEF83BC6FF8EFA7CD931,827,1170,RGB
4411,page-4411.png,332808,03CAB08586AF2965F15CE25CE4A3D76558C01A282FE5313F071131AF6815ABE5,827,1170,RGB
4412,page-4412.png,285048,84A2055BAC51A25FFA111F3632E48380DB2B2AAE7B9208F11FB31BB541C43C22,827,1170,RGB
4413,page-4413.png,317241,CBE1A27515D81A4C17D98614A2825F58BBB2A28F1238FC04B0CB158C37E987E6,827,1170,RGB
4414,page-4414.png,323045,67122BF353989140DB7F29B43919188122AFB29A3920087242553DABF1A990B3,827,1170,RGB
4415,page-4415.png,353098,98F4D7FBDF194676CF20B52DAF2C6A63A05200A4DDFA93CE9F20C240D146D59D,827,1170,RGB
4416,page-4416.png,313416,CB4FFFE6E8CD78621845E535E6ACEEF6D17581687E9711AF575C572DD54108AB,827,1170,RGB
4417,page-4417.png,271885,E511C0EFB51A7C357D62BA81283B7A1EEDA3F6202BE24754303C972A7BB382D6,827,1170,RGB
4418,page-4418.png,330141,9CAEFEAABF770B53FE69848F1C44953277CB1C55EF9F2DEE599B51AC7B19208C,827,1170,RGB
4419,page-4419.png,266096,D703938F76C6D30469BDC95FB01D528DFF561A367D1BCE02BAD2B48D6D10A6F9,827,1170,RGB
4420,page-4420.png,252967,27F82F1FEEB32043A77D9A979F588CC8AFEECE0AA454E4735AB9C55F03FF096B,827,1170,RGB
4421,page-4421.png,302978,982871A1B264FC244E01516D56DB802AE528EC4D58FB6AB97CD979E8F27D7245,827,1170,RGB
4422,page-4422.png,297856,470953DDF9412BFBD7F69114ED91DC05398591C00EE5AB9B60B8C5149D9051D5,827,1170,RGB
4423,page-4423.png,334247,B6A80F0755DA01BFF1D02657A1C103021C8AE8156BFF5B6D020B93747A8125CE,827,1170,RGB
4424,page-4424.png,274481,BABDFEDEE88DC1D8788DC4BF328003835E729B445C8C5D81DF6B9ED672D8FF24,827,1170,RGB
4425,page-4425.png,284870,BE733D07E1A8F463B38862CB8C079591938CE1FDE3CEAD8E19A185CE4C43DAEE,827,1170,RGB
4426,page-4426.png,277881,28BF162DD81D25CC1DD05180A0A1340F7B3F6C9D6BD373F5455397DA7C90614E,827,1170,RGB
4427,page-4427.png,263599,3F2599A855BF65EE3AB846EDF7D24B53B2BB4B46209499F191DA3A481BF61F90,827,1170,RGB
4428,page-4428.png,244693,C407B72361C206363D553E9F8F5760522E71DD1980B690C48C8757A0A1C78E74,827,1170,RGB
4429,page-4429.png,259410,A0B32C9D30D40BC73C60FF10C52D991A774C71464B6EEC2DDA5A1A3D58139AD6,827,1170,RGB
4430,page-4430.png,252139,AD151F7E432CEA09741B3594417344DEED2751DB63BE72AFB012CA65C4376E1F,827,1170,RGB
4431,page-4431.png,224102,B79459BB65DFD1E2021FFBD9472CA8DB22AB5B999E1E7FDCB9B3EBBFF600B37D,827,1170,RGB
4432,page-4432.png,298682,878163271DB82CE0E600A37AE1AA7A136CB74CBCBC989376B8DCD44FEB875C87,827,1170,RGB
4433,page-4433.png,261217,AD4E115B9DED0972BD8141FE7F82D08BC9412BCC5860C59F69BCCC5AAC677603,827,1170,RGB
4434,page-4434.png,238035,5B37FFBE542FF4CFD037B8184E275A6EDCB55D8BC2EF6EC20FCEF23273506BD1,827,1170,RGB
4435,page-4435.png,254880,4515239ACBA62D7DDD77BB934FB0AB1FDCA41BBF6FC096FFDDFD456E132B757E,827,1170,RGB
4436,page-4436.png,308046,A62A9E87FCDDA88D45134B4B69D647672A0DEB4AA99DAA896E3FB0C4B8046382,827,1170,RGB
4437,page-4437.png,268971,321BC7EB697C701FD82FAEC1E4A3756DCE37B08EABBAB5CC4F06A818D1E8A5A1,827,1170,RGB
4438,page-4438.png,248809,549FC24D7F581146CBB5C4AB199FA46682C21F617817D0AD03D9055248D826CC,827,1170,RGB
4439,page-4439.png,228882,0B247BA7BE3F08D31954D55B1B88B9C16A218CF2218D09AD4A0EACF30B49B4CF,827,1170,RGB
4440,page-4440.png,257230,1A3B70878129767723544D177A5387FC3B4D48E81DADE65E695613A70D3E2027,827,1170,RGB
4441,page-4441.png,232354,25E6AAAC9E02F21EC64DD7403D4CED02D939590291940EE1AAA3F23049B80003,827,1170,RGB
4442,page-4442.png,273942,17EDC56EAC77015BC98B6CFC1B26422A8D280ADC183F5A352334C548B70024C0,827,1170,RGB
4443,page-4443.png,268174,399AA18D8BCBAE2E7904C2C39B5E1D1C02754EE6A026EFB905FC32E5231113F7,827,1170,RGB
4444,page-4444.png,244249,471BE7F4AA007339DA50359BAC4D72F3035A5B288B95283DF22BDF72273DEE45,827,1170,RGB
4445,page-4445.png,250073,6347DB41B944355D08C28E7E38FA16AA35361326C884C795ED6ECE5AF8A6F3AF,827,1170,RGB
4446,page-4446.png,268681,C82CE66B90B25EF068623E82CB55082E8C802ADE8E28E69135C6E02F55D704BD,827,1170,RGB
4447,page-4447.png,237007,5872135AA8093143B15FE1E3AFA50F2D0421AF49977594C2530CAFF23AB10588,827,1170,RGB
4448,page-4448.png,296781,A17DD1B81E7ED2C2169A1DEF228D36E2CC01F074369C3B647F2AC02987F0C9EA,827,1170,RGB
4449,page-4449.png,299103,B4D22FE752DA668FBBC460BC630A1A15910F466496BE2AA78518E4DD399EBE15,827,1170,RGB
4450,page-4450.png,281976,81D511F1E37C8740FC59FBF8BDF902B04687328677C0A40E6FCFCD10E6FD37F6,827,1170,RGB
4451,page-4451.png,235265,DA4D06DE9C1900FA45CB16A360972B1D91BD8C5543F203C3050CA9E967E6DCE0,827,1170,RGB
4452,page-4452.png,265886,AB776FF7F9EB344C7C66886E48C9E22B8CAC57808556C1B8C804FF684BF4C19E,827,1170,RGB
4453,page-4453.png,249066,F080C9A8EBD7EEBA2E7F2BD4B9640C99197C46E27D468990C4732F5F0A956AC7,827,1170,RGB
4454,page-4454.png,218359,077B284BB9EFDBDBB3955D700B8F5DF912E76BA87EF8A1DCBC731357A9894A38,827,1170,RGB
4455,page-4455.png,240367,CFAAB4783FF1064F0E29B2B3CA0BD747B35A0DA901D47D3D6126B3A913F23D8E,827,1170,RGB
4456,page-4456.png,205425,472FF39D4483DD2E2864F7B1D17757F9E68128051CAC870ECC153673D8BA7DBD,827,1170,RGB
4457,page-4457.png,119242,FF9929EFD4A707ECD67288EC3528B4F4A06A799BE1129F67404FAD31BAED124F,827,1170,RGB
4458,page-4458.png,211460,F46B9C388AD05E99DCE4866589CF9477340EA307678D43EE0964B985BA6F52A3,827,1170,RGB
4459,page-4459.png,210515,952DEE110B5AD1E20925DDC7BA5A4554242F38CE260A6A7B2FE1E6D7FD87E7A7,827,1170,RGB
4460,page-4460.png,251664,F8B5299BA218DCD59B4625E8BB1BD619F02E14EF38C6E0AB2E922413AD1C1BC6,827,1170,RGB
4461,page-4461.png,311348,4023B155B7125D57B6CEF7A2CA38C9AA5780C465F20F1DF7AD8312E7FB9EA25E,827,1170,RGB
4462,page-4462.png,311129,FB5F320737DA41F25A5AE6C24878BEB6FB032E6739DBEEBD72A73ADDC44A8595,827,1170,RGB
4463,page-4463.png,311018,22D6AC2A655B512F5F37F1B471342868414A33291398F98D26099976A15EE8FC,827,1170,RGB
4464,page-4464.png,259744,3D87BF075A1BAD903AB517551CB76FB870A243A3AEE4CD6B9208CF618BE02E0C,827,1170,RGB
4465,page-4465.png,313075,283EB5B149173C56945BD52225A88C781E5EDF7DBC92215AD861F1795203529D,827,1170,RGB
4466,page-4466.png,293906,6DB9E2B463CA13B3F8B1CA6140E72AA8EB46698F1FFAAEC9096ABC6566C0FB36,827,1170,RGB
4467,page-4467.png,309072,54F4D900C3803D4CE60F3022ADD5B16B402FCC01C49B59D0EE9B1F3A841D0619,827,1170,RGB
4468,page-4468.png,293636,95D783681DB0CC9B30C7E756E62381D00C8B58D00AB6E971A5DDD433110BE359,827,1170,RGB
4469,page-4469.png,109000,F334A6FC6BE1C5936FA3ECDBC86DDB5F3FD50104D9C02C327A7BD166C35893CC,827,1170,RGB
4470,page-4470.png,232059,86C139F5B52515022EBFB2C221B745CF22BC4BBCD54471638E9A37CABFCD09FE,827,1170,RGB
4471,page-4471.png,266041,AFE3167AB2A1833D0F08BDEA893CE057339456C0192827A01D7F76AFC1CD5763,827,1170,RGB
4472,page-4472.png,273818,866B121651F9CBA147B66C4166F19CD9BCBAFF3CF8910F708BB24065807D40C5,827,1170,RGB
4473,page-4473.png,267157,E89D22C0C678FF2468EF30CA49B22A88F7612CB31A98577F59FF3E7ADAF00115,827,1170,RGB
4474,page-4474.png,284797,B80E46F5963B1304E1A76F2B00066ED63FA7063028A15CBAE4C3599B69C73CC0,827,1170,RGB
4475,page-4475.png,240939,5B0D792F64F494A72E0833A7F6A9DF9C310429D21C9A983FE707270EE07F75F8,827,1170,RGB
4476,page-4476.png,277252,11D5BB9CC18E1B2C42A72DF9E6DD9E7AC334B336DAD4F37DCC3C3C6AD7DFC880,827,1170,RGB
4477,page-4477.png,298307,DFD20CDF0DD0B68A2EE15ADE7407298A93D8D4DF8A4654B1038A8BB4AC35CEFB,827,1170,RGB
4478,page-4478.png,231581,C689FA8718D63F5D59553574A6D2B177777BE1F158E4B079D14D449772E4823B,827,1170,RGB
4479,page-4479.png,321323,CA9C41BB4817B0ADA78F5BD3E4EFBDFBE3752D871DB9BEBFC942C323B22790CB,827,1170,RGB
4480,page-4480.png,312654,8FCF92B5ED8A15D936EC636F6721CCCB0BBF10056935C0C583F57D6F079588A7,827,1170,RGB
4481,page-4481.png,336512,1CEAC91D820CE66F329EAE70B7CD39F2D5F1D01EC002A72A5C8C68D0E596279F,827,1170,RGB
4482,page-4482.png,214823,9011104EA5D0AF9E00E73BA6B91B223BE22962AE772E5F1F1A7EB7F05F9BCC6B,827,1170,RGB
4483,page-4483.png,337133,6EABA155FAC44427F39B0B84DF3B1199386825E9746EE6A3B8A230A659DA6FDC,827,1170,RGB
4484,page-4484.png,201189,19363E55C4EBF3C05D307DAF729383BA3FFFB34940D19F26B69ECEA462376434,827,1170,RGB
4485,page-4485.png,66137,726A65DDC841EF3D388724D7392C1595BD0B611ABB8D2A1E5E611B6EFE2186D2,827,1170,RGB
4486,page-4486.png,241179,BC9AAD8A987BF1DC586A6C31B137B09AFD1EA2D342EC9FB382E0AA6552F70EFD,827,1170,RGB
4487,page-4487.png,322476,B5ADA2CB6EBAF39905929AED4DC8E609A51F4CF10947F4D8A089BE479CD7C991,827,1170,RGB
4488,page-4488.png,249418,FF35BB6408A2BC983A2BF1C79431406842A8D8681DC93FB63087417B7C038D5A,827,1170,RGB
4489,page-4489.png,268869,7B8A67CA1E6452A7F8EB9BD32406D167FD82CF076C8467DB4C5720BD00470DE9,827,1170,RGB
4490,page-4490.png,363978,C0AFAECF3F83093FE55C2B1504C1E22162FF9D76B4BFD0B7153726FEE4387600,827,1170,RGB
4491,page-4491.png,271032,85FC266BC064463565DB368730E6F65D47B8ACFA4FF7B17F56BC4B2BEE6C8F90,827,1170,RGB
4492,page-4492.png,227252,4A05F5BB0C463023EEA6D588945CE4A4EBD0C858E9111CD14A995EC5093026EC,827,1170,RGB
4493,page-4493.png,246981,4D2502110C507AEA70862674D155AA574E5DC95A602E58E621B3717942E56B26,827,1170,RGB
4494,page-4494.png,313054,847E525E3D676A77B0911531A4523D00B9E942328A6512553E059D846C76D246,827,1170,RGB
4495,page-4495.png,269813,526129368D16310B9DCC2F2D68E5A03A8632AB34A8D7FEEA7E8FDC4A6C693DFB,827,1170,RGB
4496,page-4496.png,291343,C9E73A19B66D1CADC1604909D4058B9F7F52DCD0CD41D02D8D30CE0284CC0F31,827,1170,RGB
4497,page-4497.png,307803,17448DCEB337CB61118495F634E74D95DF705DE49297A67D42B1DC36162318AC,827,1170,RGB
4498,page-4498.png,255949,AC577CD15C2C32D3FF6D9398DC00B496D816E6A275100180AC58325BF32F5596,827,1170,RGB
4499,page-4499.png,261455,2C5ECD52168032C0F99E1597EAE068C9A4323F09CEE7C8AB3C9F824DFB27A788,827,1170,RGB
4500,page-4500.png,289332,EDCDEFECBC5B223C63D2C2B6D99DC9544DAF748A8AEA22EA221198D50A40F554,827,1170,RGB
4501,page-4501.png,268110,3B86EA3E955AC526F5CB7FE9244B1F1B70C65A4ADE75C2254B1FC93B5D392DF4,827,1170,RGB
4502,page-4502.png,251975,9574AE74600D38F5D2309F06F15A99A06A30F63A1AD27936504A50BA2B009389,827,1170,RGB
4503,page-4503.png,251173,92F5F61E62F9A937A657F402504A51D147F89BBA1C6716C05FFDB0BF779F850B,827,1170,RGB
4504,page-4504.png,280833,F4F7CB15F6431DE85D519111EC755DFCAFE04FFF2B77F135D4AD3721DC1EEE02,827,1170,RGB
4505,page-4505.png,256622,D9AD3DBEBC0E42F452F28853CE55F6436FBAF15C9246E3C92EEC6402109CC9CF,827,1170,RGB
4506,page-4506.png,233130,E9AC794DE5F3848D644B2D3197B775DE3BBB3807CF22E4A164C2CFC8DBB99C2A,827,1170,RGB
4507,page-4507.png,198981,1408FC9EBC751859B123A0615CECA6D63C8EF9F8E3D1FCC29E0FFE373607F01C,827,1170,RGB
4508,page-4508.png,211524,1DCC461414806DA29E25BF48E0775D896F2EA1DCF6F172B7F73774B69BEE993F,827,1170,RGB
4509,page-4509.png,262177,5548970EB88A1386A4B1EB3515C0697F865A5C2F61415E9263D8353204F74B27,827,1170,RGB
4510,page-4510.png,253755,D83E75E28DF74F03B2B4BA993B78669FC66F5C88F447CE2E3FDDAF50C62A14F1,827,1170,RGB
4511,page-4511.png,239098,E94D09B54E8FDE93CC3D1425E1B48EA7D9C8C38AEC48FDEE1F4855C275C782C9,827,1170,RGB
4512,page-4512.png,325680,1BEE3ACF8B00B165DEF1E6A4EC1E2A3AC33F9EC4923C7D09E34536AF1B2A01E0,827,1170,RGB
4513,page-4513.png,282858,661843B675CAE075C0ED294E36712BE6C0744B5D99B773C72A3285C44106B271,827,1170,RGB
4514,page-4514.png,328549,EBCDFCC5F8E064A4E1515A1E450C46828494E9A92C521F02312A82E5790BF894,827,1170,RGB
4515,page-4515.png,265674,998F3EDA678F39674010687F8497E06BEB44C2EEDFAA665D3D026381735C3805,827,1170,RGB
4516,page-4516.png,298069,E4D94A5454F6CADFDC0B35B6B496A43E9EEEDFD7C2D9EA03F31223EEAA07E6CD,827,1170,RGB
4517,page-4517.png,243522,D3E58E3D960453E09B0DA2BFA78D0D39E8B75C390296385E34C45A0220D4499C,827,1170,RGB
4518,page-4518.png,258868,678E1D399F7FCF0FD43FB6FEE608974F8AE594C609A80953850B0E8C7BF3981F,827,1170,RGB
4519,page-4519.png,237457,80830891CDB061A4F1E88859E305912B03CB76FE9402620B3463C66932EC675D,827,1170,RGB
4520,page-4520.png,278490,2BC5B0A938953878CE5D68C30743549E0211D2924D74A6F06D6184838F6B7BE1,827,1170,RGB
4521,page-4521.png,233774,F5E7A3BE80A3789253883190A205AAEE61EB3377671D65458CCA70854F0AA0F5,827,1170,RGB
4522,page-4522.png,273693,B2C5EC9D00EDD09362C1274C100C61B138CA7F56450271C2FF8D3E0912E4365B,827,1170,RGB
4523,page-4523.png,253606,4D7FDCEA562DE064E50DD200D08BB36B2E8C822056BC529757712F4EC7262DE7,827,1170,RGB
4524,page-4524.png,368992,1E012A6D7CB165154C1026A247F780DCDF1D9A136CC19A9F1A6235899CFC19E4,827,1170,RGB
4525,page-4525.png,364145,CD6F3D9FB2238A6010898A350F62D15EC7FEA20A9FBE18D80F08C973F8EA7761,827,1170,RGB
4526,page-4526.png,286490,877172AFE850A61741A09A8D88D7F96046AE02766535B20A6C101D71724C192B,827,1170,RGB
4527,page-4527.png,311137,04A67F2F08C3024426768490AE7704D8A2E79334A6DAE19D2FDE22B20300AB05,827,1170,RGB
4528,page-4528.png,290545,5BFE0EF2519104AF3EADD57042895283F6C0D2FBC93A544B27F70856497A4C14,827,1170,RGB
4529,page-4529.png,282615,BB5203422324058139E88836833523883800648063CEAE36AC701B02E3ADEBBA,827,1170,RGB
4530,page-4530.png,273766,B486A69B912889A8A143775245C00370BF794903CC993DFAFBF27251934B99EE,827,1170,RGB
4531,page-4531.png,253689,918C19D52D6A67EA2A26F9F084DF5A387ED89989878AF275F9C2042BFBE5F430,827,1170,RGB
4532,page-4532.png,291534,C9401D63A74E502F2949F2F6C9043C25F052EB1A22DA1E89F066571C7884FBE4,827,1170,RGB
4533,page-4533.png,222051,2456652F0E07634ED182195A685EBC8053E27CD7F9AF2B1A547C5D9552A4D85E,827,1170,RGB
4534,page-4534.png,255571,D1B0E8356E2E51450B4EB2CBB52F953A25F185D3178AE5A966FE6798E2872824,827,1170,RGB
4535,page-4535.png,268565,2F50D5F6C3B120DED4481996063D1FF15BADD538A886011C16E4EDC940B3C4EF,827,1170,RGB
4536,page-4536.png,304140,FD550832CDA7A1FD05DDDD309B1D9D93A902638B08A2A1747182ACD22AE99EB5,827,1170,RGB
4537,page-4537.png,267726,0B446E161D176EFCEA54D3DB515C899C3082BA43B0287286D0A82D7995E75451,827,1170,RGB
4538,page-4538.png,319562,B345746DAAD0D02AA3A33C6AD19117DA5B2B3C0B8CA11831BC1626859A8168C4,827,1170,RGB
4539,page-4539.png,301428,A531D2CC4866F8DBEA5A0BF38683FC5FF382674097819B71B0480C99A1236AC6,827,1170,RGB
4540,page-4540.png,309936,9F9D46F27AF12F48F0D421D5870E53B35DEDF47C826B5CAEA11C8E28D08951FC,827,1170,RGB
4541,page-4541.png,268813,E7F3890BDB06AC98064AB25EACC6E76502018228250DE526AA9FF436B3171053,827,1170,RGB
4542,page-4542.png,304270,46DBE2A49C9E3A82F2892F1ECE9DB3EEC07E7A7774BE20429C001C6602A05EE4,827,1170,RGB
4543,page-4543.png,308152,8E2184B72B7C8BEF6CEB1C810D5447039A39BAEE6EC79119874B6267A9251C8B,827,1170,RGB
4544,page-4544.png,199583,BC3EAF1009800C30C1AB30A86EE3E210FE95A4CCE2824E235433825B0A06BE52,827,1170,RGB
4545,page-4545.png,258528,2E426837B6FD2BDEA1A3729211BA061B1D8E4DD4E3E065C508530ED7B395456D,827,1170,RGB
4546,page-4546.png,308941,D2363DB4CAB28878B7FAAFC26F387B9AB70EE6695F2774D6553B3CDDE6423CA9,827,1170,RGB
4547,page-4547.png,301576,34C234156C8A4A3466F0AF2DEE26E068215BD6905C066548EE21F1594145EE02,827,1170,RGB
4548,page-4548.png,287995,FB1BC4EA25807A2F6A3666603E658108B044FF659F582B00BB81DFAA20B08173,827,1170,RGB
4549,page-4549.png,246884,BAAE604544B530ACABC0E118548EEA4EBD1C641708B0D265F79468E3333441ED,827,1170,RGB
4550,page-4550.png,146175,2B51C6389B3385DCE4D020134E94287595F67079F2CDEE33C2BA66CC6E780531,827,1170,RGB
4551,page-4551.png,196124,11327A0A48DE8AC171D12F3A8C88F9AADB062A9E848AA881C2508F3735B61883,827,1170,RGB
4552,page-4552.png,142754,A80F94BD41CECD50E630356D43A879B60E9B425335EB065639F0E7449542807A,827,1170,RGB
4553,page-4553.png,239602,D98CDAE7272BBC41FEA4D399CE8CD4CBE85DEA57BB3CEEF3F183A329C1A11B2A,827,1170,RGB
4554,page-4554.png,280458,FFAA55B9E2596BFB5440875E4F0E7337BF9198038D29491F7FA85811C27131C8,827,1170,RGB
4555,page-4555.png,217896,4CCF23B0FB471A2662EB79C9581BC22F8F370DC90E297DF0E7FC11CDA0BE5D59,827,1170,RGB
4556,page-4556.png,186339,8538D4D730B75E3760F89BACE52F8AB2D41FF3CD7B2F59EDFFD978C2DB0F336E,827,1170,RGB
4557,page-4557.png,210981,20D10419DF9D7902B6C0ED57F81EAE086473B137ACB457659F2CD2C29E2BE332,827,1170,RGB
4558,page-4558.png,302599,FEE83FB33A39F53201F182786CEEEDC1D49E29553A1C6FDC53467ACCF9040323,827,1170,RGB
4559,page-4559.png,283294,0870D46A8B17968C2AE1599EBA8347726D4D5B44C477FC940FECC8FE867AFA0B,827,1170,RGB
4560,page-4560.png,321854,CE3133525F7023A6B6252795D9E91AF832E934EB116C2A2D1F3666948D3BEC33,827,1170,RGB
4561,page-4561.png,279046,137F540B86729D93CE2FD6CFC3FBC18E7C1888F106916966C1B86385748C0DFD,827,1170,RGB
4562,page-4562.png,252484,9DA2B153EA0E9759B6388E8F180FB07245997485589932CAAD39FDC86725F813,827,1170,RGB
4563,page-4563.png,288270,5A7478E6FE711EB47B779F3B5715D1107BFD3A4FEA09C5403DF016BE582711EB,827,1170,RGB
4564,page-4564.png,335067,E75FFC1274FEC7BC72581271D1BD10EE5F786CF6D41A55293CAC28C37187008D,827,1170,RGB
4565,page-4565.png,318123,C3910D21CD5956CC581EA802E684B56B16472DB129035B901F75F7125C9F0D94,827,1170,RGB
4566,page-4566.png,382558,7F29E95C8AB3B670C5027B6B613D52FDE2C59F1151AD1646345021ECEC14E70E,827,1170,RGB
4567,page-4567.png,367978,DE83685832425F570CBFDB4FE19686959ABBA2E6415F4E94D24D9D6685791CF0,827,1170,RGB
4568,page-4568.png,318010,084CE450040BD7A6894FC3F1532A7427610F7401CAB96522EE9CA828F3362A81,827,1170,RGB
4569,page-4569.png,279291,D01C9BF037D2795883B87EF30730870E6A2637C726B9C8166CA4CE5EFC525241,827,1170,RGB
4570,page-4570.png,317925,73FFB050D0014108EB837602C2CA25061F88F1FFC1B7400343849AE26FA15D82,827,1170,RGB
4571,page-4571.png,296112,78ED0BD383DC6328D7A2727E555CAA1DE90BAA697327122CABC1A9DAA3052FD1,827,1170,RGB
4572,page-4572.png,299226,9B156FC4BC9669BE9F2C50A4A16F35C5B1D3AD991BF8D4A2167DBAB1F8596C30,827,1170,RGB
4573,page-4573.png,223495,1E31D1385DB65785F6935285B0C9B6C05BDE4316720BB5F0C45BEDD784BAD557,827,1170,RGB
4574,page-4574.png,270877,B1050F3E0A81BE1ACD89D3CC88B9D3610BAAEBC0E757123735B6465230B72A94,827,1170,RGB
4575,page-4575.png,323995,E6954191E82B44A1F4DFABBD80201CDD3D39BE4A204E665BDA25B4E01FD13EBC,827,1170,RGB
4576,page-4576.png,316916,D888DAB6D7CDBDCE4B6B55A22B6473E9A5F50F0B97E34102424DCFE2A3D88039,827,1170,RGB
4577,page-4577.png,333355,F086C8372E27FEECEFA732214A0A854F61F3BCD8AEDBA883B52C3D7FAB4F5ED1,827,1170,RGB
4578,page-4578.png,381918,EB2CDA6D83F7B48102DE2951779190897CBE1558F843F4527184A94E4E2028A0,827,1170,RGB
4579,page-4579.png,329068,201123AF7A390C1C43EE7A2A852D0E4F3AEADB2C067F33970CDFA5926C26F281,827,1170,RGB
4580,page-4580.png,313420,E05526EC136C958ACE7258DE6FB44F2651A6F909F8105EA54203000C6C0B4443,827,1170,RGB
4581,page-4581.png,340918,C651FF8A36F2A08BA72FD334D27551D1A623AA250EE807F2487EBCC9198056C3,827,1170,RGB
4582,page-4582.png,353376,418ED1C1C2051CEC9FD0E667F267563DAFDFDCC22E575BA5DE84221699909242,827,1170,RGB
4583,page-4583.png,371556,44746386CBFD157920F85D3F30693C855A8E862B7CF82B60E6EB6F3AACBB2828,827,1170,RGB
4584,page-4584.png,322344,A9F48DCB3397160EF173F18D1E464A29B6461838A03F210E9E8B5E3A9A5E0BAB,827,1170,RGB
4585,page-4585.png,368450,48F2E476F515E39CF8305400C30B5A7EE2D4813D1020C78E7F7FDF36E9621879,827,1170,RGB
4586,page-4586.png,272039,509258EE2E0E4A3C77629ACAFFB694FD2176DBD44954618A4DE7C7C940FDCBE2,827,1170,RGB
4587,page-4587.png,323075,CA6017037D7F4C805F1152964B60D38ED037ABC3F3AA9A56DB2F3C4CF40A02DA,827,1170,RGB
4588,page-4588.png,275384,8CDE193D13691F0B9BAF990783858AAC55E6923705CF4EF0B43020599E4909AB,827,1170,RGB
4589,page-4589.png,293061,D6F1D4F20F451B6488BF949BE8B2A25EABAFD456678BF69FDCDE10322B075C3C,827,1170,RGB
4590,page-4590.png,292174,052D7FC2C190CAAA65068DDE7290FC56A992CFA658526322F421C7CDA0BE4D82,827,1170,RGB
4591,page-4591.png,301998,855C0D47F0C40F8B526F1B333C7C53D7C7F07EBC3A92A850083D595BFA50CF3F,827,1170,RGB
4592,page-4592.png,251509,B382E5750ED5679846E3F4E6268BD490E97F8380383581D475E1FAB4BE9859D0,827,1170,RGB
4593,page-4593.png,324612,06294541045A2EF6BDCCAF57AD0A268D38B5925C643655204D0110BD72E6DB24,827,1170,RGB
4594,page-4594.png,294237,C93F41C9A929F0EB86BC7DD80092DE785D45BC3BA55B69427FF9D76F76D66928,827,1170,RGB
4595,page-4595.png,315075,206A338C2BB89A6C6FC9C3E70228EE738496CC0E3C1DEA9B806763CE8D2F709D,827,1170,RGB
4596,page-4596.png,310744,F28DED4CE0C03797460B552C19B117349B8198C927D95764550D3AA960684EB9,827,1170,RGB
4597,page-4597.png,346932,64CBCB7FD387652A71E6606DD1928D16802D94C39AB14BDC0AD466F7E8744563,827,1170,RGB
4598,page-4598.png,313066,EFC1E1E6E948A9B95B55019A15087EE94C84694BC4A1BF58667647E55579ECF4,827,1170,RGB
4599,page-4599.png,311045,92BD2FCC6457E907779BD42E6CC45710558C67F86BDE468FA1A1FAF0A62545AF,827,1170,RGB
4600,page-4600.png,221944,9A1D7D5DBA4BCBB16385A7A59BE3E279D27138C04854F68E9645E9E2531880E5,827,1170,RGB
4601,page-4601.png,280995,B759E8EE297A48823ED8F17CAF2192CED5A6669A086BEA43C5CC0C5BB1A59537,827,1170,RGB
4602,page-4602.png,361195,1340DD6E417841DA4A84A57036D0B452751D8358979BB43A3906B02F8C95D0E9,827,1170,RGB
4603,page-4603.png,340654,4CE6A30488F74CBA1BFA210F417FD157B52B2CDD860E27A0D36A053B9DE691A0,827,1170,RGB
4604,page-4604.png,303307,C9BF9E7531E7FC369DD2A5F7240BF6F3BC4E260CB7255D79EEB4DD0CD82C57CF,827,1170,RGB
4605,page-4605.png,287530,EAFCEA227266296069B71BCB4FD01B2E8BE00DD7BDE195DD453EB382A7EABE2C,827,1170,RGB
4606,page-4606.png,233354,8BF3A6BCAFAFB64C7422141DA3ADA895A6C0E58791880FA4925EFA23DBD7D639,827,1170,RGB
4607,page-4607.png,261970,AC1FF3F18CF766BFA0F8E5CADE9F014CE5899FC932D76D7002A4AC37CFDC8DEE,827,1170,RGB
4608,page-4608.png,244729,1D681D0A85259EA088FBFFD6D31F77B8CF5D5E8DA0F578D81AB5369D0A17EC76,827,1170,RGB
4609,page-4609.png,312783,F9AAB478722A50B3597880EF3BCBCA91CAEF4A484D3F07A2FC66CAEEA1C0BE35,827,1170,RGB
4610,page-4610.png,339470,9E655F499130F9880712150BE3151FCB4D2EABE68643DF6620A3799894959D22,827,1170,RGB
4611,page-4611.png,341047,FBEBF18A1599939041BA0CE304853F3AC052E3301957CA86A6DC88913F5FBFDB,827,1170,RGB
4612,page-4612.png,322670,6C216DC8E09990198D409EF8D639084D010AB8ADE54D382919D12BE180298EFF,827,1170,RGB
4613,page-4613.png,261396,11F04850A9B1C95D568275D94E42F3D134CC8DE975EC7A2CE02D3B2D809D8A09,827,1170,RGB
4614,page-4614.png,277511,EDFAF719487FE5CE204B0A30D442BCCA86DBBF236BA175BCE3E672D00B0A23E1,827,1170,RGB
4615,page-4615.png,275342,356F12953E1C4E54FCDC10AC54187339ED7A42AC614B714A7CA78F9BB6A51F3C,827,1170,RGB
4616,page-4616.png,270526,5043E38466A5C1F26B170991647476EC18FFAF0C5A3FA8556931990A2B157138,827,1170,RGB
4617,page-4617.png,286236,E50EB7431A8324C01A7C5C0C786755DD4FA1F9F4DECC726D4CD9CCF6F9CB09B7,827,1170,RGB
4618,page-4618.png,318005,9C58DD170F809C536357A1D339F3C4B096EA449802984F75B24FD2599410A2CB,827,1170,RGB
4619,page-4619.png,324689,E63C19C3CFEFCB230842698B81E09BAB330995858BA8BB72BB849E0CC79130C3,827,1170,RGB
4620,page-4620.png,315382,547486DCD8836192740F6D3092549273A2F4A4628489E3FFF7E3052F486E61C8,827,1170,RGB
4621,page-4621.png,290787,61B0B8B065BE15CA55B21CD7AD8835FB1415CD2DD79186B8EEBAFF9E9142CB22,827,1170,RGB
4622,page-4622.png,267062,DC4B9995B8CAD689AA0B5C5043B76D43E5A619FE7BDE71B48AEC42A2083ED084,827,1170,RGB
4623,page-4623.png,317356,70CE9F9EB50794CD484DCA4D62CCDDC03F8344BC3BDAE1809D2C5AAB5535FF82,827,1170,RGB
4624,page-4624.png,298976,C3236F85C9D17A0041E75277AF2613CCAB9C921FA8078BC03FA8E707B51EFEC6,827,1170,RGB
4625,page-4625.png,285423,FA6ACAB9BFF56262F4EAF2DF6514055770AB2F07F6734E2A3AF4515960B33836,827,1170,RGB
4626,page-4626.png,190472,A98350902E32D43CFA43D7AF32C6D58F9F36A4561B8157A95FE82C108E5BCBDE,827,1170,RGB
4627,page-4627.png,266899,D6E208E664681C7B108C61CD32F6E46520049B68DDA3C86935B0362F72299724,827,1170,RGB
4628,page-4628.png,292529,672AE9517B5C97CA964259384033A157A02C6DB14BE21FE9507F4298F0E442D7,827,1170,RGB
4629,page-4629.png,247269,38D5CDA6467A1119ADE864C6480C2DFDE311E4599CAEC926DAAC6059E87133F4,827,1170,RGB
4630,page-4630.png,223749,C43BD5521C30F6235C1400E3CB2DDCEDD306565432B78623E72EF9B7BA841F00,827,1170,RGB
4631,page-4631.png,181498,21DDAA8E81176D6DB01DB04C9E257EA4BF3418A7E877E625BCDCAEEB6D87CB2B,827,1170,RGB
4632,page-4632.png,306548,8FEBEBF01525CBD23EEAC2D968557EFC372ADA0B5937E5EC253222260EC48097,827,1170,RGB
4633,page-4633.png,300665,B35E4118549560C2E7C827F1FB77FA01F8E6C09400B373E7607AE7DC8A355B79,827,1170,RGB
4634,page-4634.png,234787,B1A3DA81902DCA1E3A479661AF1CA2E74A9029DBBCE7A1BA8D13D365F31731C5,827,1170,RGB
4635,page-4635.png,234167,8E7A8D4D96D27B39B1F158525079FBFC9FEDEFBBE8D0213F6B5B3AD1FF2068AF,827,1170,RGB
4636,page-4636.png,244467,75730E2E9B2D527A8788252578FCF245EC3E53EABFCB36E786EBAEB851B5D40F,827,1170,RGB
4637,page-4637.png,273463,175ABE81C9949428B540119796070E1FCCC9F344ED7512E6BB4AD4F1F8A776F4,827,1170,RGB
4638,page-4638.png,297770,11F22BEE31A67D0EC5610EACD2BBDC7C70F307C5085DB6884BE7B887C7FEC731,827,1170,RGB
4639,page-4639.png,279497,425AF0FDFA39BDD794F6B120055C4320DA01EF061C18AFE2BC90E073B189D46F,827,1170,RGB
4640,page-4640.png,278052,23DB2677B34B46A638D52B81A684B9AF0F214EE8AA0516F4466F4DE0EEA870A7,827,1170,RGB
4641,page-4641.png,367566,DB76EE47FFA44438352872F8FEE9473FCE29593E79906732896881805CD1DEA6,827,1170,RGB
4642,page-4642.png,283666,2BB95BC1487842ABA1E6A8E277FCA1B78611D2208870E98E16C2FFE588C6B4F8,827,1170,RGB
4643,page-4643.png,147665,F81D41773785ADC5AFCC3945C413E08D8AD4C173E395A83513C3227F80204EE8,827,1170,RGB
4644,page-4644.png,291965,D0F2DADE6C3B94D9B2D9566884A36FF49561CBD3C50DF02E14B405A4B16115C0,827,1170,RGB
4645,page-4645.png,310636,8FBFF426D0E1435FF9546865CA3EBA0E920F660A32B213F3C867EF1679344B3E,827,1170,RGB
4646,page-4646.png,282049,3F66D3DE2AC2E2D1F72ABEFC186AEE784F4D54D37E24CE38F7630B02BC49DA14,827,1170,RGB
4647,page-4647.png,246613,9C6B41A870CA88E7FCC2A8E6D3F1484CDA354682B6C63796FE93F0C2015AD84C,827,1170,RGB
4648,page-4648.png,277700,639EE596A35DE338F788D600EFF1ADA91231D6090DF88891AAA1BD8D713D00DC,827,1170,RGB
4649,page-4649.png,300398,B2BF03BB6077CC3A9FD31CE58522AB5581A5328844706E3B851676B2C61113DC,827,1170,RGB
4650,page-4650.png,261682,45A8DF617A3FF7E5DA14858B7F95B9F3C11E270CAF60CB225E5CBB7448E36F76,827,1170,RGB
4651,page-4651.png,255047,7268E52C5D219DC21B03F15881108727A9D49F863BC7482DFA08710ACF805E81,827,1170,RGB
4652,page-4652.png,310655,A45F2530B22D4232D01257ABFB2AC425CE9BB7DA90542DBF1C7EBA46AE913C42,827,1170,RGB
4653,page-4653.png,297722,3737C171C123E2867F804677CE172B5D7AD05669A66F3D63D0EB4A8B83E5AB5C,827,1170,RGB
4654,page-4654.png,306121,FB0EF28E484241E8649EA8932488B28D64A187E1F7933183DD9518372A2054C2,827,1170,RGB
4655,page-4655.png,319808,5E37151EC7580B9CF1EC641A14DC47B05AACF9EAE002A772AF22F6E41D400575,827,1170,RGB
4656,page-4656.png,270197,A0B386F8D66654D45C369E98A3CDD01004777FBFFAE96B00DBBF7CD6B25BD0EB,827,1170,RGB
4657,page-4657.png,157267,18658200606934524A071018434D91EE66A35B53A1AF74D2EEFD02FD12448C1B,827,1170,RGB
4658,page-4658.png,285885,EED548DA8ECA24131F241439B7C8F6D232632C18E63CFF7B24E339A1D83DE7D2,827,1170,RGB
4659,page-4659.png,290620,6809D9BBB2446FFC6EA6B9011FFD9F3318B6FC6FF49D47E4533EF96DF17FB474,827,1170,RGB
4660,page-4660.png,311843,0015754641B80FBB7359C2F6E73C11B75B0C78AF5C1D05AE78A6871721436068,827,1170,RGB
4661,page-4661.png,317922,89DFF9CE3E84BE28CBEE94AD43C337688D8E61BEED29DA431FFEB5362917432C,827,1170,RGB
4662,page-4662.png,250507,A55115B8F92405A7A6D95BDB467F47C3172AB94451E933A0B3AF1E1C128BB408,827,1170,RGB
4663,page-4663.png,252987,B89E04F6619C9B4B02F346D512338CA5CCDE37887EE97A6295FF656BA16D3785,827,1170,RGB
4664,page-4664.png,288851,FDB6B13B85F9935BC4DF6CD4F2E3D3176ED5CD332123B3E820132976006D765C,827,1170,RGB
4665,page-4665.png,302551,5ACC1030A6A04E6B5267868428BE9082BFDDA9C5114BB50BB743558EA350E3D2,827,1170,RGB
4666,page-4666.png,274953,BBC8494EABCBDF79A019C68E43055157462A0A118663FA4058561F8C0221830D,827,1170,RGB
4667,page-4667.png,291094,EBEAAE468C07D81FA5DDE56B10B4106AA17743C7B329A7B2C9FC4322EE72B9BF,827,1170,RGB
4668,page-4668.png,381121,075E22F0309A84DB4B2B853F5FC5362E512225F4F30A89DF289383B622FAC4DF,827,1170,RGB
4669,page-4669.png,342670,E14B49A64270AD00D42858AEFA89BE622AD35111A9987D6B3A7B856D3FAE3403,827,1170,RGB
4670,page-4670.png,337796,86433D9CA3DE5850BC98C6F715401CF2AEA905E8C84CD5431E1A5AC757812C04,827,1170,RGB
4671,page-4671.png,346140,1572613B432B665D759B634687F62A5A0BB44B881954DE2BB684B28EEB5FA431,827,1170,RGB
4672,page-4672.png,294821,413110DDC4090FE98D384660EE4E31774091C0CB2E54608E6DD020F41D82129F,827,1170,RGB
4673,page-4673.png,246822,BFD51F1188FFB3AF03355A63A8758A5ADEE5D13B4892843F2AABCDC7E00FF26B,827,1170,RGB
4674,page-4674.png,347249,0706725D0288147D976616FDA1CBC6CA68491467B2EAABB325E52E225646D307,827,1170,RGB
4675,page-4675.png,312425,917221500AF88E5E3C81E13E352DFBB7EB9758CCB9101D92646130DF2F2C07C0,827,1170,RGB
4676,page-4676.png,324010,8B439A56746E22B4A3AEED12382960F54A6E4A78F2020DF0F7361B369F14868F,827,1170,RGB
4677,page-4677.png,339490,9CF818A02432568741B89FF43F16029CBB895E44E6CEE67BD7B582F36E28715C,827,1170,RGB
4678,page-4678.png,285968,B71BE507707F49F6362F16FB77A87F6E68AA730C1524B77C9625D5EA4740188F,827,1170,RGB
4679,page-4679.png,251052,BCDB89F9FAA08F1C0CF2F68D8F71EF3172143F43D18FFFE05F1764D6FD941F94,827,1170,RGB
4680,page-4680.png,360910,6009B82B24B68D6B053376A8156F5059AADD80BABBBFF4F69F542BE47BD35DDB,827,1170,RGB
4681,page-4681.png,307481,DF54581D3DC58A00BE263DA2A91B5D13D487A815C35802B35F6E3ACF1293579C,827,1170,RGB
4682,page-4682.png,308232,3D32164AF702089FDE27B103508E5D49356DBB73C1BB0F2208130A01DA7BDB2A,827,1170,RGB
4683,page-4683.png,289463,D4E1FE522CD60A535C90964036962AA30F5A9E33A5AACFF5C40F331A0597F2BE,827,1170,RGB
4684,page-4684.png,324959,E3ACC121BD37B6704CE5EEAE6DC2D073DFDD795B1763028E4F396742F6DF3428,827,1170,RGB
4685,page-4685.png,98007,C57EE6CD84B2FBEB6AE5352F813487F090AD0FAD4EEDBF68B0FB3B1AFD744063,827,1170,RGB
4686,page-4686.png,278361,F3DAB74DEE9EAB4DC88EFF9684A76E7CA001F4C95CC49D0AA23BB0AFBE88EFBF,827,1170,RGB
4687,page-4687.png,263625,A747486ABEB981CD9DC750B659BCEF805C0452BD77C5A8DEE0CB999E5B8BC757,827,1170,RGB
4688,page-4688.png,310120,E9AB713963C676C3EFB91C78BC2BE94269F16CF69F463690DFB003AA662F4076,827,1170,RGB
4689,page-4689.png,299053,F1755F5392BBA3E60B074EDCCBA1EBAEE68EBAD64C52ED8E726F1FB774842B7D,827,1170,RGB
4690,page-4690.png,321239,E502188773609A79A053A76AA0A6C27F87ED792A2EE761FF6A087E21EE02F053,827,1170,RGB
4691,page-4691.png,339327,981F90C35F2284DA314BCF036C516B479D348F67846336AD4C34C3C31559A197,827,1170,RGB
4692,page-4692.png,279393,BB8FD8E7967610AAC126152A22727058AD344872459BCE62A0398F41EECFD391,827,1170,RGB
4693,page-4693.png,275116,A8C4FC2DBEDF80D1141AAEAC87FA22D801B90BCC2AE34135B1F2DF482E3659CF,827,1170,RGB
4694,page-4694.png,58227,E500442E761D8269932A0AA426FE76F8D924F2AE92287B8C1613AAA2EA5FD202,827,1170,RGB
4695,page-4695.png,361030,971C35285BFEC75036EEF9FD2BA5F1358FF8DCFEEE4C2123FBE946D59C5323BF,827,1170,RGB
4696,page-4696.png,414118,A12FC2F0BE9BC1F285B2FC5AFAED1F57E339A6B57D20513674F7A60CA9836EFB,827,1170,RGB
4697,page-4697.png,282330,167CD3E2FF4E61A8E37FD372F886A684DEE057EAFC0E3466B280318D22CEFB72,827,1170,RGB
4698,page-4698.png,309358,40D27ED3C5D4A070914CF3467462B9A192A61F6639678A7FB97CCD33E4A4E45F,827,1170,RGB
4699,page-4699.png,278324,918D939FD75342EE08ADDB55B72EADEA36A180194164EFEFCF66C3809857CB1C,827,1170,RGB
4700,page-4700.png,314067,D8F9945AC5050F8F8A1B2DE955A7E06A166CAE3D599EACB665218D1D3ECCF6CE,827,1170,RGB
4701,page-4701.png,333022,A2717D7042A543233C304FD97E314C2F8473EEB59BB35D3E3F35465A20B76C9D,827,1170,RGB
4702,page-4702.png,316561,518AD2927061F14738FDD7C05BDE300CDBD0F3CD40CC045CF04827A598417B57,827,1170,RGB
4703,page-4703.png,322878,ECE334B4F7CBFA205E7370BECB8F8F08BC24B25D182C185C860E9C6B0CD6EA34,827,1170,RGB
4704,page-4704.png,364845,B47836575E77FA139DEF56F830464EA531068A2C45D6D86776CF462AF06DFF16,827,1170,RGB
4705,page-4705.png,246505,F343846146F0B8313D5BD323AF2CCD351B5FE51C331699A87B3B59C31AEB4927,827,1170,RGB
4706,page-4706.png,301107,D9B99DFC864433A0524C10DD36F095A7D5487C165AF1725D78EA21785B9B63FF,827,1170,RGB
4707,page-4707.png,296631,7A5847247ACF2CFD6765911D6AB774C48187F3205139529C99D24B26286B29B1,827,1170,RGB
4708,page-4708.png,199749,9E027913A7CCF93F82A98F433F45917E3CE119F1B06409B16DE9EC265EC8FD67,827,1170,RGB
4709,page-4709.png,212189,97866614364F12847E54A7720B2D4C794AD80708898342EC9ECD2BA53B90605B,827,1170,RGB
4710,page-4710.png,311703,0E8491AEE37BD3E64D8211A4160895F37C09B4D351DAFB8B40EA2A18541681D1,827,1170,RGB
4711,page-4711.png,257512,7A3D36966A645C6A256342986F937D7A40B9D9DF56CB06C56DD752621D8C6251,827,1170,RGB
4712,page-4712.png,279992,DED6CB4927954626EB94B939588568A47A8A19C4896BD6A907FE2779AF07D2D7,827,1170,RGB
4713,page-4713.png,282354,1AC0E7993F662757C6C0126043D17769D7DD9180A3FB456E1F620B5199AD2B8A,827,1170,RGB
4714,page-4714.png,233819,6986A66B0E6B1A98F60967F90970243332B0A9B6AC466E70806BA35D5D11F7CF,827,1170,RGB
4715,page-4715.png,143798,AF6FE18CD7183F9931589276E4DDC2E39360FCA0447A81C66FE86640CDA2C7E2,827,1170,RGB
4716,page-4716.png,226689,B1DF110D53F153F53D89524E50D4B20F699EC37AE5A8BA82DBEE15E68D953640,827,1170,RGB
4717,page-4717.png,215891,49BD604E051DCCB4AEF5C2825AFB46ED337CE51A89E73A37DC166C3DA82517C2,827,1170,RGB
4718,page-4718.png,272314,02168C5AE1BBDA885DDD5396065DAD947FF5FBF92CB291B558C62E4E876C3CB4,827,1170,RGB
4719,page-4719.png,321435,0BD7B68A367AD791E12BF8AF223B7B357ABF33FBED1CC01E3F7605FDBEC249DB,827,1170,RGB
4720,page-4720.png,302380,11C39FA4C4B096775B4510DB77AF3C180FF4BAE8C6C99CAAFC575C80199BEFC5,827,1170,RGB
4721,page-4721.png,248820,5FBC1E6A8296A3ACD4EB8C64D0912F707044603FA2D763A96EA83975ED48F909,827,1170,RGB
4722,page-4722.png,157400,F44E0A8C325F6A822F35B2CB3D0A95AA3ACA371CFA14CC6FFFF950485FBA323C,827,1170,RGB
4723,page-4723.png,229026,A246CC0CD6560376B96FE8E0B757C487C00A3BCEB68EE51FB500FFFC3D3AF1D1,827,1170,RGB
4724,page-4724.png,205396,ACC8C18953C163679492E23876BE02DDE72EC3BB5720969B0B9983636C93DF3B,827,1170,RGB
4725,page-4725.png,259254,FC4A7EB4A996C8800F7E5C89A2A81E3F13C60E1C1FDFC7D86E8189688EB38D1C,827,1170,RGB
4726,page-4726.png,256092,822F2737BE0DFA5F81AB10325DCF31F58374F4A4A97A80A53880B9D6467A30C5,827,1170,RGB
4727,page-4727.png,283459,859E3A772A81B6639DFD63124F94DA267FD45961692C214A6672785C27739FA2,827,1170,RGB
4728,page-4728.png,261612,87DCE8D64512953DE2EC5F06D691DD5AC361722FBACE1CD8D4C1D8C7FCD7A15C,827,1170,RGB
4729,page-4729.png,252133,7E14CB45AC8EED23D412FE5337C47AF27034E0E70B4DF6EEB10F4E9EA35D922C,827,1170,RGB
4730,page-4730.png,307687,B31681693D001CEE7CD1E17E1197BAB3B2AA55CC8549EC12506DB0E7103EA5DD,827,1170,RGB
4731,page-4731.png,200929,C4E14253CCDB9024C074F0B6B86DC2692F4DFF9910B82C5465F903325F364885,827,1170,RGB
4732,page-4732.png,255913,9B474BAD38794EAEFF3D248CE2D296563078AA3EE0940EAAB221E317890FEF73,827,1170,RGB
4733,page-4733.png,231253,F84EE2E5A12195E2402FB53766AA3BBF22E0628818D9E9B97C613B4302D834F9,827,1170,RGB
4734,page-4734.png,212136,789E6BE530240B70D8F4341F906136332BCF4D82968B06387042B3C5EEFAF20D,827,1170,RGB
4735,page-4735.png,186975,6C0DFA7BF9036812E4ABBB708A4CEF23133CD3F4B80559017C3421FAC1026447,827,1170,RGB
4736,page-4736.png,246471,EC8F23BC115D63774DC7589D7CFD19D5F2C36A47F38EAEF1FF487E09B27AA099,827,1170,RGB
4737,page-4737.png,279195,AFBD070A5AA3D32A044E17F0B48B9FFBCE6326AF03161107B24BDFE7982F8E9C,827,1170,RGB
4738,page-4738.png,323354,8943609678690B68B2CAF354D3458AC81F10E3EC1456DDC0EE0F1E703608B116,827,1170,RGB
4739,page-4739.png,335030,10842A3217D7C8136B637BCB69285A938B14D32C56DFA30A2EAC8E1CF87CD57C,827,1170,RGB
4740,page-4740.png,298049,DC076BC2BF4EE49B1B76A5D130F2614D6E1096D6AC1D86A08DB2E0CBFF6B7EC1,827,1170,RGB
4741,page-4741.png,324193,6AA4F72FC736D049AA47BEE900CF1EF6C187C683EF2892CE0EC19E9676A23CD8,827,1170,RGB
4742,page-4742.png,324519,59B5AFC24D14A0B27D5D94C23A86F785517B652C331B5B62B716C0CD340C9259,827,1170,RGB
4743,page-4743.png,247218,AE8B2DE73CC9DB3FFC88287EB600F586411061EF99DFAA71D8840BF02F7A9EAD,827,1170,RGB
4744,page-4744.png,243315,355ED54F91A0A421F467D4DCC16264B6C6431F0A24918E7EB4A7055D46DC33F8,827,1170,RGB
4745,page-4745.png,272447,D83D57C1FE57179008C4E87BF0BC53EB434964BAE33F4D794BF889CF3BFA548B,827,1170,RGB
4746,page-4746.png,301147,7002CFE35871E37C6D456B8E300138CBE43B265DC6E8489FEDAE05B1AA984B3D,827,1170,RGB
4747,page-4747.png,292198,C3CCC65CFC4FA85D0F61975ED8BD019E219571BF1450E6F7E9D92511B07DAE7C,827,1170,RGB
4748,page-4748.png,219088,D6F93EED9CB71AE9E254009B950EBD65508E5E05F89DA8031AD4A97140F1A0D9,827,1170,RGB
4749,page-4749.png,283899,87B13554B7BAE7F14DF89D72B47439366728E243D3078C42DFFD4A4429C6E207,827,1170,RGB
4750,page-4750.png,220069,DCD191B7ED9E39F95117EB5CF9EB717A74BE6D81CE9D4CE9B808205C3E16374C,827,1170,RGB
4751,page-4751.png,268567,4B916E9F142D60B69C7ADFB70D8180B564C0383CA062C9CCC9B2807B03BD11BA,827,1170,RGB
4752,page-4752.png,176335,8E892373B2337D699ADD2C15A351BF3311E178787F9A7D440AED262D3E231CB4,827,1170,RGB
4753,page-4753.png,289612,6BC803EF9C1DB3E3E9C484A0EACA0B14DAE5AFCAED8B905AAFCB44E8FE8B07D4,827,1170,RGB
4754,page-4754.png,224043,997B004A63B7334642EAD06C019B6C22A1EDEF2B98A8704CB8C3FCA256AEB136,827,1170,RGB
4755,page-4755.png,219045,4F5BC9473D02F6984363A58A83069E0539F169BB54AE891C91B8D72DD56531D2,827,1170,RGB
4756,page-4756.png,306493,B28AE89C4D06F85A53FC1B5C2BC2C0FE52B5BC5A241DD3699E93E9C0A135F0E7,827,1170,RGB
4757,page-4757.png,210234,0F0C2A6C1583A6FACC16206D46F971F02E246CE1AE537842969421102E70C48E,827,1170,RGB
4758,page-4758.png,193709,19B376354A65271674040A55BAE124751E1E5EFF619C641CD20813049A3DC1F4,827,1170,RGB
4759,page-4759.png,198184,7B407392D429980BD67DCFA800BD05148F36CC7D8E9D7AB258F27123BBECAEDE,827,1170,RGB
4760,page-4760.png,229658,9CC0B0C4E68778B6DF635ACEEDA6441580C1971E6A954B961CBEFB98FFF3464A,827,1170,RGB
4761,page-4761.png,214017,CE8E279EE7B16F97F0614240E30D210FD2F3A9D39B4EA05743C4BD2DB2FECA17,827,1170,RGB
4762,page-4762.png,199597,C2AEE2B8AFB39701B19630226BD9D8C716FA87EFFFCEE61F1EEB7ADF29FB4F44,827,1170,RGB
4763,page-4763.png,269073,5C1D2A640654232F60C0FA1E3D1B6023DED8CA9995E9D943254EFCF17C0610F7,827,1170,RGB
4764,page-4764.png,271257,337A04B6E85CEDDCE4B4E969E9B3A21136617CEB48E0528D45B38FF283B3A0CA,827,1170,RGB
4765,page-4765.png,236760,209517AE914125B295986959B54A8E92C848806793D8F3D9FA8E3930915E5F97,827,1170,RGB
4766,page-4766.png,212607,3E4B8C96C18E1C6AF73CCAC64A78117E5CEDF7ECA0D297B4A3DDEBB06D2192E8,827,1170,RGB
4767,page-4767.png,301541,A87CB20F78AB7E3128C7FE6448F37972A439DAD2174D1550460EC02CE6FF60DE,827,1170,RGB
4768,page-4768.png,255639,195982FB299C0E7ED789C301196B8AC25B200714B2BA84E0306BC14549D27774,827,1170,RGB
4769,page-4769.png,197924,39C8C0EB8351826A428AE08463CCA40F6125EB3388788F568FAEC1350EF42F1F,827,1170,RGB
4770,page-4770.png,224320,026863293098E9AC661A4DF54CCF039ACB72A9EECA6CED00A294A50B39E630AF,827,1170,RGB
4771,page-4771.png,296810,5A539C626B55AE172C9F20B0DBB9BF199CBBA60BB989DF49A550BC78819A3653,827,1170,RGB
4772,page-4772.png,213332,496A0C02E6C98F15A46E14D6D25652DB32EE16D2F9543543A86B31B097A859DE,827,1170,RGB
4773,page-4773.png,202109,2399359A2476D5839EB1AC208E642F4D1857BC2FB6604671F129D7478C67A972,827,1170,RGB
4774,page-4774.png,180030,FB07FBA5B32F07E22BA766B0C99B8D5880FF8A67AA06D52C3C544BBDAEADB3DA,827,1170,RGB
4775,page-4775.png,214368,EFE4A9749D6FE9FD0172FFBFE82D6BB917CAE267BDD8870356CBF4DE4D8B1682,827,1170,RGB
4776,page-4776.png,190007,F2B0E405BA0EF0B288A862F961CE6BF5812200632C3613913AE98A696835FBA9,827,1170,RGB
4777,page-4777.png,176725,38F6684D8A81904826E65C7874E8CBC7658A3B60FD726B85C1A256E86C892093,827,1170,RGB
4778,page-4778.png,223152,0DF1AA8227ED5F51E25634248178AFD7D40B159806C45680B30DBD45120AE5FC,827,1170,RGB
4779,page-4779.png,255280,88AFE92F71E3AA764DB63B29BA3E92F68A2ABFCBB651669D927EEBD44892394C,827,1170,RGB
4780,page-4780.png,243359,4AF9E96985361EE454AEDF65A79C7419B1344E0CE7F443B12F105B9BE18D618E,827,1170,RGB
4781,page-4781.png,269794,5758741079DB428A25B3747DB2AC443DEFF789020DB2B98D76F003E8E23A14B9,827,1170,RGB
4782,page-4782.png,198047,B058EB7D9567A040C5290BB5C1B1AFB71B386BB0CE8F31993F14D6A5021A560D,827,1170,RGB
4783,page-4783.png,296746,ADAF82DEA515FB3CA2A45D787B6EFE7ED3E5EBAC3D7191EFDFA3D1E404315B64,827,1170,RGB
4784,page-4784.png,271044,862C64CE17606D6154F1B5FBA3B893CA5C05FB7EAA8B44E8EAEAB93E678D7536,827,1170,RGB
4785,page-4785.png,208546,4A0C98C1E3B46D11D43FA826B89B95AED8B2A4EF9EF15C00C839AC2CED857F7D,827,1170,RGB
4786,page-4786.png,230063,114C529F642571FD0A1FEE5E386BC6E3C9A5E6EDA5239240D228812234260316,827,1170,RGB
4787,page-4787.png,312862,67EEF849F90825F820BE174A603D14DDC9F9CC2890A39F11F1C4FC0A61B8AF3E,827,1170,RGB
4788,page-4788.png,281326,E40D368FED2A4464131B7FBD148E58F896773BAD95C7E37346768B602AFE5ACC,827,1170,RGB
4789,page-4789.png,212228,5BE1A175DC1C711811757D0B10EBA43247DB086F6C20EDDE9BF61BEFC58A176F,827,1170,RGB
4790,page-4790.png,194172,40B0C53240B539DB09D86D7BC88F7C248A7AF18AD5A005DE15A4C047B0F20764,827,1170,RGB
4791,page-4791.png,235665,7C9AB8180004DF8B3BEBF704B3D05EE8F76E54848436DE8AE606C931A583B7EE,827,1170,RGB
4792,page-4792.png,229739,3FDF9F89DA57852B08D39BB44F5E7AA39E9A0298BB53C9516831BC1019C8B49F,827,1170,RGB
4793,page-4793.png,210719,3D62E17A65ECBE0A5714DD1A685D601D9075370D44C7B151CF121E2FA22BC4A1,827,1170,RGB
4794,page-4794.png,269731,D1C36898CF6D154F2E8216E89AF917AA26D477DFD08A60DE451343C4616C6667,827,1170,RGB
4795,page-4795.png,60245,F3B0CC4ED1A3B0F011606E5ED582D568B55E2C73432EFCC00D50DA67DCD02A88,827,1170,RGB
4796,page-4796.png,264454,3BE6EB0EB058A788E8CDAB83DA95E17E6299C83AB02DFECF7FA82905733013FC,827,1170,RGB
4797,page-4797.png,267733,B91ACB535CE9C72A85039454922F6EF01AE04F54924C8FBCEA358EF71BFC613D,827,1170,RGB
4798,page-4798.png,258974,48E7CFA263F5233063E5B07CCB682EB851EFCE2537F518BBDEE75748B6D8754D,827,1170,RGB
4799,page-4799.png,272553,5EFF091517B7D980A790CFA9D88FD1A318699659E57CC78E4E64CBFED71809D1,827,1170,RGB
4800,page-4800.png,278362,B81357E2BFB07324708AC01572289650E97689DF35159B9303ECDE918C0758F0,827,1170,RGB
4801,page-4801.png,329316,9C7B66AC0B508E85E5A69746958553C965743ADD840314837168FA2B3DA260A2,827,1170,RGB
4802,page-4802.png,275120,8BEF88FE4D822BDE7521582335018FA53A52B90C6C1F0B388CADAAAA449299C5,827,1170,RGB
4803,page-4803.png,209984,679EECB86F174347AE6218EED174B4CD617ABDAEA0810124D6B88F2A23F9BBD9,827,1170,RGB
4804,page-4804.png,253839,B3A69969F87BDBB03DBAAC11BABA46D9F0033310C803E3574B73B344AA8354B5,827,1170,RGB
4805,page-4805.png,195042,0150CCC068A2A76082140B93E9A63497BE5E43DA98579EE95C7E1A60787D7EAA,827,1170,RGB
4806,page-4806.png,291401,F4FF35522EEE0F5431EECAE20F8BFB8C75A7890943A07E808F00D8361F90F076,827,1170,RGB
4807,page-4807.png,301357,2D33D51373DCB91A0CFE4E6583B7EF2B54E29E8D5D8825FCE87E6231A6660107,827,1170,RGB
4808,page-4808.png,282470,842E6DACBAFBCD4FED0561961007F4451DEFA0F2B887AE6CCDC2EF2D6FEB5F98,827,1170,RGB
4809,page-4809.png,265256,3D7FA6600870590BEDEFA4CF82104832A074BC4DFEA94CBBBC4EA30689E085C4,827,1170,RGB
4810,page-4810.png,233968,49421B49B273CBD28B44BFC7DBAF8B9E8E547DC398F15399FA232FAFDC5B9766,827,1170,RGB
4811,page-4811.png,286547,E165A1B81F80C9721D6015863C1C281E8AB50499C6651A5743F2ABE3730E7531,827,1170,RGB
4812,page-4812.png,267842,2A2315048EB23C4C5E5C1EB113992688C86886A590102E5D0B1ADC2AA098EB5D,827,1170,RGB
4813,page-4813.png,293347,3AD03C151B04AFDC12E10F11AB402B8DC59CBAEB2B71D70ED35C362B82123ED4,827,1170,RGB
4814,page-4814.png,217131,703ADFD4D97DF46BE662B5695CDCEE270F820507BC83A1C9DBA97A509AF6AC07,827,1170,RGB
4815,page-4815.png,285265,5928BB4D0CD7EAEC0AAAB46411EAB8598118AA2F946361A879CC3B04C295E7E3,827,1170,RGB
4816,page-4816.png,246487,41BFBE862333B9A8248CE21D96980190D2D087492B8DD7F535199D8D0DF13D03,827,1170,RGB
4817,page-4817.png,216053,91218C7E21188302FDF68595A7390AB0D5624DABB7B42D041480BBC03CBF39CD,827,1170,RGB
4818,page-4818.png,254628,F9AB1E62CA7BD784B6E7F857715B6760FD8B66479B9E260986E297114CB20D1E,827,1170,RGB
4819,page-4819.png,290118,7BB3E3AAA2AB8983F952B575AF6F19B81F40FFE62E48A661FD2FFCFA6B3CBAFA,827,1170,RGB
4820,page-4820.png,243850,E348A79B1F04B7367C03A429AEDCBBF4D3F0F370DA8093DC19283B166D518B47,827,1170,RGB
4821,page-4821.png,202130,C123789E9A2F2FD361E837AB273E6D62E8AFBD41C64F7EFF04137889B77462AB,827,1170,RGB
4822,page-4822.png,230048,B2EBE1134233827B4E356FA4703247E1F00F362CAA686B29B93300E589ED487E,827,1170,RGB
4823,page-4823.png,302252,55B9E37915C195CA668396E424A96E0B229D9545D46B797D6FBD7EF12E7BBC28,827,1170,RGB
4824,page-4824.png,307519,0523DB8D194C4562432CC531C56C28FEC5CAA9A4B71ED0BD9A56AFEB21273766,827,1170,RGB
4825,page-4825.png,257997,17278F13DFF9BBC7C8A881EC8FBF9B6D67339FBD36979E6AE262F1E9673E79D7,827,1170,RGB
4826,page-4826.png,257996,3BA178C51C3E951CC41C3CA6F99DD7E801EB194DC6A7B2DB60B6DB3662A56668,827,1170,RGB
4827,page-4827.png,270452,9F415C094BF594876FCBC53420C8778FFCC223F1E0E4425C826F0DB35FA77460,827,1170,RGB
4828,page-4828.png,257247,B0581BCA803BE16240029EE17091DE6CB2917243023EE1A6EA1132BA83DAAE5E,827,1170,RGB
4829,page-4829.png,248583,B2C647753F7E21201DF01187317F4533EE438F0AFB00D45BC794E41768369853,827,1170,RGB
4830,page-4830.png,267275,D830B05EAB6F3CE2D358A4CC2AE7BA98A15AE55BC4B992D30D5433259DE987AF,827,1170,RGB
4831,page-4831.png,121802,377F5C1A775579C37B1474F62D14BB270320FA1C585570DAF3035A7BF0584ECE,827,1170,RGB
4832,page-4832.png,222277,B77767AFD6E7ECBEDE500BC19A0E6A1A9CE50F2FCC56BE4F10DB007E174A71CC,827,1170,RGB
4833,page-4833.png,285882,C15EBFE557304458C55E248EFDEDB30368562A69087DC2811C638C8B197A31C4,827,1170,RGB
4834,page-4834.png,256876,22EE1C243A5F3C6249ECA4267C69B4A06DAE7D3B1077A67EAFC70C59F7758A43,827,1170,RGB
4835,page-4835.png,300801,87265EBD2B2DCDEF8CD635D43A389A59A21D26FA65F11C3E14ACEC0B55C55DAA,827,1170,RGB
4836,page-4836.png,269781,8E3738924DA4DC15B5F987FC3E38A968A5853408C54BC6198B89EC11F967C20E,827,1170,RGB
4837,page-4837.png,255351,F25282BD2C30D1D1A0C2430B11DAACB99C457CD7584CAE13913507F54F9498A6,827,1170,RGB
4838,page-4838.png,316257,E12A7D19641B6066161B5FCC23F047F978684C23FFC00A749F9118A839F149B9,827,1170,RGB
4839,page-4839.png,339427,F806E91862D1EA4DC6A37ED0EB4BFB77454BD68D411E8510A9605880F77A1BC0,827,1170,RGB
4840,page-4840.png,249621,B6CCE7E8AD00373055612491D63389A6062D74F74A46DC297C863BF06A5318C0,827,1170,RGB
4841,page-4841.png,262248,356B096FDDB3E9914D15D764E5A9FD5FA942038E39E3FD542CCAC3ED08F05AEA,827,1170,RGB
4842,page-4842.png,250255,C7500F3465EDC3472D9772B63158D532A0048D0B7C428C76DF10857921C3AF21,827,1170,RGB
4843,page-4843.png,220817,9524AFFD400FC916B99D2902127CD482DC916FE1081DB28F4C8829FD67802A70,827,1170,RGB
4844,page-4844.png,308782,EC56FBAA515BF297038C954DEA4A35F5A67978CEB34D434644FB75826E24998E,827,1170,RGB
4845,page-4845.png,232255,FD197274579FDE3E3051842DE5C0687FF74A1A4C93209D6F0FC9C43D6DD53815,827,1170,RGB
4846,page-4846.png,287567,197BDF7982020D124A9DB4279D5BC49AEC62D275DB7E815145702DE832739C1A,827,1170,RGB
4847,page-4847.png,358071,E4A876D93D51E02B2571538580FBFD06E2C7D1004690977E14C3F636139F1A72,827,1170,RGB
4848,page-4848.png,267617,E8A825A36D40777864088BFA1DA29224F2C6D8500749005962FCB42DBA383906,827,1170,RGB
4849,page-4849.png,333264,60A6587F3627AFA51D12B04F1D82CC8E0539EE3A9986682D2602C91582D0A9D4,827,1170,RGB
4850,page-4850.png,335058,7D08988ADFE06049887AF140E1585DDDBE626D74B7F8316FB9E498E604C22279,827,1170,RGB
4851,page-4851.png,344410,51AEA9268746D426D09AE311340B94AE6D7B3435E37518B5501D92EBFFC5D8EF,827,1170,RGB
4852,page-4852.png,284684,320FF36346BFDD9002A8AD9F347C0B59EDE1718B6E4D071853FEC37EB0E1FDFA,827,1170,RGB
4853,page-4853.png,285181,78275CF519FED4E543699D0670C7D17B802214E82BC9EC912926449BC123CA27,827,1170,RGB
4854,page-4854.png,322574,A37A81C9D3D77CC37EE11EC4C07767C9C496EAD835A7D8BCCFF50F4388FCDCAB,827,1170,RGB
4855,page-4855.png,368765,99D573FEE120AC76AF30641C267CC8003AFD5A6C4D9452F604567FA9287720FD,827,1170,RGB
4856,page-4856.png,172434,B50038B5534D63B242E1BBEF4095FCED09AA401AB567FC8297F15C6BFC265C42,827,1170,RGB
4857,page-4857.png,282137,8410A294E4E1EA99C9FF68FBC909546F234B301075462E6809117C8AC2DA302E,827,1170,RGB
4858,page-4858.png,248101,44758F2713A01D8B34F48DBFA4994FC855705D5CDE31EC91D7658F6288989793,827,1170,RGB
4859,page-4859.png,213221,759CD158C686E855032082B900B34525BEDFA24D3D590C47173FF262C3FA40EF,827,1170,RGB
4860,page-4860.png,300942,E0651929B5AD8817D4089CF559DAE1F4C26A5D4209F4804A41007530A92BEE4F,827,1170,RGB
4861,page-4861.png,261968,CC92993940A52327EBBF4B2510A2CBAAF3649464AE56554FE75AE697BDC806B0,827,1170,RGB
4862,page-4862.png,293858,62AC774CB2638BAFD358CD134CD0E0C62EE91E431C95AA16DE14D27DD9075D60,827,1170,RGB
4863,page-4863.png,288372,FB58FBE1659377D25BEAAC174B2D658CE9DD9682C1935EF4E5E7E9BFE889F3ED,827,1170,RGB
4864,page-4864.png,339954,6E2074D9B9560E7937E6FFDDEABAFEAA4291F5AE9B999019E7F5BFDCD96DDA83,827,1170,RGB
4865,page-4865.png,312030,893F837FF80C5838BD91589FDC311A119D7F00554C9C771525B4FDDCADCD18E8,827,1170,RGB
4866,page-4866.png,337970,4C13070CF60DBC5A5F9A9B07407DA261304600076A3F9DA654BEE79779752DCC,827,1170,RGB
4867,page-4867.png,338170,86A401C0410E3014B65F3C5069759836098D6DE932ADFF4F1F0293094DEC6F6B,827,1170,RGB
4868,page-4868.png,318312,F2CFCBF09035D28DD1BC7A5BA69DBADCE19C14CAB5DC7A4A96350D80A96E1F80,827,1170,RGB
4869,page-4869.png,252780,69CE51B5334237DA812970094E169A3977F638ECC3DF2E7AC3889C7F9CA3C166,827,1170,RGB
4870,page-4870.png,247813,D460C4E931B219D30185164C6C249AE174FB04135C22AB805B74B1CCAE86D14E,827,1170,RGB
4871,page-4871.png,319316,BD04129E4C797A0AD26511826673E3B401C8917FE6C2FE9C08C3289BB44DA4C8,827,1170,RGB
4872,page-4872.png,351987,A213A6DEEF49754E53BBCFFC2362CFD3A54BDAF1EF113FDA3D9C04638BA178BD,827,1170,RGB
4873,page-4873.png,327385,38FE84182F3FB5E78A82967A52E1F7C21CF20966261077C2B272D4B3B41CB04F,827,1170,RGB
4874,page-4874.png,325350,7F0358767914D923628C55AB54A25405DF01AFD4F2C5FCDD49E83F9C6F2DCC88,827,1170,RGB
4875,page-4875.png,133585,58A50CA3497C41716205488D0E276BBDE14EBA78C0B2559B6565A4B1A9E835B9,827,1170,RGB
4876,page-4876.png,217763,8AD7DEB05C58295180F6FF6D3F8F146DCF0A8F452FE37869DE28116E355100E4,827,1170,RGB
4877,page-4877.png,336446,4A84BADEA94969199B41C316F5E893FF06DE1E297841F35F277BA62E5E394FF3,827,1170,RGB
4878,page-4878.png,198502,D2E3BF8BD8F2EEBD92D993B6FD87B2BC3A1A4B8D22FB94CA49D9CA3D60D5D5FF,827,1170,RGB
4879,page-4879.png,315240,36CA10C4C5ED67100016B580BB8C9B95ABF769755CAEC5C3302C355D180F7045,827,1170,RGB
4880,page-4880.png,335832,2D8716CB91AEE7DB92CE72DC89E422EA7D470F560BF8CBFF2A285B391CBEFA4F,827,1170,RGB
4881,page-4881.png,236184,F6DD4AF1FF21A48B39D6960AE40F7B503E6634B2A63BF96090C23F7025E67BD8,827,1170,RGB
4882,page-4882.png,279954,C343402F0E5B5C9DB8B1129E646876C1D37901C1716AF28DDF1285812B09795D,827,1170,RGB
4883,page-4883.png,289785,4C47BC72CEDBDE2780659BF1FEC95BC08ED6FE3B321F4E6BB0A12A55472776B9,827,1170,RGB
4884,page-4884.png,238379,BAE27A36ED1143D7E16D9F766AEACC3FFC24642B0781FF5B2C061AFB2F94001B,827,1170,RGB
4885,page-4885.png,209590,71562971553A8A0318F5E8DC50275F6504BD3F97FA2441453E48F14D04D241DC,827,1170,RGB
4886,page-4886.png,251553,040431361BA53C4A4E4F5C55E2ADE72A11F978F93956AD82C848630D6DE72751,827,1170,RGB
4887,page-4887.png,320774,FFC3B5206A95B0BD1844CDF6F2B86FEA493BCBF65111CFECC0254199978AE13E,827,1170,RGB
4888,page-4888.png,265742,769D425C84BAD13665D0E7FA024BCB66788F31CBC37D7DBA9BC40BD02BCB5EAD,827,1170,RGB
4889,page-4889.png,249044,2068E77B0BED316A791A4A1484666F4CFDF4F310C90344B19DABAF302F5E2D41,827,1170,RGB
4890,page-4890.png,177734,5DFCED64BB92484F587BFC5BDF6958B830C51F2FCB722CED9459BB4B21FA6AEE,827,1170,RGB
4891,page-4891.png,291179,23D1DF94D9B198474C88F1F076950EACDA8846CACFF045D481B801EACE9CCBBA,827,1170,RGB
4892,page-4892.png,235231,194C18197EB6D3D15ECCF6E56D7BD34BD107046DA86C9DC7A55585D140596FD4,827,1170,RGB
4893,page-4893.png,340379,28563BF1BC73F40E79E31E02F0E4062D426B1E2B0494AD1D59EFC2C99C74DC29,827,1170,RGB
4894,page-4894.png,311392,FD8EEF5889D608D43FF574E7A45B4BBF23DBCE12CD1D78DD0EE7CF855E0DF0A6,827,1170,RGB
4895,page-4895.png,232698,CEF59702B49BA787D0DE34224331789796ABBD4B51EB1C92CF4D5F35866568AB,827,1170,RGB
4896,page-4896.png,307256,29C1D17CB2E09D1FDD98B2B333E6E31A4BBF9AFEDB3FE4B8A05341257468C1EA,827,1170,RGB
4897,page-4897.png,263626,D89A4E9BEC4BF5D13998A2E80A006222E0F9C8B6B51DCEBC425302D7524AB57F,827,1170,RGB
4898,page-4898.png,256716,878F239F8A4AD758973B8D88E0849A5D358371EA8387ED0A6FDD42B66CD1DEC1,827,1170,RGB
4899,page-4899.png,288091,683CDAF9226C3EB6CC5943104B7C7A599418B85A6F107D11B0013665A22ADE52,827,1170,RGB
4900,page-4900.png,271058,7C164A0E5D54AE36D2C07EDD19406BE7F8DFAF1996CB676383A103517D5DAA03,827,1170,RGB
4901,page-4901.png,279972,0F6DFEC2E585D2AA17ABB4DF14FEEDD5492856AD744553AF5D03C8A84AEC666E,827,1170,RGB
4902,page-4902.png,269081,1C0AF59274C1C474990BC2240FFD16F7D6B8B94D55DDB442295DB51489C7154D,827,1170,RGB
4903,page-4903.png,351927,8775412626A1CE9F3015AAFA96A1F584C73145D3B4A6CA247A917DFAA0CA65D7,827,1170,RGB
4904,page-4904.png,358891,55989E4E34651159773DCC912C5DF30CEA67D651F0BAC25ED2DC3EB6A9486930,827,1170,RGB
4905,page-4905.png,363994,E44B01B2897B47F3B8E800E9D9FEF85C0D023F584BC005843EDB50377E218CE8,827,1170,RGB
4906,page-4906.png,310281,86B5A996AE1FF37CFCC464284A24293D6696624C3F52C6DBA3BFDFD8C1EEA7F3,827,1170,RGB
4907,page-4907.png,288909,5E935371DBA1F15264BAECDD3B89CCBD9A19F9BA84AB323961562C1AFA0D55E9,827,1170,RGB
4908,page-4908.png,292054,56C366464BBCD7235B78256627B69115CC68CEB67E4B2B68683AE8E0E8BFE36D,827,1170,RGB
4909,page-4909.png,337443,4260F0D5120F1C1E2C71D87568EB1106E2CC680F47923F5B698AF3DF0294FB1C,827,1170,RGB
4910,page-4910.png,338736,8E8AEC2FE40C54F7AABD1636756D48C45130FD288CA1A0774EA3E98F899C8B2E,827,1170,RGB
4911,page-4911.png,279081,30006ECF790E262E215FA20260959D9B24252A15DE9021B096DA92DE0138056A,827,1170,RGB
4912,page-4912.png,218915,96109C0884A20115A3C5911CDA88E1569844AF4D79DDBCF07B7EABC614F521C1,827,1170,RGB
4913,page-4913.png,245525,866DDE503C15A63FB77FA8692794184A8617CD9E5159744E57EFED8BD398E295,827,1170,RGB
4914,page-4914.png,214693,1D96C2CCF246DD1287796B3AAC3490E0180E17975F4C0FD78C7F65CD31DD48E8,827,1170,RGB
4915,page-4915.png,262022,0F91DDD89DE6782DADFBE2BB54CCB8D1EC0F8911D075092DA9E9EF68FF64A7E6,827,1170,RGB
4916,page-4916.png,304447,1924C56BDCCD4FC71C6E3C0B681ED1B8B474D80D2D28955243F52CAF22C2A273,827,1170,RGB
4917,page-4917.png,245894,50DFE75CE929F359D593161A3AC11E595E6EC0B2E6D9F03384880B739453E36B,827,1170,RGB
4918,page-4918.png,299053,21E093A340A4A8D2D349C3E2B053CE3B1DC43B834C24097DA1393E00752BFD98,827,1170,RGB
4919,page-4919.png,196892,71E45817490987C035C5D214F2E1DF1093907D5671E5DC7B63986878BD95B1AB,827,1170,RGB
4920,page-4920.png,236280,5BFD7898B87A54B1D879CC3140C8DC54F68D9B7B9CF8891CF867AEC765B7F420,827,1170,RGB
4921,page-4921.png,338519,B5E67E21A1084B1E75771257D5682F76932C348F66817C6BDF0208B7DD62A84F,827,1170,RGB
4922,page-4922.png,298934,5C0A424D73AE4180A6999F25E92D57AF08FEDD41D894F01BAF9A5B2EBEA14FA0,827,1170,RGB
4923,page-4923.png,336689,724A49BE0EA38F1D4558875104B0E42DB3CE51D6CCCC54DCC43E9ED9F1BAEF8E,827,1170,RGB
4924,page-4924.png,332428,F7ECE0F9434A6B5D409F31B1062AD5195ACBAA5F1C167E10FF142C36DEC202E4,827,1170,RGB
4925,page-4925.png,410213,F1D5CD438842195C7F01F25D476CD9B408A4EF9BC24B6CEE47902087AF88AF9B,827,1170,RGB
4926,page-4926.png,316717,50476E69B3B610631F9CC69F5B9F13582C4316710D3E03E70CC07AB387893764,827,1170,RGB
4927,page-4927.png,207478,CBED7AFDC34BAF9311BC7F31613F38AAD6271914D68860750C2A9D6BCFE013E7,827,1170,RGB
4928,page-4928.png,285801,8993E9636437150254B3DA2C8FD1E238CB45BF7A5D0EBE1B233C060E0868FDEC,827,1170,RGB
4929,page-4929.png,215744,1B2E115E3463E53896E4CE2695CE7884E4979CE7A5CC77414B2B4279DE9AA6B8,827,1170,RGB
4930,page-4930.png,290534,30E1B60E9862CE588B2B706DB43569EA6015DCD4AA74CD059F0A9481581AF089,827,1170,RGB
4931,page-4931.png,356697,997A4ED24247A1919DA02FB135EF8B7D51E219C7E79BE6175D1779CE1DCE9E24,827,1170,RGB
4932,page-4932.png,341186,57564A1F881EDDA8A55222F6986600F0FB9C3ED42EB3C56E620CA511EE4D8C7F,827,1170,RGB
4933,page-4933.png,299948,AF2A2C4C03F95F727886EA628CA762702E0C061ECC34B9B17EFAC7F0DA1F25C2,827,1170,RGB
4934,page-4934.png,314946,9F2A8A9FE6E276AF3F1CFDE2277C01264FD0EA8D9841498449A5FEC52B598186,827,1170,RGB
4935,page-4935.png,303380,EE0E6F30CEF3878FEBCA56631CD882F1F6F0CA8E5364620BC502E26692D1B7B6,827,1170,RGB
4936,page-4936.png,325906,7F37BB6F9D19753DF10EBAFAC558355C9FBAAE01480ED4A715C8713AB920BCFC,827,1170,RGB
4937,page-4937.png,263565,A80BA339B6F0A02B2F68E4F8590B6A6AA4BDB460DF186B7B85555AFB1D303233,827,1170,RGB
4938,page-4938.png,305070,F9BF3202183B229881C5BE1246A3E813B7675F68DDBA27C43F2F12C0C9B5BB3C,827,1170,RGB
4939,page-4939.png,278022,4AED15BAE5679DC98CCDF8F47DB1DE8B73E6F402DF31F66D21D9F86A5137133B,827,1170,RGB
4940,page-4940.png,245511,9DF692E437A09E82289DE1429E65A1B59EF47A8B9D966776CF5CCA8B8FFE9B63,827,1170,RGB
4941,page-4941.png,267521,C5002AAF13AFCDD032998424CEC7B4798675A3931DED63E6F4103130EB63852A,827,1170,RGB
4942,page-4942.png,258444,39BD7AC2258065776C27CA6118423F85FBB0E15D432FB07E93132AA11B254BB7,827,1170,RGB
4943,page-4943.png,258249,8E1AB06F49B6515B38ABEC1D67D773A0726CF11B1666998BAC948773FAE6E811,827,1170,RGB
4944,page-4944.png,238408,43D223C86439DACAA978D9C78B19DE7E943DD514093762BEA4BC96749A78FF42,827,1170,RGB
4945,page-4945.png,287338,38E5CC7CC4553F189FAD482CA1B71769C00B1DAC8BD2A8665FB2FF89D1494A9A,827,1170,RGB
4946,page-4946.png,240686,A9577A79F31BE8AFEB9994C21A4C07EEA42590CC2DC0966D20258AC7ACEAD584,827,1170,RGB
4947,page-4947.png,300813,3F54961A21949A5308096D5D938A074E4EB4BBCF75D32461775DC5540BF001F7,827,1170,RGB
4948,page-4948.png,308249,A7338AE8F3DA0140F0968FB6853B87AC335776B948F71C5E90A1474E4F048A13,827,1170,RGB
4949,page-4949.png,321604,F8CEEEAEFE94058977A99E14DD3EFB98696293560708DEB379EC6A962833C3F4,827,1170,RGB
4950,page-4950.png,351972,7A74E30B691AD53B5F4050A352373211A2C9ECE7034FA494C468A4D6A25751B6,827,1170,RGB
4951,page-4951.png,324629,D4BA29DD895066D53D1D4B523FBD134F78B23ADE2BD1B6837E6B8B513A47AC7F,827,1170,RGB
4952,page-4952.png,348429,08238A4700BF3562C809072B3B11E24E8CE9D7F69632BEB5945A5ABAF3A9EE5F,827,1170,RGB
4953,page-4953.png,43749,08113A0B2DC05DF0C644F35DE68E70E284B4B135D9D80CDB3D0C8FD5D7077978,827,1170,RGB
4954,page-4954.png,288877,A606CE58F36D540C827AEE87870CBB59AC8C1E3C2DD2F1C602C72A05E70F12E3,827,1170,RGB
4955,page-4955.png,348473,D44C5278143703D02C196700D410BFA8588EFDE75926DCC7773838F846C57ED4,827,1170,RGB
4956,page-4956.png,301210,6E00C33D386E6DBBD3ED82562E9616E7524E9195A0E5AA67DCECE8CE48E2EA62,827,1170,RGB
4957,page-4957.png,235980,ED6DCF2160DED5FC7BAD136A4B0A141BC9C66C5E055400850E3CDE15FC44EEC2,827,1170,RGB
4958,page-4958.png,221554,E9B23740C34EA1094A1489030A62B275811A1402EC5745F032575D2B86E6CF5C,827,1170,RGB
4959,page-4959.png,275192,0AD2CB0AB62310062F49658B3A8246DB5F0FF266A9AC38AD88561CFC80FBE122,827,1170,RGB
4960,page-4960.png,269285,7CD063A1C2C681B1C065D68347E3295B75A3EECA72E188CD098F31FC8C2DD9D9,827,1170,RGB
4961,page-4961.png,270623,16664357DD88B92E4AD967CAF3CEBC6F3E32551F7AFBDD384BD0EB0E9C136BBD,827,1170,RGB
4962,page-4962.png,316334,94E2DF8AC5932751E4166E6E786F2228AA8AFF0AD6821D0BBAB7E3E1E683137A,827,1170,RGB
4963,page-4963.png,299811,BC4A6CAEEC1171591C46D2E00401BBCA7265A84202153141C910FEAB6E36860F,827,1170,RGB
4964,page-4964.png,318262,94DAF2F158FAE265EBD34FBF14DE0FBC03C9E3BB91D51A5DA3EF90050F9707BE,827,1170,RGB
4965,page-4965.png,299918,4D59A4CB69A99FDF8B561089BAB0D1CA687473238B8396B6DF2869B7934E2F95,827,1170,RGB
4966,page-4966.png,299426,FD886C3933078D9D40EF5E58AE4ACA8D8D5572DF3EF0CE3066FF571F43866CB1,827,1170,RGB
4967,page-4967.png,248288,03E4A16DFA68E90DB2161A60EBC6E8E06271A8C8F25C82DF95FCD16459391E57,827,1170,RGB
4968,page-4968.png,243731,4FB4C2562CEC7AC105A0BAFBD8BE104331E2C3FCD78986F95D34341E3618D522,827,1170,RGB
4969,page-4969.png,305924,6A27108E94B20224E36F1762D82D20B03D5BB46FA6A89142A64D75A088F2C6B9,827,1170,RGB
4970,page-4970.png,326861,F7DCE8CA73BEA28FD35C2FD11627AEBE021FC4B4839D84E281688E6720FEC77A,827,1170,RGB
4971,page-4971.png,291085,1353141B3403D95F747A4A4186374D1D5BD9EECD8F7525ED3814C95CA7ACD18F,827,1170,RGB
4972,page-4972.png,302906,E9FC9136E5D38E8AA73E2987944EA622F2E334764E5BF8BCFC2747D9ADF3633C,827,1170,RGB
4973,page-4973.png,306906,11EA19B2869AF03D97646F0B05CDCEF9D1F7557D307F9AAA40A11C58B7780352,827,1170,RGB
4974,page-4974.png,327442,884A120BE8517DF2C859EB28E675A3F211424286BFB00904C70A78319E15A16B,827,1170,RGB
4975,page-4975.png,228431,E21B0DB4BC738EC7402529BFF2D0A42A9C23ED9417F5ADE507AA498F2BDDF068,827,1170,RGB
4976,page-4976.png,194902,C04F928B81BCD1BE7321B06AB5A42D5EAE9EFFF1F5AB753821DBEE005DA68AA7,827,1170,RGB
4977,page-4977.png,280512,39100610513BC604421F557FE1CB32802FDFE30B801586437538A88B6E5E577F,827,1170,RGB
4978,page-4978.png,240649,F15BE5FB8DA9DF04A2440CE8EA81DCD43934DAF487BFBAEE646B42C1D1DC47AB,827,1170,RGB
4979,page-4979.png,287959,760521D0392D52A19C2DB95C602C6D8C43AAC33643ABD68AF20D7338E2076F02,827,1170,RGB
4980,page-4980.png,277224,CC8DBDA477CA559B8D66B3E1254283F51DF0DCF683AECAED427937135005641D,827,1170,RGB
4981,page-4981.png,226176,5E2CAEBD9D6262D5B97B3BD8B971CE5CF5DFF11896608850A07D41E81A980759,827,1170,RGB
4982,page-4982.png,242882,F1C6BE3166ABA5B9ACA7B8C3FBBB63DB85C5B74D2A8FB51BCCD4E75338DB122C,827,1170,RGB
4983,page-4983.png,286086,05EC968BC0E99E73271D3090B27BC99043009DE3919A47EE685068657FADA2DF,827,1170,RGB
4984,page-4984.png,288943,5565E8F417FCD23715514DD624F600E70EBA46B6FB50B138D4F9ABE332464B0C,827,1170,RGB
4985,page-4985.png,289918,635A118E97835E97A3774A27ED0C9A151A39C45C7574088317B3B4F3C4F70964,827,1170,RGB
4986,page-4986.png,316202,CE15FB8AB50F4E4CA5C702728EB75324957CB4ED0DFAE76C6538A9AE9F00B2FB,827,1170,RGB
4987,page-4987.png,342817,E758CCEAD3C9123E3A976B2B1E38BB4CBB0DA6DE7EF091D221509639BD6027E3,827,1170,RGB
4988,page-4988.png,252078,EDC548C98E5540F69E6B18FC77D7EF1FA0363188E8DB71713BAEF4C6A97E33CD,827,1170,RGB
4989,page-4989.png,332873,2A66DCA902A3ABF51E19E3810FB4081202055433335555FCA7A288580E13E89B,827,1170,RGB
4990,page-4990.png,353670,B907D548643FD2B1462BCA0967C4FABEDD55BBF55B42576DE4A191F06E4583DF,827,1170,RGB
4991,page-4991.png,326061,42058E21FB58EE99A6B39528335124F3E3F3DDDE452F1562F937A5C8B76F10F8,827,1170,RGB
4992,page-4992.png,396679,A4A79837A620109F5B2DA609EAD86FBA451487C9842AE39A01E14D36F279539D,827,1170,RGB
4993,page-4993.png,360745,23C01D3F92B107C389081A5822CC9F9D33D9A90533B893CF6F3790C3C4ADCC42,827,1170,RGB
4994,page-4994.png,234917,AB243D09AB332709B10805304738E001EBB2214633DC75D96D65E6E81AD5C74F,827,1170,RGB
4995,page-4995.png,296448,FBB811719795C469A54F454E96249BAF1C3A0446D956CD711F2F4B03B678F29A,827,1170,RGB
4996,page-4996.png,321275,7E769BA01FD2B8CF0FD199371D62F70C1C5D61BFAC17BBBF76548CBC4EBB93AA,827,1170,RGB
4997,page-4997.png,269623,A56589460F21C067558766EBC2FFE55489C0A99CE10B8AC9DC81FF3D232AC882,827,1170,RGB
4998,page-4998.png,337431,3D529B303DA2FE3302D8DE8A2027600E76FBC1EC3EAE724E6C479A3930271AE9,827,1170,RGB
4999,page-4999.png,361541,569255038747555BD798AE78D1D0987320114D1BDCE91C39CB98B51A36C022EF,827,1170,RGB
5000,page-5000.png,312487,C3B05C3A09A5878D9A634E266F3B9FF8735A69E4464784AE27B4785E163134BA,827,1170,RGB
5001,page-5001.png,310489,9F4A6FA2921799CBCE169E64AB4EBAFEFD3A4F6984C2C9385EF62366FE718E4C,827,1170,RGB
5002,page-5002.png,358024,13B9CF0DEBAC789E70768E976E51184E89600BC010B339FB9839F4C0DBCBC3E3,827,1170,RGB
5003,page-5003.png,317669,0C6C2E6E77494C7187CC3F941A4405751B762BA737956357B48493E3E8B133A2,827,1170,RGB
5004,page-5004.png,336509,A8D5D56E3C48DD486803A55797E88A3A4B80ABA210CABB33ECDC685C91CB8FD8,827,1170,RGB
5005,page-5005.png,204336,560A29CB875D25EF6B52AC569B606AC8F65242B41BC8F0FB96DA03984FCAB0E8,827,1170,RGB
5006,page-5006.png,329046,34114C382AA01A16E30ABA2BEC2BE170CF636FB673F9EE2C8A6CE7980F448582,827,1170,RGB
5007,page-5007.png,312306,6935FFB3A51B5726C9B615176093E428C0BF0925D260D460F7F437E7AD497CD7,827,1170,RGB
5008,page-5008.png,271030,CBC646ACE1EADC72F47DBDEC0E5E460FDF234CF1D692D695A412EF57A2FFE5E7,827,1170,RGB
5009,page-5009.png,291114,310ED408FAA87AA46135630D3901DE7CB2FA7E6A8A81B109391CD250B134DBE0,827,1170,RGB
5010,page-5010.png,263173,5236137BADD60A6B7C5F6EA83A32BBC679A9D42A9DD508C13E90DEDC3934E44A,827,1170,RGB
5011,page-5011.png,339205,49532FACE418D54E21A4B748CC0BECA302EBAE134228F34C08D6E445D5EE0430,827,1170,RGB
5012,page-5012.png,261593,80D8BA93AFB2DCCA666DAC3C7CEE6F2D63AF106141BA57F176D8CDDEB93CB122,827,1170,RGB
5013,page-5013.png,306269,CF9B0868F71399558FFA333C250FAE78F9946B089F725FA9E559D67692E0FFC9,827,1170,RGB
5014,page-5014.png,221698,713104C05A63C82BB332A40F77B0183E9C3336767BA442A868FD3ADECBE02142,827,1170,RGB
5015,page-5015.png,336758,D7760C4AABADB22C8EF47D7ACB9FF4770BB5B96C16F6A1BE8A16A32030A5DA44,827,1170,RGB
5016,page-5016.png,338610,F9BC531B92C5CA312DC7398033B10C5A2F9F69E97A935AC7CF479873591BE728,827,1170,RGB
5017,page-5017.png,396333,1FC8C14EA403B8238ABDB6D61F952C331A48175CF9BC6011662EB44A4DB8914C,827,1170,RGB
5018,page-5018.png,321735,A499C655F80637E9EEC841C6E1BB785F2854EFE8F19D5B0614A515B44932F5BE,827,1170,RGB
5019,page-5019.png,345355,560580E3C47EF893C94E6C04023E5BA1BE63F1194845A36FAC362D95A7BFAC23,827,1170,RGB
5020,page-5020.png,297409,F5152C9C5E5B1BE8C5F6FB4CCE2B22339C2E0446C584C5F1FDAAF0BDB61BF48F,827,1170,RGB
5021,page-5021.png,237611,26A3C0ED4220059F87AE191CCBFCE5217F04A4DF5AE5E894A530B51454DFB99B,827,1170,RGB
5022,page-5022.png,275849,D87B5649FD9E68E360D01437BEB5E3AF4586A2339EBFA425735C7C8E159FF6CA,827,1170,RGB
5023,page-5023.png,353897,91D1E65C7B871B274A6E898ABD92BE118EFA40F8021EB3B59945092EF9E5B67C,827,1170,RGB
5024,page-5024.png,321989,A0A40D324E45BD65B7CBC2623115D88E9E233323D04FDB4F67EC0A9A8C2E9D80,827,1170,RGB
5025,page-5025.png,280660,8C36475006589B82E6B5075AE763382D9B7624171051591A94C672E937B0AAF1,827,1170,RGB
5026,page-5026.png,311314,42D1588D40F330E578CC999AC836231C7A4BE6EDCC3EB26A1B2FCB73D10B3C2A,827,1170,RGB
5027,page-5027.png,347134,49B36B3D25E7C151A78E42F913A8E19FAFE5B210C639F26F84ABA72D01F19603,827,1170,RGB
5028,page-5028.png,362900,4B85066D7055F15521A49FBEAD2AC3B0B3894025300ED7D6E586FC1FDF200582,827,1170,RGB
5029,page-5029.png,254929,AA18089034AD6402153E83156A327A76678D2A48F49A3320C2FC900E3D5E5886,827,1170,RGB
5030,page-5030.png,298094,1CB38A54AA3AB2BBA5F47664D0C81CA92A6ACD7EFA4B1719E4FD740E91D03EA9,827,1170,RGB
5031,page-5031.png,294171,10A4A36F89F689374C77EBEE59907D6F77A86FE21EDC7032E0E47102378AF164,827,1170,RGB
5032,page-5032.png,371361,5ACA3EE6050AFAE0E21D96E1D59C5F8E4CC315C31CA14912C0557F06DD833DC5,827,1170,RGB
5033,page-5033.png,291019,0FDAD6BBEA148950A35B4BE4F81A3661128D23D52429F7630EC2BA8043D982F2,827,1170,RGB
5034,page-5034.png,321577,933DF1738330BE8D06CFCA47AFEC26EA5000D902EA02690CF06FA54C37E2B85F,827,1170,RGB
5035,page-5035.png,259983,2A327020CC8930E0FAC56DEFC1CCD0FD13DEFFD4DA53A1F5D9CAA8F649DCC4A6,827,1170,RGB
5036,page-5036.png,353145,836E6BC243ADF151B4731D567AE120F5FF0BCEA26E58B9C5D5BBE4334D1F88A8,827,1170,RGB
5037,page-5037.png,281762,CE181B438BF68BDF66CDE01C489A0D2761CD55167604A0A0D36DB27C46024921,827,1170,RGB
5038,page-5038.png,313811,D9CD619AEE5AAF9B406FC6748ECDC76C8033F7EAC46B503EEC9ED66018EF1767,827,1170,RGB
5039,page-5039.png,237140,F0FDA88E7929B8C01B1FFE7317374F902232BA62508F2C41EDDDC26DE8EECF6A,827,1170,RGB
5040,page-5040.png,329772,8FF23092079DC3D240B13126840AC5EEFFAEA9ACCDA8326371BD6CF1DA5CC440,827,1170,RGB
5041,page-5041.png,323308,B22CB0DDB902468AF990E0C01F54AA771DE82F8E9405131B26AF6E61B594D4F5,827,1170,RGB
5042,page-5042.png,308534,1B2D64474A1715FF28196EA66BF95A44E97902932558801621F637123089A363,827,1170,RGB
5043,page-5043.png,275924,F3EBFF3E1333EB21C998F2DD53ACC7A99ABB4FA9F79109BC79CC1C505D1B1E24,827,1170,RGB
5044,page-5044.png,309701,48AD5D990F65121576FE0F01C5BA38F19CD135F60D91F1936E2277507988D449,827,1170,RGB
5045,page-5045.png,228017,E4020FBD16B0ECF298E4B8A0B0CB65F063A5F72898647F318D3B0739990529BA,827,1170,RGB
5046,page-5046.png,291369,950D606781A44F4AA324CB285CF781DE6D1BBDF8753344100C96CE297DCFA248,827,1170,RGB
5047,page-5047.png,400146,B5295736C0C68590A2F72D4091BF1A0B8D82D9EC6E6CEEA14167AF106D1591AB,827,1170,RGB
5048,page-5048.png,73714,42606FA26AA653819695A93D9709827EEB5CBF07F74E510F7025A037DA7170DF,827,1170,RGB
5049,page-5049.png,290930,685B054BDF3B4E30F9BAEF6895B53E4CAA404FEC38BC2679A8CEBA9BAC9550E1,827,1170,RGB
5050,page-5050.png,369988,5EB952F4F85312523142D630A738B655B20BD1A4E41369264FE0201495B29730,827,1170,RGB
5051,page-5051.png,356008,ABA0967DD9BF11CCF6EF24126C59D0196181EE2D52FC0D8F02EAFA4D7BF51C2A,827,1170,RGB
5052,page-5052.png,271011,FAF1DD2ABCE27BCFC333D1BD8E7AAB03CC6909754446C4841D78A974F52580A3,827,1170,RGB
5053,page-5053.png,244434,F40E3DD903238DE6A6ACA4C3321EFE65DC26E001523762C78108E1CA46849533,827,1170,RGB
5054,page-5054.png,196365,C54E0B3FEC8DC1E7843EA7166B469E01BBB1109DA1A6E1F37D61C341F6784DD7,827,1170,RGB
5055,page-5055.png,283852,B9443EF264E8B388CB7939B6976575F64EB67AC3F33E78CEFF32A15EA1ABB720,827,1170,RGB
5056,page-5056.png,244072,E0A90904B1200CC8829060AB4055AE137DB1BD53E1FD0FB55E220289D5A219A0,827,1170,RGB
5057,page-5057.png,280376,AD8719FF1D88B7EF17826B79215C7821BB0F6BC6C03FE4CAB160C1DB319C86EA,827,1170,RGB
5058,page-5058.png,328654,4FFC8021E6DC1AD5149066D2392239D410D176785B91B0462EC085E0EF8E5BFE,827,1170,RGB
5059,page-5059.png,268317,7EE0861FB467AC2C61D012E73ADDF3B89A5CC0D94DC06F195856D9103D33CC09,827,1170,RGB
5060,page-5060.png,245072,90E49BE93584DEFCE7DBD45C27E0F5DB7EFEB3619391C9979C539FD9654BF486,827,1170,RGB
5061,page-5061.png,272575,A954ECEA7D890E899BB075935A565481C79C7A6EE1F0DC28582E88C647D84958,827,1170,RGB
5062,page-5062.png,326668,2E018657C959E3B5EEC63471829013B1823F3B50A1258035EB36841EA7D76A5D,827,1170,RGB
5063,page-5063.png,231309,C126AF33B79BE92823B8CB3C24B4455EFF7319A4D00952B48BF4CC6EAA693033,827,1170,RGB
5064,page-5064.png,359944,725D06353D667307BA7F3FCADCD82632CF91981F70D63FC5D0AEB260003DF7AC,827,1170,RGB
5065,page-5065.png,338113,7FD5757989042708423FC1B23A866EEFAC27F688A553599549C0E0592C54C26A,827,1170,RGB
5066,page-5066.png,300701,F68CD171239C49A43E8A4AF04627B506D1C51938269526791D77C3006667F75F,827,1170,RGB
5067,page-5067.png,370038,B2D16B2703CF47942BC6486E1B1195381D2BCCD7306DB4A3E74EA56896C0E6CA,827,1170,RGB
5068,page-5068.png,340027,2D15050A81016908223CEE0B4267BBB243393C12F6991EC3A024A34154BCF393,827,1170,RGB
5069,page-5069.png,287791,FF096966D3482E5E6BF735EA7683C3FBEF645D5DFDBDE401D9B12D77892AFF38,827,1170,RGB
5070,page-5070.png,298155,170461A692B3958C48BDF347832C067A292A1FD741B835B78B71E4F558D28E0A,827,1170,RGB
5071,page-5071.png,96077,1102BE219AB9E4368CC4D51919E1CFB6200CC03531D30FA843FBD246DD969113,827,1170,RGB
5072,page-5072.png,252497,385EB8E177CB7C2AB23C62234B033D7B2B56C096FDBE0019C7B6DEAEA0E4E332,827,1170,RGB
5073,page-5073.png,312385,7C9BEDE459F088A6FA70F5FE904A8668BB48D93A456D3A4997237170C7C77BA9,827,1170,RGB
5074,page-5074.png,349520,5F3891BB01D214DFB95AFBB7D4806E67A1227FC4011108ADF9E9C0DCF2F67C3A,827,1170,RGB
5075,page-5075.png,284972,687B68AC7FC833AA9AE2600DC2D413E2395DC0CA0D667F0FAA406C4135371D85,827,1170,RGB
5076,page-5076.png,262867,B5C5C95F074B9CF759228D972FBC4A955E54276F64218A49D4AA763468BFAE3A,827,1170,RGB
5077,page-5077.png,233072,9E7630ECCF6135427E09AC939F7BD1F336F6EABC9A775EF4E3C98B83B2C46CE2,827,1170,RGB
5078,page-5078.png,284110,20649F8907FEAA168BB225831DE65D80539036D9F37EEF6F2C66E354CAD4524C,827,1170,RGB
5079,page-5079.png,249110,AA0FCF5F6A9F317A29182852124638C8AC465D00C4F6155A83606688DBB739C0,827,1170,RGB
5080,page-5080.png,220331,38CF9BD4E9E054B48D08C8E2988650CCB0BBD027EE6F0E1E093B87822DB498B3,827,1170,RGB
5081,page-5081.png,224534,12B435BC537817A45211CDEAF8A73998C9ABCE62C755455A6E49AFB6A1DB04A9,827,1170,RGB
5082,page-5082.png,303875,F569D0BE165D0502EC437539BB1105093A43F15582B7D90F949747CA5C50454F,827,1170,RGB
5083,page-5083.png,249298,73D83BBB0647AC6ADE879CD790CB1CC22BA4A89830D0C40EC636E5E46191B4A0,827,1170,RGB
5084,page-5084.png,288249,FCCE97F84B0659CC3637C6D6260D5577ADB8BB6859CCD8777257F41AAB43674F,827,1170,RGB
5085,page-5085.png,232097,FE1DF74EA27B9F57DFE3984BCCA4462EA7E7A894C7268D1435FCB9BB3499137C,827,1170,RGB
5086,page-5086.png,308655,7E6C2596989BBBC56A1CB2E190D386114CBC133DD5D00E8B88A223F7108C00F5,827,1170,RGB
5087,page-5087.png,260992,1FEE9D4F2049FDF2101032FAFD39B27C9CA1443AC9D130244D0AA558052C1014,827,1170,RGB
5088,page-5088.png,225577,3103446A940ACBD4DEB9B4E01412F5476408410D328A1FB54BF6A396908E9802,827,1170,RGB
5089,page-5089.png,224278,B0B8EEC02D08FBE75426EAB79C73C9EBC4C222CE927BBE485DD5D6562A99E06A,827,1170,RGB
5090,page-5090.png,243791,913EA9D217B0E8E475013954327D4E0BC36F73B985B4AAD499CBB2340D20AAF9,827,1170,RGB
5091,page-5091.png,349679,D955507DAC96B6F952AF39EAD84AB44ACC3492CDA202361E23EAFA6AD7AC54C6,827,1170,RGB
5092,page-5092.png,228538,DC05F6AB2094BE7DDFA41A4DA700A8AE3E2ECAACDE2802A60952BC9518AB30C8,827,1170,RGB
5093,page-5093.png,254905,5A305021E55C91A783116EF763FE42F669B8A13C0247F5804EB982A8368CF07C,827,1170,RGB
5094,page-5094.png,308593,980A74CC9193E00CF1D11E1FD2F59E14BF728BC08487863885E7069DE6E44C2B,827,1170,RGB
5095,page-5095.png,288147,58706D5310241507A10658B5B1F4A23A26EE876D07BACD9A975C2696E2E5174F,827,1170,RGB
5096,page-5096.png,302789,FBA2FB93125B7F976B4CF7AD7796633BA595CAE8583502445351788091442522,827,1170,RGB
5097,page-5097.png,242358,E8A85D521D554E755AB30AE2229A8824947FCE466690553A87AB2641289D90B5,827,1170,RGB
5098,page-5098.png,331196,8F970DB987352C8BFE9CDC617560771249BCB32272F71E2AD3C42C873F2BE76A,827,1170,RGB
5099,page-5099.png,262076,E90056600888F636ECB983763A7559BB4CADE70102C919DE0954C303521FC7E0,827,1170,RGB
5100,page-5100.png,252143,9356ED55B10D89C4238BB107BDD65F44C961A6934D0391D7B54EEDB91BB5DB68,827,1170,RGB
5101,page-5101.png,348454,2384C20B3967BBC7EAF03A7CE0C645319C3080042A28F706FDB68D13561929BA,827,1170,RGB
5102,page-5102.png,279117,2797185360EF9B7ACD85C59CFED17E5C035BD60F13ABD2671FF05CA052F4E3A7,827,1170,RGB
5103,page-5103.png,272658,AB5ED228BB2F5B84309CE5F6071FACDAA9297E794016C666B1F0C6DF8F74F855,827,1170,RGB
5104,page-5104.png,295331,BC047A8DC9F31875F93643E9A650FAF06AD6394F2234B5659601C66606DEEE34,827,1170,RGB
5105,page-5105.png,366244,8E008EDE312432BA5CDDA2FC0B20D177D57CBCC923CBDFCA144F17A1FAA54F39,827,1170,RGB
5106,page-5106.png,359391,0DA87D5BD8952EA22E6955396FA8964888895D13273209932CDFF02B8B5E79BC,827,1170,RGB
5107,page-5107.png,280921,F1619DB1B2300B2E4FC14B9D1BE2BA86B6B58B1AB479B52E56245A88A7EFD91E,827,1170,RGB
5108,page-5108.png,297036,BABF01A3AD94733C8B35DC40D4DAE19A56C7EDD6FB222497E3F3816AD9284341,827,1170,RGB
5109,page-5109.png,256322,5417B93B0C2DE11A9E30A91601D10ED68F11F16F34ACC2A82984DA0D4260E479,827,1170,RGB
5110,page-5110.png,355600,F346600126E2EC4B14EFB14344F3BE4AD83CD5F0264D6A6B272A36107F00974F,827,1170,RGB
5111,page-5111.png,384277,BB2438AE20A678DE2647AF99FD781DA9AA03A76E9B219088C78F7337240DE038,827,1170,RGB
5112,page-5112.png,320010,9D5AFDCAEE0C534D5019DC3FCBE5FACD96AE9EB1B1C66C11A04D36F50D057880,827,1170,RGB
5113,page-5113.png,209269,A4B102220753BD44533046E2CCDCF1AA1CA39F7E41E6A99381C7DF1981A92DF2,827,1170,RGB
5114,page-5114.png,337291,9EF98921BDD5E1B92B4DDA8C512AADAEBE0188E9C721A6A19CE3794B9B33AE82,827,1170,RGB
5115,page-5115.png,233484,89866EC4A8191448ECF2E0B9171C54E1593BD3BA2BEE56FDFFB77CDA80848D36,827,1170,RGB
5116,page-5116.png,361433,8CAB7FE62BD093810DDECF6F129D2C50F950BDF0B87E7D7BEBF0BFC782AB217D,827,1170,RGB
5117,page-5117.png,359840,151995FF16CF982C19D000F583964328B28B551A44449980F18FA4A37FE13AC2,827,1170,RGB
5118,page-5118.png,339466,D53AE7E81BC2567FD134F87D02B6CD5B36780C19D204E81B981655073101B212,827,1170,RGB
5119,page-5119.png,346453,725D6DB0F258CCB212C51D0B5985A1DF2572DED21019A19D07FC3C3B308AA17E,827,1170,RGB
5120,page-5120.png,360496,D34A18BB05278E409BC1A3046F811AD3B5095670E1D996C2A60575999F6CB034,827,1170,RGB
5121,page-5121.png,357388,C83E4062FBA47CBF60BEB2807AA3AE16B69306C33E7D7FF87BC3EA277D4EFEC7,827,1170,RGB
5122,page-5122.png,319332,7200EF784AAFA88CABD9F8E3E84CF2C2F5C5C319FCB442892A64AB75F0112E2A,827,1170,RGB
5123,page-5123.png,268094,E6464A19B63D5078169D0456CE312E8B522A45DE613BF0D2011AE674932FA0ED,827,1170,RGB
5124,page-5124.png,290797,9DB5C72EB4C90569827DD059F328332425A839796329DD13342F3AD6E4E3E402,827,1170,RGB
5125,page-5125.png,290887,A12489A651EC79AA5EF7DC1B9986254E693EC1A1F7190F30715BDC0D6711EDD3,827,1170,RGB
5126,page-5126.png,298579,5043175D82E487B680E97DE31D8874CEAA23710CF4A9F767874FBF24929656C5,827,1170,RGB
5127,page-5127.png,338175,6071D1656D4CFB53EB4C18623CAEC2041A84CC89917F7927390A14A0E8F8DE57,827,1170,RGB
5128,page-5128.png,316441,DE2EB1B0CC51465009F3B21B86853E42A98635003286F7A2E96299976B4ECB9F,827,1170,RGB
5129,page-5129.png,246550,643CCDE54ABD722913A2BA89022637850E5A70CD9AB5DA4D5190289523A1E8FD,827,1170,RGB
5130,page-5130.png,301214,75E070CFA913001ED9975E6747CC5004551E739DFAAA16A9383107D4BB10834F,827,1170,RGB
5131,page-5131.png,327187,398F657216E741232B4515BD1948F6C1377BEDF008B153DC02C2921D279551C8,827,1170,RGB
5132,page-5132.png,277394,48DDC8E25F6657F63D3906EC4FA048ED2A5A641C62141A186A0CDD7C37A70FEF,827,1170,RGB
5133,page-5133.png,293622,447D6E611908E3226918A132627EF9AA37851CF7EE845FC138C35A3EE7F5F7CB,827,1170,RGB
5134,page-5134.png,252256,8CDA57D1EF6426BA39B3E2D9F777B4F13B1AE001D7ADD0E254CACEAB9B66BFF8,827,1170,RGB
5135,page-5135.png,240933,8F794DADBB1DECFF97320DF57DB2CCE99BCFED22022072724C7B68C46EF44C3F,827,1170,RGB
5136,page-5136.png,264524,B3458E4CB16D44F158A6B28E4B60971C2757AEA8B257683526C275E064A8E542,827,1170,RGB
5137,page-5137.png,238711,2FB6E46E15066736C4585059E72E378F92D9B6ED2EE7FE9077E750E69E2B88AE,827,1170,RGB
5138,page-5138.png,209972,FEC371D5E3F89E4F0DA002579AEDDD306D7BCE3427D828F857271C7B93665B01,827,1170,RGB
5139,page-5139.png,228734,15D3EBF28FAD5EE4498048CAA7293DAD72B3015C736C70ECB89A4E7B2DBC6E70,827,1170,RGB
5140,page-5140.png,256634,4D57590C85F8241D572D37ACE1FF27603502E9E0CA9C65D7C9719826A0820687,827,1170,RGB
5141,page-5141.png,285277,DE45C4847422BAAF20405CA1DCE8B349B27856C82B003687DFBFC83FD67E6063,827,1170,RGB
5142,page-5142.png,290450,26D1E6D334F70EB4840EC1F11E008473DF99898C4E07F056DE0D37EDD856F9E4,827,1170,RGB
5143,page-5143.png,331093,4BEBD98D28A80D7B87300B901DC6FAFB6ADEA40F2953AFDFF12E6CB71240B2A0,827,1170,RGB
5144,page-5144.png,310922,ECE36B719B009A2AB915BFE4D210A31F378BA4EEB87764509DA5532B57CD7D33,827,1170,RGB
5145,page-5145.png,351154,0E0B84EDDA72DAB196BD8FDB2A45B0329FCCB3D17D5026795C32201D272BC486,827,1170,RGB
5146,page-5146.png,315273,52F39F42514F215FAECDB287B657479CE3155112D490DBA4C2C316A7FA382A71,827,1170,RGB
5147,page-5147.png,195413,26929CE77D5DA4D27F0F16724EB051B5906BEC486F58C0AE80B300A4785A2777,827,1170,RGB
5148,page-5148.png,226514,FCA7863F7C779A4D33B6D67C11138BCDE50C46A27BE1C9D3DFA270F9DD3EB4ED,827,1170,RGB
5149,page-5149.png,186131,D5F1CF98731CA614F6045479BF078881D82700DBC314A66525276A2A43FB95E1,827,1170,RGB
5150,page-5150.png,293741,CB37A665154CF0E24A7B2BAE756CDCC060D5E395558E28726848ABAC627BB93F,827,1170,RGB
5151,page-5151.png,375668,E8FD2B4A080357107410C03C8571E5641146082B2BDC8E45616EDAC688BA2DEE,827,1170,RGB
5152,page-5152.png,255695,4BDBBA554BBBE4D5468E72B211663D8408B06B17DBD605A54A09D8A1CCB93D67,827,1170,RGB
5153,page-5153.png,272277,38EC30EF7F4D3D3D8F735D9C3B820F5EF27A95BDB5085E5E0E180783F3F006F4,827,1170,RGB
5154,page-5154.png,216787,69CD5EEA3636F5639112765C15BAF77CE081747C91144F2797AF8385778732B0,827,1170,RGB
5155,page-5155.png,231661,E9396D9F91B861135DC8953509248F1D401D1B4E48564F6F1C0059869ADC7BAE,827,1170,RGB
5156,page-5156.png,251960,8BBEE315BC66324406646C4141EC263EE8F01D48DF6633EC0CF02F0E3BFDA5E2,827,1170,RGB
5157,page-5157.png,303390,E76D51E1D62621F99F95D536728C1FC6A278F0A3F6DA2FFE1C36E45F7EF83350,827,1170,RGB
5158,page-5158.png,328590,E558549B3EAE207AA26A655AE0C39AFC69005752F3FB337A01045973842064A1,827,1170,RGB
5159,page-5159.png,340314,89D37473DDC97295DCAA5C60CFBF0C8CA8222B600DB3372742E068CCF6BB0AE6,827,1170,RGB
5160,page-5160.png,325251,7A6DD6FAA633733B4D23E4E2C94783E42D8A9906DCDC084AA1666DE5E988FA72,827,1170,RGB
5161,page-5161.png,290327,AE46BC3C3862D3A7968AFF85EE69D826C2D2F3995294BD3E1699BF7438643384,827,1170,RGB
5162,page-5162.png,263573,50110BC6BF63BE699E3DE02DAB28D4E08F392B46E26F3B62BC12DA0E3F51180C,827,1170,RGB
5163,page-5163.png,357999,0DF39C3629D17CFFF7D55EB066EEDAABBAFE8452E25A580679E1FA4B18A8548C,827,1170,RGB
5164,page-5164.png,347176,0758F708FCA6B856D86AA48828B6DD5A73DB3BD2CE7F9D805354A70CDBBBD723,827,1170,RGB
5165,page-5165.png,354212,DABDCCF7A43647A8EE6499C22935A875C6D300D3BB5925579357A0B25D2A7808,827,1170,RGB
5166,page-5166.png,267399,76E8BF9D2FABFECA63E46C846671922D33F233C715529BD233FCFAC47C1E99C7,827,1170,RGB
5167,page-5167.png,350262,D867A1B18A3CD448C99C618F9AF458B9A646CAF10FC29E04A79963CEB24DCD0D,827,1170,RGB
5168,page-5168.png,287443,28671834ED9F82DF0994146F5957C35BBA15081BFFB00936C3EEB011B5392C73,827,1170,RGB
5169,page-5169.png,273585,057B912D189D0D61A480578F034326C01B9FB7FE96618231B295517F60A8A806,827,1170,RGB
5170,page-5170.png,240907,FA2CCECACC1444002C35D31C4D48611E1A733F0715B0A7634988CB2345FF23BD,827,1170,RGB
5171,page-5171.png,229008,96A80BFB167329F270DDA53F0B01DA457FAEE95ED32DC5D3FBAD3880143AD8A8,827,1170,RGB
5172,page-5172.png,297627,AB6C94A938D0F5941DDEFEDD5F10C1A3CB1B67CD30A27E351B2F3985E5F00612,827,1170,RGB
5173,page-5173.png,274695,7D1EB031B8B8D56B596E9EA8E955B0AD9E53A222A21EB32471FF674DD6D4CE7C,827,1170,RGB
5174,page-5174.png,347844,ADE94FE28B3D69AD3A2CD7A897A132E18A3444B1FBC244FC8BA301783F83A122,827,1170,RGB
5175,page-5175.png,272648,2E9C8A8EFFB850D11D0B9873C59DC4DE1757A2CA7EB2B2896D9151C14A924144,827,1170,RGB
5176,page-5176.png,294301,1E7661012D7137DC4D051ED3876897219C129817A3A05B803A754FFC4184279E,827,1170,RGB
5177,page-5177.png,247839,D1A4D64F632444AB509EB28E99C528E50BC005F10F957AC268484010B4D41DDF,827,1170,RGB
5178,page-5178.png,252693,CA28FF043F5B77EBE129C5DCC00893B9FD6F463D776EE5FFBD9D33DF4C80A0F3,827,1170,RGB
5179,page-5179.png,246867,226096EDC53BF870C79EEC891B1E804C25E6127355E0211FED053C5C2C9C291A,827,1170,RGB
5180,page-5180.png,395336,24BC3402057002CF81318D42C8D3B855C48689ECB1CF9EA414624C872C057F4C,827,1170,RGB
5181,page-5181.png,329913,73AADAD3E69CD8A618813BBCFFD601E5566A5FFBA679C11E49C06661A8F7C60E,827,1170,RGB
5182,page-5182.png,347184,B32C41FA034B273A386D81C365642E3524D196425EE4AAD5ECDF33FCB0576B38,827,1170,RGB
5183,page-5183.png,360333,9554DB416917AE55C150B25EAD5BB5F6212C93BEB8D1A6F3F6F5DC01DBBE784E,827,1170,RGB
5184,page-5184.png,193229,2818D5924F003960BAED362756F2B3D4F66175A0B8D1A39B86B060906884E735,827,1170,RGB
5185,page-5185.png,236231,DE5F17C12953BACE29E5C3F1DB1A3121255C9D4C498E1BF4340E542FF997F439,827,1170,RGB
5186,page-5186.png,320011,3930505737CB9B74C2BBBD51C31B4BF80F9153F3ECB3BD59822FD5AE7BA8816D,827,1170,RGB
5187,page-5187.png,284673,1A2DACF8548F8677942CD7295822C726A9184300336D072BB492F2CDD4C49FAF,827,1170,RGB
5188,page-5188.png,252113,2996A49A37D39EEBA6BFF67655C83245449B3455BD33784CA739AF59C9FA73F4,827,1170,RGB
5189,page-5189.png,290247,CF5EE17568F49DD8390484B38C6395B9540B68FCB5E61BBC5ED17A146F8BFE0D,827,1170,RGB
5190,page-5190.png,241100,19A04494641DFFF7BEE672772608B41E995CEE8F002951F45E031092396EF511,827,1170,RGB
5191,page-5191.png,275801,1FF45B3AEAAA0509D757691BC20878B9B4C8F08B08D95774B733F94F60A5F762,827,1170,RGB
5192,page-5192.png,258188,4301D1718BA0844ABCB7A60EF6F04A719EB7C39A6A82834FC292DCDA24ECDE23,827,1170,RGB
5193,page-5193.png,359990,FF9560C23CA62FEF00AF50477AA82EE9EBC29FA23522DDDA6B3849158D45237C,827,1170,RGB
5194,page-5194.png,302993,DDFC83E15A131297D745F29D68B8ABA3EE7E3D77997ABAB9088DC31F96C0E888,827,1170,RGB
5195,page-5195.png,64344,76AE5D99B6A2FC0F3327EABC1ECF7DC7B8DB05B57166F5FBF9135CC04C9964C2,827,1170,RGB
5196,page-5196.png,209921,16C1BE804B76AD9B2E859FF9AF860BDBF3BA5C2BFEC351172F80834A8FDDC1FF,827,1170,RGB
5197,page-5197.png,211438,9B8E864C78C0B8F83B518A84CA5E597D4B6730913F8BEC913FD1D4D838D07FF7,827,1170,RGB
5198,page-5198.png,188545,0C2752B4AFAEF1CA72391CECC9A2980DCC4404927C695B9C96D3EB71DF5DB3C8,827,1170,RGB
5199,page-5199.png,291709,128AC93EACCF90BE74936478518132E4DA704F3AEBD12A57484C6747AEF59FDA,827,1170,RGB
5200,page-5200.png,265628,B76E95058D30AD2A23BA6D1C93085E63DD7E127FFD29E5CF658237AF735455D0,827,1170,RGB
5201,page-5201.png,110935,ECE75B7498299676C38370255E3F3E259D1A0DBE09D5698C79EB3BC6F530614A,827,1170,RGB
5202,page-5202.png,272789,D81EC17CF55FFC9AA4C57A65F4F4C31A0D45E77819F97C37458DC4929EDAED2A,827,1170,RGB
5203,page-5203.png,286579,91704E1C0DF359CEE9C3689270C78721F2DECC1A686C3E080D852F15F7B6F732,827,1170,RGB
5204,page-5204.png,286856,BEC35715767102041C874D72DF94F4E1595F7E6B595F268DFD8299956AC71520,827,1170,RGB
5205,page-5205.png,218393,DA71A6392DE3E17B46E78ED0950C59F24EFBFA67FC8EB03E4528B44FA925E8CD,827,1170,RGB
5206,page-5206.png,275767,8D48DDBEEAF59D7FD076E709A6993E4BDFE5DD58164BFD5E155AA9FC19D4EB30,827,1170,RGB
5207,page-5207.png,198595,B29E7C7399107BDF567CAB0FA086448F30D0F7ED3B0F81F3AE066333F7CD51FC,827,1170,RGB
5208,page-5208.png,350365,27FD8AE4B887D0A0B2A152113A93434F276A96C7509DE8A908E82658D7E2A0D5,827,1170,RGB
5209,page-5209.png,286079,BF939A0B97AEEC8935B4770BE78FA0EB1051415633A2414E2FF97E921EF08CEC,827,1170,RGB
5210,page-5210.png,232125,75E81E7E26092EC169A79FC8FD0129ED9835C8EF2200ABD4358D9E220B53EB03,827,1170,RGB
5211,page-5211.png,297265,4641410D68F38ACB8667CCBE289A9DC4605DAB64C2276FF321E6861718A9EA73,827,1170,RGB
5212,page-5212.png,284291,95A7799896D6EE72E496FB1467BA06E53026150189D740643DCA20AB304F7AE6,827,1170,RGB
5213,page-5213.png,291831,2334F24032C170C3B576B894767C9C99D7D4051CE0321D36918D83D673B52345,827,1170,RGB
5214,page-5214.png,314141,89230A9948357E5C72E382B4D8457E6A9A55484515C01E51B9805D3F5592D09E,827,1170,RGB
5215,page-5215.png,269874,CE1B2AE284741E9C0C725E7FA0863B7EC762FEE9D13C65191AB02BB66FA715E1,827,1170,RGB
5216,page-5216.png,332428,7AB899227570F5124FA05DDB1CDD11AB4FA44E6CA03264C142E133462EA44275,827,1170,RGB
5217,page-5217.png,303479,DF8B1CBB2CD3EE37EEA682F8CE7CD2C83F4600FF405F28009B91EBC76A4D55B7,827,1170,RGB
5218,page-5218.png,236802,D09B2E106281218266EB4F0F7D7D3C5DDDE0A0E49A44A32D8F95447625109D68,827,1170,RGB
5219,page-5219.png,311572,50D6F08ED7C0236631C1AD0A9F42858948C722708975495D96227A630FF278E1,827,1170,RGB
5220,page-5220.png,256822,CEDA8931843A251BF2F96C9BD1A84BB49DB743CAE1B28E06E0F9B8DA4BCF2196,827,1170,RGB
5221,page-5221.png,346993,F4D767A337C9DA36557389527EB181C4E698799DB61A47B5F93789E582359793,827,1170,RGB
5222,page-5222.png,274815,31FD5719D975AFF5D1F23EAC6D5683F12BBD7F5F591FA75C86A6A9576A94A1A5,827,1170,RGB
5223,page-5223.png,294498,2FE36199DCE29427C939226A0D5CBCB3943D7EF86E286CD27D8EF8F2E753C444,827,1170,RGB
5224,page-5224.png,281759,406C97E80AE740DFADDBFE3F0FEDBB060577AE690F8D5894BC553EF3B66B2B5B,827,1170,RGB
5225,page-5225.png,285259,943BC8DF5DEE909C8FFD8B2F98ED8711F6E23E7D86E08FF5033D33E6C3859491,827,1170,RGB
5226,page-5226.png,326679,C8EA3518B30574B7DDAB977AF9411D2354292B81895832644CB04A397CFC8F43,827,1170,RGB
5227,page-5227.png,331291,F0A83D9B432905366FDD987A15AA49A45EFA6E8B74EC25B9167D3A0CC22A7791,827,1170,RGB
5228,page-5228.png,270228,0C970AE510373F1C1459C3912EF02E2EEE1ED0AEE4A533D63A7557DADB2FF562,827,1170,RGB
5229,page-5229.png,293769,4AFFD955F26A6479C081D378722700B2A691782001BC54452AEC0F4FE0365010,827,1170,RGB
5230,page-5230.png,268791,7C9D8484E4A05C3BD912B64BB0F312BE632B98F754D45695DE7AC3DB773C95D6,827,1170,RGB
5231,page-5231.png,245737,2A947AB491278367AE5A756F26388BA4502B6657F5753054C2253AA25BD7FECE,827,1170,RGB
5232,page-5232.png,250502,B1CD85BBAF53E082FE435BEAA5A06EEA50CA23BD12D370EDF053F6F00874CFAE,827,1170,RGB
5233,page-5233.png,232925,D50C3A13DF18BCF78B5CA3EC58BC4EC8D5696FD485CFE0C8DCB420C944074C56,827,1170,RGB
5234,page-5234.png,261066,8F36F0D47CA8A0BBF5DE936CF52CC00DA61829BE9486FBA1C27C72A6AA135D93,827,1170,RGB
5235,page-5235.png,230757,B5F1E8C01A7726931BE38FBAF3200E6D86D288D947090ACA632E0740F42F9E9A,827,1170,RGB
5236,page-5236.png,301145,AC329DD869E76FEDC866BD9ECC6743EEC344B5DAAFF6736DC2865C60269A971A,827,1170,RGB
5237,page-5237.png,289889,F6F04B6EDD109CD11E1F5753243E8F1E61AE2F0CF5DD840BE1EEE776A3D2FDCE,827,1170,RGB
5238,page-5238.png,323165,72AD6866405470240578F7C3A4BA328271A9A83A3A066D562DBFB910480AE79B,827,1170,RGB
5239,page-5239.png,124772,1C644C5C80401CD35BC3B50083B58101522BE5213EAB15E8058838F2F4FD4E25,827,1170,RGB
5240,page-5240.png,307320,3BFA620079722374853344DEC6EDE5D10CF9B5E8AA9A58833FA284454E312FA9,827,1170,RGB
5241,page-5241.png,367536,83D2AC74C2F769B7877A7FF0B36472DC3BCC0197589BEAE5CAF9BCCEF5D8147A,827,1170,RGB
5242,page-5242.png,339577,DCE6D692A6D5E802C3A4F8BD19B2FEFECD2C983FF87E472E629A3ECFFC88718F,827,1170,RGB
5243,page-5243.png,337576,0B69AC6C5F02B07B05D13FCCBD504FED3C6C63AF4300FD1BEF6EDF27A21A45BC,827,1170,RGB
5244,page-5244.png,329158,98799C34195F7DFB30470DA9C97C2571E4FB64DC4F834DA3CEAA6943E77FC0AF,827,1170,RGB
5245,page-5245.png,343969,69A2A63196D1F1A45586D6EBE960132E14936D0073B99EB56605ABAA77F88D26,827,1170,RGB
5246,page-5246.png,380274,33465C2AD665D8D109D766CA16A3563C983921F9341AFBE5DA19034FC159D4B7,827,1170,RGB
5247,page-5247.png,339059,C54CF3B44338E1DA35D9D62B29B81B32EE5FDF93D573B162030250EAE52C4566,827,1170,RGB
5248,page-5248.png,250589,449E49B3F3B61188CFB09467CA580FC7994D54EE1CBB9E310EB2A7929CD8879E,827,1170,RGB
5249,page-5249.png,351298,E40A11223D208794E3D5C2E8472ADDC5E23A05CB9AC86C2CB59B4131E5E363EF,827,1170,RGB
5250,page-5250.png,349215,803277D9695912D85AA7DDA07EC2E078D784E8AAE0F64047BBD7A80217F93587,827,1170,RGB
5251,page-5251.png,342807,5592DA8DF95C773DE69AB56F647C85F821D704EEE2540CEDF7DDA53E08C93B22,827,1170,RGB
5252,page-5252.png,395406,6EEE16B04238156799B7F203EA27FB9A269E2395550243BDD4835960FC8427DA,827,1170,RGB
5253,page-5253.png,277635,72A17784E7C37FEF8B19BFA1F251382030469F8539E337E54F34C83B60614D9F,827,1170,RGB
5254,page-5254.png,338269,139155DDC1289E8284FAA1D86FACA18CF1922CB725D21EE967902B207A8748FD,827,1170,RGB
5255,page-5255.png,332963,841CDFEE6E3653EBF74EABF1A61B0A8F1A3F65752113F8B153388898CF26FD7B,827,1170,RGB
5256,page-5256.png,56139,83180784559E1840EF4D7D4E28391C8084FB7F8C4803BD7D275B01C5CCF7EA31,827,1170,RGB
5257,page-5257.png,245749,FB54ED554E83E5D9396BE4F0858469FF29C00953CAF38A20D84C967B1C9D4F4B,827,1170,RGB
5258,page-5258.png,401090,3785F516B8DCA7504F46801C6331E59486D430B76B122F8BAF6778C5F8B39F63,827,1170,RGB
5259,page-5259.png,260059,BFDA37D08D0AE2110256571617D146D5A352E13159B47F8F1CAEA4722D9F184F,827,1170,RGB
5260,page-5260.png,291213,865D48DB6F1ADC7E12404C9FFF5A12656434387CC2D2256250ED8C97FBDA5302,827,1170,RGB
5261,page-5261.png,386202,45C6138F544AB5801AE237BAF3F21AF6ACB6B515FB329BE78260419DA68FDD4F,827,1170,RGB
5262,page-5262.png,251682,413557BC24E64FA54370FB409E26947C40E4527779DA22A37928DD7A3CBDE9BA,827,1170,RGB
5263,page-5263.png,257397,BF46AD824A6BA5F1DD2883653F82EEADD1C6CD7B70B4C327BCE3EE103F3D0761,827,1170,RGB
5264,page-5264.png,344860,FEEA1BE907F4050B27035427CB91B0CCC74BF42ED5624F1DC64D8F59DF38C011,827,1170,RGB
5265,page-5265.png,283023,1E71EE31A1D4955BB9E053CD5F2967A5044A457EDB454DE656B4F2BB51C7E89C,827,1170,RGB
5266,page-5266.png,334773,3DDEAB1F4009FD6224D8D6D821D5DF2680A44E9917FE88CBF0B4ED55440E351A,827,1170,RGB
5267,page-5267.png,360687,DBEA184DBF1AE3705A1936668E78B8BA1F4D1B4F114D920D395CF7DFCE41B5D7,827,1170,RGB
5268,page-5268.png,291225,E38676774644B09779CD84667019B706B859CFA5C67DF756C847C10AEF00753C,827,1170,RGB
5269,page-5269.png,321480,A274BF064D4387B38F136FEB246D614E1AB9B3848ACED7E6F4A3FCADC1A631A9,827,1170,RGB
5270,page-5270.png,275459,407AD167D4FC951DCF2D887520DC625399923D5E2C51F54D7FC572284EF3A661,827,1170,RGB
5271,page-5271.png,208611,0F29500309CE91D10139678A8BCD81F3C5AA7C8E68076BF5B2181C20542037DA,827,1170,RGB
5272,page-5272.png,267666,FB4217E462D24251C26FF26A9F98CABE69561DB1CDE8CA0D0B0A31C7CF317401,827,1170,RGB
5273,page-5273.png,266040,F2C9A8128B6C318B3686107F2348718B2809056418E981654D958DAD5E2A6423,827,1170,RGB
5274,page-5274.png,290427,BEF7736723CC86E057E3022AA0354A34023D97BE3D5D6B9D86CAAE35616BAAE0,827,1170,RGB
5275,page-5275.png,293508,8121D0048622F24809E4AA1AFA6A778423E367897689ADE861D9B9512C4066DF,827,1170,RGB
5276,page-5276.png,289806,3C016AB2A530B886F53DAA47744611C29B2A27248C43B8596BBEEDA10220B739,827,1170,RGB
5277,page-5277.png,319023,152048CD7A7DB177E457752D2BF1DDFFA189084BE7F85D96A847441F80A0670B,827,1170,RGB
5278,page-5278.png,309364,BE4CF01778BC6C513472F0ECB0EA315840D59101035EDA46E45DCE913095A311,827,1170,RGB
5279,page-5279.png,294605,A6E551F89B5D1671742EF2FB5E2FA1D52A58394EDC6D6FF2D327EDEF6EC67F91,827,1170,RGB
5280,page-5280.png,304745,46005296F75C9E118E2CB74EC52F1B01F53321043A6B11A7C74B7F458F3F24C5,827,1170,RGB
5281,page-5281.png,287303,1885054FC13620146F02F04E1CE503B35508A6B8A78534E5F4E13AD4596F402C,827,1170,RGB
5282,page-5282.png,330449,1EBBE4EC9172902BDE40433A5EC977FA9BE9F309859990957A086A8D42EA4BE4,827,1170,RGB
5283,page-5283.png,256955,E1179216CA433C0859081CF49EAA0226A14E312F8A9A7CD8B7F55734D10B83B9,827,1170,RGB
5284,page-5284.png,272616,4F65421598345BFD9D6005D27C88418EE9C472A9C085C19D52232B377F42719B,827,1170,RGB
5285,page-5285.png,267229,4C9FE1F9E56CEAEC4B7E3C7CD9919725BB4A853FCBECA7445CF2D3842BCD0E8F,827,1170,RGB
5286,page-5286.png,375590,306201C6772CB0F95F1FDF9B78D450941E186FDE43D1F2CE7CCBF4860637F2BC,827,1170,RGB
5287,page-5287.png,304011,E5FC4CE7BE25DAA45284E56E794F3827C7D74FE60B9E8443B1DFBA4D19319781,827,1170,RGB
5288,page-5288.png,330748,D07924657B5E8193474CCC188EE7AB2EBC0AE58842EF0F2535919BF54A89AB61,827,1170,RGB
5289,page-5289.png,298737,2EBB95C4A8571B075B7509006FB222A287F20E364C832713B93E7EBB6C74F433,827,1170,RGB
5290,page-5290.png,306563,CA39E46A6E2EB2FF626E922FFD8E32D0EC0BEB8EB7636D365137A6769B26E8F4,827,1170,RGB
5291,page-5291.png,277903,FA77DC7CB73EF5F80E053E89C3FC86274773AF872E755FBB63712D2217D0B3E8,827,1170,RGB
5292,page-5292.png,401238,2058569AEA283D105829AA87753028475866E6874EA7BFF704A313CAE1E4CE59,827,1170,RGB
5293,page-5293.png,313314,BCE714F31DAB3F8205648A6E0696A2326283FE5AE5FD7600ADE973A30D8D4B72,827,1170,RGB
5294,page-5294.png,388632,449AB2B9AA56D751021AE522E26F3C814EBBCAF2095AF57820A2FD0DDCADED03,827,1170,RGB
5295,page-5295.png,361212,DC92414C40D22E7E2535927D599F1A64EAF5E0FEE6E42E933F98B05E4341B24F,827,1170,RGB
5296,page-5296.png,274311,6208477FAA16D64EBFA41A1C0E1C0C70A3FA012C227D2D4E45D5B9A7F74F33B0,827,1170,RGB
5297,page-5297.png,161867,53286C2F66988456D7E0BA2A5656A1AAC268EFC02FCCC2864028D2508FB39A4A,827,1170,RGB
5298,page-5298.png,215445,E2CDD22988460C1586BAE872E624C72769363D330BF3076BEDB22C5ADE3C96CD,827,1170,RGB
5299,page-5299.png,226856,5E5C2E294B350BB9AFA6BEFBC87E969333F5379AD8C0D8AF4F14C8121AC1A3A4,827,1170,RGB
5300,page-5300.png,350781,D453E6D27D0755710E61D3F0D2AA6AD702FFD2C4A09223F5FE7F9AC05AAFA9EF,827,1170,RGB
5301,page-5301.png,234502,A7C408886FC70F306EF8619568854AAAB301FA34C23E5C4992ABCD1D87CCC3BB,827,1170,RGB
5302,page-5302.png,270203,F545F710ADFC61BB9ABE07D2388E64117A3D0104413D2B4EC00A9C32DC4C998A,827,1170,RGB
5303,page-5303.png,304532,85AE05F6661D1B1A5AF86F537B7AA7D04FCFBD2FC5BD895FCDEAFA1F129F0874,827,1170,RGB
5304,page-5304.png,318844,69FD8364CE0AD834897B59E706F39DB1CF6FFA55D6AD703ED03A9E8FFBED3B9B,827,1170,RGB
5305,page-5305.png,253458,805DA009F50744CF089D35B178A00314786AD56D916B6CA694D22A2108B69CFD,827,1170,RGB
5306,page-5306.png,268124,BBA22C124ECBB35613739F5FBB1A9E5FCA5C66ABA756169ECE6379482124F685,827,1170,RGB
5307,page-5307.png,277448,C35011DC28BBFE8A023AA66861A69AC122ECF49B36D0451DBD1118B1C071C60C,827,1170,RGB
5308,page-5308.png,263066,8D7EA96893452639BF464640932F83B180E2E80DFD37E94BD7591929F84EE590,827,1170,RGB
5309,page-5309.png,241893,415657B4F086653BCBDA0E2C08962E1216D7C1EF66B3C645F14F043B79020CB2,827,1170,RGB
5310,page-5310.png,272453,47B1AB57D99DBF0F678FD45AAEA1B3710BB2F8D1F88DD37ACF9878C6F337178E,827,1170,RGB
5311,page-5311.png,350900,FC54586EF7B358C697EDC456078C61BD19503EE801C89DBAEE8349A0F3A7D03D,827,1170,RGB
5312,page-5312.png,347480,E133A0EB610FD618F590CF326623CE76AFE7C732D26B592CE56F290869A5C37B,827,1170,RGB
5313,page-5313.png,262452,ED6F1B2B22651255CF98034E55CA155A9629BC073D16BC16A631A6528F91218B,827,1170,RGB
5314,page-5314.png,295132,BCBF4574F9B618A9038C4A6834613CC7BE9F466F09AE99CDDE79B9BD8BC308C3,827,1170,RGB
5315,page-5315.png,347910,F00A1DEAA041395B0FBED12B3993F2FACBE0151F1098C6BDCDFDE1C4F8A22556,827,1170,RGB
5316,page-5316.png,260786,6344D767060990B487F2F741D19E728FC4A4A3B55B6555CAA606AC365B295A0D,827,1170,RGB
5317,page-5317.png,217182,60A93A4754B501F881F5945720D6AF64E57C41F5EC352700D768FBBB9045319D,827,1170,RGB
5318,page-5318.png,262261,04E1DCED1F2DC1EC60EECA05FFC10CEEF3031FBEFE2D6367DF5E24FA16923EEB,827,1170,RGB
5319,page-5319.png,183101,692B195941AD81CD57CB1BF2CA3E19EB104943F2DE7E04A1B2BBF817104A16A6,827,1170,RGB
5320,page-5320.png,253468,1F0EA7045ED20BA2D337088203346CA92E951DB4064C8A10448A314F64FAFD75,827,1170,RGB
5321,page-5321.png,344687,2F61A3D5F1968628B7B06604DDFB5269499BE56B490D9D1307333E6DDFF9C854,827,1170,RGB
5322,page-5322.png,339871,DE3959EBBC9479116C5F1621A5FEDB67E7ACC1BDB3368268DA3870C1195270A0,827,1170,RGB
5323,page-5323.png,211916,886E2AC8242E3CE9526F7DFCBD348653F926C2D341C41265D077DE96D6462BD5,827,1170,RGB
5324,page-5324.png,280012,FA952B80DFAA2D550B0FA633A5452AD9162FBA310CB5A8E1421A0544AE39A12B,827,1170,RGB
5325,page-5325.png,334365,2F906B4356008E5B915C553A8605FA16E43608E9B429C00E214F2A9A9E4933CD,827,1170,RGB
5326,page-5326.png,291101,CEE100848193032E5480C5C11D4470548E0E58343FFB94C75560A538F24856F2,827,1170,RGB
5327,page-5327.png,290739,C2381BC5BD79B392137F438A79C64574F0DEF9A60871E97824B214B0E36927A9,827,1170,RGB
5328,page-5328.png,279506,0E7B2A0F34AC7ACBD3E8DE1833E2551460D2D22AFBA50BF45B8017ACBA2E9A38,827,1170,RGB
5329,page-5329.png,276269,10C731DC81D10B2D429F19D827226A42CE12EB51661A1960728303E30509E9CB,827,1170,RGB
5330,page-5330.png,302474,3DBDDF059AA5E8D4B46E0C6180CDCC4AF71FB02614C586CFE022C1DED3F29DAD,827,1170,RGB
5331,page-5331.png,352275,78735FA3A59869594C3B0FC28B674FACB131032D9EB0563ED2893330BF4B32D8,827,1170,RGB
5332,page-5332.png,391111,EDDDE06DE76ABD03D263E07A5485086A15F01542D37B4056BB30DF3A741A5BA1,827,1170,RGB
5333,page-5333.png,283430,B51D4E856CC5C31742D8A5F68C5A108AA54CF86EE7B976AD9D6BE8965C8498C5,827,1170,RGB
5334,page-5334.png,323510,CDD5D478D83FA2CC363EFE5C9449F29F250D076A4CB7EB5D8042BFC19ABFCA03,827,1170,RGB
5335,page-5335.png,261409,D79C01996CF1E82319E4E9C44D401C0FCCEECA390F1534C974CF09CCF6395300,827,1170,RGB
5336,page-5336.png,225971,786B0147DB6BD84F2601DD2AA3BBE5339D81E1EE089689BF3196268FDA6CB150,827,1170,RGB
5337,page-5337.png,257217,BA18EAABDB75B2E781A4715D21439968BAB17DCB5B91BF46CB028712B1AC87F7,827,1170,RGB
5338,page-5338.png,266522,2D0E85D33C624A136DE75A319257F5E11C8D2CF695EF0A8F9308356F03DAE50A,827,1170,RGB
5339,page-5339.png,266148,2CEAD1751FC798137F2A1F7D4101426BF21C4296BA275BA8B820CAC587AD576A,827,1170,RGB
5340,page-5340.png,280808,76401189433E95C0EB809BCF47631A40BC8EB5F1DC9359B76C4728483315D09B,827,1170,RGB
5341,page-5341.png,340949,3532CB048817F5D352DD57AB1A31995FEC9A3CCFFA26622AB603FFC8EDFCF882,827,1170,RGB
5342,page-5342.png,316045,FEBC5010DBBC70F5FB59817C709025E0D659FA3999D4D6DE451853BF72A4F46F,827,1170,RGB
5343,page-5343.png,248663,E7ACF549BEA214C096B1C6159431C9E0E23B8BFE90C224AA244F679194CD53C2,827,1170,RGB
5344,page-5344.png,256328,085A29DAF0B0CBDAB2FF2EE216B27BA99298D1C20688DB549477D0DA2AED5135,827,1170,RGB
5345,page-5345.png,317318,B5C51E910A0F16F7399F56F6BC102D010DC52C94E92114068FDB9A38F7E2DEAC,827,1170,RGB
5346,page-5346.png,287424,4A94D52C31A3262A3E1C084531787F830F3FB840C0CF8C838B391E91337261D0,827,1170,RGB
5347,page-5347.png,298944,0E2BBEE3B66CAC4B8F9C4EB4608121E26FFD8FBBD220D92A3BC8DD7E6A742B50,827,1170,RGB
5348,page-5348.png,387529,05F340F419935484CF2FB951B2199E7B61B4B5088C1AC8B7B2B985EB1414CE4C,827,1170,RGB
5349,page-5349.png,349566,35391A7D323A7DD683F77ECAFBA396FE367FCE85B904750BE2C3373C61F78094,827,1170,RGB
5350,page-5350.png,333037,AAAC48D7081751C59AC90BD714968EF8810C9D46128D88A6EB860C9952869A5C,827,1170,RGB
5351,page-5351.png,372936,F07A8418F68872FB8524A4233DE999FE6A1EC4DE77963E9CB6E8512D14E074AB,827,1170,RGB
5352,page-5352.png,340325,571965649700CA5A408D231CF87297795E3486ADCB714195546335CF07E15920,827,1170,RGB
5353,page-5353.png,297124,42AB0B606068E832420B7F27F741D54F7D376363D7282FECAFA195A5392265F7,827,1170,RGB
5354,page-5354.png,235792,2D3E60F6716A31773376FD683035449F4E4A00E00E0E626624B9EE248A6906B2,827,1170,RGB
5355,page-5355.png,252996,43A9CAFDF6809F786170E49EE06BFE0A40830CAB1C6150DDE8A011D75A28082A,827,1170,RGB
5356,page-5356.png,47135,7E9F8D5604E5E9C9C59ABA1B37D45FF80155EF7A5554317EE086244011F8B38D,827,1170,RGB
5357,page-5357.png,222988,E1EACD5492571757395308C7EE479E085E51B9E194C088EA2ADE83C987B7BB1B,827,1170,RGB
5358,page-5358.png,279055,A2D655A948DD8FD709738E0333176FDC098035450E2470954F47084FA8F5B8A4,827,1170,RGB
5359,page-5359.png,267541,23717697A9B1FB77AB004A338225BAAEB6190152A2BE6EBD6C375D8C46B99FA8,827,1170,RGB
5360,page-5360.png,269142,3E79A881A9E62439D72FECFC2B929EBCF3DF9ABA4EB5E5784100AA477D4EA297,827,1170,RGB
5361,page-5361.png,344221,35E3D189DB275B93C4AE0260913E87CA6782AD3A615D4A773F3D6C4A30CD0133,827,1170,RGB
5362,page-5362.png,260306,46C35799FD892F4B05FF88D6B2380E3CA60B5A6FE12C13ED0885DCBDF59DC842,827,1170,RGB
5363,page-5363.png,202043,6DF3002D10E66FDA5460F63516801DD51BDF4A65DD928F0087C256726F10E16E,827,1170,RGB
5364,page-5364.png,221617,7337DB2870BEBC2FF57D1B8456B55C12B64DF4A9E0CC113C52DA9DAD65416348,827,1170,RGB
5365,page-5365.png,255925,0B0787E966DF0174422E7CBC3EBFDECD588CA847984A6DE2A4ECA2C821841BEB,827,1170,RGB
5366,page-5366.png,265897,59486D8EBD2D07AB03C1FE426781497030C503398583ED5731E93ED74800EDF1,827,1170,RGB
5367,page-5367.png,261119,172BBCC75BCBE4F09B1F66E70A18B8B33B0C6196E882E1F434CEEFF84013A8A9,827,1170,RGB
5368,page-5368.png,286866,212A80A035B7327315F6CE18889E70C6497DE62F3305642A0B018B783BDD5124,827,1170,RGB
5369,page-5369.png,233597,81451DEBCA21777B56E29F95448AEA9B42FF9B8BAD1F305354FDD70EC57301CF,827,1170,RGB
5370,page-5370.png,321298,7EB68F44F0B10AF23AC0906A0005FC4284BBFC5C30B3AD63E0FA1D9D3EC04036,827,1170,RGB
5371,page-5371.png,273492,163B6B99C41E2CCA4E987D81B895F3D9304C6FBF480DB2D28D9EF50451D1BC98,827,1170,RGB
5372,page-5372.png,270952,5582558B11DB9A40F0BB06406419BE7B84B16E285FD7669070268272D31CDBE8,827,1170,RGB
5373,page-5373.png,271261,5B60D663DCD27365436C0E67011DAD6F7F7366BBD4A4223ABB6E5892A3A03EC4,827,1170,RGB
5374,page-5374.png,277398,6F7DA7AE74FA191757633BF91438B780209724A8110BE7C92A3929B0A8F69389,827,1170,RGB
5375,page-5375.png,291005,991A083B83814D990CE1090C7C02EF8FD3465DD58D69030270EF30562C140EE3,827,1170,RGB
5376,page-5376.png,262823,D340165937ED74BB885AA2A492A81F4086F56C4A3B12AC8298A6A793B06F74F6,827,1170,RGB
5377,page-5377.png,264515,D9AF3EEA404AB6F1225888D00434116F49A274624A4915E8BFE60D83B7A93C79,827,1170,RGB
5378,page-5378.png,284752,5F709CF6757DE7AA4AFFA397FB0ACA66352F858698708CEB6BE9E43014BF925B,827,1170,RGB
5379,page-5379.png,207127,F8AEC9C15B2DFB0959C6C4F643A3C9CFB284E07E8C2A9103F91210AE54F72184,827,1170,RGB
5380,page-5380.png,281078,8207D498CE19EEEBB1E0A8B13DDA20B8A887E862052949A6AE89CF560E2EB80A,827,1170,RGB
5381,page-5381.png,245656,7622ABCECD4C6743C42EF25FBDEDF2A6FC168BC565F468D2F801BD3C246553B3,827,1170,RGB
5382,page-5382.png,313042,77ACAB1642E91843E66B12B078BFF3124C21BA05AC14ABB762511D198AF76F55,827,1170,RGB
5383,page-5383.png,260620,1E117F8EBC7ED7AF3103289A88FCC0EF603CD528DB0F911654FBCDC3AA6BC9B4,827,1170,RGB
5384,page-5384.png,243062,2357BFB757560F9FD0804200EF52823318B068FF5BA70CC10EA3ED36AD05ED1D,827,1170,RGB
5385,page-5385.png,308810,8059C21112F0D3612EE4D2557D41CF4D3618EC57F61C71E19A7A45ED0854ABDB,827,1170,RGB
5386,page-5386.png,285294,D571A27EB526CDE549745A75E812B7AAC613BE130B72D37428292BAE84921CC2,827,1170,RGB
5387,page-5387.png,261654,BC1355609673B1571C3623281E232A8FAF6B1EC005A94189E37265D84E71B5CD,827,1170,RGB
5388,page-5388.png,291565,4056D28A8D9FF7C4E3D358A5BA3469BE85B20C4D9946FA4C9488685A5BE66308,827,1170,RGB
5389,page-5389.png,284213,D8929DD94FE9F47422DEE028EF9EC4B3DDB6BFE75E919106F11ED63732E1941E,827,1170,RGB
5390,page-5390.png,268346,62930062AC4A9066A943010F012DFE9BEDE3EB70332FD331A07A1B5A40E690D1,827,1170,RGB
5391,page-5391.png,275162,9DADA2972280A538ABD5A2E0E130EB75DFEA48B0C8478994281C20896A0CACD6,827,1170,RGB
5392,page-5392.png,236344,1E7157A23FC4200607F182CBFEDCA7C8BDE87F4F64BD9C866552A8836DE44303,827,1170,RGB
5393,page-5393.png,280808,48543A382B71811BBE4007A72F0A7EC63293B0DE5D807A7F998F28466190ECC6,827,1170,RGB
5394,page-5394.png,216796,C10903924152940176280EB0157EC65A935104982EE079CC13805B74671E082A,827,1170,RGB
5395,page-5395.png,273188,17519A950BA81B77B910A9EDEAE72D8CEB09BFE137B8099E9652F3435AB4CB07,827,1170,RGB
5396,page-5396.png,248369,C0FEF6DE184181C0557A2DFB8379EC33A6B45865F29DB52AA34D3B6CD26343CF,827,1170,RGB
5397,page-5397.png,235232,E345D25C2E4EAE0EDA391B272FB1CCA99B6F4C86E899D2D4A9D3EDDC544B963E,827,1170,RGB
5398,page-5398.png,235355,5AEBBBB13D2C603B6D3B342F5152FCCAD6D3F4DEF7BB69DC65F7EEA9E88C1B74,827,1170,RGB
5399,page-5399.png,247498,6C47FF7F7DB15D2B918593D1C5115783F77E3BA96F21715A29B970C4474148F1,827,1170,RGB
5400,page-5400.png,222277,712C628FAA24DCAFEFEFE6C59D1B328FDCC91EE1BACAE81B93F1887DB933D74F,827,1170,RGB
5401,page-5401.png,270303,A055BEFFBDD778BE4901D6EF6A4D8B6DFBFB5BA73A7E319DE8F8A374F9E00E12,827,1170,RGB
5402,page-5402.png,258000,FB50DE4F2C9A799470040BC2EAC7854BBEF86330EAB118F7B4011A6A4CCAE90E,827,1170,RGB
5403,page-5403.png,215756,F20AB1B28D2417066A2B77CAB5FF94CFC9715CD845A17EC6603D3C25754D69A2,827,1170,RGB
5404,page-5404.png,239887,3096833B9E2089A0360CABCDB817971B485B1DB809D77636385CF2F50FF49C8A,827,1170,RGB
5405,page-5405.png,259194,1DFEB0AB30E03AF88A80B518D4E3833409A7A08BF9A45879B47D169E26650923,827,1170,RGB
5406,page-5406.png,238624,581ED0D287F736A159B26A1BA2EE34B634F1DCE475C63E8418D38AF1FF345716,827,1170,RGB
5407,page-5407.png,254635,54C632726FD9285AA179124F6FA6AE74F2A6555A44790A21A9C61077009F0BF1,827,1170,RGB
5408,page-5408.png,241790,F77105A4DCE9D2F5A734E199F6E09C87BB7918E1DADDC4D5C332B8DDFD699A75,827,1170,RGB
5409,page-5409.png,270552,F93FC6FC34CB3CC4CE9A644BF861E5C58EE577FF4156251347BCBECC1993A272,827,1170,RGB
5410,page-5410.png,295540,5449DACE0A2677B47758DBCC9851B5F4FC89BBCD6E8A2F5363547FD006129092,827,1170,RGB
5411,page-5411.png,249964,DC18445374FD3DEAB6C087F9E90751C827C194A5D52370F044DAF5CEFBE9078E,827,1170,RGB
5412,page-5412.png,339005,EB555025A98D071FBC1FE66E47BD40425F41B5523C5E0BFB00F20730EC349B09,827,1170,RGB
5413,page-5413.png,391462,6CDE55AD8179A5B593E81A283F7BD613A7B1841F9EF0EA0A66A9751B5ED03FE3,827,1170,RGB
5414,page-5414.png,382526,BB6E9F699FDF5DCC5401BDAC8C6DF381E2888A5E06C8814F5F670531A79A07A7,827,1170,RGB
5415,page-5415.png,380547,3E165C3A5DE3864F10A4D45EDBF6AA767951E3124656671E8833F84AFDFCF00D,827,1170,RGB
5416,page-5416.png,355037,FDE13590C85E4D2DA85C53E7F188D9711CF78536B5E7723B2318171ACE067483,827,1170,RGB
5417,page-5417.png,342837,8FE50127A70CCC270AAB28D3124A1110606B5D82DBB04081D57747080DBB4A70,827,1170,RGB
5418,page-5418.png,341075,68B58B43D459EB999C3C2715AE3BAF74F2CB4398C3551FD3FF99A2D0B1591C71,827,1170,RGB
5419,page-5419.png,326367,CA51D8F4FB106B743818A2F230CBBEA9632348A2E371E2156D061223214856BF,827,1170,RGB
5420,page-5420.png,81700,E1238AE4C2E0F47CE199D6DB946DACB32899338CC91C8CD7A09A500C84362570,827,1170,RGB
5421,page-5421.png,249860,148BB7C39EA86701549C8C6772CBB5896381B8B1E1B1DF3CBAC7FB3A6BEFF93C,827,1170,RGB
5422,page-5422.png,341507,6C01C0B273EE609E7D68C1DDB87CC4DAFE0774A75F3332C19A9286241ED812B1,827,1170,RGB
5423,page-5423.png,175191,226121FC824C034F2EB75F39363838DC5B43C514D089D8CF3E126A8B8BFB6176,827,1170,RGB
5424,page-5424.png,198678,74AA8BFDBF0BA82808E81825E4B734C4205E5A4C8343DD5CAF80CDFDE65DEF80,827,1170,RGB
5425,page-5425.png,271137,10FFA57B985F8EE0D50F9C763363B695DFAA803570CBFEB3FB5E1FE5388E514B,827,1170,RGB
5426,page-5426.png,235265,A2374E00267D782B79D2F21DC18DF138C0827F41A038B41C40914CAF7EF8BDFC,827,1170,RGB
5427,page-5427.png,214846,FACABB6D6AEC9E46B75C5458C2CD2D88898B1CA860EF623D268B9A7FA82BD734,827,1170,RGB
5428,page-5428.png,251956,504BCE84718680518AF7EC5E6A9E0A795BA2CB581BD80E5320D6F56D09115C49,827,1170,RGB
5429,page-5429.png,293761,7814A78FB1D3D5EB1FFCBFBBDCA30D20341A282B9C3B048EAC251DE63D779868,827,1170,RGB
5430,page-5430.png,277676,D5C8D9FE411D6BD9EF2E9CFD93155FBCAFFC58DAB0D98C345EB08A63B2AD9FC6,827,1170,RGB
5431,page-5431.png,311872,8261C7100BDEB8A6318E3D1108267A03191963B6BAFD88CB7AA8F0C47FECFF56,827,1170,RGB
5432,page-5432.png,318557,22A56FE9EBD349CBA205BDA7E29139C93546ADCB930739D24F16B60F26220156,827,1170,RGB
5433,page-5433.png,197751,ACDB9588B78FC1FAC811C5CBC50371799E661E6FFFEAFBAEF503BDEAFEBE98F4,827,1170,RGB
5434,page-5434.png,261769,04C3E8DF2F7040BCD8568CF1F32A8B64B6B41BD51E3F9B7864AAB0897B7927B2,827,1170,RGB
5435,page-5435.png,258495,B615D2520AE7F0A72D2B32937C64E927DB5FAA858F580582A4DCB23D723D4073,827,1170,RGB
5436,page-5436.png,290438,33480CB189C3131A0F86EEC4E14454B929EFA2430BE8157C55F86EAB78B52AF5,827,1170,RGB
5437,page-5437.png,233914,BB22D79CE63A060A9CF63D1871038974BEBA08FF8CD06D80522565E9E09F5ED8,827,1170,RGB
5438,page-5438.png,260713,114FEA0966D34B21F2B6BAF29B6EDF691F01804B1972044B4314572445909AFD,827,1170,RGB
5439,page-5439.png,291739,6F4089A40F4E5AB2A2F6795BD1100F3191B8C8E45532A4EA12720B4D207D559A,827,1170,RGB
5440,page-5440.png,257704,27C894B2A15C5C929DA9A2296987D3A06190FD258C43B65056D74483AF2EB3CD,827,1170,RGB
5441,page-5441.png,289152,BEB135377B22DDED1FD73D699F4234C0143B193C47F324EAE669336CE7BAF9F2,827,1170,RGB
5442,page-5442.png,249001,BFEF301853325D0307E0D33A8FA12B503AB3FA97CE63A719879DBEC33B697FD0,827,1170,RGB
5443,page-5443.png,318171,1DC4D064B5E35DA5D9552B46804D448077A1F987E43409DD2C319E5F51BEB6B2,827,1170,RGB
5444,page-5444.png,243034,689EBEEC8CE46BDAE4E9394B625DCA66C29E4F9CA77FE5165E3D047F691D374B,827,1170,RGB
5445,page-5445.png,268162,01F728B729FF656F07D75C0BB1B388CFFE6EE8B9FAB2E311CD78363624932C5A,827,1170,RGB
5446,page-5446.png,260643,CBED3FF2810D5794EB28454D86298D7CC78FA6B19FC9266F2C2D4CE09EE1802E,827,1170,RGB
5447,page-5447.png,316563,323240C5557CAD899BCB7D9FC4D077F02C53F3F3EF5A99F518F8F7C3FB805FEB,827,1170,RGB
5448,page-5448.png,202487,7FDF2E47680A403C87E2108291403A2F7F5E741B70A79487E006293DE2E3CCBD,827,1170,RGB
5449,page-5449.png,272509,D554ACCB1CC6E91D5DA79BE49728673BE25FF9F9FB5667197F3E71DDFD06E01E,827,1170,RGB
5450,page-5450.png,288867,4F57027CEDDAA97E611C76B6C89E361DB293546A8EE828BFE4DE538B94441B0B,827,1170,RGB
5451,page-5451.png,288132,9B256AB09C86208C25F458B120730B2AA7D70D2761BBBF3E6332821E057AF431,827,1170,RGB
5452,page-5452.png,282854,79664A1BC73EA5F9DE35EA4967C569EC7A9036BF17851E4BABA5ECB8CF4C0029,827,1170,RGB
5453,page-5453.png,295889,D02F216247D7A7864C8E91360162B9DC46ED3198D27E48DEB36D461B70EABB89,827,1170,RGB
5454,page-5454.png,275014,7A86DF8F5C2552D81A5E74D79FB8394E42BCF692D584CB7D9963E6B56C2F7985,827,1170,RGB
5455,page-5455.png,255867,C2CCA9A57D2024F6166F9C92C7D7652853C778EF7A5706AE1EF3ABEF4E4589DE,827,1170,RGB
5456,page-5456.png,245262,5A0EF6501DF3F9D015E5711C941CA9D7649F6D54AC7A878D00256DB50AED1577,827,1170,RGB
5457,page-5457.png,288789,FC7CAD29A0F67A5CFEE42295E946FF3B6877D0B64136EDBA8F58E8BAEBA8F163,827,1170,RGB
5458,page-5458.png,234979,658445236C66A4FFEA13572F69D8B4B15F1273967F20D69B2C6784D322E35AE2,827,1170,RGB
5459,page-5459.png,235609,D68EA87DFC1498105E2CC65DA1E175BB09B3FD309D7061757665C0F99362B1AC,827,1170,RGB
5460,page-5460.png,250695,F88FEC3972CEB677A8DCA28514D84CA09F2BA5A1CBFC07445B8F6FF0C833AB4C,827,1170,RGB
5461,page-5461.png,276684,7AC794374281C5A57E3BF3CD4B637DB01995C549463F1322A9064E07FCF45317,827,1170,RGB
5462,page-5462.png,79607,596CED64B1CABB5036334C26BC07E46B1CAB4336889222052266BE95324E0F84,827,1170,RGB
5463,page-5463.png,296092,C1CECB0BD53A137646E059489EFB6B84D26BCC9C1AB818C12FDB1CFE05D2EAC3,827,1170,RGB
5464,page-5464.png,475237,14D70344C7D2DC25FE1E0B452D266D5DCB98F84EAA570003C42EC1AEE68F553D,827,1170,RGB
5465,page-5465.png,383629,76C1510B041E5878E036AA6CA516FC29F375B5A0B3534F4551264A234B7FABC6,827,1170,RGB
5466,page-5466.png,424975,70F72D3FBFAE49E0AF79FAD29BBD7A6B2779FD2CDB0FEFA4D54D47AAF5859430,827,1170,RGB
5467,page-5467.png,266949,BCC55D28F6899EEB462D3CE2C816F6F88C97EFE276B4FF6CC66F15CD4D557CB2,827,1170,RGB
5468,page-5468.png,223725,323745F32525C6182649904AA225FD514E38965DC4C379F8B5C787C73A3ADCF0,827,1170,RGB
5469,page-5469.png,254286,4E689AEDE76E123EC537E35DBAA2CECDB98100E17AA88024DF312B36DCD9DE12,827,1170,RGB
5470,page-5470.png,279632,B124B8CE4726667F663570BE60E1E3C98E66BD20F886468C4C0E01545C64F074,827,1170,RGB
5471,page-5471.png,277442,C29F709797700315E283B8ADD32CC4790351C91FBD92422EBA8E6C63D49AF845,827,1170,RGB
5472,page-5472.png,299788,3B0E7874A5983850135873D1D1ED8E4FAC4FC3AE2E196F3D87A3EA3EC1A7C24C,827,1170,RGB
5473,page-5473.png,294317,4FDAC1514346BC1259A902F03A3A19884D5ACF75BFB3A9FD3A92BDA4211DA0EA,827,1170,RGB
5474,page-5474.png,283555,ACF80608826A16C9EC8717CC1477368EC5E63198416DF68997D397CB335181FD,827,1170,RGB
5475,page-5475.png,274076,D429312FF0C53F55DA4F1CBE47526C89F636FEB40A1DF3577E30924E994CD8D7,827,1170,RGB
5476,page-5476.png,320850,EF3811B55C81807E387F0E27D6B70C741F1E64DC6D14F2DF008CF8792E11D6DC,827,1170,RGB
5477,page-5477.png,260743,E8E4E3C5E0A8C5452C094CD278B28C50BADBB64BE3D30249A0622C473F3EA02C,827,1170,RGB
5478,page-5478.png,274506,13144BC8B46602536EFE4D951A1828AF40D4F15093339B548AA23D3DB8482A0B,827,1170,RGB
5479,page-5479.png,284142,FC90AFAD08404D20DC893BEDB74BF36322CBE243556C251C2483321439FA1255,827,1170,RGB
5480,page-5480.png,267912,94F69DE4ECF140BEF1D9410389ED52163E518CA086C304A6FEE9B7E55B62F50C,827,1170,RGB
5481,page-5481.png,268388,0B7A09EDBB3A431F828CABAA7384589FD0CF3EEA00CB0C0B294720EF9ED5C853,827,1170,RGB
5482,page-5482.png,302965,E79B661D92172BF8C7789065A8346B199AA1C0AB7A081DE1531F8B8B1400DC4A,827,1170,RGB
5483,page-5483.png,265144,128F518F4C4103F5DC51245B416533AE17EA32CED379B3A485B6EEF55360AD4C,827,1170,RGB
5484,page-5484.png,249304,F92641F181DAFFEC8DF8ABA0393600C6423C96AB4D181005262D40700B3FB0A2,827,1170,RGB
5485,page-5485.png,312323,C9E4807BC421F15DE18561865936E4E1F37668DEB0C64D0EF23EE7F4ADAA2F06,827,1170,RGB
5486,page-5486.png,328773,3EF6EB621F0579ED55A21C8C7421D10F357D4455D468C3849148E7486CEB058C,827,1170,RGB
5487,page-5487.png,310368,FC55486A6E730D03B7F44FD10AFF50D9F70FB86E5414CFD54D4140D1CC8CD8BD,827,1170,RGB
5488,page-5488.png,275437,D9F293D70E76693AD3CAAAE006CE4CBAF270F3D61A3200E76253C9D79CB6E6AC,827,1170,RGB
5489,page-5489.png,266174,73696BB4C34C393ADB25465DFFD23BBC350525AD7D3DCEE2C331976846C0A5CC,827,1170,RGB
5490,page-5490.png,274295,92FD9CBD1793E866F89F980848F10EEFACD32CECA837AF1D2D823F1F7E5FF3CC,827,1170,RGB
5491,page-5491.png,247107,41E1331AFCA7042897EC63210F97A8934577F96B6C85F0B81A82F5092B194CFF,827,1170,RGB
5492,page-5492.png,304844,6B879CD83C628531589043135A88917D07841F7C70AF27E715F453CD13CD6334,827,1170,RGB
5493,page-5493.png,315141,53DC85D60F17FA06563F39E90237C2A29FB412A6BEE074020116F11177776F67,827,1170,RGB
5494,page-5494.png,290893,63CA8E7DA3D42790A954DA0B48BDF69887BCCAD201A301A028F544E46CEB874E,827,1170,RGB
5495,page-5495.png,267314,F91A7C9A4B707964D051DA9982D9366494B215BA61930EF77D454DD8D8D0BAB5,827,1170,RGB
5496,page-5496.png,296837,62F17A8BB89F836A067F7210DAF7155825288DA332948C9972A932FB52C9A5F9,827,1170,RGB
5497,page-5497.png,279468,6AFBCCD8414E3254FA4A0305D291D41E3F12EE985B29697E9E18172E54CF29A0,827,1170,RGB
5498,page-5498.png,275758,9B916B0425C627269B5FA8749FB06276A6DA676EC75EC0F8E68B7149283928E0,827,1170,RGB
5499,page-5499.png,272840,2C6663DDE253E48BB9BFA80AE97BD213F46DC7CBCBE83853A1725E278963B97E,827,1170,RGB
5500,page-5500.png,293504,E14E4441F6CB311092253D62891A4FB9FD0A3955DD1C132062932852C518930B,827,1170,RGB
5501,page-5501.png,277573,015FAD3DCB79C044F308B6C75840003DFE77E157502D29E72D5BD23ADF6E1DFD,827,1170,RGB
5502,page-5502.png,347054,03BBB3D6537BBF9BDD5D77EE52279C0EB8736A798102BDB76F755F1AF185340E,827,1170,RGB
5503,page-5503.png,302556,82FA917E81F4ACB884C24FD48533436FAA8BA6FB12C678375C56C03C78D90CC2,827,1170,RGB
5504,page-5504.png,300676,D2406DEE654CD37A316CBC91C9E427001BD78376C163F6123B97610E5652B1C2,827,1170,RGB
5505,page-5505.png,317186,CD8EBAE729746081FA22E303AC5EEB3CE8B645F338E2C14A5360490A98F522B5,827,1170,RGB
5506,page-5506.png,330443,3807FB7EC8F12BFB9A248FEF174B9211B173A26C77D42CB1BDDAD17E0CD7ACC4,827,1170,RGB
5507,page-5507.png,318457,52720D3BA90026FDB302DA7B94763DB8BCA7E77DBF64BE2E7ED8720753DF1210,827,1170,RGB
5508,page-5508.png,345649,4AFF3D122DAB7D3D7D85E3772F3B642951A60A897380891D5951D33F9C2E1F4A,827,1170,RGB
5509,page-5509.png,333203,FA11FDEFB4CF6E69E28A17C8DF30AFFD9B6AE587951B8BA1BCACCE26B807368F,827,1170,RGB
5510,page-5510.png,346644,4B71DC3BA0D6DDBEC2F2EDDE5036B722B081107CE158A2884ECE23A97CCF4F12,827,1170,RGB
5511,page-5511.png,341379,04ECE57B3E718DAB070CF15628BCCA2E7AAD0EF14EE9D6EEA1CE35B0EA0F133D,827,1170,RGB
5512,page-5512.png,323479,60D430EF54C1C370D30CF709FDFAFD0A28DFF2B36C2ADE6751A749EB19037C72,827,1170,RGB
5513,page-5513.png,348884,4D49957F8D0963AA59D4E3AA7869B7F36BE8A4BB9551F1090D3A149B522DF273,827,1170,RGB
5514,page-5514.png,348049,1ABB0806BB28732D6208BEB0DC8282136A2D7A6B04F519DA86AB24F5F061693F,827,1170,RGB
5515,page-5515.png,307100,071A5FC0E9FC2231274E0543B5733780A66A3026D69BB241DB4CE978674FD7A9,827,1170,RGB
5516,page-5516.png,301802,BE8E2033F52D9851009B6272F5FF3ECB1F4368686E5603B138ECA440CBEAB618,827,1170,RGB
5517,page-5517.png,336698,ADBAC5B083C1192A8EFDB92CCD437C718DB17DFCEB816E281925674D3B774F77,827,1170,RGB
5518,page-5518.png,307396,EBA75FFC177BF9F2894460D722322DED6C2F90F40C786615B90826F241C3D4F0,827,1170,RGB
5519,page-5519.png,342734,C13CC2160CEE1BDB62202438DE521603C362368990A79757ED8524E9AF890AAF,827,1170,RGB
5520,page-5520.png,336209,F5BDF05108824262FE4AD3DDF1A8E37D326ED0134B071B8862F9D0D79C2AB1C8,827,1170,RGB
5521,page-5521.png,337886,E8E9419F1284B6571394090500CB7246900143AE88DDBE4BF49145BA175F3384,827,1170,RGB
5522,page-5522.png,309681,262CC625EE53D4E53081CC94D48F7F811E760521404ECC1DBE815510FA60B23B,827,1170,RGB
5523,page-5523.png,338400,D975F62FD13F53FBAD213FBC3E8B60CFFE6A9841A07BE7984EAAB7716E2E1868,827,1170,RGB
5524,page-5524.png,279800,2F3B34008EEA92DD212E09CC057CD391CA50980CCF1836F1978A54983B6784D6,827,1170,RGB
5525,page-5525.png,267699,E13EF63F8226C4A1F1B59F78DB4FF89620FB106B478D410056D7EBDA70B2EC07,827,1170,RGB
5526,page-5526.png,213790,6E97C5C062D1C6F0613699DB46C7B7EC5FF458AD336501411FF82A94646E6AD6,827,1170,RGB
5527,page-5527.png,291581,3DBF5365B22565ADC42537725CC78EC77E8E854338C30590A46D4A3340174241,827,1170,RGB
5528,page-5528.png,245869,855AB0A57D46E006427ECC40B1DDFDDEB18290F53B677F169B74D7D39EE43B99,827,1170,RGB
5529,page-5529.png,258924,8AE7E86483A8CEF7FF1045896CD3BF03EB0B47E1BE833086F04F4A7CBE86F6DA,827,1170,RGB
5530,page-5530.png,245645,9B955C8CCB2C7AE51EF00FB71065A87FBE28C3AE96D8733BD61589B13938F220,827,1170,RGB
5531,page-5531.png,233817,999B46C9E1D6FC0BE1ACF8419DA72599A5810EEF204C9A3BA77146B1360B9E6F,827,1170,RGB
5532,page-5532.png,277103,8B57963EFF8DFAE1CD83651800640E1DDE1F289CAC20B365F86AD70FEC634E19,827,1170,RGB
5533,page-5533.png,310958,8934C06B145F1CFCED03907E9BBA5C43FAED705377B38CE1E8D8E9551E23CD34,827,1170,RGB
5534,page-5534.png,325594,0E93E214AD14BA4734B88F2918A206EE140235D4B357D6A8FCB5F731EAAF3C95,827,1170,RGB
5535,page-5535.png,314691,73529D0A663F757F728C90E722ACD16867567311E977B95F9DB16CDB3D2C9259,827,1170,RGB
5536,page-5536.png,313382,16184C7F4AA63F6AE1FFFB209DB53195056CFB6B97BD31984B2E120540B01C0E,827,1170,RGB
5537,page-5537.png,322185,49FD336826C3CE0AF6E5CF2FF357082A3D818D761E3F13C4FC5ECDC3BA3CB5EF,827,1170,RGB
5538,page-5538.png,326205,D38F33499812FAD6C4FE94B24EC442DE550B6308970DB7497AFE559A0F34252B,827,1170,RGB
5539,page-5539.png,316808,6FA8DB734FFC4C4077413A82268E8436449BC336FA71B3C2D2F896A9F4938CD4,827,1170,RGB
5540,page-5540.png,345117,7C17B0E16F2903E7592D9B0C5AFFA7B5E8251AD8EA99750C2FF7EDA90F9343BE,827,1170,RGB
5541,page-5541.png,319680,CAB295E65B4B9E0F52B313B3FF1301FE345324F92B869A7F059FA2311FAAA40B,827,1170,RGB
5542,page-5542.png,310717,9AA5F9BC6AFACEDB68932DEA4F7C6A639182E3830616B6DC8B891D1400AD5556,827,1170,RGB
5543,page-5543.png,320176,3B0706A1E8A9C79FDB4FAC4A351476A729AD18A326C09E32C97578764DA642AA,827,1170,RGB
5544,page-5544.png,335718,2A24C7A6892823DF2D7B54B67CD4E3282B095A9FDC2514AFB5C5D1DB845DCBCE,827,1170,RGB
5545,page-5545.png,348210,8BC72B4BF60160BBAE0EEBE555EC7323FC9A897B2490F2D6E073ED94EFFFD201,827,1170,RGB
5546,page-5546.png,329516,7C76A0F9165AF011795108A77A16734153EBD13CE44FCB7D850C1D5BCE058201,827,1170,RGB
